invoice_id,customer_id,month,issued_date,due_date,paid_date,status,platform_fee,transaction_fee,fx_fee,amount
INV000001,MER0001,2024-01,2024-02-01,2024-03-02,2024-02-06,paid,1800.00,6401.79,695.37,8897.16
INV000002,MER0002,2024-01,2024-02-01,2024-03-02,2024-02-17,paid,3600.00,5079.84,551.78,9231.62
INV000003,MER0003,2024-01,2024-02-01,2024-03-02,2024-02-28,paid,1800.00,5750.72,624.65,8175.37
INV000004,MER0004,2024-01,2024-02-01,2024-03-02,2024-02-20,paid,3600.00,5993.32,651.00,10244.32
INV000005,MER0005,2024-01,2024-02-01,2024-03-02,2024-02-04,paid,7200.00,28359.97,3080.48,38640.45
INV000006,MER0006,2024-01,2024-02-01,2024-03-02,2024-04-05,paid,1800.00,992.70,107.83,2900.53
INV000007,MER0007,2024-01,2024-02-01,2024-03-02,2024-02-12,paid,7200.00,15566.29,1690.82,24457.11
INV000008,MER0008,2024-01,2024-02-01,2024-03-02,2024-02-14,paid,1800.00,1799.73,195.49,3795.22
INV000009,MER0009,2024-01,2024-02-01,2024-03-02,2024-02-22,paid,3600.00,2896.40,314.61,6811.01
INV000010,MER0010,2024-01,2024-02-01,2024-03-02,2024-02-04,paid,3600.00,7775.72,844.60,12220.32
INV000011,MER0011,2024-01,2024-02-01,2024-03-02,2024-02-04,paid,3600.00,6230.97,676.81,10507.78
INV000012,MER0012,2024-01,2024-02-01,2024-03-02,2024-02-10,paid,3600.00,9379.88,1018.85,13998.73
INV000013,MER0013,2024-01,2024-02-01,2024-03-02,2024-02-13,paid,7200.00,47332.62,5141.30,59673.92
INV000014,MER0014,2024-01,2024-02-01,2024-03-02,2024-02-29,paid,3600.00,18284.45,1986.07,23870.52
INV000015,MER0015,2024-01,2024-02-01,2024-03-02,2024-02-29,paid,1800.00,2200.77,239.05,4239.82
INV000016,MER0016,2024-01,2024-02-01,2024-03-02,2024-03-01,paid,3600.00,2331.97,253.30,6185.27
INV000017,MER0017,2024-01,2024-02-01,2024-03-02,2024-02-10,paid,1800.00,1777.45,193.07,3770.52
INV000018,MER0018,2024-01,2024-02-01,2024-03-02,2024-03-22,paid,3600.00,7708.88,837.34,12146.22
INV000019,MER0019,2024-01,2024-02-01,2024-03-02,2024-04-04,paid,3600.00,9580.40,1040.63,14221.03
INV000020,MER0020,2024-01,2024-02-01,2024-03-02,2024-02-17,paid,1800.00,4616.91,501.49,6918.40
INV000021,MER0021,2024-01,2024-02-01,2024-03-02,2024-02-29,paid,3600.00,10709.25,1163.25,15472.50
INV000022,MER0022,2024-01,2024-02-01,2024-03-02,2024-02-19,paid,7200.00,24379.27,2648.09,34227.36
INV000023,MER0023,2024-01,2024-02-01,2024-03-02,2024-02-14,paid,3600.00,11125.15,1208.42,15933.57
INV000024,MER0024,2024-01,2024-02-01,2024-03-02,2024-02-14,paid,1800.00,1688.33,183.39,3671.72
INV000025,MER0025,2024-01,2024-02-01,2024-03-02,2024-03-12,paid,1800.00,2755.29,299.28,4854.57
INV000026,MER0026,2024-01,2024-02-01,2024-03-02,2024-02-17,paid,3600.00,6178.99,671.17,10450.16
INV000027,MER0027,2024-01,2024-02-01,2024-03-02,2024-02-23,paid,7200.00,38044.34,4132.40,49376.74
INV000028,MER0028,2024-01,2024-02-01,2024-03-02,2024-02-25,paid,1800.00,3436.07,373.23,5609.30
INV000029,MER0029,2024-01,2024-02-01,2024-03-02,2024-02-06,paid,3600.00,5599.71,608.24,9807.95
INV000030,MER0030,2024-01,2024-02-01,2024-03-02,2024-02-05,paid,1800.00,1787.35,194.14,3781.49
INV000031,MER0031,2024-01,2024-02-01,2024-03-02,2024-02-07,paid,1800.00,1933.41,210.01,3943.42
INV000032,MER0032,2024-01,2024-02-01,2024-03-02,2024-04-15,paid,3600.00,2792.43,303.32,6695.75
INV000033,MER0033,2024-01,2024-02-01,2024-03-02,2024-02-22,paid,3600.00,9587.83,1041.44,14229.27
INV000034,MER0034,2024-01,2024-02-01,2024-03-02,2024-02-10,paid,1800.00,3431.12,372.69,5603.81
INV000035,MER0035,2024-01,2024-02-01,2024-03-02,2024-02-10,paid,7200.00,15863.36,1723.09,24786.45
INV000036,MER0036,2024-01,2024-02-01,2024-03-02,2024-02-07,paid,1800.00,7505.88,815.29,10121.17
INV000037,MER0037,2024-01,2024-02-01,2024-03-02,2024-03-25,paid,3600.00,3000.37,325.90,6926.27
INV000038,MER0038,2024-01,2024-02-01,2024-03-02,2024-02-07,paid,1800.00,6124.52,665.25,8589.77
INV000039,MER0039,2024-01,2024-02-01,2024-03-02,2024-02-05,paid,7200.00,20596.62,2237.22,30033.84
INV000040,MER0040,2024-01,2024-02-01,2024-03-02,,open,3600.00,10122.55,1099.52,14822.07
INV000041,MER0041,2024-01,2024-02-01,2024-03-02,2024-04-07,paid,3600.00,8882.29,964.80,13447.09
INV000042,MER0042,2024-01,2024-02-01,2024-03-02,2024-02-18,paid,3600.00,19858.91,2157.09,25616.00
INV000043,MER0043,2024-01,2024-02-01,2024-03-02,2024-02-29,paid,1800.00,2534.97,275.35,4610.32
INV000044,MER0044,2024-01,2024-02-01,2024-03-02,2024-02-19,paid,1800.00,1057.06,114.82,2971.88
INV000045,MER0045,2024-01,2024-02-01,2024-03-02,2024-02-28,paid,3600.00,6216.12,675.20,10491.32
INV000046,MER0046,2024-01,2024-02-01,2024-03-02,2024-02-06,paid,1800.00,2527.54,274.54,4602.08
INV000047,MER0047,2024-01,2024-02-01,2024-03-02,2024-02-21,paid,3600.00,4797.63,521.12,8918.75
INV000048,MER0048,2024-01,2024-02-01,2024-03-02,2024-02-18,paid,1800.00,2671.12,290.14,4761.26
INV000049,MER0049,2024-01,2024-02-01,2024-03-02,2024-02-26,paid,1800.00,760.00,82.55,2642.55
INV000050,MER0050,2024-01,2024-02-01,2024-03-02,2024-02-16,paid,3600.00,5414.04,588.08,9602.12
INV000051,MER0051,2024-01,2024-02-01,2024-03-02,2024-04-12,paid,3600.00,4292.61,466.27,8358.88
INV000052,MER0052,2024-01,2024-02-01,2024-03-02,2024-03-28,paid,1800.00,542.15,58.89,2401.04
INV000053,MER0053,2024-01,2024-02-01,2024-03-02,2024-02-21,paid,1800.00,5367.00,582.97,7749.97
INV000054,MER0054,2024-01,2024-02-01,2024-03-02,2024-02-23,paid,3600.00,7062.76,767.16,11429.92
INV000055,MER0055,2024-01,2024-02-01,2024-03-02,2024-03-27,paid,7200.00,7248.43,787.33,15235.76
INV000056,MER0056,2024-01,2024-02-01,2024-03-02,2024-02-06,paid,1800.00,5966.09,648.04,8414.13
INV000057,MER0057,2024-01,2024-02-01,2024-03-02,2024-03-24,paid,1800.00,3366.76,365.70,5532.46
INV000058,MER0058,2024-01,2024-02-01,2024-03-02,2024-02-27,paid,1800.00,5319.97,577.86,7697.83
INV000059,MER0059,2024-01,2024-02-01,2024-03-02,2024-02-04,paid,3600.00,4515.41,490.47,8605.88
INV000060,MER0060,2024-01,2024-02-01,2024-03-02,2024-02-04,paid,7200.00,23785.14,2583.56,33568.70
INV000061,MER0061,2024-01,2024-02-01,2024-03-02,2024-02-07,paid,1800.00,2945.91,319.99,5065.90
INV000062,MER0062,2024-01,2024-02-01,2024-03-02,2024-02-18,paid,3600.00,7946.53,863.16,12409.69
INV000063,MER0063,2024-01,2024-02-01,2024-03-02,2024-02-05,paid,3600.00,9119.95,990.61,13710.56
INV000064,MER0064,2024-01,2024-02-01,2024-03-02,2024-02-25,paid,1800.00,1163.51,126.38,3089.89
INV000065,MER0065,2024-01,2024-02-01,2024-03-02,2024-02-28,paid,3600.00,10649.84,1156.79,15406.63
INV000066,MER0066,2024-01,2024-02-01,2024-03-02,2024-02-05,paid,1800.00,5505.64,598.03,7903.67
INV000067,MER0067,2024-01,2024-02-01,2024-03-02,2024-02-14,paid,7200.00,15942.58,1731.69,24874.27
INV000068,MER0068,2024-01,2024-02-01,2024-03-02,,open,3600.00,11986.64,1302.00,16888.64
INV000069,MER0069,2024-01,2024-02-01,2024-03-02,2024-02-23,paid,1800.00,2772.62,301.16,4873.78
INV000070,MER0070,2024-01,2024-02-01,2024-03-02,2024-02-24,paid,1800.00,802.08,87.12,2689.20
INV000071,MER0071,2024-01,2024-02-01,2024-03-02,2024-03-09,paid,7200.00,15764.34,1712.33,24676.67
INV000072,MER0072,2024-01,2024-02-01,2024-03-02,,open,3600.00,5948.76,646.16,10194.92
INV000073,MER0073,2024-01,2024-02-01,2024-03-02,2024-02-06,paid,1800.00,2772.62,301.16,4873.78
INV000074,MER0074,2024-01,2024-02-01,2024-03-02,2024-02-27,paid,7200.00,13803.70,1499.37,22503.07
INV000075,MER0075,2024-01,2024-02-01,2024-03-02,2024-02-23,paid,3600.00,8139.63,884.13,12623.76
INV000076,MER0076,2024-01,2024-02-01,2024-03-02,2024-02-10,paid,1800.00,2933.53,318.64,5052.17
INV000077,MER0077,2024-01,2024-02-01,2024-03-02,2024-02-26,paid,1800.00,3703.43,402.27,5905.70
INV000078,MER0078,2024-01,2024-02-01,2024-03-02,2024-02-27,paid,3600.00,2985.52,324.29,6909.81
INV000079,MER0079,2024-01,2024-02-01,2024-03-02,2024-02-10,paid,7200.00,48342.65,5251.01,60793.66
INV000080,MER0080,2024-01,2024-02-01,2024-03-02,2024-02-29,paid,7200.00,13605.65,1477.86,22283.51
INV000081,MER0081,2024-01,2024-02-01,2024-03-02,2024-02-26,paid,3600.00,8199.04,890.59,12689.63
INV000082,MER0082,2024-01,2024-02-01,2024-03-02,2024-04-04,paid,3600.00,6981.07,758.29,11339.36
INV000083,MER0083,2024-01,2024-02-01,2024-03-02,2024-03-12,paid,3600.00,4857.04,527.57,8984.61
INV000084,MER0084,2024-01,2024-02-01,2024-03-02,2024-02-29,paid,3600.00,22807.29,2477.34,28884.63
INV000085,MER0085,2024-01,2024-02-01,2024-03-02,2024-02-13,paid,1800.00,1151.13,125.04,3076.17
INV000086,MER0086,2024-01,2024-02-01,2024-03-02,2024-03-26,paid,1800.00,2091.84,227.22,4119.06
INV000087,MER0087,2024-01,2024-02-01,2024-03-02,2024-02-14,paid,7200.00,16794.17,1824.19,25818.36
INV000088,MER0088,2024-01,2024-02-01,2024-03-02,2024-02-04,paid,1800.00,1831.91,198.98,3830.89
INV000089,MER0089,2024-01,2024-02-01,2024-03-02,,open,1800.00,3247.93,352.79,5400.72
INV000090,MER0090,2024-01,2024-02-01,2024-03-02,2024-03-22,paid,1800.00,4191.12,455.24,6446.36
INV000091,MER0091,2024-01,2024-02-01,2024-03-02,2024-02-09,paid,1800.00,5966.09,648.04,8414.13
INV000092,MER0092,2024-01,2024-02-01,2024-03-02,2024-02-07,paid,1800.00,2921.16,317.30,5038.46
INV000093,MER0093,2024-01,2024-02-01,2024-03-02,2024-03-13,paid,3600.00,3631.64,394.47,7626.11
INV000094,MER0094,2024-01,2024-02-01,2024-03-02,2024-03-12,paid,3600.00,17378.40,1887.65,22866.05
INV000095,MER0095,2024-01,2024-02-01,2024-03-02,2024-02-29,paid,1800.00,2881.55,313.00,4994.55
INV000096,MER0096,2024-01,2024-02-01,2024-03-02,2024-03-09,paid,1800.00,5728.44,622.23,8150.67
INV000097,MER0097,2024-01,2024-02-01,2024-03-02,2024-02-28,paid,1800.00,1237.78,134.45,3172.23
INV000098,MER0098,2024-01,2024-02-01,2024-03-02,2024-02-20,paid,7200.00,44579.81,4842.29,56622.10
INV000099,MER0099,2024-01,2024-02-01,2024-03-02,2024-02-14,paid,3600.00,4507.99,489.66,8597.65
INV000100,MER0100,2024-01,2024-02-01,2024-03-02,2024-02-18,paid,1800.00,1554.65,168.87,3523.52
INV000101,MER0101,2024-01,2024-02-01,2024-03-02,2024-02-24,paid,3600.00,14831.05,1610.96,20042.01
INV000102,MER0102,2024-01,2024-02-01,2024-03-02,2024-02-08,paid,3600.00,6082.44,660.68,10343.12
INV000103,MER0103,2024-01,2024-02-01,2024-03-02,,open,1800.00,7211.29,783.30,9794.59
INV000104,MER0104,2024-01,2024-02-01,2024-03-02,2024-02-27,paid,7200.00,33548.73,3644.09,44392.82
INV000105,MER0105,2024-01,2024-02-01,2024-03-02,2024-02-17,paid,3600.00,10575.57,1148.73,15324.30
INV000106,MER0106,2024-01,2024-02-01,2024-03-02,2024-02-05,paid,1800.00,1210.55,131.49,3142.04
INV000107,MER0107,2024-01,2024-02-01,2024-03-02,2024-02-09,paid,1800.00,2210.67,240.12,4250.79
INV000108,MER0108,2024-01,2024-02-01,2024-03-02,2024-02-15,paid,3600.00,13776.47,1496.41,18872.88
INV000109,MER0109,2024-01,2024-02-01,2024-03-02,2024-02-19,paid,1800.00,2309.69,250.88,4360.57
INV000110,MER0110,2024-01,2024-02-01,2024-03-02,2024-03-24,paid,1800.00,4978.34,540.75,7319.09
INV000111,MER0111,2024-01,2024-02-01,2024-03-02,2024-02-13,paid,1800.00,1468.00,159.46,3427.46
INV000112,MER0112,2024-01,2024-02-01,2024-03-02,2024-02-05,paid,7200.00,19269.72,2093.09,28562.81
INV000113,MER0113,2024-01,2024-02-01,2024-03-02,2024-02-04,paid,1800.00,2324.55,252.49,4377.04
INV000114,MER0114,2024-01,2024-02-01,2024-03-02,2024-02-24,paid,3600.00,6869.67,746.19,11215.86
INV000115,MER0115,2024-01,2024-02-01,2024-03-02,2024-03-14,paid,7200.00,24656.53,2678.21,34534.74
INV000116,MER0116,2024-01,2024-02-01,2024-03-02,2024-02-06,paid,3600.00,6750.84,733.28,11084.12
INV000117,MER0117,2024-01,2024-02-01,2024-03-02,2024-02-08,paid,7200.00,35984.68,3908.68,47093.36
INV000118,MER0118,2024-01,2024-02-01,2024-03-02,2024-02-14,paid,7200.00,11387.56,1236.92,19824.48
INV000119,MER0119,2024-01,2024-02-01,2024-03-02,2024-02-14,paid,1800.00,3257.83,353.87,5411.70
INV000120,MER0120,2024-01,2024-02-01,2024-03-02,2024-04-08,paid,1800.00,1245.20,135.25,3180.45
INV000121,MER0121,2024-01,2024-02-01,2024-03-02,2024-02-07,paid,1800.00,1549.70,168.33,3518.03
INV000122,MER0122,2024-01,2024-02-01,2024-03-02,2024-02-17,paid,3600.00,2643.89,287.18,6531.07
INV000123,MER0123,2024-01,2024-02-01,2024-03-02,2024-02-23,paid,1800.00,2861.74,310.84,4972.58
INV000124,MER0124,2024-01,2024-02-01,2024-03-02,2024-02-05,paid,3600.00,8050.51,874.45,12524.96
INV000125,MER0125,2024-01,2024-02-01,2024-03-02,2024-02-29,paid,3600.00,14006.69,1521.42,19128.11
INV000126,MER0126,2024-01,2024-02-01,2024-03-02,2024-02-27,paid,1800.00,1450.68,157.57,3408.25
INV000127,MER0127,2024-01,2024-02-01,2024-03-02,2024-02-25,paid,3600.00,5711.11,620.34,9931.45
INV000128,MER0128,2024-01,2024-02-01,2024-03-02,2024-04-05,paid,3600.00,2294.84,249.27,6144.11
INV000129,MER0129,2024-01,2024-02-01,2024-03-02,2024-02-13,paid,1800.00,1839.34,199.79,3839.13
INV000130,MER0130,2024-01,2024-02-01,2024-03-02,2024-02-23,paid,3600.00,4879.32,529.99,9009.31
INV000131,MER0131,2024-01,2024-02-01,2024-03-02,2024-02-12,paid,7200.00,30617.67,3325.71,41143.38
INV000132,MER0132,2024-01,2024-02-01,2024-03-02,2024-03-20,paid,1800.00,1975.49,214.58,3990.07
INV000133,MER0133,2024-01,2024-02-01,2024-03-02,2024-02-09,paid,1800.00,1321.95,143.59,3265.54
INV000134,MER0134,2024-01,2024-02-01,2024-03-02,2024-02-26,paid,7200.00,12476.80,1355.24,21032.04
INV000135,MER0135,2024-01,2024-02-01,2024-03-02,2024-02-08,paid,1800.00,1923.51,208.93,3932.44
INV000136,MER0136,2024-01,2024-02-01,2024-03-02,2024-02-10,paid,1800.00,2027.48,220.23,4047.71
INV000137,MER0137,2024-01,2024-02-01,2024-03-02,2024-02-08,paid,1800.00,1487.81,161.61,3449.42
INV000138,MER0138,2024-01,2024-02-01,2024-03-02,2024-02-05,paid,3600.00,7003.35,760.71,11364.06
INV000139,MER0139,2024-01,2024-02-01,2024-03-02,2024-02-05,paid,1800.00,1831.91,198.98,3830.89
INV000140,MER0140,2024-01,2024-02-01,2024-03-02,2024-02-19,paid,1800.00,5399.19,586.46,7785.65
INV000141,MER0141,2024-01,2024-02-01,2024-03-02,2024-02-21,paid,7200.00,7208.82,783.03,15191.85
INV000142,MER0142,2024-01,2024-02-01,2024-03-02,2024-03-11,paid,3600.00,6461.20,701.82,10763.02
INV000143,MER0143,2024-01,2024-02-01,2024-03-02,2024-02-17,paid,1800.00,4082.19,443.41,6325.60
INV000144,MER0144,2024-01,2024-02-01,2024-03-02,,open,1800.00,883.77,96.00,2779.77
INV000145,MER0001,2024-02,2024-03-01,2024-03-31,2024-03-21,paid,1800.00,6667.77,724.26,9192.03
INV000146,MER0002,2024-02,2024-03-01,2024-03-31,2024-03-15,paid,3600.00,5290.90,574.70,9465.60
INV000147,MER0003,2024-02,2024-03-01,2024-03-31,,open,1800.00,5989.65,650.60,8440.25
INV000148,MER0004,2024-02,2024-03-01,2024-03-31,2024-03-14,paid,3600.00,6242.34,678.05,10520.39
INV000149,MER0005,2024-02,2024-03-01,2024-03-31,2024-03-07,paid,7200.00,29538.29,3208.47,39946.76
INV000150,MER0006,2024-02,2024-03-01,2024-03-31,2024-03-29,paid,1800.00,1033.94,112.31,2946.25
INV000151,MER0007,2024-02,2024-03-01,2024-03-31,2024-03-09,paid,7200.00,16213.06,1761.07,25174.13
INV000152,MER0008,2024-02,2024-03-01,2024-03-31,2024-03-19,paid,1800.00,1874.51,203.61,3878.12
INV000153,MER0009,2024-02,2024-03-01,2024-03-31,2024-03-14,paid,3600.00,3016.74,327.68,6944.42
INV000154,MER0010,2024-02,2024-03-01,2024-03-31,2024-03-16,paid,3600.00,8098.79,879.70,12578.49
INV000155,MER0011,2024-02,2024-03-01,2024-03-31,2024-03-16,paid,3600.00,6489.86,704.93,10794.79
INV000156,MER0012,2024-02,2024-03-01,2024-03-31,2024-03-25,paid,3600.00,9769.61,1061.18,14430.79
INV000157,MER0013,2024-02,2024-03-01,2024-03-31,2024-03-16,paid,7200.00,49299.25,5354.92,61854.17
INV000158,MER0014,2024-02,2024-03-01,2024-03-31,2024-03-04,paid,3600.00,19044.15,2068.59,24712.74
INV000159,MER0015,2024-02,2024-03-01,2024-03-31,2024-03-17,paid,1800.00,2292.21,248.98,4341.19
INV000160,MER0016,2024-02,2024-03-01,2024-03-31,2024-04-03,paid,3600.00,2428.86,263.83,6292.69
INV000161,MER0017,2024-02,2024-03-01,2024-03-31,2024-03-04,paid,1800.00,1851.30,201.09,3852.39
INV000162,MER0018,2024-02,2024-03-01,2024-03-31,2024-03-26,paid,3600.00,8029.18,872.14,12501.32
INV000163,MER0019,2024-02,2024-03-01,2024-03-31,2024-03-16,paid,3600.00,9978.46,1083.87,14662.33
INV000164,MER0020,2024-02,2024-03-01,2024-03-31,2024-03-14,paid,1800.00,4808.74,522.33,7131.07
INV000165,MER0021,2024-02,2024-03-01,2024-03-31,2024-03-17,paid,3600.00,11154.21,1211.58,15965.79
INV000166,MER0022,2024-02,2024-03-01,2024-03-31,2024-03-08,paid,7200.00,25392.21,2758.12,35350.33
INV000167,MER0023,2024-02,2024-03-01,2024-03-31,2024-04-04,paid,3600.00,11587.39,1258.63,16446.02
INV000168,MER0024,2024-02,2024-03-01,2024-03-31,2024-03-12,paid,1800.00,1758.48,191.01,3749.49
INV000169,MER0025,2024-02,2024-03-01,2024-03-31,2024-04-23,paid,1800.00,2869.77,311.72,4981.49
INV000170,MER0026,2024-02,2024-03-01,2024-03-31,2024-04-22,paid,3600.00,6435.72,699.05,10734.77
INV000171,MER0027,2024-02,2024-03-01,2024-03-31,2024-03-23,paid,7200.00,39625.04,4304.10,51129.14
INV000172,MER0028,2024-02,2024-03-01,2024-03-31,2024-03-29,paid,1800.00,3578.84,388.74,5767.58
INV000173,MER0029,2024-02,2024-03-01,2024-03-31,2024-03-20,paid,3600.00,5832.37,633.52,10065.89
INV000174,MER0030,2024-02,2024-03-01,2024-03-31,2024-03-06,paid,1800.00,1861.61,202.21,3863.82
INV000175,MER0031,2024-02,2024-03-01,2024-03-31,2024-03-11,paid,1800.00,2013.74,218.73,4032.47
INV000176,MER0032,2024-02,2024-03-01,2024-03-31,,open,3600.00,2908.45,315.92,6824.37
INV000177,MER0033,2024-02,2024-03-01,2024-03-31,2024-04-25,paid,3600.00,9986.19,1084.71,14670.90
INV000178,MER0034,2024-02,2024-03-01,2024-03-31,2024-03-10,paid,1800.00,3573.68,388.18,5761.86
INV000179,MER0035,2024-02,2024-03-01,2024-03-31,2024-03-26,paid,7200.00,16522.47,1794.68,25517.15
INV000180,MER0036,2024-02,2024-03-01,2024-03-31,2024-03-25,paid,1800.00,7817.75,849.17,10466.92
INV000181,MER0037,2024-02,2024-03-01,2024-03-31,2024-03-20,paid,3600.00,3125.04,339.44,7064.48
INV000182,MER0038,2024-02,2024-03-01,2024-03-31,2024-05-12,paid,1800.00,6378.99,692.89,8871.88
INV000183,MER0039,2024-02,2024-03-01,2024-03-31,2024-04-12,paid,7200.00,21452.39,2330.17,30982.56
INV000184,MER0040,2024-02,2024-03-01,2024-03-31,,open,3600.00,10543.13,1145.20,15288.33
INV000185,MER0041,2024-02,2024-03-01,2024-03-31,,open,3600.00,9251.34,1004.89,13856.23
INV000186,MER0042,2024-02,2024-03-01,2024-03-31,2024-04-09,paid,3600.00,20684.03,2246.71,26530.74
INV000187,MER0043,2024-02,2024-03-01,2024-03-31,,open,1800.00,2640.29,286.79,4727.08
INV000188,MER0044,2024-02,2024-03-01,2024-03-31,2024-03-15,paid,1800.00,1100.98,119.59,3020.57
INV000189,MER0045,2024-02,2024-03-01,2024-03-31,2024-03-26,paid,3600.00,6474.39,703.25,10777.64
INV000190,MER0046,2024-02,2024-03-01,2024-03-31,2024-04-03,paid,1800.00,2632.56,285.95,4718.51
INV000191,MER0047,2024-02,2024-03-01,2024-03-31,2024-03-16,paid,3600.00,4996.96,542.77,9139.73
INV000192,MER0048,2024-02,2024-03-01,2024-03-31,2024-04-08,paid,1800.00,2782.11,302.19,4884.30
INV000193,MER0049,2024-02,2024-03-01,2024-03-31,2024-03-08,paid,1800.00,791.57,85.98,2677.55
INV000194,MER0050,2024-02,2024-03-01,2024-03-31,,open,3600.00,5638.99,612.51,9851.50
INV000195,MER0051,2024-02,2024-03-01,2024-03-31,2024-03-30,paid,3600.00,4470.97,485.64,8556.61
INV000196,MER0052,2024-02,2024-03-01,2024-03-31,2024-03-20,paid,1800.00,564.67,61.34,2426.01
INV000197,MER0053,2024-02,2024-03-01,2024-03-31,2024-03-19,paid,1800.00,5590.00,607.19,7997.19
INV000198,MER0054,2024-02,2024-03-01,2024-03-31,2024-05-01,paid,3600.00,7356.21,799.04,11755.25
INV000199,MER0055,2024-02,2024-03-01,2024-03-31,2024-04-18,paid,7200.00,7549.59,820.04,15569.63
INV000200,MER0056,2024-02,2024-03-01,2024-03-31,2024-03-07,paid,1800.00,6213.97,674.97,8688.94
INV000201,MER0057,2024-02,2024-03-01,2024-03-31,,open,1800.00,3506.64,380.89,5687.53
INV000202,MER0058,2024-02,2024-03-01,2024-03-31,2024-03-06,paid,1800.00,5541.01,601.87,7942.88
INV000203,MER0059,2024-02,2024-03-01,2024-03-31,2024-03-23,paid,3600.00,4703.02,510.85,8813.87
INV000204,MER0060,2024-02,2024-03-01,2024-03-31,2024-03-26,paid,7200.00,24773.39,2690.90,34664.29
INV000205,MER0061,2024-02,2024-03-01,2024-03-31,2024-03-24,paid,1800.00,3068.31,333.28,5201.59
INV000206,MER0062,2024-02,2024-03-01,2024-03-31,2024-04-13,paid,3600.00,8276.70,899.02,12775.72
INV000207,MER0063,2024-02,2024-03-01,2024-03-31,2024-03-26,paid,3600.00,9498.87,1031.77,14130.64
INV000208,MER0064,2024-02,2024-03-01,2024-03-31,2024-03-12,paid,1800.00,1211.85,131.63,3143.48
INV000209,MER0065,2024-02,2024-03-01,2024-03-31,2024-03-04,paid,3600.00,11092.33,1204.86,15897.19
INV000210,MER0066,2024-02,2024-03-01,2024-03-31,2024-03-20,paid,1800.00,5734.39,622.87,8157.26
INV000211,MER0067,2024-02,2024-03-01,2024-03-31,2024-03-09,paid,7200.00,16604.98,1803.64,25608.62
INV000212,MER0068,2024-02,2024-03-01,2024-03-31,2024-03-09,paid,3600.00,12484.67,1356.09,17440.76
INV000213,MER0069,2024-02,2024-03-01,2024-03-31,2024-03-28,paid,1800.00,2887.82,313.68,5001.50
INV000214,MER0070,2024-02,2024-03-01,2024-03-31,2024-05-07,paid,1800.00,835.41,90.74,2726.15
INV000215,MER0071,2024-02,2024-03-01,2024-03-31,2024-03-17,paid,7200.00,16419.33,1783.48,25402.81
INV000216,MER0072,2024-02,2024-03-01,2024-03-31,2024-03-21,paid,3600.00,6195.93,673.01,10468.94
INV000217,MER0073,2024-02,2024-03-01,2024-03-31,2024-03-20,paid,1800.00,2887.82,313.68,5001.50
INV000218,MER0074,2024-02,2024-03-01,2024-03-31,2024-03-18,paid,7200.00,14377.23,1561.66,23138.89
INV000219,MER0075,2024-02,2024-03-01,2024-03-31,2024-03-28,paid,3600.00,8477.82,920.87,12998.69
INV000220,MER0076,2024-02,2024-03-01,2024-03-31,2024-03-06,paid,1800.00,3055.42,331.88,5187.30
INV000221,MER0077,2024-02,2024-03-01,2024-03-31,2024-03-20,paid,1800.00,3857.31,418.98,6076.29
INV000222,MER0078,2024-02,2024-03-01,2024-03-31,2024-03-12,paid,3600.00,3109.57,337.76,7047.33
INV000223,MER0079,2024-02,2024-03-01,2024-03-31,2024-04-20,paid,7200.00,50351.24,5469.19,63020.43
INV000224,MER0080,2024-02,2024-03-01,2024-03-31,2024-03-30,paid,7200.00,14170.96,1539.26,22910.22
INV000225,MER0081,2024-02,2024-03-01,2024-03-31,2024-03-07,paid,3600.00,8539.70,927.59,13067.29
INV000226,MER0082,2024-02,2024-03-01,2024-03-31,2024-03-14,paid,3600.00,7271.12,789.79,11660.91
INV000227,MER0083,2024-02,2024-03-01,2024-03-31,2024-04-29,paid,3600.00,5058.85,549.50,9208.35
INV000228,MER0084,2024-02,2024-03-01,2024-03-31,2024-05-02,paid,3600.00,23754.91,2580.28,29935.19
INV000229,MER0085,2024-02,2024-03-01,2024-03-31,2024-03-12,paid,1800.00,1198.96,130.23,3129.19
INV000230,MER0086,2024-02,2024-03-01,2024-03-31,2024-03-11,paid,1800.00,2178.76,236.66,4215.42
INV000231,MER0087,2024-02,2024-03-01,2024-03-31,2024-03-07,paid,7200.00,17491.95,1899.99,26591.94
INV000232,MER0088,2024-02,2024-03-01,2024-03-31,2024-03-19,paid,1800.00,1908.03,207.25,3915.28
INV000233,MER0089,2024-02,2024-03-01,2024-03-31,2024-03-14,paid,1800.00,3382.88,367.45,5550.33
INV000234,MER0090,2024-02,2024-03-01,2024-03-31,2024-04-15,paid,1800.00,4365.25,474.16,6639.41
INV000235,MER0091,2024-02,2024-03-01,2024-03-31,2024-03-19,paid,1800.00,6213.97,674.97,8688.94
INV000236,MER0092,2024-02,2024-03-01,2024-03-31,2024-03-24,paid,1800.00,3042.53,330.48,5173.01
INV000237,MER0093,2024-02,2024-03-01,2024-03-31,2024-03-08,paid,3600.00,3782.53,410.86,7793.39
INV000238,MER0094,2024-02,2024-03-01,2024-03-31,2024-04-26,paid,3600.00,18100.46,1966.08,23666.54
INV000239,MER0095,2024-02,2024-03-01,2024-03-31,2024-03-13,paid,1800.00,3001.27,326.00,5127.27
INV000240,MER0096,2024-02,2024-03-01,2024-03-31,2024-04-16,paid,1800.00,5966.45,648.08,8414.53
INV000241,MER0097,2024-02,2024-03-01,2024-03-31,2024-04-02,paid,1800.00,1289.21,140.03,3229.24
INV000242,MER0098,2024-02,2024-03-01,2024-03-31,2024-03-18,paid,7200.00,46432.05,5043.48,58675.53
INV000243,MER0099,2024-02,2024-03-01,2024-03-31,2024-04-05,paid,3600.00,4695.29,510.01,8805.30
INV000244,MER0100,2024-02,2024-03-01,2024-03-31,2024-03-04,paid,1800.00,1619.24,175.88,3595.12
INV000245,MER0101,2024-02,2024-03-01,2024-03-31,2024-04-23,paid,3600.00,15447.27,1677.89,20725.16
INV000246,MER0102,2024-02,2024-03-01,2024-03-31,,open,3600.00,6335.16,688.13,10623.29
INV000247,MER0103,2024-02,2024-03-01,2024-03-31,2024-03-15,paid,1800.00,7510.92,815.84,10126.76
INV000248,MER0104,2024-02,2024-03-01,2024-03-31,2024-03-18,paid,7200.00,34942.65,3795.49,45938.14
INV000249,MER0105,2024-02,2024-03-01,2024-03-31,2024-03-24,paid,3600.00,11014.98,1196.45,15811.43
INV000250,MER0106,2024-02,2024-03-01,2024-03-31,2024-04-28,paid,1800.00,1260.84,136.95,3197.79
INV000251,MER0107,2024-02,2024-03-01,2024-03-31,2024-03-08,paid,1800.00,2302.52,250.10,4352.62
INV000252,MER0108,2024-02,2024-03-01,2024-03-31,2024-03-15,paid,3600.00,14348.87,1558.58,19507.45
INV000253,MER0109,2024-02,2024-03-01,2024-03-31,2024-03-16,paid,1800.00,2405.66,261.30,4466.96
INV000254,MER0110,2024-02,2024-03-01,2024-03-31,2024-03-29,paid,1800.00,5185.19,563.22,7548.41
INV000255,MER0111,2024-02,2024-03-01,2024-03-31,2024-03-17,paid,1800.00,1529.00,166.08,3495.08
INV000256,MER0112,2024-02,2024-03-01,2024-03-31,2024-04-23,paid,7200.00,20070.36,2180.06,29450.42
INV000257,MER0113,2024-02,2024-03-01,2024-03-31,2024-03-27,paid,1800.00,2421.13,262.99,4484.12
INV000258,MER0114,2024-02,2024-03-01,2024-03-31,2024-03-08,paid,3600.00,7155.09,777.19,11532.28
INV000259,MER0115,2024-02,2024-03-01,2024-03-31,2024-03-06,paid,7200.00,25680.99,2789.49,35670.48
INV000260,MER0116,2024-02,2024-03-01,2024-03-31,2024-03-23,paid,3600.00,7031.33,763.75,11395.08
INV000261,MER0117,2024-02,2024-03-01,2024-03-31,2024-03-29,paid,7200.00,37479.80,4071.08,48750.88
INV000262,MER0118,2024-02,2024-03-01,2024-03-31,2024-04-02,paid,7200.00,11860.70,1288.32,20349.02
INV000263,MER0119,2024-02,2024-03-01,2024-03-31,2024-03-28,paid,1800.00,3393.19,368.57,5561.76
INV000264,MER0120,2024-02,2024-03-01,2024-03-31,2024-05-04,paid,1800.00,1296.94,140.88,3237.82
INV000265,MER0121,2024-02,2024-03-01,2024-03-31,2024-03-05,paid,1800.00,1614.09,175.32,3589.41
INV000266,MER0122,2024-02,2024-03-01,2024-03-31,,open,3600.00,2753.74,299.11,6652.85
INV000267,MER0123,2024-02,2024-03-01,2024-03-31,2024-03-09,paid,1800.00,2980.64,323.76,5104.40
INV000268,MER0124,2024-02,2024-03-01,2024-03-31,,open,3600.00,8385.00,910.78,12895.78
INV000269,MER0125,2024-02,2024-03-01,2024-03-31,2024-03-23,paid,3600.00,14588.66,1584.63,19773.29
INV000270,MER0126,2024-02,2024-03-01,2024-03-31,2024-03-30,paid,1800.00,1510.95,164.12,3475.07
INV000271,MER0127,2024-02,2024-03-01,2024-03-31,2024-03-27,paid,3600.00,5948.40,646.12,10194.52
INV000272,MER0128,2024-02,2024-03-01,2024-03-31,2024-03-09,paid,3600.00,2390.19,259.62,6249.81
INV000273,MER0129,2024-02,2024-03-01,2024-03-31,2024-04-04,paid,1800.00,1915.76,208.09,3923.85
INV000274,MER0130,2024-02,2024-03-01,2024-03-31,2024-03-21,paid,3600.00,5082.05,552.02,9234.07
INV000275,MER0131,2024-02,2024-03-01,2024-03-31,2024-03-14,paid,7200.00,31889.81,3463.89,42553.70
INV000276,MER0132,2024-02,2024-03-01,2024-03-31,2024-05-14,paid,1800.00,2057.57,223.50,4081.07
INV000277,MER0133,2024-02,2024-03-01,2024-03-31,2024-04-24,paid,1800.00,1376.87,149.56,3326.43
INV000278,MER0134,2024-02,2024-03-01,2024-03-31,2024-03-27,paid,7200.00,12995.20,1411.55,21606.75
INV000279,MER0135,2024-02,2024-03-01,2024-03-31,2024-04-01,paid,1800.00,2003.43,217.61,4021.04
INV000280,MER0136,2024-02,2024-03-01,2024-03-31,2024-03-30,paid,1800.00,2111.72,229.38,4141.10
INV000281,MER0137,2024-02,2024-03-01,2024-03-31,2024-03-30,paid,1800.00,1549.63,168.32,3517.95
INV000282,MER0138,2024-02,2024-03-01,2024-03-31,2024-03-23,paid,3600.00,7294.33,792.32,11686.65
INV000283,MER0139,2024-02,2024-03-01,2024-03-31,2024-03-07,paid,1800.00,1908.03,207.25,3915.28
INV000284,MER0140,2024-02,2024-03-01,2024-03-31,2024-03-15,paid,1800.00,5623.52,610.83,8034.35
INV000285,MER0141,2024-02,2024-03-01,2024-03-31,2024-03-24,paid,7200.00,7508.34,815.56,15523.90
INV000286,MER0142,2024-02,2024-03-01,2024-03-31,2024-03-09,paid,3600.00,6729.66,730.98,11060.64
INV000287,MER0143,2024-02,2024-03-01,2024-03-31,2024-03-29,paid,1800.00,4251.80,461.83,6513.63
INV000288,MER0144,2024-02,2024-03-01,2024-03-31,2024-03-28,paid,1800.00,920.49,99.99,2820.48
INV000289,MER0145,2024-02,2024-03-01,2024-03-31,2024-03-06,paid,7200.00,3754.17,407.78,11361.95
INV000290,MER0146,2024-02,2024-03-01,2024-03-31,2024-05-04,paid,3600.00,19523.74,2120.68,25244.42
INV000291,MER0147,2024-02,2024-03-01,2024-03-31,2024-03-16,paid,3600.00,12956.52,1407.35,17963.87
INV000292,MER0148,2024-02,2024-03-01,2024-03-31,2024-03-04,paid,3600.00,10264.66,1114.95,14979.61
INV000293,MER0149,2024-02,2024-03-01,2024-03-31,2024-03-04,paid,1800.00,2578.41,280.07,4658.48
INV000294,MER0001,2024-03,2024-04-01,2024-05-01,2024-05-04,paid,1800.00,7217.12,783.93,9801.05
INV000295,MER0002,2024-03,2024-04-01,2024-05-01,2024-04-13,paid,3600.00,5726.81,622.05,9948.86
INV000296,MER0003,2024-03,2024-04-01,2024-05-01,2024-04-09,paid,1800.00,6483.13,704.20,8987.33
INV000297,MER0004,2024-03,2024-04-01,2024-05-01,2024-04-09,paid,3600.00,6756.63,733.91,11090.54
INV000298,MER0005,2024-03,2024-04-01,2024-05-01,,open,7200.00,31971.88,3472.81,42644.69
INV000299,MER0006,2024-03,2024-04-01,2024-05-01,2024-04-05,paid,1800.00,1119.13,121.56,3040.69
INV000300,MER0007,2024-03,2024-04-01,2024-05-01,,open,7200.00,17548.81,1906.16,26654.97
INV000301,MER0008,2024-03,2024-04-01,2024-05-01,2024-04-13,paid,1800.00,2028.94,220.39,4049.33
INV000302,MER0009,2024-03,2024-04-01,2024-05-01,2024-04-09,paid,3600.00,3265.29,354.68,7219.97
INV000303,MER0010,2024-03,2024-04-01,2024-05-01,2024-06-09,paid,3600.00,8766.03,952.17,13318.20
INV000304,MER0011,2024-03,2024-04-01,2024-05-01,2024-04-23,paid,3600.00,7024.55,763.01,11387.56
INV000305,MER0012,2024-03,2024-04-01,2024-05-01,2024-04-24,paid,3600.00,10574.50,1148.61,15323.11
INV000306,MER0013,2024-03,2024-04-01,2024-05-01,2024-04-22,paid,7200.00,53360.90,5796.10,66357.00
INV000307,MER0014,2024-03,2024-04-01,2024-05-01,2024-04-29,paid,3600.00,20613.16,2239.02,26452.18
INV000308,MER0015,2024-03,2024-04-01,2024-05-01,2024-04-26,paid,1800.00,2481.06,269.49,4550.55
INV000309,MER0016,2024-03,2024-04-01,2024-05-01,2024-04-20,paid,3600.00,2628.97,285.56,6514.53
INV000310,MER0017,2024-03,2024-04-01,2024-05-01,2024-04-10,paid,1800.00,2003.82,217.66,4021.48
INV000311,MER0018,2024-03,2024-04-01,2024-05-01,2024-05-16,paid,3600.00,8690.68,943.99,13234.67
INV000312,MER0019,2024-03,2024-04-01,2024-05-01,,open,3600.00,10800.56,1173.16,15573.72
INV000313,MER0020,2024-03,2024-04-01,2024-05-01,2024-04-22,paid,1800.00,5204.92,565.36,7570.28
INV000314,MER0021,2024-03,2024-04-01,2024-05-01,2024-04-23,paid,3600.00,12073.18,1311.40,16984.58
INV000315,MER0022,2024-03,2024-04-01,2024-05-01,2024-04-25,paid,7200.00,27484.21,2985.35,37669.56
INV000316,MER0023,2024-03,2024-04-01,2024-05-01,,open,3600.00,12542.04,1362.33,17504.37
INV000317,MER0024,2024-03,2024-04-01,2024-05-01,2024-04-27,paid,1800.00,1903.35,206.74,3910.09
INV000318,MER0025,2024-03,2024-04-01,2024-05-01,2024-04-15,paid,1800.00,3106.21,337.40,5243.61
INV000319,MER0026,2024-03,2024-04-01,2024-05-01,2024-04-16,paid,3600.00,6965.94,756.65,11322.59
INV000320,MER0027,2024-03,2024-04-01,2024-05-01,,open,7200.00,42889.66,4658.70,54748.36
INV000321,MER0028,2024-03,2024-04-01,2024-05-01,2024-04-04,paid,1800.00,3873.69,420.76,6094.45
INV000322,MER0029,2024-03,2024-04-01,2024-05-01,2024-05-15,paid,3600.00,6312.88,685.71,10598.59
INV000323,MER0030,2024-03,2024-04-01,2024-05-01,,open,1800.00,2014.99,218.87,4033.86
INV000324,MER0031,2024-03,2024-04-01,2024-05-01,2024-04-16,paid,1800.00,2179.65,236.76,4216.41
INV000325,MER0032,2024-03,2024-04-01,2024-05-01,2024-04-19,paid,3600.00,3148.07,341.95,7090.02
INV000326,MER0033,2024-03,2024-04-01,2024-05-01,2024-04-06,paid,3600.00,10808.93,1174.07,15583.00
INV000327,MER0034,2024-03,2024-04-01,2024-05-01,2024-04-26,paid,1800.00,3868.11,420.16,6088.27
INV000328,MER0035,2024-03,2024-04-01,2024-05-01,2024-05-29,paid,7200.00,17883.71,1942.54,27026.25
INV000329,MER0036,2024-03,2024-04-01,2024-05-01,2024-04-30,paid,1800.00,8461.83,919.13,11180.96
INV000330,MER0037,2024-03,2024-04-01,2024-05-01,2024-04-29,paid,3600.00,3382.50,367.41,7349.91
INV000331,MER0038,2024-03,2024-04-01,2024-05-01,2024-05-13,paid,1800.00,6904.54,749.98,9454.52
INV000332,MER0039,2024-03,2024-04-01,2024-05-01,2024-04-22,paid,7200.00,23219.80,2522.15,32941.95
INV000333,MER0040,2024-03,2024-04-01,2024-05-01,2024-04-27,paid,3600.00,11411.75,1239.55,16251.30
INV000334,MER0041,2024-03,2024-04-01,2024-05-01,2024-06-05,paid,3600.00,10013.54,1087.68,14701.22
INV000335,MER0042,2024-03,2024-04-01,2024-05-01,2024-04-25,paid,3600.00,22388.13,2431.81,28419.94
INV000336,MER0043,2024-03,2024-04-01,2024-05-01,2024-04-27,paid,1800.00,2857.82,310.42,4968.24
INV000337,MER0044,2024-03,2024-04-01,2024-05-01,2024-04-12,paid,1800.00,1191.69,129.44,3121.13
INV000338,MER0045,2024-03,2024-04-01,2024-05-01,2024-04-08,paid,3600.00,7007.80,761.19,11368.99
INV000339,MER0046,2024-03,2024-04-01,2024-05-01,2024-04-28,paid,1800.00,2849.45,309.51,4958.96
INV000340,MER0047,2024-03,2024-04-01,2024-05-01,2024-04-23,paid,3600.00,5408.65,587.49,9596.14
INV000341,MER0048,2024-03,2024-04-01,2024-05-01,2024-04-08,paid,1800.00,3011.32,327.09,5138.41
INV000342,MER0049,2024-03,2024-04-01,2024-05-01,,open,1800.00,856.79,93.07,2749.86
INV000343,MER0050,2024-03,2024-04-01,2024-05-01,2024-04-11,paid,3600.00,6103.57,662.97,10366.54
INV000344,MER0051,2024-03,2024-04-01,2024-05-01,2024-04-07,paid,3600.00,4839.32,525.65,8964.97
INV000345,MER0052,2024-03,2024-04-01,2024-05-01,2024-04-26,paid,1800.00,611.19,66.39,2477.58
INV000346,MER0053,2024-03,2024-04-01,2024-05-01,,open,1800.00,6050.55,657.21,8507.76
INV000347,MER0054,2024-03,2024-04-01,2024-05-01,2024-04-24,paid,3600.00,7962.27,864.87,12427.14
INV000348,MER0055,2024-03,2024-04-01,2024-05-01,2024-04-21,paid,7200.00,8171.58,887.60,16259.18
INV000349,MER0056,2024-03,2024-04-01,2024-05-01,2024-04-19,paid,1800.00,6725.93,730.58,9256.51
INV000350,MER0057,2024-03,2024-04-01,2024-05-01,2024-05-03,paid,1800.00,3795.55,412.28,6007.83
INV000351,MER0058,2024-03,2024-04-01,2024-05-01,2024-06-06,paid,1800.00,5997.52,651.45,8448.97
INV000352,MER0059,2024-03,2024-04-01,2024-05-01,2024-06-07,paid,3600.00,5090.50,552.93,9243.43
INV000353,MER0060,2024-03,2024-04-01,2024-05-01,2024-04-13,paid,7200.00,26814.41,2912.60,36927.01
INV000354,MER0061,2024-03,2024-04-01,2024-05-01,2024-04-17,paid,1800.00,3321.10,360.74,5481.84
INV000355,MER0062,2024-03,2024-04-01,2024-05-01,2024-04-13,paid,3600.00,8958.60,973.09,13531.69
INV000356,MER0063,2024-03,2024-04-01,2024-05-01,2024-04-29,paid,3600.00,10281.46,1116.78,14998.24
INV000357,MER0064,2024-03,2024-04-01,2024-05-01,2024-04-09,paid,1800.00,1311.70,142.48,3254.18
INV000358,MER0065,2024-03,2024-04-01,2024-05-01,2024-04-22,paid,3600.00,12006.20,1304.12,16910.32
INV000359,MER0066,2024-03,2024-04-01,2024-05-01,2024-04-15,paid,1800.00,6206.83,674.19,8681.02
INV000360,MER0067,2024-03,2024-04-01,2024-05-01,2024-04-30,paid,7200.00,17973.02,1952.24,27125.26
INV000361,MER0068,2024-03,2024-04-01,2024-05-01,2024-04-19,paid,3600.00,13513.26,1467.82,18581.08
INV000362,MER0069,2024-03,2024-04-01,2024-05-01,2024-04-26,paid,1800.00,3125.74,339.52,5265.26
INV000363,MER0070,2024-03,2024-04-01,2024-05-01,2024-04-28,paid,1800.00,904.23,98.22,2802.45
INV000364,MER0071,2024-03,2024-04-01,2024-05-01,2024-04-15,paid,7200.00,17772.08,1930.42,26902.50
INV000365,MER0072,2024-03,2024-04-01,2024-05-01,2024-04-29,paid,3600.00,6706.39,728.45,11034.84
INV000366,MER0073,2024-03,2024-04-01,2024-05-01,2024-04-15,paid,1800.00,3125.74,339.52,5265.26
INV000367,MER0074,2024-03,2024-04-01,2024-05-01,2024-04-18,paid,7200.00,15561.73,1690.33,24452.06
INV000368,MER0075,2024-03,2024-04-01,2024-05-01,2024-04-25,paid,3600.00,9176.29,996.74,13773.03
INV000369,MER0076,2024-03,2024-04-01,2024-05-01,,open,1800.00,3307.15,359.22,5466.37
INV000370,MER0077,2024-03,2024-04-01,2024-05-01,2024-04-17,paid,1800.00,4175.10,453.50,6428.60
INV000371,MER0078,2024-03,2024-04-01,2024-05-01,2024-05-02,paid,3600.00,3365.76,365.59,7331.35
INV000372,MER0079,2024-03,2024-04-01,2024-05-01,2024-05-11,paid,7200.00,54499.56,5919.78,67619.34
INV000373,MER0080,2024-03,2024-04-01,2024-05-01,2024-04-11,paid,7200.00,15338.47,1666.08,24204.55
INV000374,MER0081,2024-03,2024-04-01,2024-05-01,2024-04-23,paid,3600.00,9243.27,1004.01,13847.28
INV000375,MER0082,2024-03,2024-04-01,2024-05-01,2024-06-10,paid,3600.00,7870.17,854.86,12325.03
INV000376,MER0083,2024-03,2024-04-01,2024-05-01,2024-05-04,paid,3600.00,5475.63,594.77,9670.40
INV000377,MER0084,2024-03,2024-04-01,2024-05-01,2024-05-12,paid,3600.00,25712.03,2792.86,32104.89
INV000378,MER0085,2024-03,2024-04-01,2024-05-01,2024-04-11,paid,1800.00,1297.74,140.96,3238.70
INV000379,MER0086,2024-03,2024-04-01,2024-05-01,,open,1800.00,2358.26,256.16,4414.42
INV000380,MER0087,2024-03,2024-04-01,2024-05-01,2024-04-10,paid,7200.00,18933.07,2056.52,28189.59
INV000381,MER0088,2024-03,2024-04-01,2024-05-01,2024-04-22,paid,1800.00,2065.22,224.33,4089.55
INV000382,MER0089,2024-03,2024-04-01,2024-05-01,2024-04-08,paid,1800.00,3661.58,397.72,5859.30
INV000383,MER0090,2024-03,2024-04-01,2024-05-01,2024-05-31,paid,1800.00,4724.90,513.22,7038.12
INV000384,MER0091,2024-03,2024-04-01,2024-05-01,2024-04-12,paid,1800.00,6725.93,730.58,9256.51
INV000385,MER0092,2024-03,2024-04-01,2024-05-01,2024-04-19,paid,1800.00,3293.19,357.71,5450.90
INV000386,MER0093,2024-03,2024-04-01,2024-05-01,2024-04-10,paid,3600.00,4094.17,444.71,8138.88
INV000387,MER0094,2024-03,2024-04-01,2024-05-01,2024-04-09,paid,3600.00,19591.71,2128.07,25319.78
INV000388,MER0095,2024-03,2024-04-01,2024-05-01,2024-04-13,paid,1800.00,3248.54,352.86,5401.40
INV000389,MER0096,2024-03,2024-04-01,2024-05-01,2024-04-17,paid,1800.00,6458.01,701.47,8959.48
INV000390,MER0097,2024-03,2024-04-01,2024-05-01,2024-04-21,paid,1800.00,1395.42,151.57,3346.99
INV000391,MER0098,2024-03,2024-04-01,2024-05-01,2024-04-28,paid,7200.00,50257.48,5459.00,62916.48
INV000392,MER0099,2024-03,2024-04-01,2024-05-01,2024-04-19,paid,3600.00,5082.12,552.02,9234.14
INV000393,MER0100,2024-03,2024-04-01,2024-05-01,2024-06-09,paid,1800.00,1752.65,190.37,3743.02
INV000394,MER0101,2024-03,2024-04-01,2024-05-01,2024-06-04,paid,3600.00,16719.93,1816.13,22136.06
INV000395,MER0102,2024-03,2024-04-01,2024-05-01,2024-04-07,paid,3600.00,6857.10,744.82,11201.92
INV000396,MER0103,2024-03,2024-04-01,2024-05-01,2024-05-12,paid,1800.00,8129.72,883.06,10812.78
INV000397,MER0104,2024-03,2024-04-01,2024-05-01,2024-04-24,paid,7200.00,37821.49,4108.20,49129.69
INV000398,MER0105,2024-03,2024-04-01,2024-05-01,2024-05-20,paid,3600.00,11922.48,1295.03,16817.51
INV000399,MER0106,2024-03,2024-04-01,2024-05-01,2024-06-14,paid,1800.00,1364.72,148.24,3312.96
INV000400,MER0107,2024-03,2024-04-01,2024-05-01,2024-04-27,paid,1800.00,2492.22,270.71,4562.93
INV000401,MER0108,2024-03,2024-04-01,2024-05-01,,open,3600.00,15531.03,1686.99,20818.02
INV000402,MER0109,2024-03,2024-04-01,2024-05-01,2024-04-14,paid,1800.00,2603.86,282.83,4686.69
INV000403,MER0110,2024-03,2024-04-01,2024-05-01,,open,1800.00,5612.38,609.62,8022.00
INV000404,MER0111,2024-03,2024-04-01,2024-05-01,2024-05-13,paid,1800.00,1654.97,179.76,3634.73
INV000405,MER0112,2024-03,2024-04-01,2024-05-01,2024-04-11,paid,7200.00,21723.91,2359.67,31283.58
INV000406,MER0113,2024-03,2024-04-01,2024-05-01,2024-04-22,paid,1800.00,2620.60,284.65,4705.25
INV000407,MER0114,2024-03,2024-04-01,2024-05-01,2024-04-05,paid,3600.00,7744.59,841.22,12185.81
INV000408,MER0115,2024-03,2024-04-01,2024-05-01,2024-05-15,paid,7200.00,27796.78,3019.31,38016.09
INV000409,MER0116,2024-03,2024-04-01,2024-05-01,2024-05-24,paid,3600.00,7610.63,826.67,12037.30
INV000410,MER0117,2024-03,2024-04-01,2024-05-01,2024-04-16,paid,7200.00,40567.68,4406.49,52174.17
INV000411,MER0118,2024-03,2024-04-01,2024-05-01,2024-05-05,paid,7200.00,12837.87,1394.46,21432.33
INV000412,MER0119,2024-03,2024-04-01,2024-05-01,2024-04-11,paid,1800.00,3672.75,398.94,5871.69
INV000413,MER0120,2024-03,2024-04-01,2024-05-01,2024-04-24,paid,1800.00,1403.79,152.48,3356.27
INV000414,MER0121,2024-03,2024-04-01,2024-05-01,2024-04-18,paid,1800.00,1747.07,189.77,3736.84
INV000415,MER0122,2024-03,2024-04-01,2024-05-01,2024-04-30,paid,3600.00,2980.62,323.76,6904.38
INV000416,MER0123,2024-03,2024-04-01,2024-05-01,2024-06-14,paid,1800.00,3226.21,350.43,5376.64
INV000417,MER0124,2024-03,2024-04-01,2024-05-01,2024-04-27,paid,3600.00,9075.82,985.82,13661.64
INV000418,MER0125,2024-03,2024-04-01,2024-05-01,2024-04-12,paid,3600.00,15790.58,1715.18,21105.76
INV000419,MER0126,2024-03,2024-04-01,2024-05-01,,open,1800.00,1635.43,177.64,3613.07
INV000420,MER0127,2024-03,2024-04-01,2024-05-01,2024-06-13,paid,3600.00,6438.47,699.35,10737.82
INV000421,MER0128,2024-03,2024-04-01,2024-05-01,2024-04-24,paid,3600.00,2587.11,281.01,6468.12
INV000422,MER0129,2024-03,2024-04-01,2024-05-01,2024-04-29,paid,1800.00,2073.60,225.24,4098.84
INV000423,MER0130,2024-03,2024-04-01,2024-05-01,2024-04-30,paid,3600.00,5500.75,597.50,9698.25
INV000424,MER0131,2024-03,2024-04-01,2024-05-01,2024-04-06,paid,7200.00,34517.13,3749.27,45466.40
INV000425,MER0132,2024-03,2024-04-01,2024-05-01,2024-04-08,paid,1800.00,2227.09,241.91,4269.00
INV000426,MER0133,2024-03,2024-04-01,2024-05-01,2024-04-07,paid,1800.00,1490.31,161.88,3452.19
INV000427,MER0134,2024-03,2024-04-01,2024-05-01,2024-04-11,paid,7200.00,14065.84,1527.84,22793.68
INV000428,MER0135,2024-03,2024-04-01,2024-05-01,2024-04-13,paid,1800.00,2168.48,235.54,4204.02
INV000429,MER0136,2024-03,2024-04-01,2024-05-01,2024-04-18,paid,1800.00,2285.70,248.27,4333.97
INV000430,MER0137,2024-03,2024-04-01,2024-05-01,2024-04-08,paid,1800.00,1677.30,182.19,3659.49
INV000431,MER0138,2024-03,2024-04-01,2024-05-01,2024-04-21,paid,3600.00,7895.29,857.59,12352.88
INV000432,MER0139,2024-03,2024-04-01,2024-05-01,2024-04-20,paid,1800.00,2065.22,224.33,4089.55
INV000433,MER0140,2024-03,2024-04-01,2024-05-01,2024-04-05,paid,1800.00,6086.83,661.16,8547.99
INV000434,MER0141,2024-03,2024-04-01,2024-05-01,2024-04-19,paid,7200.00,8126.93,882.75,16209.68
INV000435,MER0142,2024-03,2024-04-01,2024-05-01,2024-04-12,paid,3600.00,7284.10,791.20,11675.30
INV000436,MER0143,2024-03,2024-04-01,2024-05-01,2024-04-10,paid,1800.00,4602.10,499.88,6901.98
INV000437,MER0144,2024-03,2024-04-01,2024-05-01,2024-04-15,paid,1800.00,996.33,108.22,2904.55
INV000438,MER0145,2024-03,2024-04-01,2024-05-01,,open,7200.00,4063.47,441.38,11704.85
INV000439,MER0146,2024-03,2024-04-01,2024-05-01,2024-04-29,paid,3600.00,21132.25,2295.40,27027.65
INV000440,MER0147,2024-03,2024-04-01,2024-05-01,2024-05-26,paid,3600.00,14023.98,1523.29,19147.27
INV000441,MER0148,2024-03,2024-04-01,2024-05-01,2024-04-19,paid,3600.00,11110.34,1206.81,15917.15
INV000442,MER0149,2024-03,2024-04-01,2024-05-01,,open,1800.00,2790.84,303.14,4893.98
INV000443,MER0150,2024-03,2024-04-01,2024-05-01,2024-04-16,paid,1800.00,6070.08,659.34,8529.42
INV000444,MER0151,2024-03,2024-04-01,2024-05-01,2024-04-05,paid,7200.00,15249.16,1656.37,24105.53
INV000445,MER0152,2024-03,2024-04-01,2024-05-01,2024-04-16,paid,1800.00,5269.11,572.33,7641.44
INV000446,MER0153,2024-03,2024-04-01,2024-05-01,2024-04-19,paid,3600.00,7133.39,774.83,11508.22
INV000447,MER0001,2024-04,2024-05-01,2024-05-31,2024-05-26,paid,1800.00,6756.02,733.84,9289.86
INV000448,MER0002,2024-04,2024-05-01,2024-05-31,,open,3600.00,5360.92,582.31,9543.23
INV000449,MER0003,2024-04,2024-05-01,2024-05-31,2024-06-12,paid,1800.00,6068.92,659.21,8528.13
INV000450,MER0004,2024-04,2024-05-01,2024-05-31,2024-05-17,paid,3600.00,6324.95,687.02,10611.97
INV000451,MER0005,2024-04,2024-05-01,2024-05-31,2024-05-06,paid,7200.00,29929.22,3250.93,40380.15
INV000452,MER0006,2024-04,2024-05-01,2024-05-31,2024-06-23,paid,1800.00,1047.63,113.79,2961.42
INV000453,MER0007,2024-04,2024-05-01,2024-05-31,2024-05-10,paid,7200.00,16427.63,1784.38,25412.01
INV000454,MER0008,2024-04,2024-05-01,2024-05-31,2024-07-01,paid,1800.00,1899.31,206.30,3905.61
INV000455,MER0009,2024-04,2024-05-01,2024-05-31,2024-05-10,paid,3600.00,3056.67,332.02,6988.69
INV000456,MER0010,2024-04,2024-05-01,2024-05-31,2024-05-14,paid,3600.00,8205.98,891.34,12697.32
INV000457,MER0011,2024-04,2024-05-01,2024-05-31,2024-05-07,paid,3600.00,6575.75,714.26,10890.01
INV000458,MER0012,2024-04,2024-05-01,2024-05-31,,open,3600.00,9898.90,1075.23,14574.13
INV000459,MER0013,2024-04,2024-05-01,2024-05-31,2024-06-24,paid,7200.00,49951.70,5425.79,62577.49
INV000460,MER0014,2024-04,2024-05-01,2024-05-31,2024-05-26,paid,3600.00,19296.19,2095.97,24992.16
INV000461,MER0015,2024-04,2024-05-01,2024-05-31,2024-05-10,paid,1800.00,2322.54,252.28,4374.82
INV000462,MER0016,2024-04,2024-05-01,2024-05-31,2024-05-05,paid,3600.00,2461.01,267.32,6328.33
INV000463,MER0017,2024-04,2024-05-01,2024-05-31,2024-05-08,paid,1800.00,1875.80,203.75,3879.55
INV000464,MER0018,2024-04,2024-05-01,2024-05-31,2024-05-16,paid,3600.00,8135.44,883.68,12619.12
INV000465,MER0019,2024-04,2024-05-01,2024-05-31,2024-05-21,paid,3600.00,10110.52,1098.21,14808.73
INV000466,MER0020,2024-04,2024-05-01,2024-05-31,2024-05-10,paid,1800.00,4872.38,529.24,7201.62
INV000467,MER0021,2024-04,2024-05-01,2024-05-31,2024-05-10,paid,3600.00,11301.83,1227.61,16129.44
INV000468,MER0022,2024-04,2024-05-01,2024-05-31,2024-05-09,paid,7200.00,25728.26,2794.62,35722.88
INV000469,MER0023,2024-04,2024-05-01,2024-05-31,2024-06-05,paid,3600.00,11740.74,1275.29,16616.03
INV000470,MER0024,2024-04,2024-05-01,2024-05-31,2024-05-27,paid,1800.00,1781.75,193.54,3775.29
INV000471,MER0025,2024-04,2024-05-01,2024-05-31,2024-05-07,paid,1800.00,2907.75,315.84,5023.59
INV000472,MER0026,2024-04,2024-05-01,2024-05-31,2024-05-16,paid,3600.00,6520.89,708.30,10829.19
INV000473,MER0027,2024-04,2024-05-01,2024-05-31,2024-05-06,paid,7200.00,40149.46,4361.06,51710.52
INV000474,MER0028,2024-04,2024-05-01,2024-05-31,2024-05-15,paid,1800.00,3626.20,393.88,5820.08
INV000475,MER0029,2024-04,2024-05-01,2024-05-31,2024-05-19,paid,3600.00,5909.56,641.90,10151.46
INV000476,MER0030,2024-04,2024-05-01,2024-05-31,2024-05-30,paid,1800.00,1886.25,204.89,3891.14
INV000477,MER0031,2024-04,2024-05-01,2024-05-31,2024-05-17,paid,1800.00,2040.39,221.63,4062.02
INV000478,MER0032,2024-04,2024-05-01,2024-05-31,,open,3600.00,2946.94,320.10,6867.04
INV000479,MER0033,2024-04,2024-05-01,2024-05-31,2024-06-14,paid,3600.00,10118.35,1099.06,14817.41
INV000480,MER0034,2024-04,2024-05-01,2024-05-31,2024-05-29,paid,1800.00,3620.98,393.31,5814.29
INV000481,MER0035,2024-04,2024-05-01,2024-05-31,,open,7200.00,16741.13,1818.43,25759.56
INV000482,MER0036,2024-04,2024-05-01,2024-05-31,2024-05-04,paid,1800.00,7921.21,860.41,10581.62
INV000483,MER0037,2024-04,2024-05-01,2024-05-31,2024-05-05,paid,3600.00,3166.39,343.94,7110.33
INV000484,MER0038,2024-04,2024-05-01,2024-05-31,2024-06-19,paid,1800.00,6463.41,702.06,8965.47
INV000485,MER0039,2024-04,2024-05-01,2024-05-31,2024-05-09,paid,7200.00,21736.30,2361.01,31297.31
INV000486,MER0040,2024-04,2024-05-01,2024-05-31,2024-06-07,paid,3600.00,10682.66,1160.36,15443.02
INV000487,MER0041,2024-04,2024-05-01,2024-05-31,2024-05-11,paid,3600.00,9373.78,1018.19,13991.97
INV000488,MER0042,2024-04,2024-05-01,2024-05-31,2024-05-26,paid,3600.00,20957.77,2276.45,26834.22
INV000489,MER0043,2024-04,2024-05-01,2024-05-31,2024-05-05,paid,1800.00,2675.24,290.59,4765.83
INV000490,MER0044,2024-04,2024-05-01,2024-05-31,2024-05-23,paid,1800.00,1115.55,121.17,3036.72
INV000491,MER0045,2024-04,2024-05-01,2024-05-31,2024-05-28,paid,3600.00,6560.08,712.56,10872.64
INV000492,MER0046,2024-04,2024-05-01,2024-05-31,2024-05-25,paid,1800.00,2667.40,289.73,4757.13
INV000493,MER0047,2024-04,2024-05-01,2024-05-31,2024-05-20,paid,3600.00,5063.10,549.96,9213.06
INV000494,MER0048,2024-04,2024-05-01,2024-05-31,2024-06-25,paid,1800.00,2818.93,306.19,4925.12
INV000495,MER0049,2024-04,2024-05-01,2024-05-31,2024-05-25,paid,1800.00,802.05,87.12,2689.17
INV000496,MER0050,2024-04,2024-05-01,2024-05-31,2024-05-18,paid,3600.00,5713.62,620.62,9934.24
INV000497,MER0051,2024-04,2024-05-01,2024-05-31,2024-05-28,paid,3600.00,4530.14,492.07,8622.21
INV000498,MER0052,2024-04,2024-05-01,2024-05-31,2024-06-11,paid,1800.00,572.15,62.15,2434.30
INV000499,MER0053,2024-04,2024-05-01,2024-05-31,2024-05-25,paid,1800.00,5663.98,615.23,8079.21
INV000500,MER0054,2024-04,2024-05-01,2024-05-31,,open,3600.00,7453.57,809.61,11863.18
INV000501,MER0055,2024-04,2024-05-01,2024-05-31,2024-05-14,paid,7200.00,7649.51,830.89,15680.40
INV000502,MER0056,2024-04,2024-05-01,2024-05-31,2024-05-20,paid,1800.00,6296.21,683.90,8780.11
INV000503,MER0057,2024-04,2024-05-01,2024-05-31,2024-05-22,paid,1800.00,3553.05,385.93,5738.98
INV000504,MER0058,2024-04,2024-05-01,2024-05-31,2024-06-05,paid,1800.00,5614.34,609.83,8024.17
INV000505,MER0059,2024-04,2024-05-01,2024-05-31,2024-06-14,paid,3600.00,4765.27,517.61,8882.88
INV000506,MER0060,2024-04,2024-05-01,2024-05-31,2024-05-11,paid,7200.00,25101.25,2726.52,35027.77
INV000507,MER0061,2024-04,2024-05-01,2024-05-31,2024-05-06,paid,1800.00,3108.92,337.69,5246.61
INV000508,MER0062,2024-04,2024-05-01,2024-05-31,2024-05-25,paid,3600.00,8386.24,910.92,12897.16
INV000509,MER0063,2024-04,2024-05-01,2024-05-31,2024-06-08,paid,3600.00,9624.58,1045.43,14270.01
INV000510,MER0064,2024-04,2024-05-01,2024-05-31,2024-05-04,paid,1800.00,1227.89,133.37,3161.26
INV000511,MER0065,2024-04,2024-05-01,2024-05-31,,open,3600.00,11239.13,1220.80,16059.93
INV000512,MER0066,2024-04,2024-05-01,2024-05-31,2024-05-23,paid,1800.00,5810.28,631.12,8241.40
INV000513,MER0067,2024-04,2024-05-01,2024-05-31,2024-05-14,paid,7200.00,16824.73,1827.51,25852.24
INV000514,MER0068,2024-04,2024-05-01,2024-05-31,2024-05-17,paid,3600.00,12649.90,1374.04,17623.94
INV000515,MER0069,2024-04,2024-05-01,2024-05-31,2024-05-27,paid,1800.00,2926.04,317.83,5043.87
INV000516,MER0070,2024-04,2024-05-01,2024-05-31,2024-05-05,paid,1800.00,846.46,91.94,2738.40
INV000517,MER0071,2024-04,2024-05-01,2024-05-31,2024-05-16,paid,7200.00,16636.63,1807.08,25643.71
INV000518,MER0072,2024-04,2024-05-01,2024-05-31,2024-05-05,paid,3600.00,6277.92,681.91,10559.83
INV000519,MER0073,2024-04,2024-05-01,2024-05-31,2024-05-30,paid,1800.00,2926.04,317.83,5043.87
INV000520,MER0074,2024-04,2024-05-01,2024-05-31,2024-05-10,paid,7200.00,14567.50,1582.33,23349.83
INV000521,MER0075,2024-04,2024-05-01,2024-05-31,2024-05-17,paid,3600.00,8590.02,933.05,13123.07
INV000522,MER0076,2024-04,2024-05-01,2024-05-31,2024-05-04,paid,1800.00,3095.86,336.27,5232.13
INV000523,MER0077,2024-04,2024-05-01,2024-05-31,2024-05-06,paid,1800.00,3908.35,424.53,6132.88
INV000524,MER0078,2024-04,2024-05-01,2024-05-31,2024-06-03,paid,3600.00,3150.72,342.23,7092.95
INV000525,MER0079,2024-04,2024-05-01,2024-05-31,2024-05-14,paid,7200.00,51017.61,5541.57,63759.18
INV000526,MER0080,2024-04,2024-05-01,2024-05-31,2024-05-08,paid,7200.00,14358.50,1559.63,23118.13
INV000527,MER0081,2024-04,2024-05-01,2024-05-31,2024-05-08,paid,3600.00,8652.72,939.86,13192.58
INV000528,MER0082,2024-04,2024-05-01,2024-05-31,2024-07-08,paid,3600.00,7367.35,800.25,11767.60
INV000529,MER0083,2024-04,2024-05-01,2024-05-31,2024-05-06,paid,3600.00,5125.80,556.77,9282.57
INV000530,MER0084,2024-04,2024-05-01,2024-05-31,2024-05-24,paid,3600.00,24069.30,2614.42,30283.72
INV000531,MER0085,2024-04,2024-05-01,2024-05-31,2024-05-13,paid,1800.00,1214.83,131.96,3146.79
INV000532,MER0086,2024-04,2024-05-01,2024-05-31,2024-05-24,paid,1800.00,2207.59,239.79,4247.38
INV000533,MER0087,2024-04,2024-05-01,2024-05-31,2024-05-14,paid,7200.00,17723.45,1925.13,26848.58
INV000534,MER0088,2024-04,2024-05-01,2024-05-31,2024-05-29,paid,1800.00,1933.28,209.99,3943.27
INV000535,MER0089,2024-04,2024-05-01,2024-05-31,2024-05-04,paid,1800.00,3427.65,372.31,5599.96
INV000536,MER0090,2024-04,2024-05-01,2024-05-31,2024-07-07,paid,1800.00,4423.02,480.43,6703.45
INV000537,MER0091,2024-04,2024-05-01,2024-05-31,2024-05-13,paid,1800.00,6296.21,683.90,8780.11
INV000538,MER0092,2024-04,2024-05-01,2024-05-31,2024-07-03,paid,1800.00,3082.79,334.86,5217.65
INV000539,MER0093,2024-04,2024-05-01,2024-05-31,2024-05-21,paid,3600.00,3832.59,416.30,7848.89
INV000540,MER0094,2024-04,2024-05-01,2024-05-31,2024-05-07,paid,3600.00,18340.01,1992.10,23932.11
INV000541,MER0095,2024-04,2024-05-01,2024-05-31,2024-05-17,paid,1800.00,3040.99,330.31,5171.30
INV000542,MER0096,2024-04,2024-05-01,2024-05-31,2024-05-17,paid,1800.00,6045.41,656.66,8502.07
INV000543,MER0097,2024-04,2024-05-01,2024-05-31,2024-05-07,paid,1800.00,1306.27,141.89,3248.16
INV000544,MER0098,2024-04,2024-05-01,2024-05-31,2024-05-20,paid,7200.00,47046.56,5110.23,59356.79
INV000545,MER0099,2024-04,2024-05-01,2024-05-31,2024-05-30,paid,3600.00,4757.43,516.76,8874.19
INV000546,MER0100,2024-04,2024-05-01,2024-05-31,2024-05-25,paid,1800.00,1640.67,178.21,3618.88
INV000547,MER0101,2024-04,2024-05-01,2024-05-31,2024-06-11,paid,3600.00,15651.71,1700.10,20951.81
INV000548,MER0102,2024-04,2024-05-01,2024-05-31,2024-05-16,paid,3600.00,6419.00,697.24,10716.24
INV000549,MER0103,2024-04,2024-05-01,2024-05-31,2024-05-23,paid,1800.00,7610.32,826.64,10236.96
INV000550,MER0104,2024-04,2024-05-01,2024-05-31,2024-07-14,paid,7200.00,35405.09,3845.73,46450.82
INV000551,MER0105,2024-04,2024-05-01,2024-05-31,2024-06-09,paid,3600.00,11160.76,1212.29,15973.05
INV000552,MER0106,2024-04,2024-05-01,2024-05-31,2024-05-28,paid,1800.00,1277.53,138.77,3216.30
INV000553,MER0107,2024-04,2024-05-01,2024-05-31,2024-05-15,paid,1800.00,2332.99,253.41,4386.40
INV000554,MER0108,2024-04,2024-05-01,2024-05-31,2024-05-09,paid,3600.00,14538.77,1579.21,19717.98
INV000555,MER0109,2024-04,2024-05-01,2024-05-31,2024-05-04,paid,1800.00,2437.50,264.76,4502.26
INV000556,MER0110,2024-04,2024-05-01,2024-05-31,2024-05-05,paid,1800.00,5253.81,570.67,7624.48
INV000557,MER0111,2024-04,2024-05-01,2024-05-31,2024-05-25,paid,1800.00,1549.23,168.28,3517.51
INV000558,MER0112,2024-04,2024-05-01,2024-05-31,2024-05-19,paid,7200.00,20335.98,2208.91,29744.89
INV000559,MER0113,2024-04,2024-05-01,2024-05-31,2024-05-29,paid,1800.00,2453.17,266.47,4519.64
INV000560,MER0114,2024-04,2024-05-01,2024-05-31,2024-05-17,paid,3600.00,7249.79,787.48,11637.27
INV000561,MER0115,2024-04,2024-05-01,2024-05-31,2024-05-04,paid,7200.00,26020.86,2826.40,36047.26
INV000562,MER0116,2024-04,2024-05-01,2024-05-31,2024-05-09,paid,3600.00,7124.39,773.86,11498.25
INV000563,MER0117,2024-04,2024-05-01,2024-05-31,2024-05-28,paid,7200.00,37975.83,4124.96,49300.79
INV000564,MER0118,2024-04,2024-05-01,2024-05-31,2024-06-22,paid,7200.00,12017.67,1305.37,20523.04
INV000565,MER0119,2024-04,2024-05-01,2024-05-31,2024-05-10,paid,1800.00,3438.10,373.45,5611.55
INV000566,MER0120,2024-04,2024-05-01,2024-05-31,2024-05-28,paid,1800.00,1314.11,142.74,3256.85
INV000567,MER0121,2024-04,2024-05-01,2024-05-31,2024-05-28,paid,1800.00,1635.45,177.64,3613.09
INV000568,MER0122,2024-04,2024-05-01,2024-05-31,2024-05-18,paid,3600.00,2790.19,303.07,6693.26
INV000569,MER0123,2024-04,2024-05-01,2024-05-31,2024-05-15,paid,1800.00,3020.09,328.04,5148.13
INV000570,MER0124,2024-04,2024-05-01,2024-05-31,2024-05-10,paid,3600.00,8495.97,922.84,13018.81
INV000571,MER0125,2024-04,2024-05-01,2024-05-31,2024-05-11,paid,3600.00,14781.73,1605.60,19987.33
INV000572,MER0126,2024-04,2024-05-01,2024-05-31,2024-05-16,paid,1800.00,1530.95,166.29,3497.24
INV000573,MER0127,2024-04,2024-05-01,2024-05-31,2024-06-18,paid,3600.00,6027.12,654.67,10281.79
INV000574,MER0128,2024-04,2024-05-01,2024-05-31,2024-05-22,paid,3600.00,2421.82,263.06,6284.88
INV000575,MER0129,2024-04,2024-05-01,2024-05-31,2024-05-05,paid,1800.00,1941.11,210.85,3951.96
INV000576,MER0130,2024-04,2024-05-01,2024-05-31,2024-05-18,paid,3600.00,5149.31,559.32,9308.63
INV000577,MER0131,2024-04,2024-05-01,2024-05-31,2024-05-28,paid,7200.00,32311.85,3509.74,43021.59
INV000578,MER0132,2024-04,2024-05-01,2024-05-31,2024-07-12,paid,1800.00,2084.80,226.45,4111.25
INV000579,MER0133,2024-04,2024-05-01,2024-05-31,2024-07-12,paid,1800.00,1395.09,151.54,3346.63
INV000580,MER0134,2024-04,2024-05-01,2024-05-31,2024-06-12,paid,7200.00,13167.18,1430.23,21797.41
INV000581,MER0135,2024-04,2024-05-01,2024-05-31,2024-05-13,paid,1800.00,2029.94,220.49,4050.43
INV000582,MER0136,2024-04,2024-05-01,2024-05-31,2024-05-17,paid,1800.00,2139.67,232.41,4172.08
INV000583,MER0137,2024-04,2024-05-01,2024-05-31,2024-05-17,paid,1800.00,1570.13,170.55,3540.68
INV000584,MER0138,2024-04,2024-05-01,2024-05-31,2024-05-24,paid,3600.00,7390.87,802.80,11793.67
INV000585,MER0139,2024-04,2024-05-01,2024-05-31,2024-05-18,paid,1800.00,1933.28,209.99,3943.27
INV000586,MER0140,2024-04,2024-05-01,2024-05-31,2024-05-19,paid,1800.00,5697.94,618.91,8116.85
INV000587,MER0141,2024-04,2024-05-01,2024-05-31,2024-05-29,paid,7200.00,7607.71,826.35,15634.06
INV000588,MER0142,2024-04,2024-05-01,2024-05-31,2024-05-09,paid,3600.00,6818.72,740.65,11159.37
INV000589,MER0143,2024-04,2024-05-01,2024-05-31,2024-05-05,paid,1800.00,4308.07,467.95,6576.02
INV000590,MER0144,2024-04,2024-05-01,2024-05-31,2024-05-25,paid,1800.00,932.68,101.31,2833.99
INV000591,MER0145,2024-04,2024-05-01,2024-05-31,,open,7200.00,3803.85,413.18,11417.03
INV000592,MER0146,2024-04,2024-05-01,2024-05-31,2024-05-27,paid,3600.00,19782.13,2148.75,25530.88
INV000593,MER0147,2024-04,2024-05-01,2024-05-31,2024-05-18,paid,3600.00,13128.00,1425.97,18153.97
INV000594,MER0148,2024-04,2024-05-01,2024-05-31,2024-05-12,paid,3600.00,10400.51,1129.71,15130.22
INV000595,MER0149,2024-04,2024-05-01,2024-05-31,2024-05-29,paid,1800.00,2612.54,283.78,4696.32
INV000596,MER0150,2024-04,2024-05-01,2024-05-31,,open,1800.00,5682.27,617.21,8099.48
INV000597,MER0151,2024-04,2024-05-01,2024-05-31,2024-05-12,paid,7200.00,14274.90,1550.55,23025.45
INV000598,MER0152,2024-04,2024-05-01,2024-05-31,,open,1800.00,4932.47,535.77,7268.24
INV000599,MER0153,2024-04,2024-05-01,2024-05-31,2024-05-24,paid,3600.00,6677.64,725.33,11002.97
INV000600,MER0154,2024-04,2024-05-01,2024-05-31,2024-05-18,paid,1800.00,6716.83,729.59,9246.42
INV000601,MER0155,2024-04,2024-05-01,2024-05-31,2024-05-08,paid,7200.00,43159.10,4687.97,55047.07
INV000602,MER0156,2024-04,2024-05-01,2024-05-31,2024-05-21,paid,7200.00,18747.56,2036.37,27983.93
INV000603,MER0157,2024-04,2024-05-01,2024-05-31,2024-05-27,paid,1800.00,6199.55,673.40,8672.95
INV000604,MER0001,2024-05,2024-06-01,2024-07-01,2024-06-26,paid,1800.00,7124.74,773.89,9698.63
INV000605,MER0002,2024-05,2024-06-01,2024-07-01,2024-06-29,paid,3600.00,5653.51,614.09,9867.60
INV000606,MER0003,2024-05,2024-06-01,2024-07-01,2024-06-22,paid,1800.00,6400.15,695.19,8895.34
INV000607,MER0004,2024-05,2024-06-01,2024-07-01,2024-06-18,paid,3600.00,6670.15,724.52,10994.67
INV000608,MER0005,2024-05,2024-06-01,2024-07-01,2024-06-21,paid,7200.00,31562.67,3428.36,42191.03
INV000609,MER0006,2024-05,2024-06-01,2024-07-01,,open,1800.00,1104.80,120.00,3024.80
INV000610,MER0007,2024-05,2024-06-01,2024-07-01,2024-07-22,paid,7200.00,17324.21,1881.77,26405.98
INV000611,MER0008,2024-05,2024-06-01,2024-07-01,,open,1800.00,2002.97,217.56,4020.53
INV000612,MER0009,2024-05,2024-06-01,2024-07-01,,open,3600.00,3223.49,350.14,7173.63
INV000613,MER0010,2024-05,2024-06-01,2024-07-01,2024-06-09,paid,3600.00,8653.84,939.99,13193.83
INV000614,MER0011,2024-05,2024-06-01,2024-07-01,2024-06-27,paid,3600.00,6934.64,753.25,11287.89
INV000615,MER0012,2024-05,2024-06-01,2024-07-01,2024-06-27,paid,3600.00,10439.16,1133.91,15173.07
INV000616,MER0013,2024-05,2024-06-01,2024-07-01,2024-06-11,paid,7200.00,52677.93,5721.91,65599.84
INV000617,MER0014,2024-05,2024-06-01,2024-07-01,2024-07-03,paid,3600.00,20349.33,2210.36,26159.69
INV000618,MER0015,2024-05,2024-06-01,2024-07-01,2024-06-26,paid,1800.00,2449.30,266.04,4515.34
INV000619,MER0016,2024-05,2024-06-01,2024-07-01,2024-06-10,paid,3600.00,2595.32,281.91,6477.23
INV000620,MER0017,2024-05,2024-06-01,2024-07-01,2024-08-02,paid,1800.00,1978.18,214.87,3993.05
INV000621,MER0018,2024-05,2024-06-01,2024-07-01,2024-06-10,paid,3600.00,8579.45,931.91,13111.36
INV000622,MER0019,2024-05,2024-06-01,2024-07-01,2024-08-01,paid,3600.00,10662.32,1158.15,15420.47
INV000623,MER0020,2024-05,2024-06-01,2024-07-01,2024-07-28,paid,1800.00,5138.30,558.13,7496.43
INV000624,MER0021,2024-05,2024-06-01,2024-07-01,2024-06-08,paid,3600.00,11918.66,1294.61,16813.27
INV000625,MER0022,2024-05,2024-06-01,2024-07-01,2024-06-20,paid,7200.00,27132.44,2947.14,37279.58
INV000626,MER0023,2024-05,2024-06-01,2024-07-01,2024-08-03,paid,3600.00,12381.52,1344.89,17326.41
INV000627,MER0024,2024-05,2024-06-01,2024-07-01,2024-06-12,paid,1800.00,1878.99,204.10,3883.09
INV000628,MER0025,2024-05,2024-06-01,2024-07-01,2024-06-17,paid,1800.00,3066.45,333.08,5199.53
INV000629,MER0026,2024-05,2024-06-01,2024-07-01,2024-06-12,paid,3600.00,6876.78,746.96,11223.74
INV000630,MER0027,2024-05,2024-06-01,2024-07-01,2024-07-21,paid,7200.00,42340.71,4599.08,54139.79
INV000631,MER0028,2024-05,2024-06-01,2024-07-01,2024-07-16,paid,1800.00,3824.11,415.38,6039.49
INV000632,MER0029,2024-05,2024-06-01,2024-07-01,2024-06-17,paid,3600.00,6232.09,676.93,10509.02
INV000633,MER0030,2024-05,2024-06-01,2024-07-01,2024-08-03,paid,1800.00,1989.20,216.07,4005.27
INV000634,MER0031,2024-05,2024-06-01,2024-07-01,2024-06-19,paid,1800.00,2151.75,233.72,4185.47
INV000635,MER0032,2024-05,2024-06-01,2024-07-01,2024-07-05,paid,3600.00,3107.78,337.57,7045.35
INV000636,MER0033,2024-05,2024-06-01,2024-07-01,2024-08-13,paid,3600.00,10670.59,1159.05,15429.64
INV000637,MER0034,2024-05,2024-06-01,2024-07-01,,open,1800.00,3818.60,414.78,6033.38
INV000638,MER0035,2024-05,2024-06-01,2024-07-01,2024-06-28,paid,7200.00,17654.82,1917.68,26772.50
INV000639,MER0036,2024-05,2024-06-01,2024-07-01,2024-06-26,paid,1800.00,8353.53,907.37,11060.90
INV000640,MER0037,2024-05,2024-06-01,2024-07-01,2024-06-06,paid,3600.00,3339.21,362.71,7301.92
INV000641,MER0038,2024-05,2024-06-01,2024-07-01,2024-06-04,paid,1800.00,6816.17,740.38,9356.55
INV000642,MER0039,2024-05,2024-06-01,2024-07-01,2024-06-19,paid,7200.00,22922.61,2489.87,32612.48
INV000643,MER0040,2024-05,2024-06-01,2024-07-01,,open,3600.00,11265.69,1223.69,16089.38
INV000644,MER0041,2024-05,2024-06-01,2024-07-01,2024-06-15,paid,3600.00,9885.38,1073.76,14559.14
INV000645,MER0042,2024-05,2024-06-01,2024-07-01,2024-06-20,paid,3600.00,22101.59,2400.69,28102.28
INV000646,MER0043,2024-05,2024-06-01,2024-07-01,2024-07-15,paid,1800.00,2821.24,306.45,4927.69
INV000647,MER0044,2024-05,2024-06-01,2024-07-01,2024-06-29,paid,1800.00,1176.44,127.79,3104.23
INV000648,MER0045,2024-05,2024-06-01,2024-07-01,2024-06-04,paid,3600.00,6918.11,751.45,11269.56
INV000649,MER0046,2024-05,2024-06-01,2024-07-01,2024-06-04,paid,1800.00,2812.98,305.55,4918.53
INV000650,MER0047,2024-05,2024-06-01,2024-07-01,2024-06-26,paid,3600.00,5339.43,579.97,9519.40
INV000651,MER0048,2024-05,2024-06-01,2024-07-01,2024-06-09,paid,1800.00,2972.78,322.90,5095.68
INV000652,MER0049,2024-05,2024-06-01,2024-07-01,2024-06-04,paid,1800.00,845.82,91.87,2737.69
INV000653,MER0050,2024-05,2024-06-01,2024-07-01,2024-06-28,paid,3600.00,6025.45,654.49,10279.94
INV000654,MER0051,2024-05,2024-06-01,2024-07-01,2024-07-19,paid,3600.00,4777.38,518.92,8896.30
INV000655,MER0052,2024-05,2024-06-01,2024-07-01,2024-08-03,paid,1800.00,603.37,65.54,2468.91
INV000656,MER0053,2024-05,2024-06-01,2024-07-01,2024-06-20,paid,1800.00,5973.10,648.80,8421.90
INV000657,MER0054,2024-05,2024-06-01,2024-07-01,2024-06-12,paid,3600.00,7860.36,853.80,12314.16
INV000658,MER0055,2024-05,2024-06-01,2024-07-01,2024-06-18,paid,7200.00,8067.00,876.24,16143.24
INV000659,MER0056,2024-05,2024-06-01,2024-07-01,2024-08-02,paid,1800.00,6639.84,721.22,9161.06
INV000660,MER0057,2024-05,2024-06-01,2024-07-01,2024-07-22,paid,1800.00,3746.97,407.00,5953.97
INV000661,MER0058,2024-05,2024-06-01,2024-07-01,,open,1800.00,5920.76,643.12,8363.88
INV000662,MER0059,2024-05,2024-06-01,2024-07-01,2024-06-16,paid,3600.00,5025.34,545.86,9171.20
INV000663,MER0060,2024-05,2024-06-01,2024-07-01,,open,7200.00,26471.21,2875.32,36546.53
INV000664,MER0061,2024-05,2024-06-01,2024-07-01,2024-06-11,paid,1800.00,3278.59,356.12,5434.71
INV000665,MER0062,2024-05,2024-06-01,2024-07-01,2024-06-16,paid,3600.00,8843.94,960.63,13404.57
INV000666,MER0063,2024-05,2024-06-01,2024-07-01,2024-08-14,paid,3600.00,10149.87,1102.49,14852.36
INV000667,MER0064,2024-05,2024-06-01,2024-07-01,2024-06-11,paid,1800.00,1294.91,140.65,3235.56
INV000668,MER0065,2024-05,2024-06-01,2024-07-01,2024-06-09,paid,3600.00,11852.53,1287.43,16739.96
INV000669,MER0066,2024-05,2024-06-01,2024-07-01,2024-06-05,paid,1800.00,6127.39,665.56,8592.95
INV000670,MER0067,2024-05,2024-06-01,2024-07-01,2024-06-12,paid,7200.00,17742.98,1927.26,26870.24
INV000671,MER0068,2024-05,2024-06-01,2024-07-01,2024-08-04,paid,3600.00,13340.30,1449.03,18389.33
INV000672,MER0069,2024-05,2024-06-01,2024-07-01,2024-07-06,paid,1800.00,3085.74,335.17,5220.91
INV000673,MER0070,2024-05,2024-06-01,2024-07-01,2024-06-05,paid,1800.00,892.66,96.96,2789.62
INV000674,MER0071,2024-05,2024-06-01,2024-07-01,2024-06-14,paid,7200.00,17544.62,1905.71,26650.33
INV000675,MER0072,2024-05,2024-06-01,2024-07-01,2024-08-10,paid,3600.00,6620.56,719.13,10939.69
INV000676,MER0073,2024-05,2024-06-01,2024-07-01,2024-06-27,paid,1800.00,3085.74,335.17,5220.91
INV000677,MER0074,2024-05,2024-06-01,2024-07-01,2024-06-28,paid,7200.00,15362.56,1668.69,24231.25
INV000678,MER0075,2024-05,2024-06-01,2024-07-01,2024-06-12,paid,3600.00,9058.84,983.98,13642.82
INV000679,MER0076,2024-05,2024-06-01,2024-07-01,2024-06-26,paid,1800.00,3264.82,354.63,5419.45
INV000680,MER0077,2024-05,2024-06-01,2024-07-01,2024-06-28,paid,1800.00,4121.66,447.70,6369.36
INV000681,MER0078,2024-05,2024-06-01,2024-07-01,2024-06-14,paid,3600.00,3322.68,360.91,7283.59
INV000682,MER0079,2024-05,2024-06-01,2024-07-01,2024-08-05,paid,7200.00,53802.02,5844.01,66846.03
INV000683,MER0080,2024-05,2024-06-01,2024-07-01,2024-06-30,paid,7200.00,15142.15,1644.75,23986.90
INV000684,MER0081,2024-05,2024-06-01,2024-07-01,2024-06-07,paid,3600.00,9124.96,991.16,13716.12
INV000685,MER0082,2024-05,2024-06-01,2024-07-01,2024-08-14,paid,3600.00,7769.44,843.92,12213.36
INV000686,MER0083,2024-05,2024-06-01,2024-07-01,2024-06-16,paid,3600.00,5405.55,587.15,9592.70
INV000687,MER0084,2024-05,2024-06-01,2024-07-01,2024-06-10,paid,3600.00,25382.94,2757.11,31740.05
INV000688,MER0085,2024-05,2024-06-01,2024-07-01,2024-06-20,paid,1800.00,1281.13,139.16,3220.29
INV000689,MER0086,2024-05,2024-06-01,2024-07-01,2024-07-09,paid,1800.00,2328.08,252.88,4380.96
INV000690,MER0087,2024-05,2024-06-01,2024-07-01,2024-06-09,paid,7200.00,18690.75,2030.20,27920.95
INV000691,MER0088,2024-05,2024-06-01,2024-07-01,2024-06-19,paid,1800.00,2038.79,221.45,4060.24
INV000692,MER0089,2024-05,2024-06-01,2024-07-01,2024-06-12,paid,1800.00,3614.72,392.63,5807.35
INV000693,MER0090,2024-05,2024-06-01,2024-07-01,,open,1800.00,4664.42,506.65,6971.07
INV000694,MER0091,2024-05,2024-06-01,2024-07-01,2024-07-21,paid,1800.00,6639.84,721.22,9161.06
INV000695,MER0092,2024-05,2024-06-01,2024-07-01,2024-06-08,paid,1800.00,3251.04,353.13,5404.17
INV000696,MER0093,2024-05,2024-06-01,2024-07-01,2024-06-17,paid,3600.00,4041.76,439.02,8080.78
INV000697,MER0094,2024-05,2024-06-01,2024-07-01,2024-06-05,paid,3600.00,19340.95,2100.83,25041.78
INV000698,MER0095,2024-05,2024-06-01,2024-07-01,2024-06-30,paid,1800.00,3206.96,348.34,5355.30
INV000699,MER0096,2024-05,2024-06-01,2024-07-01,2024-07-03,paid,1800.00,6375.35,692.49,8867.84
INV000700,MER0097,2024-05,2024-06-01,2024-07-01,2024-06-30,paid,1800.00,1377.56,149.63,3327.19
INV000701,MER0098,2024-05,2024-06-01,2024-07-01,2024-06-21,paid,7200.00,49614.23,5389.13,62203.36
INV000702,MER0099,2024-05,2024-06-01,2024-07-01,2024-06-04,paid,3600.00,5017.08,544.96,9162.04
INV000703,MER0100,2024-05,2024-06-01,2024-07-01,2024-08-07,paid,1800.00,1730.22,187.94,3718.16
INV000704,MER0101,2024-05,2024-06-01,2024-07-01,2024-06-27,paid,3600.00,16505.93,1792.89,21898.82
INV000705,MER0102,2024-05,2024-06-01,2024-07-01,2024-06-26,paid,3600.00,6769.33,735.29,11104.62
INV000706,MER0103,2024-05,2024-06-01,2024-07-01,2024-06-30,paid,1800.00,8025.67,871.75,10697.42
INV000707,MER0104,2024-05,2024-06-01,2024-07-01,2024-06-04,paid,7200.00,37337.41,4055.62,48593.03
INV000708,MER0105,2024-05,2024-06-01,2024-07-01,2024-06-09,paid,3600.00,11769.88,1278.45,16648.33
INV000709,MER0106,2024-05,2024-06-01,2024-07-01,2024-06-29,paid,1800.00,1347.25,146.34,3293.59
INV000710,MER0107,2024-05,2024-06-01,2024-07-01,2024-08-06,paid,1800.00,2460.32,267.24,4527.56
INV000711,MER0108,2024-05,2024-06-01,2024-07-01,2024-07-13,paid,3600.00,15332.25,1665.40,20597.65
INV000712,MER0109,2024-05,2024-06-01,2024-07-01,2024-06-04,paid,1800.00,2570.53,279.21,4649.74
INV000713,MER0110,2024-05,2024-06-01,2024-07-01,2024-07-08,paid,1800.00,5540.55,601.82,7942.37
INV000714,MER0111,2024-05,2024-06-01,2024-07-01,2024-06-13,paid,1800.00,1633.79,177.46,3611.25
INV000715,MER0112,2024-05,2024-06-01,2024-07-01,2024-07-24,paid,7200.00,21445.87,2329.46,30975.33
INV000716,MER0113,2024-05,2024-06-01,2024-07-01,2024-06-21,paid,1800.00,2587.06,281.01,4668.07
INV000717,MER0114,2024-05,2024-06-01,2024-07-01,2024-06-17,paid,3600.00,7645.46,830.46,12075.92
INV000718,MER0115,2024-05,2024-06-01,2024-07-01,2024-06-27,paid,7200.00,27441.01,2980.66,37621.67
INV000719,MER0116,2024-05,2024-06-01,2024-07-01,2024-06-22,paid,3600.00,7513.22,816.09,11929.31
INV000720,MER0117,2024-05,2024-06-01,2024-07-01,2024-06-26,paid,7200.00,40048.45,4350.09,51598.54
INV000721,MER0118,2024-05,2024-06-01,2024-07-01,2024-06-04,paid,7200.00,12673.56,1376.61,21250.17
INV000722,MER0119,2024-05,2024-06-01,2024-07-01,2024-06-20,paid,1800.00,3625.74,393.83,5819.57
INV000723,MER0120,2024-05,2024-06-01,2024-07-01,2024-06-23,paid,1800.00,1385.83,150.53,3336.36
INV000724,MER0121,2024-05,2024-06-01,2024-07-01,2024-06-28,paid,1800.00,1724.71,187.34,3712.05
INV000725,MER0122,2024-05,2024-06-01,2024-07-01,2024-06-04,paid,3600.00,2942.47,319.61,6862.08
INV000726,MER0123,2024-05,2024-06-01,2024-07-01,2024-06-24,paid,1800.00,3184.92,345.95,5330.87
INV000727,MER0124,2024-05,2024-06-01,2024-07-01,2024-06-24,paid,3600.00,8959.66,973.20,13532.86
INV000728,MER0125,2024-05,2024-06-01,2024-07-01,2024-06-24,paid,3600.00,15588.48,1693.23,20881.71
INV000729,MER0126,2024-05,2024-06-01,2024-07-01,2024-06-28,paid,1800.00,1614.50,175.37,3589.87
INV000730,MER0127,2024-05,2024-06-01,2024-07-01,2024-06-30,paid,3600.00,6356.07,690.40,10646.47
INV000731,MER0128,2024-05,2024-06-01,2024-07-01,2024-07-28,paid,3600.00,2554.00,277.42,6431.42
INV000732,MER0129,2024-05,2024-06-01,2024-07-01,2024-06-14,paid,1800.00,2047.06,222.35,4069.41
INV000733,MER0130,2024-05,2024-06-01,2024-07-01,,open,3600.00,5430.34,589.85,9620.19
INV000734,MER0131,2024-05,2024-06-01,2024-07-01,2024-06-30,paid,7200.00,34075.35,3701.29,44976.64
INV000735,MER0132,2024-05,2024-06-01,2024-07-01,2024-06-11,paid,1800.00,2198.59,238.81,4237.40
INV000736,MER0133,2024-05,2024-06-01,2024-07-01,2024-08-13,paid,1800.00,1471.23,159.81,3431.04
INV000737,MER0134,2024-05,2024-06-01,2024-07-01,2024-06-07,paid,7200.00,13885.81,1508.29,22594.10
INV000738,MER0135,2024-05,2024-06-01,2024-07-01,2024-06-27,paid,1800.00,2140.73,232.53,4173.26
INV000739,MER0136,2024-05,2024-06-01,2024-07-01,2024-06-05,paid,1800.00,2256.44,245.10,4301.54
INV000740,MER0137,2024-05,2024-06-01,2024-07-01,2024-07-08,paid,1800.00,1655.83,179.86,3635.69
INV000741,MER0138,2024-05,2024-06-01,2024-07-01,2024-06-25,paid,3600.00,7794.24,846.62,12240.86
INV000742,MER0139,2024-05,2024-06-01,2024-07-01,2024-06-26,paid,1800.00,2038.79,221.45,4060.24
INV000743,MER0140,2024-05,2024-06-01,2024-07-01,2024-06-21,paid,1800.00,6008.92,652.69,8461.61
INV000744,MER0141,2024-05,2024-06-01,2024-07-01,2024-06-20,paid,7200.00,8022.91,871.45,16094.36
INV000745,MER0142,2024-05,2024-06-01,2024-07-01,2024-08-12,paid,3600.00,7190.87,781.08,11571.95
INV000746,MER0143,2024-05,2024-06-01,2024-07-01,2024-06-26,paid,1800.00,4543.20,493.48,6836.68
INV000747,MER0144,2024-05,2024-06-01,2024-07-01,2024-06-08,paid,1800.00,983.58,106.84,2890.42
INV000748,MER0145,2024-05,2024-06-01,2024-07-01,2024-08-12,paid,7200.00,4011.46,435.73,11647.19
INV000749,MER0146,2024-05,2024-06-01,2024-07-01,2024-06-08,paid,3600.00,20861.78,2266.02,26727.80
INV000750,MER0147,2024-05,2024-06-01,2024-07-01,2024-06-25,paid,3600.00,13844.49,1503.80,18948.29
INV000751,MER0148,2024-05,2024-06-01,2024-07-01,2024-07-13,paid,3600.00,10968.14,1191.37,15759.51
INV000752,MER0149,2024-05,2024-06-01,2024-07-01,2024-06-04,paid,1800.00,2755.12,299.26,4854.38
INV000753,MER0150,2024-05,2024-06-01,2024-07-01,,open,1800.00,5992.39,650.90,8443.29
INV000754,MER0151,2024-05,2024-06-01,2024-07-01,2024-06-26,paid,7200.00,15053.99,1635.17,23889.16
INV000755,MER0152,2024-05,2024-06-01,2024-07-01,2024-06-10,paid,1800.00,5201.67,565.01,7566.68
INV000756,MER0153,2024-05,2024-06-01,2024-07-01,2024-06-04,paid,3600.00,7042.09,764.92,11407.01
INV000757,MER0154,2024-05,2024-06-01,2024-07-01,2024-07-21,paid,1800.00,7083.42,769.41,9652.83
INV000758,MER0155,2024-05,2024-06-01,2024-07-01,2024-07-11,paid,7200.00,45514.61,4943.83,57658.44
INV000759,MER0156,2024-05,2024-06-01,2024-07-01,,open,7200.00,19770.75,2147.51,29118.26
INV000760,MER0157,2024-05,2024-06-01,2024-07-01,2024-07-27,paid,1800.00,6537.90,710.15,9048.05
INV000761,MER0158,2024-05,2024-06-01,2024-07-01,2024-06-10,paid,1800.00,2303.28,250.18,4353.46
INV000762,MER0159,2024-05,2024-06-01,2024-07-01,2024-07-03,paid,3600.00,3645.03,395.93,7640.96
INV000763,MER0160,2024-05,2024-06-01,2024-07-01,2024-07-16,paid,3600.00,7744.65,841.23,12185.88
INV000764,MER0161,2024-05,2024-06-01,2024-07-01,2024-08-03,paid,3600.00,9786.19,1062.98,14449.17
INV000765,MER0001,2024-06,2024-07-01,2024-07-31,2024-07-04,paid,1800.00,7103.58,771.60,9675.18
INV000766,MER0002,2024-06,2024-07-01,2024-07-31,2024-07-13,paid,3600.00,5636.71,612.26,9848.97
INV000767,MER0003,2024-06,2024-07-01,2024-07-31,2024-07-29,paid,1800.00,6381.13,693.12,8874.25
INV000768,MER0004,2024-06,2024-07-01,2024-07-31,2024-09-03,paid,3600.00,6650.33,722.36,10972.69
INV000769,MER0005,2024-06,2024-07-01,2024-07-31,2024-07-23,paid,7200.00,31468.91,3418.17,42087.08
INV000770,MER0006,2024-06,2024-07-01,2024-07-31,2024-07-12,paid,1800.00,1101.52,119.65,3021.17
INV000771,MER0007,2024-06,2024-07-01,2024-07-31,2024-07-19,paid,7200.00,17272.74,1876.18,26348.92
INV000772,MER0008,2024-06,2024-07-01,2024-07-31,2024-07-24,paid,1800.00,1997.02,216.92,4013.94
INV000773,MER0009,2024-06,2024-07-01,2024-07-31,2024-08-15,paid,3600.00,3213.92,349.10,7163.02
INV000774,MER0010,2024-06,2024-07-01,2024-07-31,2024-07-13,paid,3600.00,8628.13,937.19,13165.32
INV000775,MER0011,2024-06,2024-07-01,2024-07-31,2024-07-09,paid,3600.00,6914.04,751.01,11265.05
INV000776,MER0012,2024-06,2024-07-01,2024-07-31,2024-07-30,paid,3600.00,10408.14,1130.54,15138.68
INV000777,MER0013,2024-06,2024-07-01,2024-07-31,2024-08-26,paid,7200.00,52521.43,5704.91,65426.34
INV000778,MER0014,2024-06,2024-07-01,2024-07-31,2024-07-11,paid,3600.00,20288.87,2203.79,26092.66
INV000779,MER0015,2024-06,2024-07-01,2024-07-31,2024-07-26,paid,1800.00,2442.03,265.25,4507.28
INV000780,MER0016,2024-06,2024-07-01,2024-07-31,2024-07-21,paid,3600.00,2587.61,281.07,6468.68
INV000781,MER0017,2024-06,2024-07-01,2024-07-31,2024-07-21,paid,1800.00,1972.30,214.23,3986.53
INV000782,MER0018,2024-06,2024-07-01,2024-07-31,2024-07-25,paid,3600.00,8553.96,929.14,13083.10
INV000783,MER0019,2024-06,2024-07-01,2024-07-31,2024-08-31,paid,3600.00,10630.64,1154.71,15385.35
INV000784,MER0020,2024-06,2024-07-01,2024-07-31,2024-09-01,paid,1800.00,5123.04,556.47,7479.51
INV000785,MER0021,2024-06,2024-07-01,2024-07-31,2024-07-14,paid,3600.00,11883.25,1290.77,16774.02
INV000786,MER0022,2024-06,2024-07-01,2024-07-31,2024-07-04,paid,7200.00,27051.83,2938.39,37190.22
INV000787,MER0023,2024-06,2024-07-01,2024-07-31,2024-07-29,paid,3600.00,12344.73,1340.89,17285.62
INV000788,MER0024,2024-06,2024-07-01,2024-07-31,2024-07-28,paid,1800.00,1873.41,203.49,3876.90
INV000789,MER0025,2024-06,2024-07-01,2024-07-31,2024-07-25,paid,1800.00,3057.34,332.09,5189.43
INV000790,MER0026,2024-06,2024-07-01,2024-07-31,2024-07-16,paid,3600.00,6856.35,744.74,11201.09
INV000791,MER0027,2024-06,2024-07-01,2024-07-31,2024-07-18,paid,7200.00,42214.92,4585.41,54000.33
INV000792,MER0028,2024-06,2024-07-01,2024-07-31,2024-07-11,paid,1800.00,3812.75,414.14,6026.89
INV000793,MER0029,2024-06,2024-07-01,2024-07-31,2024-09-01,paid,3600.00,6213.57,674.92,10488.49
INV000794,MER0030,2024-06,2024-07-01,2024-07-31,2024-07-15,paid,1800.00,1983.29,215.43,3998.72
INV000795,MER0031,2024-06,2024-07-01,2024-07-31,2024-07-13,paid,1800.00,2145.36,233.03,4178.39
INV000796,MER0032,2024-06,2024-07-01,2024-07-31,2024-07-08,paid,3600.00,3098.54,336.57,7035.11
INV000797,MER0033,2024-06,2024-07-01,2024-07-31,2024-07-27,paid,3600.00,10638.89,1155.60,15394.49
INV000798,MER0034,2024-06,2024-07-01,2024-07-31,2024-07-14,paid,1800.00,3807.25,413.55,6020.80
INV000799,MER0035,2024-06,2024-07-01,2024-07-31,2024-07-29,paid,7200.00,17602.37,1911.98,26714.35
INV000800,MER0036,2024-06,2024-07-01,2024-07-31,2024-07-15,paid,1800.00,8328.71,904.67,11033.38
INV000801,MER0037,2024-06,2024-07-01,2024-07-31,2024-07-06,paid,3600.00,3329.29,361.63,7290.92
INV000802,MER0038,2024-06,2024-07-01,2024-07-31,2024-07-08,paid,1800.00,6795.92,738.18,9334.10
INV000803,MER0039,2024-06,2024-07-01,2024-07-31,,open,7200.00,22854.51,2482.47,32536.98
INV000804,MER0040,2024-06,2024-07-01,2024-07-31,2024-08-20,paid,3600.00,11232.22,1220.05,16052.27
INV000805,MER0041,2024-06,2024-07-01,2024-07-31,2024-07-11,paid,3600.00,9856.01,1070.57,14526.58
INV000806,MER0042,2024-06,2024-07-01,2024-07-31,2024-07-06,paid,3600.00,22035.93,2393.56,28029.49
INV000807,MER0043,2024-06,2024-07-01,2024-07-31,2024-07-29,paid,1800.00,2812.86,305.54,4918.40
INV000808,MER0044,2024-06,2024-07-01,2024-07-31,2024-07-18,paid,1800.00,1172.94,127.41,3100.35
INV000809,MER0045,2024-06,2024-07-01,2024-07-31,2024-08-04,paid,3600.00,6897.56,749.22,11246.78
INV000810,MER0046,2024-06,2024-07-01,2024-07-31,,open,1800.00,2804.62,304.64,4909.26
INV000811,MER0047,2024-06,2024-07-01,2024-07-31,2024-09-10,paid,3600.00,5323.56,578.25,9501.81
INV000812,MER0048,2024-06,2024-07-01,2024-07-31,2024-07-07,paid,1800.00,2963.94,321.95,5085.89
INV000813,MER0049,2024-06,2024-07-01,2024-07-31,2024-07-25,paid,1800.00,843.31,91.60,2734.91
INV000814,MER0050,2024-06,2024-07-01,2024-07-31,2024-07-30,paid,3600.00,6007.55,652.54,10260.09
INV000815,MER0051,2024-06,2024-07-01,2024-07-31,2024-07-08,paid,3600.00,4763.19,517.38,8880.57
INV000816,MER0052,2024-06,2024-07-01,2024-07-31,2024-07-23,paid,1800.00,601.58,65.34,2466.92
INV000817,MER0053,2024-06,2024-07-01,2024-07-31,2024-08-10,paid,1800.00,5955.36,646.88,8402.24
INV000818,MER0054,2024-06,2024-07-01,2024-07-31,2024-07-07,paid,3600.00,7837.01,851.26,12288.27
INV000819,MER0055,2024-06,2024-07-01,2024-07-31,2024-08-31,paid,7200.00,8043.03,873.64,16116.67
INV000820,MER0056,2024-06,2024-07-01,2024-07-31,2024-07-29,paid,1800.00,6620.12,719.08,9139.20
INV000821,MER0057,2024-06,2024-07-01,2024-07-31,2024-07-29,paid,1800.00,3735.83,405.79,5941.62
INV000822,MER0058,2024-06,2024-07-01,2024-07-31,2024-07-26,paid,1800.00,5903.17,641.21,8344.38
INV000823,MER0059,2024-06,2024-07-01,2024-07-31,2024-09-04,paid,3600.00,5010.41,544.23,9154.64
INV000824,MER0060,2024-06,2024-07-01,2024-07-31,2024-07-07,paid,7200.00,26392.57,2866.78,36459.35
INV000825,MER0061,2024-06,2024-07-01,2024-07-31,2024-07-19,paid,1800.00,3268.85,355.07,5423.92
INV000826,MER0062,2024-06,2024-07-01,2024-07-31,2024-07-15,paid,3600.00,8817.67,957.78,13375.45
INV000827,MER0063,2024-06,2024-07-01,2024-07-31,2024-07-17,paid,3600.00,10119.71,1099.21,14818.92
INV000828,MER0064,2024-06,2024-07-01,2024-07-31,2024-07-15,paid,1800.00,1291.06,140.24,3231.30
INV000829,MER0066,2024-06,2024-07-01,2024-07-31,2024-07-19,paid,1800.00,6109.19,663.58,8572.77
INV000830,MER0067,2024-06,2024-07-01,2024-07-31,2024-07-22,paid,7200.00,17690.27,1921.53,26811.80
INV000831,MER0068,2024-06,2024-07-01,2024-07-31,2024-07-14,paid,3600.00,13300.67,1444.73,18345.40
INV000832,MER0069,2024-06,2024-07-01,2024-07-31,2024-08-08,paid,1800.00,3076.57,334.18,5210.75
INV000833,MER0070,2024-06,2024-07-01,2024-07-31,2024-07-20,paid,1800.00,890.01,96.67,2786.68
INV000834,MER0071,2024-06,2024-07-01,2024-07-31,2024-07-14,paid,7200.00,17492.49,1900.05,26592.54
INV000835,MER0072,2024-06,2024-07-01,2024-07-31,2024-07-14,paid,3600.00,6600.89,716.99,10917.88
INV000836,MER0073,2024-06,2024-07-01,2024-07-31,2024-07-10,paid,1800.00,3076.57,334.18,5210.75
INV000837,MER0074,2024-06,2024-07-01,2024-07-31,2024-07-23,paid,7200.00,15316.92,1663.73,24180.65
INV000838,MER0075,2024-06,2024-07-01,2024-07-31,2024-07-07,paid,3600.00,9031.93,981.05,13612.98
INV000839,MER0076,2024-06,2024-07-01,2024-07-31,2024-07-17,paid,1800.00,3255.12,353.57,5408.69
INV000840,MER0077,2024-06,2024-07-01,2024-07-31,2024-07-29,paid,1800.00,4109.42,446.37,6355.79
INV000841,MER0078,2024-06,2024-07-01,2024-07-31,2024-07-20,paid,3600.00,3312.81,359.84,7272.65
INV000842,MER0079,2024-06,2024-07-01,2024-07-31,2024-07-15,paid,7200.00,53642.18,5826.65,66668.83
INV000843,MER0080,2024-06,2024-07-01,2024-07-31,2024-07-11,paid,7200.00,15097.16,1639.86,23937.02
INV000844,MER0081,2024-06,2024-07-01,2024-07-31,2024-07-25,paid,3600.00,9097.85,988.22,13686.07
INV000845,MER0082,2024-06,2024-07-01,2024-07-31,2024-07-16,paid,3600.00,7746.36,841.42,12187.78
INV000846,MER0083,2024-06,2024-07-01,2024-07-31,2024-07-22,paid,3600.00,5389.49,585.41,9574.90
INV000847,MER0084,2024-06,2024-07-01,2024-07-31,2024-07-13,paid,3600.00,25307.53,2748.92,31656.45
INV000848,MER0085,2024-06,2024-07-01,2024-07-31,2024-07-25,paid,1800.00,1277.33,138.74,3216.07
INV000849,MER0086,2024-06,2024-07-01,2024-07-31,2024-07-20,paid,1800.00,2321.16,252.13,4373.29
INV000850,MER0087,2024-06,2024-07-01,2024-07-31,2024-07-04,paid,7200.00,18635.22,2024.17,27859.39
INV000851,MER0088,2024-06,2024-07-01,2024-07-31,2024-07-10,paid,1800.00,2032.73,220.80,4053.53
INV000852,MER0089,2024-06,2024-07-01,2024-07-31,2024-08-07,paid,1800.00,3603.98,391.47,5795.45
INV000853,MER0090,2024-06,2024-07-01,2024-07-31,2024-07-08,paid,1800.00,4650.56,505.15,6955.71
INV000854,MER0091,2024-06,2024-07-01,2024-07-31,2024-07-24,paid,1800.00,6620.12,719.08,9139.20
INV000855,MER0092,2024-06,2024-07-01,2024-07-31,2024-07-23,paid,1800.00,3241.39,352.08,5393.47
INV000856,MER0093,2024-06,2024-07-01,2024-07-31,2024-07-19,paid,3600.00,4029.76,437.71,8067.47
INV000857,MER0094,2024-06,2024-07-01,2024-07-31,2024-07-30,paid,3600.00,19283.49,2094.59,24978.08
INV000858,MER0095,2024-06,2024-07-01,2024-07-31,2024-08-02,paid,1800.00,3197.43,347.31,5344.74
INV000859,MER0096,2024-06,2024-07-01,2024-07-31,2024-08-11,paid,1800.00,6356.41,690.44,8846.85
INV000860,MER0097,2024-06,2024-07-01,2024-07-31,2024-07-15,paid,1800.00,1373.47,149.19,3322.66
INV000861,MER0098,2024-06,2024-07-01,2024-07-31,,open,7200.00,49466.83,5373.12,62039.95
INV000862,MER0099,2024-06,2024-07-01,2024-07-31,2024-07-12,paid,3600.00,5002.17,543.34,9145.51
INV000863,MER0100,2024-06,2024-07-01,2024-07-31,2024-07-29,paid,1800.00,1725.08,187.38,3712.46
INV000864,MER0101,2024-06,2024-07-01,2024-07-31,2024-07-17,paid,3600.00,16456.90,1787.56,21844.46
INV000865,MER0102,2024-06,2024-07-01,2024-07-31,2024-07-17,paid,3600.00,6749.22,733.11,11082.33
INV000866,MER0103,2024-06,2024-07-01,2024-07-31,2024-07-14,paid,1800.00,8001.83,869.16,10670.99
INV000867,MER0104,2024-06,2024-07-01,2024-07-31,2024-07-16,paid,7200.00,37226.48,4043.57,48470.05
INV000868,MER0105,2024-06,2024-07-01,2024-07-31,2024-07-15,paid,3600.00,11734.91,1274.65,16609.56
INV000869,MER0106,2024-06,2024-07-01,2024-07-31,2024-07-21,paid,1800.00,1343.25,145.90,3289.15
INV000870,MER0107,2024-06,2024-07-01,2024-07-31,2024-07-21,paid,1800.00,2453.01,266.45,4519.46
INV000871,MER0108,2024-06,2024-07-01,2024-07-31,2024-07-30,paid,3600.00,15286.70,1660.45,20547.15
INV000872,MER0109,2024-06,2024-07-01,2024-07-31,2024-07-14,paid,1800.00,2562.89,278.38,4641.27
INV000873,MER0110,2024-06,2024-07-01,2024-07-31,2024-07-08,paid,1800.00,5524.09,600.03,7924.12
INV000874,MER0111,2024-06,2024-07-01,2024-07-31,2024-07-19,paid,1800.00,1628.93,176.94,3605.87
INV000875,MER0112,2024-06,2024-07-01,2024-07-31,2024-07-20,paid,7200.00,21382.15,2322.54,30904.69
INV000876,MER0113,2024-06,2024-07-01,2024-07-31,2024-07-22,paid,1800.00,2579.37,280.17,4659.54
INV000877,MER0114,2024-06,2024-07-01,2024-07-31,2024-07-09,paid,3600.00,7622.75,827.99,12050.74
INV000878,MER0115,2024-06,2024-07-01,2024-07-31,,open,7200.00,27359.49,2971.81,37531.30
INV000879,MER0116,2024-06,2024-07-01,2024-07-31,2024-07-21,paid,3600.00,7490.90,813.67,11904.57
INV000880,MER0117,2024-06,2024-07-01,2024-07-31,2024-07-05,paid,7200.00,39929.47,4337.17,51466.64
INV000881,MER0118,2024-06,2024-07-01,2024-07-31,2024-07-29,paid,7200.00,12635.91,1372.52,21208.43
INV000882,MER0119,2024-06,2024-07-01,2024-07-31,2024-07-16,paid,1800.00,3614.97,392.66,5807.63
INV000883,MER0120,2024-06,2024-07-01,2024-07-31,2024-08-22,paid,1800.00,1381.71,150.08,3331.79
INV000884,MER0121,2024-06,2024-07-01,2024-07-31,2024-07-09,paid,1800.00,1719.58,186.78,3706.36
INV000885,MER0122,2024-06,2024-07-01,2024-07-31,2024-07-17,paid,3600.00,2933.73,318.66,6852.39
INV000886,MER0123,2024-06,2024-07-01,2024-07-31,2024-07-18,paid,1800.00,3175.46,344.92,5320.38
INV000887,MER0124,2024-06,2024-07-01,2024-07-31,2024-08-21,paid,3600.00,8933.04,970.31,13503.35
INV000888,MER0125,2024-06,2024-07-01,2024-07-31,2024-07-26,paid,3600.00,15542.17,1688.20,20830.37
INV000889,MER0126,2024-06,2024-07-01,2024-07-31,2024-07-28,paid,1800.00,1609.70,174.85,3584.55
INV000890,MER0127,2024-06,2024-07-01,2024-07-31,2024-07-05,paid,3600.00,6337.18,688.35,10625.53
INV000891,MER0128,2024-06,2024-07-01,2024-07-31,,open,3600.00,2546.41,276.59,6423.00
INV000892,MER0129,2024-06,2024-07-01,2024-07-31,2024-07-11,paid,1800.00,2040.97,221.69,4062.66
INV000893,MER0130,2024-06,2024-07-01,2024-07-31,2024-07-06,paid,3600.00,5414.21,588.10,9602.31
INV000894,MER0131,2024-06,2024-07-01,2024-07-31,2024-07-19,paid,7200.00,33974.11,3690.29,44864.40
INV000895,MER0132,2024-06,2024-07-01,2024-07-31,,open,1800.00,2192.06,238.10,4230.16
INV000896,MER0133,2024-06,2024-07-01,2024-07-31,2024-08-27,paid,1800.00,1466.86,159.33,3426.19
INV000897,MER0134,2024-06,2024-07-01,2024-07-31,2024-08-15,paid,7200.00,13844.56,1503.81,22548.37
INV000898,MER0135,2024-06,2024-07-01,2024-07-31,2024-07-23,paid,1800.00,2134.37,231.84,4166.21
INV000899,MER0136,2024-06,2024-07-01,2024-07-31,2024-07-09,paid,1800.00,2249.74,244.37,4294.11
INV000900,MER0137,2024-06,2024-07-01,2024-07-31,2024-07-08,paid,1800.00,1650.91,179.32,3630.23
INV000901,MER0138,2024-06,2024-07-01,2024-07-31,2024-07-13,paid,3600.00,7771.08,844.10,12215.18
INV000902,MER0139,2024-06,2024-07-01,2024-07-31,2024-07-07,paid,1800.00,2032.73,220.80,4053.53
INV000903,MER0140,2024-06,2024-07-01,2024-07-31,2024-07-23,paid,1800.00,5991.07,650.75,8441.82
INV000904,MER0141,2024-06,2024-07-01,2024-07-31,2024-07-05,paid,7200.00,7999.08,868.87,16067.95
INV000905,MER0142,2024-06,2024-07-01,2024-07-31,2024-07-17,paid,3600.00,7169.50,778.76,11548.26
INV000906,MER0143,2024-06,2024-07-01,2024-07-31,2024-07-06,paid,1800.00,4529.70,492.02,6821.72
INV000907,MER0144,2024-06,2024-07-01,2024-07-31,2024-07-09,paid,1800.00,980.66,106.52,2887.18
INV000908,MER0145,2024-06,2024-07-01,2024-07-31,2024-09-04,paid,7200.00,3999.54,434.43,11633.97
INV000909,MER0146,2024-06,2024-07-01,2024-07-31,2024-07-23,paid,3600.00,20799.80,2259.29,26659.09
INV000910,MER0147,2024-06,2024-07-01,2024-07-31,2024-08-18,paid,3600.00,13803.36,1499.33,18902.69
INV000911,MER0148,2024-06,2024-07-01,2024-07-31,2024-07-06,paid,3600.00,10935.55,1187.83,15723.38
INV000912,MER0149,2024-06,2024-07-01,2024-07-31,2024-07-06,paid,1800.00,2746.94,298.37,4845.31
INV000913,MER0150,2024-06,2024-07-01,2024-07-31,2024-07-09,paid,1800.00,5974.59,648.96,8423.55
INV000914,MER0151,2024-06,2024-07-01,2024-07-31,,open,7200.00,15009.26,1630.32,23839.58
INV000915,MER0152,2024-06,2024-07-01,2024-07-31,2024-07-23,paid,1800.00,5186.22,563.33,7549.55
INV000916,MER0153,2024-06,2024-07-01,2024-07-31,2024-08-03,paid,3600.00,7021.17,762.64,11383.81
INV000917,MER0154,2024-06,2024-07-01,2024-07-31,2024-07-11,paid,1800.00,7062.37,767.12,9629.49
INV000918,MER0155,2024-06,2024-07-01,2024-07-31,2024-07-20,paid,7200.00,45379.39,4929.14,57508.53
INV000919,MER0156,2024-06,2024-07-01,2024-07-31,2024-07-19,paid,7200.00,19712.02,2141.13,29053.15
INV000920,MER0157,2024-06,2024-07-01,2024-07-31,2024-08-20,paid,1800.00,6518.48,708.04,9026.52
INV000921,MER0158,2024-06,2024-07-01,2024-07-31,2024-07-21,paid,1800.00,2296.44,249.44,4345.88
INV000922,MER0159,2024-06,2024-07-01,2024-07-31,2024-07-13,paid,3600.00,3634.20,394.75,7628.95
INV000923,MER0160,2024-06,2024-07-01,2024-07-31,2024-07-14,paid,3600.00,7721.64,838.73,12160.37
INV000924,MER0161,2024-06,2024-07-01,2024-07-31,2024-07-26,paid,3600.00,9757.12,1059.82,14416.94
INV000925,MER0162,2024-06,2024-07-01,2024-07-31,2024-08-01,paid,1800.00,1455.88,158.14,3414.02
INV000926,MER0163,2024-06,2024-07-01,2024-07-31,2024-07-13,paid,1800.00,1461.37,158.73,3420.10
INV000927,MER0164,2024-06,2024-07-01,2024-07-31,2024-07-09,paid,3600.00,4919.76,534.39,9054.15
INV000928,MER0165,2024-06,2024-07-01,2024-07-31,2024-07-04,paid,7200.00,54938.73,5967.48,68106.21
INV000929,MER0001,2024-07,2024-08-01,2024-08-31,2024-08-08,paid,1800.00,7001.74,760.53,9562.27
INV000930,MER0002,2024-07,2024-08-01,2024-08-31,2024-08-14,paid,3600.00,5555.91,603.49,9759.40
INV000931,MER0003,2024-07,2024-08-01,2024-08-31,2024-08-11,paid,1800.00,6289.66,683.19,8772.85
INV000932,MER0004,2024-07,2024-08-01,2024-08-31,,open,3600.00,6555.00,712.01,10867.01
INV000933,MER0005,2024-07,2024-08-01,2024-08-31,2024-08-29,paid,7200.00,31017.78,3369.17,41586.95
INV000934,MER0006,2024-07,2024-08-01,2024-08-31,,open,1800.00,1085.73,117.93,3003.66
INV000935,MER0007,2024-07,2024-08-01,2024-08-31,2024-08-08,paid,7200.00,17025.12,1849.28,26074.40
INV000936,MER0008,2024-07,2024-08-01,2024-08-31,2024-08-04,paid,1800.00,1968.39,213.81,3982.20
INV000937,MER0009,2024-07,2024-08-01,2024-08-31,2024-08-10,paid,3600.00,3167.84,344.09,7111.93
INV000938,MER0010,2024-07,2024-08-01,2024-08-31,2024-08-13,paid,3600.00,8504.44,923.76,13028.20
INV000939,MER0011,2024-07,2024-08-01,2024-08-31,2024-08-10,paid,3600.00,6814.92,740.24,11155.16
INV000940,MER0012,2024-07,2024-08-01,2024-08-31,2024-08-27,paid,3600.00,10258.94,1114.33,14973.27
INV000941,MER0013,2024-07,2024-08-01,2024-08-31,2024-08-15,paid,7200.00,51768.50,5623.13,64591.63
INV000942,MER0014,2024-07,2024-08-01,2024-08-31,2024-08-11,paid,3600.00,19998.02,2172.20,25770.22
INV000943,MER0015,2024-07,2024-08-01,2024-08-31,2024-08-26,paid,1800.00,2407.02,261.45,4468.47
INV000944,MER0016,2024-07,2024-08-01,2024-08-31,2024-08-14,paid,3600.00,2550.52,277.04,6427.56
INV000945,MER0017,2024-07,2024-08-01,2024-08-31,2024-08-11,paid,1800.00,1944.03,211.16,3955.19
INV000946,MER0018,2024-07,2024-08-01,2024-08-31,2024-08-30,paid,3600.00,8431.33,915.82,12947.15
INV000947,MER0019,2024-07,2024-08-01,2024-08-31,2024-08-23,paid,3600.00,10478.25,1138.15,15216.40
INV000948,MER0020,2024-07,2024-08-01,2024-08-31,2024-10-08,paid,1800.00,5049.59,548.49,7398.08
INV000949,MER0021,2024-07,2024-08-01,2024-08-31,2024-08-22,paid,3600.00,11712.89,1272.26,16585.15
INV000950,MER0022,2024-07,2024-08-01,2024-08-31,2024-08-05,paid,7200.00,26664.03,2896.27,36760.30
INV000951,MER0023,2024-07,2024-08-01,2024-08-31,2024-08-18,paid,3600.00,12167.76,1321.67,17089.43
INV000952,MER0024,2024-07,2024-08-01,2024-08-31,2024-08-16,paid,1800.00,1846.55,200.57,3847.12
INV000953,MER0025,2024-07,2024-08-01,2024-08-31,2024-08-09,paid,1800.00,3013.51,327.33,5140.84
INV000954,MER0026,2024-07,2024-08-01,2024-08-31,,open,3600.00,6758.06,734.07,11092.13
INV000955,MER0027,2024-07,2024-08-01,2024-08-31,2024-08-11,paid,7200.00,41609.74,4519.68,53329.42
INV000956,MER0028,2024-07,2024-08-01,2024-08-31,2024-08-09,paid,1800.00,3758.09,408.21,5966.30
INV000957,MER0029,2024-07,2024-08-01,2024-08-31,2024-08-26,paid,3600.00,6124.49,665.25,10389.74
INV000958,MER0030,2024-07,2024-08-01,2024-08-31,2024-10-03,paid,1800.00,1954.86,212.34,3967.20
INV000959,MER0031,2024-07,2024-08-01,2024-08-31,2024-08-10,paid,1800.00,2114.60,229.69,4144.29
INV000960,MER0032,2024-07,2024-08-01,2024-08-31,2024-08-14,paid,3600.00,3054.12,331.74,6985.86
INV000961,MER0033,2024-07,2024-08-01,2024-08-31,2024-08-27,paid,3600.00,10486.37,1139.04,15225.41
INV000962,MER0034,2024-07,2024-08-01,2024-08-31,2024-08-17,paid,1800.00,3752.67,407.62,5960.29
INV000963,MER0035,2024-07,2024-08-01,2024-08-31,2024-08-13,paid,7200.00,17350.03,1884.57,26434.60
INV000964,MER0036,2024-07,2024-08-01,2024-08-31,2024-09-07,paid,1800.00,8209.31,891.70,10901.01
INV000965,MER0037,2024-07,2024-08-01,2024-08-31,2024-08-22,paid,3600.00,3281.56,356.45,7238.01
INV000966,MER0038,2024-07,2024-08-01,2024-08-31,2024-08-18,paid,1800.00,6698.50,727.60,9226.10
INV000967,MER0039,2024-07,2024-08-01,2024-08-31,2024-08-06,paid,7200.00,22526.88,2446.89,32173.77
INV000968,MER0040,2024-07,2024-08-01,2024-08-31,2024-08-27,paid,3600.00,11071.20,1202.56,15873.76
INV000969,MER0041,2024-07,2024-08-01,2024-08-31,2024-09-28,paid,3600.00,9714.72,1055.22,14369.94
INV000970,MER0042,2024-07,2024-08-01,2024-08-31,2024-08-08,paid,3600.00,21720.03,2359.24,27679.27
INV000971,MER0043,2024-07,2024-08-01,2024-08-31,,open,1800.00,2772.54,301.16,4873.70
INV000972,MER0044,2024-07,2024-08-01,2024-08-31,2024-08-16,paid,1800.00,1156.13,125.58,3081.71
INV000973,MER0045,2024-07,2024-08-01,2024-08-31,2024-08-14,paid,3600.00,6798.68,738.48,11137.16
INV000974,MER0046,2024-07,2024-08-01,2024-08-31,2024-09-02,paid,1800.00,2764.42,300.27,4864.69
INV000975,MER0047,2024-07,2024-08-01,2024-08-31,2024-08-21,paid,3600.00,5247.25,569.96,9417.21
INV000976,MER0049,2024-07,2024-08-01,2024-08-31,,open,1800.00,831.22,90.29,2721.51
INV000977,MER0050,2024-07,2024-08-01,2024-08-31,2024-08-22,paid,3600.00,5921.43,643.19,10164.62
INV000978,MER0051,2024-07,2024-08-01,2024-08-31,2024-08-05,paid,3600.00,4694.90,509.96,8804.86
INV000979,MER0052,2024-07,2024-08-01,2024-08-31,2024-08-11,paid,1800.00,592.95,64.41,2457.36
INV000980,MER0053,2024-07,2024-08-01,2024-08-31,2024-08-06,paid,1800.00,5869.98,637.60,8307.58
INV000981,MER0054,2024-07,2024-08-01,2024-08-31,2024-08-19,paid,3600.00,7724.66,839.06,12163.72
INV000982,MER0055,2024-07,2024-08-01,2024-08-31,2024-10-01,paid,7200.00,7927.73,861.12,15988.85
INV000983,MER0056,2024-07,2024-08-01,2024-08-31,2024-08-06,paid,1800.00,6525.21,708.77,9033.98
INV000984,MER0057,2024-07,2024-08-01,2024-08-31,,open,1800.00,3682.28,399.97,5882.25
INV000985,MER0058,2024-07,2024-08-01,2024-08-31,2024-08-06,paid,1800.00,5818.54,632.01,8250.55
INV000986,MER0059,2024-07,2024-08-01,2024-08-31,2024-08-24,paid,3600.00,4938.58,536.43,9075.01
INV000987,MER0060,2024-07,2024-08-01,2024-08-31,2024-10-10,paid,7200.00,26014.21,2825.68,36039.89
INV000988,MER0061,2024-07,2024-08-01,2024-08-31,2024-08-25,paid,1800.00,3221.99,349.98,5371.97
INV000989,MER0062,2024-07,2024-08-01,2024-08-31,2024-08-17,paid,3600.00,8691.26,944.05,13235.31
INV000990,MER0063,2024-07,2024-08-01,2024-08-31,2024-08-14,paid,3600.00,9974.64,1083.45,14658.09
INV000991,MER0064,2024-07,2024-08-01,2024-08-31,2024-08-18,paid,1800.00,1272.55,138.23,3210.78
INV000992,MER0066,2024-07,2024-08-01,2024-08-31,2024-08-09,paid,1800.00,6021.61,654.07,8475.68
INV000993,MER0067,2024-07,2024-08-01,2024-08-31,2024-08-12,paid,7200.00,17436.67,1893.98,26530.65
INV000994,MER0068,2024-07,2024-08-01,2024-08-31,2024-08-26,paid,3600.00,13109.99,1424.02,18134.01
INV000995,MER0069,2024-07,2024-08-01,2024-08-31,2024-08-23,paid,1800.00,3032.46,329.39,5161.85
INV000996,MER0070,2024-07,2024-08-01,2024-08-31,2024-08-08,paid,1800.00,877.25,95.29,2772.54
INV000997,MER0071,2024-07,2024-08-01,2024-08-31,2024-08-11,paid,7200.00,17241.73,1872.81,26314.54
INV000998,MER0072,2024-07,2024-08-01,2024-08-31,2024-08-13,paid,3600.00,6506.26,706.71,10812.97
INV000999,MER0073,2024-07,2024-08-01,2024-08-31,2024-08-21,paid,1800.00,3032.46,329.39,5161.85
INV001000,MER0074,2024-07,2024-08-01,2024-08-31,2024-08-20,paid,7200.00,15097.34,1639.88,23937.22
INV001001,MER0075,2024-07,2024-08-01,2024-08-31,2024-08-29,paid,3600.00,8902.45,966.99,13469.44
INV001002,MER0076,2024-07,2024-08-01,2024-08-31,2024-08-29,paid,1800.00,3208.46,348.50,5356.96
INV001003,MER0077,2024-07,2024-08-01,2024-08-31,2024-08-09,paid,1800.00,4050.51,439.97,6290.48
INV001004,MER0078,2024-07,2024-08-01,2024-08-31,2024-08-12,paid,3600.00,3265.31,354.68,7219.99
INV001005,MER0079,2024-07,2024-08-01,2024-08-31,2024-08-29,paid,7200.00,52873.18,5743.12,65816.30
INV001006,MER0080,2024-07,2024-08-01,2024-08-31,2024-08-18,paid,7200.00,14880.74,1616.36,23697.10
INV001007,MER0081,2024-07,2024-08-01,2024-08-31,2024-09-15,paid,3600.00,8967.43,974.05,13541.48
INV001008,MER0082,2024-07,2024-08-01,2024-08-31,2024-08-13,paid,3600.00,7635.31,829.35,12064.66
INV001009,MER0083,2024-07,2024-08-01,2024-08-31,2024-08-28,paid,3600.00,5312.23,577.02,9489.25
INV001010,MER0084,2024-07,2024-08-01,2024-08-31,2024-09-22,paid,3600.00,24944.73,2709.51,31254.24
INV001011,MER0085,2024-07,2024-08-01,2024-08-31,2024-08-24,paid,1800.00,1259.01,136.76,3195.77
INV001012,MER0086,2024-07,2024-08-01,2024-08-31,2024-08-30,paid,1800.00,2287.89,248.51,4336.40
INV001013,MER0087,2024-07,2024-08-01,2024-08-31,2024-08-17,paid,7200.00,18368.07,1995.15,27563.22
INV001014,MER0088,2024-07,2024-08-01,2024-08-31,2024-08-17,paid,1800.00,2003.59,217.63,4021.22
INV001015,MER0089,2024-07,2024-08-01,2024-08-31,2024-08-25,paid,1800.00,3552.32,385.85,5738.17
INV001016,MER0090,2024-07,2024-08-01,2024-08-31,2024-08-07,paid,1800.00,4583.89,497.91,6881.80
INV001017,MER0091,2024-07,2024-08-01,2024-08-31,2024-08-05,paid,1800.00,6525.21,708.77,9033.98
INV001018,MER0092,2024-07,2024-08-01,2024-08-31,2024-09-08,paid,1800.00,3194.92,347.03,5341.95
INV001019,MER0093,2024-07,2024-08-01,2024-08-31,2024-08-18,paid,3600.00,3971.99,431.44,8003.43
INV001020,MER0094,2024-07,2024-08-01,2024-08-31,2024-08-21,paid,3600.00,19007.05,2064.56,24671.61
INV001021,MER0095,2024-07,2024-08-01,2024-08-31,2024-08-08,paid,1800.00,3151.60,342.33,5293.93
INV001022,MER0096,2024-07,2024-08-01,2024-08-31,2024-10-01,paid,1800.00,6265.29,680.54,8745.83
INV001023,MER0097,2024-07,2024-08-01,2024-08-31,2024-08-25,paid,1800.00,1353.78,147.05,3300.83
INV001024,MER0098,2024-07,2024-08-01,2024-08-31,2024-08-06,paid,7200.00,48757.70,5296.09,61253.79
INV001025,MER0099,2024-07,2024-08-01,2024-08-31,2024-09-04,paid,3600.00,4930.46,535.55,9066.01
INV001026,MER0100,2024-07,2024-08-01,2024-08-31,2024-08-28,paid,1800.00,1700.35,184.69,3685.04
INV001027,MER0101,2024-07,2024-08-01,2024-08-31,2024-08-04,paid,3600.00,16220.98,1761.93,21582.91
INV001028,MER0102,2024-07,2024-08-01,2024-08-31,2024-08-27,paid,3600.00,6652.47,722.60,10975.07
INV001029,MER0103,2024-07,2024-08-01,2024-08-31,2024-08-19,paid,1800.00,7887.11,856.70,10543.81
INV001030,MER0104,2024-07,2024-08-01,2024-08-31,,open,7200.00,36692.82,3985.60,47878.42
INV001031,MER0105,2024-07,2024-08-01,2024-08-31,2024-08-18,paid,3600.00,11566.69,1256.38,16423.07
INV001032,MER0106,2024-07,2024-08-01,2024-08-31,,open,1800.00,1324.00,143.81,3267.81
INV001033,MER0107,2024-07,2024-08-01,2024-08-31,2024-08-18,paid,1800.00,2417.85,262.63,4480.48
INV001034,MER0108,2024-07,2024-08-01,2024-08-31,2024-09-21,paid,3600.00,15067.56,1636.65,20304.21
INV001035,MER0109,2024-07,2024-08-01,2024-08-31,2024-08-06,paid,1800.00,2526.15,274.39,4600.54
INV001036,MER0110,2024-07,2024-08-01,2024-08-31,2024-08-29,paid,1800.00,5444.90,591.43,7836.33
INV001037,MER0111,2024-07,2024-08-01,2024-08-31,2024-08-28,paid,1800.00,1605.58,174.40,3579.98
INV001038,MER0112,2024-07,2024-08-01,2024-08-31,2024-08-29,paid,7200.00,21075.63,2289.25,30564.88
INV001039,MER0113,2024-07,2024-08-01,2024-08-31,2024-08-30,paid,1800.00,2542.40,276.16,4618.56
INV001040,MER0114,2024-07,2024-08-01,2024-08-31,2024-08-25,paid,3600.00,7513.47,816.12,11929.59
INV001041,MER0115,2024-07,2024-08-01,2024-08-31,2024-08-14,paid,7200.00,26967.27,2929.20,37096.47
INV001042,MER0116,2024-07,2024-08-01,2024-08-31,2024-08-08,paid,3600.00,7383.51,802.00,11785.51
INV001043,MER0117,2024-07,2024-08-01,2024-08-31,2024-08-17,paid,7200.00,39357.06,4274.99,50832.05
INV001044,MER0118,2024-07,2024-08-01,2024-08-31,2024-08-15,paid,7200.00,12454.76,1352.85,21007.61
INV001045,MER0119,2024-07,2024-08-01,2024-08-31,2024-08-25,paid,1800.00,3563.15,387.03,5750.18
INV001046,MER0120,2024-07,2024-08-01,2024-08-31,,open,1800.00,1361.90,147.93,3309.83
INV001047,MER0121,2024-07,2024-08-01,2024-08-31,2024-09-22,paid,1800.00,1694.93,184.10,3679.03
INV001048,MER0122,2024-07,2024-08-01,2024-08-31,2024-08-19,paid,3600.00,2891.67,314.10,6805.77
INV001049,MER0123,2024-07,2024-08-01,2024-08-31,2024-08-06,paid,1800.00,3129.94,339.98,5269.92
INV001050,MER0124,2024-07,2024-08-01,2024-08-31,2024-08-28,paid,3600.00,8804.98,956.40,13361.38
INV001051,MER0125,2024-07,2024-08-01,2024-08-31,2024-08-07,paid,3600.00,15319.36,1664.00,20583.36
INV001052,MER0126,2024-07,2024-08-01,2024-08-31,2024-08-21,paid,1800.00,1586.63,172.34,3558.97
INV001053,MER0127,2024-07,2024-08-01,2024-08-31,2024-08-11,paid,3600.00,6246.33,678.48,10524.81
INV001054,MER0128,2024-07,2024-08-01,2024-08-31,2024-08-14,paid,3600.00,2509.91,272.63,6382.54
INV001055,MER0129,2024-07,2024-08-01,2024-08-31,2024-08-07,paid,1800.00,2011.71,218.51,4030.22
INV001056,MER0130,2024-07,2024-08-01,2024-08-31,2024-08-29,paid,3600.00,5336.60,579.66,9516.26
INV001057,MER0131,2024-07,2024-08-01,2024-08-31,2024-09-20,paid,7200.00,33487.07,3637.39,44324.46
INV001058,MER0132,2024-07,2024-08-01,2024-08-31,2024-08-07,paid,1800.00,2160.63,234.69,4195.32
INV001059,MER0133,2024-07,2024-08-01,2024-08-31,2024-10-11,paid,1800.00,1445.84,157.05,3402.89
INV001060,MER0134,2024-07,2024-08-01,2024-08-31,2024-08-18,paid,7200.00,13646.09,1482.25,22328.34
INV001061,MER0135,2024-07,2024-08-01,2024-08-31,2024-10-14,paid,1800.00,2103.77,228.51,4132.28
INV001062,MER0136,2024-07,2024-08-01,2024-08-31,2024-08-17,paid,1800.00,2217.49,240.87,4258.36
INV001063,MER0137,2024-07,2024-08-01,2024-08-31,,open,1800.00,1627.24,176.75,3603.99
INV001064,MER0138,2024-07,2024-08-01,2024-08-31,2024-09-12,paid,3600.00,7659.68,832.00,12091.68
INV001065,MER0139,2024-07,2024-08-01,2024-08-31,2024-08-30,paid,1800.00,2003.59,217.63,4021.22
INV001066,MER0140,2024-07,2024-08-01,2024-08-31,2024-10-02,paid,1800.00,5905.18,641.43,8346.61
INV001067,MER0141,2024-07,2024-08-01,2024-08-31,2024-08-13,paid,7200.00,7884.41,856.41,15940.82
INV001068,MER0142,2024-07,2024-08-01,2024-08-31,2024-08-16,paid,3600.00,7066.72,767.59,11434.31
INV001069,MER0143,2024-07,2024-08-01,2024-08-31,2024-08-17,paid,1800.00,4464.76,484.97,6749.73
INV001070,MER0144,2024-07,2024-08-01,2024-08-31,2024-08-06,paid,1800.00,966.60,104.99,2871.59
INV001071,MER0145,2024-07,2024-08-01,2024-08-31,2024-08-16,paid,7200.00,3942.20,428.20,11570.40
INV001072,MER0146,2024-07,2024-08-01,2024-08-31,2024-08-13,paid,3600.00,20501.63,2226.90,26328.53
INV001073,MER0147,2024-07,2024-08-01,2024-08-31,2024-08-06,paid,3600.00,13605.48,1477.84,18683.32
INV001074,MER0148,2024-07,2024-08-01,2024-08-31,2024-08-06,paid,3600.00,10778.79,1170.80,15549.59
INV001075,MER0149,2024-07,2024-08-01,2024-08-31,2024-08-26,paid,1800.00,2707.56,294.10,4801.66
INV001076,MER0150,2024-07,2024-08-01,2024-08-31,2024-09-06,paid,1800.00,5888.94,639.66,8328.60
INV001077,MER0151,2024-07,2024-08-01,2024-08-31,2024-08-18,paid,7200.00,14794.09,1606.94,23601.03
INV001078,MER0152,2024-07,2024-08-01,2024-08-31,2024-08-25,paid,1800.00,5111.87,555.25,7467.12
INV001079,MER0153,2024-07,2024-08-01,2024-08-31,2024-08-26,paid,3600.00,6920.52,751.71,11272.23
INV001080,MER0154,2024-07,2024-08-01,2024-08-31,2024-08-20,paid,1800.00,6961.13,756.12,9517.25
INV001081,MER0155,2024-07,2024-08-01,2024-08-31,2024-08-24,paid,7200.00,44728.85,4858.48,56787.33
INV001082,MER0156,2024-07,2024-08-01,2024-08-31,2024-09-30,paid,7200.00,19429.43,2110.44,28739.87
INV001083,MER0157,2024-07,2024-08-01,2024-08-31,2024-08-13,paid,1800.00,6425.03,697.89,8922.92
INV001084,MER0158,2024-07,2024-08-01,2024-08-31,2024-09-01,paid,1800.00,2263.52,245.86,4309.38
INV001085,MER0159,2024-07,2024-08-01,2024-08-31,2024-08-04,paid,3600.00,3582.10,389.09,7571.19
INV001086,MER0160,2024-07,2024-08-01,2024-08-31,2024-10-02,paid,3600.00,7610.94,826.71,12037.65
INV001087,MER0161,2024-07,2024-08-01,2024-08-31,2024-08-18,paid,3600.00,9617.24,1044.63,14261.87
INV001088,MER0162,2024-07,2024-08-01,2024-08-31,2024-08-22,paid,1800.00,1435.01,155.87,3390.88
INV001089,MER0163,2024-07,2024-08-01,2024-08-31,2024-08-10,paid,1800.00,1440.42,156.46,3396.88
INV001090,MER0164,2024-07,2024-08-01,2024-08-31,2024-08-25,paid,3600.00,4849.24,526.73,8975.97
INV001091,MER0165,2024-07,2024-08-01,2024-08-31,2024-08-04,paid,7200.00,54151.15,5881.94,67233.09
INV001092,MER0166,2024-07,2024-08-01,2024-08-31,2024-08-09,paid,1800.00,2350.16,255.28,4405.44
INV001093,MER0167,2024-07,2024-08-01,2024-08-31,2024-08-11,paid,1800.00,2750.88,298.80,4849.68
INV001094,MER0168,2024-07,2024-08-01,2024-08-31,2024-08-11,paid,1800.00,928.69,100.88,2829.57
INV001095,MER0001,2024-08,2024-09-01,2024-10-01,2024-09-14,paid,1800.00,6908.63,750.42,9459.05
INV001096,MER0002,2024-08,2024-09-01,2024-10-01,2024-09-06,paid,3600.00,5482.02,595.46,9677.48
INV001097,MER0003,2024-08,2024-09-01,2024-10-01,2024-10-10,paid,1800.00,6206.01,674.10,8680.11
INV001098,MER0004,2024-08,2024-09-01,2024-10-01,2024-09-17,paid,3600.00,6467.82,702.54,10770.36
INV001099,MER0005,2024-08,2024-09-01,2024-10-01,2024-09-04,paid,7200.00,30605.28,3324.37,41129.65
INV001100,MER0006,2024-08,2024-09-01,2024-10-01,2024-09-12,paid,1800.00,1071.29,116.36,2987.65
INV001101,MER0007,2024-08,2024-09-01,2024-10-01,2024-09-27,paid,7200.00,16798.71,1824.69,25823.40
INV001102,MER0008,2024-08,2024-09-01,2024-10-01,2024-09-29,paid,1800.00,1942.22,210.96,3953.18
INV001103,MER0009,2024-08,2024-09-01,2024-10-01,2024-09-14,paid,3600.00,3125.71,339.52,7065.23
INV001104,MER0010,2024-08,2024-09-01,2024-10-01,2024-09-09,paid,3600.00,8391.34,911.47,12902.81
INV001105,MER0011,2024-08,2024-09-01,2024-10-01,2024-09-06,paid,3600.00,6724.29,730.40,11054.69
INV001106,MER0012,2024-08,2024-09-01,2024-10-01,2024-09-05,paid,3600.00,10122.50,1099.51,14822.01
INV001107,MER0013,2024-08,2024-09-01,2024-10-01,2024-09-30,paid,7200.00,51080.03,5548.35,63828.38
INV001108,MER0014,2024-08,2024-09-01,2024-10-01,2024-09-28,paid,3600.00,19732.07,2143.31,25475.38
INV001109,MER0015,2024-08,2024-09-01,2024-10-01,2024-09-11,paid,1800.00,2375.01,257.98,4432.99
INV001110,MER0016,2024-08,2024-09-01,2024-10-01,,open,3600.00,2516.60,273.35,6389.95
INV001111,MER0017,2024-08,2024-09-01,2024-10-01,2024-09-23,paid,1800.00,1918.17,208.35,3926.52
INV001112,MER0018,2024-08,2024-09-01,2024-10-01,2024-09-05,paid,3600.00,8319.21,903.64,12822.85
INV001113,MER0019,2024-08,2024-09-01,2024-10-01,2024-09-13,paid,3600.00,10338.90,1123.02,15061.92
INV001114,MER0020,2024-08,2024-09-01,2024-10-01,2024-09-15,paid,1800.00,4982.44,541.20,7323.64
INV001115,MER0021,2024-08,2024-09-01,2024-10-01,2024-09-20,paid,3600.00,11557.12,1255.34,16412.46
INV001116,MER0022,2024-08,2024-09-01,2024-10-01,2024-10-09,paid,7200.00,26309.42,2857.75,36367.17
INV001117,MER0023,2024-08,2024-09-01,2024-10-01,2024-09-17,paid,3600.00,12005.94,1304.09,16910.03
INV001118,MER0024,2024-08,2024-09-01,2024-10-01,2024-09-11,paid,1800.00,1822.00,197.91,3819.91
INV001119,MER0025,2024-08,2024-09-01,2024-10-01,2024-09-28,paid,1800.00,2973.43,322.98,5096.41
INV001120,MER0026,2024-08,2024-09-01,2024-10-01,2024-10-08,paid,3600.00,6668.19,724.30,10992.49
INV001121,MER0027,2024-08,2024-09-01,2024-10-01,2024-09-23,paid,7200.00,41056.38,4459.57,52715.95
INV001122,MER0028,2024-08,2024-09-01,2024-10-01,2024-09-24,paid,1800.00,3708.11,402.78,5910.89
INV001123,MER0029,2024-08,2024-09-01,2024-10-01,,open,3600.00,6043.05,656.40,10299.45
INV001124,MER0030,2024-08,2024-09-01,2024-10-01,2024-10-09,paid,1800.00,1928.86,209.51,3938.37
INV001125,MER0031,2024-08,2024-09-01,2024-10-01,2024-09-06,paid,1800.00,2086.48,226.63,4113.11
INV001126,MER0032,2024-08,2024-09-01,2024-10-01,2024-09-24,paid,3600.00,3013.51,327.33,6940.84
INV001127,MER0033,2024-08,2024-09-01,2024-10-01,2024-09-28,paid,3600.00,10346.91,1123.89,15070.80
INV001128,MER0034,2024-08,2024-09-01,2024-10-01,2024-09-07,paid,1800.00,3702.77,402.20,5904.97
INV001129,MER0035,2024-08,2024-09-01,2024-10-01,2024-09-13,paid,7200.00,17119.29,1859.51,26178.80
INV001130,MER0036,2024-08,2024-09-01,2024-10-01,2024-09-07,paid,1800.00,8100.14,879.84,10779.98
INV001131,MER0037,2024-08,2024-09-01,2024-10-01,2024-11-06,paid,3600.00,3237.92,351.70,7189.62
INV001132,MER0038,2024-08,2024-09-01,2024-10-01,2024-09-15,paid,1800.00,6609.41,717.92,9127.33
INV001133,MER0039,2024-08,2024-09-01,2024-10-01,2024-09-06,paid,7200.00,22227.29,2414.34,31841.63
INV001134,MER0040,2024-08,2024-09-01,2024-10-01,2024-09-19,paid,3600.00,10923.97,1186.57,15710.54
INV001135,MER0041,2024-08,2024-09-01,2024-10-01,2024-10-30,paid,3600.00,9585.52,1041.19,14226.71
INV001136,MER0042,2024-08,2024-09-01,2024-10-01,2024-09-18,paid,3600.00,21431.17,2327.87,27359.04
INV001137,MER0043,2024-08,2024-09-01,2024-10-01,2024-09-26,paid,1800.00,2735.67,297.15,4832.82
INV001138,MER0044,2024-08,2024-09-01,2024-10-01,2024-10-21,paid,1800.00,1140.75,123.91,3064.66
INV001139,MER0045,2024-08,2024-09-01,2024-10-01,2024-09-20,paid,3600.00,6708.26,728.66,11036.92
INV001140,MER0046,2024-08,2024-09-01,2024-10-01,2024-09-26,paid,1800.00,2727.65,296.28,4823.93
INV001141,MER0047,2024-08,2024-09-01,2024-10-01,2024-10-24,paid,3600.00,5177.46,562.38,9339.84
INV001142,MER0049,2024-08,2024-09-01,2024-10-01,2024-09-20,paid,1800.00,820.17,89.09,2709.26
INV001143,MER0050,2024-08,2024-09-01,2024-10-01,2024-09-19,paid,3600.00,5842.68,634.64,10077.32
INV001144,MER0051,2024-08,2024-09-01,2024-10-01,2024-09-14,paid,3600.00,4632.47,503.18,8735.65
INV001145,MER0052,2024-08,2024-09-01,2024-10-01,2024-09-10,paid,1800.00,585.07,63.55,2448.62
INV001146,MER0053,2024-08,2024-09-01,2024-10-01,2024-09-09,paid,1800.00,5791.92,629.12,8221.04
INV001147,MER0054,2024-08,2024-09-01,2024-10-01,2024-09-13,paid,3600.00,7621.93,827.90,12049.83
INV001148,MER0055,2024-08,2024-09-01,2024-10-01,2024-10-09,paid,7200.00,7822.30,849.66,15871.96
INV001149,MER0056,2024-08,2024-09-01,2024-10-01,2024-11-08,paid,1800.00,6438.44,699.35,8937.79
INV001150,MER0057,2024-08,2024-09-01,2024-10-01,2024-09-11,paid,1800.00,3633.31,394.65,5827.96
INV001151,MER0058,2024-08,2024-09-01,2024-10-01,2024-09-27,paid,1800.00,5741.16,623.61,8164.77
INV001152,MER0059,2024-08,2024-09-01,2024-10-01,2024-09-13,paid,3600.00,4872.91,529.30,9002.21
INV001153,MER0060,2024-08,2024-09-01,2024-10-01,2024-09-25,paid,7200.00,25668.25,2788.10,35656.35
INV001154,MER0061,2024-08,2024-09-01,2024-10-01,2024-10-11,paid,1800.00,3179.14,345.32,5324.46
INV001155,MER0062,2024-08,2024-09-01,2024-10-01,2024-09-27,paid,3600.00,8575.67,931.50,13107.17
INV001156,MER0063,2024-08,2024-09-01,2024-10-01,2024-09-09,paid,3600.00,9841.99,1069.04,14511.03
INV001157,MER0064,2024-08,2024-09-01,2024-10-01,2024-09-24,paid,1800.00,1255.63,136.39,3192.02
INV001158,MER0066,2024-08,2024-09-01,2024-10-01,2024-09-28,paid,1800.00,5941.53,645.37,8386.90
INV001159,MER0067,2024-08,2024-09-01,2024-10-01,2024-09-24,paid,7200.00,17204.78,1868.80,26273.58
INV001160,MER0068,2024-08,2024-09-01,2024-10-01,2024-09-26,paid,3600.00,12935.64,1405.08,17940.72
INV001161,MER0070,2024-08,2024-09-01,2024-10-01,2024-09-21,paid,1800.00,865.58,94.02,2759.60
INV001162,MER0071,2024-08,2024-09-01,2024-10-01,2024-09-05,paid,7200.00,17012.43,1847.90,26060.33
INV001163,MER0072,2024-08,2024-09-01,2024-10-01,2024-09-11,paid,3600.00,6419.73,697.32,10717.05
INV001164,MER0073,2024-08,2024-09-01,2024-10-01,2024-09-29,paid,1800.00,2992.14,325.01,5117.15
INV001165,MER0074,2024-08,2024-09-01,2024-10-01,2024-09-20,paid,7200.00,14896.56,1618.07,23714.63
INV001166,MER0075,2024-08,2024-09-01,2024-10-01,2024-09-24,paid,3600.00,8784.06,954.13,13338.19
INV001167,MER0076,2024-08,2024-09-01,2024-10-01,2024-09-23,paid,1800.00,3165.79,343.87,5309.66
INV001168,MER0077,2024-08,2024-09-01,2024-10-01,2024-11-13,paid,1800.00,3996.64,434.12,6230.76
INV001169,MER0078,2024-08,2024-09-01,2024-10-01,2024-09-30,paid,3600.00,3221.89,349.96,7171.85
INV001170,MER0079,2024-08,2024-09-01,2024-10-01,2024-09-06,paid,7200.00,52170.03,5666.74,65036.77
INV001171,MER0080,2024-08,2024-09-01,2024-10-01,2024-09-11,paid,7200.00,14682.84,1594.86,23477.70
INV001172,MER0081,2024-08,2024-09-01,2024-10-01,2024-11-04,paid,3600.00,8848.17,961.09,13409.26
INV001173,MER0082,2024-08,2024-09-01,2024-10-01,2024-09-20,paid,3600.00,7533.77,818.32,11952.09
INV001174,MER0083,2024-08,2024-09-01,2024-10-01,2024-09-06,paid,3600.00,5241.58,569.34,9410.92
INV001175,MER0084,2024-08,2024-09-01,2024-10-01,2024-09-14,paid,3600.00,24612.99,2673.48,30886.47
INV001176,MER0085,2024-08,2024-09-01,2024-10-01,2024-10-14,paid,1800.00,1242.27,134.94,3177.21
INV001177,MER0086,2024-08,2024-09-01,2024-10-01,2024-09-05,paid,1800.00,2257.46,245.21,4302.67
INV001178,MER0087,2024-08,2024-09-01,2024-10-01,2024-09-26,paid,7200.00,18123.79,1968.62,27292.41
INV001179,MER0088,2024-08,2024-09-01,2024-10-01,2024-09-30,paid,1800.00,1976.95,214.74,3991.69
INV001180,MER0089,2024-08,2024-09-01,2024-10-01,2024-10-04,paid,1800.00,3505.07,380.72,5685.79
INV001181,MER0090,2024-08,2024-09-01,2024-10-01,2024-10-26,paid,1800.00,4522.93,491.28,6814.21
INV001182,MER0091,2024-08,2024-09-01,2024-10-01,2024-09-25,paid,1800.00,6438.44,699.35,8937.79
INV001183,MER0092,2024-08,2024-09-01,2024-10-01,2024-09-28,paid,1800.00,3152.43,342.42,5294.85
INV001184,MER0093,2024-08,2024-09-01,2024-10-01,2024-09-28,paid,3600.00,3919.16,425.70,7944.86
INV001185,MER0094,2024-08,2024-09-01,2024-10-01,2024-09-09,paid,3600.00,18754.28,2037.10,24391.38
INV001186,MER0095,2024-08,2024-09-01,2024-10-01,2024-10-26,paid,1800.00,3109.68,337.78,5247.46
INV001187,MER0096,2024-08,2024-09-01,2024-10-01,2024-09-16,paid,1800.00,6181.97,671.49,8653.46
INV001188,MER0097,2024-08,2024-09-01,2024-10-01,,open,1800.00,1335.77,145.09,3280.86
INV001189,MER0098,2024-08,2024-09-01,2024-10-01,2024-09-04,paid,7200.00,48109.27,5225.66,60534.93
INV001190,MER0099,2024-08,2024-09-01,2024-10-01,2024-09-18,paid,3600.00,4864.89,528.43,8993.32
INV001191,MER0100,2024-08,2024-09-01,2024-10-01,2024-09-04,paid,1800.00,1677.73,182.24,3659.97
INV001192,MER0101,2024-08,2024-09-01,2024-10-01,2024-09-27,paid,3600.00,16005.26,1738.50,21343.76
INV001193,MER0102,2024-08,2024-09-01,2024-10-01,2024-09-24,paid,3600.00,6564.00,712.99,10876.99
INV001194,MER0103,2024-08,2024-09-01,2024-10-01,2024-09-26,paid,1800.00,7782.22,845.31,10427.53
INV001195,MER0104,2024-08,2024-09-01,2024-10-01,2024-09-19,paid,7200.00,36204.84,3932.60,47337.44
INV001196,MER0105,2024-08,2024-09-01,2024-10-01,2024-10-17,paid,3600.00,11412.86,1239.67,16252.53
INV001197,MER0106,2024-08,2024-09-01,2024-10-01,2024-09-20,paid,1800.00,1306.39,141.90,3248.29
INV001198,MER0107,2024-08,2024-09-01,2024-10-01,2024-09-10,paid,1800.00,2385.69,259.14,4444.83
INV001199,MER0108,2024-08,2024-09-01,2024-10-01,2024-09-21,paid,3600.00,14867.17,1614.88,20082.05
INV001200,MER0109,2024-08,2024-09-01,2024-10-01,2024-10-11,paid,1800.00,2492.56,270.74,4563.30
INV001201,MER0110,2024-08,2024-09-01,2024-10-01,2024-09-04,paid,1800.00,5372.49,583.56,7756.05
INV001202,MER0111,2024-08,2024-09-01,2024-10-01,2024-09-07,paid,1800.00,1584.23,172.08,3556.31
INV001203,MER0112,2024-08,2024-09-01,2024-10-01,2024-09-21,paid,7200.00,20795.34,2258.80,30254.14
INV001204,MER0113,2024-08,2024-09-01,2024-10-01,2024-11-09,paid,1800.00,2508.59,272.48,4581.07
INV001205,MER0114,2024-08,2024-09-01,2024-10-01,2024-09-15,paid,3600.00,7413.55,805.27,11818.82
INV001206,MER0115,2024-08,2024-09-01,2024-10-01,2024-09-20,paid,7200.00,26608.64,2890.25,36698.89
INV001207,MER0116,2024-08,2024-09-01,2024-10-01,2024-09-19,paid,3600.00,7285.32,791.34,11676.66
INV001208,MER0117,2024-08,2024-09-01,2024-10-01,,open,7200.00,38833.65,4218.14,50251.79
INV001209,MER0118,2024-08,2024-09-01,2024-10-01,2024-10-14,paid,7200.00,12289.13,1334.85,20823.98
INV001210,MER0119,2024-08,2024-09-01,2024-10-01,2024-09-05,paid,1800.00,3515.76,381.88,5697.64
INV001211,MER0120,2024-08,2024-09-01,2024-10-01,2024-09-07,paid,1800.00,1343.79,145.96,3289.75
INV001212,MER0121,2024-08,2024-09-01,2024-10-01,,open,1800.00,1672.39,181.66,3654.05
INV001213,MER0122,2024-08,2024-09-01,2024-10-01,2024-09-18,paid,3600.00,2853.22,309.92,6763.14
INV001214,MER0123,2024-08,2024-09-01,2024-10-01,,open,1800.00,3088.31,335.45,5223.76
INV001215,MER0124,2024-08,2024-09-01,2024-10-01,2024-09-17,paid,3600.00,8687.88,943.68,13231.56
INV001216,MER0125,2024-08,2024-09-01,2024-10-01,2024-09-14,paid,3600.00,15115.63,1641.87,20357.50
INV001217,MER0126,2024-08,2024-09-01,2024-10-01,2024-11-04,paid,1800.00,1565.53,170.05,3535.58
INV001218,MER0127,2024-08,2024-09-01,2024-10-01,2024-10-22,paid,3600.00,6163.27,669.46,10432.73
INV001219,MER0128,2024-08,2024-09-01,2024-10-01,2024-09-29,paid,3600.00,2476.53,269.00,6345.53
INV001220,MER0129,2024-08,2024-09-01,2024-10-01,2024-09-21,paid,1800.00,1984.96,215.61,4000.57
INV001221,MER0130,2024-08,2024-09-01,2024-10-01,2024-09-08,paid,3600.00,5265.62,571.96,9437.58
INV001222,MER0131,2024-08,2024-09-01,2024-10-01,2024-09-12,paid,7200.00,33041.73,3589.02,43830.75
INV001223,MER0132,2024-08,2024-09-01,2024-10-01,2024-10-05,paid,1800.00,2131.90,231.57,4163.47
INV001224,MER0133,2024-08,2024-09-01,2024-10-01,2024-09-21,paid,1800.00,1426.61,154.96,3381.57
INV001225,MER0134,2024-08,2024-09-01,2024-10-01,2024-09-24,paid,7200.00,13464.61,1462.54,22127.15
INV001226,MER0135,2024-08,2024-09-01,2024-10-01,2024-09-15,paid,1800.00,2075.79,225.47,4101.26
INV001227,MER0136,2024-08,2024-09-01,2024-10-01,,open,1800.00,2188.00,237.66,4225.66
INV001228,MER0137,2024-08,2024-09-01,2024-10-01,2024-09-09,paid,1800.00,1605.60,174.40,3580.00
INV001229,MER0138,2024-08,2024-09-01,2024-10-01,2024-09-26,paid,3600.00,7557.81,820.94,11978.75
INV001230,MER0139,2024-08,2024-09-01,2024-10-01,2024-09-10,paid,1800.00,1976.95,214.74,3991.69
INV001231,MER0140,2024-08,2024-09-01,2024-10-01,2024-09-12,paid,1800.00,5826.65,632.89,8259.54
INV001232,MER0141,2024-08,2024-09-01,2024-10-01,2024-09-19,paid,7200.00,7779.55,845.02,15824.57
INV001233,MER0142,2024-08,2024-09-01,2024-10-01,2024-09-09,paid,3600.00,6972.75,757.38,11330.13
INV001234,MER0143,2024-08,2024-09-01,2024-10-01,2024-09-14,paid,1800.00,4405.39,478.52,6683.91
INV001235,MER0144,2024-08,2024-09-01,2024-10-01,2024-11-12,paid,1800.00,953.74,103.60,2857.34
INV001236,MER0145,2024-08,2024-09-01,2024-10-01,2024-09-18,paid,7200.00,3889.78,422.51,11512.29
INV001237,MER0146,2024-08,2024-09-01,2024-10-01,2024-09-27,paid,3600.00,20228.98,2197.29,26026.27
INV001238,MER0147,2024-08,2024-09-01,2024-10-01,2024-09-06,paid,3600.00,13424.54,1458.18,18482.72
INV001239,MER0148,2024-08,2024-09-01,2024-10-01,2024-10-09,paid,3600.00,10635.44,1155.23,15390.67
INV001240,MER0149,2024-08,2024-09-01,2024-10-01,2024-09-30,paid,1800.00,2671.55,290.19,4761.74
INV001241,MER0150,2024-08,2024-09-01,2024-10-01,2024-09-21,paid,1800.00,5810.62,631.15,8241.77
INV001242,MER0151,2024-08,2024-09-01,2024-10-01,2024-09-11,paid,7200.00,14597.35,1585.57,23382.92
INV001243,MER0152,2024-08,2024-09-01,2024-10-01,2024-09-21,paid,1800.00,5043.89,547.87,7391.76
INV001244,MER0153,2024-08,2024-09-01,2024-10-01,2024-09-22,paid,3600.00,6828.48,741.71,11170.19
INV001245,MER0154,2024-08,2024-09-01,2024-10-01,2024-09-16,paid,1800.00,6868.55,746.07,9414.62
INV001246,MER0155,2024-08,2024-09-01,2024-10-01,2024-09-16,paid,7200.00,44134.00,4793.87,56127.87
INV001247,MER0156,2024-08,2024-09-01,2024-10-01,2024-09-17,paid,7200.00,19171.04,2082.37,28453.41
INV001248,MER0157,2024-08,2024-09-01,2024-10-01,2024-09-07,paid,1800.00,6339.59,688.61,8828.20
INV001249,MER0158,2024-08,2024-09-01,2024-10-01,2024-09-10,paid,1800.00,2233.42,242.60,4276.02
INV001250,MER0159,2024-08,2024-09-01,2024-10-01,2024-09-24,paid,3600.00,3534.46,383.92,7518.38
INV001251,MER0160,2024-08,2024-09-01,2024-10-01,2024-09-09,paid,3600.00,7509.73,815.71,11925.44
INV001252,MER0161,2024-08,2024-09-01,2024-10-01,2024-09-04,paid,3600.00,9489.34,1030.74,14120.08
INV001253,MER0162,2024-08,2024-09-01,2024-10-01,2024-09-12,paid,1800.00,1415.92,153.80,3369.72
INV001254,MER0163,2024-08,2024-09-01,2024-10-01,2024-09-12,paid,1800.00,1421.26,154.38,3375.64
INV001255,MER0164,2024-08,2024-09-01,2024-10-01,2024-09-05,paid,3600.00,4784.75,519.72,8904.47
INV001256,MER0165,2024-08,2024-09-01,2024-10-01,2024-09-26,paid,7200.00,53431.00,5803.71,66434.71
INV001257,MER0166,2024-08,2024-09-01,2024-10-01,2024-09-30,paid,1800.00,2318.91,251.88,4370.79
INV001258,MER0167,2024-08,2024-09-01,2024-10-01,2024-10-03,paid,1800.00,2714.29,294.83,4809.12
INV001259,MER0168,2024-08,2024-09-01,2024-10-01,2024-09-23,paid,1800.00,916.34,99.53,2815.87
INV001260,MER0169,2024-08,2024-09-01,2024-10-01,2024-09-04,paid,1800.00,1250.29,135.81,3186.10
INV001261,MER0170,2024-08,2024-09-01,2024-10-01,2024-09-16,paid,3600.00,6684.22,726.04,11010.26
INV001262,MER0171,2024-08,2024-09-01,2024-10-01,,open,3600.00,8166.93,887.10,12654.03
INV001263,MER0172,2024-08,2024-09-01,2024-10-01,2024-09-12,paid,3600.00,14706.88,1597.47,19904.35
INV001264,MER0001,2024-09,2024-10-01,2024-10-31,2024-11-22,paid,1800.00,7146.02,776.21,9722.23
INV001265,MER0002,2024-09,2024-10-01,2024-10-31,2024-10-11,paid,3600.00,5670.39,615.92,9886.31
INV001266,MER0003,2024-09,2024-10-01,2024-10-31,2024-10-28,paid,1800.00,6419.26,697.26,8916.52
INV001267,MER0004,2024-09,2024-10-01,2024-10-31,2024-10-09,paid,3600.00,6690.07,726.68,11016.75
INV001268,MER0005,2024-09,2024-10-01,2024-10-31,2024-10-26,paid,7200.00,31656.92,3438.60,42295.52
INV001269,MER0006,2024-09,2024-10-01,2024-10-31,2024-10-25,paid,1800.00,1108.10,120.36,3028.46
INV001270,MER0007,2024-09,2024-10-01,2024-10-31,2024-10-22,paid,7200.00,17375.93,1887.39,26463.32
INV001271,MER0008,2024-09,2024-10-01,2024-10-31,2024-10-19,paid,1800.00,2008.95,218.21,4027.16
INV001272,MER0009,2024-09,2024-10-01,2024-10-31,,open,3600.00,3233.12,351.18,7184.30
INV001273,MER0010,2024-09,2024-10-01,2024-10-31,2024-10-05,paid,3600.00,8679.68,942.79,13222.47
INV001274,MER0011,2024-09,2024-10-01,2024-10-31,2024-10-12,paid,3600.00,6955.35,755.49,11310.84
INV001275,MER0012,2024-09,2024-10-01,2024-10-31,2024-10-09,paid,3600.00,10470.33,1137.29,15207.62
INV001276,MER0013,2024-09,2024-10-01,2024-10-31,2024-10-08,paid,7200.00,52835.22,5739.00,65774.22
INV001277,MER0014,2024-09,2024-10-01,2024-10-31,2024-10-14,paid,3600.00,20410.09,2216.96,26227.05
INV001278,MER0015,2024-09,2024-10-01,2024-10-31,2024-10-14,paid,1800.00,2456.62,266.84,4523.46
INV001279,MER0016,2024-09,2024-10-01,2024-10-31,2024-10-24,paid,3600.00,2603.07,282.75,6485.82
INV001280,MER0017,2024-09,2024-10-01,2024-10-31,2024-10-12,paid,1800.00,1984.08,215.51,3999.59
INV001281,MER0018,2024-09,2024-10-01,2024-10-31,2024-10-24,paid,3600.00,8605.07,934.69,13139.76
INV001282,MER0019,2024-09,2024-10-01,2024-10-31,2024-10-09,paid,3600.00,10694.16,1161.61,15455.77
INV001283,MER0020,2024-09,2024-10-01,2024-10-31,2024-10-25,paid,1800.00,5153.64,559.79,7513.43
INV001284,MER0021,2024-09,2024-10-01,2024-10-31,2024-10-10,paid,3600.00,11954.24,1298.48,16852.72
INV001285,MER0022,2024-09,2024-10-01,2024-10-31,2024-10-13,paid,7200.00,27213.45,2955.94,37369.39
INV001286,MER0023,2024-09,2024-10-01,2024-10-31,2024-10-30,paid,3600.00,12418.49,1348.90,17367.39
INV001287,MER0024,2024-09,2024-10-01,2024-10-31,2024-12-13,paid,1800.00,1884.60,204.71,3889.31
INV001288,MER0025,2024-09,2024-10-01,2024-10-31,2024-10-18,paid,1800.00,3075.61,334.07,5209.68
INV001289,MER0026,2024-09,2024-10-01,2024-10-31,2024-10-12,paid,3600.00,6897.32,749.19,11246.51
INV001290,MER0027,2024-09,2024-10-01,2024-10-31,2024-10-10,paid,7200.00,42467.13,4612.81,54279.94
INV001291,MER0028,2024-09,2024-10-01,2024-10-31,,open,1800.00,3835.53,416.62,6052.15
INV001292,MER0029,2024-09,2024-10-01,2024-10-31,2024-10-30,paid,3600.00,6250.69,678.95,10529.64
INV001293,MER0030,2024-09,2024-10-01,2024-10-31,2024-12-08,paid,1800.00,1995.14,216.71,4011.85
INV001294,MER0031,2024-09,2024-10-01,2024-10-31,2024-10-15,paid,1800.00,2158.17,234.42,4192.59
INV001295,MER0032,2024-09,2024-10-01,2024-10-31,2024-10-15,paid,3600.00,3117.06,338.58,7055.64
INV001296,MER0033,2024-09,2024-10-01,2024-10-31,2024-10-05,paid,3600.00,10702.45,1162.51,15464.96
INV001297,MER0034,2024-09,2024-10-01,2024-10-31,2024-10-14,paid,1800.00,3830.00,416.02,6046.02
INV001298,MER0035,2024-09,2024-10-01,2024-10-31,2024-10-04,paid,7200.00,17707.53,1923.40,26830.93
INV001299,MER0036,2024-09,2024-10-01,2024-10-31,2024-10-07,paid,1800.00,8378.47,910.08,11088.55
INV001300,MER0037,2024-09,2024-10-01,2024-10-31,2024-10-12,paid,3600.00,3349.18,363.79,7312.97
INV001301,MER0038,2024-09,2024-10-01,2024-10-31,2024-10-29,paid,1800.00,6836.52,742.59,9379.11
INV001302,MER0039,2024-09,2024-10-01,2024-10-31,2024-11-18,paid,7200.00,22991.06,2497.30,32688.36
INV001303,MER0040,2024-09,2024-10-01,2024-10-31,2024-12-06,paid,3600.00,11299.33,1227.34,16126.67
INV001304,MER0041,2024-09,2024-10-01,2024-10-31,,open,3600.00,9914.89,1076.96,14591.85
INV001305,MER0042,2024-09,2024-10-01,2024-10-31,2024-10-09,paid,3600.00,22167.58,2407.86,28175.44
INV001306,MER0043,2024-09,2024-10-01,2024-10-31,2024-10-26,paid,1800.00,2829.67,307.36,4937.03
INV001307,MER0044,2024-09,2024-10-01,2024-10-31,2024-10-17,paid,1800.00,1179.95,128.17,3108.12
INV001308,MER0045,2024-09,2024-10-01,2024-10-31,2024-10-27,paid,3600.00,6938.77,753.69,11292.46
INV001309,MER0046,2024-09,2024-10-01,2024-10-31,2024-10-23,paid,1800.00,2821.38,306.46,4927.84
INV001310,MER0047,2024-09,2024-10-01,2024-10-31,2024-10-29,paid,3600.00,5355.37,581.70,9537.07
INV001311,MER0049,2024-09,2024-10-01,2024-10-31,,open,1800.00,848.35,92.15,2740.50
INV001312,MER0050,2024-09,2024-10-01,2024-10-31,2024-10-27,paid,3600.00,6043.44,656.44,10299.88
INV001313,MER0051,2024-09,2024-10-01,2024-10-31,2024-10-13,paid,3600.00,4791.65,520.47,8912.12
INV001314,MER0052,2024-09,2024-10-01,2024-10-31,2024-10-07,paid,1800.00,605.17,65.73,2470.90
INV001315,MER0053,2024-09,2024-10-01,2024-10-31,2024-10-14,paid,1800.00,5990.94,650.74,8441.68
INV001316,MER0054,2024-09,2024-10-01,2024-10-31,,open,3600.00,7883.83,856.35,12340.18
INV001317,MER0055,2024-09,2024-10-01,2024-10-31,2024-10-27,paid,7200.00,8091.08,878.86,16169.94
INV001318,MER0056,2024-09,2024-10-01,2024-10-31,2024-10-26,paid,1800.00,6659.67,723.38,9183.05
INV001319,MER0057,2024-09,2024-10-01,2024-10-31,2024-10-17,paid,1800.00,3758.15,408.21,5966.36
INV001320,MER0058,2024-09,2024-10-01,2024-10-31,2024-12-03,paid,1800.00,5938.43,645.04,8383.47
INV001321,MER0059,2024-09,2024-10-01,2024-10-31,2024-10-04,paid,3600.00,5040.35,547.49,9187.84
INV001322,MER0060,2024-09,2024-10-01,2024-10-31,2024-11-15,paid,7200.00,26550.25,2883.91,36634.16
INV001323,MER0061,2024-09,2024-10-01,2024-10-31,2024-10-15,paid,1800.00,3288.38,357.19,5445.57
INV001324,MER0062,2024-09,2024-10-01,2024-10-31,2024-10-10,paid,3600.00,8870.35,963.50,13433.85
INV001325,MER0063,2024-09,2024-10-01,2024-10-31,2024-10-17,paid,3600.00,10180.17,1105.78,14885.95
INV001326,MER0064,2024-09,2024-10-01,2024-10-31,2024-11-18,paid,1800.00,1298.77,141.07,3239.84
INV001327,MER0066,2024-09,2024-10-01,2024-10-31,2024-10-04,paid,1800.00,6145.69,667.55,8613.24
INV001328,MER0067,2024-09,2024-10-01,2024-10-31,2024-10-22,paid,7200.00,17795.96,1933.01,26928.97
INV001329,MER0068,2024-09,2024-10-01,2024-10-31,2024-10-06,paid,3600.00,13380.13,1453.36,18433.49
INV001330,MER0070,2024-09,2024-10-01,2024-10-31,2024-10-05,paid,1800.00,895.32,97.25,2792.57
INV001331,MER0071,2024-09,2024-10-01,2024-10-31,,open,7200.00,17597.00,1911.40,26708.40
INV001332,MER0072,2024-09,2024-10-01,2024-10-31,2024-10-20,paid,3600.00,6640.33,721.28,10961.61
INV001333,MER0073,2024-09,2024-10-01,2024-10-31,2024-10-15,paid,1800.00,3094.95,336.18,5231.13
INV001334,MER0074,2024-09,2024-10-01,2024-10-31,2024-10-26,paid,7200.00,15408.43,1673.67,24282.10
INV001335,MER0075,2024-09,2024-10-01,2024-10-31,2024-11-14,paid,3600.00,9085.89,986.92,13672.81
INV001336,MER0076,2024-09,2024-10-01,2024-10-31,2024-10-12,paid,1800.00,3274.57,355.69,5430.26
INV001337,MER0077,2024-09,2024-10-01,2024-10-31,2024-10-29,paid,1800.00,4133.97,449.03,6383.00
INV001338,MER0078,2024-09,2024-10-01,2024-10-31,2024-10-29,paid,3600.00,3332.60,361.99,7294.59
INV001339,MER0079,2024-09,2024-10-01,2024-10-31,2024-11-10,paid,7200.00,53962.66,5861.46,67024.12
INV001340,MER0080,2024-09,2024-10-01,2024-10-31,2024-10-09,paid,7200.00,15187.36,1649.66,24037.02
INV001341,MER0081,2024-09,2024-10-01,2024-10-31,2024-10-05,paid,3600.00,9152.21,994.12,13746.33
INV001342,MER0082,2024-09,2024-10-01,2024-10-31,2024-10-22,paid,3600.00,7792.64,846.44,12239.08
INV001343,MER0083,2024-09,2024-10-01,2024-10-31,2024-10-24,paid,3600.00,5421.69,588.91,9610.60
INV001344,MER0084,2024-09,2024-10-01,2024-10-31,,open,3600.00,25458.73,2765.34,31824.07
INV001345,MER0085,2024-09,2024-10-01,2024-10-31,2024-11-07,paid,1800.00,1284.96,139.57,3224.53
INV001346,MER0086,2024-09,2024-10-01,2024-10-31,2024-10-11,paid,1800.00,2335.03,253.63,4388.66
INV001347,MER0087,2024-09,2024-10-01,2024-10-31,2024-10-28,paid,7200.00,18746.55,2036.26,27982.81
INV001348,MER0088,2024-09,2024-10-01,2024-10-31,2024-10-21,paid,1800.00,2044.88,222.12,4067.00
INV001349,MER0089,2024-09,2024-10-01,2024-10-31,2024-10-14,paid,1800.00,3625.51,393.81,5819.32
INV001350,MER0090,2024-09,2024-10-01,2024-10-31,2024-11-07,paid,1800.00,4678.35,508.17,6986.52
INV001351,MER0091,2024-09,2024-10-01,2024-10-31,2024-11-27,paid,1800.00,6659.67,723.38,9183.05
INV001352,MER0092,2024-09,2024-10-01,2024-10-31,2024-10-16,paid,1800.00,3260.75,354.18,5414.93
INV001353,MER0093,2024-09,2024-10-01,2024-10-31,2024-10-10,paid,3600.00,4053.83,440.33,8094.16
INV001354,MER0094,2024-09,2024-10-01,2024-10-31,2024-10-12,paid,3600.00,19398.70,2107.10,25105.80
INV001355,MER0095,2024-09,2024-10-01,2024-10-31,2024-10-22,paid,1800.00,3216.54,349.38,5365.92
INV001356,MER0096,2024-09,2024-10-01,2024-10-31,2024-10-14,paid,1800.00,6394.39,694.56,8888.95
INV001357,MER0097,2024-09,2024-10-01,2024-10-31,2024-10-06,paid,1800.00,1381.67,150.08,3331.75
INV001358,MER0098,2024-09,2024-10-01,2024-10-31,2024-10-05,paid,7200.00,49762.37,5405.22,62367.59
INV001359,MER0099,2024-09,2024-10-01,2024-10-31,2024-10-28,paid,3600.00,5032.06,546.59,9178.65
INV001360,MER0100,2024-09,2024-10-01,2024-10-31,2024-12-04,paid,1800.00,1735.38,188.50,3723.88
INV001361,MER0101,2024-09,2024-10-01,2024-10-31,2024-10-22,paid,3600.00,16555.22,1798.24,21953.46
INV001362,MER0102,2024-09,2024-10-01,2024-10-31,2024-10-05,paid,3600.00,6789.55,737.49,11127.04
INV001363,MER0103,2024-09,2024-10-01,2024-10-31,2024-10-15,paid,1800.00,8049.63,874.36,10723.99
INV001364,MER0104,2024-09,2024-10-01,2024-10-31,2024-10-20,paid,7200.00,37448.89,4067.72,48716.61
INV001365,MER0105,2024-09,2024-10-01,2024-10-31,2024-10-26,paid,3600.00,11805.02,1282.27,16687.29
INV001366,MER0106,2024-09,2024-10-01,2024-10-31,2024-11-16,paid,1800.00,1351.28,146.78,3298.06
INV001367,MER0107,2024-09,2024-10-01,2024-10-31,2024-10-18,paid,1800.00,2467.67,268.04,4535.71
INV001368,MER0108,2024-09,2024-10-01,2024-10-31,2024-10-09,paid,3600.00,15378.03,1670.37,20648.40
INV001369,MER0109,2024-09,2024-10-01,2024-10-31,2024-10-22,paid,1800.00,2578.20,280.05,4658.25
INV001370,MER0110,2024-09,2024-10-01,2024-10-31,2024-10-12,paid,1800.00,5557.09,603.62,7960.71
INV001371,MER0111,2024-09,2024-10-01,2024-10-31,2024-10-25,paid,1800.00,1638.67,177.99,3616.66
INV001372,MER0112,2024-09,2024-10-01,2024-10-31,2024-10-30,paid,7200.00,21509.90,2336.42,31046.32
INV001373,MER0113,2024-09,2024-10-01,2024-10-31,2024-11-08,paid,1800.00,2594.78,281.85,4676.63
INV001374,MER0114,2024-09,2024-10-01,2024-10-31,2024-10-25,paid,3600.00,7668.29,832.93,12101.22
INV001375,MER0115,2024-09,2024-10-01,2024-10-31,2024-10-14,paid,7200.00,27522.95,2989.56,37712.51
INV001376,MER0116,2024-09,2024-10-01,2024-10-31,2024-10-30,paid,3600.00,7535.65,818.53,11954.18
INV001377,MER0117,2024-09,2024-10-01,2024-10-31,2024-10-18,paid,7200.00,40168.03,4363.08,51731.11
INV001378,MER0118,2024-09,2024-10-01,2024-10-31,2024-10-29,paid,7200.00,12711.40,1380.72,21292.12
INV001379,MER0119,2024-09,2024-10-01,2024-10-31,2024-10-17,paid,1800.00,3636.57,395.01,5831.58
INV001380,MER0120,2024-09,2024-10-01,2024-10-31,2024-10-25,paid,1800.00,1389.96,150.98,3340.94
INV001381,MER0121,2024-09,2024-10-01,2024-10-31,2024-10-26,paid,1800.00,1729.86,187.90,3717.76
INV001382,MER0122,2024-09,2024-10-01,2024-10-31,2024-10-27,paid,3600.00,2951.26,320.57,6871.83
INV001383,MER0123,2024-09,2024-10-01,2024-10-31,2024-10-29,paid,1800.00,3194.43,346.98,5341.41
INV001384,MER0124,2024-09,2024-10-01,2024-10-31,2024-10-12,paid,3600.00,8986.41,976.11,13562.52
INV001385,MER0125,2024-09,2024-10-01,2024-10-31,2024-10-21,paid,3600.00,15635.02,1698.29,20933.31
INV001386,MER0126,2024-09,2024-10-01,2024-10-31,2024-10-27,paid,1800.00,1619.32,175.89,3595.21
INV001387,MER0127,2024-09,2024-10-01,2024-10-31,2024-12-08,paid,3600.00,6375.04,692.46,10667.50
INV001388,MER0128,2024-09,2024-10-01,2024-10-31,2024-10-29,paid,3600.00,2561.62,278.25,6439.87
INV001389,MER0129,2024-09,2024-10-01,2024-10-31,2024-10-24,paid,1800.00,2053.17,223.02,4076.19
INV001390,MER0130,2024-09,2024-10-01,2024-10-31,2024-10-21,paid,3600.00,5446.56,591.61,9638.17
INV001391,MER0131,2024-09,2024-10-01,2024-10-31,,open,7200.00,34177.09,3712.34,45089.43
INV001392,MER0132,2024-09,2024-10-01,2024-10-31,2024-10-04,paid,1800.00,2205.15,239.52,4244.67
INV001393,MER0133,2024-09,2024-10-01,2024-10-31,,open,1800.00,1475.63,160.28,3435.91
INV001394,MER0134,2024-09,2024-10-01,2024-10-31,2024-10-21,paid,7200.00,13927.27,1512.79,22640.06
INV001395,MER0135,2024-09,2024-10-01,2024-10-31,2024-10-20,paid,1800.00,2147.12,233.22,4180.34
INV001396,MER0136,2024-09,2024-10-01,2024-10-31,2024-10-29,paid,1800.00,2263.18,245.83,4309.01
INV001397,MER0137,2024-09,2024-10-01,2024-10-31,2024-10-10,paid,1800.00,1660.77,180.39,3641.16
INV001398,MER0138,2024-09,2024-10-01,2024-10-31,2024-10-26,paid,3600.00,7817.51,849.14,12266.65
INV001399,MER0139,2024-09,2024-10-01,2024-10-31,2024-10-18,paid,1800.00,2044.88,222.12,4067.00
INV001400,MER0140,2024-09,2024-10-01,2024-10-31,,open,1800.00,6026.86,654.64,8481.50
INV001401,MER0141,2024-09,2024-10-01,2024-10-31,2024-10-15,paid,7200.00,8046.87,874.06,16120.93
INV001402,MER0142,2024-09,2024-10-01,2024-10-31,2024-10-26,paid,3600.00,7212.34,783.41,11595.75
INV001403,MER0143,2024-09,2024-10-01,2024-10-31,2024-10-05,paid,1800.00,4556.76,494.96,6851.72
INV001404,MER0144,2024-09,2024-10-01,2024-10-31,2024-11-18,paid,1800.00,986.52,107.16,2893.68
INV001405,MER0145,2024-09,2024-10-01,2024-10-31,2024-10-11,paid,7200.00,4023.43,437.03,11660.46
INV001406,MER0146,2024-09,2024-10-01,2024-10-31,2024-11-10,paid,3600.00,20924.07,2272.79,26796.86
INV001407,MER0147,2024-09,2024-10-01,2024-10-31,2024-10-16,paid,3600.00,13885.82,1508.29,18994.11
INV001408,MER0148,2024-09,2024-10-01,2024-10-31,2024-12-01,paid,3600.00,11000.89,1194.92,15795.81
INV001409,MER0149,2024-09,2024-10-01,2024-10-31,2024-10-06,paid,1800.00,2763.35,300.16,4863.51
INV001410,MER0150,2024-09,2024-10-01,2024-10-31,2024-10-28,paid,1800.00,6010.28,652.84,8463.12
INV001411,MER0151,2024-09,2024-10-01,2024-10-31,,open,7200.00,15098.93,1640.06,23938.99
INV001412,MER0152,2024-09,2024-10-01,2024-10-31,,open,1800.00,5217.20,566.70,7583.90
INV001413,MER0154,2024-09,2024-10-01,2024-10-31,2024-12-09,paid,1800.00,7104.57,771.70,9676.27
INV001414,MER0155,2024-09,2024-10-01,2024-10-31,2024-10-23,paid,7200.00,45650.51,4958.59,57809.10
INV001415,MER0156,2024-09,2024-10-01,2024-10-31,2024-10-04,paid,7200.00,19829.79,2153.92,29183.71
INV001416,MER0157,2024-09,2024-10-01,2024-10-31,2024-10-12,paid,1800.00,6557.42,712.27,9069.69
INV001417,MER0158,2024-09,2024-10-01,2024-10-31,2024-10-28,paid,1800.00,2310.16,250.93,4361.09
INV001418,MER0159,2024-09,2024-10-01,2024-10-31,2024-10-17,paid,3600.00,3655.91,397.11,7653.02
INV001419,MER0160,2024-09,2024-10-01,2024-10-31,2024-10-15,paid,3600.00,7767.77,843.74,12211.51
INV001420,MER0161,2024-09,2024-10-01,2024-10-31,2024-10-24,paid,3600.00,9815.41,1066.16,14481.57
INV001421,MER0162,2024-09,2024-10-01,2024-10-31,2024-10-30,paid,1800.00,1464.57,159.08,3423.65
INV001422,MER0163,2024-09,2024-10-01,2024-10-31,2024-10-16,paid,1800.00,1470.10,159.68,3429.78
INV001423,MER0164,2024-09,2024-10-01,2024-10-31,2024-10-08,paid,3600.00,4949.16,537.58,9086.74
INV001424,MER0165,2024-09,2024-10-01,2024-10-31,2024-10-21,paid,7200.00,55266.96,6003.14,68470.10
INV001425,MER0166,2024-09,2024-10-01,2024-10-31,2024-10-16,paid,1800.00,2398.59,260.54,4459.13
INV001426,MER0167,2024-09,2024-10-01,2024-10-31,2024-10-26,paid,1800.00,2807.56,304.96,4912.52
INV001427,MER0168,2024-09,2024-10-01,2024-10-31,2024-10-29,paid,1800.00,947.83,102.95,2850.78
INV001428,MER0169,2024-09,2024-10-01,2024-10-31,2024-10-15,paid,1800.00,1293.25,140.47,3233.72
INV001429,MER0170,2024-09,2024-10-01,2024-10-31,2024-10-29,paid,3600.00,6913.90,750.99,11264.89
INV001430,MER0171,2024-09,2024-10-01,2024-10-31,2024-10-06,paid,3600.00,8447.56,917.58,12965.14
INV001431,MER0172,2024-09,2024-10-01,2024-10-31,2024-10-24,paid,3600.00,15212.23,1652.36,20464.59
INV001432,MER0173,2024-09,2024-10-01,2024-10-31,2024-10-23,paid,3600.00,13239.20,1438.05,18277.25
INV001433,MER0174,2024-09,2024-10-01,2024-10-31,2024-10-12,paid,1800.00,2180.28,236.82,4217.10
INV001434,MER0175,2024-09,2024-10-01,2024-10-31,2024-11-07,paid,7200.00,46512.67,5052.24,58764.91
INV001435,MER0176,2024-09,2024-10-01,2024-10-31,2024-10-09,paid,7200.00,24693.28,2682.20,34575.48
INV001436,MER0001,2024-10,2024-11-01,2024-12-01,2024-11-14,paid,1800.00,7372.71,800.83,9973.54
INV001437,MER0002,2024-10,2024-11-01,2024-12-01,2024-11-18,paid,3600.00,5850.27,635.46,10085.73
INV001438,MER0003,2024-10,2024-11-01,2024-12-01,2024-11-20,paid,1800.00,6622.89,719.38,9142.27
INV001439,MER0004,2024-10,2024-11-01,2024-12-01,2024-11-19,paid,3600.00,6902.29,749.73,11252.02
INV001440,MER0005,2024-10,2024-11-01,2024-12-01,2024-11-16,paid,7200.00,32661.14,3547.68,43408.82
INV001441,MER0006,2024-10,2024-11-01,2024-12-01,2024-11-22,paid,1800.00,1143.25,124.18,3067.43
INV001442,MER0007,2024-10,2024-11-01,2024-12-01,2025-01-11,paid,7200.00,17927.14,1947.26,27074.40
INV001443,MER0008,2024-10,2024-11-01,2024-12-01,2024-11-21,paid,1800.00,2072.68,225.14,4097.82
INV001444,MER0009,2024-10,2024-11-01,2024-12-01,2024-11-09,paid,3600.00,3335.68,362.32,7298.00
INV001445,MER0010,2024-10,2024-11-01,2024-12-01,2024-11-16,paid,3600.00,8955.01,972.70,13527.71
INV001446,MER0011,2024-10,2024-11-01,2024-12-01,2024-11-11,paid,3600.00,7175.99,779.46,11555.45
INV001447,MER0012,2024-10,2024-11-01,2024-12-01,2024-11-19,paid,3600.00,10802.47,1173.37,15575.84
INV001448,MER0013,2024-10,2024-11-01,2024-12-01,2025-01-02,paid,7200.00,54511.27,5921.05,67632.32
INV001449,MER0014,2024-10,2024-11-01,2024-12-01,2024-11-13,paid,3600.00,21057.54,2287.28,26944.82
INV001450,MER0015,2024-10,2024-11-01,2024-12-01,2024-12-09,paid,1800.00,2534.55,275.30,4609.85
INV001451,MER0016,2024-10,2024-11-01,2024-12-01,2024-11-05,paid,3600.00,2685.65,291.72,6577.37
INV001452,MER0017,2024-10,2024-11-01,2024-12-01,2024-11-15,paid,1800.00,2047.02,222.35,4069.37
INV001453,MER0018,2024-10,2024-11-01,2024-12-01,2024-12-07,paid,3600.00,8878.04,964.34,13442.38
INV001454,MER0019,2024-10,2024-11-01,2024-12-01,2024-12-23,paid,3600.00,11033.40,1198.46,15831.86
INV001455,MER0020,2024-10,2024-11-01,2024-12-01,2024-11-24,paid,1800.00,5317.13,577.55,7694.68
INV001456,MER0021,2024-10,2024-11-01,2024-12-01,2024-11-30,paid,3600.00,12333.46,1339.67,17273.13
INV001457,MER0022,2024-10,2024-11-01,2024-12-01,2024-11-05,paid,7200.00,28076.72,3049.71,38326.43
INV001458,MER0023,2024-10,2024-11-01,2024-12-01,2024-11-13,paid,3600.00,12812.43,1391.69,17804.12
INV001459,MER0024,2024-10,2024-11-01,2024-12-01,2024-11-29,paid,1800.00,1944.39,211.20,3955.59
INV001460,MER0025,2024-10,2024-11-01,2024-12-01,2024-12-13,paid,1800.00,3173.17,344.67,5317.84
INV001461,MER0026,2024-10,2024-11-01,2024-12-01,2024-11-06,paid,3600.00,7116.11,772.96,11489.07
INV001462,MER0027,2024-10,2024-11-01,2024-12-01,2024-11-23,paid,7200.00,43814.28,4759.14,55773.42
INV001463,MER0028,2024-10,2024-11-01,2024-12-01,2024-12-10,paid,1800.00,3957.20,429.83,6187.03
INV001464,MER0029,2024-10,2024-11-01,2024-12-01,2024-11-26,paid,3600.00,6448.98,700.49,10749.47
INV001465,MER0030,2024-10,2024-11-01,2024-12-01,2024-12-25,paid,1800.00,2058.43,223.59,4082.02
INV001466,MER0031,2024-10,2024-11-01,2024-12-01,2024-11-20,paid,1800.00,2226.64,241.86,4268.50
INV001467,MER0032,2024-10,2024-11-01,2024-12-01,2024-11-25,paid,3600.00,3215.94,349.32,7165.26
INV001468,MER0033,2024-10,2024-11-01,2024-12-01,2024-11-04,paid,3600.00,11041.95,1199.38,15841.33
INV001469,MER0034,2024-10,2024-11-01,2024-12-01,2025-01-06,paid,1800.00,3951.50,429.21,6180.71
INV001470,MER0035,2024-10,2024-11-01,2024-12-01,2024-11-30,paid,7200.00,18269.26,1984.42,27453.68
INV001471,MER0036,2024-10,2024-11-01,2024-12-01,2024-11-23,paid,1800.00,8644.25,938.94,11383.19
INV001472,MER0037,2024-10,2024-11-01,2024-12-01,2024-11-16,paid,3600.00,3455.42,375.33,7430.75
INV001473,MER0038,2024-10,2024-11-01,2024-12-01,2024-11-13,paid,1800.00,7053.39,766.14,9619.53
INV001474,MER0039,2024-10,2024-11-01,2024-12-01,2024-11-26,paid,7200.00,23720.38,2576.52,33496.90
INV001475,MER0040,2024-10,2024-11-01,2024-12-01,2025-01-08,paid,3600.00,11657.77,1266.28,16524.05
INV001476,MER0041,2024-10,2024-11-01,2024-12-01,2024-11-05,paid,3600.00,10229.42,1111.13,14940.55
INV001477,MER0042,2024-10,2024-11-01,2024-12-01,2024-12-29,paid,3600.00,22870.78,2484.24,28955.02
INV001478,MER0043,2024-10,2024-11-01,2024-12-01,2024-11-30,paid,1800.00,2919.43,317.11,5036.54
INV001479,MER0044,2024-10,2024-11-01,2024-12-01,2024-11-09,paid,1800.00,1217.38,132.23,3149.61
INV001480,MER0045,2024-10,2024-11-01,2024-12-01,2024-11-21,paid,3600.00,7158.88,777.60,11536.48
INV001481,MER0046,2024-10,2024-11-01,2024-12-01,2024-11-19,paid,1800.00,2910.88,316.18,5027.06
INV001482,MER0047,2024-10,2024-11-01,2024-12-01,2024-11-11,paid,3600.00,5525.25,600.16,9725.41
INV001483,MER0049,2024-10,2024-11-01,2024-12-01,2024-11-28,paid,1800.00,875.26,95.07,2770.33
INV001484,MER0050,2024-10,2024-11-01,2024-12-01,2024-11-14,paid,3600.00,6235.15,677.27,10512.42
INV001485,MER0051,2024-10,2024-11-01,2024-12-01,2024-11-17,paid,3600.00,4943.65,536.98,9080.63
INV001486,MER0052,2024-10,2024-11-01,2024-12-01,2024-11-25,paid,1800.00,624.37,67.82,2492.19
INV001487,MER0053,2024-10,2024-11-01,2024-12-01,2024-11-28,paid,1800.00,6180.98,671.38,8652.36
INV001488,MER0054,2024-10,2024-11-01,2024-12-01,2024-11-26,paid,3600.00,8133.92,883.51,12617.43
INV001489,MER0055,2024-10,2024-11-01,2024-12-01,2024-11-05,paid,7200.00,8347.75,906.74,16454.49
INV001490,MER0056,2024-10,2024-11-01,2024-12-01,2024-11-08,paid,1800.00,6870.93,746.33,9417.26
INV001491,MER0057,2024-10,2024-11-01,2024-12-01,2024-12-30,paid,1800.00,3877.37,421.16,6098.53
INV001492,MER0058,2024-10,2024-11-01,2024-12-01,2024-11-08,paid,1800.00,6126.82,665.50,8592.32
INV001493,MER0059,2024-10,2024-11-01,2024-12-01,2024-11-29,paid,3600.00,5200.24,564.85,9365.09
INV001494,MER0060,2024-10,2024-11-01,2024-12-01,2024-12-03,paid,7200.00,27392.48,2975.39,37567.87
INV001495,MER0061,2024-10,2024-11-01,2024-12-01,2024-11-11,paid,1800.00,3392.70,368.52,5561.22
INV001496,MER0062,2024-10,2024-11-01,2024-12-01,2024-11-19,paid,3600.00,9151.73,994.07,13745.80
INV001497,MER0063,2024-10,2024-11-01,2024-12-01,2024-11-13,paid,3600.00,10503.11,1140.86,15243.97
INV001498,MER0064,2024-10,2024-11-01,2024-12-01,2024-11-11,paid,1800.00,1339.97,145.55,3285.52
INV001499,MER0066,2024-10,2024-11-01,2024-12-01,2024-11-04,paid,1800.00,6340.64,688.72,8829.36
INV001500,MER0067,2024-10,2024-11-01,2024-12-01,2024-11-10,paid,7200.00,18360.49,1994.33,27554.82
INV001501,MER0068,2024-10,2024-11-01,2024-12-01,2024-11-10,paid,3600.00,13804.58,1499.46,18904.04
INV001502,MER0070,2024-10,2024-11-01,2024-12-01,2024-11-12,paid,1800.00,923.73,100.34,2824.07
INV001503,MER0071,2024-10,2024-11-01,2024-12-01,2024-11-14,paid,7200.00,18155.22,1972.03,27327.25
INV001504,MER0072,2024-10,2024-11-01,2024-12-01,2024-12-24,paid,3600.00,6850.97,744.16,11195.13
INV001505,MER0073,2024-10,2024-11-01,2024-12-01,2024-12-16,paid,1800.00,3193.13,346.84,5339.97
INV001506,MER0074,2024-10,2024-11-01,2024-12-01,2024-11-24,paid,7200.00,15897.22,1726.77,24823.99
INV001507,MER0075,2024-10,2024-11-01,2024-12-01,2024-11-06,paid,3600.00,9374.11,1018.22,13992.33
INV001508,MER0076,2024-10,2024-11-01,2024-12-01,2024-11-27,paid,1800.00,3378.44,366.97,5545.41
INV001509,MER0077,2024-10,2024-11-01,2024-12-01,2024-11-15,paid,1800.00,4265.11,463.28,6528.39
INV001510,MER0078,2024-10,2024-11-01,2024-12-01,2024-11-21,paid,3600.00,3438.32,373.47,7411.79
INV001511,MER0079,2024-10,2024-11-01,2024-12-01,2024-11-07,paid,7200.00,55674.48,6047.40,68921.88
INV001512,MER0080,2024-10,2024-11-01,2024-12-01,,open,7200.00,15669.14,1701.99,24571.13
INV001513,MER0081,2024-10,2024-11-01,2024-12-01,2024-11-16,paid,3600.00,9442.54,1025.65,14068.19
INV001514,MER0082,2024-10,2024-11-01,2024-12-01,2024-11-29,paid,3600.00,8039.84,873.29,12513.13
INV001515,MER0083,2024-10,2024-11-01,2024-12-01,2024-11-27,paid,3600.00,5593.68,607.59,9801.27
INV001516,MER0084,2024-10,2024-11-01,2024-12-01,2024-11-16,paid,3600.00,26266.33,2853.07,32719.40
INV001517,MER0085,2024-10,2024-11-01,2024-12-01,2024-11-08,paid,1800.00,1325.72,144.00,3269.72
INV001518,MER0086,2024-10,2024-11-01,2024-12-01,2025-01-12,paid,1800.00,2409.10,261.68,4470.78
INV001519,MER0087,2024-10,2024-11-01,2024-12-01,2024-11-20,paid,7200.00,19341.24,2100.86,28642.10
INV001520,MER0088,2024-10,2024-11-01,2024-12-01,2024-12-22,paid,1800.00,2109.75,229.16,4138.91
INV001521,MER0089,2024-10,2024-11-01,2024-12-01,2024-11-25,paid,1800.00,3740.52,406.30,5946.82
INV001522,MER0090,2024-10,2024-11-01,2024-12-01,2024-11-18,paid,1800.00,4826.76,524.29,7151.05
INV001523,MER0091,2024-10,2024-11-01,2024-12-01,2024-11-14,paid,1800.00,6870.93,746.32,9417.25
INV001524,MER0092,2024-10,2024-11-01,2024-12-01,2025-01-09,paid,1800.00,3364.19,365.42,5529.61
INV001525,MER0093,2024-10,2024-11-01,2024-12-01,2024-11-30,paid,3600.00,4182.43,454.30,8236.73
INV001526,MER0094,2024-10,2024-11-01,2024-12-01,2024-12-28,paid,3600.00,20014.07,2173.94,25788.01
INV001527,MER0095,2024-10,2024-11-01,2024-12-01,2024-11-19,paid,1800.00,3318.57,360.47,5479.04
INV001528,MER0096,2024-10,2024-11-01,2024-12-01,2024-11-10,paid,1800.00,6597.23,716.60,9113.83
INV001529,MER0097,2024-10,2024-11-01,2024-12-01,2024-11-30,paid,1800.00,1425.50,154.84,3380.34
INV001530,MER0098,2024-10,2024-11-01,2024-12-01,2024-11-19,paid,7200.00,51340.94,5576.69,64117.63
INV001531,MER0099,2024-10,2024-11-01,2024-12-01,2024-11-20,paid,3600.00,5191.68,563.92,9355.60
INV001532,MER0100,2024-10,2024-11-01,2024-12-01,2024-11-27,paid,1800.00,1790.43,194.48,3784.91
INV001533,MER0102,2024-10,2024-11-01,2024-12-01,2024-11-22,paid,3600.00,7004.93,760.88,11365.81
INV001534,MER0103,2024-10,2024-11-01,2024-12-01,2024-12-08,paid,1800.00,8304.98,902.09,11007.07
INV001535,MER0104,2024-10,2024-11-01,2024-12-01,,open,7200.00,38636.85,4196.76,50033.61
INV001536,MER0105,2024-10,2024-11-01,2024-12-01,2024-11-09,paid,3600.00,12179.50,1322.95,17102.45
INV001537,MER0106,2024-10,2024-11-01,2024-12-01,2024-12-11,paid,1800.00,1394.14,151.43,3345.57
INV001538,MER0107,2024-10,2024-11-01,2024-12-01,2024-11-15,paid,1800.00,2545.95,276.54,4622.49
INV001539,MER0108,2024-10,2024-11-01,2024-12-01,2024-11-25,paid,3600.00,15865.86,1723.36,21189.22
INV001540,MER0109,2024-10,2024-11-01,2024-12-01,2024-11-28,paid,1800.00,2659.99,288.93,4748.92
INV001541,MER0110,2024-10,2024-11-01,2024-12-01,2024-12-07,paid,1800.00,5733.38,622.76,8156.14
INV001542,MER0111,2024-10,2024-11-01,2024-12-01,2024-11-19,paid,1800.00,1690.65,183.64,3674.29
INV001543,MER0112,2024-10,2024-11-01,2024-12-01,2025-01-03,paid,7200.00,22192.24,2410.54,31802.78
INV001544,MER0113,2024-10,2024-11-01,2024-12-01,,open,1800.00,2677.10,290.79,4767.89
INV001545,MER0114,2024-10,2024-11-01,2024-12-01,2024-11-30,paid,3600.00,7911.55,859.36,12370.91
INV001546,MER0115,2024-10,2024-11-01,2024-12-01,,open,7200.00,28396.04,3084.40,38680.44
INV001547,MER0116,2024-10,2024-11-01,2024-12-01,,open,3600.00,7774.70,844.49,12219.19
INV001548,MER0117,2024-10,2024-11-01,2024-12-01,2024-11-14,paid,7200.00,41442.25,4501.49,53143.74
INV001549,MER0118,2024-10,2024-11-01,2024-12-01,2024-11-21,paid,7200.00,13114.63,1424.52,21739.15
INV001550,MER0119,2024-10,2024-11-01,2024-12-01,2024-12-18,paid,1800.00,3751.93,407.54,5959.47
INV001551,MER0120,2024-10,2024-11-01,2024-12-01,2024-11-29,paid,1800.00,1434.06,155.77,3389.83
INV001552,MER0121,2024-10,2024-11-01,2024-12-01,2025-01-01,paid,1800.00,1784.73,193.86,3778.59
INV001553,MER0122,2024-10,2024-11-01,2024-12-01,,open,3600.00,3044.88,330.74,6975.62
INV001554,MER0123,2024-10,2024-11-01,2024-12-01,,open,1800.00,3295.76,357.99,5453.75
INV001555,MER0124,2024-10,2024-11-01,2024-12-01,2024-11-23,paid,3600.00,9271.48,1007.07,13878.55
INV001556,MER0125,2024-10,2024-11-01,2024-12-01,2024-11-29,paid,3600.00,16131.00,1752.16,21483.16
INV001557,MER0126,2024-10,2024-11-01,2024-12-01,2024-11-26,paid,1800.00,1670.69,181.47,3652.16
INV001558,MER0127,2024-10,2024-11-01,2024-12-01,2024-11-15,paid,3600.00,6577.27,714.43,10891.70
INV001559,MER0128,2024-10,2024-11-01,2024-12-01,2024-11-23,paid,3600.00,2642.88,287.07,6529.95
INV001560,MER0129,2024-10,2024-11-01,2024-12-01,2024-12-15,paid,1800.00,2118.30,230.09,4148.39
INV001561,MER0130,2024-10,2024-11-01,2024-12-01,2024-11-15,paid,3600.00,5619.34,610.38,9829.72
INV001562,MER0131,2024-10,2024-11-01,2024-12-01,2024-11-26,paid,7200.00,35261.26,3830.10,46291.36
INV001563,MER0132,2024-10,2024-11-01,2024-12-01,2024-11-27,paid,1800.00,2275.10,247.12,4322.22
INV001564,MER0133,2024-10,2024-11-01,2024-12-01,2024-11-04,paid,1800.00,1522.44,165.37,3487.81
INV001565,MER0134,2024-10,2024-11-01,2024-12-01,2024-11-19,paid,7200.00,14369.08,1560.78,23129.86
INV001566,MER0135,2024-10,2024-11-01,2024-12-01,2024-11-05,paid,1800.00,2215.23,240.62,4255.85
INV001567,MER0136,2024-10,2024-11-01,2024-12-01,2024-11-08,paid,1800.00,2334.98,253.63,4388.61
INV001568,MER0137,2024-10,2024-11-01,2024-12-01,2024-11-09,paid,1800.00,1713.46,186.12,3699.58
INV001569,MER0138,2024-10,2024-11-01,2024-12-01,,open,3600.00,8065.50,876.08,12541.58
INV001570,MER0139,2024-10,2024-11-01,2024-12-01,2024-11-08,paid,1800.00,2109.75,229.16,4138.91
INV001571,MER0140,2024-10,2024-11-01,2024-12-01,2024-11-04,paid,1800.00,6218.05,675.41,8693.46
INV001572,MER0141,2024-10,2024-11-01,2024-12-01,2024-11-28,paid,7200.00,8302.13,901.78,16403.91
INV001573,MER0142,2024-10,2024-11-01,2024-12-01,2024-12-04,paid,3600.00,7441.13,808.26,11849.39
INV001574,MER0143,2024-10,2024-11-01,2024-12-01,2024-11-30,paid,1800.00,4701.31,510.66,7011.97
INV001575,MER0144,2024-10,2024-11-01,2024-12-01,2024-11-08,paid,1800.00,1017.81,110.56,2928.37
INV001576,MER0145,2024-10,2024-11-01,2024-12-01,2024-11-07,paid,7200.00,4151.07,450.89,11801.96
INV001577,MER0146,2024-10,2024-11-01,2024-12-01,2024-11-14,paid,3600.00,21587.83,2344.88,27532.71
INV001578,MER0147,2024-10,2024-11-01,2024-12-01,2024-11-15,paid,3600.00,14326.31,1556.13,19482.44
INV001579,MER0148,2024-10,2024-11-01,2024-12-01,2024-11-07,paid,3600.00,11349.86,1232.83,16182.69
INV001580,MER0149,2024-10,2024-11-01,2024-12-01,2024-11-28,paid,1800.00,2851.01,309.68,4960.69
INV001581,MER0150,2024-10,2024-11-01,2024-12-01,2024-11-08,paid,1800.00,6200.94,673.55,8674.49
INV001582,MER0151,2024-10,2024-11-01,2024-12-01,2024-11-07,paid,7200.00,15577.91,1692.08,24469.99
INV001583,MER0152,2024-10,2024-11-01,2024-12-01,2024-12-10,paid,1800.00,5382.70,584.67,7767.37
INV001584,MER0154,2024-10,2024-11-01,2024-12-01,2024-11-12,paid,1800.00,7329.94,796.18,9926.12
INV001585,MER0155,2024-10,2024-11-01,2024-12-01,,open,7200.00,47098.65,5115.89,59414.54
INV001586,MER0156,2024-10,2024-11-01,2024-12-01,2024-11-16,paid,7200.00,20458.83,2222.25,29881.08
INV001587,MER0157,2024-10,2024-11-01,2024-12-01,2024-11-08,paid,1800.00,6765.44,734.87,9300.31
INV001588,MER0158,2024-10,2024-11-01,2024-12-01,2024-11-15,paid,1800.00,2383.44,258.89,4442.33
INV001589,MER0159,2024-10,2024-11-01,2024-12-01,2024-11-20,paid,3600.00,3771.88,409.70,7781.58
INV001590,MER0160,2024-10,2024-11-01,2024-12-01,,open,3600.00,8014.18,870.51,12484.69
INV001591,MER0161,2024-10,2024-11-01,2024-12-01,2025-01-07,paid,3600.00,10126.78,1099.98,14826.76
INV001592,MER0162,2024-10,2024-11-01,2024-12-01,2024-11-26,paid,1800.00,1511.03,164.13,3475.16
INV001593,MER0163,2024-10,2024-11-01,2024-12-01,2025-01-02,paid,1800.00,1516.74,164.75,3481.49
INV001594,MER0164,2024-10,2024-11-01,2024-12-01,2024-11-09,paid,3600.00,5106.15,554.63,9260.78
INV001595,MER0165,2024-10,2024-11-01,2024-12-01,2024-11-20,paid,7200.00,57020.15,6193.57,70413.72
INV001596,MER0166,2024-10,2024-11-01,2024-12-01,2024-11-20,paid,1800.00,2474.67,268.80,4543.47
INV001597,MER0167,2024-10,2024-11-01,2024-12-01,,open,1800.00,2896.62,314.63,5011.25
INV001598,MER0168,2024-10,2024-11-01,2024-12-01,2024-11-04,paid,1800.00,977.90,106.22,2884.12
INV001599,MER0169,2024-10,2024-11-01,2024-12-01,2024-11-15,paid,1800.00,1334.27,144.93,3279.20
INV001600,MER0170,2024-10,2024-11-01,2024-12-01,2024-11-06,paid,3600.00,7133.22,774.82,11508.04
INV001601,MER0171,2024-10,2024-11-01,2024-12-01,2024-11-10,paid,3600.00,8715.53,946.69,13262.22
INV001602,MER0172,2024-10,2024-11-01,2024-12-01,2024-11-22,paid,3600.00,15694.80,1704.78,20999.58
INV001603,MER0173,2024-10,2024-11-01,2024-12-01,2024-11-13,paid,3600.00,13659.18,1483.67,18742.85
INV001604,MER0174,2024-10,2024-11-01,2024-12-01,2024-11-20,paid,1800.00,2249.44,244.34,4293.78
INV001605,MER0175,2024-10,2024-11-01,2024-12-01,2024-11-21,paid,7200.00,47988.16,5212.51,60400.67
INV001606,MER0176,2024-10,2024-11-01,2024-12-01,2024-11-04,paid,7200.00,25476.60,2767.29,35443.89
INV001607,MER0177,2024-10,2024-11-01,2024-12-01,2025-01-01,paid,7200.00,39800.07,4323.11,51323.18
INV001608,MER0178,2024-10,2024-11-01,2024-12-01,2024-11-25,paid,3600.00,7466.79,811.05,11877.84
INV001609,MER0179,2024-10,2024-11-01,2024-12-01,2024-12-31,paid,3600.00,18440.32,2003.00,24043.32
INV001610,MER0180,2024-10,2024-11-01,2024-12-01,2024-11-11,paid,7200.00,8735.49,948.85,16884.34
INV001611,MER0181,2024-10,2024-11-01,2024-12-01,2024-11-26,paid,3600.00,9767.55,1060.96,14428.51
INV001612,MER0001,2024-11,2024-12-01,2024-12-31,2024-12-16,paid,1800.00,8034.94,872.76,10707.70
INV001613,MER0002,2024-11,2024-12-01,2024-12-31,2024-12-29,paid,3600.00,6375.75,692.54,10668.29
INV001614,MER0003,2024-11,2024-12-01,2024-12-31,2024-12-04,paid,1800.00,7217.78,784.00,9801.78
INV001615,MER0004,2024-11,2024-12-01,2024-12-31,2024-12-17,paid,3600.00,7522.27,817.07,11939.34
INV001616,MER0005,2024-11,2024-12-01,2024-12-31,2024-12-19,paid,7200.00,35594.86,3866.34,46661.20
INV001617,MER0006,2024-11,2024-12-01,2024-12-31,2024-12-23,paid,1800.00,1245.94,135.34,3181.28
INV001618,MER0007,2024-11,2024-12-01,2024-12-31,2024-12-29,paid,7200.00,19537.40,2122.17,28859.57
INV001619,MER0008,2024-11,2024-12-01,2024-12-31,2024-12-07,paid,1800.00,2258.86,245.36,4304.22
INV001620,MER0009,2024-11,2024-12-01,2024-12-31,2024-12-10,paid,3600.00,3635.30,394.87,7630.17
INV001621,MER0010,2024-11,2024-12-01,2024-12-31,2025-01-03,paid,3600.00,9759.38,1060.07,14419.45
INV001622,MER0011,2024-11,2024-12-01,2024-12-31,2024-12-04,paid,3600.00,7820.55,849.47,12270.02
INV001623,MER0012,2024-11,2024-12-01,2024-12-31,,open,3600.00,11772.77,1278.77,16651.54
INV001624,MER0013,2024-11,2024-12-01,2024-12-31,2025-02-10,paid,7200.00,59407.62,6452.90,73060.52
INV001625,MER0014,2024-11,2024-12-01,2024-12-31,,open,3600.00,22948.99,2492.74,29041.73
INV001626,MER0015,2024-11,2024-12-01,2024-12-31,2024-12-13,paid,1800.00,2762.21,300.03,4862.24
INV001627,MER0016,2024-11,2024-12-01,2024-12-31,2024-12-17,paid,3600.00,2926.88,317.92,6844.80
INV001628,MER0017,2024-11,2024-12-01,2024-12-31,2024-12-08,paid,1800.00,2230.89,242.32,4273.21
INV001629,MER0018,2024-11,2024-12-01,2024-12-31,2024-12-21,paid,3600.00,9675.49,1050.96,14326.45
INV001630,MER0019,2024-11,2024-12-01,2024-12-31,2024-12-23,paid,3600.00,12024.45,1306.10,16930.55
INV001631,MER0020,2024-11,2024-12-01,2024-12-31,2024-12-21,paid,1800.00,5794.73,629.43,8224.16
INV001632,MER0021,2024-11,2024-12-01,2024-12-31,2024-12-09,paid,3600.00,13441.28,1460.00,18501.28
INV001633,MER0022,2024-11,2024-12-01,2024-12-31,2024-12-24,paid,7200.00,30598.65,3323.65,41122.30
INV001634,MER0023,2024-11,2024-12-01,2024-12-31,2024-12-17,paid,3600.00,13963.28,1516.70,19079.98
INV001635,MER0024,2024-11,2024-12-01,2024-12-31,2024-12-30,paid,1800.00,2119.04,230.17,4149.21
INV001636,MER0025,2024-11,2024-12-01,2024-12-31,2024-12-29,paid,1800.00,3458.19,375.63,5633.82
INV001637,MER0026,2024-11,2024-12-01,2024-12-31,2024-12-07,paid,3600.00,7755.30,842.39,12197.69
INV001638,MER0027,2024-11,2024-12-01,2024-12-31,2024-12-29,paid,7200.00,47749.80,5186.62,60136.42
INV001639,MER0028,2024-11,2024-12-01,2024-12-31,2024-12-06,paid,1800.00,4312.64,468.44,6581.08
INV001640,MER0029,2024-11,2024-12-01,2024-12-31,2024-12-30,paid,3600.00,7028.24,763.41,11391.65
INV001641,MER0030,2024-11,2024-12-01,2024-12-31,2024-12-16,paid,1800.00,2243.32,243.67,4286.99
INV001642,MER0031,2024-11,2024-12-01,2024-12-31,2024-12-04,paid,1800.00,2426.64,263.58,4490.22
INV001643,MER0032,2024-11,2024-12-01,2024-12-31,2024-12-08,paid,3600.00,3504.80,380.69,7485.49
INV001644,MER0033,2024-11,2024-12-01,2024-12-31,2025-01-31,paid,3600.00,12033.77,1307.12,16940.89
INV001645,MER0034,2024-11,2024-12-01,2024-12-31,2025-02-11,paid,1800.00,4306.43,467.77,6574.20
INV001646,MER0035,2024-11,2024-12-01,2024-12-31,2024-12-14,paid,7200.00,19910.25,2162.67,29272.92
INV001647,MER0036,2024-11,2024-12-01,2024-12-31,2024-12-23,paid,1800.00,9420.71,1023.28,12243.99
INV001648,MER0037,2024-11,2024-12-01,2024-12-31,2025-01-13,paid,3600.00,3765.80,409.04,7774.84
INV001649,MER0038,2024-11,2024-12-01,2024-12-31,2024-12-23,paid,1800.00,7686.95,834.96,10321.91
INV001650,MER0039,2024-11,2024-12-01,2024-12-31,2025-01-07,paid,7200.00,25851.01,2807.96,35858.97
INV001651,MER0040,2024-11,2024-12-01,2024-12-31,2024-12-28,paid,3600.00,12704.90,1380.02,17684.92
INV001652,MER0041,2024-11,2024-12-01,2024-12-31,2025-01-07,paid,3600.00,11148.25,1210.93,15959.18
INV001653,MER0042,2024-11,2024-12-01,2024-12-31,2024-12-09,paid,3600.00,24925.10,2707.38,31232.48
INV001654,MER0043,2024-11,2024-12-01,2024-12-31,,open,1800.00,3181.66,345.59,5327.25
INV001655,MER0044,2024-11,2024-12-01,2024-12-31,2024-12-20,paid,1800.00,1326.73,144.11,3270.84
INV001656,MER0045,2024-11,2024-12-01,2024-12-31,2024-12-28,paid,3600.00,7801.91,847.45,12249.36
INV001657,MER0046,2024-11,2024-12-01,2024-12-31,,open,1800.00,3172.34,344.58,5316.92
INV001658,MER0047,2024-11,2024-12-01,2024-12-31,2024-12-15,paid,3600.00,6021.55,654.06,10275.61
INV001659,MER0049,2024-11,2024-12-01,2024-12-31,2025-01-26,paid,1800.00,953.88,103.61,2857.49
INV001660,MER0050,2024-11,2024-12-01,2024-12-31,2024-12-15,paid,3600.00,6795.21,738.10,11133.31
INV001661,MER0051,2024-11,2024-12-01,2024-12-31,2024-12-06,paid,3600.00,5387.70,585.22,9572.92
INV001662,MER0052,2024-11,2024-12-01,2024-12-31,2024-12-10,paid,1800.00,680.45,73.91,2554.36
INV001663,MER0053,2024-11,2024-12-01,2024-12-31,2024-12-27,paid,1800.00,6736.18,731.69,9267.87
INV001664,MER0054,2024-11,2024-12-01,2024-12-31,2024-12-23,paid,3600.00,8864.54,962.87,13427.41
INV001665,MER0055,2024-11,2024-12-01,2024-12-31,2024-12-24,paid,7200.00,9097.57,988.18,17285.75
INV001666,MER0056,2024-11,2024-12-01,2024-12-31,,open,1800.00,7488.09,813.36,10101.45
INV001667,MER0057,2024-11,2024-12-01,2024-12-31,2025-02-07,paid,1800.00,4225.65,458.99,6484.64
INV001668,MER0058,2024-11,2024-12-01,2024-12-31,2025-01-07,paid,1800.00,6677.14,725.28,9202.42
INV001669,MER0059,2024-11,2024-12-01,2024-12-31,2024-12-09,paid,3600.00,5667.34,615.59,9882.93
INV001670,MER0060,2024-11,2024-12-01,2024-12-31,2024-12-14,paid,7200.00,29852.95,3242.65,40295.60
INV001671,MER0061,2024-11,2024-12-01,2024-12-31,2025-02-03,paid,1800.00,3697.44,401.62,5899.06
INV001672,MER0062,2024-11,2024-12-01,2024-12-31,2024-12-19,paid,3600.00,9973.77,1083.36,14657.13
INV001673,MER0063,2024-11,2024-12-01,2024-12-31,2024-12-18,paid,3600.00,11446.53,1243.33,16289.86
INV001674,MER0064,2024-11,2024-12-01,2024-12-31,2024-12-17,paid,1800.00,1460.33,158.62,3418.95
INV001675,MER0066,2024-11,2024-12-01,2024-12-31,2024-12-09,paid,1800.00,6910.17,750.59,9460.76
INV001676,MER0067,2024-11,2024-12-01,2024-12-31,2024-12-20,paid,7200.00,20009.68,2173.47,29383.15
INV001677,MER0068,2024-11,2024-12-01,2024-12-31,2024-12-11,paid,3600.00,15044.54,1634.15,20278.69
INV001678,MER0070,2024-11,2024-12-01,2024-12-31,2024-12-29,paid,1800.00,1006.70,109.35,2916.05
INV001679,MER0071,2024-11,2024-12-01,2024-12-31,2024-12-05,paid,7200.00,19785.97,2149.17,29135.14
INV001680,MER0072,2024-11,2024-12-01,2024-12-31,2025-01-17,paid,3600.00,7466.34,811.00,11877.34
INV001681,MER0073,2024-11,2024-12-01,2024-12-31,2024-12-29,paid,1800.00,3479.94,377.99,5657.93
INV001682,MER0074,2024-11,2024-12-01,2024-12-31,2024-12-13,paid,7200.00,17325.15,1881.87,26407.02
INV001683,MER0075,2024-11,2024-12-01,2024-12-31,2024-12-25,paid,3600.00,10216.12,1109.68,14925.80
INV001684,MER0076,2024-11,2024-12-01,2024-12-31,2024-12-27,paid,1800.00,3681.90,399.93,5881.83
INV001685,MER0077,2024-11,2024-12-01,2024-12-31,2025-01-02,paid,1800.00,4648.21,504.89,6953.10
INV001686,MER0078,2024-11,2024-12-01,2024-12-31,2024-12-25,paid,3600.00,3747.15,407.02,7754.17
INV001687,MER0079,2024-11,2024-12-01,2024-12-31,2024-12-26,paid,7200.00,60675.31,6590.59,74465.90
INV001688,MER0080,2024-11,2024-12-01,2024-12-31,2025-01-17,paid,7200.00,17076.58,1854.87,26131.45
INV001689,MER0081,2024-11,2024-12-01,2024-12-31,2024-12-21,paid,3600.00,10290.69,1117.78,15008.47
INV001690,MER0082,2024-11,2024-12-01,2024-12-31,2024-12-10,paid,3600.00,8762.00,951.73,13313.73
INV001691,MER0083,2024-11,2024-12-01,2024-12-31,2024-12-24,paid,3600.00,6096.12,662.16,10358.28
INV001692,MER0084,2024-11,2024-12-01,2024-12-31,2024-12-27,paid,3600.00,28625.65,3109.34,35334.99
INV001693,MER0085,2024-11,2024-12-01,2024-12-31,2024-12-06,paid,1800.00,1444.80,156.94,3401.74
INV001694,MER0086,2024-11,2024-12-01,2024-12-31,2024-12-17,paid,1800.00,2625.49,285.18,4710.67
INV001695,MER0087,2024-11,2024-12-01,2024-12-31,2024-12-24,paid,7200.00,21078.52,2289.56,30568.08
INV001696,MER0088,2024-11,2024-12-01,2024-12-31,2025-01-19,paid,1800.00,2299.25,249.75,4349.00
INV001697,MER0089,2024-11,2024-12-01,2024-12-31,2024-12-15,paid,1800.00,4076.51,442.79,6319.30
INV001698,MER0090,2024-11,2024-12-01,2024-12-31,2024-12-12,paid,1800.00,5260.31,571.38,7631.69
INV001699,MER0091,2024-11,2024-12-01,2024-12-31,2025-01-01,paid,1800.00,7488.09,813.36,10101.45
INV001700,MER0092,2024-11,2024-12-01,2024-12-31,2024-12-28,paid,1800.00,3666.37,398.24,5864.61
INV001701,MER0093,2024-11,2024-12-01,2024-12-31,2024-12-23,paid,3600.00,4558.11,495.10,8653.21
INV001702,MER0094,2024-11,2024-12-01,2024-12-31,2024-12-18,paid,3600.00,21811.79,2369.21,27781.00
INV001703,MER0095,2024-11,2024-12-01,2024-12-31,2024-12-11,paid,1800.00,3616.66,392.84,5809.50
INV001704,MER0096,2024-11,2024-12-01,2024-12-31,2024-12-12,paid,1800.00,7189.81,780.96,9770.77
INV001705,MER0097,2024-11,2024-12-01,2024-12-31,2024-12-30,paid,1800.00,1553.55,168.75,3522.30
INV001706,MER0098,2024-11,2024-12-01,2024-12-31,2024-12-23,paid,7200.00,55952.53,6077.60,69230.13
INV001707,MER0099,2024-11,2024-12-01,2024-12-31,2024-12-16,paid,3600.00,5658.02,614.58,9872.60
INV001708,MER0100,2024-11,2024-12-01,2024-12-31,2024-12-09,paid,1800.00,1951.25,211.95,3963.20
INV001709,MER0102,2024-11,2024-12-01,2024-12-31,2024-12-11,paid,3600.00,7634.13,829.22,12063.35
INV001710,MER0103,2024-11,2024-12-01,2024-12-31,2024-12-17,paid,1800.00,9050.96,983.12,11834.08
INV001711,MER0104,2024-11,2024-12-01,2024-12-31,2024-12-07,paid,7200.00,42107.32,4573.73,53881.05
INV001712,MER0105,2024-11,2024-12-01,2024-12-31,2024-12-22,paid,3600.00,13273.50,1441.78,18315.28
INV001713,MER0106,2024-11,2024-12-01,2024-12-31,2024-12-22,paid,1800.00,1519.37,165.04,3484.41
INV001714,MER0107,2024-11,2024-12-01,2024-12-31,2024-12-13,paid,1800.00,2774.63,301.38,4876.01
INV001715,MER0108,2024-11,2024-12-01,2024-12-31,2024-12-17,paid,3600.00,17290.97,1878.16,22769.13
INV001716,MER0109,2024-11,2024-12-01,2024-12-31,2024-12-18,paid,1800.00,2898.92,314.88,5013.80
INV001717,MER0110,2024-11,2024-12-01,2024-12-31,2024-12-22,paid,1800.00,6248.36,678.70,8727.06
INV001718,MER0111,2024-11,2024-12-01,2024-12-31,2024-12-10,paid,1800.00,1842.51,200.13,3842.64
INV001719,MER0112,2024-11,2024-12-01,2024-12-31,2025-01-04,paid,7200.00,24185.61,2627.06,34012.67
INV001720,MER0113,2024-11,2024-12-01,2024-12-31,2024-12-24,paid,1800.00,2917.56,316.91,5034.47
INV001721,MER0114,2024-11,2024-12-01,2024-12-31,2024-12-30,paid,3600.00,8622.18,936.55,13158.73
INV001722,MER0115,2024-11,2024-12-01,2024-12-31,,open,7200.00,30946.65,3361.45,41508.10
INV001723,MER0116,2024-11,2024-12-01,2024-12-31,2025-01-24,paid,3600.00,8473.04,920.35,12993.39
INV001724,MER0117,2024-11,2024-12-01,2024-12-31,2024-12-05,paid,7200.00,45164.70,4905.82,57270.52
INV001725,MER0118,2024-11,2024-12-01,2024-12-31,2024-12-08,paid,7200.00,14292.63,1552.48,23045.11
INV001726,MER0119,2024-11,2024-12-01,2024-12-31,2024-12-23,paid,1800.00,4088.93,444.14,6333.07
INV001727,MER0120,2024-11,2024-12-01,2024-12-31,2024-12-25,paid,1800.00,1562.87,169.76,3532.63
INV001728,MER0121,2024-11,2024-12-01,2024-12-31,2025-02-07,paid,1800.00,1945.04,211.27,3956.31
INV001729,MER0122,2024-11,2024-12-01,2024-12-31,2024-12-08,paid,3600.00,3318.38,360.44,7278.82
INV001730,MER0123,2024-11,2024-12-01,2024-12-31,2024-12-06,paid,1800.00,3591.80,390.14,5781.94
INV001731,MER0124,2024-11,2024-12-01,2024-12-31,2024-12-06,paid,3600.00,10104.27,1097.53,14801.80
INV001732,MER0125,2024-11,2024-12-01,2024-12-31,2024-12-07,paid,3600.00,17579.93,1909.54,23089.47
INV001733,MER0126,2024-11,2024-12-01,2024-12-31,2024-12-13,paid,1800.00,1820.76,197.77,3818.53
INV001734,MER0127,2024-11,2024-12-01,2024-12-31,2024-12-14,paid,3600.00,7168.06,778.60,11546.66
INV001735,MER0128,2024-11,2024-12-01,2024-12-31,2024-12-15,paid,3600.00,2880.28,312.86,6793.14
INV001736,MER0129,2024-11,2024-12-01,2024-12-31,2024-12-20,paid,1800.00,2308.57,250.76,4359.33
INV001737,MER0130,2024-11,2024-12-01,2024-12-31,2024-12-14,paid,3600.00,6124.08,665.20,10389.28
INV001738,MER0131,2024-11,2024-12-01,2024-12-31,2025-01-15,paid,7200.00,38428.52,4174.13,49802.65
INV001739,MER0132,2024-11,2024-12-01,2024-12-31,2025-02-02,paid,1800.00,2479.46,269.32,4548.78
INV001740,MER0133,2024-11,2024-12-01,2024-12-31,2024-12-27,paid,1800.00,1659.19,180.22,3639.41
INV001741,MER0134,2024-11,2024-12-01,2024-12-31,2024-12-05,paid,7200.00,15659.75,1700.97,24560.72
INV001742,MER0135,2024-11,2024-12-01,2024-12-31,2024-12-08,paid,1800.00,2414.21,262.23,4476.44
INV001743,MER0136,2024-11,2024-12-01,2024-12-31,2024-12-14,paid,1800.00,2544.71,276.41,4621.12
INV001744,MER0137,2024-11,2024-12-01,2024-12-31,2024-12-19,paid,1800.00,1867.36,202.83,3870.19
INV001745,MER0138,2024-11,2024-12-01,2024-12-31,2024-12-06,paid,3600.00,8789.97,954.77,13344.74
INV001746,MER0139,2024-11,2024-12-01,2024-12-31,2025-01-03,paid,1800.00,2299.25,249.75,4349.00
INV001747,MER0140,2024-11,2024-12-01,2024-12-31,2024-12-11,paid,1800.00,6776.57,736.08,9312.65
INV001748,MER0141,2024-11,2024-12-01,2024-12-31,2024-12-16,paid,7200.00,9047.85,982.78,17230.63
INV001749,MER0142,2024-11,2024-12-01,2024-12-31,2024-12-06,paid,3600.00,8109.51,880.86,12590.37
INV001750,MER0143,2024-11,2024-12-01,2024-12-31,2025-01-20,paid,1800.00,5123.60,556.53,7480.13
INV001751,MER0144,2024-11,2024-12-01,2024-12-31,2025-01-15,paid,1800.00,1109.23,120.49,3029.72
INV001752,MER0145,2024-11,2024-12-01,2024-12-31,2024-12-11,paid,7200.00,4523.93,491.39,12215.32
INV001753,MER0146,2024-11,2024-12-01,2024-12-31,2024-12-29,paid,3600.00,23526.91,2555.51,29682.42
INV001754,MER0147,2024-11,2024-12-01,2024-12-31,2024-12-04,paid,3600.00,15613.14,1695.91,20909.05
INV001755,MER0148,2024-11,2024-12-01,2024-12-31,2025-01-06,paid,3600.00,12369.34,1343.57,17312.91
INV001756,MER0149,2024-11,2024-12-01,2024-12-31,2024-12-06,paid,1800.00,3107.09,337.49,5244.58
INV001757,MER0150,2024-11,2024-12-01,2024-12-31,2025-02-06,paid,1800.00,6757.93,734.05,9291.98
INV001758,MER0151,2024-11,2024-12-01,2024-12-31,2024-12-12,paid,7200.00,16977.16,1844.07,26021.23
INV001759,MER0152,2024-11,2024-12-01,2024-12-31,2024-12-21,paid,1800.00,5866.19,637.19,8303.38
INV001760,MER0154,2024-11,2024-12-01,2024-12-31,,open,1800.00,7988.34,867.70,10656.04
INV001761,MER0155,2024-11,2024-12-01,2024-12-31,2024-12-23,paid,7200.00,51329.17,5575.41,64104.58
INV001762,MER0156,2024-11,2024-12-01,2024-12-31,2025-02-03,paid,7200.00,22296.50,2421.86,31918.36
INV001763,MER0157,2024-11,2024-12-01,2024-12-31,2024-12-08,paid,1800.00,7373.13,800.87,9974.00
INV001764,MER0158,2024-11,2024-12-01,2024-12-31,2025-01-22,paid,1800.00,2597.53,282.15,4679.68
INV001765,MER0159,2024-11,2024-12-01,2024-12-31,2024-12-15,paid,3600.00,4110.68,446.51,8157.19
INV001766,MER0160,2024-11,2024-12-01,2024-12-31,2024-12-29,paid,3600.00,8734.04,948.70,13282.74
INV001767,MER0161,2024-11,2024-12-01,2024-12-31,2025-02-13,paid,3600.00,11036.39,1198.78,15835.17
INV001768,MER0162,2024-11,2024-12-01,2024-12-31,2024-12-26,paid,1800.00,1646.76,178.87,3625.63
INV001769,MER0163,2024-11,2024-12-01,2024-12-31,2025-01-09,paid,1800.00,1652.97,179.55,3632.52
INV001770,MER0164,2024-11,2024-12-01,2024-12-31,2024-12-28,paid,3600.00,5564.80,604.45,9769.25
INV001771,MER0165,2024-11,2024-12-01,2024-12-31,2025-01-28,paid,7200.00,62141.86,6749.89,76091.75
INV001772,MER0166,2024-11,2024-12-01,2024-12-31,2024-12-17,paid,1800.00,2696.96,292.95,4789.91
INV001773,MER0167,2024-11,2024-12-01,2024-12-31,,open,1800.00,3156.81,342.89,5299.70
INV001774,MER0168,2024-11,2024-12-01,2024-12-31,2024-12-10,paid,1800.00,1065.73,115.76,2981.49
INV001775,MER0169,2024-11,2024-12-01,2024-12-31,2024-12-20,paid,1800.00,1454.12,157.95,3412.07
INV001776,MER0170,2024-11,2024-12-01,2024-12-31,2025-01-28,paid,3600.00,7773.95,844.41,12218.36
INV001777,MER0171,2024-11,2024-12-01,2024-12-31,2024-12-06,paid,3600.00,9498.38,1031.72,14130.10
INV001778,MER0173,2024-11,2024-12-01,2024-12-31,,open,3600.00,14886.08,1616.94,20103.02
INV001779,MER0174,2024-11,2024-12-01,2024-12-31,2024-12-11,paid,1800.00,2451.50,266.28,4517.78
INV001780,MER0175,2024-11,2024-12-01,2024-12-31,2024-12-28,paid,7200.00,52298.59,5680.71,65179.30
INV001781,MER0176,2024-11,2024-12-01,2024-12-31,2024-12-20,paid,7200.00,27764.98,3015.85,37980.83
INV001782,MER0177,2024-11,2024-12-01,2024-12-31,2025-01-22,paid,7200.00,43375.02,4711.42,55286.44
INV001783,MER0178,2024-11,2024-12-01,2024-12-31,2024-12-26,paid,3600.00,8137.48,883.90,12621.38
INV001784,MER0179,2024-11,2024-12-01,2024-12-31,2024-12-11,paid,3600.00,20096.68,2182.92,25879.60
INV001785,MER0180,2024-11,2024-12-01,2024-12-31,2024-12-10,paid,7200.00,9520.13,1034.08,17754.21
INV001786,MER0181,2024-11,2024-12-01,2024-12-31,2024-12-12,paid,3600.00,10644.90,1156.26,15401.16
INV001787,MER0182,2024-11,2024-12-01,2024-12-31,2024-12-12,paid,7200.00,23241.05,2524.46,32965.51
INV001788,MER0183,2024-11,2024-12-01,2024-12-31,2024-12-20,paid,7200.00,22768.78,2473.16,32441.94
INV001789,MER0184,2024-11,2024-12-01,2024-12-31,,open,7200.00,19562.26,2124.87,28887.13
INV001790,MER0185,2024-11,2024-12-01,2024-12-31,2024-12-18,paid,3600.00,22725.28,2468.44,28793.72
INV001791,MER0186,2024-11,2024-12-01,2024-12-31,2024-12-21,paid,1800.00,1093.70,118.80,3012.50
INV001792,MER0001,2024-12,2025-01-01,2025-01-31,2025-01-14,paid,1800.00,8322.94,904.04,11026.98
INV001793,MER0002,2024-12,2025-01-01,2025-01-31,2025-01-08,paid,3600.00,6604.28,717.36,10921.64
INV001794,MER0003,2024-12,2025-01-01,2025-01-31,2025-01-27,paid,1800.00,7476.49,812.10,10088.59
INV001795,MER0004,2024-12,2025-01-01,2025-01-31,2025-01-06,paid,3600.00,7791.90,846.36,12238.26
INV001796,MER0005,2024-12,2025-01-01,2025-01-31,2025-03-06,paid,7200.00,36870.71,4004.92,48075.63
INV001797,MER0006,2024-12,2025-01-01,2025-01-31,2025-01-29,paid,1800.00,1290.60,140.19,3230.79
INV001798,MER0007,2024-12,2025-01-01,2025-01-31,2025-01-04,paid,7200.00,20237.69,2198.23,29635.92
INV001799,MER0008,2024-12,2025-01-01,2025-01-31,2025-01-17,paid,1800.00,2339.82,254.15,4393.97
INV001800,MER0009,2024-12,2025-01-01,2025-01-31,2025-01-29,paid,3600.00,3765.60,409.02,7774.62
INV001801,MER0010,2024-12,2025-01-01,2025-01-31,2025-01-25,paid,3600.00,10109.19,1098.07,14807.26
INV001802,MER0011,2024-12,2025-01-01,2025-01-31,2025-01-10,paid,3600.00,8100.87,879.92,12580.79
INV001803,MER0012,2024-12,2025-01-01,2025-01-31,2025-01-28,paid,3600.00,12194.75,1324.60,17119.35
INV001804,MER0013,2024-12,2025-01-01,2025-01-31,2025-02-22,paid,7200.00,61537.00,6684.19,75421.19
INV001805,MER0014,2024-12,2025-01-01,2025-01-31,2025-01-15,paid,3600.00,23771.56,2582.08,29953.64
INV001806,MER0015,2024-12,2025-01-01,2025-01-31,2025-03-14,paid,1800.00,2861.21,310.79,4972.00
INV001807,MER0016,2024-12,2025-01-01,2025-01-31,2025-01-12,paid,3600.00,3031.79,329.32,6961.11
INV001808,MER0017,2024-12,2025-01-01,2025-01-31,2025-01-17,paid,1800.00,2310.86,251.01,4361.87
INV001809,MER0018,2024-12,2025-01-01,2025-01-31,2025-03-01,paid,3600.00,10022.29,1088.63,14710.92
INV001810,MER0019,2024-12,2025-01-01,2025-01-31,2025-01-18,paid,3600.00,12455.45,1352.92,17408.37
INV001811,MER0020,2024-12,2025-01-01,2025-01-31,2025-01-07,paid,1800.00,6002.43,651.99,8454.42
INV001812,MER0021,2024-12,2025-01-01,2025-01-31,2025-01-23,paid,3600.00,13923.07,1512.33,19035.40
INV001813,MER0022,2024-12,2025-01-01,2025-01-31,2025-01-27,paid,7200.00,31695.42,3442.78,42338.20
INV001814,MER0023,2024-12,2025-01-01,2025-01-31,2025-01-28,paid,3600.00,14463.77,1571.06,19634.83
INV001815,MER0024,2024-12,2025-01-01,2025-01-31,2025-01-28,paid,1800.00,2194.99,238.42,4233.41
INV001816,MER0025,2024-12,2025-01-01,2025-01-31,2025-01-23,paid,1800.00,3582.15,389.10,5771.25
INV001817,MER0026,2024-12,2025-01-01,2025-01-31,2025-01-27,paid,3600.00,8033.28,872.58,12505.86
INV001818,MER0027,2024-12,2025-01-01,2025-01-31,2025-02-11,paid,7200.00,49461.33,5372.52,62033.85
INV001819,MER0028,2024-12,2025-01-01,2025-01-31,2025-01-06,paid,1800.00,4467.23,485.23,6752.46
INV001820,MER0029,2024-12,2025-01-01,2025-01-31,2025-01-12,paid,3600.00,7280.16,790.78,11670.94
INV001821,MER0030,2024-12,2025-01-01,2025-01-31,2025-01-29,paid,1800.00,2323.73,252.41,4376.14
INV001822,MER0031,2024-12,2025-01-01,2025-01-31,2025-01-26,paid,1800.00,2513.62,273.03,4586.65
INV001823,MER0032,2024-12,2025-01-01,2025-01-31,2025-01-26,paid,3600.00,3630.43,394.34,7624.77
INV001824,MER0033,2024-12,2025-01-01,2025-01-31,2025-01-10,paid,3600.00,12465.10,1353.97,17419.07
INV001825,MER0034,2024-12,2025-01-01,2025-01-31,2025-03-12,paid,1800.00,4460.79,484.53,6745.32
INV001826,MER0035,2024-12,2025-01-01,2025-01-31,2025-01-18,paid,7200.00,20623.91,2240.18,30064.09
INV001827,MER0036,2024-12,2025-01-01,2025-01-31,2025-01-15,paid,1800.00,9758.38,1059.96,12618.34
INV001828,MER0037,2024-12,2025-01-01,2025-01-31,,open,3600.00,3900.78,423.71,7924.49
INV001829,MER0038,2024-12,2025-01-01,2025-01-31,2025-01-16,paid,1800.00,7962.48,864.89,10627.37
INV001830,MER0039,2024-12,2025-01-01,2025-01-31,,open,7200.00,26777.61,2908.60,36886.21
INV001831,MER0040,2024-12,2025-01-01,2025-01-31,2025-01-29,paid,3600.00,13160.29,1429.48,18189.77
INV001832,MER0041,2024-12,2025-01-01,2025-01-31,2025-01-26,paid,3600.00,11547.84,1254.33,16402.17
INV001833,MER0042,2024-12,2025-01-01,2025-01-31,2025-01-10,paid,3600.00,25818.51,2804.42,32222.93
INV001834,MER0043,2024-12,2025-01-01,2025-01-31,2025-01-17,paid,1800.00,3295.71,357.98,5453.69
INV001835,MER0044,2024-12,2025-01-01,2025-01-31,2025-01-13,paid,1800.00,1374.28,149.28,3323.56
INV001836,MER0045,2024-12,2025-01-01,2025-01-31,2025-01-26,paid,3600.00,8081.56,877.82,12559.38
INV001837,MER0046,2024-12,2025-01-01,2025-01-31,2025-03-03,paid,1800.00,3286.05,356.93,5442.98
INV001838,MER0047,2024-12,2025-01-01,2025-01-31,2025-01-09,paid,3600.00,6237.38,677.51,10514.89
INV001839,MER0049,2024-12,2025-01-01,2025-01-31,2025-01-09,paid,1800.00,988.07,107.32,2895.39
INV001840,MER0050,2024-12,2025-01-01,2025-01-31,2025-01-17,paid,3600.00,7038.78,764.56,11403.34
INV001841,MER0051,2024-12,2025-01-01,2025-01-31,2025-02-26,paid,3600.00,5580.81,606.19,9787.00
INV001842,MER0052,2024-12,2025-01-01,2025-01-31,2025-01-27,paid,1800.00,704.84,76.56,2581.40
INV001843,MER0053,2024-12,2025-01-01,2025-01-31,2025-01-14,paid,1800.00,6977.63,757.91,9535.54
INV001844,MER0054,2024-12,2025-01-01,2025-01-31,2025-02-28,paid,3600.00,9182.27,997.38,13779.65
INV001845,MER0055,2024-12,2025-01-01,2025-01-31,2025-01-16,paid,7200.00,9423.66,1023.60,17647.26
INV001846,MER0056,2024-12,2025-01-01,2025-01-31,2025-01-05,paid,1800.00,7756.49,842.52,10399.01
INV001847,MER0057,2024-12,2025-01-01,2025-01-31,2025-01-06,paid,1800.00,4377.11,475.44,6652.55
INV001848,MER0058,2024-12,2025-01-01,2025-01-31,2025-01-26,paid,1800.00,6916.48,751.27,9467.75
INV001849,MER0059,2024-12,2025-01-01,2025-01-31,2025-01-18,paid,3600.00,5870.48,637.66,10108.14
INV001850,MER0060,2024-12,2025-01-01,2025-01-31,2025-01-24,paid,7200.00,30922.99,3358.88,41481.87
INV001851,MER0061,2024-12,2025-01-01,2025-01-31,2025-02-11,paid,1800.00,3829.97,416.01,6045.98
INV001852,MER0062,2024-12,2025-01-01,2025-01-31,,open,3600.00,10331.26,1122.19,15053.45
INV001853,MER0063,2024-12,2025-01-01,2025-01-31,2025-01-26,paid,3600.00,11856.82,1287.90,16744.72
INV001854,MER0064,2024-12,2025-01-01,2025-01-31,2025-01-09,paid,1800.00,1512.68,164.31,3476.99
INV001855,MER0066,2024-12,2025-01-01,2025-01-31,2025-01-24,paid,1800.00,7157.86,777.49,9735.35
INV001856,MER0067,2024-12,2025-01-01,2025-01-31,,open,7200.00,20726.90,2251.37,30178.27
INV001857,MER0068,2024-12,2025-01-01,2025-01-31,2025-01-04,paid,3600.00,15583.80,1692.72,20876.52
INV001858,MER0070,2024-12,2025-01-01,2025-01-31,2025-02-09,paid,1800.00,1042.78,113.27,2956.05
INV001859,MER0071,2024-12,2025-01-01,2025-01-31,2025-01-07,paid,7200.00,20495.17,2226.20,29921.37
INV001860,MER0072,2024-12,2025-01-01,2025-01-31,2025-01-07,paid,3600.00,7733.97,840.07,12174.04
INV001861,MER0073,2024-12,2025-01-01,2025-01-31,2025-01-13,paid,1800.00,3604.68,391.54,5796.22
INV001862,MER0074,2024-12,2025-01-01,2025-01-31,2025-01-24,paid,7200.00,17946.15,1949.32,27095.47
INV001863,MER0075,2024-12,2025-01-01,2025-01-31,2025-01-07,paid,3600.00,10582.30,1149.46,15331.76
INV001864,MER0076,2024-12,2025-01-01,2025-01-31,2025-01-08,paid,1800.00,3813.88,414.27,6028.15
INV001865,MER0077,2024-12,2025-01-01,2025-01-31,2025-01-21,paid,1800.00,4814.82,522.99,7137.81
INV001866,MER0078,2024-12,2025-01-01,2025-01-31,2025-01-12,paid,3600.00,3881.47,421.61,7903.08
INV001867,MER0079,2024-12,2025-01-01,2025-01-31,2025-02-26,paid,7200.00,62850.14,6826.83,76876.97
INV001868,MER0080,2024-12,2025-01-01,2025-01-31,2025-02-01,paid,7200.00,17688.67,1921.36,26810.03
INV001869,MER0081,2024-12,2025-01-01,2025-01-31,2025-01-15,paid,3600.00,10659.55,1157.85,15417.40
INV001870,MER0082,2024-12,2025-01-01,2025-01-31,2025-01-09,paid,3600.00,9076.06,985.85,13661.91
INV001871,MER0083,2024-12,2025-01-01,2025-01-31,2025-01-21,paid,3600.00,6314.62,685.90,10600.52
INV001872,MER0084,2024-12,2025-01-01,2025-01-31,2025-01-04,paid,3600.00,29651.69,3220.79,36472.48
INV001873,MER0085,2024-12,2025-01-01,2025-01-31,2025-01-25,paid,1800.00,1496.58,162.56,3459.14
INV001874,MER0086,2024-12,2025-01-01,2025-01-31,2025-01-30,paid,1800.00,2719.60,295.40,4815.00
INV001875,MER0087,2024-12,2025-01-01,2025-01-31,2025-02-07,paid,7200.00,21834.05,2371.63,31405.68
INV001876,MER0088,2024-12,2025-01-01,2025-01-31,2025-01-30,paid,1800.00,2381.66,258.70,4440.36
INV001877,MER0089,2024-12,2025-01-01,2025-01-31,2025-01-04,paid,1800.00,4222.62,458.66,6481.28
INV001878,MER0090,2024-12,2025-01-01,2025-01-31,2025-03-03,paid,1800.00,5448.86,591.86,7840.72
INV001879,MER0091,2024-12,2025-01-01,2025-01-31,2025-01-17,paid,1800.00,7756.49,842.52,10399.01
INV001880,MER0092,2024-12,2025-01-01,2025-01-31,2025-01-27,paid,1800.00,3797.79,412.52,6010.31
INV001881,MER0093,2024-12,2025-01-01,2025-01-31,2025-01-18,paid,3600.00,4721.48,512.85,8834.33
INV001882,MER0094,2024-12,2025-01-01,2025-01-31,2025-01-26,paid,3600.00,22593.61,2454.13,28647.74
INV001883,MER0095,2024-12,2025-01-01,2025-01-31,,open,1800.00,3746.29,406.92,5953.21
INV001884,MER0096,2024-12,2025-01-01,2025-01-31,2025-02-26,paid,1800.00,7447.52,808.95,10056.47
INV001885,MER0097,2024-12,2025-01-01,2025-01-31,2025-01-18,paid,1800.00,1609.23,174.80,3584.03
INV001886,MER0098,2024-12,2025-01-01,2025-01-31,2025-01-04,paid,7200.00,57958.07,6295.45,71453.52
INV001887,MER0099,2024-12,2025-01-01,2025-01-31,2025-02-02,paid,3600.00,5860.82,636.61,10097.43
INV001888,MER0100,2024-12,2025-01-01,2025-01-31,2025-01-17,paid,1800.00,2021.19,219.54,4040.73
INV001889,MER0102,2024-12,2025-01-01,2025-01-31,2025-01-18,paid,3600.00,7907.76,858.95,12366.71
INV001890,MER0103,2024-12,2025-01-01,2025-01-31,2025-03-12,paid,1800.00,9375.38,1018.36,12193.74
INV001891,MER0104,2024-12,2025-01-01,2025-01-31,2025-01-04,paid,7200.00,43616.60,4737.67,55554.27
INV001892,MER0105,2024-12,2025-01-01,2025-01-31,2025-01-19,paid,3600.00,13749.27,1493.46,18842.73
INV001893,MER0106,2024-12,2025-01-01,2025-01-31,2025-01-30,paid,1800.00,1573.83,170.95,3544.78
INV001894,MER0107,2024-12,2025-01-01,2025-01-31,2025-01-09,paid,1800.00,2874.09,312.19,4986.28
INV001895,MER0108,2024-12,2025-01-01,2025-01-31,2025-01-05,paid,3600.00,17910.74,1945.48,23456.22
INV001896,MER0109,2024-12,2025-01-01,2025-01-31,2025-01-27,paid,1800.00,3002.83,326.17,5129.00
INV001897,MER0110,2024-12,2025-01-01,2025-01-31,2025-01-12,paid,1800.00,6472.33,703.03,8975.36
INV001898,MER0111,2024-12,2025-01-01,2025-01-31,2025-02-13,paid,1800.00,1908.55,207.31,3915.86
INV001899,MER0112,2024-12,2025-01-01,2025-01-31,2025-02-19,paid,7200.00,25052.51,2721.22,34973.73
INV001900,MER0113,2024-12,2025-01-01,2025-01-31,2025-01-10,paid,1800.00,3022.14,328.27,5150.41
INV001901,MER0114,2024-12,2025-01-01,2025-01-31,2025-01-04,paid,3600.00,8931.23,970.12,13501.35
INV001902,MER0115,2024-12,2025-01-01,2025-01-31,2025-01-28,paid,7200.00,32055.89,3481.93,42737.82
INV001903,MER0116,2024-12,2025-01-01,2025-01-31,2025-01-28,paid,3600.00,8776.75,953.34,13330.09
INV001904,MER0117,2024-12,2025-01-01,2025-01-31,2025-02-10,paid,7200.00,46783.57,5081.66,59065.23
INV001905,MER0118,2024-12,2025-01-01,2025-01-31,2025-01-28,paid,7200.00,14804.93,1608.12,23613.05
INV001906,MER0119,2024-12,2025-01-01,2025-01-31,2025-01-17,paid,1800.00,4235.50,460.06,6495.56
INV001907,MER0120,2024-12,2025-01-01,2025-01-31,2025-01-18,paid,1800.00,1618.89,175.84,3594.73
INV001908,MER0121,2024-12,2025-01-01,2025-01-31,2025-01-11,paid,1800.00,2014.76,218.84,4033.60
INV001909,MER0122,2024-12,2025-01-01,2025-01-31,2025-03-08,paid,3600.00,3437.32,373.36,7410.68
INV001910,MER0123,2024-12,2025-01-01,2025-01-31,2025-01-18,paid,1800.00,3720.54,404.13,5924.67
INV001911,MER0124,2024-12,2025-01-01,2025-01-31,,open,3600.00,10466.44,1136.87,15203.31
INV001912,MER0125,2024-12,2025-01-01,2025-01-31,2025-01-04,paid,3600.00,18210.06,1977.99,23788.05
INV001913,MER0126,2024-12,2025-01-01,2025-01-31,,open,1800.00,1886.02,204.86,3890.88
INV001914,MER0127,2024-12,2025-01-01,2025-01-31,2025-01-24,paid,3600.00,7424.99,806.51,11831.50
INV001915,MER0128,2024-12,2025-01-01,2025-01-31,2025-01-09,paid,3600.00,2983.51,324.07,6907.58
INV001916,MER0129,2024-12,2025-01-01,2025-01-31,2025-02-21,paid,1800.00,2391.32,259.75,4451.07
INV001917,MER0130,2024-12,2025-01-01,2025-01-31,2025-01-10,paid,3600.00,6343.59,689.05,10632.64
INV001918,MER0131,2024-12,2025-01-01,2025-01-31,2025-01-11,paid,7200.00,39805.94,4323.75,51329.69
INV001919,MER0132,2024-12,2025-01-01,2025-01-31,2025-01-23,paid,1800.00,2568.33,278.97,4647.30
INV001920,MER0133,2024-12,2025-01-01,2025-01-31,2025-01-29,paid,1800.00,1718.66,186.68,3705.34
INV001921,MER0134,2024-12,2025-01-01,2025-01-31,2025-03-16,paid,7200.00,16221.05,1761.94,25182.99
INV001922,MER0135,2024-12,2025-01-01,2025-01-31,2025-01-06,paid,1800.00,2500.75,271.63,4572.38
INV001923,MER0136,2024-12,2025-01-01,2025-01-31,2025-01-19,paid,1800.00,2635.92,286.32,4722.24
INV001924,MER0137,2024-12,2025-01-01,2025-01-31,2025-01-23,paid,1800.00,1934.30,210.10,3944.40
INV001925,MER0138,2024-12,2025-01-01,2025-01-31,2025-01-13,paid,3600.00,9105.03,988.99,13694.02
INV001926,MER0139,2024-12,2025-01-01,2025-01-31,2025-01-28,paid,1800.00,2381.66,258.70,4440.36
INV001927,MER0140,2024-12,2025-01-01,2025-01-31,2025-01-24,paid,1800.00,7019.47,762.46,9581.93
INV001928,MER0141,2024-12,2025-01-01,2025-01-31,2025-01-28,paid,7200.00,9372.16,1018.01,17590.17
INV001929,MER0142,2024-12,2025-01-01,2025-01-31,2025-01-22,paid,3600.00,8400.19,912.43,12912.62
INV001930,MER0143,2024-12,2025-01-01,2025-01-31,2025-02-02,paid,1800.00,5307.24,576.48,7683.72
INV001931,MER0144,2024-12,2025-01-01,2025-01-31,2025-01-08,paid,1800.00,1148.99,124.80,3073.79
INV001932,MER0145,2024-12,2025-01-01,2025-01-31,2025-01-13,paid,7200.00,4686.08,509.01,12395.09
INV001933,MER0146,2024-12,2025-01-01,2025-01-31,2025-01-14,paid,3600.00,24370.20,2647.11,30617.31
INV001934,MER0148,2024-12,2025-01-01,2025-01-31,2025-01-18,paid,3600.00,12812.70,1391.72,17804.42
INV001935,MER0149,2024-12,2025-01-01,2025-01-31,2025-01-04,paid,1800.00,3218.46,349.59,5368.05
INV001936,MER0150,2024-12,2025-01-01,2025-01-31,2025-01-27,paid,1800.00,7000.16,760.36,9560.52
INV001937,MER0151,2024-12,2025-01-01,2025-01-31,2025-01-10,paid,7200.00,17585.68,1910.17,26695.85
INV001938,MER0152,2024-12,2025-01-01,2025-01-31,2025-01-09,paid,1800.00,6076.46,660.03,8536.49
INV001939,MER0154,2024-12,2025-01-01,2025-01-31,2025-01-28,paid,1800.00,8274.67,898.80,10973.47
INV001940,MER0155,2024-12,2025-01-01,2025-01-31,2025-01-06,paid,7200.00,53169.00,5775.25,66144.25
INV001941,MER0156,2024-12,2025-01-01,2025-01-31,2025-01-12,paid,7200.00,23095.69,2508.67,32804.36
INV001942,MER0157,2024-12,2025-01-01,2025-01-31,,open,1800.00,7637.41,829.58,10266.99
INV001943,MER0158,2024-12,2025-01-01,2025-01-31,2025-01-26,paid,1800.00,2690.63,292.26,4782.89
INV001944,MER0159,2024-12,2025-01-01,2025-01-31,2025-02-02,paid,3600.00,4258.03,462.51,8320.54
INV001945,MER0160,2024-12,2025-01-01,2025-01-31,2025-01-04,paid,3600.00,9047.10,982.70,13629.80
INV001946,MER0161,2024-12,2025-01-01,2025-01-31,2025-01-20,paid,3600.00,11431.98,1241.75,16273.73
INV001947,MER0162,2024-12,2025-01-01,2025-01-31,2025-01-19,paid,1800.00,1705.78,185.28,3691.06
INV001948,MER0163,2024-12,2025-01-01,2025-01-31,2025-01-27,paid,1800.00,1712.22,185.98,3698.20
INV001949,MER0164,2024-12,2025-01-01,2025-01-31,2025-01-19,paid,3600.00,5764.27,626.12,9990.39
INV001950,MER0165,2024-12,2025-01-01,2025-01-31,2025-01-20,paid,7200.00,64369.25,6991.83,78561.08
INV001951,MER0166,2024-12,2025-01-01,2025-01-31,2025-01-24,paid,1800.00,2793.63,303.45,4897.08
INV001952,MER0167,2024-12,2025-01-01,2025-01-31,,open,1800.00,3269.96,355.19,5425.15
INV001953,MER0168,2024-12,2025-01-01,2025-01-31,2025-01-30,paid,1800.00,1103.93,119.91,3023.84
INV001954,MER0169,2024-12,2025-01-01,2025-01-31,2025-01-21,paid,1800.00,1506.24,163.61,3469.85
INV001955,MER0170,2024-12,2025-01-01,2025-01-31,2025-01-11,paid,3600.00,8052.59,874.68,12527.27
INV001956,MER0171,2024-12,2025-01-01,2025-01-31,2025-02-07,paid,3600.00,9838.84,1068.70,14507.54
INV001957,MER0173,2024-12,2025-01-01,2025-01-31,2025-01-16,paid,3600.00,15419.65,1674.89,20694.54
INV001958,MER0174,2024-12,2025-01-01,2025-01-31,2025-01-15,paid,1800.00,2539.37,275.83,4615.20
INV001959,MER0175,2024-12,2025-01-01,2025-01-31,2025-01-23,paid,7200.00,54173.16,5884.33,67257.49
INV001960,MER0176,2024-12,2025-01-01,2025-01-31,2025-02-07,paid,7200.00,28760.18,3123.95,39084.13
INV001961,MER0177,2024-12,2025-01-01,2025-01-31,2025-01-05,paid,7200.00,44929.74,4880.30,57010.04
INV001962,MER0178,2024-12,2025-01-01,2025-01-31,2025-01-13,paid,3600.00,8429.15,915.58,12944.73
INV001963,MER0179,2024-12,2025-01-01,2025-01-31,2025-02-28,paid,3600.00,20817.02,2261.16,26678.18
INV001964,MER0180,2024-12,2025-01-01,2025-01-31,2025-01-10,paid,7200.00,9861.37,1071.15,18132.52
INV001965,MER0181,2024-12,2025-01-01,2025-01-31,2025-01-28,paid,3600.00,11026.45,1197.70,15824.15
INV001966,MER0182,2024-12,2025-01-01,2025-01-31,2025-03-05,paid,7200.00,24074.10,2614.95,33889.05
INV001967,MER0183,2024-12,2025-01-01,2025-01-31,2025-01-22,paid,7200.00,23584.89,2561.81,33346.70
INV001968,MER0184,2024-12,2025-01-01,2025-01-31,2025-01-25,paid,7200.00,20263.44,2201.03,29664.47
INV001969,MER0185,2024-12,2025-01-01,2025-01-31,2025-01-19,paid,3600.00,23539.83,2556.91,29696.74
INV001970,MER0186,2024-12,2025-01-01,2025-01-31,2025-01-22,paid,1800.00,1132.90,123.06,3055.96
INV001971,MER0187,2024-12,2025-01-01,2025-01-31,,open,3600.00,20807.36,2260.11,26667.47
INV001972,MER0188,2024-12,2025-01-01,2025-01-31,2025-01-08,paid,3600.00,7666.38,832.73,12099.11
INV001973,MER0189,2024-12,2025-01-01,2025-01-31,2025-01-13,paid,3600.00,14550.67,1580.50,19731.17
INV001974,MER0190,2024-12,2025-01-01,2025-01-31,2025-01-10,paid,3600.00,6285.66,682.75,10568.41
INV001975,MER0001,2025-01,2025-02-01,2025-03-03,2025-02-12,paid,1800.00,6148.35,667.84,8616.19
INV001976,MER0002,2025-01,2025-02-01,2025-03-03,2025-02-26,paid,3600.00,4878.73,529.93,9008.66
INV001977,MER0003,2025-01,2025-02-01,2025-03-03,2025-02-26,paid,1800.00,5523.05,599.92,7922.97
INV001978,MER0005,2025-01,2025-02-01,2025-03-03,2025-02-26,paid,7200.00,27237.22,2958.53,37395.75
INV001979,MER0006,2025-01,2025-02-01,2025-03-03,2025-02-28,paid,1800.00,953.40,103.56,2856.96
INV001980,MER0007,2025-01,2025-02-01,2025-03-03,2025-03-19,paid,7200.00,14950.04,1623.88,23773.92
INV001981,MER0008,2025-01,2025-02-01,2025-03-03,2025-02-15,paid,1800.00,1728.48,187.75,3716.23
INV001982,MER0009,2025-01,2025-02-01,2025-03-03,2025-02-27,paid,3600.00,2781.73,302.15,6683.88
INV001983,MER0010,2025-01,2025-02-01,2025-03-03,2025-02-09,paid,3600.00,7467.89,811.17,11879.06
INV001984,MER0011,2025-01,2025-02-01,2025-03-03,2025-02-26,paid,3600.00,5984.29,650.02,10234.31
INV001985,MER0012,2025-01,2025-02-01,2025-03-03,2025-03-11,paid,3600.00,9008.54,978.51,13587.05
INV001986,MER0013,2025-01,2025-02-01,2025-03-03,2025-02-10,paid,7200.00,45458.76,4937.76,57596.52
INV001987,MER0014,2025-01,2025-02-01,2025-03-03,2025-02-13,paid,3600.00,17560.59,1907.44,23068.03
INV001988,MER0015,2025-01,2025-02-01,2025-03-03,2025-02-15,paid,1800.00,2113.64,229.59,4143.23
INV001989,MER0016,2025-01,2025-02-01,2025-03-03,2025-04-12,paid,3600.00,2239.65,243.27,6082.92
INV001990,MER0017,2025-01,2025-02-01,2025-03-03,2025-02-10,paid,1800.00,1707.08,185.42,3692.50
INV001991,MER0018,2025-01,2025-02-01,2025-03-03,2025-02-21,paid,3600.00,7403.69,804.19,11807.88
INV001992,MER0019,2025-01,2025-02-01,2025-03-03,2025-02-18,paid,3600.00,9201.12,999.43,13800.55
INV001993,MER0020,2025-01,2025-02-01,2025-03-03,2025-02-17,paid,1800.00,4434.13,481.64,6715.77
INV001994,MER0021,2025-01,2025-02-01,2025-03-03,2025-02-07,paid,3600.00,10285.28,1117.19,15002.47
INV001995,MER0022,2025-01,2025-02-01,2025-03-03,2025-02-15,paid,7200.00,23414.12,2543.26,33157.38
INV001996,MER0023,2025-01,2025-02-01,2025-03-03,2025-02-06,paid,3600.00,10684.71,1160.58,15445.29
INV001997,MER0024,2025-01,2025-02-01,2025-03-03,2025-04-05,paid,1800.00,1621.49,176.13,3597.62
INV001998,MER0025,2025-01,2025-02-01,2025-03-03,2025-02-08,paid,1800.00,2646.21,287.43,4733.64
INV001999,MER0026,2025-01,2025-02-01,2025-03-03,2025-04-03,paid,3600.00,5934.37,644.59,10178.96
INV002000,MER0027,2025-01,2025-02-01,2025-03-03,2025-03-02,paid,7200.00,36538.19,3968.80,47706.99
INV002001,MER0028,2025-01,2025-02-01,2025-03-03,2025-02-10,paid,1800.00,3300.04,358.45,5458.49
INV002002,MER0029,2025-01,2025-02-01,2025-03-03,2025-02-17,paid,3600.00,5378.02,584.16,9562.18
INV002003,MER0030,2025-01,2025-02-01,2025-03-03,2025-02-06,paid,1800.00,1716.59,186.46,3703.05
INV002004,MER0031,2025-01,2025-02-01,2025-03-03,2025-02-17,paid,1800.00,1856.87,201.69,3858.56
INV002005,MER0032,2025-01,2025-02-01,2025-03-03,2025-02-08,paid,3600.00,2681.88,291.31,6573.19
INV002006,MER0033,2025-01,2025-02-01,2025-03-03,2025-02-15,paid,3600.00,9208.25,1000.21,13808.46
INV002007,MER0034,2025-01,2025-02-01,2025-03-03,,open,1800.00,3295.28,357.94,5453.22
INV002008,MER0035,2025-01,2025-02-01,2025-03-03,2025-04-16,paid,7200.00,15235.34,1654.87,24090.21
INV002009,MER0036,2025-01,2025-02-01,2025-03-03,2025-02-19,paid,1800.00,7208.73,783.02,9791.75
INV002010,MER0037,2025-01,2025-02-01,2025-03-03,2025-02-19,paid,3600.00,2881.59,313.00,6794.59
INV002011,MER0038,2025-01,2025-02-01,2025-03-03,2025-02-12,paid,1800.00,5882.06,638.91,8320.97
INV002012,MER0039,2025-01,2025-02-01,2025-03-03,2025-02-16,paid,7200.00,19781.22,2148.65,29129.87
INV002013,MER0040,2025-01,2025-02-01,2025-03-03,2025-02-21,paid,3600.00,9721.80,1055.99,14377.79
INV002014,MER0041,2025-01,2025-02-01,2025-03-03,2025-02-08,paid,3600.00,8530.65,926.60,13057.25
INV002015,MER0042,2025-01,2025-02-01,2025-03-03,2025-02-09,paid,3600.00,19072.71,2071.69,24744.40
INV002016,MER0043,2025-01,2025-02-01,2025-03-03,2025-02-16,paid,1800.00,2434.61,264.45,4499.06
INV002017,MER0044,2025-01,2025-02-01,2025-03-03,2025-02-07,paid,1800.00,1015.21,110.27,2925.48
INV002018,MER0045,2025-01,2025-02-01,2025-03-03,2025-02-25,paid,3600.00,5970.03,648.47,10218.50
INV002019,MER0046,2025-01,2025-02-01,2025-03-03,2025-02-24,paid,1800.00,2427.48,263.67,4491.15
INV002020,MER0047,2025-01,2025-02-01,2025-03-03,2025-02-06,paid,3600.00,4607.69,500.49,8708.18
INV002021,MER0049,2025-01,2025-02-01,2025-03-03,2025-02-24,paid,1800.00,729.91,79.28,2609.19
INV002022,MER0050,2025-01,2025-02-01,2025-03-03,,open,3600.00,5199.70,564.80,9364.50
INV002023,MER0051,2025-01,2025-02-01,2025-03-03,2025-02-21,paid,3600.00,4122.67,447.81,8170.48
INV002024,MER0052,2025-01,2025-02-01,2025-03-03,2025-02-20,paid,1800.00,520.68,56.56,2377.24
INV002025,MER0053,2025-01,2025-02-01,2025-03-03,2025-03-25,paid,1800.00,5154.53,559.89,7514.42
INV002026,MER0054,2025-01,2025-02-01,2025-03-03,,open,3600.00,6783.15,736.79,11119.94
INV002027,MER0055,2025-01,2025-02-01,2025-03-03,2025-02-22,paid,7200.00,6961.47,756.16,14917.63
INV002028,MER0056,2025-01,2025-02-01,2025-03-03,2025-04-03,paid,1800.00,5729.90,622.39,8152.29
INV002029,MER0057,2025-01,2025-02-01,2025-03-03,2025-03-01,paid,1800.00,3233.47,351.22,5384.69
INV002030,MER0058,2025-01,2025-02-01,2025-03-03,2025-02-12,paid,1800.00,5109.36,554.98,7464.34
INV002031,MER0059,2025-01,2025-02-01,2025-03-03,2025-02-21,paid,3600.00,4336.65,471.05,8407.70
INV002032,MER0060,2025-01,2025-02-01,2025-03-03,2025-04-07,paid,7200.00,22843.50,2481.28,32524.78
INV002033,MER0061,2025-01,2025-02-01,2025-03-03,2025-02-13,paid,1800.00,2829.28,307.32,4936.60
INV002034,MER0062,2025-01,2025-02-01,2025-03-03,2025-02-24,paid,3600.00,7631.94,828.99,12060.93
INV002035,MER0063,2025-01,2025-02-01,2025-03-03,2025-02-28,paid,3600.00,8758.90,951.40,13310.30
INV002036,MER0064,2025-01,2025-02-01,2025-03-03,,open,1800.00,1117.45,121.38,3038.83
INV002037,MER0066,2025-01,2025-02-01,2025-03-03,2025-02-28,paid,1800.00,5287.67,574.35,7662.02
INV002038,MER0067,2025-01,2025-02-01,2025-03-03,2025-02-25,paid,7200.00,15311.42,1663.14,24174.56
INV002039,MER0068,2025-01,2025-02-01,2025-03-03,2025-02-04,paid,3600.00,11512.10,1250.45,16362.55
INV002040,MER0070,2025-01,2025-02-01,2025-03-03,2025-02-21,paid,1800.00,770.33,83.67,2654.00
INV002041,MER0071,2025-01,2025-02-01,2025-03-03,2025-03-13,paid,7200.00,15140.24,1644.54,23984.78
INV002042,MER0072,2025-01,2025-02-01,2025-03-03,2025-02-25,paid,3600.00,5713.25,620.58,9933.83
INV002043,MER0073,2025-01,2025-02-01,2025-03-03,2025-02-24,paid,1800.00,2662.86,289.24,4752.10
INV002044,MER0074,2025-01,2025-02-01,2025-03-03,2025-02-14,paid,7200.00,13257.22,1440.01,21897.23
INV002045,MER0075,2025-01,2025-02-01,2025-03-03,2025-04-10,paid,3600.00,7817.39,849.13,12266.52
INV002046,MER0076,2025-01,2025-02-01,2025-03-03,2025-02-12,paid,1800.00,2817.40,306.03,4923.43
INV002047,MER0077,2025-01,2025-02-01,2025-03-03,2025-02-11,paid,1800.00,3556.82,386.34,5743.16
INV002048,MER0078,2025-01,2025-02-01,2025-03-03,2025-04-02,paid,3600.00,2867.33,311.45,6778.78
INV002049,MER0079,2025-01,2025-02-01,2025-03-03,2025-02-10,paid,7200.00,46428.80,5043.13,58671.93
INV002050,MER0080,2025-01,2025-02-01,2025-03-03,2025-02-26,paid,7200.00,13067.02,1419.35,21686.37
INV002051,MER0081,2025-01,2025-02-01,2025-03-03,2025-02-15,paid,3600.00,7874.45,855.33,12329.78
INV002052,MER0082,2025-01,2025-02-01,2025-03-03,2025-02-12,paid,3600.00,6704.69,728.27,11032.96
INV002053,MER0083,2025-01,2025-02-01,2025-03-03,2025-02-21,paid,3600.00,4664.75,506.69,8771.44
INV002054,MER0084,2025-01,2025-02-01,2025-03-03,2025-02-09,paid,3600.00,21904.37,2379.27,27883.64
INV002055,MER0085,2025-01,2025-02-01,2025-03-03,2025-03-09,paid,1800.00,1105.56,120.09,3025.65
INV002056,MER0086,2025-01,2025-02-01,2025-03-03,2025-02-04,paid,1800.00,2009.03,218.22,4027.25
INV002057,MER0087,2025-01,2025-02-01,2025-03-03,2025-03-26,paid,7200.00,16129.30,1751.98,25081.28
INV002058,MER0088,2025-01,2025-02-01,2025-03-03,2025-03-07,paid,1800.00,1759.39,191.11,3750.50
INV002059,MER0089,2025-01,2025-02-01,2025-03-03,2025-03-04,paid,1800.00,3119.35,338.83,5258.18
INV002060,MER0090,2025-01,2025-02-01,2025-03-03,2025-02-26,paid,1800.00,4025.19,437.22,6262.41
INV002061,MER0091,2025-01,2025-02-01,2025-03-03,2025-04-09,paid,1800.00,5729.90,622.39,8152.29
INV002062,MER0092,2025-01,2025-02-01,2025-03-03,2025-02-24,paid,1800.00,2805.51,304.74,4910.25
INV002063,MER0093,2025-01,2025-02-01,2025-03-03,2025-04-10,paid,3600.00,3487.87,378.85,7466.72
INV002064,MER0094,2025-01,2025-02-01,2025-03-03,,open,3600.00,16690.40,1812.92,22103.32
INV002065,MER0095,2025-01,2025-02-01,2025-03-03,2025-02-15,paid,1800.00,2767.47,300.60,4868.07
INV002066,MER0096,2025-01,2025-02-01,2025-03-03,2025-02-13,paid,1800.00,5501.65,597.59,7899.24
INV002067,MER0097,2025-01,2025-02-01,2025-03-03,2025-02-12,paid,1800.00,1188.78,129.13,3117.91
INV002068,MER0098,2025-01,2025-02-01,2025-03-03,2025-04-06,paid,7200.00,42814.93,4650.59,54665.52
INV002069,MER0099,2025-01,2025-02-01,2025-03-03,2025-02-27,paid,3600.00,4329.52,470.28,8399.80
INV002070,MER0100,2025-01,2025-02-01,2025-03-03,2025-04-14,paid,1800.00,1493.10,162.18,3455.28
INV002071,MER0102,2025-01,2025-02-01,2025-03-03,2025-02-12,paid,3600.00,5841.64,634.52,10076.16
INV002072,MER0103,2025-01,2025-02-01,2025-03-03,2025-04-06,paid,1800.00,6925.80,752.29,9478.09
INV002073,MER0104,2025-01,2025-02-01,2025-03-03,2025-02-20,paid,7200.00,32220.56,3499.82,42920.38
INV002074,MER0105,2025-01,2025-02-01,2025-03-03,2025-02-14,paid,3600.00,10156.90,1103.25,14860.15
INV002075,MER0106,2025-01,2025-02-01,2025-03-03,2025-02-20,paid,1800.00,1162.62,126.28,3088.90
INV002076,MER0107,2025-01,2025-02-01,2025-03-03,2025-03-01,paid,1800.00,2123.15,230.62,4153.77
INV002077,MER0108,2025-01,2025-02-01,2025-03-03,2025-02-20,paid,3600.00,13231.07,1437.17,18268.24
INV002078,MER0109,2025-01,2025-02-01,2025-03-03,2025-02-04,paid,1800.00,2218.25,240.95,4259.20
INV002079,MER0110,2025-01,2025-02-01,2025-03-03,2025-02-12,paid,1800.00,4781.25,519.34,7100.59
INV002080,MER0111,2025-01,2025-02-01,2025-03-03,2025-02-11,paid,1800.00,1409.89,153.14,3363.03
INV002081,MER0112,2025-01,2025-02-01,2025-03-03,2025-04-06,paid,7200.00,18506.85,2010.23,27717.08
INV002082,MER0113,2025-01,2025-02-01,2025-03-03,2025-03-16,paid,1800.00,2232.52,242.50,4275.02
INV002083,MER0114,2025-01,2025-02-01,2025-03-03,2025-02-18,paid,3600.00,6597.70,716.65,10914.35
INV002084,MER0115,2025-01,2025-02-01,2025-03-03,2025-02-16,paid,7200.00,23680.40,2572.18,33452.58
INV002085,MER0116,2025-01,2025-02-01,2025-03-03,2025-02-11,paid,3600.00,6483.58,704.25,10787.83
INV002086,MER0117,2025-01,2025-02-01,2025-03-03,2025-02-27,paid,7200.00,34560.07,3753.94,45514.01
INV002087,MER0118,2025-01,2025-02-01,2025-03-03,2025-03-02,paid,7200.00,10936.73,1187.96,19324.69
INV002088,MER0119,2025-01,2025-02-01,2025-03-03,2025-02-20,paid,1800.00,3128.86,339.86,5268.72
INV002089,MER0120,2025-01,2025-02-01,2025-03-03,2025-02-10,paid,1800.00,1195.91,129.90,3125.81
INV002090,MER0121,2025-01,2025-02-01,2025-03-03,2025-02-09,paid,1800.00,1488.35,161.67,3450.02
INV002091,MER0122,2025-01,2025-02-01,2025-03-03,2025-04-11,paid,3600.00,2539.22,275.81,6415.03
INV002092,MER0123,2025-01,2025-02-01,2025-03-03,2025-02-18,paid,1800.00,2748.45,298.54,4846.99
INV002093,MER0124,2025-01,2025-02-01,2025-03-03,2025-02-06,paid,3600.00,7731.79,839.83,12171.62
INV002094,MER0125,2025-01,2025-02-01,2025-03-03,2025-02-12,paid,3600.00,13452.18,1461.18,18513.36
INV002095,MER0126,2025-01,2025-02-01,2025-03-03,2025-02-20,paid,1800.00,1393.24,151.33,3344.57
INV002096,MER0127,2025-01,2025-02-01,2025-03-03,2025-02-15,paid,3600.00,5485.01,595.79,9680.80
INV002097,MER0128,2025-01,2025-02-01,2025-03-03,2025-02-28,paid,3600.00,2203.99,239.40,6043.39
INV002098,MER0129,2025-01,2025-02-01,2025-03-03,2025-02-05,paid,1800.00,1766.52,191.88,3758.40
INV002099,MER0130,2025-01,2025-02-01,2025-03-03,2025-02-25,paid,3600.00,4686.15,509.01,8795.16
INV002100,MER0131,2025-01,2025-02-01,2025-03-03,2025-02-24,paid,7200.00,29405.54,3194.05,39799.59
INV002101,MER0132,2025-01,2025-02-01,2025-03-03,,open,1800.00,1897.29,206.08,3903.37
INV002102,MER0133,2025-01,2025-02-01,2025-03-03,2025-03-02,paid,1800.00,1269.61,137.91,3207.52
INV002103,MER0134,2025-01,2025-02-01,2025-03-03,2025-02-11,paid,7200.00,11982.85,1301.59,20484.44
INV002104,MER0135,2025-01,2025-02-01,2025-03-03,2025-02-27,paid,1800.00,1847.36,200.66,3848.02
INV002105,MER0136,2025-01,2025-02-01,2025-03-03,2025-02-21,paid,1800.00,1947.21,211.51,3958.72
INV002106,MER0137,2025-01,2025-02-01,2025-03-03,2025-02-22,paid,1800.00,1428.91,155.21,3384.12
INV002107,MER0138,2025-01,2025-02-01,2025-03-03,2025-02-19,paid,3600.00,6726.09,730.59,11056.68
INV002108,MER0139,2025-01,2025-02-01,2025-03-03,2025-03-31,paid,1800.00,1759.39,191.11,3750.50
INV002109,MER0140,2025-01,2025-02-01,2025-03-03,2025-02-07,paid,1800.00,5185.44,563.25,7548.69
INV002110,MER0141,2025-01,2025-02-01,2025-03-03,2025-02-25,paid,7200.00,6923.43,752.03,14875.46
INV002111,MER0142,2025-01,2025-02-01,2025-03-03,2025-02-09,paid,3600.00,6205.41,674.04,10479.45
INV002112,MER0143,2025-01,2025-02-01,2025-03-03,2025-02-14,paid,1800.00,3920.58,425.86,6146.44
INV002113,MER0144,2025-01,2025-02-01,2025-03-03,2025-02-20,paid,1800.00,848.79,92.20,2740.99
INV002114,MER0145,2025-01,2025-02-01,2025-03-03,2025-02-22,paid,7200.00,3461.71,376.01,11037.72
INV002115,MER0146,2025-01,2025-02-01,2025-03-03,,open,3600.00,18002.81,1955.48,23558.29
INV002116,MER0148,2025-01,2025-02-01,2025-03-03,2025-02-04,paid,3600.00,9465.03,1028.10,14093.13
INV002117,MER0149,2025-01,2025-02-01,2025-03-03,2025-02-09,paid,1800.00,2377.55,258.25,4435.80
INV002118,MER0150,2025-01,2025-02-01,2025-03-03,2025-02-09,paid,1800.00,5171.17,561.70,7532.87
INV002119,MER0151,2025-01,2025-02-01,2025-03-03,2025-02-19,paid,7200.00,12990.94,1411.08,21602.02
INV002120,MER0152,2025-01,2025-02-01,2025-03-03,2025-03-08,paid,1800.00,4488.82,487.58,6776.40
INV002121,MER0154,2025-01,2025-02-01,2025-03-03,2025-02-08,paid,1800.00,6112.68,663.96,8576.64
INV002122,MER0155,2025-01,2025-02-01,2025-03-03,2025-02-06,paid,7200.00,39277.13,4266.31,50743.44
INV002123,MER0156,2025-01,2025-02-01,2025-03-03,2025-02-15,paid,7200.00,17061.30,1853.21,26114.51
INV002124,MER0157,2025-01,2025-02-01,2025-03-03,2025-03-01,paid,1800.00,5641.93,612.83,8054.76
INV002125,MER0158,2025-01,2025-02-01,2025-03-03,2025-02-06,paid,1800.00,1987.63,215.90,4003.53
INV002126,MER0159,2025-01,2025-02-01,2025-03-03,2025-03-29,paid,3600.00,3145.50,341.67,7087.17
INV002127,MER0160,2025-01,2025-02-01,2025-03-03,2025-02-27,paid,3600.00,6683.29,725.94,11009.23
INV002128,MER0161,2025-01,2025-02-01,2025-03-03,2025-02-16,paid,3600.00,8445.06,917.31,12962.37
INV002129,MER0162,2025-01,2025-02-01,2025-03-03,2025-03-01,paid,1800.00,1260.10,136.87,3196.97
INV002130,MER0163,2025-01,2025-02-01,2025-03-03,2025-02-17,paid,1800.00,1264.86,137.39,3202.25
INV002131,MER0164,2025-01,2025-02-01,2025-03-03,2025-03-24,paid,3600.00,4258.19,462.53,8320.72
INV002132,MER0165,2025-01,2025-02-01,2025-03-03,2025-02-08,paid,7200.00,47551.01,5165.02,59916.03
INV002133,MER0166,2025-01,2025-02-01,2025-03-03,2025-02-24,paid,1800.00,2063.71,224.16,4087.87
INV002134,MER0167,2025-01,2025-02-01,2025-03-03,2025-02-11,paid,1800.00,2415.59,262.38,4477.97
INV002135,MER0168,2025-01,2025-02-01,2025-03-03,2025-03-16,paid,1800.00,815.50,88.58,2704.08
INV002136,MER0169,2025-01,2025-02-01,2025-03-03,2025-02-27,paid,1800.00,1112.69,120.86,3033.55
INV002137,MER0170,2025-01,2025-02-01,2025-03-03,2025-02-12,paid,3600.00,5948.63,646.14,10194.77
INV002138,MER0171,2025-01,2025-02-01,2025-03-03,2025-03-01,paid,3600.00,7268.17,789.47,11657.64
INV002139,MER0173,2025-01,2025-02-01,2025-03-03,2025-02-16,paid,3600.00,11390.84,1237.28,16228.12
INV002140,MER0174,2025-01,2025-02-01,2025-03-03,2025-03-14,paid,1800.00,1875.89,203.76,3879.65
INV002141,MER0175,2025-01,2025-02-01,2025-03-03,2025-04-02,paid,7200.00,40018.93,4346.88,51565.81
INV002142,MER0176,2025-01,2025-02-01,2025-03-03,2025-02-19,paid,7200.00,21245.79,2307.73,30753.52
INV002143,MER0177,2025-01,2025-02-01,2025-03-03,2025-02-07,paid,7200.00,33190.60,3605.19,43995.79
INV002144,MER0178,2025-01,2025-02-01,2025-03-03,2025-02-24,paid,3600.00,6226.80,676.36,10503.16
INV002145,MER0179,2025-01,2025-02-01,2025-03-03,2025-02-04,paid,3600.00,15378.00,1670.37,20648.37
INV002146,MER0180,2025-01,2025-02-01,2025-03-03,2025-02-13,paid,7200.00,7284.81,791.28,15276.09
INV002147,MER0181,2025-01,2025-02-01,2025-03-03,2025-02-06,paid,3600.00,8145.49,884.77,12630.26
INV002148,MER0182,2025-01,2025-02-01,2025-03-03,2025-04-11,paid,7200.00,17784.08,1931.72,26915.80
INV002149,MER0183,2025-01,2025-02-01,2025-03-03,2025-02-09,paid,7200.00,17422.69,1892.46,26515.15
INV002150,MER0184,2025-01,2025-02-01,2025-03-03,2025-02-25,paid,7200.00,14969.06,1625.95,23795.01
INV002151,MER0185,2025-01,2025-02-01,2025-03-03,2025-02-25,paid,3600.00,17389.40,1888.85,22878.25
INV002152,MER0186,2025-01,2025-02-01,2025-03-03,2025-02-21,paid,1800.00,836.90,90.90,2727.80
INV002153,MER0187,2025-01,2025-02-01,2025-03-03,2025-03-08,paid,3600.00,15370.86,1669.59,20640.45
INV002154,MER0188,2025-01,2025-02-01,2025-03-03,,open,3600.00,5663.33,615.15,9878.48
INV002155,MER0189,2025-01,2025-02-01,2025-03-03,2025-02-07,paid,3600.00,10748.91,1167.55,15516.46
INV002156,MER0190,2025-01,2025-02-01,2025-03-03,2025-02-27,paid,3600.00,4643.36,504.36,8747.72
INV002157,MER0191,2025-01,2025-02-01,2025-03-03,2025-02-25,paid,1800.00,3582.97,389.18,5772.15
INV002158,MER0192,2025-01,2025-02-01,2025-03-03,2025-02-08,paid,3600.00,1055.63,114.66,4770.29
INV002159,MER0193,2025-01,2025-02-01,2025-03-03,2025-02-09,paid,7200.00,12249.14,1330.51,20779.65
INV002160,MER0194,2025-01,2025-02-01,2025-03-03,2025-02-04,paid,3600.00,9101.26,988.59,13689.85
INV002161,MER0001,2025-02,2025-03-01,2025-03-31,2025-03-04,paid,1800.00,6695.32,727.25,9222.57
INV002162,MER0002,2025-02,2025-03-01,2025-03-31,2025-03-10,paid,3600.00,5312.76,577.08,9489.84
INV002163,MER0003,2025-02,2025-03-01,2025-03-31,2025-04-06,paid,1800.00,6014.40,653.29,8467.69
INV002164,MER0005,2025-02,2025-03-01,2025-03-31,2025-03-16,paid,7200.00,29660.32,3221.72,40082.04
INV002165,MER0006,2025-02,2025-03-01,2025-03-31,2025-03-04,paid,1800.00,1038.21,112.77,2950.98
INV002166,MER0007,2025-02,2025-03-01,2025-03-31,2025-03-09,paid,7200.00,16280.04,1768.35,25248.39
INV002167,MER0008,2025-02,2025-03-01,2025-03-31,2025-03-04,paid,1800.00,1882.25,204.45,3886.70
INV002168,MER0009,2025-02,2025-03-01,2025-03-31,2025-03-21,paid,3600.00,3029.21,329.03,6958.24
INV002169,MER0010,2025-02,2025-03-01,2025-03-31,2025-03-13,paid,3600.00,8132.25,883.33,12615.58
INV002170,MER0011,2025-02,2025-03-01,2025-03-31,2025-03-20,paid,3600.00,6516.68,707.85,10824.53
INV002171,MER0012,2025-02,2025-03-01,2025-03-31,2025-03-22,paid,3600.00,9809.97,1065.56,14475.53
INV002172,MER0013,2025-02,2025-03-01,2025-03-31,2025-03-24,paid,7200.00,49502.92,5377.04,62079.96
INV002173,MER0014,2025-02,2025-03-01,2025-03-31,2025-05-06,paid,3600.00,19122.83,2077.13,24799.96
INV002174,MER0015,2025-02,2025-03-01,2025-03-31,2025-03-27,paid,1800.00,2301.68,250.01,4351.69
INV002175,MER0016,2025-02,2025-03-01,2025-03-31,2025-03-20,paid,3600.00,2438.90,264.91,6303.81
INV002176,MER0017,2025-02,2025-03-01,2025-03-31,2025-03-08,paid,1800.00,1858.95,201.92,3860.87
INV002177,MER0018,2025-02,2025-03-01,2025-03-31,2025-03-28,paid,3600.00,8062.35,875.74,12538.09
INV002178,MER0019,2025-02,2025-03-01,2025-03-31,2025-03-07,paid,3600.00,10019.68,1088.34,14708.02
INV002179,MER0020,2025-02,2025-03-01,2025-03-31,2025-03-16,paid,1800.00,4828.61,524.49,7153.10
INV002180,MER0021,2025-02,2025-03-01,2025-03-31,2025-03-30,paid,3600.00,11200.29,1216.58,16016.87
INV002181,MER0022,2025-02,2025-03-01,2025-03-31,2025-03-24,paid,7200.00,25497.11,2769.51,35466.62
INV002182,MER0023,2025-02,2025-03-01,2025-03-31,2025-05-14,paid,3600.00,11635.26,1263.83,16499.09
INV002183,MER0024,2025-02,2025-03-01,2025-03-31,2025-05-11,paid,1800.00,1765.74,191.80,3757.54
INV002184,MER0025,2025-02,2025-03-01,2025-03-31,2025-03-21,paid,1800.00,2881.63,313.00,4994.63
INV002185,MER0026,2025-02,2025-03-01,2025-03-31,2025-03-28,paid,3600.00,6462.31,701.94,10764.25
INV002186,MER0027,2025-02,2025-03-01,2025-03-31,2025-04-03,paid,7200.00,39788.74,4321.88,51310.62
INV002187,MER0028,2025-02,2025-03-01,2025-03-31,2025-03-26,paid,1800.00,3593.62,390.34,5783.96
INV002188,MER0029,2025-02,2025-03-01,2025-03-31,2025-03-18,paid,3600.00,5856.46,636.13,10092.59
INV002189,MER0030,2025-02,2025-03-01,2025-03-31,2025-03-16,paid,1800.00,1869.30,203.04,3872.34
INV002190,MER0031,2025-02,2025-03-01,2025-03-31,2025-03-25,paid,1800.00,2022.06,219.64,4041.70
INV002191,MER0032,2025-02,2025-03-01,2025-03-31,2025-03-21,paid,3600.00,2920.46,317.22,6837.68
INV002192,MER0033,2025-02,2025-03-01,2025-03-31,2025-03-27,paid,3600.00,10027.45,1089.19,14716.64
INV002193,MER0034,2025-02,2025-03-01,2025-03-31,2025-03-26,paid,1800.00,3588.44,389.78,5778.22
INV002194,MER0035,2025-02,2025-03-01,2025-03-31,2025-03-20,paid,7200.00,16590.73,1802.10,25592.83
INV002195,MER0036,2025-02,2025-03-01,2025-03-31,2025-03-21,paid,1800.00,7850.04,852.68,10502.72
INV002196,MER0037,2025-02,2025-03-01,2025-03-31,2025-04-08,paid,3600.00,3137.95,340.85,7078.80
INV002197,MER0039,2025-02,2025-03-01,2025-03-31,2025-03-20,paid,7200.00,21541.02,2339.80,31080.82
INV002198,MER0040,2025-02,2025-03-01,2025-03-31,2025-04-14,paid,3600.00,10586.69,1149.93,15336.62
INV002199,MER0041,2025-02,2025-03-01,2025-03-31,2025-03-12,paid,3600.00,9289.56,1009.04,13898.60
INV002200,MER0042,2025-02,2025-03-01,2025-03-31,2025-05-07,paid,3600.00,20769.48,2255.99,26625.47
INV002201,MER0043,2025-02,2025-03-01,2025-03-31,2025-03-12,paid,1800.00,2651.20,287.98,4739.18
INV002202,MER0044,2025-02,2025-03-01,2025-03-31,2025-03-15,paid,1800.00,1105.53,120.08,3025.61
INV002203,MER0045,2025-02,2025-03-01,2025-03-31,2025-03-12,paid,3600.00,6501.14,706.16,10807.30
INV002204,MER0046,2025-02,2025-03-01,2025-03-31,2025-03-19,paid,1800.00,2643.43,287.13,4730.56
INV002205,MER0047,2025-02,2025-03-01,2025-03-31,2025-04-14,paid,3600.00,5017.61,545.02,9162.63
INV002206,MER0049,2025-02,2025-03-01,2025-03-31,2025-05-11,paid,1800.00,794.84,86.34,2681.18
INV002207,MER0050,2025-02,2025-03-01,2025-03-31,2025-03-25,paid,3600.00,5662.28,615.04,9877.32
INV002208,MER0051,2025-02,2025-03-01,2025-03-31,2025-03-29,paid,3600.00,4489.44,487.65,8577.09
INV002209,MER0052,2025-02,2025-03-01,2025-03-31,2025-03-26,paid,1800.00,567.01,61.59,2428.60
INV002210,MER0053,2025-02,2025-03-01,2025-03-31,2025-03-09,paid,1800.00,5613.09,609.70,8022.79
INV002211,MER0054,2025-02,2025-03-01,2025-03-31,2025-03-06,paid,3600.00,7386.60,802.34,11788.94
INV002212,MER0055,2025-02,2025-03-01,2025-03-31,2025-04-30,paid,7200.00,7580.78,823.43,15604.21
INV002213,MER0056,2025-02,2025-03-01,2025-03-31,2025-04-23,paid,1800.00,6239.65,677.75,8717.40
INV002214,MER0057,2025-02,2025-03-01,2025-03-31,2025-03-06,paid,1800.00,3521.13,382.47,5703.60
INV002215,MER0058,2025-02,2025-03-01,2025-03-31,2025-03-30,paid,1800.00,5563.90,604.35,7968.25
INV002216,MER0059,2025-02,2025-03-01,2025-03-31,2025-03-14,paid,3600.00,4722.45,512.96,8835.41
INV002217,MER0060,2025-02,2025-03-01,2025-03-31,2025-04-11,paid,7200.00,24875.73,2702.02,34777.75
INV002218,MER0061,2025-02,2025-03-01,2025-03-31,2025-03-04,paid,1800.00,3080.99,334.66,5215.65
INV002219,MER0062,2025-02,2025-03-01,2025-03-31,2025-03-09,paid,3600.00,8310.90,902.74,12813.64
INV002220,MER0063,2025-02,2025-03-01,2025-03-31,2025-03-07,paid,3600.00,9538.11,1036.04,14174.15
INV002221,MER0064,2025-02,2025-03-01,2025-03-31,2025-03-21,paid,1800.00,1216.86,132.18,3149.04
INV002222,MER0066,2025-02,2025-03-01,2025-03-31,2025-03-23,paid,1800.00,5758.08,625.45,8183.53
INV002223,MER0067,2025-02,2025-03-01,2025-03-31,2025-03-17,paid,7200.00,16673.58,1811.09,25684.67
INV002224,MER0068,2025-02,2025-03-01,2025-03-31,2025-04-07,paid,3600.00,12536.25,1361.70,17497.95
INV002225,MER0070,2025-02,2025-03-01,2025-03-31,2025-03-28,paid,1800.00,838.86,91.12,2729.98
INV002226,MER0071,2025-02,2025-03-01,2025-03-31,2025-03-06,paid,7200.00,16487.16,1790.85,25478.01
INV002227,MER0072,2025-02,2025-03-01,2025-03-31,2025-03-21,paid,3600.00,6221.52,675.79,10497.31
INV002228,MER0073,2025-02,2025-03-01,2025-03-31,2025-03-16,paid,1800.00,2899.75,314.97,5014.72
INV002229,MER0074,2025-02,2025-03-01,2025-03-31,2025-03-15,paid,7200.00,14436.62,1568.12,23204.74
INV002230,MER0075,2025-02,2025-03-01,2025-03-31,2025-03-28,paid,3600.00,8512.84,924.67,13037.51
INV002231,MER0076,2025-02,2025-03-01,2025-03-31,2025-03-17,paid,1800.00,3068.04,333.25,5201.29
INV002232,MER0077,2025-02,2025-03-01,2025-03-31,2025-03-13,paid,1800.00,3873.24,420.71,6093.95
INV002233,MER0078,2025-02,2025-03-01,2025-03-31,2025-03-25,paid,3600.00,3122.41,339.16,7061.57
INV002234,MER0079,2025-02,2025-03-01,2025-03-31,2025-03-22,paid,7200.00,50559.25,5491.78,63251.03
INV002235,MER0080,2025-02,2025-03-01,2025-03-31,2025-03-26,paid,7200.00,14229.50,1545.62,22975.12
INV002236,MER0081,2025-02,2025-03-01,2025-03-31,2025-03-10,paid,3600.00,8574.98,931.42,13106.40
INV002237,MER0082,2025-02,2025-03-01,2025-03-31,2025-03-30,paid,3600.00,7301.16,793.06,11694.22
INV002238,MER0083,2025-02,2025-03-01,2025-03-31,2025-03-18,paid,3600.00,5079.74,551.76,9231.50
INV002239,MER0084,2025-02,2025-03-01,2025-03-31,2025-03-30,paid,3600.00,23853.05,2590.93,30043.98
INV002240,MER0085,2025-02,2025-03-01,2025-03-31,2025-03-09,paid,1800.00,1203.92,130.77,3134.69
INV002241,MER0086,2025-02,2025-03-01,2025-03-31,2025-04-26,paid,1800.00,2187.76,237.64,4225.40
INV002242,MER0087,2025-02,2025-03-01,2025-03-31,2025-03-15,paid,7200.00,17564.21,1907.84,26672.05
INV002243,MER0088,2025-02,2025-03-01,2025-03-31,2025-03-10,paid,1800.00,1915.91,208.11,3924.02
INV002244,MER0089,2025-02,2025-03-01,2025-03-31,2025-03-27,paid,1800.00,3396.85,368.97,5565.82
INV002245,MER0090,2025-02,2025-03-01,2025-03-31,2025-03-27,paid,1800.00,4383.29,476.12,6659.41
INV002246,MER0091,2025-02,2025-03-01,2025-03-31,2025-03-04,paid,1800.00,6239.65,677.75,8717.40
INV002247,MER0092,2025-02,2025-03-01,2025-03-31,2025-03-04,paid,1800.00,3055.10,331.85,5186.95
INV002248,MER0093,2025-02,2025-03-01,2025-03-31,2025-04-27,paid,3600.00,3798.16,412.56,7810.72
INV002249,MER0094,2025-02,2025-03-01,2025-03-31,2025-03-26,paid,3600.00,18175.23,1974.21,23749.44
INV002250,MER0095,2025-02,2025-03-01,2025-03-31,2025-03-07,paid,1800.00,3013.67,327.35,5141.02
INV002251,MER0096,2025-02,2025-03-01,2025-03-31,2025-03-05,paid,1800.00,5991.10,650.76,8441.86
INV002252,MER0097,2025-02,2025-03-01,2025-03-31,2025-03-04,paid,1800.00,1294.53,140.61,3235.14
INV002253,MER0098,2025-02,2025-03-01,2025-03-31,,open,7200.00,46623.88,5064.32,58888.20
INV002254,MER0099,2025-02,2025-03-01,2025-03-31,2025-03-28,paid,3600.00,4714.69,512.11,8826.80
INV002255,MER0100,2025-02,2025-03-01,2025-03-31,2025-03-23,paid,1800.00,1625.93,176.61,3602.54
INV002256,MER0102,2025-02,2025-03-01,2025-03-31,2025-03-19,paid,3600.00,6361.33,690.97,10652.30
INV002257,MER0103,2025-02,2025-03-01,2025-03-31,2025-03-10,paid,1800.00,7541.95,819.21,10161.16
INV002258,MER0104,2025-02,2025-03-01,2025-03-31,2025-03-29,paid,7200.00,35087.00,3811.17,46098.17
INV002259,MER0105,2025-02,2025-03-01,2025-03-31,2025-03-30,paid,3600.00,11060.48,1201.40,15861.88
INV002260,MER0106,2025-02,2025-03-01,2025-03-31,2025-03-19,paid,1800.00,1266.05,137.52,3203.57
INV002261,MER0107,2025-02,2025-03-01,2025-03-31,2025-03-16,paid,1800.00,2312.03,251.13,4363.16
INV002262,MER0108,2025-02,2025-03-01,2025-03-31,2025-03-28,paid,3600.00,14408.14,1565.02,19573.16
INV002263,MER0109,2025-02,2025-03-01,2025-03-31,2025-03-25,paid,1800.00,2415.60,262.38,4477.98
INV002264,MER0110,2025-02,2025-03-01,2025-03-31,2025-03-07,paid,1800.00,5206.61,565.55,7572.16
INV002265,MER0111,2025-02,2025-03-01,2025-03-31,2025-03-30,paid,1800.00,1535.32,166.77,3502.09
INV002266,MER0112,2025-02,2025-03-01,2025-03-31,2025-03-30,paid,7200.00,20153.28,2189.06,29542.34
INV002267,MER0113,2025-02,2025-03-01,2025-03-31,2025-03-30,paid,1800.00,2431.13,264.07,4495.20
INV002268,MER0114,2025-02,2025-03-01,2025-03-31,2025-03-15,paid,3600.00,7184.65,780.40,11565.05
INV002269,MER0115,2025-02,2025-03-01,2025-03-31,2025-03-06,paid,7200.00,25787.08,2801.01,35788.09
INV002270,MER0116,2025-02,2025-03-01,2025-03-31,2025-03-14,paid,3600.00,7060.38,766.90,11427.28
INV002271,MER0117,2025-02,2025-03-01,2025-03-31,,open,7200.00,37634.64,4087.90,48922.54
INV002272,MER0118,2025-02,2025-03-01,2025-03-31,2025-03-24,paid,7200.00,11909.70,1293.64,20403.34
INV002273,MER0119,2025-02,2025-03-01,2025-03-31,,open,1800.00,3407.21,370.09,5577.30
INV002274,MER0120,2025-02,2025-03-01,2025-03-31,2025-03-05,paid,1800.00,1302.30,141.46,3243.76
INV002275,MER0121,2025-02,2025-03-01,2025-03-31,2025-03-07,paid,1800.00,1620.75,176.05,3596.80
INV002276,MER0122,2025-02,2025-03-01,2025-03-31,,open,3600.00,2765.12,300.35,6665.47
INV002277,MER0123,2025-02,2025-03-01,2025-03-31,2025-03-14,paid,1800.00,2992.96,325.10,5118.06
INV002278,MER0124,2025-02,2025-03-01,2025-03-31,2025-03-16,paid,3600.00,8419.64,914.55,12934.19
INV002279,MER0125,2025-02,2025-03-01,2025-03-31,,open,3600.00,14648.93,1591.18,19840.11
INV002280,MER0126,2025-02,2025-03-01,2025-03-31,,open,1800.00,1517.19,164.80,3481.99
INV002281,MER0127,2025-02,2025-03-01,2025-03-31,2025-03-17,paid,3600.00,5972.97,648.79,10221.76
INV002282,MER0128,2025-02,2025-03-01,2025-03-31,2025-03-08,paid,3600.00,2400.06,260.70,6260.76
INV002283,MER0129,2025-02,2025-03-01,2025-03-31,2025-03-07,paid,1800.00,1923.68,208.95,3932.63
INV002284,MER0130,2025-02,2025-03-01,2025-03-31,,open,3600.00,5103.05,554.30,9257.35
INV002285,MER0131,2025-02,2025-03-01,2025-03-31,2025-03-29,paid,7200.00,32021.55,3478.20,42699.75
INV002286,MER0132,2025-02,2025-03-01,2025-03-31,2025-03-20,paid,1800.00,2066.07,224.42,4090.49
INV002287,MER0133,2025-02,2025-03-01,2025-03-31,2025-03-18,paid,1800.00,1382.56,150.17,3332.73
INV002288,MER0134,2025-02,2025-03-01,2025-03-31,2025-03-09,paid,7200.00,13048.89,1417.38,21666.27
INV002289,MER0135,2025-02,2025-03-01,2025-03-31,2025-03-07,paid,1800.00,2011.70,218.51,4030.21
INV002290,MER0136,2025-02,2025-03-01,2025-03-31,2025-03-07,paid,1800.00,2120.44,230.32,4150.76
INV002291,MER0137,2025-02,2025-03-01,2025-03-31,2025-03-09,paid,1800.00,1556.03,169.02,3525.05
INV002292,MER0138,2025-02,2025-03-01,2025-03-31,,open,3600.00,7324.46,795.59,11720.05
INV002293,MER0139,2025-02,2025-03-01,2025-03-31,2025-03-21,paid,1800.00,1915.91,208.11,3924.02
INV002294,MER0140,2025-02,2025-03-01,2025-03-31,2025-03-04,paid,1800.00,5646.75,613.35,8060.10
INV002295,MER0141,2025-02,2025-03-01,2025-03-31,2025-03-30,paid,7200.00,7539.36,818.93,15558.29
INV002296,MER0142,2025-02,2025-03-01,2025-03-31,2025-03-28,paid,3600.00,6757.46,734.00,11091.46
INV002297,MER0143,2025-02,2025-03-01,2025-03-31,2025-04-13,paid,1800.00,4269.37,463.74,6533.11
INV002298,MER0144,2025-02,2025-03-01,2025-03-31,2025-03-08,paid,1800.00,924.30,100.40,2824.70
INV002299,MER0145,2025-02,2025-03-01,2025-03-31,2025-03-09,paid,7200.00,3769.68,409.46,11379.14
INV002300,MER0146,2025-02,2025-03-01,2025-03-31,2025-03-23,paid,3600.00,19604.40,2129.44,25333.84
INV002301,MER0148,2025-02,2025-03-01,2025-03-31,2025-03-28,paid,3600.00,10307.07,1119.56,15026.63
INV002302,MER0149,2025-02,2025-03-01,2025-03-31,2025-05-04,paid,1800.00,2589.06,281.23,4670.29
INV002303,MER0150,2025-02,2025-03-01,2025-03-31,2025-03-22,paid,1800.00,5631.22,611.67,8042.89
INV002304,MER0151,2025-02,2025-03-01,2025-03-31,2025-03-06,paid,7200.00,14146.65,1536.62,22883.27
INV002305,MER0152,2025-02,2025-03-01,2025-03-31,2025-03-17,paid,1800.00,4888.15,530.95,7219.10
INV002306,MER0154,2025-02,2025-03-01,2025-03-31,2025-03-22,paid,1800.00,6656.49,723.03,9179.52
INV002307,MER0155,2025-02,2025-03-01,2025-03-31,2025-04-26,paid,7200.00,42771.35,4645.85,54617.20
INV002308,MER0156,2025-02,2025-03-01,2025-03-31,2025-03-21,paid,7200.00,18579.13,2018.08,27797.21
INV002309,MER0157,2025-02,2025-03-01,2025-03-31,2025-03-11,paid,1800.00,6143.85,667.35,8611.20
INV002310,MER0158,2025-02,2025-03-01,2025-03-31,2025-05-02,paid,1800.00,2164.46,235.10,4199.56
INV002311,MER0159,2025-02,2025-03-01,2025-03-31,2025-03-22,paid,3600.00,3425.33,372.06,7397.39
INV002312,MER0160,2025-02,2025-03-01,2025-03-31,2025-03-15,paid,3600.00,7277.86,790.53,11668.39
INV002313,MER0161,2025-02,2025-03-01,2025-03-31,2025-03-22,paid,3600.00,9196.36,998.91,13795.27
INV002314,MER0162,2025-02,2025-03-01,2025-03-31,2025-03-18,paid,1800.00,1372.20,149.05,3321.25
INV002315,MER0163,2025-02,2025-03-01,2025-03-31,2025-03-09,paid,1800.00,1377.38,149.61,3326.99
INV002316,MER0164,2025-02,2025-03-01,2025-03-31,2025-03-19,paid,3600.00,4637.01,503.68,8740.69
INV002317,MER0165,2025-02,2025-03-01,2025-03-31,2025-03-29,paid,7200.00,51781.29,5624.52,64605.81
INV002318,MER0166,2025-02,2025-03-01,2025-03-31,2025-03-05,paid,1800.00,2247.31,244.10,4291.41
INV002319,MER0167,2025-02,2025-03-01,2025-03-31,2025-05-09,paid,1800.00,2630.49,285.73,4716.22
INV002320,MER0168,2025-02,2025-03-01,2025-03-31,2025-03-07,paid,1800.00,888.05,96.46,2784.51
INV002321,MER0169,2025-02,2025-03-01,2025-03-31,,open,1800.00,1211.68,131.61,3143.29
INV002322,MER0170,2025-02,2025-03-01,2025-03-31,2025-03-20,paid,3600.00,6477.84,703.63,10781.47
INV002323,MER0171,2025-02,2025-03-01,2025-03-31,2025-03-29,paid,3600.00,7914.77,859.71,12374.48
INV002324,MER0173,2025-02,2025-03-01,2025-03-31,2025-03-14,paid,3600.00,12404.21,1347.35,17351.56
INV002325,MER0174,2025-02,2025-03-01,2025-03-31,2025-05-07,paid,1800.00,2042.77,221.89,4064.66
INV002326,MER0175,2025-02,2025-03-01,2025-03-31,2025-03-14,paid,7200.00,43579.14,4733.60,55512.74
INV002327,MER0176,2025-02,2025-03-01,2025-03-31,,open,7200.00,23135.88,2513.03,32848.91
INV002328,MER0177,2025-02,2025-03-01,2025-03-31,,open,7200.00,36143.34,3925.91,47269.25
INV002329,MER0178,2025-02,2025-03-01,2025-03-31,2025-03-11,paid,3600.00,6780.76,736.53,11117.29
INV002330,MER0179,2025-02,2025-03-01,2025-03-31,2025-03-07,paid,3600.00,16746.07,1818.97,22165.04
INV002331,MER0180,2025-02,2025-03-01,2025-03-31,2025-03-04,paid,7200.00,7932.89,861.68,15994.57
INV002332,MER0181,2025-02,2025-03-01,2025-03-31,2025-03-08,paid,3600.00,8870.14,963.48,13433.62
INV002333,MER0182,2025-02,2025-03-01,2025-03-31,2025-03-27,paid,7200.00,19366.20,2103.57,28669.77
INV002334,MER0183,2025-02,2025-03-01,2025-03-31,2025-03-30,paid,7200.00,18972.67,2060.82,28233.49
INV002335,MER0184,2025-02,2025-03-01,2025-03-31,2025-03-18,paid,7200.00,16300.75,1770.60,25271.35
INV002336,MER0185,2025-02,2025-03-01,2025-03-31,2025-04-08,paid,3600.00,18936.42,2056.89,24593.31
INV002337,MER0186,2025-02,2025-03-01,2025-03-31,2025-04-16,paid,1800.00,911.35,98.99,2810.34
INV002338,MER0187,2025-02,2025-03-01,2025-03-31,2025-03-12,paid,3600.00,16738.30,1818.13,22156.43
INV002339,MER0188,2025-02,2025-03-01,2025-03-31,2025-04-01,paid,3600.00,6167.15,669.88,10437.03
INV002340,MER0189,2025-02,2025-03-01,2025-03-31,2025-03-29,paid,3600.00,11705.16,1271.42,16576.58
INV002341,MER0190,2025-02,2025-03-01,2025-03-31,2025-04-13,paid,3600.00,5056.44,549.23,9205.67
INV002342,MER0191,2025-02,2025-03-01,2025-03-31,2025-03-17,paid,1800.00,3901.72,423.81,6125.53
INV002343,MER0192,2025-02,2025-03-01,2025-03-31,2025-03-10,paid,3600.00,1149.54,124.86,4874.40
INV002344,MER0193,2025-02,2025-03-01,2025-03-31,,open,7200.00,13338.86,1448.88,21987.74
INV002345,MER0194,2025-02,2025-03-01,2025-03-31,2025-03-22,paid,3600.00,9910.94,1076.53,14587.47
INV002346,MER0195,2025-02,2025-03-01,2025-03-31,2025-03-11,paid,3600.00,7976.91,866.46,12443.37
INV002347,MER0196,2025-02,2025-03-01,2025-03-31,2025-03-07,paid,3600.00,11503.21,1249.49,16352.70
INV002348,MER0197,2025-02,2025-03-01,2025-03-31,2025-03-17,paid,1800.00,3249.28,352.94,5402.22
INV002349,MER0198,2025-02,2025-03-01,2025-03-31,2025-03-20,paid,1800.00,2747.00,298.38,4845.38
INV002350,MER0199,2025-02,2025-03-01,2025-03-31,2025-03-15,paid,1800.00,2860.92,310.75,4971.67
INV002351,MER0001,2025-03,2025-04-01,2025-05-01,2025-04-13,paid,1800.00,7264.61,789.09,9853.70
INV002352,MER0002,2025-03,2025-04-01,2025-05-01,2025-04-23,paid,3600.00,5764.49,626.14,9990.63
INV002353,MER0003,2025-03,2025-04-01,2025-05-01,2025-04-24,paid,1800.00,6525.78,708.84,9034.62
INV002354,MER0005,2025-03,2025-04-01,2025-05-01,2025-04-23,paid,7200.00,32182.26,3495.66,42877.92
INV002355,MER0006,2025-03,2025-04-01,2025-05-01,2025-04-11,paid,1800.00,1126.49,122.36,3048.85
INV002356,MER0007,2025-03,2025-04-01,2025-05-01,2025-04-19,paid,7200.00,17664.28,1918.71,26782.99
INV002357,MER0008,2025-03,2025-04-01,2025-05-01,2025-04-28,paid,1800.00,2042.29,221.84,4064.13
INV002358,MER0009,2025-03,2025-04-01,2025-05-01,2025-04-19,paid,3600.00,3286.77,357.01,7243.78
INV002359,MER0010,2025-03,2025-04-01,2025-05-01,2025-05-11,paid,3600.00,8823.71,958.44,13382.15
INV002360,MER0011,2025-03,2025-04-01,2025-05-01,2025-04-09,paid,3600.00,7070.77,768.03,11438.80
INV002361,MER0012,2025-03,2025-04-01,2025-05-01,2025-04-22,paid,3600.00,10644.08,1156.17,15400.25
INV002362,MER0013,2025-03,2025-04-01,2025-05-01,2025-04-04,paid,7200.00,53712.01,5834.24,66746.25
INV002363,MER0014,2025-03,2025-04-01,2025-05-01,2025-04-07,paid,3600.00,20748.79,2253.75,26602.54
INV002364,MER0015,2025-03,2025-04-01,2025-05-01,2025-04-12,paid,1800.00,2497.38,271.27,4568.65
INV002365,MER0016,2025-03,2025-04-01,2025-05-01,2025-04-04,paid,3600.00,2646.27,287.44,6533.71
INV002366,MER0017,2025-03,2025-04-01,2025-05-01,2025-04-20,paid,1800.00,2017.01,219.09,4036.10
INV002367,MER0018,2025-03,2025-04-01,2025-05-01,2025-04-14,paid,3600.00,8747.87,950.20,13298.07
INV002368,MER0019,2025-03,2025-04-01,2025-05-01,2025-05-30,paid,3600.00,10871.63,1180.88,15652.51
INV002369,MER0020,2025-03,2025-04-01,2025-05-01,2025-04-04,paid,1800.00,5239.17,569.08,7608.25
INV002370,MER0021,2025-03,2025-04-01,2025-05-01,2025-04-26,paid,3600.00,12152.62,1320.03,17072.65
INV002371,MER0022,2025-03,2025-04-01,2025-05-01,2025-04-27,paid,7200.00,27665.06,3005.00,37870.06
INV002372,MER0023,2025-03,2025-04-01,2025-05-01,2025-04-19,paid,3600.00,12624.57,1371.29,17595.86
INV002373,MER0024,2025-03,2025-04-01,2025-05-01,2025-04-08,paid,1800.00,1915.88,208.10,3923.98
INV002374,MER0025,2025-03,2025-04-01,2025-05-01,2025-04-19,paid,1800.00,3126.65,339.62,5266.27
INV002375,MER0026,2025-03,2025-04-01,2025-05-01,2025-04-13,paid,3600.00,7011.78,761.62,11373.40
INV002376,MER0027,2025-03,2025-04-01,2025-05-01,2025-04-23,paid,7200.00,43171.87,4689.36,55061.23
INV002377,MER0028,2025-03,2025-04-01,2025-05-01,2025-04-19,paid,1800.00,3899.18,423.53,6122.71
INV002378,MER0029,2025-03,2025-04-01,2025-05-01,2025-04-19,paid,3600.00,6354.42,690.22,10644.64
INV002379,MER0030,2025-03,2025-04-01,2025-05-01,2025-05-04,paid,1800.00,2028.25,220.31,4048.56
INV002380,MER0031,2025-03,2025-04-01,2025-05-01,2025-04-10,paid,1800.00,2193.99,238.31,4232.30
INV002381,MER0032,2025-03,2025-04-01,2025-05-01,2025-04-24,paid,3600.00,3168.78,344.20,7112.98
INV002382,MER0033,2025-03,2025-04-01,2025-05-01,2025-04-18,paid,3600.00,10880.05,1181.80,15661.85
INV002383,MER0034,2025-03,2025-04-01,2025-05-01,2025-04-20,paid,1800.00,3893.56,422.92,6116.48
INV002384,MER0035,2025-03,2025-04-01,2025-05-01,2025-04-25,paid,7200.00,18001.39,1955.32,27156.71
INV002385,MER0036,2025-03,2025-04-01,2025-05-01,2025-05-02,paid,1800.00,8517.51,925.18,11242.69
INV002386,MER0037,2025-03,2025-04-01,2025-05-01,2025-04-08,paid,3600.00,3404.76,369.83,7374.59
INV002387,MER0039,2025-03,2025-04-01,2025-05-01,2025-04-18,paid,7200.00,23372.59,2538.75,33111.34
INV002388,MER0040,2025-03,2025-04-01,2025-05-01,2025-04-05,paid,3600.00,11486.84,1247.71,16334.55
INV002389,MER0041,2025-03,2025-04-01,2025-05-01,2025-04-12,paid,3600.00,10079.43,1094.83,14774.26
INV002390,MER0042,2025-03,2025-04-01,2025-05-01,2025-06-08,paid,3600.00,22535.45,2447.82,28583.27
INV002391,MER0043,2025-03,2025-04-01,2025-05-01,2025-04-23,paid,1800.00,2876.63,312.46,4989.09
INV002392,MER0044,2025-03,2025-04-01,2025-05-01,2025-04-21,paid,1800.00,1199.53,130.29,3129.82
INV002393,MER0045,2025-03,2025-04-01,2025-05-01,2025-06-11,paid,3600.00,7053.91,766.20,11420.11
INV002394,MER0046,2025-03,2025-04-01,2025-05-01,2025-04-29,paid,1800.00,2868.20,311.55,4979.75
INV002395,MER0047,2025-03,2025-04-01,2025-05-01,2025-04-08,paid,3600.00,5444.24,591.36,9635.60
INV002396,MER0049,2025-03,2025-04-01,2025-05-01,2025-04-13,paid,1800.00,862.43,93.68,2756.11
INV002397,MER0050,2025-03,2025-04-01,2025-05-01,2025-05-22,paid,3600.00,6143.73,667.34,10411.07
INV002398,MER0051,2025-03,2025-04-01,2025-05-01,2025-04-09,paid,3600.00,4871.16,529.11,9000.27
INV002399,MER0052,2025-03,2025-04-01,2025-05-01,2025-04-24,paid,1800.00,615.22,66.83,2482.05
INV002400,MER0053,2025-03,2025-04-01,2025-05-01,2025-06-05,paid,1800.00,6090.36,661.54,8551.90
INV002401,MER0054,2025-03,2025-04-01,2025-05-01,2025-04-23,paid,3600.00,8014.66,870.56,12485.22
INV002402,MER0055,2025-03,2025-04-01,2025-05-01,2025-04-06,paid,7200.00,8225.35,893.44,16318.79
INV002403,MER0056,2025-03,2025-04-01,2025-05-01,2025-04-15,paid,1800.00,6770.19,735.38,9305.57
INV002404,MER0057,2025-03,2025-04-01,2025-05-01,2025-04-29,paid,1800.00,3820.52,414.99,6035.51
INV002405,MER0058,2025-03,2025-04-01,2025-05-01,2025-04-09,paid,1800.00,6036.98,655.74,8492.72
INV002406,MER0059,2025-03,2025-04-01,2025-05-01,2025-04-22,paid,3600.00,5123.99,556.57,9280.56
INV002407,MER0060,2025-03,2025-04-01,2025-05-01,2025-04-16,paid,7200.00,26990.85,2931.76,37122.61
INV002408,MER0061,2025-03,2025-04-01,2025-05-01,2025-04-27,paid,1800.00,3342.95,363.11,5506.06
INV002409,MER0062,2025-03,2025-04-01,2025-05-01,2025-04-18,paid,3600.00,9017.55,979.49,13597.04
INV002410,MER0063,2025-03,2025-04-01,2025-05-01,2025-04-14,paid,3600.00,10349.11,1124.13,15073.24
INV002411,MER0064,2025-03,2025-04-01,2025-05-01,2025-04-08,paid,1800.00,1320.33,143.41,3263.74
INV002412,MER0066,2025-03,2025-04-01,2025-05-01,2025-05-21,paid,1800.00,6247.67,678.63,8726.30
INV002413,MER0067,2025-03,2025-04-01,2025-05-01,2025-04-13,paid,7200.00,18091.28,1965.09,27256.37
INV002414,MER0068,2025-03,2025-04-01,2025-05-01,2025-06-09,paid,3600.00,13602.17,1477.48,18679.65
INV002415,MER0070,2025-03,2025-04-01,2025-05-01,2025-06-07,paid,1800.00,910.18,98.86,2809.04
INV002416,MER0071,2025-03,2025-04-01,2025-05-01,2025-05-10,paid,7200.00,17889.02,1943.12,27032.14
INV002417,MER0072,2025-03,2025-04-01,2025-05-01,2025-04-19,paid,3600.00,6750.52,733.25,11083.77
INV002418,MER0073,2025-03,2025-04-01,2025-05-01,2025-04-15,paid,1800.00,3146.31,341.75,5288.06
INV002419,MER0074,2025-03,2025-04-01,2025-05-01,2025-06-11,paid,7200.00,15664.13,1701.45,24565.58
INV002420,MER0075,2025-03,2025-04-01,2025-05-01,2025-04-10,paid,3600.00,9236.67,1003.29,13839.96
INV002421,MER0076,2025-03,2025-04-01,2025-05-01,2025-06-04,paid,1800.00,3328.91,361.59,5490.50
INV002422,MER0077,2025-03,2025-04-01,2025-05-01,2025-04-11,paid,1800.00,4202.57,456.49,6459.06
INV002423,MER0078,2025-03,2025-04-01,2025-05-01,2025-04-18,paid,3600.00,3387.90,368.00,7355.90
INV002424,MER0079,2025-03,2025-04-01,2025-05-01,2025-05-04,paid,7200.00,54858.17,5958.73,68016.90
INV002425,MER0080,2025-03,2025-04-01,2025-05-01,2025-05-02,paid,7200.00,15439.39,1677.04,24316.43
INV002426,MER0081,2025-03,2025-04-01,2025-05-01,2025-04-30,paid,3600.00,9304.09,1010.62,13914.71
INV002427,MER0082,2025-03,2025-04-01,2025-05-01,2025-06-09,paid,3600.00,7921.96,860.49,12382.45
INV002428,MER0083,2025-03,2025-04-01,2025-05-01,2025-04-28,paid,3600.00,5511.66,598.68,9710.34
INV002429,MER0084,2025-03,2025-04-01,2025-05-01,2025-06-11,paid,3600.00,25881.21,2811.23,32292.44
INV002430,MER0085,2025-03,2025-04-01,2025-05-01,2025-04-08,paid,1800.00,1306.28,141.89,3248.17
INV002431,MER0086,2025-03,2025-04-01,2025-05-01,2025-04-20,paid,1800.00,2373.78,257.84,4431.62
INV002432,MER0087,2025-03,2025-04-01,2025-05-01,2025-04-23,paid,7200.00,19057.65,2070.06,28327.71
INV002433,MER0088,2025-03,2025-04-01,2025-05-01,2025-04-25,paid,1800.00,2078.81,225.80,4104.61
INV002434,MER0089,2025-03,2025-04-01,2025-05-01,2025-04-18,paid,1800.00,3685.68,400.34,5886.02
INV002435,MER0090,2025-03,2025-04-01,2025-05-01,2025-04-24,paid,1800.00,4755.98,516.60,7072.58
INV002436,MER0091,2025-03,2025-04-01,2025-05-01,2025-04-14,paid,1800.00,6770.19,735.38,9305.57
INV002437,MER0092,2025-03,2025-04-01,2025-05-01,2025-04-08,paid,1800.00,3314.86,360.06,5474.92
INV002438,MER0093,2025-03,2025-04-01,2025-05-01,2025-04-05,paid,3600.00,4121.10,447.64,8168.74
INV002439,MER0094,2025-03,2025-04-01,2025-05-01,2025-04-26,paid,3600.00,19720.62,2142.07,25462.69
INV002440,MER0095,2025-03,2025-04-01,2025-05-01,,open,1800.00,3269.92,355.18,5425.10
INV002441,MER0096,2025-03,2025-04-01,2025-05-01,2025-04-06,paid,1800.00,6500.50,706.09,9006.59
INV002442,MER0097,2025-03,2025-04-01,2025-05-01,2025-06-11,paid,1800.00,1404.60,152.57,3357.17
INV002443,MER0098,2025-03,2025-04-01,2025-05-01,,open,7200.00,50588.17,5494.92,63283.09
INV002444,MER0099,2025-03,2025-04-01,2025-05-01,2025-04-08,paid,3600.00,5115.56,555.66,9271.22
INV002445,MER0100,2025-03,2025-04-01,2025-05-01,2025-04-15,paid,1800.00,1764.18,191.63,3755.81
INV002446,MER0102,2025-03,2025-04-01,2025-05-01,2025-04-08,paid,3600.00,6902.22,749.72,11251.94
INV002447,MER0103,2025-03,2025-04-01,2025-05-01,2025-04-09,paid,1800.00,8183.22,888.87,10872.09
INV002448,MER0104,2025-03,2025-04-01,2025-05-01,2025-04-09,paid,7200.00,38070.35,4135.23,49405.58
INV002449,MER0105,2025-03,2025-04-01,2025-05-01,2025-04-08,paid,3600.00,12000.93,1303.55,16904.48
INV002450,MER0106,2025-03,2025-04-01,2025-05-01,2025-04-24,paid,1800.00,1373.70,149.21,3322.91
INV002451,MER0107,2025-03,2025-04-01,2025-05-01,2025-04-29,paid,1800.00,2508.62,272.49,4581.11
INV002452,MER0108,2025-03,2025-04-01,2025-05-01,2025-04-04,paid,3600.00,15633.23,1698.09,20931.32
INV002453,MER0109,2025-03,2025-04-01,2025-05-01,2025-05-15,paid,1800.00,2620.99,284.69,4705.68
INV002454,MER0110,2025-03,2025-04-01,2025-05-01,2025-05-23,paid,1800.00,5649.31,613.63,8062.94
INV002455,MER0111,2025-03,2025-04-01,2025-05-01,2025-06-10,paid,1800.00,1665.86,180.95,3646.81
INV002456,MER0112,2025-03,2025-04-01,2025-05-01,2025-04-08,paid,7200.00,21866.86,2375.19,31442.05
INV002457,MER0113,2025-03,2025-04-01,2025-05-01,2025-05-30,paid,1800.00,2637.84,286.52,4724.36
INV002458,MER0114,2025-03,2025-04-01,2025-05-01,2025-06-04,paid,3600.00,7795.55,846.76,12242.31
INV002459,MER0115,2025-03,2025-04-01,2025-05-01,2025-05-23,paid,7200.00,27979.69,3039.17,38218.86
INV002460,MER0116,2025-03,2025-04-01,2025-05-01,2025-04-20,paid,3600.00,7660.70,832.11,12092.81
INV002461,MER0117,2025-03,2025-04-01,2025-05-01,2025-06-04,paid,7200.00,40834.61,4435.48,52470.09
INV002462,MER0118,2025-03,2025-04-01,2025-05-01,2025-04-17,paid,7200.00,12922.35,1403.63,21525.98
INV002463,MER0119,2025-03,2025-04-01,2025-05-01,2025-05-04,paid,1800.00,3696.91,401.56,5898.47
INV002464,MER0120,2025-03,2025-04-01,2025-05-01,,open,1800.00,1413.03,153.48,3366.51
INV002465,MER0121,2025-03,2025-04-01,2025-05-01,2025-04-04,paid,1800.00,1758.56,191.02,3749.58
INV002466,MER0122,2025-03,2025-04-01,2025-05-01,2025-04-06,paid,3600.00,3000.23,325.89,6926.12
INV002467,MER0123,2025-03,2025-04-01,2025-05-01,2025-04-13,paid,1800.00,3247.44,352.74,5400.18
INV002468,MER0124,2025-03,2025-04-01,2025-05-01,2025-04-15,paid,3600.00,9135.54,992.31,13727.85
INV002469,MER0125,2025-03,2025-04-01,2025-05-01,2025-04-14,paid,3600.00,15894.48,1726.47,21220.95
INV002470,MER0126,2025-03,2025-04-01,2025-05-01,2025-04-21,paid,1800.00,1646.19,178.81,3625.00
INV002471,MER0127,2025-03,2025-04-01,2025-05-01,2025-04-28,paid,3600.00,6480.84,703.95,10784.79
INV002472,MER0128,2025-03,2025-04-01,2025-05-01,2025-04-04,paid,3600.00,2604.13,282.86,6486.99
INV002473,MER0129,2025-03,2025-04-01,2025-05-01,2025-04-24,paid,1800.00,2087.24,226.72,4113.96
INV002474,MER0130,2025-03,2025-04-01,2025-05-01,2025-04-23,paid,3600.00,5536.94,601.43,9738.37
INV002475,MER0131,2025-03,2025-04-01,2025-05-01,2025-04-04,paid,7200.00,34744.25,3773.94,45718.19
INV002476,MER0132,2025-03,2025-04-01,2025-05-01,2025-04-09,paid,1800.00,2241.75,243.50,4285.25
INV002477,MER0133,2025-03,2025-04-01,2025-05-01,2025-04-26,paid,1800.00,1500.12,162.94,3463.06
INV002478,MER0134,2025-03,2025-04-01,2025-05-01,2025-04-14,paid,7200.00,14158.40,1537.89,22896.29
INV002479,MER0135,2025-03,2025-04-01,2025-05-01,2025-04-22,paid,1800.00,2182.75,237.09,4219.84
INV002480,MER0136,2025-03,2025-04-01,2025-05-01,,open,1800.00,2300.74,249.91,4350.65
INV002481,MER0137,2025-03,2025-04-01,2025-05-01,2025-04-06,paid,1800.00,1688.33,183.39,3671.72
INV002482,MER0138,2025-03,2025-04-01,2025-05-01,2025-04-18,paid,3600.00,7947.24,863.23,12410.47
INV002483,MER0139,2025-03,2025-04-01,2025-05-01,2025-04-29,paid,1800.00,2078.81,225.80,4104.61
INV002484,MER0140,2025-03,2025-04-01,2025-05-01,2025-04-07,paid,1800.00,6126.88,665.51,8592.39
INV002485,MER0141,2025-03,2025-04-01,2025-05-01,2025-04-16,paid,7200.00,8180.41,888.56,16268.97
INV002486,MER0142,2025-03,2025-04-01,2025-05-01,2025-05-29,paid,3600.00,7332.03,796.41,11728.44
INV002487,MER0143,2025-03,2025-04-01,2025-05-01,2025-06-10,paid,1800.00,4632.38,503.17,6935.55
INV002488,MER0144,2025-03,2025-04-01,2025-05-01,2025-04-04,paid,1800.00,1002.89,108.93,2911.82
INV002489,MER0145,2025-03,2025-04-01,2025-05-01,2025-04-20,paid,7200.00,4090.20,444.28,11734.48
INV002490,MER0146,2025-03,2025-04-01,2025-05-01,2025-05-31,paid,3600.00,21271.30,2310.50,27181.80
INV002491,MER0148,2025-03,2025-04-01,2025-05-01,2025-04-27,paid,3600.00,11183.45,1214.75,15998.20
INV002492,MER0149,2025-03,2025-04-01,2025-05-01,2025-04-08,paid,1800.00,2809.21,305.14,4914.35
INV002493,MER0150,2025-03,2025-04-01,2025-05-01,2025-04-08,paid,1800.00,6110.02,663.67,8573.69
INV002494,MER0151,2025-03,2025-04-01,2025-05-01,2025-06-01,paid,7200.00,15349.50,1667.27,24216.77
INV002495,MER0154,2025-03,2025-04-01,2025-05-01,2025-04-27,paid,1800.00,7222.47,784.51,9806.98
INV002496,MER0155,2025-03,2025-04-01,2025-05-01,2025-04-25,paid,7200.00,46408.08,5040.88,58648.96
INV002497,MER0156,2025-03,2025-04-01,2025-05-01,2025-04-25,paid,7200.00,20158.86,2189.67,29548.53
INV002498,MER0157,2025-03,2025-04-01,2025-05-01,2025-04-23,paid,1800.00,6666.24,724.09,9190.33
INV002499,MER0158,2025-03,2025-04-01,2025-05-01,2025-04-18,paid,1800.00,2348.50,255.10,4403.60
INV002500,MER0159,2025-03,2025-04-01,2025-05-01,2025-04-05,paid,3600.00,3716.58,403.70,7720.28
INV002501,MER0160,2025-03,2025-04-01,2025-05-01,2025-04-13,paid,3600.00,7896.68,857.74,12354.42
INV002502,MER0161,2025-03,2025-04-01,2025-05-01,2025-04-26,paid,3600.00,9978.30,1083.85,14662.15
INV002503,MER0162,2025-03,2025-04-01,2025-05-01,2025-04-29,paid,1800.00,1488.88,161.72,3450.60
INV002504,MER0163,2025-03,2025-04-01,2025-05-01,2025-04-05,paid,1800.00,1494.50,162.33,3456.83
INV002505,MER0164,2025-03,2025-04-01,2025-05-01,2025-04-18,paid,3600.00,5031.29,546.50,9177.79
INV002506,MER0165,2025-03,2025-04-01,2025-05-01,2025-06-01,paid,7200.00,56184.11,6102.76,69486.87
INV002507,MER0166,2025-03,2025-04-01,2025-05-01,2025-04-13,paid,1800.00,2438.39,264.86,4503.25
INV002508,MER0167,2025-03,2025-04-01,2025-05-01,2025-04-09,paid,1800.00,2854.15,310.02,4964.17
INV002509,MER0168,2025-03,2025-04-01,2025-05-01,2025-04-17,paid,1800.00,963.56,104.66,2868.22
INV002510,MER0169,2025-03,2025-04-01,2025-05-01,2025-04-26,paid,1800.00,1314.71,142.80,3257.51
INV002511,MER0170,2025-03,2025-04-01,2025-05-01,2025-04-23,paid,3600.00,7028.63,763.45,11392.08
INV002512,MER0171,2025-03,2025-04-01,2025-05-01,2025-04-20,paid,3600.00,8587.74,932.81,13120.55
INV002513,MER0173,2025-03,2025-04-01,2025-05-01,2025-04-06,paid,3600.00,13458.90,1461.92,18520.82
INV002514,MER0174,2025-03,2025-04-01,2025-05-01,2025-04-16,paid,1800.00,2216.46,240.75,4257.21
INV002515,MER0175,2025-03,2025-04-01,2025-05-01,2025-06-14,paid,7200.00,47284.55,5136.08,59620.63
INV002516,MER0176,2025-03,2025-04-01,2025-05-01,2025-04-29,paid,7200.00,25103.06,2726.71,35029.77
INV002517,MER0177,2025-03,2025-04-01,2025-05-01,2025-04-13,paid,7200.00,39216.51,4259.72,50676.23
INV002518,MER0178,2025-03,2025-04-01,2025-05-01,2025-04-20,paid,3600.00,7357.31,799.16,11756.47
INV002519,MER0179,2025-03,2025-04-01,2025-05-01,2025-04-12,paid,3600.00,18169.94,1973.63,23743.57
INV002520,MER0180,2025-03,2025-04-01,2025-05-01,2025-04-09,paid,7200.00,8607.41,934.94,16742.35
INV002521,MER0181,2025-03,2025-04-01,2025-05-01,2025-04-21,paid,3600.00,9624.34,1045.40,14269.74
INV002522,MER0182,2025-03,2025-04-01,2025-05-01,2025-04-29,paid,7200.00,21012.86,2282.43,30495.29
INV002523,MER0183,2025-03,2025-04-01,2025-05-01,2025-04-14,paid,7200.00,20585.86,2236.05,30021.91
INV002524,MER0184,2025-03,2025-04-01,2025-05-01,2025-04-10,paid,7200.00,17686.76,1921.15,26807.91
INV002525,MER0185,2025-03,2025-04-01,2025-05-01,2025-04-17,paid,3600.00,20546.53,2231.78,26378.31
INV002526,MER0186,2025-03,2025-04-01,2025-05-01,,open,1800.00,988.84,107.41,2896.25
INV002527,MER0187,2025-03,2025-04-01,2025-05-01,2025-04-29,paid,3600.00,18161.51,1972.72,23734.23
INV002528,MER0188,2025-03,2025-04-01,2025-05-01,2025-04-21,paid,3600.00,6691.53,726.84,11018.37
INV002529,MER0189,2025-03,2025-04-01,2025-05-01,2025-04-06,paid,3600.00,12700.42,1379.53,17679.95
INV002530,MER0190,2025-03,2025-04-01,2025-05-01,2025-04-30,paid,3600.00,5486.38,595.93,9682.31
INV002531,MER0191,2025-03,2025-04-01,2025-05-01,2025-05-19,paid,1800.00,4233.47,459.84,6493.31
INV002532,MER0192,2025-03,2025-04-01,2025-05-01,2025-04-06,paid,3600.00,1247.29,135.48,4982.77
INV002533,MER0193,2025-03,2025-04-01,2025-05-01,2025-04-04,paid,7200.00,14473.03,1572.07,23245.10
INV002534,MER0194,2025-03,2025-04-01,2025-05-01,2025-05-14,paid,3600.00,10753.64,1168.07,15521.71
INV002535,MER0195,2025-03,2025-04-01,2025-05-01,,open,3600.00,8655.16,940.13,13195.29
INV002536,MER0196,2025-03,2025-04-01,2025-05-01,2025-04-15,paid,3600.00,12481.30,1355.73,17437.03
INV002537,MER0197,2025-03,2025-04-01,2025-05-01,2025-04-20,paid,1800.00,3525.55,382.95,5708.50
INV002538,MER0198,2025-03,2025-04-01,2025-05-01,2025-04-24,paid,1800.00,2980.57,323.75,5104.32
INV002539,MER0199,2025-03,2025-04-01,2025-05-01,2025-04-12,paid,1800.00,3104.17,337.18,5241.35
INV002540,MER0200,2025-03,2025-04-01,2025-05-01,2025-04-12,paid,3600.00,15051.72,1634.93,20286.65
INV002541,MER0201,2025-03,2025-04-01,2025-05-01,2025-05-31,paid,7200.00,10023.25,1088.73,18311.98
INV002542,MER0202,2025-03,2025-04-01,2025-05-01,2025-04-09,paid,1800.00,2562.00,278.29,4640.29
INV002543,MER0203,2025-03,2025-04-01,2025-05-01,2025-04-20,paid,1800.00,2750.21,298.73,4848.94
INV002544,MER0204,2025-03,2025-04-01,2025-05-01,2025-04-10,paid,1800.00,7472.49,811.67,10084.16
INV002545,MER0001,2025-04,2025-05-01,2025-05-31,2024-05-19,paid,1800.00,7031.77,763.80,9595.57
INV002546,MER0002,2025-04,2025-05-01,2025-05-31,2025-05-12,paid,3600.00,5579.73,606.07,9785.80
INV002547,MER0003,2025-04,2025-05-01,2025-05-31,2025-06-02,paid,1800.00,6316.63,686.12,8802.75
INV002548,MER0005,2025-04,2025-05-01,2025-05-31,2025-05-04,paid,7200.00,31150.78,3383.62,41734.40
INV002549,MER0006,2025-04,2025-05-01,2025-05-31,2025-07-02,paid,1800.00,1090.39,118.44,3008.83
INV002550,MER0007,2025-04,2025-05-01,2025-05-31,2025-05-16,paid,7200.00,17098.13,1857.21,26155.34
INV002551,MER0008,2025-04,2025-05-01,2025-05-31,2025-05-09,paid,1800.00,1976.83,214.73,3991.56
INV002552,MER0009,2025-04,2025-05-01,2025-05-31,2025-05-28,paid,3600.00,3181.43,345.57,7127.00
INV002553,MER0010,2025-04,2025-05-01,2025-05-31,2025-05-18,paid,3600.00,8540.91,927.72,13068.63
INV002554,MER0011,2025-04,2025-05-01,2025-05-31,2025-05-08,paid,3600.00,6844.14,743.42,11187.56
INV002555,MER0012,2025-04,2025-05-01,2025-05-31,2025-05-21,paid,3600.00,10302.93,1119.11,15022.04
INV002556,MER0013,2025-04,2025-05-01,2025-05-31,2025-05-18,paid,7200.00,51990.48,5647.24,64837.72
INV002557,MER0014,2025-04,2025-05-01,2025-05-31,2025-05-10,paid,3600.00,20083.77,2181.51,25865.28
INV002558,MER0015,2025-04,2025-05-01,2025-05-31,2025-06-20,paid,1800.00,2417.34,262.57,4479.91
INV002559,MER0016,2025-04,2025-05-01,2025-05-31,2025-05-19,paid,3600.00,2561.46,278.23,6439.69
INV002560,MER0017,2025-04,2025-05-01,2025-05-31,2025-05-25,paid,1800.00,1952.36,212.07,3964.43
INV002561,MER0018,2025-04,2025-05-01,2025-05-31,2025-05-07,paid,3600.00,8467.49,919.74,12987.23
INV002562,MER0019,2025-04,2025-05-01,2025-05-31,2025-05-29,paid,3600.00,10523.18,1143.03,15266.21
INV002563,MER0020,2025-04,2025-05-01,2025-05-31,2025-05-05,paid,1800.00,5071.25,550.84,7422.09
INV002564,MER0021,2025-04,2025-05-01,2025-05-31,,open,3600.00,11763.12,1277.72,16640.84
INV002565,MER0022,2025-04,2025-05-01,2025-05-31,2025-05-24,paid,7200.00,26778.36,2908.68,36887.04
INV002566,MER0023,2025-04,2025-05-01,2025-05-31,2025-06-12,paid,3600.00,12219.94,1327.34,17147.28
INV002567,MER0024,2025-04,2025-05-01,2025-05-31,2025-05-28,paid,1800.00,1854.47,201.43,3855.90
INV002568,MER0025,2025-04,2025-05-01,2025-05-31,2025-05-10,paid,1800.00,3026.43,328.73,5155.16
INV002569,MER0026,2025-04,2025-05-01,2025-05-31,2025-06-23,paid,3600.00,6787.04,737.21,11124.25
INV002570,MER0027,2025-04,2025-05-01,2025-05-31,2025-05-11,paid,7200.00,41788.17,4539.06,53527.23
INV002571,MER0028,2025-04,2025-05-01,2025-05-31,,open,1800.00,3774.20,409.96,5984.16
INV002572,MER0029,2025-04,2025-05-01,2025-05-31,2025-05-08,paid,3600.00,6150.76,668.10,10418.86
INV002573,MER0030,2025-04,2025-05-01,2025-05-31,2025-05-17,paid,1800.00,1963.24,213.25,3976.49
INV002574,MER0031,2025-04,2025-05-01,2025-05-31,2025-05-07,paid,1800.00,2123.67,230.67,4154.34
INV002575,MER0032,2025-04,2025-05-01,2025-05-31,2025-05-21,paid,3600.00,3067.22,333.16,7000.38
INV002576,MER0033,2025-04,2025-05-01,2025-05-31,2025-05-06,paid,3600.00,10531.34,1143.92,15275.26
INV002577,MER0034,2025-04,2025-05-01,2025-05-31,2025-05-28,paid,1800.00,3768.77,409.37,5978.14
INV002578,MER0035,2025-04,2025-05-01,2025-05-31,2025-05-17,paid,7200.00,17424.43,1892.65,26517.08
INV002579,MER0036,2025-04,2025-05-01,2025-05-31,2025-05-21,paid,1800.00,8244.52,895.52,10940.04
INV002580,MER0037,2025-04,2025-05-01,2025-05-31,2025-05-18,paid,3600.00,3295.63,357.97,7253.60
INV002581,MER0039,2025-04,2025-05-01,2025-05-31,2025-05-06,paid,7200.00,22623.47,2457.38,32280.85
INV002582,MER0040,2025-04,2025-05-01,2025-05-31,2025-05-11,paid,3600.00,11118.68,1207.72,15926.40
INV002583,MER0041,2025-04,2025-05-01,2025-05-31,2025-05-23,paid,3600.00,9756.37,1059.74,14416.11
INV002584,MER0042,2025-04,2025-05-01,2025-05-31,2025-05-22,paid,3600.00,21813.16,2369.36,27782.52
INV002585,MER0043,2025-04,2025-05-01,2025-05-31,2025-05-29,paid,1800.00,2784.43,302.45,4886.88
INV002586,MER0044,2025-04,2025-05-01,2025-05-31,,open,1800.00,1161.08,126.12,3087.20
INV002587,MER0045,2025-04,2025-05-01,2025-05-31,2025-05-09,paid,3600.00,6827.83,741.64,11169.47
INV002588,MER0046,2025-04,2025-05-01,2025-05-31,2025-05-20,paid,1800.00,2776.27,301.56,4877.83
INV002589,MER0047,2025-04,2025-05-01,2025-05-31,2025-05-11,paid,3600.00,5269.75,572.40,9442.15
INV002590,MER0049,2025-04,2025-05-01,2025-05-31,2025-05-27,paid,1800.00,834.78,90.67,2725.45
INV002591,MER0050,2025-04,2025-05-01,2025-05-31,2025-05-21,paid,3600.00,5946.82,645.95,10192.77
INV002592,MER0051,2025-04,2025-05-01,2025-05-31,2025-05-09,paid,3600.00,4715.04,512.15,8827.19
INV002593,MER0052,2025-04,2025-05-01,2025-05-31,2025-05-25,paid,1800.00,595.50,64.68,2460.18
INV002594,MER0053,2025-04,2025-05-01,2025-05-31,2025-05-04,paid,1800.00,5895.16,640.34,8335.50
INV002595,MER0054,2025-04,2025-05-01,2025-05-31,2025-05-25,paid,3600.00,7757.79,842.66,12200.45
INV002596,MER0055,2025-04,2025-05-01,2025-05-31,,open,7200.00,7961.72,864.81,16026.53
INV002597,MER0056,2025-04,2025-05-01,2025-05-31,2025-05-07,paid,1800.00,6553.19,711.81,9065.00
INV002598,MER0057,2025-04,2025-05-01,2025-05-31,2025-06-23,paid,1800.00,3698.07,401.69,5899.76
INV002599,MER0058,2025-04,2025-05-01,2025-05-31,2025-05-06,paid,1800.00,5843.49,634.72,8278.21
INV002600,MER0059,2025-04,2025-05-01,2025-05-31,2025-05-21,paid,3600.00,4959.76,538.73,9098.49
INV002601,MER0060,2025-04,2025-05-01,2025-05-31,2025-05-21,paid,7200.00,26125.76,2837.80,36163.56
INV002602,MER0061,2025-04,2025-05-01,2025-05-31,2025-05-07,paid,1800.00,3235.81,351.48,5387.29
INV002603,MER0062,2025-04,2025-05-01,2025-05-31,2025-05-17,paid,3600.00,8728.53,948.10,13276.63
INV002604,MER0063,2025-04,2025-05-01,2025-05-31,,open,3600.00,10017.41,1088.10,14705.51
INV002605,MER0064,2025-04,2025-05-01,2025-05-31,2025-05-30,paid,1800.00,1278.01,138.82,3216.83
INV002606,MER0066,2025-04,2025-05-01,2025-05-31,2025-05-08,paid,1800.00,6047.43,656.88,8504.31
INV002607,MER0067,2025-04,2025-05-01,2025-05-31,2025-05-19,paid,7200.00,17511.44,1902.10,26613.54
INV002608,MER0068,2025-04,2025-05-01,2025-05-31,2025-05-29,paid,3600.00,13166.21,1430.12,18196.33
INV002609,MER0070,2025-04,2025-05-01,2025-05-31,2025-05-07,paid,1800.00,881.01,95.70,2776.71
INV002610,MER0071,2025-04,2025-05-01,2025-05-31,2025-05-23,paid,7200.00,17315.66,1880.84,26396.50
INV002611,MER0072,2025-04,2025-05-01,2025-05-31,2025-05-17,paid,3600.00,6534.16,709.74,10843.90
INV002612,MER0073,2025-04,2025-05-01,2025-05-31,2025-05-27,paid,1800.00,3045.47,330.80,5176.27
INV002613,MER0074,2025-04,2025-05-01,2025-05-31,2025-05-11,paid,7200.00,15162.08,1646.92,24009.00
INV002614,MER0075,2025-04,2025-05-01,2025-05-31,2025-06-08,paid,3600.00,8940.62,971.14,13511.76
INV002615,MER0076,2025-04,2025-05-01,2025-05-31,2025-05-09,paid,1800.00,3222.21,350.00,5372.21
INV002616,MER0077,2025-04,2025-05-01,2025-05-31,2025-05-23,paid,1800.00,4067.87,441.86,6309.73
INV002617,MER0078,2025-04,2025-05-01,2025-05-31,2025-05-20,paid,3600.00,3279.32,356.20,7235.52
INV002618,MER0079,2025-04,2025-05-01,2025-05-31,2025-05-14,paid,7200.00,53099.90,5767.75,66067.65
INV002619,MER0080,2025-04,2025-05-01,2025-05-31,2025-05-06,paid,7200.00,14944.54,1623.29,23767.83
INV002620,MER0081,2025-04,2025-05-01,2025-05-31,2025-05-26,paid,3600.00,9005.88,978.23,13584.11
INV002621,MER0082,2025-04,2025-05-01,2025-05-31,2025-05-21,paid,3600.00,7668.05,832.91,12100.96
INV002622,MER0083,2025-04,2025-05-01,2025-05-31,2025-06-22,paid,3600.00,5335.01,579.49,9514.50
INV002623,MER0084,2025-04,2025-05-01,2025-05-31,2025-05-05,paid,3600.00,25051.69,2721.13,31372.82
INV002624,MER0085,2025-04,2025-05-01,2025-05-31,2025-05-10,paid,1800.00,1264.41,137.34,3201.75
INV002625,MER0086,2025-04,2025-05-01,2025-05-31,2025-06-29,paid,1800.00,2297.70,249.58,4347.28
INV002626,MER0087,2025-04,2025-05-01,2025-05-31,2025-05-25,paid,7200.00,18446.83,2003.71,27650.54
INV002627,MER0088,2025-04,2025-05-01,2025-05-31,,open,1800.00,2012.18,218.56,4030.74
INV002628,MER0089,2025-04,2025-05-01,2025-05-31,2025-05-20,paid,1800.00,3567.55,387.51,5755.06
INV002629,MER0090,2025-04,2025-05-01,2025-05-31,2025-05-07,paid,1800.00,4603.55,500.04,6903.59
INV002630,MER0091,2025-04,2025-05-01,2025-05-31,2025-07-10,paid,1800.00,6553.19,711.81,9065.00
INV002631,MER0093,2025-04,2025-05-01,2025-05-31,2025-05-12,paid,3600.00,3989.02,433.29,8022.31
INV002632,MER0094,2025-04,2025-05-01,2025-05-31,2025-05-23,paid,3600.00,19088.56,2073.41,24761.97
INV002633,MER0095,2025-04,2025-05-01,2025-05-31,2025-05-12,paid,1800.00,3165.11,343.80,5308.91
INV002634,MER0096,2025-04,2025-05-01,2025-05-31,2025-05-13,paid,1800.00,6292.15,683.46,8775.61
INV002635,MER0097,2025-04,2025-05-01,2025-05-31,2025-05-20,paid,1800.00,1359.58,147.68,3307.26
INV002636,MER0098,2025-04,2025-05-01,2025-05-31,2025-05-21,paid,7200.00,48966.77,5318.80,61485.57
INV002637,MER0099,2025-04,2025-05-01,2025-05-31,2025-05-17,paid,3600.00,4951.60,537.85,9089.45
INV002638,MER0100,2025-04,2025-05-01,2025-05-31,2025-05-23,paid,1800.00,1707.64,185.48,3693.12
INV002639,MER0102,2025-04,2025-05-01,2025-05-31,2025-05-17,paid,3600.00,6680.99,725.69,11006.68
INV002640,MER0103,2025-04,2025-05-01,2025-05-31,2025-05-10,paid,1800.00,7920.94,860.38,10581.32
INV002641,MER0104,2025-04,2025-05-01,2025-05-31,2025-07-09,paid,7200.00,36850.16,4002.69,48052.85
INV002642,MER0105,2025-04,2025-05-01,2025-05-31,2025-05-23,paid,3600.00,11616.28,1261.77,16478.05
INV002643,MER0106,2025-04,2025-05-01,2025-05-31,2025-05-14,paid,1800.00,1329.67,144.43,3274.10
INV002644,MER0107,2025-04,2025-05-01,2025-05-31,2025-05-18,paid,1800.00,2428.22,263.75,4491.97
INV002645,MER0108,2025-04,2025-05-01,2025-05-31,2025-05-26,paid,3600.00,15132.17,1643.67,20375.84
INV002646,MER0109,2025-04,2025-05-01,2025-05-31,2025-05-27,paid,1800.00,2536.98,275.57,4612.55
INV002647,MER0110,2025-04,2025-05-01,2025-05-31,2025-05-17,paid,1800.00,5468.25,593.96,7862.21
INV002648,MER0111,2025-04,2025-05-01,2025-05-31,2025-05-06,paid,1800.00,1612.47,175.15,3587.62
INV002649,MER0112,2025-04,2025-05-01,2025-05-31,2025-05-29,paid,7200.00,21166.00,2299.07,30665.07
INV002650,MER0113,2025-04,2025-05-01,2025-05-31,2025-06-23,paid,1800.00,2553.30,277.34,4630.64
INV002651,MER0114,2025-04,2025-05-01,2025-05-31,2025-05-09,paid,3600.00,7545.69,819.62,11965.31
INV002652,MER0115,2025-04,2025-05-01,2025-05-31,2025-05-26,paid,7200.00,27082.91,2941.76,37224.67
INV002653,MER0116,2025-04,2025-05-01,2025-05-31,2025-07-01,paid,3600.00,7415.17,805.44,11820.61
INV002654,MER0117,2025-04,2025-05-01,2025-05-31,2025-05-25,paid,7200.00,39525.82,4293.32,51019.14
INV002655,MER0118,2025-04,2025-05-01,2025-05-31,2025-07-12,paid,7200.00,12508.17,1358.65,21066.82
INV002656,MER0119,2025-04,2025-05-01,2025-05-31,2025-05-14,paid,1800.00,3578.42,388.69,5767.11
INV002657,MER0120,2025-04,2025-05-01,2025-05-31,2025-05-20,paid,1800.00,1367.74,148.56,3316.30
INV002658,MER0121,2025-04,2025-05-01,2025-05-31,2025-05-11,paid,1800.00,1702.20,184.89,3687.09
INV002659,MER0122,2025-04,2025-05-01,2025-05-31,2025-05-07,paid,3600.00,2904.07,315.44,6819.51
INV002660,MER0123,2025-04,2025-05-01,2025-05-31,2025-05-26,paid,1800.00,3143.36,341.43,5284.79
INV002661,MER0124,2025-04,2025-05-01,2025-05-31,2025-05-17,paid,3600.00,8842.73,960.50,13403.23
INV002662,MER0125,2025-04,2025-05-01,2025-05-31,2025-05-20,paid,3600.00,15385.05,1671.13,20656.18
INV002663,MER0126,2025-04,2025-05-01,2025-05-31,2025-06-19,paid,1800.00,1593.43,173.08,3566.51
INV002664,MER0127,2025-04,2025-05-01,2025-05-31,2025-05-22,paid,3600.00,6273.12,681.39,10554.51
INV002665,MER0128,2025-04,2025-05-01,2025-05-31,2025-05-30,paid,3600.00,2520.67,273.80,6394.47
INV002666,MER0129,2025-04,2025-05-01,2025-05-31,2025-05-05,paid,1800.00,2020.34,219.45,4039.79
INV002667,MER0130,2025-04,2025-05-01,2025-05-31,2025-05-23,paid,3600.00,5359.48,582.15,9541.63
INV002668,MER0131,2025-04,2025-05-01,2025-05-31,2025-05-22,paid,7200.00,33630.66,3652.99,44483.65
INV002669,MER0132,2025-04,2025-05-01,2025-05-31,2025-05-19,paid,1800.00,2169.90,235.70,4205.60
INV002670,MER0133,2025-04,2025-05-01,2025-05-31,2025-05-04,paid,1800.00,1452.04,157.72,3409.76
INV002671,MER0134,2025-04,2025-05-01,2025-05-31,2025-05-24,paid,7200.00,13704.60,1488.60,22393.20
INV002672,MER0135,2025-04,2025-05-01,2025-05-31,2025-05-23,paid,1800.00,2112.79,229.49,4142.28
INV002673,MER0136,2025-04,2025-05-01,2025-05-31,2025-05-16,paid,1800.00,2227.00,241.90,4268.90
INV002674,MER0137,2025-04,2025-05-01,2025-05-31,2025-06-01,paid,1800.00,1634.22,177.51,3611.73
INV002675,MER0138,2025-04,2025-05-01,2025-05-31,2025-07-11,paid,3600.00,7692.52,835.57,12128.09
INV002676,MER0139,2025-04,2025-05-01,2025-05-31,2025-05-11,paid,1800.00,2012.18,218.56,4030.74
INV002677,MER0140,2025-04,2025-05-01,2025-05-31,2025-07-01,paid,1800.00,5930.50,644.18,8374.68
INV002678,MER0141,2025-04,2025-05-01,2025-05-31,2025-05-27,paid,7200.00,7918.22,860.08,15978.30
INV002679,MER0142,2025-04,2025-05-01,2025-05-31,2025-05-16,paid,3600.00,7097.03,770.88,11467.91
INV002680,MER0143,2025-04,2025-05-01,2025-05-31,2025-05-09,paid,1800.00,4483.91,487.05,6770.96
INV002681,MER0144,2025-04,2025-05-01,2025-05-31,2025-05-09,paid,1800.00,970.74,105.44,2876.18
INV002682,MER0145,2025-04,2025-05-01,2025-05-31,2025-06-18,paid,7200.00,3959.11,430.04,11589.15
INV002683,MER0146,2025-04,2025-05-01,2025-05-31,,open,3600.00,20589.54,2236.45,26425.99
INV002684,MER0148,2025-04,2025-05-01,2025-05-31,2025-05-18,paid,3600.00,10825.01,1175.82,15600.83
INV002685,MER0149,2025-04,2025-05-01,2025-05-31,2025-05-08,paid,1800.00,2719.17,295.36,4814.53
INV002686,MER0150,2025-04,2025-05-01,2025-05-31,,open,1800.00,5914.19,642.40,8356.59
INV002687,MER0151,2025-04,2025-05-01,2025-05-31,2025-05-25,paid,7200.00,14857.53,1613.84,23671.37
INV002688,MER0154,2025-04,2025-05-01,2025-05-31,2025-05-09,paid,1800.00,6990.98,759.37,9550.35
INV002689,MER0155,2025-04,2025-05-01,2025-05-31,2025-05-08,paid,7200.00,44920.65,4879.31,56999.96
INV002690,MER0156,2025-04,2025-05-01,2025-05-31,2025-05-30,paid,7200.00,19512.75,2119.49,28832.24
INV002691,MER0157,2025-04,2025-05-01,2025-05-31,2025-05-17,paid,1800.00,6452.58,700.88,8953.46
INV002692,MER0158,2025-04,2025-05-01,2025-05-31,2025-05-10,paid,1800.00,2273.22,246.92,4320.14
INV002693,MER0159,2025-04,2025-05-01,2025-05-31,2025-05-17,paid,3600.00,3597.46,390.76,7588.22
INV002694,MER0160,2025-04,2025-05-01,2025-05-31,2025-05-22,paid,3600.00,7643.58,830.25,12073.83
INV002695,MER0161,2025-04,2025-05-01,2025-05-31,2025-05-11,paid,3600.00,9658.48,1049.11,14307.59
INV002696,MER0162,2025-04,2025-05-01,2025-05-31,2025-05-04,paid,1800.00,1441.16,156.54,3397.70
INV002697,MER0163,2025-04,2025-05-01,2025-05-31,2025-05-23,paid,1800.00,1446.60,157.13,3403.73
INV002698,MER0164,2025-04,2025-05-01,2025-05-31,2025-07-06,paid,3600.00,4870.03,528.99,8999.02
INV002699,MER0165,2025-04,2025-05-01,2025-05-31,,open,7200.00,54383.35,5907.16,67490.51
INV002700,MER0166,2025-04,2025-05-01,2025-05-31,2025-06-25,paid,1800.00,2360.24,256.37,4416.61
INV002701,MER0167,2025-04,2025-05-01,2025-05-31,2025-06-16,paid,1800.00,2762.67,300.08,4862.75
INV002702,MER0168,2025-04,2025-05-01,2025-05-31,2025-05-22,paid,1800.00,932.67,101.31,2833.98
INV002703,MER0169,2025-04,2025-05-01,2025-05-31,2025-05-18,paid,1800.00,1272.57,138.23,3210.80
INV002704,MER0170,2025-04,2025-05-01,2025-05-31,2025-05-10,paid,3600.00,6803.36,738.99,11142.35
INV002705,MER0171,2025-04,2025-05-01,2025-05-31,2025-07-05,paid,3600.00,8312.50,902.91,12815.41
INV002706,MER0173,2025-04,2025-05-01,2025-05-31,2025-05-18,paid,3600.00,13027.53,1415.06,18042.59
INV002707,MER0174,2025-04,2025-05-01,2025-05-31,2025-05-06,paid,1800.00,2145.42,233.04,4178.46
INV002708,MER0175,2025-04,2025-05-01,2025-05-31,2025-05-23,paid,7200.00,45769.03,4971.46,57940.49
INV002709,MER0176,2025-04,2025-05-01,2025-05-31,2025-07-03,paid,7200.00,24298.48,2639.32,34137.80
INV002710,MER0177,2025-04,2025-05-01,2025-05-31,2025-05-23,paid,7200.00,37959.58,4123.20,49282.78
INV002711,MER0178,2025-04,2025-05-01,2025-05-31,2025-05-05,paid,3600.00,7121.50,773.54,11495.04
INV002712,MER0179,2025-04,2025-05-01,2025-05-31,2025-05-08,paid,3600.00,17587.58,1910.37,23097.95
INV002713,MER0180,2025-04,2025-05-01,2025-05-31,2025-05-17,paid,7200.00,8331.53,904.98,16436.51
INV002714,MER0181,2025-04,2025-05-01,2025-05-31,2025-05-14,paid,3600.00,9315.87,1011.90,13927.77
INV002715,MER0182,2025-04,2025-05-01,2025-05-31,2025-05-11,paid,7200.00,20339.37,2209.28,29748.65
INV002716,MER0183,2025-04,2025-05-01,2025-05-31,2025-07-11,paid,7200.00,19926.06,2164.38,29290.44
INV002717,MER0184,2025-04,2025-05-01,2025-05-31,2025-07-14,paid,7200.00,17119.88,1859.57,26179.45
INV002718,MER0185,2025-04,2025-05-01,2025-05-31,2025-06-29,paid,3600.00,19887.99,2160.25,25648.24
INV002719,MER0186,2025-04,2025-05-01,2025-05-31,2025-05-04,paid,1800.00,957.15,103.97,2861.12
INV002720,MER0187,2025-04,2025-05-01,2025-05-31,2025-05-09,paid,3600.00,17579.42,1909.49,23088.91
INV002721,MER0188,2025-04,2025-05-01,2025-05-31,2025-05-19,paid,3600.00,6477.06,703.54,10780.60
INV002722,MER0189,2025-04,2025-05-01,2025-05-31,2025-05-19,paid,3600.00,12293.36,1335.31,17228.67
INV002723,MER0190,2025-04,2025-05-01,2025-05-31,2025-05-12,paid,3600.00,5310.53,576.83,9487.36
INV002724,MER0191,2025-04,2025-05-01,2025-05-31,2025-05-22,paid,1800.00,4097.79,445.10,6342.89
INV002725,MER0192,2025-04,2025-05-01,2025-05-31,2025-07-11,paid,3600.00,1207.31,131.14,4938.45
INV002726,MER0193,2025-04,2025-05-01,2025-05-31,2025-05-25,paid,7200.00,14009.15,1521.68,22730.83
INV002727,MER0194,2025-04,2025-05-01,2025-05-31,2025-07-13,paid,3600.00,10408.97,1130.63,15139.60
INV002728,MER0195,2025-04,2025-05-01,2025-05-31,2025-05-27,paid,3600.00,8377.76,910.00,12887.76
INV002729,MER0196,2025-04,2025-05-01,2025-05-31,2025-05-16,paid,3600.00,12081.26,1312.27,16993.53
INV002730,MER0197,2025-04,2025-05-01,2025-05-31,2025-05-27,paid,1800.00,3412.56,370.67,5583.23
INV002731,MER0198,2025-04,2025-05-01,2025-05-31,2025-05-12,paid,1800.00,2885.04,313.37,4998.41
INV002732,MER0199,2025-04,2025-05-01,2025-05-31,2025-05-08,paid,1800.00,3004.68,326.37,5131.05
INV002733,MER0200,2025-04,2025-05-01,2025-05-31,2025-05-28,paid,3600.00,14569.30,1582.53,19751.83
INV002734,MER0201,2025-04,2025-05-01,2025-05-31,2025-05-19,paid,7200.00,9701.99,1053.84,17955.83
INV002735,MER0202,2025-04,2025-05-01,2025-05-31,2025-05-20,paid,1800.00,2479.88,269.37,4549.25
INV002736,MER0203,2025-04,2025-05-01,2025-05-31,2025-05-12,paid,1800.00,2662.06,289.16,4751.22
INV002737,MER0204,2025-04,2025-05-01,2025-05-31,2025-05-13,paid,1800.00,7232.99,785.65,9818.64
INV002738,MER0205,2025-04,2025-05-01,2025-05-31,2025-06-17,paid,1800.00,2205.24,239.54,4244.78
INV002739,MER0206,2025-04,2025-05-01,2025-05-31,2025-05-05,paid,7200.00,43289.15,4702.10,55191.25
INV002740,MER0207,2025-04,2025-05-01,2025-05-31,2025-05-08,paid,3600.00,18868.30,2049.49,24517.79
INV002741,MER0208,2025-04,2025-05-01,2025-05-31,2025-05-13,paid,3600.00,17489.69,1899.74,22989.43
INV002742,MER0001,2025-05,2025-06-01,2025-07-01,2025-06-09,paid,1800.00,7270.27,789.70,9859.97
INV002743,MER0002,2025-05,2025-06-01,2025-07-01,2025-06-30,paid,3600.00,5768.99,626.63,9995.62
INV002744,MER0003,2025-05,2025-06-01,2025-07-01,2025-06-18,paid,1800.00,6530.87,709.39,9040.26
INV002745,MER0005,2025-05,2025-06-01,2025-07-01,2025-07-17,paid,7200.00,32207.36,3498.39,42905.75
INV002746,MER0006,2025-05,2025-06-01,2025-07-01,2025-06-12,paid,1800.00,1127.37,122.46,3049.83
INV002747,MER0007,2025-05,2025-06-01,2025-07-01,2025-08-14,paid,7200.00,17678.06,1920.20,26798.26
INV002748,MER0008,2025-05,2025-06-01,2025-07-01,2025-08-06,paid,1800.00,2043.89,222.01,4065.90
INV002749,MER0009,2025-05,2025-06-01,2025-07-01,2025-06-18,paid,3600.00,3289.33,357.29,7246.62
INV002750,MER0010,2025-05,2025-06-01,2025-07-01,2025-06-11,paid,3600.00,8830.60,959.19,13389.79
INV002751,MER0011,2025-05,2025-06-01,2025-07-01,,open,3600.00,7076.29,768.63,11444.92
INV002752,MER0012,2025-05,2025-06-01,2025-07-01,2025-07-21,paid,3600.00,10652.38,1157.07,15409.45
INV002753,MER0013,2025-05,2025-06-01,2025-07-01,2025-06-04,paid,7200.00,53753.91,5838.79,66792.70
INV002754,MER0014,2025-05,2025-06-01,2025-07-01,2025-06-12,paid,3600.00,20764.98,2255.51,26620.49
INV002755,MER0015,2025-05,2025-06-01,2025-07-01,2025-07-06,paid,1800.00,2499.33,271.48,4570.81
INV002756,MER0016,2025-05,2025-06-01,2025-07-01,2025-06-12,paid,3600.00,2648.34,287.66,6536.00
INV002757,MER0017,2025-05,2025-06-01,2025-07-01,2025-06-12,paid,1800.00,2018.58,219.26,4037.84
INV002758,MER0018,2025-05,2025-06-01,2025-07-01,2025-06-14,paid,3600.00,8754.69,950.94,13305.63
INV002759,MER0019,2025-05,2025-06-01,2025-07-01,2025-06-08,paid,3600.00,10880.11,1181.80,15661.91
INV002760,MER0020,2025-05,2025-06-01,2025-07-01,2025-06-21,paid,1800.00,5243.25,569.53,7612.78
INV002761,MER0021,2025-05,2025-06-01,2025-07-01,2025-06-11,paid,3600.00,12162.10,1321.06,17083.16
INV002762,MER0022,2025-05,2025-06-01,2025-07-01,,open,7200.00,27686.64,3007.34,37893.98
INV002763,MER0023,2025-05,2025-06-01,2025-07-01,2025-06-09,paid,3600.00,12634.42,1372.36,17606.78
INV002764,MER0024,2025-05,2025-06-01,2025-07-01,2025-08-10,paid,1800.00,1917.37,208.27,3925.64
INV002765,MER0025,2025-05,2025-06-01,2025-07-01,2025-06-04,paid,1800.00,3129.08,339.88,5268.96
INV002766,MER0026,2025-05,2025-06-01,2025-07-01,,open,3600.00,7017.25,762.22,11379.47
INV002767,MER0027,2025-05,2025-06-01,2025-07-01,2025-06-10,paid,7200.00,43205.55,4693.02,55098.57
INV002768,MER0028,2025-05,2025-06-01,2025-07-01,2025-07-02,paid,1800.00,3902.22,423.86,6126.08
INV002769,MER0029,2025-05,2025-06-01,2025-07-01,2025-06-18,paid,3600.00,6359.38,690.76,10650.14
INV002770,MER0030,2025-05,2025-06-01,2025-07-01,2025-08-03,paid,1800.00,2029.83,220.48,4050.31
INV002771,MER0031,2025-05,2025-06-01,2025-07-01,2025-06-05,paid,1800.00,2195.70,238.50,4234.20
INV002772,MER0032,2025-05,2025-06-01,2025-07-01,2025-06-18,paid,3600.00,3171.26,344.46,7115.72
INV002773,MER0033,2025-05,2025-06-01,2025-07-01,2025-06-05,paid,3600.00,10888.54,1182.72,15671.26
INV002774,MER0034,2025-05,2025-06-01,2025-07-01,2025-06-22,paid,1800.00,3896.60,423.25,6119.85
INV002775,MER0035,2025-05,2025-06-01,2025-07-01,2025-06-24,paid,7200.00,18015.43,1956.85,27172.28
INV002776,MER0036,2025-05,2025-06-01,2025-07-01,2025-06-07,paid,1800.00,8524.16,925.90,11250.06
INV002777,MER0037,2025-05,2025-06-01,2025-07-01,2025-06-19,paid,3600.00,3407.41,370.12,7377.53
INV002778,MER0039,2025-05,2025-06-01,2025-07-01,2025-06-07,paid,7200.00,23390.82,2540.73,33131.55
INV002779,MER0040,2025-05,2025-06-01,2025-07-01,2025-06-06,paid,3600.00,11495.80,1248.68,16344.48
INV002780,MER0041,2025-05,2025-06-01,2025-07-01,2025-06-28,paid,3600.00,10087.29,1095.69,14782.98
INV002781,MER0042,2025-05,2025-06-01,2025-07-01,2025-06-21,paid,3600.00,22553.03,2449.72,28602.75
INV002782,MER0043,2025-05,2025-06-01,2025-07-01,2025-06-05,paid,1800.00,2878.87,312.70,4991.57
INV002783,MER0044,2025-05,2025-06-01,2025-07-01,2025-06-21,paid,1800.00,1200.47,130.40,3130.87
INV002784,MER0045,2025-05,2025-06-01,2025-07-01,2025-06-09,paid,3600.00,7059.42,766.80,11426.22
INV002785,MER0046,2025-05,2025-06-01,2025-07-01,2025-08-09,paid,1800.00,2870.44,311.79,4982.23
INV002786,MER0047,2025-05,2025-06-01,2025-07-01,2025-07-28,paid,3600.00,5448.49,591.82,9640.31
INV002787,MER0049,2025-05,2025-06-01,2025-07-01,2025-08-10,paid,1800.00,863.10,93.75,2756.85
INV002788,MER0050,2025-05,2025-06-01,2025-07-01,2025-06-22,paid,3600.00,6148.52,667.86,10416.38
INV002789,MER0051,2025-05,2025-06-01,2025-07-01,2025-08-06,paid,3600.00,4874.96,529.52,9004.48
INV002790,MER0052,2025-05,2025-06-01,2025-07-01,2025-08-03,paid,1800.00,615.70,66.88,2482.58
INV002791,MER0053,2025-05,2025-06-01,2025-07-01,2025-06-24,paid,1800.00,6095.11,662.05,8557.16
INV002792,MER0054,2025-05,2025-06-01,2025-07-01,2025-06-04,paid,3600.00,8020.91,871.24,12492.15
INV002793,MER0055,2025-05,2025-06-01,2025-07-01,2025-07-21,paid,7200.00,8231.77,894.14,16325.91
INV002794,MER0056,2025-05,2025-06-01,2025-07-01,2025-06-05,paid,1800.00,6775.47,735.96,9311.43
INV002795,MER0057,2025-05,2025-06-01,2025-07-01,2025-06-05,paid,1800.00,3823.50,415.31,6038.81
INV002796,MER0058,2025-05,2025-06-01,2025-07-01,2025-06-18,paid,1800.00,6041.69,656.25,8497.94
INV002797,MER0059,2025-05,2025-06-01,2025-07-01,,open,3600.00,5127.99,557.01,9285.00
INV002798,MER0060,2025-05,2025-06-01,2025-07-01,2025-06-28,paid,7200.00,27011.90,2934.05,37145.95
INV002799,MER0061,2025-05,2025-06-01,2025-07-01,2025-06-05,paid,1800.00,3345.56,363.40,5508.96
INV002800,MER0062,2025-05,2025-06-01,2025-07-01,2025-06-20,paid,3600.00,9024.58,980.26,13604.84
INV002801,MER0063,2025-05,2025-06-01,2025-07-01,,open,3600.00,10357.19,1125.00,15082.19
INV002802,MER0064,2025-05,2025-06-01,2025-07-01,,open,1800.00,1321.36,143.53,3264.89
INV002803,MER0066,2025-05,2025-06-01,2025-07-01,2025-07-23,paid,1800.00,6252.55,679.16,8731.71
INV002804,MER0067,2025-05,2025-06-01,2025-07-01,2025-06-05,paid,7200.00,18105.40,1966.62,27272.02
INV002805,MER0068,2025-05,2025-06-01,2025-07-01,2025-07-16,paid,3600.00,13612.78,1478.63,18691.41
INV002806,MER0070,2025-05,2025-06-01,2025-07-01,2025-06-14,paid,1800.00,910.89,98.94,2809.83
INV002807,MER0071,2025-05,2025-06-01,2025-07-01,,open,7200.00,17902.97,1944.63,27047.60
INV002808,MER0072,2025-05,2025-06-01,2025-07-01,2025-06-17,paid,3600.00,6755.79,733.82,11089.61
INV002809,MER0073,2025-05,2025-06-01,2025-07-01,2025-06-29,paid,1800.00,3148.76,342.02,5290.78
INV002810,MER0074,2025-05,2025-06-01,2025-07-01,2025-06-27,paid,7200.00,15676.35,1702.78,24579.13
INV002811,MER0075,2025-05,2025-06-01,2025-07-01,2025-06-11,paid,3600.00,9243.87,1004.08,13847.95
INV002812,MER0076,2025-05,2025-06-01,2025-07-01,2025-06-21,paid,1800.00,3331.51,361.87,5493.38
INV002813,MER0077,2025-05,2025-06-01,2025-07-01,2025-06-23,paid,1800.00,4205.85,456.84,6462.69
INV002814,MER0078,2025-05,2025-06-01,2025-07-01,2025-06-20,paid,3600.00,3390.54,368.28,7358.82
INV002815,MER0079,2025-05,2025-06-01,2025-07-01,2025-06-13,paid,7200.00,54900.96,5963.38,68064.34
INV002816,MER0080,2025-05,2025-06-01,2025-07-01,2025-06-20,paid,7200.00,15451.44,1678.35,24329.79
INV002817,MER0081,2025-05,2025-06-01,2025-07-01,2025-06-29,paid,3600.00,9311.35,1011.40,13922.75
INV002818,MER0082,2025-05,2025-06-01,2025-07-01,2025-06-04,paid,3600.00,7928.14,861.16,12389.30
INV002819,MER0083,2025-05,2025-06-01,2025-07-01,,open,3600.00,5515.96,599.15,9715.11
INV002820,MER0084,2025-05,2025-06-01,2025-07-01,2025-08-12,paid,3600.00,25901.40,2813.43,32314.83
INV002821,MER0085,2025-05,2025-06-01,2025-07-01,2025-06-10,paid,1800.00,1307.30,142.00,3249.30
INV002822,MER0086,2025-05,2025-06-01,2025-07-01,2025-07-11,paid,1800.00,2375.63,258.04,4433.67
INV002823,MER0087,2025-05,2025-06-01,2025-07-01,2025-06-22,paid,7200.00,19072.52,2071.67,28344.19
INV002824,MER0088,2025-05,2025-06-01,2025-07-01,2025-06-21,paid,1800.00,2080.43,225.98,4106.41
INV002825,MER0089,2025-05,2025-06-01,2025-07-01,2025-06-11,paid,1800.00,3688.55,400.65,5889.20
INV002826,MER0090,2025-05,2025-06-01,2025-07-01,2025-06-12,paid,1800.00,4759.69,517.00,7076.69
INV002827,MER0091,2025-05,2025-06-01,2025-07-01,2025-06-22,paid,1800.00,6775.47,735.96,9311.43
INV002828,MER0093,2025-05,2025-06-01,2025-07-01,2025-06-11,paid,3600.00,4124.32,447.99,8172.31
INV002829,MER0094,2025-05,2025-06-01,2025-07-01,2025-06-20,paid,3600.00,19736.01,2143.74,25479.75
INV002830,MER0095,2025-05,2025-06-01,2025-07-01,2025-06-26,paid,1800.00,3272.47,355.46,5427.93
INV002831,MER0096,2025-05,2025-06-01,2025-07-01,2025-06-07,paid,1800.00,6505.57,706.64,9012.21
INV002832,MER0097,2025-05,2025-06-01,2025-07-01,2025-06-04,paid,1800.00,1405.70,152.69,3358.39
INV002833,MER0098,2025-05,2025-06-01,2025-07-01,2025-06-22,paid,7200.00,50627.63,5499.21,63326.84
INV002834,MER0099,2025-05,2025-06-01,2025-07-01,2025-08-11,paid,3600.00,5119.55,556.09,9275.64
INV002835,MER0100,2025-05,2025-06-01,2025-07-01,,open,1800.00,1765.56,191.78,3757.34
INV002836,MER0102,2025-05,2025-06-01,2025-07-01,2025-07-12,paid,3600.00,6907.60,750.31,11257.91
INV002837,MER0103,2025-05,2025-06-01,2025-07-01,2025-06-18,paid,1800.00,8189.60,889.56,10879.16
INV002838,MER0104,2025-05,2025-06-01,2025-07-01,2025-06-22,paid,7200.00,38100.05,4138.45,49438.50
INV002839,MER0105,2025-05,2025-06-01,2025-07-01,2025-06-05,paid,3600.00,12010.29,1304.57,16914.86
INV002840,MER0106,2025-05,2025-06-01,2025-07-01,2025-08-07,paid,1800.00,1374.77,149.33,3324.10
INV002841,MER0107,2025-05,2025-06-01,2025-07-01,2025-06-09,paid,1800.00,2510.58,272.70,4583.28
INV002842,MER0108,2025-05,2025-06-01,2025-07-01,2025-06-28,paid,3600.00,15645.42,1699.42,20944.84
INV002843,MER0109,2025-05,2025-06-01,2025-07-01,2025-06-12,paid,1800.00,2623.03,284.92,4707.95
INV002844,MER0110,2025-05,2025-06-01,2025-07-01,2025-06-14,paid,1800.00,5653.72,614.11,8067.83
INV002845,MER0111,2025-05,2025-06-01,2025-07-01,2025-06-20,paid,1800.00,1667.16,181.09,3648.25
INV002846,MER0112,2025-05,2025-06-01,2025-07-01,2025-06-28,paid,7200.00,21883.91,2377.05,31460.96
INV002847,MER0113,2025-05,2025-06-01,2025-07-01,2025-06-24,paid,1800.00,2639.90,286.75,4726.65
INV002848,MER0114,2025-05,2025-06-01,2025-07-01,2025-06-19,paid,3600.00,7801.63,847.42,12249.05
INV002849,MER0115,2025-05,2025-06-01,2025-07-01,2025-06-17,paid,7200.00,28001.51,3041.54,38243.05
INV002850,MER0116,2025-05,2025-06-01,2025-07-01,2025-06-23,paid,3600.00,7666.68,832.76,12099.44
INV002851,MER0117,2025-05,2025-06-01,2025-07-01,2025-06-29,paid,7200.00,40866.46,4438.94,52505.40
INV002852,MER0118,2025-05,2025-06-01,2025-07-01,2025-06-19,paid,7200.00,12932.43,1404.73,21537.16
INV002853,MER0119,2025-05,2025-06-01,2025-07-01,2025-06-17,paid,1800.00,3699.80,401.87,5901.67
INV002854,MER0120,2025-05,2025-06-01,2025-07-01,2025-06-04,paid,1800.00,1414.13,153.60,3367.73
INV002855,MER0121,2025-05,2025-06-01,2025-07-01,2025-07-03,paid,1800.00,1759.93,191.16,3751.09
INV002856,MER0122,2025-05,2025-06-01,2025-07-01,2025-06-16,paid,3600.00,3002.57,326.14,6928.71
INV002857,MER0123,2025-05,2025-06-01,2025-07-01,2025-06-24,paid,1800.00,3249.97,353.01,5402.98
INV002858,MER0124,2025-05,2025-06-01,2025-07-01,2025-06-06,paid,3600.00,9142.66,993.08,13735.74
INV002859,MER0125,2025-05,2025-06-01,2025-07-01,2025-06-07,paid,3600.00,15906.88,1727.82,21234.70
INV002860,MER0126,2025-05,2025-06-01,2025-07-01,2025-06-21,paid,1800.00,1647.48,178.95,3626.43
INV002861,MER0127,2025-05,2025-06-01,2025-07-01,2025-06-29,paid,3600.00,6485.89,704.50,10790.39
INV002862,MER0128,2025-05,2025-06-01,2025-07-01,2025-06-23,paid,3600.00,2606.16,283.08,6489.24
INV002863,MER0129,2025-05,2025-06-01,2025-07-01,2025-06-16,paid,1800.00,2088.87,226.89,4115.76
INV002864,MER0130,2025-05,2025-06-01,2025-07-01,2025-06-26,paid,3600.00,5541.26,601.90,9743.16
INV002865,MER0131,2025-05,2025-06-01,2025-07-01,2025-08-12,paid,7200.00,34771.36,3776.89,45748.25
INV002866,MER0132,2025-05,2025-06-01,2025-07-01,2025-07-02,paid,1800.00,2243.49,243.69,4287.18
INV002867,MER0133,2025-05,2025-06-01,2025-07-01,2025-06-28,paid,1800.00,1501.29,163.07,3464.36
INV002868,MER0134,2025-05,2025-06-01,2025-07-01,2025-06-23,paid,7200.00,14169.44,1539.09,22908.53
INV002869,MER0135,2025-05,2025-06-01,2025-07-01,2025-06-09,paid,1800.00,2184.46,237.28,4221.74
INV002870,MER0136,2025-05,2025-06-01,2025-07-01,2025-08-04,paid,1800.00,2302.53,250.10,4352.63
INV002871,MER0137,2025-05,2025-06-01,2025-07-01,2025-06-09,paid,1800.00,1689.65,183.53,3673.18
INV002872,MER0138,2025-05,2025-06-01,2025-07-01,2025-08-13,paid,3600.00,7953.44,863.91,12417.35
INV002873,MER0139,2025-05,2025-06-01,2025-07-01,2025-06-13,paid,1800.00,2080.43,225.98,4106.41
INV002874,MER0140,2025-05,2025-06-01,2025-07-01,2025-06-10,paid,1800.00,6131.66,666.02,8597.68
INV002875,MER0141,2025-05,2025-06-01,2025-07-01,2025-06-16,paid,7200.00,8186.79,889.25,16276.04
INV002876,MER0142,2025-05,2025-06-01,2025-07-01,2025-07-28,paid,3600.00,7337.75,797.03,11734.78
INV002877,MER0143,2025-05,2025-06-01,2025-07-01,2025-06-14,paid,1800.00,4635.99,503.56,6939.55
INV002878,MER0144,2025-05,2025-06-01,2025-07-01,2025-06-20,paid,1800.00,1003.67,109.02,2912.69
INV002879,MER0145,2025-05,2025-06-01,2025-07-01,2025-06-29,paid,7200.00,4093.39,444.63,11738.02
INV002880,MER0146,2025-05,2025-06-01,2025-07-01,2025-07-09,paid,3600.00,21287.90,2312.31,27200.21
INV002881,MER0148,2025-05,2025-06-01,2025-07-01,2025-06-14,paid,3600.00,11192.17,1215.70,16007.87
INV002882,MER0149,2025-05,2025-06-01,2025-07-01,2025-06-08,paid,1800.00,2811.40,305.38,4916.78
INV002883,MER0150,2025-05,2025-06-01,2025-07-01,2025-06-16,paid,1800.00,6114.79,664.19,8578.98
INV002884,MER0151,2025-05,2025-06-01,2025-07-01,2025-06-18,paid,7200.00,15361.47,1668.57,24230.04
INV002885,MER0154,2025-05,2025-06-01,2025-07-01,2025-08-08,paid,1800.00,7228.10,785.12,9813.22
INV002886,MER0155,2025-05,2025-06-01,2025-07-01,2025-06-08,paid,7200.00,46444.27,5044.81,58689.08
INV002887,MER0156,2025-05,2025-06-01,2025-07-01,2025-06-07,paid,7200.00,20174.58,2191.38,29565.96
INV002888,MER0157,2025-05,2025-06-01,2025-07-01,2025-06-12,paid,1800.00,6671.44,724.66,9196.10
INV002889,MER0158,2025-05,2025-06-01,2025-07-01,2025-06-24,paid,1800.00,2350.33,255.29,4405.62
INV002890,MER0159,2025-05,2025-06-01,2025-07-01,2025-06-21,paid,3600.00,3719.48,404.01,7723.49
INV002891,MER0160,2025-05,2025-06-01,2025-07-01,2025-06-11,paid,3600.00,7902.84,858.41,12361.25
INV002892,MER0161,2025-05,2025-06-01,2025-07-01,2025-06-24,paid,3600.00,9986.08,1084.69,14670.77
INV002893,MER0162,2025-05,2025-06-01,2025-07-01,2025-06-20,paid,1800.00,1490.04,161.85,3451.89
INV002894,MER0163,2025-05,2025-06-01,2025-07-01,2025-06-10,paid,1800.00,1495.66,162.46,3458.12
INV002895,MER0164,2025-05,2025-06-01,2025-07-01,2025-06-13,paid,3600.00,5035.21,546.93,9182.14
INV002896,MER0165,2025-05,2025-06-01,2025-07-01,2025-08-05,paid,7200.00,56227.94,6107.52,69535.46
INV002897,MER0166,2025-05,2025-06-01,2025-07-01,,open,1800.00,2440.29,265.07,4505.36
INV002898,MER0167,2025-05,2025-06-01,2025-07-01,2025-07-27,paid,1800.00,2856.38,310.26,4966.64
INV002899,MER0168,2025-05,2025-06-01,2025-07-01,2025-06-27,paid,1800.00,964.31,104.74,2869.05
INV002900,MER0169,2025-05,2025-06-01,2025-07-01,2025-06-12,paid,1800.00,1315.73,142.92,3258.65
INV002901,MER0170,2025-05,2025-06-01,2025-07-01,2025-06-04,paid,3600.00,7034.11,764.05,11398.16
INV002902,MER0171,2025-05,2025-06-01,2025-07-01,2025-07-04,paid,3600.00,8594.44,933.53,13127.97
INV002903,MER0173,2025-05,2025-06-01,2025-07-01,2025-06-20,paid,3600.00,13469.40,1463.06,18532.46
INV002904,MER0174,2025-05,2025-06-01,2025-07-01,2025-06-12,paid,1800.00,2218.19,240.94,4259.13
INV002905,MER0175,2025-05,2025-06-01,2025-07-01,2025-06-26,paid,7200.00,47321.43,5140.09,59661.52
INV002906,MER0176,2025-05,2025-06-01,2025-07-01,2025-06-08,paid,7200.00,25122.64,2728.84,35051.48
INV002907,MER0177,2025-05,2025-06-01,2025-07-01,2025-06-14,paid,7200.00,39247.10,4263.05,50710.15
INV002908,MER0178,2025-05,2025-06-01,2025-07-01,2025-06-11,paid,3600.00,7363.05,799.78,11762.83
INV002909,MER0179,2025-05,2025-06-01,2025-07-01,2025-06-26,paid,3600.00,18184.11,1975.17,23759.28
INV002910,MER0180,2025-05,2025-06-01,2025-07-01,2025-06-16,paid,7200.00,8614.12,935.67,16749.79
INV002911,MER0181,2025-05,2025-06-01,2025-07-01,2025-06-15,paid,3600.00,9631.85,1046.22,14278.07
INV002912,MER0182,2025-05,2025-06-01,2025-07-01,2025-07-22,paid,7200.00,21029.25,2284.21,30513.46
INV002913,MER0183,2025-05,2025-06-01,2025-07-01,2025-07-11,paid,7200.00,20601.92,2237.79,30039.71
INV002914,MER0184,2025-05,2025-06-01,2025-07-01,2025-06-10,paid,7200.00,17700.55,1922.65,26823.20
INV002915,MER0185,2025-05,2025-06-01,2025-07-01,2025-06-26,paid,3600.00,20562.56,2233.52,26396.08
INV002916,MER0186,2025-05,2025-06-01,2025-07-01,2025-08-04,paid,1800.00,989.61,107.49,2897.10
INV002917,MER0187,2025-05,2025-06-01,2025-07-01,2025-06-26,paid,3600.00,18175.68,1974.25,23749.93
INV002918,MER0188,2025-05,2025-06-01,2025-07-01,2025-07-29,paid,3600.00,6696.75,727.40,11024.15
INV002919,MER0189,2025-05,2025-06-01,2025-07-01,2025-06-16,paid,3600.00,12710.32,1380.60,17690.92
INV002920,MER0190,2025-05,2025-06-01,2025-07-01,2025-07-26,paid,3600.00,5490.66,596.40,9687.06
INV002921,MER0191,2025-05,2025-06-01,2025-07-01,2025-06-07,paid,1800.00,4236.77,460.20,6496.97
INV002922,MER0192,2025-05,2025-06-01,2025-07-01,2025-06-28,paid,3600.00,1248.26,135.59,4983.85
INV002923,MER0193,2025-05,2025-06-01,2025-07-01,2025-06-29,paid,7200.00,14484.32,1573.30,23257.62
INV002924,MER0194,2025-05,2025-06-01,2025-07-01,2025-06-18,paid,3600.00,10762.03,1168.98,15531.01
INV002925,MER0195,2025-05,2025-06-01,2025-07-01,2025-06-25,paid,3600.00,8661.91,940.86,13202.77
INV002926,MER0196,2025-05,2025-06-01,2025-07-01,2025-06-13,paid,3600.00,12491.04,1356.78,17447.82
INV002927,MER0197,2025-05,2025-06-01,2025-07-01,2025-08-09,paid,1800.00,3528.30,383.25,5711.55
INV002928,MER0199,2025-05,2025-06-01,2025-07-01,,open,1800.00,3106.59,337.44,5244.03
INV002929,MER0200,2025-05,2025-06-01,2025-07-01,2025-06-29,paid,3600.00,15063.46,1636.20,20299.66
INV002930,MER0201,2025-05,2025-06-01,2025-07-01,2025-08-06,paid,7200.00,10031.06,1089.58,18320.64
INV002931,MER0202,2025-05,2025-06-01,2025-07-01,2025-07-27,paid,1800.00,2563.99,278.50,4642.49
INV002932,MER0203,2025-05,2025-06-01,2025-07-01,2025-06-25,paid,1800.00,2752.36,298.96,4851.32
INV002933,MER0204,2025-05,2025-06-01,2025-07-01,2025-06-09,paid,1800.00,7478.32,812.30,10090.62
INV002934,MER0205,2025-05,2025-06-01,2025-07-01,2025-06-09,paid,1800.00,2280.04,247.66,4327.70
INV002935,MER0206,2025-05,2025-06-01,2025-07-01,2025-06-19,paid,7200.00,44757.44,4861.58,56819.02
INV002936,MER0207,2025-05,2025-06-01,2025-07-01,2025-06-13,paid,3600.00,19508.28,2119.00,25227.28
INV002937,MER0208,2025-05,2025-06-01,2025-07-01,2025-06-07,paid,3600.00,18082.90,1964.18,23647.08
INV002938,MER0209,2025-05,2025-06-01,2025-07-01,,open,1800.00,3320.26,360.65,5480.91
INV002939,MER0210,2025-05,2025-06-01,2025-07-01,2025-06-24,paid,3600.00,8358.28,907.88,12866.16
INV002940,MER0211,2025-05,2025-06-01,2025-07-01,2025-08-14,paid,3600.00,9252.31,1004.99,13857.30
INV002941,MER0212,2025-05,2025-06-01,2025-07-01,2025-06-04,paid,1800.00,1804.92,196.05,3800.97
INV002942,MER0001,2025-06,2025-07-01,2025-07-31,2025-07-23,paid,1800.00,7186.82,780.64,9767.46
INV002943,MER0002,2025-06,2025-07-01,2025-07-31,2025-07-13,paid,3600.00,5702.77,619.44,9922.21
INV002944,MER0003,2025-06,2025-07-01,2025-07-31,2025-07-07,paid,1800.00,6455.91,701.25,8957.16
INV002945,MER0005,2025-06,2025-07-01,2025-07-31,2025-07-29,paid,7200.00,31837.68,3458.23,42495.91
INV002946,MER0006,2025-06,2025-07-01,2025-07-31,2025-07-23,paid,1800.00,1114.43,121.05,3035.48
INV002947,MER0007,2025-06,2025-07-01,2025-07-31,2025-07-17,paid,7200.00,17475.15,1898.16,26573.31
INV002948,MER0008,2025-06,2025-07-01,2025-07-31,2025-07-25,paid,1800.00,2020.43,219.46,4039.89
INV002949,MER0009,2025-06,2025-07-01,2025-07-31,2025-09-08,paid,3600.00,3251.58,353.19,7204.77
INV002950,MER0010,2025-06,2025-07-01,2025-07-31,2025-07-27,paid,3600.00,8729.24,948.18,13277.42
INV002951,MER0011,2025-06,2025-07-01,2025-07-31,2025-07-13,paid,3600.00,6995.06,759.81,11354.87
INV002952,MER0012,2025-06,2025-07-01,2025-07-31,2025-07-11,paid,3600.00,10530.11,1143.79,15273.90
INV002953,MER0013,2025-06,2025-07-01,2025-07-31,2025-07-12,paid,7200.00,53136.90,5771.77,66108.67
INV002954,MER0014,2025-06,2025-07-01,2025-07-31,,open,3600.00,20526.63,2229.62,26356.25
INV002955,MER0015,2025-06,2025-07-01,2025-07-31,2025-07-23,paid,1800.00,2470.64,268.36,4539.00
INV002956,MER0016,2025-06,2025-07-01,2025-07-31,2025-09-01,paid,3600.00,2617.94,284.36,6502.30
INV002957,MER0017,2025-06,2025-07-01,2025-07-31,2025-07-25,paid,1800.00,1995.41,216.74,4012.15
INV002958,MER0018,2025-06,2025-07-01,2025-07-31,2025-07-26,paid,3600.00,8654.20,940.03,13194.23
INV002959,MER0019,2025-06,2025-07-01,2025-07-31,2025-07-21,paid,3600.00,10755.22,1168.24,15523.46
INV002960,MER0020,2025-06,2025-07-01,2025-07-31,2025-07-21,paid,1800.00,5183.07,562.99,7546.06
INV002961,MER0021,2025-06,2025-07-01,2025-07-31,2025-07-28,paid,3600.00,12022.50,1305.89,16928.39
INV002962,MER0022,2025-06,2025-07-01,2025-07-31,2025-07-17,paid,7200.00,27368.84,2972.82,37541.66
INV002963,MER0023,2025-06,2025-07-01,2025-07-31,2025-07-29,paid,3600.00,12489.40,1356.61,17446.01
INV002964,MER0024,2025-06,2025-07-01,2025-07-31,2025-07-28,paid,1800.00,1895.36,205.88,3901.24
INV002965,MER0025,2025-06,2025-07-01,2025-07-31,2025-07-08,paid,1800.00,3093.17,335.98,5229.15
INV002966,MER0026,2025-06,2025-07-01,2025-07-31,2025-07-09,paid,3600.00,6936.70,753.47,11290.17
INV002967,MER0027,2025-06,2025-07-01,2025-07-31,2025-07-10,paid,7200.00,42709.62,4639.15,54548.77
INV002968,MER0028,2025-06,2025-07-01,2025-07-31,,open,1800.00,3857.43,419.00,6076.43
INV002969,MER0029,2025-06,2025-07-01,2025-07-31,2025-07-19,paid,3600.00,6286.38,682.83,10569.21
INV002970,MER0030,2025-06,2025-07-01,2025-07-31,2025-07-05,paid,1800.00,2006.53,217.95,4024.48
INV002971,MER0031,2025-06,2025-07-01,2025-07-31,2025-07-09,paid,1800.00,2170.50,235.76,4206.26
INV002972,MER0032,2025-06,2025-07-01,2025-07-31,2025-07-24,paid,3600.00,3134.86,340.51,7075.37
INV002973,MER0033,2025-06,2025-07-01,2025-07-31,2025-09-03,paid,3600.00,10763.56,1169.14,15532.70
INV002974,MER0034,2025-06,2025-07-01,2025-07-31,2025-07-07,paid,1800.00,3851.87,418.39,6070.26
INV002975,MER0035,2025-06,2025-07-01,2025-07-31,2025-07-07,paid,7200.00,17808.64,1934.39,26943.03
INV002976,MER0036,2025-06,2025-07-01,2025-07-31,2025-07-29,paid,1800.00,8426.31,915.27,11141.58
INV002977,MER0039,2025-06,2025-07-01,2025-07-31,2025-07-10,paid,7200.00,23122.34,2511.56,32833.90
INV002978,MER0040,2025-06,2025-07-01,2025-07-31,2025-07-17,paid,3600.00,11363.85,1234.35,16198.20
INV002979,MER0041,2025-06,2025-07-01,2025-07-31,2025-07-25,paid,3600.00,9971.51,1083.11,14654.62
INV002980,MER0042,2025-06,2025-07-01,2025-07-31,2025-07-15,paid,3600.00,22294.16,2421.61,28315.77
INV002981,MER0043,2025-06,2025-07-01,2025-07-31,2025-07-21,paid,1800.00,2845.83,309.12,4954.95
INV002982,MER0044,2025-06,2025-07-01,2025-07-31,2025-07-08,paid,1800.00,1186.69,128.90,3115.59
INV002983,MER0045,2025-06,2025-07-01,2025-07-31,2025-07-05,paid,3600.00,6978.39,758.00,11336.39
INV002984,MER0046,2025-06,2025-07-01,2025-07-31,2025-08-27,paid,1800.00,2837.49,308.21,4945.70
INV002985,MER0047,2025-06,2025-07-01,2025-07-31,2025-07-04,paid,3600.00,5385.95,585.03,9570.98
INV002986,MER0049,2025-06,2025-07-01,2025-07-31,2025-07-07,paid,1800.00,853.19,92.67,2745.86
INV002987,MER0050,2025-06,2025-07-01,2025-07-31,2025-07-05,paid,3600.00,6077.95,660.19,10338.14
INV002988,MER0051,2025-06,2025-07-01,2025-07-31,2025-07-23,paid,3600.00,4819.01,523.44,8942.45
INV002989,MER0052,2025-06,2025-07-01,2025-07-31,2025-07-28,paid,1800.00,608.63,66.11,2474.74
INV002990,MER0053,2025-06,2025-07-01,2025-07-31,2025-08-15,paid,1800.00,6025.15,654.46,8479.61
INV002991,MER0054,2025-06,2025-07-01,2025-07-31,2025-08-05,paid,3600.00,7928.85,861.24,12390.09
INV002992,MER0055,2025-06,2025-07-01,2025-07-31,2025-07-18,paid,7200.00,8137.28,883.88,16221.16
INV002993,MER0056,2025-06,2025-07-01,2025-07-31,2025-07-10,paid,1800.00,6697.70,727.51,9225.21
INV002994,MER0057,2025-06,2025-07-01,2025-07-31,2025-07-28,paid,1800.00,3779.61,410.54,5990.15
INV002995,MER0058,2025-06,2025-07-01,2025-07-31,,open,1800.00,5972.34,648.72,8421.06
INV002996,MER0059,2025-06,2025-07-01,2025-07-31,2025-07-06,paid,3600.00,5069.13,550.61,9219.74
INV002997,MER0060,2025-06,2025-07-01,2025-07-31,2025-07-21,paid,7200.00,26701.85,2900.37,36802.22
INV002998,MER0061,2025-06,2025-07-01,2025-07-31,2025-07-29,paid,1800.00,3307.16,359.23,5466.39
INV002999,MER0062,2025-06,2025-07-01,2025-07-31,2025-07-26,paid,3600.00,8921.00,969.00,13490.00
INV003000,MER0063,2025-06,2025-07-01,2025-07-31,2025-07-26,paid,3600.00,10238.30,1112.09,14950.39
INV003001,MER0064,2025-06,2025-07-01,2025-07-31,2025-08-12,paid,1800.00,1306.19,141.88,3248.07
INV003002,MER0066,2025-06,2025-07-01,2025-07-31,,open,1800.00,6180.78,671.36,8652.14
INV003003,MER0067,2025-06,2025-07-01,2025-07-31,2025-07-27,paid,7200.00,17897.58,1944.05,27041.63
INV003004,MER0068,2025-06,2025-07-01,2025-07-31,2025-09-12,paid,3600.00,13456.53,1461.66,18518.19
INV003005,MER0070,2025-06,2025-07-01,2025-07-31,2025-07-21,paid,1800.00,900.44,97.81,2798.25
INV003006,MER0071,2025-06,2025-07-01,2025-07-31,2025-07-04,paid,7200.00,17697.48,1922.31,26819.79
INV003007,MER0072,2025-06,2025-07-01,2025-07-31,2025-07-18,paid,3600.00,6678.24,725.40,11003.64
INV003008,MER0073,2025-06,2025-07-01,2025-07-31,2025-07-22,paid,1800.00,3112.62,338.10,5250.72
INV003009,MER0074,2025-06,2025-07-01,2025-07-31,2025-07-04,paid,7200.00,15496.41,1683.23,24379.64
INV003010,MER0075,2025-06,2025-07-01,2025-07-31,2025-07-30,paid,3600.00,9137.77,992.55,13730.32
INV003011,MER0076,2025-06,2025-07-01,2025-07-31,2025-09-01,paid,1800.00,3293.27,357.72,5450.99
INV003012,MER0077,2025-06,2025-07-01,2025-07-31,2025-07-14,paid,1800.00,4157.57,451.60,6409.17
INV003013,MER0078,2025-06,2025-07-01,2025-07-31,2025-07-29,paid,3600.00,3351.63,364.06,7315.69
INV003014,MER0079,2025-06,2025-07-01,2025-07-31,2025-07-25,paid,7200.00,54270.79,5894.93,67365.72
INV003015,MER0080,2025-06,2025-07-01,2025-07-31,2025-09-11,paid,7200.00,15274.08,1659.08,24133.16
INV003016,MER0081,2025-06,2025-07-01,2025-07-31,2025-07-18,paid,3600.00,9204.47,999.80,13804.27
INV003017,MER0082,2025-06,2025-07-01,2025-07-31,2025-07-23,paid,3600.00,7837.14,851.28,12288.42
INV003018,MER0083,2025-06,2025-07-01,2025-07-31,2025-07-12,paid,3600.00,5452.65,592.27,9644.92
INV003019,MER0084,2025-06,2025-07-01,2025-07-31,2025-07-30,paid,3600.00,25604.10,2781.13,31985.23
INV003020,MER0085,2025-06,2025-07-01,2025-07-31,2025-08-10,paid,1800.00,1292.29,140.37,3232.66
INV003021,MER0086,2025-06,2025-07-01,2025-07-31,2025-07-08,paid,1800.00,2348.36,255.08,4403.44
INV003022,MER0087,2025-06,2025-07-01,2025-07-31,2025-08-27,paid,7200.00,18853.60,2047.89,28101.49
INV003023,MER0088,2025-06,2025-07-01,2025-07-31,2025-07-21,paid,1800.00,2056.55,223.38,4079.93
INV003024,MER0089,2025-06,2025-07-01,2025-07-31,2025-07-15,paid,1800.00,3646.21,396.05,5842.26
INV003025,MER0090,2025-06,2025-07-01,2025-07-31,2025-07-23,paid,1800.00,4705.06,511.07,7016.13
INV003026,MER0091,2025-06,2025-07-01,2025-07-31,2025-07-28,paid,1800.00,6697.70,727.51,9225.21
INV003027,MER0093,2025-06,2025-07-01,2025-07-31,2025-07-10,paid,3600.00,4076.98,442.84,8119.82
INV003028,MER0094,2025-06,2025-07-01,2025-07-31,2025-07-10,paid,3600.00,19509.47,2119.13,25228.60
INV003029,MER0095,2025-06,2025-07-01,2025-07-31,2025-07-12,paid,1800.00,3234.90,351.38,5386.28
INV003030,MER0096,2025-06,2025-07-01,2025-07-31,2025-07-27,paid,1800.00,6430.90,698.53,8929.43
INV003031,MER0097,2025-06,2025-07-01,2025-07-31,2025-07-09,paid,1800.00,1389.56,150.94,3340.50
INV003032,MER0098,2025-06,2025-07-01,2025-07-31,2025-07-11,paid,7200.00,50046.52,5436.09,62682.61
INV003033,MER0099,2025-06,2025-07-01,2025-07-31,2025-07-21,paid,3600.00,5060.79,549.71,9210.50
INV003034,MER0100,2025-06,2025-07-01,2025-07-31,2025-07-09,paid,1800.00,1745.29,189.57,3734.86
INV003035,MER0102,2025-06,2025-07-01,2025-07-31,2025-08-06,paid,3600.00,6828.31,741.70,11170.01
INV003036,MER0103,2025-06,2025-07-01,2025-07-31,2025-07-17,paid,1800.00,8095.60,879.35,10774.95
INV003037,MER0104,2025-06,2025-07-01,2025-07-31,2025-07-27,paid,7200.00,37662.73,4090.95,48953.68
INV003038,MER0105,2025-06,2025-07-01,2025-07-31,,open,3600.00,11872.43,1289.59,16762.02
INV003039,MER0106,2025-06,2025-07-01,2025-07-31,2025-07-20,paid,1800.00,1358.99,147.61,3306.60
INV003040,MER0107,2025-06,2025-07-01,2025-07-31,2025-08-29,paid,1800.00,2481.76,269.57,4551.33
INV003041,MER0108,2025-06,2025-07-01,2025-07-31,2025-08-31,paid,3600.00,15465.84,1679.91,20745.75
INV003042,MER0109,2025-06,2025-07-01,2025-07-31,2025-07-19,paid,1800.00,2592.93,281.65,4674.58
INV003043,MER0110,2025-06,2025-07-01,2025-07-31,2025-07-24,paid,1800.00,5588.82,607.06,7995.88
INV003044,MER0111,2025-06,2025-07-01,2025-07-31,2025-07-07,paid,1800.00,1648.02,179.01,3627.03
INV003045,MER0112,2025-06,2025-07-01,2025-07-31,2025-07-08,paid,7200.00,21632.72,2349.76,31182.48
INV003046,MER0113,2025-06,2025-07-01,2025-07-31,2025-07-28,paid,1800.00,2609.60,283.46,4693.06
INV003047,MER0114,2025-06,2025-07-01,2025-07-31,2025-07-14,paid,3600.00,7712.08,837.69,12149.77
INV003048,MER0115,2025-06,2025-07-01,2025-07-31,2025-07-09,paid,7200.00,27680.10,3006.63,37886.73
INV003049,MER0116,2025-06,2025-07-01,2025-07-31,2025-07-23,paid,3600.00,7578.68,823.20,12001.88
INV003050,MER0117,2025-06,2025-07-01,2025-07-31,2025-07-26,paid,7200.00,40397.39,4387.99,51985.38
INV003051,MER0118,2025-06,2025-07-01,2025-07-31,2025-07-18,paid,7200.00,12783.98,1388.60,21372.58
INV003052,MER0119,2025-06,2025-07-01,2025-07-31,2025-09-13,paid,1800.00,3657.33,397.26,5854.59
INV003053,MER0120,2025-06,2025-07-01,2025-07-31,2025-07-16,paid,1800.00,1397.90,151.84,3349.74
INV003054,MER0121,2025-06,2025-07-01,2025-07-31,2025-07-18,paid,1800.00,1739.73,188.97,3728.70
INV003055,MER0122,2025-06,2025-07-01,2025-07-31,2025-07-16,paid,3600.00,2968.11,322.40,6890.51
INV003056,MER0123,2025-06,2025-07-01,2025-07-31,2025-07-15,paid,1800.00,3212.67,348.96,5361.63
INV003057,MER0124,2025-06,2025-07-01,2025-07-31,2025-07-26,paid,3600.00,9037.72,981.68,13619.40
INV003058,MER0125,2025-06,2025-07-01,2025-07-31,2025-07-07,paid,3600.00,15724.30,1707.98,21032.28
INV003059,MER0126,2025-06,2025-07-01,2025-07-31,2025-07-12,paid,1800.00,1628.57,176.90,3605.47
INV003060,MER0127,2025-06,2025-07-01,2025-07-31,2025-07-16,paid,3600.00,6411.45,696.42,10707.87
INV003061,MER0128,2025-06,2025-07-01,2025-07-31,2025-07-08,paid,3600.00,2576.25,279.83,6456.08
INV003062,MER0129,2025-06,2025-07-01,2025-07-31,2025-07-20,paid,1800.00,2064.89,224.29,4089.18
INV003063,MER0130,2025-06,2025-07-01,2025-07-31,2025-07-04,paid,3600.00,5477.66,594.99,9672.65
INV003064,MER0131,2025-06,2025-07-01,2025-07-31,2025-07-20,paid,7200.00,34372.24,3733.54,45305.78
INV003065,MER0132,2025-06,2025-07-01,2025-07-31,2025-07-30,paid,1800.00,2217.74,240.89,4258.63
INV003066,MER0133,2025-06,2025-07-01,2025-07-31,2025-07-19,paid,1800.00,1484.05,161.20,3445.25
INV003067,MER0134,2025-06,2025-07-01,2025-07-31,2025-07-18,paid,7200.00,14006.80,1521.43,22728.23
INV003068,MER0135,2025-06,2025-07-01,2025-07-31,2025-07-06,paid,1800.00,2159.38,234.55,4193.93
INV003069,MER0136,2025-06,2025-07-01,2025-07-31,2025-07-16,paid,1800.00,2276.10,247.23,4323.33
INV003070,MER0137,2025-06,2025-07-01,2025-07-31,2025-07-16,paid,1800.00,1670.26,181.42,3651.68
INV003071,MER0138,2025-06,2025-07-01,2025-07-31,2025-07-26,paid,3600.00,7862.15,853.99,12316.14
INV003072,MER0139,2025-06,2025-07-01,2025-07-31,2025-07-27,paid,1800.00,2056.55,223.38,4079.93
INV003073,MER0140,2025-06,2025-07-01,2025-07-31,2025-07-15,paid,1800.00,6061.28,658.38,8519.66
INV003074,MER0141,2025-06,2025-07-01,2025-07-31,2025-07-07,paid,7200.00,8092.82,879.05,16171.87
INV003075,MER0142,2025-06,2025-07-01,2025-07-31,2025-07-10,paid,3600.00,7253.52,787.88,11641.40
INV003076,MER0143,2025-06,2025-07-01,2025-07-31,2025-07-25,paid,1800.00,4582.78,497.78,6880.56
INV003077,MER0144,2025-06,2025-07-01,2025-07-31,2025-07-21,paid,1800.00,992.15,107.77,2899.92
INV003078,MER0145,2025-06,2025-07-01,2025-07-31,2025-07-08,paid,7200.00,4046.41,439.52,11685.93
INV003079,MER0146,2025-06,2025-07-01,2025-07-31,2025-07-07,paid,3600.00,21043.55,2285.76,26929.31
INV003080,MER0148,2025-06,2025-07-01,2025-07-31,2025-07-12,paid,3600.00,11063.70,1201.75,15865.45
INV003081,MER0149,2025-06,2025-07-01,2025-07-31,2025-07-23,paid,1800.00,2779.13,301.87,4881.00
INV003082,MER0150,2025-06,2025-07-01,2025-07-31,2025-07-25,paid,1800.00,6044.60,656.57,8501.17
INV003083,MER0151,2025-06,2025-07-01,2025-07-31,2025-07-11,paid,7200.00,15185.15,1649.42,24034.57
INV003084,MER0154,2025-06,2025-07-01,2025-07-31,2025-07-16,paid,1800.00,7145.14,776.11,9721.25
INV003085,MER0155,2025-06,2025-07-01,2025-07-31,,open,7200.00,45911.17,4986.90,58098.07
INV003086,MER0156,2025-06,2025-07-01,2025-07-31,2025-09-04,paid,7200.00,19943.01,2166.22,29309.23
INV003087,MER0157,2025-06,2025-07-01,2025-07-31,2025-07-17,paid,1800.00,6594.87,716.34,9111.21
INV003088,MER0158,2025-06,2025-07-01,2025-07-31,2025-07-24,paid,1800.00,2323.35,252.36,4375.71
INV003089,MER0159,2025-06,2025-07-01,2025-07-31,2025-08-17,paid,3600.00,3676.78,399.37,7676.15
INV003090,MER0160,2025-06,2025-07-01,2025-07-31,,open,3600.00,7812.13,848.56,12260.69
INV003091,MER0161,2025-06,2025-07-01,2025-07-31,,open,3600.00,9871.46,1072.24,14543.70
INV003092,MER0162,2025-06,2025-07-01,2025-07-31,2025-07-21,paid,1800.00,1472.94,159.99,3432.93
INV003093,MER0163,2025-06,2025-07-01,2025-07-31,2025-07-05,paid,1800.00,1478.50,160.60,3439.10
INV003094,MER0164,2025-06,2025-07-01,2025-07-31,2025-07-25,paid,3600.00,4977.42,540.65,9118.07
INV003095,MER0165,2025-06,2025-07-01,2025-07-31,2025-07-16,paid,7200.00,55582.54,6037.41,68819.95
INV003096,MER0166,2025-06,2025-07-01,2025-07-31,2025-07-10,paid,1800.00,2412.28,262.02,4474.30
INV003097,MER0167,2025-06,2025-07-01,2025-07-31,2025-07-20,paid,1800.00,2823.59,306.70,4930.29
INV003098,MER0168,2025-06,2025-07-01,2025-07-31,2025-07-29,paid,1800.00,953.24,103.54,2856.78
INV003099,MER0169,2025-06,2025-07-01,2025-07-31,2025-07-14,paid,1800.00,1300.63,141.28,3241.91
INV003100,MER0170,2025-06,2025-07-01,2025-07-31,2025-07-25,paid,3600.00,6953.38,755.28,11308.66
INV003101,MER0171,2025-06,2025-07-01,2025-07-31,2025-07-15,paid,3600.00,8495.79,922.82,13018.61
INV003102,MER0173,2025-06,2025-07-01,2025-07-31,2025-07-07,paid,3600.00,13314.80,1446.26,18361.06
INV003103,MER0174,2025-06,2025-07-01,2025-07-31,2025-08-13,paid,1800.00,2192.73,238.18,4230.91
INV003104,MER0175,2025-06,2025-07-01,2025-07-31,2025-07-04,paid,7200.00,46778.26,5081.09,59059.35
INV003105,MER0176,2025-06,2025-07-01,2025-07-31,2025-07-10,paid,7200.00,24834.28,2697.52,34731.80
INV003106,MER0177,2025-06,2025-07-01,2025-07-31,2025-07-07,paid,7200.00,38796.61,4214.11,50210.72
INV003107,MER0178,2025-06,2025-07-01,2025-07-31,2025-07-12,paid,3600.00,7278.53,790.60,11669.13
INV003108,MER0179,2025-06,2025-07-01,2025-07-31,2025-07-04,paid,3600.00,17975.39,1952.50,23527.89
INV003109,MER0180,2025-06,2025-07-01,2025-07-31,2025-07-05,paid,7200.00,8515.24,924.93,16640.17
INV003110,MER0181,2025-06,2025-07-01,2025-07-31,2025-07-27,paid,3600.00,9521.29,1034.21,14155.50
INV003111,MER0182,2025-06,2025-07-01,2025-07-31,2025-07-24,paid,7200.00,20787.87,2257.99,30245.86
INV003112,MER0183,2025-06,2025-07-01,2025-07-31,2025-09-02,paid,7200.00,20365.44,2212.11,29777.55
INV003113,MER0184,2025-06,2025-07-01,2025-07-31,2025-07-11,paid,7200.00,17497.38,1900.58,26597.96
INV003114,MER0185,2025-06,2025-07-01,2025-07-31,2025-07-09,paid,3600.00,20326.53,2207.88,26134.41
INV003115,MER0186,2025-06,2025-07-01,2025-07-31,,open,1800.00,978.25,106.26,2884.51
INV003116,MER0187,2025-06,2025-07-01,2025-07-31,2025-07-07,paid,3600.00,17967.05,1951.59,23518.64
INV003117,MER0188,2025-06,2025-07-01,2025-07-31,2025-07-27,paid,3600.00,6619.88,719.06,10938.94
INV003118,MER0189,2025-06,2025-07-01,2025-07-31,2025-07-21,paid,3600.00,12564.43,1364.76,17529.19
INV003119,MER0190,2025-06,2025-07-01,2025-07-31,2025-07-11,paid,3600.00,5427.63,589.55,9617.18
INV003120,MER0191,2025-06,2025-07-01,2025-07-31,2025-07-12,paid,1800.00,4188.14,454.92,6443.06
INV003121,MER0192,2025-06,2025-07-01,2025-07-31,2025-07-29,paid,3600.00,1233.93,134.03,4967.96
INV003122,MER0193,2025-06,2025-07-01,2025-07-31,2025-08-03,paid,7200.00,14318.06,1555.24,23073.30
INV003123,MER0194,2025-06,2025-07-01,2025-07-31,2025-07-28,paid,3600.00,10638.50,1155.56,15394.06
INV003124,MER0195,2025-06,2025-07-01,2025-07-31,2025-07-05,paid,3600.00,8562.49,930.06,13092.55
INV003125,MER0196,2025-06,2025-07-01,2025-07-31,2025-07-16,paid,3600.00,12347.66,1341.21,17288.87
INV003126,MER0197,2025-06,2025-07-01,2025-07-31,2025-07-12,paid,1800.00,3487.80,378.85,5666.65
INV003127,MER0199,2025-06,2025-07-01,2025-07-31,2025-08-02,paid,1800.00,3070.94,333.57,5204.51
INV003128,MER0200,2025-06,2025-07-01,2025-07-31,2025-07-20,paid,3600.00,14890.56,1617.42,20107.98
INV003129,MER0201,2025-06,2025-07-01,2025-07-31,2025-07-18,paid,7200.00,9915.92,1077.07,18192.99
INV003130,MER0202,2025-06,2025-07-01,2025-07-31,2025-09-05,paid,1800.00,2534.56,275.31,4609.87
INV003131,MER0203,2025-06,2025-07-01,2025-07-31,,open,1800.00,2720.77,295.53,4816.30
INV003132,MER0204,2025-06,2025-07-01,2025-07-31,2025-07-23,paid,1800.00,7392.48,802.98,9995.46
INV003133,MER0205,2025-06,2025-07-01,2025-07-31,2025-07-11,paid,1800.00,2253.87,244.82,4298.69
INV003134,MER0206,2025-06,2025-07-01,2025-07-31,2025-07-17,paid,7200.00,44243.70,4805.78,56249.48
INV003135,MER0207,2025-06,2025-07-01,2025-07-31,2025-07-06,paid,3600.00,19284.36,2094.68,24979.04
INV003136,MER0208,2025-06,2025-07-01,2025-07-31,2025-07-11,paid,3600.00,17875.34,1941.63,23416.97
INV003137,MER0209,2025-06,2025-07-01,2025-07-31,2025-07-17,paid,1800.00,3282.15,356.51,5438.66
INV003138,MER0210,2025-06,2025-07-01,2025-07-31,2025-08-09,paid,3600.00,8262.34,897.46,12759.80
INV003139,MER0211,2025-06,2025-07-01,2025-07-31,2025-07-07,paid,3600.00,9146.11,993.46,13739.57
INV003140,MER0212,2025-06,2025-07-01,2025-07-31,2025-07-23,paid,1800.00,1784.20,193.80,3778.00
INV003141,MER0213,2025-06,2025-07-01,2025-07-31,2025-07-26,paid,3600.00,18942.53,2057.55,24600.08
INV003142,MER0214,2025-06,2025-07-01,2025-07-31,,open,3600.00,6628.22,719.96,10948.18
INV003143,MER0215,2025-06,2025-07-01,2025-07-31,2025-07-22,paid,3600.00,12239.27,1329.44,17168.71
INV003144,MER0216,2025-06,2025-07-01,2025-07-31,2025-07-22,paid,1800.00,2251.09,244.52,4295.61
INV003145,MER0217,2025-06,2025-07-01,2025-07-31,2025-07-05,paid,3600.00,8895.98,966.29,13462.27
INV003146,MER0001,2025-07,2025-08-01,2025-08-31,2025-08-07,paid,1800.00,7181.54,780.06,9761.60
INV003147,MER0002,2025-07,2025-08-01,2025-08-31,2025-08-27,paid,3600.00,5698.58,618.98,9917.56
INV003148,MER0003,2025-07,2025-08-01,2025-08-31,2025-08-25,paid,1800.00,6451.17,700.73,8951.90
INV003149,MER0005,2025-07,2025-08-01,2025-08-31,2025-08-28,paid,7200.00,31814.28,3455.69,42469.97
INV003150,MER0006,2025-07,2025-08-01,2025-08-31,2025-08-16,paid,1800.00,1113.61,120.96,3034.57
INV003151,MER0007,2025-07,2025-08-01,2025-08-31,2025-08-22,paid,7200.00,17462.31,1896.77,26559.08
INV003152,MER0008,2025-07,2025-08-01,2025-08-31,2025-08-04,paid,1800.00,2018.94,219.30,4038.24
INV003153,MER0009,2025-07,2025-08-01,2025-08-31,2025-08-22,paid,3600.00,3249.19,352.93,7202.12
INV003154,MER0010,2025-07,2025-08-01,2025-08-31,2025-10-01,paid,3600.00,8722.82,947.48,13270.30
INV003155,MER0011,2025-07,2025-08-01,2025-08-31,2025-08-08,paid,3600.00,6989.92,759.25,11349.17
INV003156,MER0012,2025-07,2025-08-01,2025-08-31,2025-08-13,paid,3600.00,10522.37,1142.95,15265.32
INV003157,MER0013,2025-07,2025-08-01,2025-08-31,2025-08-07,paid,7200.00,53097.85,5767.53,66065.38
INV003158,MER0014,2025-07,2025-08-01,2025-08-31,2025-08-14,paid,3600.00,20511.54,2227.98,26339.52
INV003159,MER0015,2025-07,2025-08-01,2025-08-31,2025-08-09,paid,1800.00,2468.83,268.17,4537.00
INV003160,MER0016,2025-07,2025-08-01,2025-08-31,2025-08-13,paid,3600.00,2616.01,284.15,6500.16
INV003161,MER0017,2025-07,2025-08-01,2025-08-31,2025-10-01,paid,1800.00,1993.95,216.58,4010.53
INV003162,MER0018,2025-07,2025-08-01,2025-08-31,2025-08-21,paid,3600.00,8647.84,939.33,13187.17
INV003163,MER0019,2025-07,2025-08-01,2025-08-31,2025-09-11,paid,3600.00,10747.32,1167.38,15514.70
INV003164,MER0020,2025-07,2025-08-01,2025-08-31,2025-08-23,paid,1800.00,5179.26,562.58,7541.84
INV003165,MER0021,2025-07,2025-08-01,2025-08-31,2025-08-12,paid,3600.00,12013.67,1304.93,16918.60
INV003166,MER0022,2025-07,2025-08-01,2025-08-31,2025-08-30,paid,7200.00,27348.73,2970.64,37519.37
INV003167,MER0023,2025-07,2025-08-01,2025-08-31,2025-08-09,paid,3600.00,12480.22,1355.61,17435.83
INV003168,MER0024,2025-07,2025-08-01,2025-08-31,2025-08-05,paid,1800.00,1893.97,205.72,3899.69
INV003169,MER0025,2025-07,2025-08-01,2025-08-31,2025-08-29,paid,1800.00,3090.90,335.74,5226.64
INV003170,MER0026,2025-07,2025-08-01,2025-08-31,2025-08-13,paid,3600.00,6931.60,752.92,11284.52
INV003171,MER0027,2025-07,2025-08-01,2025-08-31,2025-08-19,paid,7200.00,42678.23,4635.74,54513.97
INV003172,MER0028,2025-07,2025-08-01,2025-08-31,2025-08-23,paid,1800.00,3854.59,418.69,6073.28
INV003173,MER0029,2025-07,2025-08-01,2025-08-31,2025-09-05,paid,3600.00,6281.76,682.33,10564.09
INV003174,MER0030,2025-07,2025-08-01,2025-08-31,2025-08-13,paid,1800.00,2005.06,217.79,4022.85
INV003175,MER0031,2025-07,2025-08-01,2025-08-31,2025-08-19,paid,1800.00,2168.90,235.59,4204.49
INV003176,MER0032,2025-07,2025-08-01,2025-08-31,2025-08-23,paid,3600.00,3132.55,340.26,7072.81
INV003177,MER0033,2025-07,2025-08-01,2025-08-31,2025-08-18,paid,3600.00,10755.65,1168.29,15523.94
INV003178,MER0034,2025-07,2025-08-01,2025-08-31,2025-09-03,paid,1800.00,3849.04,418.09,6067.13
INV003179,MER0035,2025-07,2025-08-01,2025-08-31,2025-08-07,paid,7200.00,17795.56,1932.97,26928.53
INV003180,MER0036,2025-07,2025-08-01,2025-08-31,2025-08-07,paid,1800.00,8420.12,914.60,11134.72
INV003181,MER0039,2025-07,2025-08-01,2025-08-31,2025-09-04,paid,7200.00,23105.34,2509.72,32815.06
INV003182,MER0040,2025-07,2025-08-01,2025-08-31,2025-08-11,paid,3600.00,11355.50,1233.44,16188.94
INV003183,MER0041,2025-07,2025-08-01,2025-08-31,2025-08-26,paid,3600.00,9964.18,1082.32,14646.50
INV003184,MER0042,2025-07,2025-08-01,2025-08-31,2025-08-16,paid,3600.00,22277.77,2419.83,28297.60
INV003185,MER0043,2025-07,2025-08-01,2025-08-31,2025-08-12,paid,1800.00,2843.73,308.89,4952.62
INV003186,MER0044,2025-07,2025-08-01,2025-08-31,2025-09-14,paid,1800.00,1185.82,128.80,3114.62
INV003187,MER0045,2025-07,2025-08-01,2025-08-31,2025-08-17,paid,3600.00,6973.26,757.44,11330.70
INV003188,MER0046,2025-07,2025-08-01,2025-08-31,2025-08-20,paid,1800.00,2835.40,307.98,4943.38
INV003189,MER0047,2025-07,2025-08-01,2025-08-31,2025-08-04,paid,3600.00,5381.99,584.60,9566.59
INV003190,MER0049,2025-07,2025-08-01,2025-08-31,2025-08-10,paid,1800.00,852.57,92.61,2745.18
INV003191,MER0050,2025-07,2025-08-01,2025-08-31,2025-08-16,paid,3600.00,6073.48,659.71,10333.19
INV003192,MER0051,2025-07,2025-08-01,2025-08-31,2025-08-29,paid,3600.00,4815.46,523.06,8938.52
INV003193,MER0052,2025-07,2025-08-01,2025-08-31,2025-09-06,paid,1800.00,608.18,66.06,2474.24
INV003194,MER0053,2025-07,2025-08-01,2025-08-31,2025-08-13,paid,1800.00,6020.72,653.97,8474.69
INV003195,MER0054,2025-07,2025-08-01,2025-08-31,2025-08-26,paid,3600.00,7923.02,860.60,12383.62
INV003196,MER0055,2025-07,2025-08-01,2025-08-31,2025-08-27,paid,7200.00,8131.30,883.23,16214.53
INV003197,MER0056,2025-07,2025-08-01,2025-08-31,2025-08-13,paid,1800.00,6692.77,726.97,9219.74
INV003198,MER0057,2025-07,2025-08-01,2025-08-31,2025-10-02,paid,1800.00,3776.83,410.24,5987.07
INV003199,MER0058,2025-07,2025-08-01,2025-08-31,2025-08-22,paid,1800.00,5967.95,648.24,8416.19
INV003200,MER0059,2025-07,2025-08-01,2025-08-31,2025-08-20,paid,3600.00,5065.40,550.21,9215.61
INV003201,MER0060,2025-07,2025-08-01,2025-08-31,2025-10-01,paid,7200.00,26682.23,2898.24,36780.47
INV003202,MER0061,2025-07,2025-08-01,2025-08-31,2025-08-16,paid,1800.00,3304.73,358.96,5463.69
INV003203,MER0062,2025-07,2025-08-01,2025-08-31,2025-08-17,paid,3600.00,8914.44,968.29,13482.73
INV003204,MER0063,2025-07,2025-08-01,2025-08-31,,open,3600.00,10230.78,1111.27,14942.05
INV003205,MER0064,2025-07,2025-08-01,2025-08-31,2025-08-12,paid,1800.00,1305.23,141.77,3247.00
INV003206,MER0066,2025-07,2025-08-01,2025-08-31,2025-09-20,paid,1800.00,6176.24,670.87,8647.11
INV003207,MER0067,2025-07,2025-08-01,2025-08-31,,open,7200.00,17884.42,1942.62,27027.04
INV003208,MER0068,2025-07,2025-08-01,2025-08-31,2025-10-07,paid,3600.00,13446.64,1460.58,18507.22
INV003209,MER0070,2025-07,2025-08-01,2025-08-31,2025-08-22,paid,1800.00,899.78,97.73,2797.51
INV003210,MER0071,2025-07,2025-08-01,2025-08-31,2025-08-15,paid,7200.00,17684.47,1920.90,26805.37
INV003211,MER0072,2025-07,2025-08-01,2025-08-31,2025-08-18,paid,3600.00,6673.33,724.86,10998.19
INV003212,MER0073,2025-07,2025-08-01,2025-08-31,2025-08-30,paid,1800.00,3110.33,337.85,5248.18
INV003213,MER0074,2025-07,2025-08-01,2025-08-31,2025-08-17,paid,7200.00,15485.02,1681.99,24367.01
INV003214,MER0075,2025-07,2025-08-01,2025-08-31,2025-08-06,paid,3600.00,9131.05,991.82,13722.87
INV003215,MER0076,2025-07,2025-08-01,2025-08-31,2025-08-27,paid,1800.00,3290.85,357.45,5448.30
INV003216,MER0077,2025-07,2025-08-01,2025-08-31,2025-09-28,paid,1800.00,4154.52,451.27,6405.79
INV003217,MER0078,2025-07,2025-08-01,2025-08-31,2025-08-27,paid,3600.00,3349.16,363.79,7312.95
INV003218,MER0079,2025-07,2025-08-01,2025-08-31,2025-08-25,paid,7200.00,54230.90,5890.60,67321.50
INV003219,MER0080,2025-07,2025-08-01,2025-08-31,2025-10-13,paid,7200.00,15262.86,1657.86,24120.72
INV003220,MER0081,2025-07,2025-08-01,2025-08-31,2025-08-15,paid,3600.00,9197.70,999.06,13796.76
INV003221,MER0082,2025-07,2025-08-01,2025-08-31,2025-08-04,paid,3600.00,7831.38,850.65,12282.03
INV003222,MER0083,2025-07,2025-08-01,2025-08-31,,open,3600.00,5448.64,591.83,9640.47
INV003223,MER0084,2025-07,2025-08-01,2025-08-31,2025-08-08,paid,3600.00,25585.28,2779.09,31964.37
INV003224,MER0085,2025-07,2025-08-01,2025-08-31,2025-08-08,paid,1800.00,1291.34,140.27,3231.61
INV003225,MER0086,2025-07,2025-08-01,2025-08-31,2025-08-19,paid,1800.00,2346.64,254.89,4401.53
INV003226,MER0087,2025-07,2025-08-01,2025-08-31,2025-08-15,paid,7200.00,18839.74,2046.39,28086.13
INV003227,MER0088,2025-07,2025-08-01,2025-08-31,2025-08-30,paid,1800.00,2055.04,223.22,4078.26
INV003228,MER0089,2025-07,2025-08-01,2025-08-31,2025-08-24,paid,1800.00,3643.53,395.76,5839.29
INV003229,MER0090,2025-07,2025-08-01,2025-08-31,2025-08-16,paid,1800.00,4701.60,510.69,7012.29
INV003230,MER0091,2025-07,2025-08-01,2025-08-31,2025-08-14,paid,1800.00,6692.77,726.97,9219.74
INV003231,MER0093,2025-07,2025-08-01,2025-08-31,2025-08-06,paid,3600.00,4073.98,442.52,8116.50
INV003232,MER0094,2025-07,2025-08-01,2025-08-31,,open,3600.00,19495.13,2117.57,25212.70
INV003233,MER0095,2025-07,2025-08-01,2025-08-31,2025-08-24,paid,1800.00,3232.53,351.12,5383.65
INV003234,MER0096,2025-07,2025-08-01,2025-08-31,2025-09-11,paid,1800.00,6426.17,698.02,8924.19
INV003235,MER0097,2025-07,2025-08-01,2025-08-31,2025-08-21,paid,1800.00,1388.54,150.82,3339.36
INV003236,MER0098,2025-07,2025-08-01,2025-08-31,2025-08-09,paid,7200.00,50009.73,5432.09,62641.82
INV003237,MER0099,2025-07,2025-08-01,2025-08-31,2025-08-21,paid,3600.00,5057.07,549.30,9206.37
INV003238,MER0100,2025-07,2025-08-01,2025-08-31,,open,1800.00,1744.01,189.44,3733.45
INV003239,MER0102,2025-07,2025-08-01,2025-08-31,2025-08-30,paid,3600.00,6823.30,741.15,11164.45
INV003240,MER0103,2025-07,2025-08-01,2025-08-31,2025-08-16,paid,1800.00,8089.65,878.70,10768.35
INV003241,MER0104,2025-07,2025-08-01,2025-08-31,2025-09-25,paid,7200.00,37635.05,4087.94,48922.99
INV003242,MER0105,2025-07,2025-08-01,2025-08-31,2025-09-19,paid,3600.00,11863.70,1288.64,16752.34
INV003243,MER0106,2025-07,2025-08-01,2025-08-31,2025-08-22,paid,1800.00,1357.99,147.51,3305.50
INV003244,MER0107,2025-07,2025-08-01,2025-08-31,2025-08-27,paid,1800.00,2479.94,269.37,4549.31
INV003245,MER0108,2025-07,2025-08-01,2025-08-31,2025-09-26,paid,3600.00,15454.47,1678.68,20733.15
INV003246,MER0109,2025-07,2025-08-01,2025-08-31,2025-10-08,paid,1800.00,2591.02,281.44,4672.46
INV003247,MER0110,2025-07,2025-08-01,2025-08-31,2025-09-18,paid,1800.00,5584.72,606.62,7991.34
INV003248,MER0111,2025-07,2025-08-01,2025-08-31,2025-08-05,paid,1800.00,1646.81,178.88,3625.69
INV003249,MER0112,2025-07,2025-08-01,2025-08-31,2025-08-13,paid,7200.00,21616.82,2348.03,31164.85
INV003250,MER0113,2025-07,2025-08-01,2025-08-31,2025-08-18,paid,1800.00,2607.68,283.25,4690.93
INV003251,MER0114,2025-07,2025-08-01,2025-08-31,2025-08-05,paid,3600.00,7706.41,837.08,12143.49
INV003252,MER0115,2025-07,2025-08-01,2025-08-31,2025-08-22,paid,7200.00,27659.76,3004.42,37864.18
INV003253,MER0116,2025-07,2025-08-01,2025-08-31,2025-08-21,paid,3600.00,7573.11,822.60,11995.71
INV003254,MER0117,2025-07,2025-08-01,2025-08-31,2025-09-27,paid,7200.00,40367.70,4384.77,51952.47
INV003255,MER0118,2025-07,2025-08-01,2025-08-31,2025-08-25,paid,7200.00,12774.59,1387.58,21362.17
INV003256,MER0119,2025-07,2025-08-01,2025-08-31,2025-08-23,paid,1800.00,3654.64,396.97,5851.61
INV003257,MER0120,2025-07,2025-08-01,2025-08-31,2025-10-05,paid,1800.00,1396.87,151.73,3348.60
INV003258,MER0121,2025-07,2025-08-01,2025-08-31,2025-09-24,paid,1800.00,1738.45,188.83,3727.28
INV003259,MER0122,2025-07,2025-08-01,2025-08-31,2025-09-04,paid,3600.00,2965.93,322.16,6888.09
INV003260,MER0123,2025-07,2025-08-01,2025-08-31,2025-08-11,paid,1800.00,3210.31,348.71,5359.02
INV003261,MER0124,2025-07,2025-08-01,2025-08-31,2025-08-20,paid,3600.00,9031.08,980.96,13612.04
INV003262,MER0125,2025-07,2025-08-01,2025-08-31,,open,3600.00,15712.74,1706.73,21019.47
INV003263,MER0126,2025-07,2025-08-01,2025-08-31,2025-08-23,paid,1800.00,1627.37,176.77,3604.14
INV003264,MER0127,2025-07,2025-08-01,2025-08-31,2025-08-26,paid,3600.00,6406.73,695.90,10702.63
INV003265,MER0129,2025-07,2025-08-01,2025-08-31,2025-08-12,paid,1800.00,2063.37,224.13,4087.50
INV003266,MER0130,2025-07,2025-08-01,2025-08-31,,open,3600.00,5473.63,594.55,9668.18
INV003267,MER0131,2025-07,2025-08-01,2025-08-31,2025-08-25,paid,7200.00,34346.98,3730.79,45277.77
INV003268,MER0132,2025-07,2025-08-01,2025-08-31,2025-08-11,paid,1800.00,2216.11,240.72,4256.83
INV003269,MER0133,2025-07,2025-08-01,2025-08-31,2025-08-18,paid,1800.00,1482.96,161.08,3444.04
INV003270,MER0134,2025-07,2025-08-01,2025-08-31,2025-08-29,paid,7200.00,13996.50,1520.31,22716.81
INV003271,MER0135,2025-07,2025-08-01,2025-08-31,2025-08-08,paid,1800.00,2157.79,234.38,4192.17
INV003272,MER0136,2025-07,2025-08-01,2025-08-31,2025-08-06,paid,1800.00,2274.43,247.05,4321.48
INV003273,MER0137,2025-07,2025-08-01,2025-08-31,2025-08-30,paid,1800.00,1669.03,181.29,3650.32
INV003274,MER0138,2025-07,2025-08-01,2025-08-31,2025-09-22,paid,3600.00,7856.37,853.36,12309.73
INV003275,MER0139,2025-07,2025-08-01,2025-08-31,2025-08-19,paid,1800.00,2055.04,223.22,4078.26
INV003276,MER0140,2025-07,2025-08-01,2025-08-31,2025-08-19,paid,1800.00,6056.82,657.90,8514.72
INV003277,MER0141,2025-07,2025-08-01,2025-08-31,2025-08-25,paid,7200.00,8086.87,878.40,16165.27
INV003278,MER0142,2025-07,2025-08-01,2025-08-31,2025-08-28,paid,3600.00,7248.19,787.30,11635.49
INV003279,MER0143,2025-07,2025-08-01,2025-08-31,2025-08-25,paid,1800.00,4579.41,497.42,6876.83
INV003280,MER0144,2025-07,2025-08-01,2025-08-31,2025-08-17,paid,1800.00,991.42,107.69,2899.11
INV003281,MER0145,2025-07,2025-08-01,2025-08-31,2025-08-20,paid,7200.00,4043.43,439.20,11682.63
INV003282,MER0146,2025-07,2025-08-01,2025-08-31,2025-08-23,paid,3600.00,21028.08,2284.08,26912.16
INV003283,MER0148,2025-07,2025-08-01,2025-08-31,2025-10-04,paid,3600.00,11055.57,1200.86,15856.43
INV003284,MER0149,2025-07,2025-08-01,2025-08-31,2025-08-29,paid,1800.00,2777.08,301.65,4878.73
INV003285,MER0150,2025-07,2025-08-01,2025-08-31,2025-08-08,paid,1800.00,6040.16,656.09,8496.25
INV003286,MER0151,2025-07,2025-08-01,2025-08-31,2025-08-26,paid,7200.00,15173.99,1648.21,24022.20
INV003287,MER0154,2025-07,2025-08-01,2025-08-31,,open,1800.00,7139.88,775.54,9715.42
INV003288,MER0155,2025-07,2025-08-01,2025-08-31,2025-08-12,paid,7200.00,45877.43,4983.24,58060.67
INV003289,MER0156,2025-07,2025-08-01,2025-08-31,2025-09-12,paid,7200.00,19928.36,2164.63,29292.99
INV003290,MER0157,2025-07,2025-08-01,2025-08-31,2025-08-04,paid,1800.00,6590.02,715.81,9105.83
INV003291,MER0158,2025-07,2025-08-01,2025-08-31,2025-08-19,paid,1800.00,2321.64,252.18,4373.82
INV003292,MER0159,2025-07,2025-08-01,2025-08-31,2025-08-13,paid,3600.00,3674.08,399.08,7673.16
INV003293,MER0160,2025-07,2025-08-01,2025-08-31,2025-08-04,paid,3600.00,7806.38,847.93,12254.31
INV003294,MER0161,2025-07,2025-08-01,2025-08-31,2025-09-04,paid,3600.00,9864.20,1071.46,14535.66
INV003295,MER0162,2025-07,2025-08-01,2025-08-31,2025-08-24,paid,1800.00,1471.85,159.87,3431.72
INV003296,MER0163,2025-07,2025-08-01,2025-08-31,2025-08-26,paid,1800.00,1477.41,160.48,3437.89
INV003297,MER0164,2025-07,2025-08-01,2025-08-31,2025-08-12,paid,3600.00,4973.76,540.25,9114.01
INV003298,MER0165,2025-07,2025-08-01,2025-08-31,2025-10-12,paid,7200.00,55541.68,6032.98,68774.66
INV003299,MER0166,2025-07,2025-08-01,2025-08-31,2025-08-09,paid,1800.00,2410.51,261.83,4472.34
INV003300,MER0167,2025-07,2025-08-01,2025-08-31,2025-08-15,paid,1800.00,2821.52,306.48,4928.00
INV003301,MER0168,2025-07,2025-08-01,2025-08-31,2025-08-25,paid,1800.00,952.54,103.47,2856.01
INV003302,MER0169,2025-07,2025-08-01,2025-08-31,2025-08-23,paid,1800.00,1299.68,141.17,3240.85
INV003303,MER0170,2025-07,2025-08-01,2025-08-31,2025-08-09,paid,3600.00,6948.26,754.73,11302.99
INV003304,MER0171,2025-07,2025-08-01,2025-08-31,2025-08-15,paid,3600.00,8489.55,922.14,13011.69
INV003305,MER0173,2025-07,2025-08-01,2025-08-31,2025-09-03,paid,3600.00,13305.01,1445.20,18350.21
INV003306,MER0174,2025-07,2025-08-01,2025-08-31,2025-08-15,paid,1800.00,2191.12,238.00,4229.12
INV003307,MER0175,2025-07,2025-08-01,2025-08-31,2025-08-22,paid,7200.00,46743.88,5077.35,59021.23
INV003308,MER0176,2025-07,2025-08-01,2025-08-31,2025-08-25,paid,7200.00,24816.02,2695.53,34711.55
INV003309,MER0177,2025-07,2025-08-01,2025-08-31,2025-08-22,paid,7200.00,38768.10,4211.02,50179.12
INV003310,MER0178,2025-07,2025-08-01,2025-08-31,2025-08-15,paid,3600.00,7273.18,790.02,11663.20
INV003311,MER0179,2025-07,2025-08-01,2025-08-31,2025-08-30,paid,3600.00,17962.18,1951.06,23513.24
INV003312,MER0180,2025-07,2025-08-01,2025-08-31,2025-08-21,paid,7200.00,8508.99,924.25,16633.24
INV003313,MER0181,2025-07,2025-08-01,2025-08-31,2025-08-25,paid,3600.00,9514.29,1033.45,14147.74
INV003314,MER0182,2025-07,2025-08-01,2025-08-31,2025-08-14,paid,7200.00,20772.59,2256.33,30228.92
INV003315,MER0183,2025-07,2025-08-01,2025-08-31,2025-08-25,paid,7200.00,20350.47,2210.48,29760.95
INV003316,MER0184,2025-07,2025-08-01,2025-08-31,2025-10-05,paid,7200.00,17484.52,1899.18,26583.70
INV003317,MER0185,2025-07,2025-08-01,2025-08-31,2025-08-25,paid,3600.00,20311.59,2206.26,26117.85
INV003318,MER0186,2025-07,2025-08-01,2025-08-31,2025-08-28,paid,1800.00,977.53,106.18,2883.71
INV003319,MER0187,2025-07,2025-08-01,2025-08-31,2025-08-22,paid,3600.00,17953.85,1950.16,23504.01
INV003320,MER0188,2025-07,2025-08-01,2025-08-31,2025-08-06,paid,3600.00,6615.01,718.53,10933.54
INV003321,MER0189,2025-07,2025-08-01,2025-08-31,2025-08-12,paid,3600.00,12555.20,1363.75,17518.95
INV003322,MER0190,2025-07,2025-08-01,2025-08-31,2025-08-23,paid,3600.00,5423.65,589.12,9612.77
INV003323,MER0191,2025-07,2025-08-01,2025-08-31,2025-09-30,paid,1800.00,4185.07,454.58,6439.65
INV003324,MER0192,2025-07,2025-08-01,2025-08-31,2025-09-27,paid,3600.00,1233.03,133.93,4966.96
INV003325,MER0193,2025-07,2025-08-01,2025-08-31,2025-08-06,paid,7200.00,14307.54,1554.09,23061.63
INV003326,MER0194,2025-07,2025-08-01,2025-08-31,2025-08-26,paid,3600.00,10630.68,1154.71,15385.39
INV003327,MER0195,2025-07,2025-08-01,2025-08-31,2025-08-11,paid,3600.00,8556.20,929.38,13085.58
INV003328,MER0196,2025-07,2025-08-01,2025-08-31,2025-08-14,paid,3600.00,12338.59,1340.23,17278.82
INV003329,MER0197,2025-07,2025-08-01,2025-08-31,2025-08-26,paid,1800.00,3485.24,378.57,5663.81
INV003330,MER0199,2025-07,2025-08-01,2025-08-31,2025-08-12,paid,1800.00,3068.68,333.32,5202.00
INV003331,MER0200,2025-07,2025-08-01,2025-08-31,2025-08-08,paid,3600.00,14879.62,1616.23,20095.85
INV003332,MER0201,2025-07,2025-08-01,2025-08-31,2025-08-12,paid,7200.00,9908.64,1076.28,18184.92
INV003333,MER0202,2025-07,2025-08-01,2025-08-31,2025-09-20,paid,1800.00,2532.70,275.10,4607.80
INV003334,MER0203,2025-07,2025-08-01,2025-08-31,2025-08-20,paid,1800.00,2718.77,295.31,4814.08
INV003335,MER0204,2025-07,2025-08-01,2025-08-31,2025-08-26,paid,1800.00,7387.04,802.39,9989.43
INV003336,MER0205,2025-07,2025-08-01,2025-08-31,2025-08-12,paid,1800.00,2252.22,244.64,4296.86
INV003337,MER0206,2025-07,2025-08-01,2025-08-31,2025-09-19,paid,7200.00,44211.18,4802.25,56213.43
INV003338,MER0207,2025-07,2025-08-01,2025-08-31,2025-08-17,paid,3600.00,19270.19,2093.14,24963.33
INV003339,MER0208,2025-07,2025-08-01,2025-08-31,2025-08-11,paid,3600.00,17862.21,1940.21,23402.42
INV003340,MER0209,2025-07,2025-08-01,2025-08-31,2025-08-11,paid,1800.00,3279.74,356.25,5435.99
INV003341,MER0210,2025-07,2025-08-01,2025-08-31,2025-08-27,paid,3600.00,8256.27,896.80,12753.07
INV003342,MER0211,2025-07,2025-08-01,2025-08-31,2025-08-24,paid,3600.00,9139.38,992.73,13732.11
INV003343,MER0212,2025-07,2025-08-01,2025-08-31,2025-08-14,paid,1800.00,1782.89,193.66,3776.55
INV003344,MER0213,2025-07,2025-08-01,2025-08-31,2025-09-07,paid,3600.00,18928.61,2056.04,24584.65
INV003345,MER0214,2025-07,2025-08-01,2025-08-31,,open,3600.00,6623.35,719.43,10942.78
INV003346,MER0215,2025-07,2025-08-01,2025-08-31,2025-08-21,paid,3600.00,12230.28,1328.46,17158.74
INV003347,MER0216,2025-07,2025-08-01,2025-08-31,2025-08-22,paid,1800.00,2249.44,244.34,4293.78
INV003348,MER0217,2025-07,2025-08-01,2025-08-31,2025-08-22,paid,3600.00,8889.45,965.58,13455.03
INV003349,MER0218,2025-07,2025-08-01,2025-08-31,2025-08-29,paid,1800.00,6687.22,726.37,9213.59
INV003350,MER0219,2025-07,2025-08-01,2025-08-31,2025-08-29,paid,1800.00,3882.36,421.71,6104.07
INV003351,MER0220,2025-07,2025-08-01,2025-08-31,2025-08-22,paid,3600.00,10980.59,1192.72,15773.31
INV003352,MER0221,2025-07,2025-08-01,2025-08-31,2025-08-18,paid,3600.00,5198.70,564.69,9363.39
INV003353,MER0001,2025-08,2025-09-01,2025-10-01,2025-09-07,paid,1800.00,7066.14,767.53,9633.67
INV003354,MER0002,2025-08,2025-09-01,2025-10-01,2025-09-29,paid,3600.00,5607.01,609.04,9816.05
INV003355,MER0003,2025-08,2025-09-01,2025-10-01,2025-09-19,paid,1800.00,6347.51,689.47,8836.98
INV003356,MER0005,2025-08,2025-09-01,2025-10-01,2025-09-16,paid,7200.00,31303.07,3400.16,41903.23
INV003357,MER0006,2025-08,2025-09-01,2025-10-01,2025-09-27,paid,1800.00,1095.72,119.02,3014.74
INV003358,MER0007,2025-08,2025-09-01,2025-10-01,2025-09-18,paid,7200.00,17181.71,1866.29,26248.00
INV003359,MER0008,2025-08,2025-09-01,2025-10-01,2025-09-14,paid,1800.00,1986.50,215.78,4002.28
INV003360,MER0009,2025-08,2025-09-01,2025-10-01,2025-09-04,paid,3600.00,3196.98,347.26,7144.24
INV003361,MER0010,2025-08,2025-09-01,2025-10-01,2025-09-18,paid,3600.00,8582.66,932.25,13114.91
INV003362,MER0011,2025-08,2025-09-01,2025-10-01,2025-09-09,paid,3600.00,6877.60,747.05,11224.65
INV003363,MER0012,2025-08,2025-09-01,2025-10-01,2025-09-12,paid,3600.00,10353.29,1124.58,15077.87
INV003364,MER0013,2025-08,2025-09-01,2025-10-01,2025-09-22,paid,7200.00,52244.65,5674.85,65119.50
INV003365,MER0014,2025-08,2025-09-01,2025-10-01,2025-09-08,paid,3600.00,20181.95,2192.18,25974.13
INV003366,MER0015,2025-08,2025-09-01,2025-10-01,2025-09-08,paid,1800.00,2429.16,263.86,4493.02
INV003367,MER0016,2025-08,2025-09-01,2025-10-01,2025-09-04,paid,3600.00,2573.98,279.59,6453.57
INV003368,MER0017,2025-08,2025-09-01,2025-10-01,2025-09-05,paid,1800.00,1961.91,213.10,3975.01
INV003369,MER0018,2025-08,2025-09-01,2025-10-01,2025-09-26,paid,3600.00,8508.88,924.24,13033.12
INV003370,MER0019,2025-08,2025-09-01,2025-10-01,2025-09-26,paid,3600.00,10574.62,1148.62,15323.24
INV003371,MER0020,2025-08,2025-09-01,2025-10-01,2025-10-09,paid,1800.00,5096.04,553.54,7449.58
INV003372,MER0021,2025-08,2025-09-01,2025-10-01,2025-09-23,paid,3600.00,11820.62,1283.96,16704.58
INV003373,MER0022,2025-08,2025-09-01,2025-10-01,2025-10-04,paid,7200.00,26909.27,2922.90,37032.17
INV003374,MER0023,2025-08,2025-09-01,2025-10-01,2025-09-23,paid,3600.00,12279.68,1333.83,17213.51
INV003375,MER0024,2025-08,2025-09-01,2025-10-01,2025-09-25,paid,1800.00,1863.54,202.42,3865.96
INV003376,MER0025,2025-08,2025-09-01,2025-10-01,2025-09-19,paid,1800.00,3041.23,330.34,5171.57
INV003377,MER0026,2025-08,2025-09-01,2025-10-01,2025-09-30,paid,3600.00,6820.22,740.82,11161.04
INV003378,MER0027,2025-08,2025-09-01,2025-10-01,2025-09-18,paid,7200.00,41992.45,4561.25,53753.70
INV003379,MER0028,2025-08,2025-09-01,2025-10-01,2025-09-06,paid,1800.00,3792.65,411.96,6004.61
INV003380,MER0029,2025-08,2025-09-01,2025-10-01,2025-09-20,paid,3600.00,6180.83,671.37,10452.20
INV003381,MER0030,2025-08,2025-09-01,2025-10-01,2025-09-16,paid,1800.00,1972.84,214.29,3987.13
INV003382,MER0031,2025-08,2025-09-01,2025-10-01,2025-09-07,paid,1800.00,2134.05,231.80,4165.85
INV003383,MER0032,2025-08,2025-09-01,2025-10-01,2025-10-11,paid,3600.00,3082.22,334.79,7017.01
INV003384,MER0033,2025-08,2025-09-01,2025-10-01,2025-09-06,paid,3600.00,10582.82,1149.51,15332.33
INV003385,MER0034,2025-08,2025-09-01,2025-10-01,2025-09-27,paid,1800.00,3787.19,411.37,5998.56
INV003386,MER0035,2025-08,2025-09-01,2025-10-01,2025-09-09,paid,7200.00,17509.61,1901.91,26611.52
INV003387,MER0036,2025-08,2025-09-01,2025-10-01,2025-09-27,paid,1800.00,8284.82,899.90,10984.72
INV003388,MER0039,2025-08,2025-09-01,2025-10-01,,open,7200.00,22734.07,2469.39,32403.46
INV003389,MER0040,2025-08,2025-09-01,2025-10-01,2025-09-18,paid,3600.00,11173.03,1213.62,15986.65
INV003390,MER0041,2025-08,2025-09-01,2025-10-01,2025-09-20,paid,3600.00,9804.07,1064.92,14468.99
INV003391,MER0042,2025-08,2025-09-01,2025-10-01,2025-09-07,paid,3600.00,21919.80,2380.94,27900.74
INV003392,MER0043,2025-08,2025-09-01,2025-10-01,2025-10-09,paid,1800.00,2798.04,303.93,4901.97
INV003393,MER0044,2025-08,2025-09-01,2025-10-01,2025-09-12,paid,1800.00,1166.76,126.73,3093.49
INV003394,MER0045,2025-08,2025-09-01,2025-10-01,,open,3600.00,6861.21,745.27,11206.48
INV003395,MER0046,2025-08,2025-09-01,2025-10-01,2025-09-17,paid,1800.00,2789.84,303.03,4892.87
INV003396,MER0047,2025-08,2025-09-01,2025-10-01,2025-09-25,paid,3600.00,5295.51,575.20,9470.71
INV003397,MER0049,2025-08,2025-09-01,2025-10-01,2025-09-12,paid,1800.00,838.86,91.12,2729.98
INV003398,MER0050,2025-08,2025-09-01,2025-10-01,2025-09-29,paid,3600.00,5975.89,649.11,10225.00
INV003399,MER0051,2025-08,2025-09-01,2025-10-01,2025-09-19,paid,3600.00,4738.09,514.65,8852.74
INV003400,MER0052,2025-08,2025-09-01,2025-10-01,2025-09-20,paid,1800.00,598.41,65.00,2463.41
INV003401,MER0053,2025-08,2025-09-01,2025-10-01,2025-09-04,paid,1800.00,5923.97,643.47,8367.44
INV003402,MER0054,2025-08,2025-09-01,2025-10-01,2025-09-24,paid,3600.00,7795.71,846.78,12242.49
INV003403,MER0055,2025-08,2025-09-01,2025-10-01,2025-09-25,paid,7200.00,8000.64,869.04,16069.68
INV003404,MER0056,2025-08,2025-09-01,2025-10-01,2025-09-15,paid,1800.00,6585.23,715.29,9100.52
INV003405,MER0057,2025-08,2025-09-01,2025-10-01,2025-09-14,paid,1800.00,3716.15,403.65,5919.80
INV003406,MER0058,2025-08,2025-09-01,2025-10-01,2025-09-06,paid,1800.00,5872.06,637.83,8309.89
INV003407,MER0059,2025-08,2025-09-01,2025-10-01,2025-09-21,paid,3600.00,4984.01,541.37,9125.38
INV003408,MER0060,2025-08,2025-09-01,2025-10-01,2025-11-10,paid,7200.00,26253.48,2851.67,36305.15
INV003409,MER0061,2025-08,2025-09-01,2025-10-01,,open,1800.00,3251.63,353.19,5404.82
INV003410,MER0062,2025-08,2025-09-01,2025-10-01,2025-09-21,paid,3600.00,8771.20,952.73,13323.93
INV003411,MER0063,2025-08,2025-09-01,2025-10-01,2025-09-19,paid,3600.00,10066.38,1093.42,14759.80
INV003412,MER0064,2025-08,2025-09-01,2025-10-01,2025-09-04,paid,1800.00,1284.26,139.50,3223.76
INV003413,MER0066,2025-08,2025-09-01,2025-10-01,2025-09-14,paid,1800.00,6076.99,660.09,8537.08
INV003414,MER0067,2025-08,2025-09-01,2025-10-01,2025-09-11,paid,7200.00,17597.05,1911.40,26708.45
INV003415,MER0068,2025-08,2025-09-01,2025-10-01,2025-09-06,paid,3600.00,13230.57,1437.11,18267.68
INV003416,MER0070,2025-08,2025-09-01,2025-10-01,2025-10-02,paid,1800.00,885.32,96.16,2781.48
INV003417,MER0071,2025-08,2025-09-01,2025-10-01,2025-09-05,paid,7200.00,17400.31,1890.03,26490.34
INV003418,MER0072,2025-08,2025-09-01,2025-10-01,2025-09-21,paid,3600.00,6566.10,713.21,10879.31
INV003419,MER0073,2025-08,2025-09-01,2025-10-01,2025-09-28,paid,1800.00,3060.36,332.42,5192.78
INV003420,MER0074,2025-08,2025-09-01,2025-10-01,2025-09-14,paid,7200.00,15236.20,1654.97,24091.17
INV003421,MER0075,2025-08,2025-09-01,2025-10-01,2025-09-10,paid,3600.00,8984.33,975.88,13560.21
INV003422,MER0076,2025-08,2025-09-01,2025-10-01,2025-09-16,paid,1800.00,3237.97,351.71,5389.68
INV003423,MER0077,2025-08,2025-09-01,2025-10-01,2025-10-24,paid,1800.00,4087.76,444.02,6331.78
INV003424,MER0078,2025-08,2025-09-01,2025-10-01,2025-10-08,paid,3600.00,3295.35,357.94,7253.29
INV003425,MER0079,2025-08,2025-09-01,2025-10-01,2025-09-26,paid,7200.00,53359.49,5795.94,66355.43
INV003426,MER0080,2025-08,2025-09-01,2025-10-01,2025-09-29,paid,7200.00,15017.60,1631.22,23848.82
INV003427,MER0081,2025-08,2025-09-01,2025-10-01,,open,3600.00,9049.91,983.01,13632.92
INV003428,MER0082,2025-08,2025-09-01,2025-10-01,2025-09-30,paid,3600.00,7705.54,836.98,12142.52
INV003429,MER0083,2025-08,2025-09-01,2025-10-01,2025-11-09,paid,3600.00,5361.09,582.33,9543.42
INV003430,MER0084,2025-08,2025-09-01,2025-10-01,2025-09-16,paid,3600.00,25174.16,2734.43,31508.59
INV003431,MER0085,2025-08,2025-09-01,2025-10-01,2025-10-15,paid,1800.00,1270.59,138.01,3208.60
INV003432,MER0086,2025-08,2025-09-01,2025-10-01,2025-10-21,paid,1800.00,2308.93,250.80,4359.73
INV003433,MER0087,2025-08,2025-09-01,2025-10-01,2025-09-16,paid,7200.00,18537.01,2013.50,27750.51
INV003434,MER0088,2025-08,2025-09-01,2025-10-01,2025-09-08,paid,1800.00,2022.02,219.63,4041.65
INV003435,MER0089,2025-08,2025-09-01,2025-10-01,,open,1800.00,3584.99,389.40,5774.39
INV003436,MER0090,2025-08,2025-09-01,2025-10-01,2025-09-18,paid,1800.00,4626.06,502.49,6928.55
INV003437,MER0091,2025-08,2025-09-01,2025-10-01,2025-09-11,paid,1800.00,6585.23,715.29,9100.52
INV003438,MER0093,2025-08,2025-09-01,2025-10-01,2025-09-21,paid,3600.00,4008.52,435.41,8043.93
INV003439,MER0094,2025-08,2025-09-01,2025-10-01,2025-09-24,paid,3600.00,19181.87,2083.55,24865.42
INV003440,MER0095,2025-08,2025-09-01,2025-10-01,2025-09-15,paid,1800.00,3180.58,345.48,5326.06
INV003441,MER0096,2025-08,2025-09-01,2025-10-01,2025-09-07,paid,1800.00,6322.91,686.80,8809.71
INV003442,MER0097,2025-08,2025-09-01,2025-10-01,,open,1800.00,1366.23,148.40,3314.63
INV003443,MER0098,2025-08,2025-09-01,2025-10-01,2025-09-18,paid,7200.00,49206.15,5344.81,61750.96
INV003444,MER0099,2025-08,2025-09-01,2025-10-01,2025-09-26,paid,3600.00,4975.81,540.48,9116.29
INV003445,MER0100,2025-08,2025-09-01,2025-10-01,2025-09-07,paid,1800.00,1715.98,186.39,3702.37
INV003446,MER0102,2025-08,2025-09-01,2025-10-01,2025-09-16,paid,3600.00,6713.66,729.24,11042.90
INV003447,MER0103,2025-08,2025-09-01,2025-10-01,2025-09-10,paid,1800.00,7959.66,864.58,10624.24
INV003448,MER0104,2025-08,2025-09-01,2025-10-01,2025-09-11,paid,7200.00,37030.31,4022.26,48252.57
INV003449,MER0105,2025-08,2025-09-01,2025-10-01,2025-09-05,paid,3600.00,11673.07,1267.94,16541.01
INV003450,MER0106,2025-08,2025-09-01,2025-10-01,2025-09-30,paid,1800.00,1336.17,145.14,3281.31
INV003451,MER0107,2025-08,2025-09-01,2025-10-01,2025-10-11,paid,1800.00,2440.09,265.04,4505.13
INV003452,MER0108,2025-08,2025-09-01,2025-10-01,2025-09-23,paid,3600.00,15206.14,1651.70,20457.84
INV003453,MER0109,2025-08,2025-09-01,2025-10-01,2025-09-18,paid,1800.00,2549.39,276.92,4626.31
INV003454,MER0110,2025-08,2025-09-01,2025-10-01,2025-09-21,paid,1800.00,5494.98,596.87,7891.85
INV003455,MER0111,2025-08,2025-09-01,2025-10-01,2025-10-24,paid,1800.00,1620.35,176.00,3596.35
INV003456,MER0112,2025-08,2025-09-01,2025-10-01,2025-09-18,paid,7200.00,21269.47,2310.31,30779.78
INV003457,MER0113,2025-08,2025-09-01,2025-10-01,2025-09-29,paid,1800.00,2565.78,278.70,4644.48
INV003458,MER0114,2025-08,2025-09-01,2025-10-01,2025-09-30,paid,3600.00,7582.58,823.63,12006.21
INV003459,MER0115,2025-08,2025-09-01,2025-10-01,2025-11-05,paid,7200.00,27215.31,2956.15,37371.46
INV003460,MER0116,2025-08,2025-09-01,2025-10-01,2025-09-27,paid,3600.00,7451.42,809.38,11860.80
INV003461,MER0117,2025-08,2025-09-01,2025-10-01,2025-09-09,paid,7200.00,39719.05,4314.31,51233.36
INV003462,MER0118,2025-08,2025-09-01,2025-10-01,2025-09-13,paid,7200.00,12569.32,1365.29,21134.61
INV003463,MER0119,2025-08,2025-09-01,2025-10-01,,open,1800.00,3595.92,390.59,5786.51
INV003464,MER0120,2025-08,2025-09-01,2025-10-01,2025-09-14,paid,1800.00,1374.43,149.29,3323.72
INV003465,MER0121,2025-08,2025-09-01,2025-10-01,2025-09-07,paid,1800.00,1710.52,185.80,3696.32
INV003466,MER0122,2025-08,2025-09-01,2025-10-01,2025-09-27,paid,3600.00,2918.27,316.98,6835.25
INV003467,MER0123,2025-08,2025-09-01,2025-10-01,2025-10-23,paid,1800.00,3158.72,343.10,5301.82
INV003468,MER0124,2025-08,2025-09-01,2025-10-01,,open,3600.00,8885.96,965.20,13451.16
INV003469,MER0125,2025-08,2025-09-01,2025-10-01,2025-10-31,paid,3600.00,15460.26,1679.30,20739.56
INV003470,MER0126,2025-08,2025-09-01,2025-10-01,2025-09-05,paid,1800.00,1601.22,173.93,3575.15
INV003471,MER0127,2025-08,2025-09-01,2025-10-01,2025-11-11,paid,3600.00,6303.79,684.72,10588.51
INV003472,MER0129,2025-08,2025-09-01,2025-10-01,2025-09-10,paid,1800.00,2030.22,220.52,4050.74
INV003473,MER0130,2025-08,2025-09-01,2025-10-01,2025-09-30,paid,3600.00,5385.68,585.00,9570.68
INV003474,MER0131,2025-08,2025-09-01,2025-10-01,2025-10-28,paid,7200.00,33795.07,3670.84,44665.91
INV003475,MER0132,2025-08,2025-09-01,2025-10-01,2025-09-26,paid,1800.00,2180.50,236.85,4217.35
INV003476,MER0133,2025-08,2025-09-01,2025-10-01,,open,1800.00,1459.13,158.49,3417.62
INV003477,MER0134,2025-08,2025-09-01,2025-10-01,2025-11-12,paid,7200.00,13771.60,1495.88,22467.48
INV003478,MER0135,2025-08,2025-09-01,2025-10-01,2025-09-23,paid,1800.00,2123.12,230.62,4153.74
INV003479,MER0136,2025-08,2025-09-01,2025-10-01,2025-10-22,paid,1800.00,2237.88,243.08,4280.96
INV003480,MER0137,2025-08,2025-09-01,2025-10-01,2025-09-22,paid,1800.00,1642.21,178.38,3620.59
INV003481,MER0138,2025-08,2025-09-01,2025-10-01,2025-10-24,paid,3600.00,7730.13,839.65,12169.78
INV003482,MER0139,2025-08,2025-09-01,2025-10-01,2025-09-26,paid,1800.00,2022.02,219.63,4041.65
INV003483,MER0140,2025-08,2025-09-01,2025-10-01,2025-09-24,paid,1800.00,5959.50,647.32,8406.82
INV003484,MER0141,2025-08,2025-09-01,2025-10-01,2025-09-10,paid,7200.00,7956.92,864.29,16021.21
INV003485,MER0142,2025-08,2025-09-01,2025-10-01,2025-09-19,paid,3600.00,7131.72,774.65,11506.37
INV003486,MER0143,2025-08,2025-09-01,2025-10-01,2025-09-13,paid,1800.00,4505.83,489.43,6795.26
INV003487,MER0144,2025-08,2025-09-01,2025-10-01,,open,1800.00,975.49,105.96,2881.45
INV003488,MER0145,2025-08,2025-09-01,2025-10-01,2025-09-25,paid,7200.00,3978.46,432.14,11610.60
INV003489,MER0146,2025-08,2025-09-01,2025-10-01,2025-09-26,paid,3600.00,20690.19,2247.38,26537.57
INV003490,MER0148,2025-08,2025-09-01,2025-10-01,2025-09-26,paid,3600.00,10877.93,1181.57,15659.50
INV003491,MER0149,2025-08,2025-09-01,2025-10-01,2025-09-06,paid,1800.00,2732.46,296.80,4829.26
INV003492,MER0150,2025-08,2025-09-01,2025-10-01,2025-09-06,paid,1800.00,5943.10,645.54,8388.64
INV003493,MER0151,2025-08,2025-09-01,2025-10-01,2025-10-31,paid,7200.00,14930.16,1621.73,23751.89
INV003494,MER0154,2025-08,2025-09-01,2025-10-01,,open,1800.00,7025.16,763.08,9588.24
INV003495,MER0155,2025-08,2025-09-01,2025-10-01,2025-09-20,paid,7200.00,45140.25,4903.17,57243.42
INV003496,MER0156,2025-08,2025-09-01,2025-10-01,2025-09-09,paid,7200.00,19608.14,2129.85,28937.99
INV003497,MER0157,2025-08,2025-09-01,2025-10-01,2025-09-25,paid,1800.00,6484.13,704.31,8988.44
INV003498,MER0158,2025-08,2025-09-01,2025-10-01,2025-10-04,paid,1800.00,2284.34,248.13,4332.47
INV003499,MER0159,2025-08,2025-09-01,2025-10-01,2025-09-09,paid,3600.00,3615.04,392.67,7607.71
INV003500,MER0160,2025-08,2025-09-01,2025-10-01,2025-09-05,paid,3600.00,7680.95,834.31,12115.26
INV003501,MER0161,2025-08,2025-09-01,2025-10-01,2025-09-25,paid,3600.00,9705.70,1054.24,14359.94
INV003502,MER0162,2025-08,2025-09-01,2025-10-01,2025-09-25,paid,1800.00,1448.20,157.31,3405.51
INV003503,MER0163,2025-08,2025-09-01,2025-10-01,2025-10-04,paid,1800.00,1453.67,157.90,3411.57
INV003504,MER0164,2025-08,2025-09-01,2025-10-01,2025-09-08,paid,3600.00,4893.84,531.57,9025.41
INV003505,MER0165,2025-08,2025-09-01,2025-10-01,2025-09-10,paid,7200.00,54649.21,5936.04,67785.25
INV003506,MER0166,2025-08,2025-09-01,2025-10-01,2025-09-09,paid,1800.00,2371.78,257.62,4429.40
INV003507,MER0167,2025-08,2025-09-01,2025-10-01,,open,1800.00,2776.18,301.55,4877.73
INV003508,MER0168,2025-08,2025-09-01,2025-10-01,2025-09-16,paid,1800.00,937.23,101.80,2839.03
INV003509,MER0169,2025-08,2025-09-01,2025-10-01,2025-09-26,paid,1800.00,1278.79,138.90,3217.69
INV003510,MER0170,2025-08,2025-09-01,2025-10-01,2025-09-13,paid,3600.00,6836.62,742.60,11179.22
INV003511,MER0171,2025-08,2025-09-01,2025-10-01,2025-09-23,paid,3600.00,8353.13,907.32,12860.45
INV003512,MER0173,2025-08,2025-09-01,2025-10-01,2025-11-10,paid,3600.00,13091.22,1421.98,18113.20
INV003513,MER0174,2025-08,2025-09-01,2025-10-01,2025-10-05,paid,1800.00,2155.91,234.18,4190.09
INV003514,MER0175,2025-08,2025-09-01,2025-10-01,2025-09-15,paid,7200.00,45992.78,4995.77,58188.55
INV003515,MER0176,2025-08,2025-09-01,2025-10-01,2025-09-30,paid,7200.00,24417.27,2652.22,34269.49
INV003516,MER0177,2025-08,2025-09-01,2025-10-01,2025-09-08,paid,7200.00,38145.15,4143.35,49488.50
INV003517,MER0178,2025-08,2025-09-01,2025-10-01,,open,3600.00,7156.31,777.32,11533.63
INV003518,MER0179,2025-08,2025-09-01,2025-10-01,2025-09-27,paid,3600.00,17673.55,1919.71,23193.26
INV003519,MER0180,2025-08,2025-09-01,2025-10-01,2025-10-28,paid,7200.00,8372.26,909.40,16481.66
INV003520,MER0181,2025-08,2025-09-01,2025-10-01,2025-10-26,paid,3600.00,9361.41,1016.84,13978.25
INV003521,MER0182,2025-08,2025-09-01,2025-10-01,2025-10-05,paid,7200.00,20438.80,2220.08,29858.88
INV003522,MER0183,2025-08,2025-09-01,2025-10-01,2025-09-04,paid,7200.00,20023.47,2174.96,29398.43
INV003523,MER0184,2025-08,2025-09-01,2025-10-01,,open,7200.00,17203.57,1868.66,26272.23
INV003524,MER0185,2025-08,2025-09-01,2025-10-01,2025-09-24,paid,3600.00,19985.22,2170.81,25756.03
INV003525,MER0186,2025-08,2025-09-01,2025-10-01,2025-09-25,paid,1800.00,961.83,104.47,2866.30
INV003526,MER0187,2025-08,2025-09-01,2025-10-01,2025-09-22,paid,3600.00,17665.36,1918.82,23184.18
INV003527,MER0188,2025-08,2025-09-01,2025-10-01,,open,3600.00,6508.72,706.98,10815.70
INV003528,MER0189,2025-08,2025-09-01,2025-10-01,2025-09-29,paid,3600.00,12353.45,1341.84,17295.29
INV003529,MER0190,2025-08,2025-09-01,2025-10-01,2025-09-04,paid,3600.00,5336.49,579.65,9516.14
INV003530,MER0191,2025-08,2025-09-01,2025-10-01,2025-11-01,paid,1800.00,4117.82,447.28,6365.10
INV003531,MER0192,2025-08,2025-09-01,2025-10-01,2025-09-15,paid,3600.00,1213.21,131.78,4944.99
INV003532,MER0193,2025-08,2025-09-01,2025-10-01,2025-10-08,paid,7200.00,14077.64,1529.12,22806.76
INV003533,MER0194,2025-08,2025-09-01,2025-10-01,2025-09-12,paid,3600.00,10459.86,1136.16,15196.02
INV003534,MER0195,2025-08,2025-09-01,2025-10-01,2025-09-09,paid,3600.00,8418.71,914.45,12933.16
INV003535,MER0196,2025-08,2025-09-01,2025-10-01,2025-09-16,paid,3600.00,12140.32,1318.69,17059.01
INV003536,MER0197,2025-08,2025-09-01,2025-10-01,2025-09-16,paid,1800.00,3429.24,372.49,5601.73
INV003537,MER0199,2025-08,2025-09-01,2025-10-01,2025-09-11,paid,1800.00,3019.37,327.97,5147.34
INV003538,MER0200,2025-08,2025-09-01,2025-10-01,2025-09-10,paid,3600.00,14640.52,1590.26,19830.78
INV003539,MER0201,2025-08,2025-09-01,2025-10-01,2025-10-15,paid,7200.00,9749.42,1058.99,18008.41
INV003540,MER0202,2025-08,2025-09-01,2025-10-01,2025-10-18,paid,1800.00,2492.00,270.68,4562.68
INV003541,MER0203,2025-08,2025-09-01,2025-10-01,2025-09-27,paid,1800.00,2675.08,290.57,4765.65
INV003542,MER0204,2025-08,2025-09-01,2025-10-01,2025-09-22,paid,1800.00,7268.34,789.49,9857.83
INV003543,MER0205,2025-08,2025-09-01,2025-10-01,2025-09-20,paid,1800.00,2216.03,240.71,4256.74
INV003544,MER0206,2025-08,2025-09-01,2025-10-01,2025-09-05,paid,7200.00,43500.77,4725.08,55425.85
INV003545,MER0207,2025-08,2025-09-01,2025-10-01,2025-09-23,paid,3600.00,18960.54,2059.51,24620.05
INV003546,MER0208,2025-08,2025-09-01,2025-10-01,2025-09-13,paid,3600.00,17575.19,1909.03,23084.22
INV003547,MER0210,2025-08,2025-09-01,2025-10-01,2025-10-11,paid,3600.00,8123.60,882.39,12605.99
INV003548,MER0211,2025-08,2025-09-01,2025-10-01,2025-10-03,paid,3600.00,8992.53,976.77,13569.30
INV003549,MER0212,2025-08,2025-09-01,2025-10-01,2025-10-07,paid,1800.00,1754.24,190.55,3744.79
INV003550,MER0213,2025-08,2025-09-01,2025-10-01,2025-09-13,paid,3600.00,18624.45,2023.00,24247.45
INV003551,MER0214,2025-08,2025-09-01,2025-10-01,2025-10-26,paid,3600.00,6516.92,707.87,10824.79
INV003552,MER0215,2025-08,2025-09-01,2025-10-01,2025-11-08,paid,3600.00,12033.76,1307.12,16940.88
INV003553,MER0216,2025-08,2025-09-01,2025-10-01,2025-09-08,paid,1800.00,2213.29,240.41,4253.70
INV003554,MER0217,2025-08,2025-09-01,2025-10-01,2025-09-20,paid,3600.00,8746.61,950.06,13296.67
INV003555,MER0218,2025-08,2025-09-01,2025-10-01,2025-09-21,paid,1800.00,6579.76,714.70,9094.46
INV003556,MER0219,2025-08,2025-09-01,2025-10-01,2025-09-15,paid,1800.00,3819.98,414.93,6034.91
INV003557,MER0220,2025-08,2025-09-01,2025-10-01,2025-11-04,paid,3600.00,10804.15,1173.55,15577.70
INV003558,MER0221,2025-08,2025-09-01,2025-10-01,2025-09-10,paid,3600.00,5115.17,555.61,9270.78
INV003559,MER0222,2025-08,2025-09-01,2025-10-01,2025-09-18,paid,3600.00,4254.44,462.12,8316.56
INV003560,MER0223,2025-08,2025-09-01,2025-10-01,2025-11-07,paid,1800.00,2833.56,307.78,4941.34
INV003561,MER0224,2025-08,2025-09-01,2025-10-01,2025-09-30,paid,3600.00,3541.27,384.66,7525.93
INV003562,MER0225,2025-08,2025-09-01,2025-10-01,2025-11-11,paid,3600.00,9435.19,1024.86,14060.05
INV003563,MER0226,2025-08,2025-09-01,2025-10-01,2025-09-25,paid,7200.00,51392.12,5582.25,64174.37
INV003564,MER0001,2025-09,2025-10-01,2025-10-31,,open,1800.00,7713.67,837.86,10351.53
INV003565,MER0002,2025-09,2025-10-01,2025-10-31,,open,3600.00,6120.82,664.85,10385.67
INV003566,MER0003,2025-09,2025-10-01,2025-10-31,,open,1800.00,6929.18,752.65,9481.83
INV003567,MER0005,2025-09,2025-10-01,2025-10-31,,open,7200.00,34171.61,3711.74,45083.35
INV003568,MER0006,2025-09,2025-10-01,2025-10-31,,open,1800.00,1196.13,129.93,3126.06
INV003569,MER0007,2025-09,2025-10-01,2025-10-31,,open,7200.00,18756.20,2037.31,27993.51
INV003570,MER0008,2025-09,2025-10-01,2025-10-31,,open,1800.00,2168.54,235.55,4204.09
INV003571,MER0009,2025-09,2025-10-01,2025-10-31,,open,3600.00,3489.94,379.08,7469.02
INV003572,MER0010,2025-09,2025-10-01,2025-10-31,,open,3600.00,9369.15,1017.68,13986.83
INV003573,MER0011,2025-09,2025-10-01,2025-10-31,,open,3600.00,7507.85,815.51,11923.36
INV003574,MER0012,2025-09,2025-10-01,2025-10-31,,open,3600.00,11302.04,1227.64,16129.68
INV003575,MER0013,2025-09,2025-10-01,2025-10-31,,open,7200.00,57032.22,6194.88,70427.10
INV003576,MER0014,2025-09,2025-10-01,2025-10-31,,open,3600.00,22031.38,2393.06,28024.44
INV003577,MER0015,2025-09,2025-10-01,2025-10-31,,open,1800.00,2651.76,288.04,4739.80
INV003578,MER0016,2025-09,2025-10-01,2025-10-31,,open,3600.00,2809.85,305.21,6715.06
INV003579,MER0017,2025-09,2025-10-01,2025-10-31,,open,1800.00,2141.69,232.63,4174.32
INV003580,MER0018,2025-09,2025-10-01,2025-10-31,,open,3600.00,9288.62,1008.94,13897.56
INV003581,MER0019,2025-09,2025-10-01,2025-10-31,,open,3600.00,11543.66,1253.88,16397.54
INV003582,MER0020,2025-09,2025-10-01,2025-10-31,,open,1800.00,5563.03,604.26,7967.29
INV003583,MER0021,2025-09,2025-10-01,2025-10-31,,open,3600.00,12903.84,1401.62,17905.46
INV003584,MER0022,2025-09,2025-10-01,2025-10-31,,open,7200.00,29375.17,3190.75,39765.92
INV003585,MER0023,2025-09,2025-10-01,2025-10-31,,open,3600.00,13404.96,1456.06,18461.02
INV003586,MER0024,2025-09,2025-10-01,2025-10-31,,open,1800.00,2034.31,220.97,4055.28
INV003587,MER0025,2025-09,2025-10-01,2025-10-31,,open,1800.00,3319.92,360.61,5480.53
INV003588,MER0026,2025-09,2025-10-01,2025-10-31,,open,3600.00,7445.21,808.70,11853.91
INV003589,MER0027,2025-09,2025-10-01,2025-10-31,,open,7200.00,45840.55,4979.23,58019.78
INV003590,MER0028,2025-09,2025-10-01,2025-10-31,,open,1800.00,4140.21,449.71,6389.92
INV003591,MER0029,2025-09,2025-10-01,2025-10-31,,open,3600.00,6747.22,732.89,11080.11
INV003592,MER0030,2025-09,2025-10-01,2025-10-31,,open,1800.00,2153.62,233.93,4187.55
INV003593,MER0031,2025-09,2025-10-01,2025-10-31,,open,1800.00,2329.61,253.04,4382.65
INV003594,MER0032,2025-09,2025-10-01,2025-10-31,,open,3600.00,3364.66,365.47,7330.13
INV003595,MER0033,2025-09,2025-10-01,2025-10-31,,open,3600.00,11552.60,1254.85,16407.45
INV003596,MER0034,2025-09,2025-10-01,2025-10-31,,open,1800.00,4134.24,449.06,6383.30
INV003597,MER0035,2025-09,2025-10-01,2025-10-31,,open,7200.00,19114.15,2076.19,28390.34
INV003598,MER0036,2025-09,2025-10-01,2025-10-31,,open,1800.00,9044.02,982.37,11826.39
INV003599,MER0039,2025-09,2025-10-01,2025-10-31,,open,7200.00,24817.37,2695.68,34713.05
INV003600,MER0040,2025-09,2025-10-01,2025-10-31,,open,3600.00,12196.90,1324.84,17121.74
INV003601,MER0041,2025-09,2025-10-01,2025-10-31,,open,3600.00,10702.49,1162.51,15465.00
INV003602,MER0042,2025-09,2025-10-01,2025-10-31,,open,3600.00,23928.48,2599.13,30127.61
INV003603,MER0043,2025-09,2025-10-01,2025-10-31,,open,1800.00,3054.45,331.78,5186.23
INV003604,MER0044,2025-09,2025-10-01,2025-10-31,,open,1800.00,1273.68,138.35,3212.03
INV003605,MER0045,2025-09,2025-10-01,2025-10-31,,open,3600.00,7489.95,813.56,11903.51
INV003606,MER0046,2025-09,2025-10-01,2025-10-31,,open,1800.00,3045.50,330.80,5176.30
INV003607,MER0047,2025-09,2025-10-01,2025-10-31,,open,3600.00,5780.78,627.91,10008.69
INV003608,MER0049,2025-09,2025-10-01,2025-10-31,,open,1800.00,915.74,99.47,2815.21
INV003609,MER0050,2025-09,2025-10-01,2025-10-31,,open,3600.00,6523.51,708.59,10832.10
INV003610,MER0051,2025-09,2025-10-01,2025-10-31,,open,3600.00,5172.27,561.82,9334.09
INV003611,MER0052,2025-09,2025-10-01,2025-10-31,,open,1800.00,653.25,70.96,2524.21
INV003612,MER0053,2025-09,2025-10-01,2025-10-31,,open,1800.00,6466.83,702.43,8969.26
INV003613,MER0054,2025-09,2025-10-01,2025-10-31,,open,3600.00,8510.09,924.37,13034.46
INV003614,MER0055,2025-09,2025-10-01,2025-10-31,,open,7200.00,8733.80,948.67,16882.47
INV003615,MER0056,2025-09,2025-10-01,2025-10-31,,open,1800.00,7188.69,780.84,9769.53
INV003616,MER0057,2025-09,2025-10-01,2025-10-31,,open,1800.00,4056.69,440.64,6297.33
INV003617,MER0058,2025-09,2025-10-01,2025-10-31,,open,1800.00,6410.16,696.28,8906.44
INV003618,MER0059,2025-09,2025-10-01,2025-10-31,,open,3600.00,5440.73,590.98,9631.71
INV003619,MER0060,2025-09,2025-10-01,2025-10-31,,open,7200.00,28659.29,3112.99,38972.28
INV003620,MER0061,2025-09,2025-10-01,2025-10-31,,open,1800.00,3549.60,385.56,5735.16
INV003621,MER0062,2025-09,2025-10-01,2025-10-31,,open,3600.00,9574.97,1040.04,14215.01
INV003622,MER0063,2025-09,2025-10-01,2025-10-31,,open,3600.00,10988.84,1193.62,15782.46
INV003623,MER0064,2025-09,2025-10-01,2025-10-31,,open,1800.00,1401.94,152.28,3354.22
INV003624,MER0066,2025-09,2025-10-01,2025-10-31,,open,1800.00,6633.87,720.58,9154.45
INV003625,MER0067,2025-09,2025-10-01,2025-10-31,,open,7200.00,19209.60,2086.56,28496.16
INV003626,MER0068,2025-09,2025-10-01,2025-10-31,,open,3600.00,14442.99,1568.81,19611.80
INV003627,MER0070,2025-09,2025-10-01,2025-10-31,,open,1800.00,966.45,104.98,2871.43
INV003628,MER0071,2025-09,2025-10-01,2025-10-31,,open,7200.00,18994.83,2063.23,28258.06
INV003629,MER0072,2025-09,2025-10-01,2025-10-31,,open,3600.00,7167.81,778.57,11546.38
INV003630,MER0073,2025-09,2025-10-01,2025-10-31,,open,1800.00,3340.80,362.88,5503.68
INV003631,MER0074,2025-09,2025-10-01,2025-10-31,,open,7200.00,16632.41,1806.62,25639.03
INV003632,MER0075,2025-09,2025-10-01,2025-10-31,,open,3600.00,9807.63,1065.31,14472.94
INV003633,MER0076,2025-09,2025-10-01,2025-10-31,,open,1800.00,3534.69,383.94,5718.63
INV003634,MER0077,2025-09,2025-10-01,2025-10-31,,open,1800.00,4462.35,484.70,6747.05
INV003635,MER0078,2025-09,2025-10-01,2025-10-31,,open,3600.00,3597.33,390.74,7588.07
INV003636,MER0079,2025-09,2025-10-01,2025-10-31,,open,7200.00,58249.23,6327.07,71776.30
INV003637,MER0080,2025-09,2025-10-01,2025-10-31,,open,7200.00,16393.78,1780.70,25374.48
INV003638,MER0081,2025-09,2025-10-01,2025-10-31,,open,3600.00,9879.22,1073.09,14552.31
INV003639,MER0082,2025-09,2025-10-01,2025-10-31,,open,3600.00,8411.66,913.68,12925.34
INV003640,MER0083,2025-09,2025-10-01,2025-10-31,,open,3600.00,5852.37,635.69,10088.06
INV003641,MER0084,2025-09,2025-10-01,2025-10-31,,open,3600.00,27481.06,2985.01,34066.07
INV003642,MER0085,2025-09,2025-10-01,2025-10-31,,open,1800.00,1387.03,150.66,3337.69
INV003643,MER0086,2025-09,2025-10-01,2025-10-31,,open,1800.00,2520.51,273.78,4594.29
INV003644,MER0087,2025-09,2025-10-01,2025-10-31,,open,7200.00,20235.70,2198.02,29633.72
INV003645,MER0088,2025-09,2025-10-01,2025-10-31,,open,1800.00,2207.31,239.76,4247.07
INV003646,MER0089,2025-09,2025-10-01,2025-10-31,,open,1800.00,3913.51,425.09,6138.60
INV003647,MER0090,2025-09,2025-10-01,2025-10-31,,open,1800.00,5049.98,548.53,7398.51
INV003648,MER0091,2025-09,2025-10-01,2025-10-31,,open,1800.00,7188.69,780.84,9769.53
INV003649,MER0093,2025-09,2025-10-01,2025-10-31,,open,3600.00,4375.85,475.31,8451.16
INV003650,MER0094,2025-09,2025-10-01,2025-10-31,,open,3600.00,20939.66,2274.48,26814.14
INV003651,MER0095,2025-09,2025-10-01,2025-10-31,,open,1800.00,3472.05,377.14,5649.19
INV003652,MER0096,2025-09,2025-10-01,2025-10-31,,open,1800.00,6902.33,749.74,9452.07
INV003653,MER0098,2025-09,2025-10-01,2025-10-31,,open,7200.00,53715.29,5834.59,66749.88
INV003654,MER0099,2025-09,2025-10-01,2025-10-31,,open,3600.00,5431.78,590.00,9621.78
INV003655,MER0100,2025-09,2025-10-01,2025-10-31,,open,1800.00,1873.23,203.47,3876.70
INV003656,MER0102,2025-09,2025-10-01,2025-10-31,,open,3600.00,7328.88,796.07,11724.95
INV003657,MER0103,2025-09,2025-10-01,2025-10-31,,open,1800.00,8689.06,943.81,11432.87
INV003658,MER0104,2025-09,2025-10-01,2025-10-31,,open,7200.00,40423.68,4390.85,52014.53
INV003659,MER0105,2025-09,2025-10-01,2025-10-31,,open,3600.00,12742.76,1384.13,17726.89
INV003660,MER0106,2025-09,2025-10-01,2025-10-31,,open,1800.00,1458.62,158.44,3417.06
INV003661,MER0107,2025-09,2025-10-01,2025-10-31,,open,1800.00,2663.69,289.33,4753.02
INV003662,MER0108,2025-09,2025-10-01,2025-10-31,,open,3600.00,16599.60,1803.06,22002.66
INV003663,MER0109,2025-09,2025-10-01,2025-10-31,,open,1800.00,2783.01,302.29,4885.30
INV003664,MER0110,2025-09,2025-10-01,2025-10-31,,open,1800.00,5998.53,651.56,8450.09
INV003665,MER0111,2025-09,2025-10-01,2025-10-31,,open,1800.00,1768.83,192.13,3760.96
INV003666,MER0112,2025-09,2025-10-01,2025-10-31,,open,7200.00,23218.56,2522.02,32940.58
INV003667,MER0113,2025-09,2025-10-01,2025-10-31,,open,1800.00,2800.90,304.24,4905.14
INV003668,MER0114,2025-09,2025-10-01,2025-10-31,,open,3600.00,8277.43,899.10,12776.53
INV003669,MER0115,2025-09,2025-10-01,2025-10-31,,open,7200.00,29709.25,3227.04,40136.29
INV003670,MER0116,2025-09,2025-10-01,2025-10-31,,open,3600.00,8134.25,883.55,12617.80
INV003671,MER0117,2025-09,2025-10-01,2025-10-31,,open,7200.00,43358.81,4709.66,55268.47
INV003672,MER0118,2025-09,2025-10-01,2025-10-31,,open,7200.00,13721.14,1490.40,22411.54
INV003673,MER0119,2025-09,2025-10-01,2025-10-31,,open,1800.00,3925.44,426.38,6151.82
INV003674,MER0120,2025-09,2025-10-01,2025-10-31,,open,1800.00,1500.38,162.97,3463.35
INV003675,MER0121,2025-09,2025-10-01,2025-10-31,,open,1800.00,1867.27,202.83,3870.10
INV003676,MER0122,2025-09,2025-10-01,2025-10-31,,open,3600.00,3185.69,346.03,7131.72
INV003677,MER0123,2025-09,2025-10-01,2025-10-31,,open,1800.00,3448.18,374.54,5622.72
INV003678,MER0124,2025-09,2025-10-01,2025-10-31,,open,3600.00,9700.25,1053.65,14353.90
INV003679,MER0125,2025-09,2025-10-01,2025-10-31,,open,3600.00,16877.00,1833.19,22310.19
INV003680,MER0126,2025-09,2025-10-01,2025-10-31,,open,1800.00,1747.95,189.87,3737.82
INV003681,MER0127,2025-09,2025-10-01,2025-10-31,,open,3600.00,6881.45,747.47,11228.92
INV003682,MER0129,2025-09,2025-10-01,2025-10-31,,open,1800.00,2216.26,240.73,4256.99
INV003683,MER0130,2025-09,2025-10-01,2025-10-31,,open,3600.00,5879.21,638.60,10117.81
INV003684,MER0131,2025-09,2025-10-01,2025-10-31,,open,7200.00,36891.97,4007.23,48099.20
INV003685,MER0132,2025-09,2025-10-01,2025-10-31,,open,1800.00,2380.32,258.55,4438.87
INV003686,MER0133,2025-09,2025-10-01,2025-10-31,,open,1800.00,1592.85,173.02,3565.87
INV003687,MER0134,2025-09,2025-10-01,2025-10-31,,open,7200.00,15033.60,1632.96,23866.56
INV003688,MER0135,2025-09,2025-10-01,2025-10-31,,open,1800.00,2317.68,251.75,4369.43
INV003689,MER0136,2025-09,2025-10-01,2025-10-31,,open,1800.00,2442.96,265.36,4508.32
INV003690,MER0137,2025-09,2025-10-01,2025-10-31,,open,1800.00,1792.70,194.73,3787.43
INV003691,MER0138,2025-09,2025-10-01,2025-10-31,,open,3600.00,8438.50,916.60,12955.10
INV003692,MER0139,2025-09,2025-10-01,2025-10-31,,open,1800.00,2207.31,239.76,4247.07
INV003693,MER0140,2025-09,2025-10-01,2025-10-31,,open,1800.00,6505.61,706.64,9012.25
INV003694,MER0141,2025-09,2025-10-01,2025-10-31,,open,7200.00,8686.08,943.49,16829.57
INV003695,MER0142,2025-09,2025-10-01,2025-10-31,,open,3600.00,7785.26,845.64,12230.90
INV003696,MER0143,2025-09,2025-10-01,2025-10-31,,open,1800.00,4918.73,534.28,7253.01
INV003697,MER0144,2025-09,2025-10-01,2025-10-31,,open,1800.00,1064.88,115.67,2980.55
INV003698,MER0145,2025-09,2025-10-01,2025-10-31,,open,7200.00,4343.04,471.74,12014.78
INV003699,MER0146,2025-09,2025-10-01,2025-10-31,,open,3600.00,22586.19,2453.33,28639.52
INV003700,MER0148,2025-09,2025-10-01,2025-10-31,,open,3600.00,11874.75,1289.84,16764.59
INV003701,MER0149,2025-09,2025-10-01,2025-10-31,,open,1800.00,2982.86,324.00,5106.86
INV003702,MER0150,2025-09,2025-10-01,2025-10-31,,open,1800.00,6487.71,704.70,8992.41
INV003703,MER0151,2025-09,2025-10-01,2025-10-31,,open,7200.00,16298.33,1770.34,25268.67
INV003704,MER0154,2025-09,2025-10-01,2025-10-31,,open,1800.00,7668.93,833.00,10301.93
INV003705,MER0155,2025-09,2025-10-01,2025-10-31,,open,7200.00,49276.80,5352.48,61829.28
INV003706,MER0156,2025-09,2025-10-01,2025-10-31,,open,7200.00,21404.98,2325.02,30930.00
INV003707,MER0157,2025-09,2025-10-01,2025-10-31,,open,1800.00,7078.32,768.85,9647.17
INV003708,MER0158,2025-09,2025-10-01,2025-10-31,,open,1800.00,2493.67,270.86,4564.53
INV003709,MER0159,2025-09,2025-10-01,2025-10-31,,open,3600.00,3946.32,428.65,7974.97
INV003710,MER0160,2025-09,2025-10-01,2025-10-31,,open,3600.00,8384.81,910.76,12895.57
INV003711,MER0161,2025-09,2025-10-01,2025-10-31,,open,3600.00,10595.11,1150.85,15345.96
INV003712,MER0162,2025-09,2025-10-01,2025-10-31,,open,1800.00,1580.91,171.72,3552.63
INV003713,MER0163,2025-09,2025-10-01,2025-10-31,,open,1800.00,1586.88,172.37,3559.25
INV003714,MER0164,2025-09,2025-10-01,2025-10-31,,open,3600.00,5342.30,580.28,9522.58
INV003715,MER0165,2025-09,2025-10-01,2025-10-31,,open,7200.00,59657.14,6480.00,73337.14
INV003716,MER0166,2025-09,2025-10-01,2025-10-31,,open,1800.00,2589.12,281.23,4670.35
INV003717,MER0167,2025-09,2025-10-01,2025-10-31,,open,1800.00,3030.58,329.18,5159.76
INV003718,MER0168,2025-09,2025-10-01,2025-10-31,,open,1800.00,1023.12,111.13,2934.25
INV003719,MER0169,2025-09,2025-10-01,2025-10-31,,open,1800.00,1395.98,151.63,3347.61
INV003720,MER0170,2025-09,2025-10-01,2025-10-31,,open,3600.00,7463.11,810.65,11873.76
INV003721,MER0171,2025-09,2025-10-01,2025-10-31,,open,3600.00,9118.59,990.47,13709.06
INV003722,MER0173,2025-09,2025-10-01,2025-10-31,,open,3600.00,14290.87,1552.28,19443.15
INV003723,MER0174,2025-09,2025-10-01,2025-10-31,,open,1800.00,2353.47,255.64,4409.11
INV003724,MER0175,2025-09,2025-10-01,2025-10-31,,open,7200.00,50207.45,5453.57,62861.02
INV003725,MER0176,2025-09,2025-10-01,2025-10-31,,open,7200.00,26654.81,2895.26,36750.07
INV003726,MER0177,2025-09,2025-10-01,2025-10-31,,open,7200.00,41640.68,4523.04,53363.72
INV003727,MER0178,2025-09,2025-10-01,2025-10-31,,open,3600.00,7812.10,848.56,12260.66
INV003728,MER0179,2025-09,2025-10-01,2025-10-31,,open,3600.00,19293.12,2095.63,24988.75
INV003729,MER0180,2025-09,2025-10-01,2025-10-31,,open,7200.00,9139.47,992.74,17332.21
INV003730,MER0181,2025-09,2025-10-01,2025-10-31,,open,3600.00,10219.27,1110.02,14929.29
INV003731,MER0182,2025-09,2025-10-01,2025-10-31,,open,7200.00,22311.77,2423.52,31935.29
INV003732,MER0183,2025-09,2025-10-01,2025-10-31,,open,7200.00,21858.38,2374.27,31432.65
INV003733,MER0184,2025-09,2025-10-01,2025-10-31,,open,7200.00,18780.07,2039.90,28019.97
INV003734,MER0185,2025-09,2025-10-01,2025-10-31,,open,3600.00,21816.62,2369.74,27786.36
INV003735,MER0186,2025-09,2025-10-01,2025-10-31,,open,1800.00,1049.97,114.05,2964.02
INV003736,MER0187,2025-09,2025-10-01,2025-10-31,,open,3600.00,19284.17,2094.66,24978.83
INV003737,MER0188,2025-09,2025-10-01,2025-10-31,,open,3600.00,7105.17,771.77,11476.94
INV003738,MER0189,2025-09,2025-10-01,2025-10-31,,open,3600.00,13485.50,1464.80,18550.30
INV003739,MER0190,2025-09,2025-10-01,2025-10-31,,open,3600.00,5825.52,632.77,10058.29
INV003740,MER0191,2025-09,2025-10-01,2025-10-31,,open,1800.00,4495.17,488.27,6783.44
INV003741,MER0192,2025-09,2025-10-01,2025-10-31,,open,3600.00,1324.39,143.86,5068.25
INV003742,MER0193,2025-09,2025-10-01,2025-10-31,,open,7200.00,15367.68,1669.25,24236.93
INV003743,MER0194,2025-09,2025-10-01,2025-10-31,,open,3600.00,11418.38,1240.27,16258.65
INV003744,MER0195,2025-09,2025-10-01,2025-10-31,,open,3600.00,9190.18,998.24,13788.42
INV003745,MER0196,2025-09,2025-10-01,2025-10-31,,open,3600.00,13252.83,1439.53,18292.36
INV003746,MER0197,2025-09,2025-10-01,2025-10-31,,open,1800.00,3743.49,406.62,5950.11
INV003747,MER0199,2025-09,2025-10-01,2025-10-31,,open,1800.00,3296.06,358.02,5454.08
INV003748,MER0200,2025-09,2025-10-01,2025-10-31,,open,3600.00,15982.15,1735.99,21318.14
INV003749,MER0201,2025-09,2025-10-01,2025-10-31,,open,7200.00,10642.83,1156.03,18998.86
INV003750,MER0202,2025-09,2025-10-01,2025-10-31,,open,1800.00,2720.37,295.49,4815.86
INV003751,MER0203,2025-09,2025-10-01,2025-10-31,,open,1800.00,2920.22,317.20,5037.42
INV003752,MER0204,2025-09,2025-10-01,2025-10-31,,open,1800.00,7934.40,861.84,10596.24
INV003753,MER0205,2025-09,2025-10-01,2025-10-31,,open,1800.00,2419.10,262.76,4481.86
INV003754,MER0206,2025-09,2025-10-01,2025-10-31,,open,7200.00,47487.08,5158.08,59845.16
INV003755,MER0207,2025-09,2025-10-01,2025-10-31,,open,3600.00,20698.04,2248.24,26546.28
INV003756,MER0208,2025-09,2025-10-01,2025-10-31,,open,3600.00,19185.74,2083.97,24869.71
INV003757,MER0210,2025-09,2025-10-01,2025-10-31,,open,3600.00,8868.03,963.25,13431.28
INV003758,MER0211,2025-09,2025-10-01,2025-10-31,,open,3600.00,9816.58,1066.28,14482.86
INV003759,MER0212,2025-09,2025-10-01,2025-10-31,,open,1800.00,1914.99,208.01,3923.00
INV003760,MER0213,2025-09,2025-10-01,2025-10-31,,open,3600.00,20331.15,2208.38,26139.53
INV003761,MER0214,2025-09,2025-10-01,2025-10-31,,open,3600.00,7114.11,772.74,11486.85
INV003762,MER0215,2025-09,2025-10-01,2025-10-31,,open,3600.00,13136.50,1426.90,18163.40
INV003763,MER0216,2025-09,2025-10-01,2025-10-31,,open,1800.00,2416.11,262.44,4478.55
INV003764,MER0217,2025-09,2025-10-01,2025-10-31,,open,3600.00,9548.12,1037.12,14185.24
INV003765,MER0218,2025-09,2025-10-01,2025-10-31,,open,1800.00,7182.72,780.19,9762.91
INV003766,MER0219,2025-09,2025-10-01,2025-10-31,,open,1800.00,4170.03,452.95,6422.98
INV003767,MER0220,2025-09,2025-10-01,2025-10-31,,open,3600.00,11794.22,1281.10,16675.32
INV003768,MER0221,2025-09,2025-10-01,2025-10-31,,open,3600.00,5583.91,606.53,9790.44
INV003769,MER0222,2025-09,2025-10-01,2025-10-31,,open,3600.00,4644.31,504.47,8748.78
INV003770,MER0223,2025-09,2025-10-01,2025-10-31,,open,1800.00,3093.22,335.99,5229.21
INV003771,MER0224,2025-09,2025-10-01,2025-10-31,,open,3600.00,3865.78,419.90,7885.68
INV003772,MER0225,2025-09,2025-10-01,2025-10-31,,open,3600.00,10299.80,1118.77,15018.57
INV003773,MER0226,2025-09,2025-10-01,2025-10-31,,open,7200.00,56101.57,6093.79,69395.36
INV003774,MER0227,2025-09,2025-10-01,2025-10-31,,open,3600.00,5843.42,634.72,10078.14
INV003775,MER0228,2025-09,2025-10-01,2025-10-31,,open,3600.00,11069.38,1202.36,15871.74
INV003776,MER0229,2025-09,2025-10-01,2025-10-31,,open,1800.00,2186.43,237.49,4223.92
INV003777,MER0230,2025-09,2025-10-01,2025-10-31,,open,3600.00,7328.88,796.07,11724.95
INV003778,MER0001,2025-06,2025-06-14,2025-07-01,2025-06-14,credited,0.00,-4820.00,0.00,-4820.00
