application_id,age,income,employment_years,loan_amount,term_months,existing_debt,dti,prior_defaults,inquiries_6m,purpose,region,defaulted_12m
A200000,44,73561,7.1,9842,36,6899,0.0915,1,2,debt_consolidation,south,0
A200001,30,51324,3.4,5290,36,2694,0.0606,0,0,home_improvement,east,0
A200002,33,28528,10.7,6314,36,4290,0.149,0,0,debt_consolidation,south,0
A200003,38,95518,13.2,3223,24,2987,0.0325,0,0,education,central,0
A200004,34,116911,6.8,3617,36,919,0.0142,0,2,car,south,0
A200005,42,81316,6.7,9289,48,830,0.0337,1,0,home_improvement,south,0
A200006,48,39642,4.6,5024,36,6341,0.1222,0,3,car,central,0
A200007,25,44545,3.4,2136,60,952,0.0203,0,2,medical,central,0
A200008,32,68781,7.4,6251,36,3596,0.0564,0,1,other,south,0
A200009,49,42034,3.9,11742,48,8465,0.1705,0,1,debt_consolidation,north,0
A200010,21,96850,8.0,7145,60,9877,0.0657,2,3,debt_consolidation,east,0
A200011,35,24958,8.8,17515,36,5960,0.3533,0,0,home_improvement,north,0
A200012,35,51600,0.5,7037,60,1367,0.0405,0,1,car,central,0
A200013,30,55594,4.5,33550,48,5758,0.2027,0,1,home_improvement,south,0
A200014,34,36583,1.4,5453,24,12426,0.2444,2,2,car,east,0
A200015,44,66704,10.1,28682,12,441,0.4333,0,2,debt_consolidation,south,0
A200016,35,71521,6.2,37977,12,4097,0.5596,0,2,debt_consolidation,central,0
A200017,36,72408,1.9,5632,60,6225,0.0585,0,2,debt_consolidation,central,0
A200018,54,74673,7.2,10448,60,9897,0.0943,0,0,car,south,0
A200019,21,103522,1.5,27187,24,8425,0.172,0,1,car,east,0
A200020,32,34567,1.9,4757,36,10566,0.1987,0,1,debt_consolidation,north,0
A200021,36,39525,1.7,20819,12,29037,0.8941,0,0,home_improvement,north,1
A200022,48,33068,6.9,4629,24,1881,0.0984,1,2,car,south,0
A200023,24,81808,3.9,5607,60,11030,0.0811,0,0,debt_consolidation,central,0
A200024,53,94336,3.9,6204,48,5271,0.0444,0,1,car,central,0
A200025,43,78024,4.0,7319,24,1239,0.0548,0,0,car,central,0
A200026,34,26623,1.9,5098,36,574,0.0746,0,1,debt_consolidation,central,0
A200027,37,24003,3.0,8749,24,2532,0.235,0,4,car,south,0
A200028,49,30245,5.1,4251,36,1050,0.0642,0,1,home_improvement,south,0
A200029,21,83389,5.4,5869,12,10800,0.1351,0,3,car,south,0
A200030,46,71522,1.1,4400,24,943,0.0374,0,0,medical,south,0
A200031,32,113499,7.8,9680,12,52570,0.3169,0,2,medical,south,1
A200032,24,32070,3.5,5855,48,1526,0.0694,0,0,debt_consolidation,south,0
A200033,43,54373,8.0,7685,36,7038,0.1118,2,1,home_improvement,central,0
A200034,56,127796,19.1,9071,60,1999,0.022,0,0,home_improvement,east,0
A200035,49,20203,0.8,12459,24,3718,0.4004,2,5,debt_consolidation,south,0
A200036,29,69130,3.2,19915,12,2692,0.3076,0,1,other,south,0
A200037,43,78592,3.7,11740,60,40036,0.2846,0,3,home_improvement,south,0
A200038,58,57047,3.7,4647,60,8765,0.0931,1,2,debt_consolidation,central,1
A200039,43,55061,6.5,1414,48,2743,0.0313,0,0,debt_consolidation,central,0
A200040,49,85654,1.7,9943,12,16888,0.2147,0,1,debt_consolidation,central,0
A200041,43,65396,7.6,4428,24,576,0.0383,0,2,education,central,0
A200042,43,52987,9.4,15224,12,51036,0.7689,1,1,debt_consolidation,east,0
A200043,30,46798,5.7,2686,60,10804,0.1269,0,1,debt_consolidation,south,0
A200044,34,21869,6.8,5816,12,27218,0.8882,0,0,education,north,0
A200045,27,50444,3.4,11628,24,807,0.1233,0,4,car,central,0
A200046,47,31506,0.9,4573,60,13401,0.2417,2,3,car,east,1
A200047,25,92305,4.9,15013,60,2742,0.0474,2,2,home_improvement,south,0
A200048,44,30439,8.3,8424,12,2522,0.3182,0,0,car,south,0
A200049,23,31467,5.3,15586,36,2337,0.2022,0,2,debt_consolidation,central,1
A200050,34,85091,5.4,6017,36,9764,0.0809,0,2,home_improvement,south,0
A200051,53,37223,8.6,19397,48,2065,0.158,0,2,car,north,0
A200052,46,38812,1.3,12863,24,12796,0.3306,0,1,other,east,0
A200053,42,136464,5.1,10770,36,13025,0.074,1,1,home_improvement,south,0
A200054,31,35942,8.0,10512,36,700,0.1072,0,0,other,east,0
A200055,39,68089,1.8,6573,60,767,0.0249,0,2,debt_consolidation,north,0
A200056,44,140030,4.9,7544,48,1654,0.0194,0,0,education,central,0
A200057,52,40600,2.7,5591,12,52568,0.7851,0,0,debt_consolidation,central,1
A200058,37,78207,4.5,10674,36,4088,0.0716,1,2,debt_consolidation,south,0
A200059,26,38087,8.7,8953,36,23370,0.3852,0,4,debt_consolidation,north,1
A200060,39,36897,2.4,35296,60,1701,0.2144,0,0,debt_consolidation,central,0
A200061,49,54384,2.1,12552,36,1679,0.0924,0,2,medical,south,0
A200062,45,19649,4.5,11223,36,3227,0.2725,0,3,car,north,0
A200063,24,46974,9.7,4911,48,68922,0.7598,0,0,home_improvement,north,0
A200064,44,32763,2.8,10943,24,3100,0.2143,0,1,car,north,0
A200065,37,34392,7.6,5307,36,7403,0.1591,0,0,debt_consolidation,central,0
A200066,42,86028,6.2,5745,36,1923,0.0334,0,0,debt_consolidation,east,0
A200067,37,13804,8.2,6043,12,3527,0.5655,0,2,debt_consolidation,north,0
A200068,21,53713,1.1,4309,36,2513,0.0501,0,1,home_improvement,east,0
A200069,49,74770,1.1,18954,12,3531,0.2771,0,3,home_improvement,east,0
A200070,21,53440,3.0,6463,12,10275,0.2171,1,1,car,south,0
A200071,33,74184,1.0,18314,36,31765,0.2964,0,0,debt_consolidation,south,0
A200072,41,39580,3.4,17347,12,8721,0.5484,1,0,education,central,0
A200073,33,77122,1.1,26797,60,1092,0.0766,0,3,other,central,0
A200074,44,80198,4.3,18994,12,15490,0.3334,0,0,debt_consolidation,south,0
A200075,44,178895,3.6,21491,12,8675,0.1444,0,1,car,south,0
A200076,24,14484,3.5,8476,48,4024,0.2852,0,0,education,south,0
A200077,46,45775,1.1,5638,36,4831,0.0938,0,2,debt_consolidation,east,0
A200078,48,213557,1.2,3690,60,1181,0.0062,1,1,debt_consolidation,south,0
A200079,36,59714,2.0,19250,48,3497,0.1099,0,3,other,south,0
A200080,28,20141,4.3,14096,36,17470,0.667,0,2,debt_consolidation,east,1
A200081,43,63255,11.0,12550,36,8822,0.1359,0,0,home_improvement,east,0
A200082,27,44169,8.6,12931,60,46619,0.5863,0,1,car,east,0
A200083,41,47050,6.4,2700,36,2699,0.0478,0,1,home_improvement,north,0
A200084,36,76138,6.9,16298,60,1720,0.0541,0,0,education,central,0
A200085,21,22105,8.2,4895,24,1937,0.1545,0,2,debt_consolidation,north,0
A200086,56,172537,2.0,9838,60,11045,0.0434,0,2,home_improvement,north,0
A200087,26,69256,1.6,14643,24,1892,0.1194,1,0,education,central,0
A200088,54,96131,1.1,12360,60,6020,0.057,0,1,home_improvement,central,0
A200089,29,45938,4.3,8856,48,551,0.0542,2,1,home_improvement,central,0
A200090,48,28227,6.2,9756,60,9857,0.2437,0,2,debt_consolidation,north,0
A200091,47,85028,6.3,13271,48,2585,0.0542,0,4,debt_consolidation,south,0
A200092,45,42526,3.4,5749,24,2619,0.0984,1,2,car,east,0
A200093,30,80986,5.0,8183,48,3437,0.0465,0,5,home_improvement,east,0
A200094,36,31549,12.1,3640,36,2673,0.0808,0,0,home_improvement,east,0
A200095,38,75721,4.4,4961,24,18753,0.1566,0,1,debt_consolidation,central,0
A200096,34,37071,5.4,27856,48,3548,0.2357,0,0,home_improvement,east,0
A200097,26,109224,5.1,31959,48,4758,0.0949,0,0,car,north,0
A200098,41,52689,7.0,20302,24,3194,0.223,0,2,home_improvement,east,0
A200099,49,53273,1.8,1703,36,5669,0.0639,2,2,debt_consolidation,central,0
A200100,33,91039,0.1,9862,60,23896,0.1529,0,0,education,north,0
A200101,21,16300,1.1,4990,24,2052,0.216,0,1,home_improvement,south,0
A200102,30,48372,4.4,19173,48,5169,0.1525,2,1,debt_consolidation,north,0
A200103,45,39967,4.3,8565,36,11470,0.2149,0,0,home_improvement,south,0
A200104,41,45546,4.1,3954,48,1470,0.0378,0,0,debt_consolidation,south,0
A200105,24,97280,2.7,8841,24,5976,0.0762,0,2,education,central,0
A200106,44,27650,4.7,6492,24,4275,0.1947,0,0,other,east,0
A200107,33,30667,3.9,4036,36,3802,0.1059,0,1,car,central,0
A200108,46,139579,4.8,5081,36,2396,0.0207,0,2,education,south,0
A200109,41,46019,3.5,49354,36,1374,0.3724,0,1,debt_consolidation,north,0
A200110,49,82077,5.3,2873,12,18250,0.1462,0,4,medical,central,0
A200111,38,67890,10.3,13979,48,1674,0.0638,0,2,debt_consolidation,central,0
A200112,25,28072,3.9,25904,60,22070,0.5777,0,0,other,east,0
A200113,27,43713,0.8,3280,24,7484,0.1231,0,0,medical,east,0
A200114,46,133888,3.6,7912,48,7677,0.0434,0,4,home_improvement,south,0
A200115,32,135281,8.3,2419,24,4953,0.0272,0,3,debt_consolidation,south,0
A200116,40,52505,2.6,5823,60,2354,0.0446,0,0,other,south,0
A200117,24,87265,1.0,4181,24,1663,0.0335,1,3,home_improvement,central,0
A200118,37,21569,7.0,10223,36,5262,0.28,0,2,other,east,0
A200119,40,37294,2.1,20164,60,16404,0.3281,0,0,home_improvement,central,1
A200120,21,150850,13.1,21313,24,4190,0.0845,0,1,education,north,0
A200121,29,69022,2.5,13033,48,12516,0.1379,0,1,debt_consolidation,south,0
A200122,59,58860,15.3,3710,12,10788,0.1547,0,0,debt_consolidation,east,0
A200123,56,28153,4.6,8749,12,11899,0.5221,0,1,debt_consolidation,south,0
A200124,45,39796,9.2,8554,24,8650,0.2162,0,3,debt_consolidation,east,0
A200125,44,61636,5.0,5851,36,15926,0.1608,0,1,car,north,0
A200126,35,74554,9.4,5120,36,2067,0.0368,1,0,home_improvement,east,0
A200127,36,23622,3.8,9132,48,4438,0.1906,0,2,car,south,0
A200128,21,24544,1.8,8600,60,628,0.0829,0,4,home_improvement,central,0
A200129,45,128079,5.5,3393,36,1006,0.0128,0,5,car,south,0
A200130,35,74215,4.7,9359,60,33761,0.2527,1,3,other,east,0
A200131,29,42223,3.7,25127,36,12046,0.341,1,0,education,east,0
A200132,24,28606,3.1,5985,60,1648,0.0706,0,2,education,south,0
A200133,45,35422,2.2,6223,12,15725,0.3976,0,0,debt_consolidation,central,0
A200134,34,21855,10.3,9327,24,2534,0.2714,0,4,car,east,0
A200135,36,47868,6.1,18222,60,8734,0.1674,0,0,debt_consolidation,north,0
A200136,48,50596,2.0,14959,24,17214,0.3179,1,0,debt_consolidation,north,1
A200137,34,73956,1.6,8397,12,2783,0.1324,0,1,home_improvement,south,0
A200138,52,19493,4.1,6080,60,7268,0.2488,0,1,debt_consolidation,south,0
A200139,51,55093,4.8,8828,24,13944,0.2067,0,1,debt_consolidation,south,0
A200140,49,35992,5.0,8157,48,1186,0.0731,0,0,home_improvement,north,0
A200141,29,37451,1.2,10349,24,2929,0.1773,0,3,debt_consolidation,central,0
A200142,35,98353,2.2,8967,48,1349,0.0297,0,0,debt_consolidation,south,0
A200143,37,82952,0.3,15191,48,5780,0.0806,0,3,other,south,0
A200144,26,110012,3.7,3328,24,4195,0.0342,0,4,car,east,0
A200145,41,75417,4.8,7249,24,9074,0.1082,1,0,car,east,0
A200146,37,47833,5.5,11944,12,10688,0.3614,0,5,education,north,0
A200147,21,29563,7.9,6527,60,6404,0.1525,0,1,debt_consolidation,central,0
A200148,30,37795,4.2,7116,60,31676,0.4567,1,2,debt_consolidation,central,1
A200149,41,40083,2.0,30095,60,11125,0.2889,2,4,home_improvement,central,1
A200150,39,111685,5.4,6751,48,1593,0.0222,1,2,debt_consolidation,south,0
A200151,49,19675,8.8,14179,48,24444,0.8014,0,0,car,north,0
A200152,35,70033,0.8,4410,60,24358,0.1865,0,1,home_improvement,central,0
A200153,35,52263,5.1,12874,24,5384,0.1747,0,5,debt_consolidation,east,0
A200154,46,116515,5.8,18683,48,1612,0.047,0,4,car,north,0
A200155,68,42122,1.0,2692,48,6341,0.0912,0,1,debt_consolidation,central,0
A200156,36,59065,4.7,7352,48,14951,0.1577,0,2,car,east,0
A200157,21,41216,1.0,6383,60,6151,0.1056,0,0,debt_consolidation,north,0
A200158,28,100074,0.9,10299,12,939,0.1076,0,2,debt_consolidation,south,0
A200159,38,73086,4.3,4435,60,1756,0.0241,0,0,other,east,0
A200160,31,56697,6.5,16080,48,1544,0.0845,1,1,education,central,1
A200161,21,47428,8.8,10311,36,31114,0.4005,0,0,medical,north,1
A200162,44,22434,2.1,5044,48,1972,0.1002,0,0,debt_consolidation,north,0
A200163,42,49623,10.1,8120,24,2740,0.1094,0,0,education,east,0
A200164,38,27303,7.1,24945,24,30570,1.0166,0,2,other,east,0
A200165,30,35718,4.9,19513,48,12096,0.3059,0,1,car,central,0
A200166,25,33322,3.8,10926,24,3951,0.2232,0,1,debt_consolidation,north,0
A200167,43,61435,4.5,17107,36,10420,0.1776,0,1,education,north,0
A200168,24,53951,13.1,6001,48,34308,0.3458,0,0,debt_consolidation,north,0
A200169,38,28136,4.1,8381,36,4562,0.1804,0,1,home_improvement,north,0
A200170,48,81927,1.7,5037,48,6545,0.0553,0,1,other,south,0
A200171,41,48418,4.1,9673,24,2688,0.1276,0,0,debt_consolidation,south,0
A200172,40,44732,9.5,7119,36,1096,0.0653,0,1,debt_consolidation,east,0
A200173,33,21150,14.6,15707,36,1558,0.2844,0,0,debt_consolidation,central,0
A200174,62,27862,0.9,8001,12,1721,0.318,0,0,debt_consolidation,central,0
A200175,57,40858,1.8,13030,36,1193,0.1209,0,4,other,central,0
A200176,37,112707,2.1,22089,36,2097,0.0746,0,1,car,east,0
A200177,53,81295,1.8,22217,24,14733,0.2273,0,1,car,central,0
A200178,48,61976,9.2,11823,48,10774,0.1346,0,2,home_improvement,east,0
A200179,50,102753,4.5,6367,48,13322,0.0803,0,0,education,east,0
A200180,30,46696,11.9,15135,48,1538,0.0975,2,1,debt_consolidation,south,0
A200181,42,134265,6.2,10498,60,14272,0.0688,0,0,home_improvement,east,0
A200182,46,20219,12.5,12473,36,14335,0.5601,1,0,debt_consolidation,east,0
A200183,45,26124,9.3,7587,12,3677,0.3608,0,0,medical,central,0
A200184,38,57944,4.9,13847,24,45803,0.5147,2,0,education,south,1
A200185,32,25508,1.4,12924,48,4401,0.2129,0,2,home_improvement,north,0
A200186,55,90197,3.8,7031,48,4411,0.0439,0,3,home_improvement,central,0
A200187,50,65006,10.5,6942,36,27545,0.2475,0,3,home_improvement,east,0
A200188,25,54267,5.4,14393,24,978,0.1416,1,0,home_improvement,south,0
A200189,51,28243,2.4,8211,36,15148,0.3651,0,5,home_improvement,central,1
A200190,35,106288,9.9,11187,24,1961,0.0619,0,0,other,south,0
A200191,39,44135,8.7,5912,24,2203,0.0919,0,1,debt_consolidation,central,0
A200192,32,53120,10.8,50090,60,1093,0.1989,0,1,debt_consolidation,north,0
A200193,37,26064,2.5,13439,24,8186,0.4148,0,0,debt_consolidation,east,0
A200194,21,24458,6.0,5711,48,6422,0.1897,0,1,car,central,0
A200195,36,106770,4.8,6556,24,9992,0.0775,0,1,home_improvement,north,0
A200196,36,26317,8.8,7731,60,10708,0.2622,1,0,medical,north,0
A200197,50,26939,2.7,8264,48,10082,0.2638,1,0,education,south,0
A200198,47,25804,1.2,9493,36,7252,0.2632,1,3,home_improvement,central,0
A200199,29,35159,10.0,26393,36,5790,0.3326,1,5,home_improvement,north,1
A200200,39,111115,11.6,7222,60,3850,0.0303,0,0,education,south,0
A200201,34,31908,4.5,11916,60,981,0.0901,0,1,education,south,0
A200202,22,33655,9.9,10066,24,2857,0.192,0,0,home_improvement,east,0
A200203,29,33526,7.2,8636,48,9927,0.2124,0,1,debt_consolidation,north,1
A200204,21,25407,12.1,5257,36,598,0.0807,0,1,other,central,0
A200205,51,31461,2.4,13033,48,15128,0.344,0,1,debt_consolidation,north,0
A200206,28,127768,6.4,8167,48,2197,0.0246,1,1,car,north,0
A200207,29,99823,11.0,14100,60,7169,0.0642,0,4,education,north,0
A200208,38,93414,3.0,11923,12,6684,0.1634,1,4,medical,south,1
A200209,30,101029,9.4,6535,12,4315,0.086,0,3,medical,south,0
A200210,48,58764,4.7,10694,60,4881,0.0779,0,1,debt_consolidation,east,0
A200211,38,36915,6.4,5635,36,4775,0.1156,0,2,other,north,0
A200212,41,48818,4.5,11531,36,3170,0.1112,0,4,debt_consolidation,east,0
A200213,42,47671,6.9,7700,24,1432,0.0958,0,3,education,east,0
A200214,26,20340,4.5,3516,36,3221,0.1368,0,0,home_improvement,south,0
A200215,43,34613,6.5,5624,12,618,0.1714,0,2,car,north,0
A200216,38,52929,4.5,6604,12,3849,0.1611,0,2,home_improvement,south,0
A200217,40,240000,3.2,7776,36,13840,0.0396,0,3,car,south,0
A200218,30,94605,2.8,17710,24,2531,0.107,0,2,medical,east,0
A200219,42,40001,1.2,5434,48,15712,0.2304,0,0,education,east,0
A200220,45,34631,2.4,5676,24,20600,0.3794,0,1,debt_consolidation,east,0
A200221,51,25412,13.4,17689,60,11609,0.3676,0,1,other,east,0
A200222,38,103947,1.9,9411,12,14164,0.1587,0,0,debt_consolidation,south,0
A200223,33,46255,10.0,13749,12,4610,0.3471,0,1,debt_consolidation,east,0
A200224,42,106954,1.1,9726,24,15619,0.1185,0,0,education,east,0
A200225,35,47459,5.0,8512,36,1692,0.0776,0,2,home_improvement,east,0
A200226,32,77367,2.6,4904,48,2757,0.0337,0,5,car,east,0
A200227,48,70271,3.0,8420,24,2503,0.0777,0,3,education,south,0
A200228,54,34122,6.1,3939,60,2710,0.0628,0,0,debt_consolidation,central,0
A200229,40,24478,18.6,13844,24,3488,0.354,0,2,car,north,0
A200230,51,63345,6.1,4961,24,9561,0.1146,0,0,other,south,0
A200231,23,22341,1.6,60000,48,1464,0.7042,0,0,car,north,0
A200232,47,59938,4.4,10980,36,28294,0.2971,2,2,debt_consolidation,north,0
A200233,33,26075,3.5,8582,12,1433,0.3566,0,2,debt_consolidation,east,1
A200234,29,30721,3.8,5056,36,13702,0.2779,0,1,debt_consolidation,east,0
A200235,37,101039,0.2,14847,12,3822,0.1659,0,0,debt_consolidation,east,1
A200236,33,69100,10.6,8002,24,9566,0.1271,0,3,home_improvement,north,0
A200237,32,74237,13.4,24455,36,1346,0.1189,0,1,home_improvement,central,0
A200238,56,36259,3.3,8327,12,801,0.2407,1,4,debt_consolidation,central,1
A200239,24,71540,11.3,5462,60,687,0.0201,0,2,debt_consolidation,south,0
A200240,53,39619,1.6,10650,24,13975,0.3108,0,0,medical,north,0
A200241,38,47612,2.6,9746,48,35845,0.4276,0,1,car,central,0
A200242,51,55302,1.7,9707,60,9871,0.1244,0,0,other,south,0
A200243,42,26263,4.1,6994,48,25067,0.5438,0,0,debt_consolidation,south,0
A200244,38,83020,2.1,7401,60,10751,0.0826,0,1,home_improvement,central,0
A200245,62,91003,5.3,12613,60,20480,0.1402,0,1,debt_consolidation,east,0
A200246,31,46969,2.5,6853,12,4143,0.19,1,0,debt_consolidation,east,1
A200247,45,16257,3.0,5839,12,2735,0.4433,1,1,medical,east,0
A200248,37,56121,4.6,3500,36,9124,0.1021,0,0,car,east,0
A200249,39,38287,9.8,4785,12,5236,0.1934,1,2,debt_consolidation,east,0
A200250,26,62158,2.8,8893,60,3702,0.0584,0,0,education,south,0
A200251,40,59179,2.1,14399,36,1261,0.0918,0,4,education,east,0
A200252,21,64401,3.6,1680,48,16074,0.1313,0,3,car,central,0
A200253,57,37866,3.6,12408,12,4647,0.389,0,1,home_improvement,central,0
A200254,35,40575,3.8,17438,60,7995,0.1845,0,2,car,central,0
A200255,28,47002,4.8,6704,60,5410,0.0861,0,0,education,south,0
A200256,40,22537,1.7,4372,36,6772,0.2149,1,4,home_improvement,south,0
A200257,21,59405,4.4,7084,60,13517,0.1376,0,0,education,central,0
A200258,48,48408,6.3,7427,24,10422,0.1844,0,0,debt_consolidation,north,0
A200259,40,46237,5.7,9276,24,14703,0.2593,0,1,debt_consolidation,south,0
A200260,22,71224,12.6,8594,48,8965,0.0931,0,0,debt_consolidation,central,0
A200261,50,121348,5.6,8671,36,26055,0.1312,0,2,debt_consolidation,south,0
A200262,34,20709,6.0,3830,24,3450,0.1758,0,1,debt_consolidation,north,0
A200263,47,27916,10.2,4672,12,24873,0.6129,1,0,car,north,0
A200264,52,160759,5.6,23338,60,1208,0.0328,0,1,other,east,0
A200265,32,53843,6.6,15038,60,6937,0.1203,0,2,debt_consolidation,south,0
A200266,33,76081,6.6,12409,48,34398,0.2668,2,0,car,north,1
A200267,25,20947,5.3,3981,60,4449,0.1442,0,0,car,central,0
A200268,33,54634,4.0,13356,36,8387,0.1582,0,4,debt_consolidation,south,0
A200269,21,27694,4.4,9465,12,6288,0.4553,0,3,medical,north,0
A200270,23,37472,4.9,16014,48,18921,0.3593,0,2,car,north,0
A200271,36,57650,0.6,5453,36,2841,0.0562,0,1,medical,east,0
A200272,50,97410,5.5,4881,24,2805,0.0395,0,2,debt_consolidation,central,0
A200273,27,20451,8.8,4854,24,4796,0.2359,0,1,debt_consolidation,north,0
A200274,37,42908,5.1,9208,36,2529,0.101,0,0,other,central,0
A200275,39,66568,4.2,5960,36,626,0.0345,0,1,car,central,0
A200276,50,60252,2.1,4455,48,17658,0.165,1,2,debt_consolidation,east,1
A200277,38,57125,1.2,4400,60,2249,0.0351,0,0,debt_consolidation,central,0
A200278,35,26799,5.9,7949,36,3177,0.1581,0,1,car,south,0
A200279,29,106027,2.5,3028,48,5111,0.0312,0,1,home_improvement,north,0
A200280,27,66703,3.9,7304,48,594,0.0318,2,5,car,north,0
A200281,37,48253,7.6,11530,36,7482,0.1572,0,2,education,east,0
A200282,36,70271,2.4,8484,24,22643,0.2215,0,5,car,north,0
A200283,33,52027,5.4,14101,36,1436,0.1041,1,0,debt_consolidation,north,0
A200284,35,24373,2.1,27648,24,1660,0.6012,0,1,debt_consolidation,central,0
A200285,37,89225,5.2,3631,12,9436,0.0936,0,2,debt_consolidation,north,0
A200286,53,70067,6.4,15607,48,9811,0.1257,0,0,debt_consolidation,central,0
A200287,31,63769,2.7,5063,24,1442,0.051,0,1,car,east,0
A200288,21,61440,1.6,7958,48,44834,0.3972,0,0,car,central,0
A200289,43,35579,4.6,5024,24,4398,0.1324,0,0,car,north,0
A200290,29,43507,1.5,5801,24,6863,0.1455,0,0,medical,central,0
A200291,60,46830,4.5,5578,48,18171,0.2238,0,1,education,north,0
A200292,57,18817,7.1,16756,36,1676,0.3414,0,1,debt_consolidation,south,0
A200293,38,66882,3.2,9128,36,1951,0.0601,0,2,car,east,0
A200294,47,130139,8.0,33771,60,40726,0.2084,0,1,debt_consolidation,central,0
A200295,35,162340,8.2,14240,48,4739,0.0365,0,0,education,east,0
A200296,54,84996,1.9,4824,24,10765,0.0917,1,0,other,east,0
A200297,39,124242,5.6,8452,12,2443,0.0779,0,0,education,north,0
A200298,59,28870,2.5,4384,24,3093,0.1295,0,0,debt_consolidation,central,0
A200299,34,34777,0.7,4301,12,19884,0.4096,0,2,car,east,0
A200300,21,54160,3.0,5827,36,6122,0.0924,1,0,debt_consolidation,north,0
A200301,46,36114,3.6,9257,36,5000,0.1547,0,1,education,north,1
A200302,34,57821,6.8,20943,60,17197,0.2211,1,0,education,central,0
A200303,49,135081,0.5,11180,12,1763,0.0893,0,0,medical,south,0
A200304,45,98131,1.9,8739,48,5735,0.0515,0,0,car,south,0
A200305,41,48541,2.7,12900,60,1177,0.0653,0,0,debt_consolidation,central,0
A200306,47,35314,8.9,7762,36,3535,0.1233,0,0,debt_consolidation,east,0
A200307,21,61864,5.7,18753,36,6111,0.1504,0,0,car,north,0
A200308,41,85306,4.5,21380,12,1267,0.2581,0,1,debt_consolidation,south,0
A200309,30,28949,6.9,11808,36,2368,0.1769,0,0,debt_consolidation,east,0
A200310,46,40761,0.3,9224,60,7141,0.1329,0,3,car,north,0
A200311,44,53564,1.8,4913,12,11588,0.1999,0,0,debt_consolidation,north,0
A200312,28,59894,8.9,25186,60,1501,0.0966,0,2,debt_consolidation,east,0
A200313,40,91383,2.7,10952,12,4739,0.1458,0,2,car,east,0
A200314,21,23801,4.4,10488,12,4026,0.5252,0,0,medical,east,0
A200315,32,140307,2.3,11898,24,2809,0.0524,0,0,other,north,0
A200316,25,62191,9.0,2847,24,3077,0.0476,0,0,medical,north,0
A200317,40,48449,3.5,4415,36,6652,0.099,0,0,education,east,0
A200318,27,27099,2.1,10067,60,7375,0.2104,1,0,medical,central,0
A200319,37,35826,6.9,7911,36,944,0.0868,0,1,debt_consolidation,east,0
A200320,32,38334,10.2,10839,36,3684,0.1423,0,1,home_improvement,central,0
A200321,34,64297,5.7,8472,24,3859,0.0959,2,5,home_improvement,south,1
A200322,35,92766,0.8,5565,24,791,0.0343,0,0,home_improvement,north,0
A200323,26,61645,5.8,5851,36,9934,0.1122,0,1,debt_consolidation,south,0
A200324,38,47058,0.8,11257,24,6198,0.1855,0,1,other,north,0
A200325,41,70720,7.6,6455,60,22153,0.1749,0,3,car,east,0
A200326,35,47984,12.2,15500,60,1023,0.0753,0,0,debt_consolidation,north,0
A200327,29,64719,2.3,9868,24,20140,0.2318,0,0,debt_consolidation,east,0
A200328,31,69448,1.5,9780,24,23660,0.2408,0,1,home_improvement,east,0
A200329,42,33444,4.4,10552,48,24169,0.4402,0,1,debt_consolidation,north,0
A200330,29,37951,12.8,16251,24,3339,0.2581,0,0,car,south,0
A200331,31,15738,2.7,16626,36,18836,0.9506,0,1,other,central,0
A200332,21,40472,7.7,7515,36,39063,0.5445,0,2,debt_consolidation,south,1
A200333,46,99050,2.6,7088,36,10134,0.075,2,0,debt_consolidation,central,0
A200334,29,39443,0.5,4162,36,16559,0.2451,0,0,home_improvement,central,0
A200335,35,56450,4.4,12574,60,3320,0.074,1,2,home_improvement,east,0
A200336,35,49059,2.7,16503,12,4938,0.3867,0,0,car,north,1
A200337,39,35329,6.7,9890,36,4414,0.1558,1,0,debt_consolidation,central,0
A200338,38,69554,6.2,7345,48,2137,0.0418,0,1,debt_consolidation,south,0
A200339,23,28186,12.6,9844,12,4275,0.4251,0,1,car,central,0
A200340,28,67560,4.2,4979,60,2414,0.0326,0,1,education,central,0
A200341,37,48843,3.6,12251,48,10325,0.1684,0,0,education,east,0
A200342,31,72130,3.6,7982,36,2178,0.052,0,1,debt_consolidation,north,0
A200343,51,42346,6.9,9329,60,3230,0.0822,0,4,medical,north,0
A200344,21,55356,6.5,2322,60,12046,0.1172,0,1,debt_consolidation,central,0
A200345,21,56816,5.9,4213,48,843,0.026,0,2,car,east,0
A200346,58,39450,2.5,4610,24,7854,0.158,0,2,home_improvement,north,0
A200347,40,63548,7.0,8704,48,841,0.0409,0,0,debt_consolidation,central,0
A200348,30,13726,0.4,7037,60,2980,0.2111,0,0,debt_consolidation,north,0
A200349,33,20848,2.3,4743,12,6527,0.384,0,0,debt_consolidation,south,0
A200350,38,10420,2.0,9631,60,3601,0.3576,0,1,car,central,0
A200351,49,50064,13.7,16961,24,880,0.1782,0,1,home_improvement,south,0
A200352,26,66435,5.5,20198,60,3563,0.0876,0,4,debt_consolidation,central,0
A200353,51,81638,5.3,12889,60,26887,0.1962,0,0,other,east,0
A200354,25,110286,1.2,10411,60,45717,0.2261,0,1,debt_consolidation,east,0
A200355,44,30225,3.9,9503,36,1704,0.133,0,1,medical,south,0
A200356,38,42490,1.2,2291,12,24519,0.3424,0,0,home_improvement,south,0
A200357,40,113146,8.9,10763,60,3092,0.0327,0,0,debt_consolidation,south,0
A200358,32,71419,4.0,8799,48,4892,0.065,0,0,car,central,0
A200359,43,90115,6.8,6641,24,2579,0.0512,1,0,debt_consolidation,east,0
A200360,23,43345,4.9,47260,12,3894,1.1352,0,2,debt_consolidation,south,1
A200361,51,69235,10.1,15593,24,9868,0.1839,0,3,medical,east,0
A200362,36,40221,3.9,23580,24,7331,0.3843,0,3,education,north,1
A200363,39,37176,8.3,29012,48,3053,0.2362,1,3,home_improvement,north,0
A200364,28,45779,2.5,14947,12,55802,0.936,0,1,medical,central,1
A200365,44,82354,1.4,6423,24,85593,0.5587,1,0,other,south,0
A200366,39,41516,0.6,13174,36,27510,0.4371,0,1,other,south,0
A200367,42,15386,6.5,4982,60,5244,0.2352,0,1,home_improvement,east,0
A200368,50,55572,2.3,18236,60,5416,0.1144,0,3,home_improvement,south,1
A200369,35,69036,0.3,15452,60,6163,0.0894,0,1,car,central,0
A200370,51,71254,1.0,8119,36,5606,0.0773,0,1,debt_consolidation,east,1
A200371,38,50792,4.7,11550,60,3933,0.0842,0,3,debt_consolidation,east,0
A200372,50,89142,0.7,6144,24,1347,0.042,1,1,debt_consolidation,east,1
A200373,54,42683,2.3,14305,60,13563,0.2259,0,4,debt_consolidation,north,0
A200374,33,19287,1.4,15196,12,10844,1.069,0,3,debt_consolidation,central,1
A200375,21,48032,3.6,3177,24,19595,0.2371,0,1,home_improvement,south,0
A200376,41,34756,5.9,20792,60,1618,0.1429,0,0,education,north,0
A200377,38,120507,7.1,8534,24,5746,0.0592,0,0,education,east,0
A200378,30,76164,8.0,10448,24,10013,0.1343,0,2,debt_consolidation,central,1
A200379,29,15988,4.9,11499,48,15292,0.658,0,1,debt_consolidation,north,0
A200380,21,142362,0.9,7506,36,9085,0.0495,0,1,education,east,0
A200381,21,53528,6.2,3646,48,6760,0.0802,0,0,medical,north,0
A200382,44,47962,1.5,4577,60,1896,0.0389,0,0,other,south,0
A200383,48,83712,1.0,2794,12,3047,0.0516,0,0,debt_consolidation,south,0
A200384,21,37918,1.9,8686,60,1278,0.0627,0,4,debt_consolidation,north,1
A200385,25,37299,11.6,12219,60,8263,0.1763,1,0,debt_consolidation,east,0
A200386,51,56868,1.5,3287,12,681,0.0638,1,2,home_improvement,south,0
A200387,44,32888,3.8,17470,24,5147,0.3438,0,4,home_improvement,south,0
A200388,46,30538,8.9,12242,60,15395,0.3322,0,1,debt_consolidation,central,1
A200389,31,90244,2.0,14679,12,7445,0.2039,0,0,home_improvement,east,0
A200390,36,54648,6.4,8642,12,9862,0.2484,1,1,car,south,0
A200391,35,61570,7.3,6776,12,8069,0.1756,0,1,home_improvement,central,0
A200392,30,53006,1.7,9890,24,22227,0.303,0,2,debt_consolidation,south,0
A200393,31,53407,6.2,6312,12,9121,0.2036,0,1,education,central,0
A200394,32,35363,2.1,23473,24,7560,0.4388,0,2,car,south,0
A200395,29,90297,6.5,14906,60,7197,0.0729,0,1,debt_consolidation,south,0
A200396,29,22628,12.1,3925,36,9164,0.2603,0,1,education,south,0
A200397,54,62802,3.7,6752,36,1028,0.044,0,0,medical,central,0
A200398,27,48756,3.0,11662,12,9480,0.3364,0,1,medical,central,0
A200399,33,62882,4.6,6756,12,2444,0.1269,0,1,car,central,0
A200400,35,81383,1.9,5812,24,8520,0.0881,0,1,debt_consolidation,central,0
A200401,43,42221,4.8,13583,48,4084,0.1288,1,3,home_improvement,north,0
A200402,40,62333,6.0,4594,48,9292,0.093,0,3,education,north,0
A200403,44,28173,7.7,10219,60,1130,0.0926,0,0,other,east,0
A200404,49,70275,3.4,19915,12,2768,0.3031,0,2,debt_consolidation,south,0
A200405,50,86417,5.5,6673,60,978,0.0211,0,0,other,north,0
A200406,30,25852,1.7,12669,24,1002,0.2644,0,2,education,north,0
A200407,37,46871,1.7,15030,60,6689,0.1355,0,2,car,central,0
A200408,47,71387,1.2,5713,60,18154,0.1432,0,0,car,north,0
A200409,33,69110,8.4,4065,48,17938,0.1445,0,0,debt_consolidation,north,0
A200410,46,33746,6.2,5989,12,69044,1.2,0,3,car,central,1
A200411,48,55499,12.5,4142,48,30413,0.2927,1,2,education,south,0
A200412,27,42171,3.9,30252,48,2307,0.2067,0,0,debt_consolidation,east,0
A200413,50,72697,1.7,4822,12,8395,0.1241,0,0,other,east,0
A200414,43,101622,6.8,4849,24,1942,0.0334,0,1,home_improvement,east,0
A200415,36,69963,9.4,12824,48,19447,0.1848,1,1,other,north,0
A200416,21,37309,4.7,10428,60,6887,0.1482,0,0,debt_consolidation,south,0
A200417,51,37833,7.2,16816,24,6570,0.3091,0,0,car,east,0
A200418,26,27683,1.0,10218,36,4579,0.2057,0,3,other,south,0
A200419,31,17639,6.4,23346,60,3609,0.367,0,2,debt_consolidation,south,0
A200420,38,35575,2.4,3420,24,2673,0.0856,2,3,debt_consolidation,north,0
A200421,51,73065,5.2,13679,24,4942,0.1274,0,0,debt_consolidation,east,0
A200422,29,64985,6.5,5877,12,2294,0.1081,0,0,car,central,0
A200423,39,87043,2.6,3050,12,18133,0.1392,1,0,car,central,0
A200424,34,67650,1.3,11665,24,12967,0.1821,0,0,debt_consolidation,east,0
A200425,43,35115,9.3,4693,60,4383,0.0891,0,1,education,central,0
A200426,61,78457,3.2,4203,48,7161,0.059,1,3,home_improvement,south,0
A200427,39,67440,7.1,6658,48,432,0.0279,0,4,debt_consolidation,north,0
A200428,37,72029,8.0,24752,48,6989,0.1344,0,3,home_improvement,east,1
A200429,32,61224,3.3,1787,48,1517,0.0197,0,0,debt_consolidation,central,0
A200430,34,150827,1.8,5626,60,15219,0.0579,0,4,debt_consolidation,east,0
A200431,31,44892,6.3,6044,60,4883,0.0813,0,2,debt_consolidation,east,0
A200432,21,49173,6.4,12338,36,6144,0.1461,0,0,car,central,0
A200433,36,76447,4.9,7535,24,9260,0.1098,0,0,education,south,0
A200434,37,24064,4.8,4191,12,2374,0.2235,0,4,home_improvement,central,0
A200435,34,88407,4.9,3160,24,927,0.0231,1,5,education,north,0
A200436,36,62862,3.0,13987,60,13707,0.1535,0,0,debt_consolidation,east,0
A200437,46,71552,6.9,10630,48,4969,0.0719,3,1,debt_consolidation,east,1
A200438,34,30302,5.2,9316,60,661,0.0724,0,4,education,north,0
A200439,30,92648,6.8,12373,12,2551,0.1473,0,0,home_improvement,south,0
A200440,24,112968,6.9,6368,48,99814,0.4559,0,0,home_improvement,central,0
A200441,49,40623,2.6,4166,24,3054,0.0889,2,1,debt_consolidation,east,1
A200442,37,84302,4.7,25273,24,4151,0.1745,0,1,medical,central,0
A200443,44,18941,4.7,8214,36,7640,0.3462,0,1,car,east,0
A200444,38,67426,2.6,13469,36,27987,0.2741,0,0,debt_consolidation,central,0
A200445,33,92225,0.3,6083,12,354,0.0679,0,4,medical,north,0
A200446,31,53325,5.1,5776,24,210872,1.2,0,2,debt_consolidation,south,1
A200447,46,30462,4.9,19606,36,3299,0.2687,3,0,other,central,0
A200448,72,36950,8.9,5541,60,2625,0.0655,0,1,education,south,0
A200449,45,51536,6.3,15812,24,15868,0.3074,0,0,other,north,0
A200450,60,59098,2.3,5878,24,18630,0.2074,0,0,other,east,0
A200451,65,25901,6.0,8530,60,6382,0.1891,0,1,education,south,1
A200452,38,62299,4.1,4279,60,4449,0.0494,0,5,education,central,1
A200453,36,30844,2.1,4274,12,15901,0.3963,1,1,medical,central,0
A200454,50,23083,2.9,14927,12,2902,0.7095,0,3,medical,east,0
A200455,35,77299,3.4,31323,60,6763,0.1248,0,4,home_improvement,east,0
A200456,35,71408,6.2,11308,48,22137,0.1946,0,1,debt_consolidation,east,0
A200457,21,61931,4.9,7419,12,19681,0.2787,0,1,car,north,0
A200458,21,56922,7.0,7035,24,8946,0.1404,0,2,debt_consolidation,north,0
A200459,26,23815,8.8,25339,24,6540,0.6693,0,1,debt_consolidation,south,1
A200460,33,47014,2.7,7394,12,63343,0.8309,0,1,car,central,0
A200461,38,62632,1.7,55100,48,10062,0.3003,0,0,education,south,0
A200462,36,112460,5.6,7527,12,3198,0.0811,0,3,other,north,0
A200463,23,34414,1.0,3426,24,3560,0.1015,0,3,other,east,0
A200464,43,42008,2.9,4664,60,47773,0.5908,1,2,other,east,0
A200465,22,67887,1.9,21662,12,973,0.3263,0,1,education,east,0
A200466,28,72739,1.7,2456,12,17534,0.1543,0,1,medical,north,0
A200467,39,74723,5.4,13950,36,2244,0.0772,0,1,education,central,0
A200468,36,45618,0.8,5687,24,3394,0.0995,0,0,debt_consolidation,south,0
A200469,26,69047,2.9,11335,24,7039,0.1331,0,0,car,east,0
A200470,57,65022,3.1,8196,48,8661,0.0981,1,1,car,south,0
A200471,40,46155,2.6,9189,12,3790,0.2401,0,1,debt_consolidation,south,0
A200472,30,40801,2.1,13162,24,10617,0.2914,0,2,education,east,0
A200473,58,54302,1.2,6155,12,936,0.122,0,3,debt_consolidation,central,0
A200474,40,72903,1.4,12522,36,20831,0.2001,0,3,car,central,0
A200475,45,66792,0.7,2636,60,27409,0.2131,0,0,other,east,0
A200476,51,34266,7.7,6226,60,543,0.0443,0,1,car,south,0
A200477,42,34009,3.2,5714,12,39915,0.7548,0,2,debt_consolidation,north,0
A200478,53,145633,2.3,6443,48,56983,0.2067,0,0,car,north,0
A200479,35,52675,2.0,4530,12,4958,0.1331,0,4,medical,south,0
A200480,21,53083,3.0,12677,24,5020,0.1667,1,1,home_improvement,central,0
A200481,37,166409,6.4,12259,48,1318,0.0224,0,3,car,north,0
A200482,52,34359,2.3,4829,60,1709,0.053,0,1,education,south,0
A200483,30,34069,5.1,4925,36,4125,0.1087,3,0,other,south,1
A200484,21,32815,1.2,9504,24,5699,0.2316,0,0,car,north,0
A200485,25,45322,1.4,6306,60,13066,0.172,1,0,car,north,0
A200486,21,105898,9.7,4893,48,1838,0.0202,0,2,debt_consolidation,central,0
A200487,27,51968,4.3,8516,36,5995,0.1123,0,4,car,south,0
A200488,46,47700,1.2,12976,36,11479,0.211,0,0,other,north,0
A200489,39,42829,7.9,3730,48,8315,0.1188,0,1,home_improvement,north,0
A200490,48,55010,1.9,4002,24,2847,0.0623,0,1,car,north,0
A200491,46,56292,1.2,7149,48,12813,0.1456,0,3,car,north,0
A200492,48,33338,2.6,7077,36,7348,0.181,0,0,other,north,0
A200493,34,65892,3.6,4196,12,985,0.0712,0,1,medical,north,0
A200494,42,66181,1.5,10631,36,9470,0.1251,1,4,debt_consolidation,east,0
A200495,24,80738,0.9,14695,60,3562,0.0585,1,0,car,south,0
A200496,21,108849,15.1,3612,12,1011,0.0378,0,0,education,south,0
A200497,43,56310,3.5,5333,24,7463,0.1136,0,2,debt_consolidation,east,0
A200498,40,80529,2.8,15106,48,3163,0.0665,2,1,debt_consolidation,north,0
A200499,38,33054,0.6,5651,24,13244,0.2858,0,1,home_improvement,east,0
A200500,46,39667,3.1,12710,24,7332,0.2526,0,0,debt_consolidation,north,0
A200501,49,59155,1.3,14680,36,10837,0.1743,0,0,home_improvement,east,0
A200502,44,104214,1.4,10387,36,12004,0.0908,0,0,education,east,0
A200503,53,30082,1.3,4527,48,12221,0.2408,0,1,medical,east,1
A200504,44,57998,2.2,16727,36,5791,0.1461,1,0,debt_consolidation,central,0
A200505,38,32672,2.1,4222,24,76110,1.2,0,0,other,central,0
A200506,26,50168,3.4,15138,60,555,0.0659,0,0,medical,north,0
A200507,32,191254,2.3,3605,36,5909,0.0217,0,1,debt_consolidation,south,0
A200508,21,43243,7.1,17239,24,682,0.2072,0,1,education,north,1
A200509,34,81762,4.1,6163,48,676,0.023,0,1,car,east,0
A200510,25,142906,2.6,28931,48,32530,0.1644,0,1,debt_consolidation,south,0
A200511,30,41656,8.1,11859,24,1804,0.164,0,1,education,north,0
A200512,44,83300,7.3,8332,36,3361,0.0535,0,0,debt_consolidation,east,0
A200513,42,179321,18.1,15801,60,10622,0.0472,0,0,debt_consolidation,north,0
A200514,40,32445,3.8,4364,24,6194,0.1627,0,0,education,south,0
A200515,38,68257,1.8,3361,60,9207,0.0773,0,0,debt_consolidation,south,0
A200516,51,88139,2.5,8376,12,38075,0.311,0,1,other,central,0
A200517,49,192373,9.2,7537,36,491,0.0143,1,3,debt_consolidation,central,0
A200518,39,48681,7.1,9875,48,862,0.0596,0,0,debt_consolidation,north,0
A200519,40,68830,2.2,18674,60,4688,0.0883,0,3,home_improvement,east,0
A200520,21,52865,8.1,8491,60,4466,0.0744,0,2,medical,central,0
A200521,26,49021,1.1,11807,24,11543,0.2382,0,0,debt_consolidation,east,1
A200522,35,86820,6.0,6084,48,8734,0.0678,0,1,debt_consolidation,south,0
A200523,42,82284,3.6,6689,60,79917,0.5019,0,3,debt_consolidation,south,0
A200524,29,100749,3.6,4342,36,17686,0.1021,0,3,other,central,0
A200525,52,148807,5.7,9596,60,1152,0.0168,0,0,home_improvement,south,0
A200526,40,61337,2.2,16993,48,4942,0.1095,0,1,other,north,0
A200527,45,59996,4.6,7828,48,5692,0.0801,0,5,other,central,0
A200528,41,40515,3.1,4583,12,1932,0.137,0,1,debt_consolidation,south,0
A200529,32,28242,7.1,7576,12,569,0.2783,0,3,car,east,0
A200530,28,67974,0.5,7798,60,5300,0.0619,0,0,debt_consolidation,north,0
A200531,49,28049,19.8,11717,36,19471,0.4863,0,2,other,central,0
A200532,56,71096,5.0,1563,12,3896,0.0494,0,1,debt_consolidation,east,0
A200533,39,39366,7.3,7649,60,14097,0.2179,0,3,debt_consolidation,central,0
A200534,32,50475,6.7,4598,24,5055,0.0956,0,2,debt_consolidation,north,0
A200535,40,73501,3.5,7805,36,7807,0.0885,0,0,home_improvement,east,0
A200536,31,77167,2.7,7385,36,7501,0.0805,0,5,home_improvement,south,0
A200537,49,42117,3.3,10814,12,16043,0.4472,0,2,other,east,0
A200538,31,53907,2.0,15425,36,2961,0.1228,0,1,education,south,0
A200539,39,21189,2.3,6735,60,3018,0.1348,0,0,home_improvement,south,0
A200540,43,77091,11.2,16498,60,1186,0.0505,0,0,home_improvement,central,0
A200541,54,55593,2.5,5848,12,5488,0.1546,1,1,other,north,0
A200542,28,31327,4.1,6513,48,6773,0.1601,0,1,other,central,0
A200543,21,44895,1.7,15856,24,375,0.1808,0,2,home_improvement,east,0
A200544,57,61009,2.8,11827,60,5045,0.0801,1,1,debt_consolidation,south,0
A200545,63,93870,4.0,6861,36,29386,0.1809,2,2,debt_consolidation,east,1
A200546,24,42906,6.7,2123,24,5244,0.0859,1,0,medical,east,1
A200547,31,17586,3.5,12801,24,3506,0.4636,0,0,debt_consolidation,central,0
A200548,36,99023,1.9,5317,60,3434,0.0281,0,1,car,central,0
A200549,21,14338,0.4,2077,36,4477,0.2044,0,0,car,south,0
A200550,21,73453,2.6,13996,60,6902,0.0851,2,3,education,central,0
A200551,45,64448,3.5,18155,12,711,0.2872,2,5,debt_consolidation,east,1
A200552,30,131866,6.4,5285,36,3216,0.0256,0,0,debt_consolidation,north,0
A200553,40,45592,3.7,7060,60,12947,0.173,0,1,car,south,0
A200554,44,48118,8.3,5892,36,5807,0.1012,1,0,home_improvement,central,0
A200555,28,57677,7.8,5013,12,758,0.0935,0,2,education,north,0
A200556,44,84786,5.3,2607,12,16931,0.1306,0,1,debt_consolidation,north,0
A200557,24,104397,7.7,14180,60,9395,0.0722,0,2,education,east,0
A200558,34,29792,11.0,17758,24,7369,0.4217,0,0,car,central,0
A200559,32,54087,3.9,8644,48,24614,0.2675,0,0,debt_consolidation,east,0
A200560,28,46016,3.7,9580,12,6755,0.2816,2,1,home_improvement,north,1
A200561,31,71114,5.3,5091,24,1204,0.0443,0,5,car,north,0
A200562,33,22721,5.1,4934,48,16659,0.4209,1,3,car,south,0
A200563,34,33623,3.8,9352,36,4137,0.1542,0,2,other,central,0
A200564,40,100454,7.6,38894,48,2576,0.1096,0,1,debt_consolidation,north,0
A200565,36,111135,3.0,10444,48,9173,0.0648,0,0,education,east,0
A200566,50,90529,5.0,6672,12,11133,0.1352,0,1,other,central,0
A200567,38,50000,6.2,10269,60,1294,0.054,1,0,car,central,0
A200568,48,55735,3.9,7915,24,8583,0.148,0,2,medical,south,0
A200569,33,37843,4.7,5702,60,3337,0.0742,0,1,debt_consolidation,central,0
A200570,29,13746,10.7,15505,36,2159,0.4545,0,0,home_improvement,north,0
A200571,30,23951,15.2,13531,24,9452,0.4798,0,1,debt_consolidation,east,0
A200572,51,60538,3.2,6686,48,2678,0.0497,1,2,car,central,0
A200573,36,33220,0.7,6306,36,10752,0.2251,0,1,education,central,0
A200574,36,25585,1.9,12294,36,8060,0.3177,0,3,car,central,0
A200575,49,67223,2.6,6999,60,4095,0.0513,0,4,education,north,0
A200576,31,39824,3.8,5361,24,4400,0.1226,0,0,car,north,0
A200577,54,84674,9.8,7935,48,4641,0.0508,0,2,education,south,0
A200578,36,37448,1.4,8922,48,2677,0.0953,0,1,debt_consolidation,south,0
A200579,44,55824,2.1,2180,36,6054,0.0672,1,1,other,south,0
A200580,37,50195,3.2,3931,48,1550,0.035,0,1,debt_consolidation,east,0
A200581,23,105623,4.0,7911,48,17135,0.0998,0,0,other,south,0
A200582,23,29518,1.1,6082,48,3279,0.1071,0,0,education,south,0
A200583,37,47565,5.4,23349,48,2106,0.1449,1,0,debt_consolidation,east,0
A200584,32,61838,4.3,4820,12,1919,0.0935,0,0,car,north,0
A200585,49,52625,2.6,17619,12,1237,0.3466,0,0,car,central,1
A200586,44,69652,5.4,6670,36,16985,0.1538,0,4,education,north,0
A200587,37,85406,10.6,2300,12,1542,0.036,1,0,home_improvement,central,0
A200588,50,24301,5.7,8241,12,4574,0.4332,1,3,debt_consolidation,east,0
A200589,25,89702,2.6,5494,48,71864,0.4159,0,3,medical,north,0
A200590,21,105209,8.4,22153,36,8872,0.1124,0,3,car,central,0
A200591,30,72624,2.8,9348,48,2548,0.0497,0,2,education,east,0
A200592,42,39522,13.2,3858,60,7446,0.1137,0,0,debt_consolidation,north,0
A200593,43,21597,4.0,15386,12,17792,1.1243,0,2,other,central,1
A200594,35,62174,3.2,8997,36,2418,0.0677,0,0,home_improvement,south,0
A200595,30,51877,0.8,28798,60,5409,0.1632,0,0,home_improvement,east,0
A200596,34,55382,4.7,14357,48,2623,0.0885,0,0,car,north,0
A200597,42,23193,1.1,13294,60,32680,0.8192,0,5,home_improvement,east,0
A200598,27,50388,3.4,40475,48,5059,0.251,0,1,medical,central,0
A200599,29,33719,2.3,9743,24,9012,0.2781,0,0,education,north,0
A200600,55,66711,5.1,21245,24,1600,0.1712,0,0,other,south,0
A200601,36,51004,4.0,6760,48,6623,0.0981,1,0,education,north,0
A200602,47,37379,5.4,11993,36,10132,0.2425,0,0,education,central,0
A200603,59,73776,3.2,13303,48,4645,0.0766,1,2,debt_consolidation,north,0
A200604,29,30008,5.8,8858,12,5849,0.3926,0,1,debt_consolidation,east,0
A200605,32,43015,1.8,4405,48,2301,0.0523,0,4,medical,north,0
A200606,47,23906,7.4,8288,24,3939,0.2557,1,0,car,north,0
A200607,23,39775,7.0,4396,48,1824,0.0506,0,0,medical,south,0
A200608,41,78746,7.7,20491,24,12432,0.209,0,1,debt_consolidation,east,0
A200609,40,43255,0.4,6867,48,1688,0.0592,0,2,other,east,0
A200610,35,48481,0.2,6047,12,2058,0.146,0,2,debt_consolidation,central,0
A200611,41,141660,5.0,18508,48,34279,0.1537,0,0,education,east,0
A200612,33,43145,7.5,6151,36,5001,0.1055,0,2,education,south,0
A200613,35,62281,2.8,8791,48,7045,0.0918,1,0,debt_consolidation,east,0
A200614,42,61149,3.0,15883,24,6839,0.1858,0,1,car,south,0
A200615,33,37066,2.3,7953,60,1028,0.0568,0,3,debt_consolidation,central,0
A200616,41,53833,2.9,5643,60,7707,0.0925,0,0,education,north,0
A200617,32,26933,5.4,11165,24,24966,0.6708,0,0,car,central,0
A200618,34,22433,7.3,20576,36,6985,0.4614,1,2,medical,south,0
A200619,28,31040,3.3,2421,48,16796,0.2901,0,1,debt_consolidation,south,0
A200620,33,77930,4.0,7021,48,3906,0.0476,0,2,medical,north,0
A200621,38,37693,7.4,35934,24,1980,0.5029,1,0,car,south,0
A200622,47,88193,2.2,1858,36,6649,0.0447,0,2,debt_consolidation,north,0
A200623,37,96267,0.5,8983,12,31757,0.2583,0,1,car,north,0
A200624,48,46885,6.6,5975,48,28036,0.3308,0,1,debt_consolidation,south,0
A200625,34,56716,1.7,20460,48,2119,0.1089,0,4,education,south,0
A200626,48,73989,6.8,8485,36,5632,0.0763,0,2,education,south,0
A200627,30,86634,5.8,10249,48,2092,0.0416,2,2,home_improvement,south,0
A200628,42,71714,3.9,8733,48,21378,0.1795,0,0,debt_consolidation,east,0
A200629,49,30720,3.3,4823,60,2912,0.0788,2,3,education,east,0
A200630,39,63818,7.3,15177,36,4226,0.1124,0,2,education,east,0
A200631,30,104314,4.0,8251,12,9314,0.1237,1,0,car,central,0
A200632,28,64981,8.0,5809,60,2259,0.0353,0,0,other,south,0
A200633,37,41511,4.9,4161,48,12901,0.1805,2,0,car,east,0
A200634,42,34544,5.1,16746,36,53964,0.9427,0,4,debt_consolidation,east,0
A200635,47,27455,4.7,25087,48,1805,0.2613,0,5,other,south,0
A200636,25,68559,4.4,15044,36,21249,0.2281,2,0,education,south,0
A200637,21,34028,4.6,20442,12,39332,1.1787,0,4,car,east,1
A200638,39,140753,5.2,6548,24,4331,0.0386,2,1,debt_consolidation,east,0
A200639,51,85628,1.0,16546,60,4252,0.0635,0,0,debt_consolidation,north,0
A200640,45,84522,9.7,17618,36,4661,0.0971,0,0,other,south,0
A200641,43,117500,3.1,13374,60,7784,0.0559,0,2,debt_consolidation,north,0
A200642,30,98894,2.7,11763,60,4963,0.0489,0,3,home_improvement,central,0
A200643,42,158868,5.0,13816,48,28256,0.1107,0,0,other,south,0
A200644,36,31793,8.2,10231,24,11823,0.3468,0,1,car,south,0
A200645,71,101484,9.3,7708,48,6443,0.0507,0,4,car,central,0
A200646,37,109285,7.7,5122,12,1511,0.0538,0,0,medical,north,0
A200647,26,16181,7.7,7706,48,3283,0.2205,2,1,other,south,0
A200648,29,60404,3.0,10060,36,4292,0.091,0,1,home_improvement,central,0
A200649,39,39499,11.1,8923,24,2917,0.1499,1,0,medical,east,0
A200650,43,27992,0.6,34580,48,20404,0.6733,0,0,education,central,0
A200651,34,50864,3.6,11997,48,8005,0.1377,0,4,home_improvement,north,0
A200652,43,66736,6.0,5719,60,3627,0.0443,0,0,education,central,0
A200653,32,52649,2.2,12269,12,2620,0.2579,0,0,other,south,0
A200654,41,16252,8.1,10386,60,37073,1.2,0,5,other,south,1
A200655,32,39723,8.1,6202,12,3256,0.1971,0,1,debt_consolidation,east,0
A200656,29,21241,3.2,4197,24,1866,0.1427,0,3,debt_consolidation,south,0
A200657,46,31225,5.7,11155,48,968,0.1048,0,0,car,central,0
A200658,60,102896,3.3,6931,60,1348,0.02,0,2,debt_consolidation,east,0
A200659,24,28056,8.5,18015,48,11342,0.3627,0,0,debt_consolidation,south,0
A200660,48,68873,10.7,8878,12,2447,0.1467,1,0,home_improvement,east,0
A200661,48,9000,1.3,13441,24,2867,0.906,0,2,car,south,0
A200662,30,60950,7.7,8654,12,6310,0.1937,0,0,debt_consolidation,central,0
A200663,29,110384,4.7,11511,48,2251,0.0363,0,0,education,central,0
A200664,41,97282,1.7,3328,12,1373,0.0413,0,0,home_improvement,central,0
A200665,30,55620,2.8,7456,48,1372,0.0458,0,2,home_improvement,north,0
A200666,29,30248,3.6,12802,24,3202,0.2645,0,0,car,south,0
A200667,35,47330,11.5,2463,12,2438,0.0778,0,0,car,south,0
A200668,26,98309,5.2,6182,60,1957,0.0225,0,0,home_improvement,south,0
A200669,36,66157,2.6,17788,12,4022,0.2993,0,1,debt_consolidation,central,1
A200670,37,51451,5.1,20507,12,24145,0.6332,0,1,debt_consolidation,central,1
A200671,50,72043,2.8,2881,12,3604,0.065,0,0,car,north,0
A200672,23,40089,6.0,7901,60,3509,0.0832,0,0,medical,central,1
A200673,48,85488,3.0,4607,24,6801,0.0667,0,3,debt_consolidation,north,0
A200674,21,65172,3.4,6246,60,10882,0.1027,1,0,home_improvement,south,0
A200675,21,99461,3.9,12087,24,3460,0.0782,0,0,education,north,0
A200676,31,81937,5.8,17146,12,14668,0.2988,0,2,debt_consolidation,north,0
A200677,58,23925,6.2,10971,60,1114,0.115,0,2,education,east,0
A200678,21,58037,2.6,4746,60,3628,0.0476,0,2,education,east,0
A200679,39,26589,2.9,5001,12,5852,0.2981,0,3,debt_consolidation,north,1
A200680,42,33744,1.8,3294,12,12497,0.2828,0,2,home_improvement,central,0
A200681,21,30935,2.2,17942,24,9209,0.4388,0,0,home_improvement,south,0
A200682,51,40714,8.0,8434,60,1382,0.0584,0,1,debt_consolidation,central,0
A200683,38,51351,3.1,6903,12,3835,0.1718,1,1,debt_consolidation,south,1
A200684,24,51236,9.8,10919,36,10142,0.17,0,4,debt_consolidation,north,0
A200685,37,27191,7.3,7745,60,9397,0.2298,0,4,other,north,0
A200686,46,99032,1.7,7347,36,5227,0.0511,0,1,education,central,0
A200687,38,42846,8.9,13336,12,6287,0.3846,0,0,home_improvement,east,0
A200688,21,50345,1.7,19187,60,3614,0.1121,3,0,debt_consolidation,east,0
A200689,41,40319,6.0,9190,12,22411,0.5059,0,2,car,north,0
A200690,43,54014,2.8,6806,24,7347,0.131,0,2,debt_consolidation,south,0
A200691,21,27872,7.2,4243,60,144650,1.2,0,2,debt_consolidation,east,1
A200692,42,63035,0.2,11348,48,2646,0.066,0,0,debt_consolidation,east,0
A200693,30,51894,4.8,7929,48,38116,0.4054,2,0,medical,south,1
A200694,21,67807,2.0,7493,36,6154,0.0822,0,4,education,central,0
A200695,35,79987,7.3,7073,48,8165,0.0731,0,0,debt_consolidation,south,0
A200696,34,41557,3.0,10767,24,1765,0.1508,0,0,education,east,0
A200697,35,62023,8.0,5780,48,4706,0.0612,1,2,debt_consolidation,east,0
A200698,22,67014,4.8,11680,12,5505,0.2154,0,3,other,south,0
A200699,40,38883,4.7,10242,36,1903,0.1123,0,2,debt_consolidation,east,0
A200700,23,41261,3.3,8419,12,7805,0.2986,1,1,car,east,0
A200701,21,157693,0.7,5745,12,9558,0.0667,0,0,other,south,0
A200702,28,84001,8.2,5743,48,7562,0.0621,0,2,home_improvement,south,0
A200703,55,41222,3.6,2220,36,3637,0.0621,1,2,debt_consolidation,south,0
A200704,42,157145,4.9,19690,48,6378,0.0516,0,0,debt_consolidation,east,0
A200705,34,63817,6.5,3137,12,5242,0.0902,0,0,home_improvement,south,0
A200706,26,142728,1.4,15140,12,1427,0.1111,0,1,debt_consolidation,central,0
A200707,30,34496,5.7,10014,60,8223,0.1772,0,0,debt_consolidation,south,0
A200708,32,111901,9.7,17284,48,7380,0.0716,1,0,medical,central,0
A200709,57,49693,0.6,2063,24,2669,0.0476,0,2,car,south,0
A200710,49,27221,2.3,6897,12,5925,0.3622,0,0,home_improvement,east,0
A200711,49,15540,4.1,16749,36,2426,0.4373,0,1,education,central,0
A200712,33,31807,8.8,7853,12,7388,0.363,0,0,debt_consolidation,north,0
A200713,48,62036,9.0,5457,48,10580,0.1073,0,0,home_improvement,east,0
A200714,28,76935,2.0,8305,24,8300,0.1079,0,4,medical,central,0
A200715,22,46140,3.1,11708,36,5186,0.1408,0,2,other,south,0
A200716,27,58280,1.1,6023,12,2020,0.1207,0,2,home_improvement,south,0
A200717,43,20491,7.6,2808,12,3326,0.2182,0,0,debt_consolidation,south,0
A200718,37,42473,4.5,14718,60,4195,0.1187,0,2,education,north,0
A200719,27,74434,1.8,3880,60,1354,0.0195,0,3,education,east,1
A200720,64,39169,3.9,10796,24,5028,0.202,0,2,home_improvement,central,0
A200721,41,47688,9.6,7840,36,2199,0.0779,0,0,other,south,0
A200722,34,63219,3.6,10612,36,420,0.0593,1,0,debt_consolidation,north,0
A200723,42,85360,2.5,10743,24,4137,0.0872,0,3,medical,central,0
A200724,43,29576,2.8,3718,12,20013,0.464,0,2,debt_consolidation,central,0
A200725,21,73277,11.5,16189,24,2570,0.128,0,0,debt_consolidation,central,0
A200726,44,78037,4.0,7140,36,11759,0.1058,1,2,car,south,0
A200727,40,69181,8.4,10374,36,11062,0.1299,0,3,debt_consolidation,south,0
A200728,46,65859,3.6,19081,36,10693,0.1778,0,2,debt_consolidation,central,0
A200729,31,41961,14.2,12091,24,8348,0.2435,0,0,debt_consolidation,east,0
A200730,32,52807,2.2,21237,12,27231,0.66,0,1,home_improvement,central,0
A200731,37,46917,1.1,18772,36,12537,0.267,0,4,home_improvement,east,0
A200732,43,91948,7.4,21930,48,1754,0.0692,0,1,car,north,0
A200733,50,89163,4.7,6185,60,6353,0.0495,0,0,car,north,1
A200734,44,14309,3.5,8653,12,34823,1.2,0,2,debt_consolidation,central,0
A200735,52,17616,0.8,4074,36,1814,0.1286,0,5,car,east,0
A200736,29,50400,1.2,15113,48,14409,0.2179,0,0,home_improvement,north,0
A200737,41,40367,3.0,13669,36,5574,0.1819,0,0,debt_consolidation,north,0
A200738,36,46428,7.2,11419,60,11176,0.1695,0,5,medical,east,0
A200739,34,47605,4.5,19103,36,9581,0.2344,0,0,debt_consolidation,north,0
A200740,38,68434,5.6,11125,24,4587,0.1148,0,1,education,central,0
A200741,29,14585,3.7,20807,48,22195,1.1175,1,0,debt_consolidation,north,1
A200742,40,47247,2.3,6705,60,11265,0.1476,0,1,car,east,0
A200743,35,55816,4.2,11245,24,1740,0.1163,0,1,debt_consolidation,south,0
A200744,35,68825,1.6,17280,24,8543,0.1876,0,2,car,north,0
A200745,55,118160,1.3,3465,36,8954,0.0477,0,0,debt_consolidation,east,0
A200746,33,55892,6.6,6705,36,6939,0.1021,0,4,home_improvement,central,0
A200747,21,58217,9.9,4960,36,24573,0.2394,0,0,education,central,0
A200748,32,68220,3.7,4904,24,213,0.0375,0,2,car,south,0
A200749,60,90896,4.0,25552,24,2126,0.1523,0,0,education,north,0
A200750,21,57860,8.1,4677,36,4618,0.0669,0,0,home_improvement,north,0
A200751,38,52232,1.8,16024,36,6050,0.1602,0,0,home_improvement,east,0
A200752,21,38186,4.1,6147,24,9474,0.2045,0,0,other,central,0
A200753,39,21280,6.5,6477,12,3499,0.3866,0,3,debt_consolidation,north,1
A200754,44,45597,4.1,12484,36,13524,0.2396,0,1,other,north,0
A200755,29,85466,6.7,28260,60,5099,0.096,1,2,education,central,0
A200756,46,18297,2.5,10996,12,2139,0.6594,0,1,home_improvement,east,0
A200757,38,46139,6.7,12102,36,131206,1.2,0,1,other,central,0
A200758,45,124248,4.1,11805,24,7858,0.0791,0,4,education,north,0
A200759,38,21552,6.2,3287,12,1600,0.1896,0,0,car,north,0
A200760,40,93071,6.5,10638,24,4558,0.0816,0,1,car,north,0
A200761,36,93943,2.3,23462,36,25083,0.2168,0,0,debt_consolidation,south,0
A200762,49,42519,15.8,5464,48,8836,0.136,0,0,home_improvement,east,0
A200763,39,93583,1.1,22884,48,24650,0.1928,1,0,home_improvement,south,0
A200764,44,16261,3.4,4940,48,976,0.106,0,1,home_improvement,south,0
A200765,41,35146,1.6,7678,48,18398,0.3164,1,0,education,north,0
A200766,35,56816,3.5,9342,60,5322,0.0797,0,3,debt_consolidation,east,0
A200767,21,86837,2.9,5307,60,22672,0.1428,0,1,home_improvement,south,0
A200768,44,32541,6.0,8305,12,2297,0.2905,1,5,car,south,0
A200769,28,71426,6.6,7221,12,1934,0.1146,0,0,debt_consolidation,north,0
A200770,60,28215,16.1,5871,48,12370,0.2712,0,1,car,central,0
A200771,26,123796,3.5,19728,12,3207,0.1723,0,1,debt_consolidation,central,0
A200772,46,68275,5.9,12760,48,4923,0.0828,0,1,education,central,0
A200773,45,21874,6.3,11328,48,8768,0.3299,0,0,car,east,0
A200774,49,18387,6.4,23865,12,1870,1.2,0,3,debt_consolidation,central,0
A200775,21,131243,3.4,13499,36,3379,0.0472,0,0,car,north,0
A200776,34,33849,0.6,3564,60,7448,0.1311,0,1,other,central,0
A200777,48,106713,18.3,4769,36,48276,0.2411,0,1,education,south,0
A200778,35,48779,5.9,4373,60,555,0.0236,0,1,car,south,0
A200779,45,138417,1.9,3954,12,9305,0.0622,1,2,debt_consolidation,north,1
A200780,52,62629,2.1,3935,24,920,0.0388,0,1,car,east,0
A200781,60,57523,0.8,13059,48,2855,0.0816,0,4,medical,south,0
A200782,39,31238,4.5,7690,24,19315,0.4322,1,3,car,north,1
A200783,35,81238,1.7,8857,60,5144,0.0535,1,2,home_improvement,central,0
A200784,45,167455,5.6,8068,60,28980,0.0962,0,2,other,central,0
A200785,39,34336,6.5,12247,48,1880,0.1165,0,2,home_improvement,south,0
A200786,35,119117,1.1,13737,12,71798,0.4167,0,1,education,south,0
A200787,29,26950,2.3,9101,12,2592,0.3858,0,3,debt_consolidation,south,0
A200788,55,73669,1.2,7255,12,3491,0.1222,1,1,debt_consolidation,east,0
A200789,40,28559,6.9,16558,36,12465,0.4115,2,0,other,east,0
A200790,24,73216,3.1,12047,36,8780,0.1148,0,1,home_improvement,north,0
A200791,21,39602,6.4,8841,12,4192,0.2762,0,1,debt_consolidation,east,0
A200792,48,42316,3.6,6964,36,3798,0.0997,2,3,education,east,0
A200793,36,54062,3.3,38724,48,1881,0.1965,0,2,debt_consolidation,central,0
A200794,34,32686,3.3,8299,60,10847,0.2167,0,2,education,central,0
A200795,29,51790,7.9,5244,12,97292,1.0405,0,0,debt_consolidation,south,1
A200796,29,79213,10.3,12752,60,14630,0.1245,0,1,car,north,0
A200797,42,45732,10.2,14669,48,4871,0.1334,0,3,debt_consolidation,north,0
A200798,21,128805,7.5,10864,12,6555,0.1098,0,0,medical,south,0
A200799,33,51930,5.3,9868,24,24223,0.3282,0,3,debt_consolidation,south,0
A200800,45,102211,0.5,17956,48,11140,0.0984,0,2,debt_consolidation,central,0
A200801,51,197421,0.7,7958,36,1979,0.0184,0,1,debt_consolidation,north,0
A200802,42,70237,4.8,9991,24,3095,0.0932,0,3,other,east,0
A200803,27,37522,1.8,13811,36,4636,0.1845,0,0,home_improvement,north,0
A200804,31,44352,0.7,8419,48,2438,0.0749,0,0,debt_consolidation,central,0
A200805,30,50917,6.3,5027,48,8567,0.1088,0,0,other,central,0
A200806,51,97613,1.0,8138,36,3149,0.0439,0,2,other,north,0
A200807,52,41868,10.1,17958,12,4410,0.4816,0,2,car,north,1
A200808,38,63184,5.8,14048,48,1503,0.0675,0,0,other,south,0
A200809,57,48866,6.1,2252,24,7663,0.1015,0,0,other,south,0
A200810,48,61101,5.2,13582,48,9703,0.135,1,0,debt_consolidation,north,1
A200811,31,103226,4.2,16250,36,1637,0.0604,0,1,home_improvement,east,0
A200812,26,68733,0.7,6328,12,3720,0.1191,2,0,medical,north,0
A200813,35,46834,13.8,7178,60,8027,0.1163,0,0,home_improvement,north,0
A200814,42,78607,2.9,9389,12,6660,0.1618,0,5,debt_consolidation,north,0
A200815,21,28073,10.5,6054,48,56835,1.0662,0,1,other,south,0
A200816,56,62434,10.5,17277,12,1928,0.2922,0,2,car,north,0
A200817,43,109333,8.6,10381,24,5667,0.0734,2,1,car,north,0
A200818,40,50120,2.7,13680,36,15022,0.2408,0,0,other,south,0
A200819,37,45852,0.5,4565,36,11626,0.16,0,5,education,south,0
A200820,26,36136,4.9,8453,24,16579,0.3464,0,1,debt_consolidation,north,0
A200821,45,60076,0.4,18949,12,1749,0.33,0,1,car,north,0
A200822,61,47896,3.4,11013,48,10012,0.162,0,0,car,north,0
A200823,36,65644,3.3,24466,36,2838,0.1459,0,2,home_improvement,south,0
A200824,24,37287,4.1,13894,36,11144,0.2736,2,2,debt_consolidation,north,1
A200825,21,36836,4.2,7532,48,30986,0.4717,0,0,home_improvement,east,1
A200826,47,23119,5.1,9434,48,2896,0.1646,2,2,debt_consolidation,central,0
A200827,24,85643,3.4,10488,60,12927,0.1,0,1,debt_consolidation,south,0
A200828,48,36051,0.8,15299,36,4521,0.2042,0,0,medical,north,0
A200829,26,35855,8.4,4691,48,4238,0.0918,0,2,car,east,0
A200830,46,26711,2.8,19632,36,7984,0.3944,1,0,home_improvement,south,0
A200831,37,74169,0.8,12225,60,23401,0.1907,0,2,car,north,0
A200832,38,37645,2.2,6333,36,7863,0.1605,0,0,other,central,0
A200833,46,41378,6.9,11571,24,17663,0.3533,1,1,car,north,0
A200834,54,36899,1.3,19015,60,5267,0.1744,0,0,car,east,0
A200835,38,48508,1.4,13251,60,2729,0.0828,0,2,debt_consolidation,south,0
A200836,41,120463,1.7,7981,60,19760,0.0953,3,1,education,central,0
A200837,26,92643,1.8,18189,48,3666,0.0689,0,0,other,south,0
A200838,45,50449,8.6,3481,48,13904,0.1551,0,1,home_improvement,central,0
A200839,43,12293,1.3,7307,12,337,0.6081,0,1,home_improvement,north,0
A200840,46,55996,9.5,16866,36,6497,0.1584,0,4,car,south,1
A200841,44,29027,17.6,7810,48,3386,0.1256,0,5,other,north,0
A200842,42,33969,5.8,13288,12,29510,0.8255,0,0,home_improvement,north,0
A200843,45,44109,9.0,5211,36,2905,0.0723,0,1,home_improvement,east,0
A200844,21,33779,4.5,9478,48,3728,0.1253,0,1,home_improvement,central,0
A200845,50,46768,2.5,34846,48,2111,0.2088,0,0,home_improvement,south,0
A200846,42,62385,5.2,16467,36,5778,0.1343,0,2,debt_consolidation,north,0
A200847,41,35302,6.2,10840,36,2436,0.1369,0,1,debt_consolidation,central,0
A200848,39,42467,3.1,13795,24,1582,0.181,1,2,car,east,0
A200849,45,75099,10.3,7205,24,5777,0.0864,0,3,medical,east,0
A200850,23,37611,7.9,8975,24,2603,0.1539,0,1,car,north,0
A200851,22,49002,3.0,9441,12,1481,0.2078,0,1,debt_consolidation,central,0
A200852,45,49974,5.3,5604,24,2204,0.0781,3,0,car,south,0
A200853,53,42866,5.8,5955,36,3989,0.0928,0,0,debt_consolidation,central,0
A200854,21,46935,14.5,4248,12,16295,0.2641,0,1,home_improvement,south,0
A200855,23,146500,4.0,10198,24,9569,0.0675,0,1,car,north,0
A200856,37,50113,6.3,6613,36,2407,0.068,0,1,medical,north,0
A200857,41,45291,5.4,17693,12,3493,0.4292,1,0,debt_consolidation,central,1
A200858,43,131683,5.6,9106,12,1863,0.0762,0,2,other,north,0
A200859,36,58753,5.1,3349,36,16642,0.1606,0,2,car,central,0
A200860,39,44185,1.8,6421,24,9165,0.1764,0,1,other,south,0
A200861,41,47609,1.7,6427,48,2948,0.0647,0,1,car,south,0
A200862,32,47764,4.2,10863,48,26027,0.3293,0,1,car,central,0
A200863,40,37267,2.6,16350,12,3303,0.483,0,2,medical,south,0
A200864,40,45429,1.5,7603,24,5651,0.1459,0,0,car,central,0
A200865,30,35328,7.0,6522,60,7567,0.144,1,0,car,central,0
A200866,34,54172,8.3,13471,48,6606,0.1231,0,4,home_improvement,central,0
A200867,21,32993,2.4,7863,12,56112,1.0887,0,0,car,east,1
A200868,39,33583,3.1,9585,24,6298,0.2365,0,1,home_improvement,central,0
A200869,46,47762,12.8,6179,60,5086,0.0791,1,2,home_improvement,north,0
A200870,21,40698,3.1,4665,12,11507,0.256,1,1,debt_consolidation,north,0
A200871,46,197220,1.8,2900,24,21941,0.063,0,0,home_improvement,north,0
A200872,30,60022,9.2,17374,60,3565,0.0876,0,3,debt_consolidation,central,0
A200873,49,69905,8.0,8292,12,2195,0.1343,0,0,car,east,0
A200874,34,33951,2.5,15345,48,17107,0.3649,0,1,medical,north,0
A200875,43,111946,4.4,3760,60,11748,0.0592,0,3,education,south,0
A200876,45,56344,2.7,10548,12,4602,0.228,1,0,home_improvement,south,0
A200877,51,39985,3.3,5585,48,1479,0.0534,0,0,debt_consolidation,central,0
A200878,45,37073,1.4,9879,12,1356,0.2848,1,0,car,south,0
A200879,35,74093,9.6,27259,12,1209,0.3761,0,4,debt_consolidation,north,0
A200880,21,159761,1.9,7880,48,5598,0.0299,0,1,car,north,0
A200881,43,58614,2.7,12635,12,11708,0.3154,0,0,car,central,0
A200882,36,16156,5.0,7320,24,1657,0.2778,0,2,home_improvement,east,0
A200883,38,72799,11.1,8853,48,1203,0.0387,0,3,home_improvement,central,0
A200884,21,34741,12.3,49555,24,1885,0.7403,0,0,car,south,0
A200885,45,41111,4.9,16649,12,10887,0.5374,0,1,home_improvement,east,0
A200886,34,61131,4.3,13536,48,17184,0.1959,0,3,home_improvement,south,0
A200887,46,45017,0.3,8330,48,6608,0.1197,0,0,debt_consolidation,north,0
A200888,34,69612,3.0,19595,48,7087,0.1213,0,1,education,central,0
A200889,23,82060,2.5,13283,60,7946,0.0808,0,3,debt_consolidation,north,0
A200890,36,51609,6.1,7803,12,11417,0.2618,0,4,debt_consolidation,north,0
A200891,32,32120,1.0,10131,48,18412,0.3655,0,0,debt_consolidation,north,0
A200892,49,32241,8.8,11827,48,13960,0.3082,0,4,debt_consolidation,north,0
A200893,29,48420,3.2,13095,24,6133,0.1986,0,4,car,east,0
A200894,33,71618,7.1,5818,60,12257,0.1018,0,1,car,east,0
A200895,31,27836,10.3,9155,12,7130,0.457,0,2,home_improvement,south,0
A200896,54,41259,1.4,10539,12,66163,1.0572,0,1,debt_consolidation,north,0
A200897,49,51447,9.7,2011,24,1587,0.035,0,0,debt_consolidation,central,0
A200898,50,51782,5.5,16385,12,2155,0.3372,1,1,medical,central,0
A200899,31,47822,3.7,5940,48,42568,0.4761,0,1,car,central,0
A200900,50,82158,3.7,12908,60,6806,0.0728,2,0,debt_consolidation,south,1
A200901,24,24248,0.3,2236,48,3861,0.1027,2,0,debt_consolidation,central,0
A200902,41,24813,1.9,2958,12,4947,0.2189,0,2,debt_consolidation,central,0
A200903,34,30741,6.9,12402,36,18300,0.4321,0,0,debt_consolidation,north,0
A200904,31,24431,2.1,17064,24,1479,0.3795,0,0,education,east,1
A200905,53,56860,13.8,10670,12,2349,0.2083,0,0,debt_consolidation,south,0
A200906,25,32548,16.4,5897,60,8999,0.1745,0,0,home_improvement,south,0
A200907,39,44853,0.9,11262,12,676,0.2586,0,1,other,south,0
A200908,32,114263,8.5,15736,60,587,0.0301,0,3,home_improvement,east,0
A200909,58,94093,2.1,22990,48,3179,0.078,0,4,other,south,0
A200910,27,66524,2.7,10537,48,3348,0.0648,0,0,other,central,0
A200911,57,39643,3.8,1651,48,3169,0.0504,0,1,car,south,0
A200912,38,27787,5.6,4829,24,3510,0.1501,0,2,medical,south,0
A200913,38,101874,3.4,9698,48,1071,0.0291,0,0,car,east,0
A200914,27,19734,2.3,3382,12,13508,0.5136,0,1,home_improvement,east,1
A200915,33,78355,1.3,12617,60,3347,0.0536,0,0,debt_consolidation,south,0
A200916,51,67612,1.9,26362,24,15081,0.3065,2,2,car,east,0
A200917,43,44298,2.7,12098,36,15675,0.268,0,1,car,east,0
A200918,38,27442,0.5,20787,24,3220,0.4374,0,3,car,south,0
A200919,47,170111,3.2,6868,24,862,0.0227,0,2,medical,east,0
A200920,24,59222,1.0,17899,24,16486,0.2903,0,0,home_improvement,south,0
A200921,40,104407,4.5,8388,48,1778,0.0286,0,2,car,central,0
A200922,30,25317,2.5,2457,36,21014,0.4474,0,1,other,east,0
A200923,23,71352,2.3,11360,24,1862,0.0927,0,1,home_improvement,east,0
A200924,35,30519,0.4,2834,48,5653,0.1158,0,0,debt_consolidation,north,0
A200925,38,49082,1.7,10131,36,30126,0.3757,0,2,education,central,0
A200926,46,167713,2.1,6163,12,7027,0.0577,0,0,debt_consolidation,central,0
A200927,22,79069,2.7,5009,36,9661,0.0822,1,2,debt_consolidation,north,0
A200928,39,26328,4.3,7815,36,2614,0.1486,0,0,car,south,0
A200929,34,58436,2.9,4356,24,14189,0.1587,0,1,home_improvement,south,0
A200930,52,68701,14.6,5890,60,5137,0.0545,0,2,education,east,0
A200931,21,21274,1.5,12515,12,20811,1.0774,0,1,debt_consolidation,north,1
A200932,47,62885,5.9,6511,12,7030,0.1594,1,0,other,south,0
A200933,35,68883,4.5,6150,48,485,0.0258,1,2,medical,east,0
A200934,46,57648,7.3,3962,12,8222,0.14,0,1,car,north,0
A200935,41,40161,5.0,5024,24,374,0.0672,0,0,car,central,0
A200936,45,87737,1.9,7897,60,1787,0.0282,0,0,car,north,0
A200937,21,53426,10.0,6658,36,2742,0.0672,0,5,car,south,0
A200938,33,16853,15.2,5411,36,5312,0.2646,0,0,car,central,0
A200939,45,15704,0.9,18590,36,1787,0.4515,2,0,debt_consolidation,south,1
A200940,30,26862,5.2,8149,24,6325,0.2694,0,0,car,south,0
A200941,26,32653,1.9,2876,36,3060,0.0762,1,4,education,central,1
A200942,32,116744,4.8,6399,60,10816,0.0573,0,1,home_improvement,south,0
A200943,33,31081,0.9,4332,60,24315,0.419,1,2,debt_consolidation,east,0
A200944,39,187766,3.5,21386,24,3594,0.0665,1,2,home_improvement,south,0
A200945,21,225357,4.6,24241,12,2844,0.1139,0,0,debt_consolidation,central,0
A200946,21,38273,6.5,4849,36,1408,0.0606,2,4,debt_consolidation,central,0
A200947,40,54203,6.2,3992,60,669,0.0209,0,0,debt_consolidation,south,0
A200948,44,24577,5.6,22413,12,6166,1.0374,0,0,debt_consolidation,east,0
A200949,40,85034,1.5,1311,24,3660,0.0292,0,1,car,north,0
A200950,58,50624,7.4,5838,36,6289,0.1006,0,0,car,east,0
A200951,37,53999,8.1,9694,48,38037,0.3971,1,1,debt_consolidation,north,0
A200952,40,33689,3.9,9488,12,5130,0.3578,0,0,debt_consolidation,north,0
A200953,35,47617,12.1,7545,48,8931,0.1334,0,0,medical,north,0
A200954,43,52092,2.4,5725,60,1266,0.0341,0,5,other,central,1
A200955,21,24030,2.3,9834,12,27996,0.9918,1,2,home_improvement,east,0
A200956,42,46531,11.1,1483,12,12135,0.1623,0,2,medical,central,0
A200957,24,50172,0.4,5201,60,16753,0.1877,0,0,education,east,0
A200958,43,87111,8.0,10798,60,5165,0.0544,0,0,debt_consolidation,north,0
A200959,38,28921,2.1,19619,48,2546,0.2136,0,0,other,east,0
A200960,32,52567,4.5,20903,60,15825,0.2301,0,3,home_improvement,north,0
A200961,31,67815,7.9,7984,24,4838,0.0945,0,1,debt_consolidation,east,0
A200962,35,89369,3.8,1689,48,3677,0.0253,0,2,debt_consolidation,central,0
A200963,37,38396,5.1,5233,24,5622,0.1414,0,0,home_improvement,south,0
A200964,39,38166,10.0,12848,36,1520,0.1321,0,1,education,south,0
A200965,43,86885,6.2,13316,36,3099,0.0689,0,2,debt_consolidation,east,0
A200966,21,67384,7.6,15432,48,4548,0.091,0,1,debt_consolidation,central,0
A200967,22,19667,4.3,15863,36,9546,0.5116,0,0,debt_consolidation,north,0
A200968,27,65614,6.5,12289,60,6559,0.0874,0,0,home_improvement,south,0
A200969,28,37092,3.5,2826,60,2797,0.0529,0,2,car,south,0
A200970,21,72992,2.0,20463,60,20739,0.1981,0,5,debt_consolidation,east,0
A200971,52,44103,1.7,10044,12,32714,0.5986,0,0,debt_consolidation,north,0
A200972,38,31535,5.4,8605,12,8598,0.4092,0,0,debt_consolidation,north,0
A200973,48,77834,4.9,5750,12,1634,0.0844,0,0,home_improvement,east,0
A200974,40,29508,5.9,18075,60,2227,0.1602,0,2,debt_consolidation,central,0
A200975,40,35767,2.3,10240,24,10925,0.2959,0,3,debt_consolidation,south,0
A200976,40,26520,2.8,9129,48,10290,0.2801,3,1,education,south,0
A200977,29,31417,4.3,12885,12,30295,0.8923,0,1,debt_consolidation,central,1
A200978,27,35993,4.6,14917,36,3145,0.1818,0,0,debt_consolidation,central,0
A200979,52,48748,4.1,4402,12,7222,0.1644,1,5,other,south,0
A200980,40,27285,7.8,10001,12,5927,0.4752,0,2,debt_consolidation,central,0
A200981,46,17937,7.3,7371,48,2617,0.1757,0,2,other,east,0
A200982,31,74199,2.0,8072,12,1651,0.1199,0,0,car,south,0
A200983,21,50844,1.2,13730,48,2993,0.0969,0,1,medical,central,0
A200984,44,46470,3.6,10266,36,2915,0.105,1,0,home_improvement,central,0
A200985,38,22267,3.9,12646,48,1407,0.1736,0,2,debt_consolidation,south,1
A200986,33,29862,4.3,51970,24,1835,0.9009,2,1,car,central,0
A200987,33,40991,4.0,25668,48,8199,0.2566,0,0,education,south,0
A200988,43,42663,6.0,9080,36,3393,0.1107,1,2,debt_consolidation,central,0
A200989,21,95155,2.8,5413,48,1968,0.0246,0,0,car,east,0
A200990,30,40675,7.0,10736,24,32349,0.5296,0,0,education,south,0
A200991,46,16367,1.3,3362,60,1438,0.085,1,3,debt_consolidation,south,0
A200992,29,58039,3.6,22828,36,3333,0.1598,1,2,home_improvement,north,0
A200993,40,42791,1.3,17686,36,7745,0.2283,0,1,home_improvement,south,0
A200994,41,101113,4.6,14672,48,1286,0.0426,2,1,home_improvement,south,0
A200995,21,93271,4.4,8176,12,4769,0.1132,0,1,home_improvement,east,0
A200996,37,53390,5.4,6703,24,5446,0.1138,0,3,education,central,0
A200997,45,47915,1.7,7420,24,720,0.0849,0,0,home_improvement,south,0
A200998,63,59148,6.8,8667,24,729,0.0794,0,1,debt_consolidation,south,0
A200999,21,39530,4.6,7549,60,16943,0.2525,1,2,education,central,0
A201000,23,23882,3.0,7444,24,9484,0.3544,0,1,education,central,1
A201001,38,18201,2.9,5631,24,3046,0.2384,0,5,car,central,0
A201002,45,49416,2.4,21089,24,13575,0.3507,0,2,education,central,0
A201003,21,40432,13.9,8697,12,431,0.2204,0,3,home_improvement,central,0
A201004,21,62196,5.6,3228,60,3667,0.0399,0,2,debt_consolidation,east,0
A201005,57,117748,5.6,5771,12,13415,0.106,0,0,car,central,0
A201006,55,18430,6.2,21146,48,1397,0.3247,0,3,home_improvement,central,0
A201007,35,21007,3.3,6700,12,1223,0.3481,0,1,education,central,0
A201008,45,25301,2.8,14308,48,9318,0.3255,0,1,other,north,0
A201009,48,59822,1.9,11055,60,1794,0.052,0,2,other,south,0
A201010,29,47335,5.2,11590,36,2033,0.1031,0,1,car,north,1
A201011,53,43872,2.2,19318,48,3156,0.146,0,1,debt_consolidation,south,0
A201012,41,40496,9.8,18275,12,4404,0.5057,0,1,debt_consolidation,north,0
A201013,43,77486,2.3,8800,48,6136,0.068,0,0,education,south,0
A201014,37,107483,3.7,10382,48,15674,0.0971,0,1,home_improvement,east,0
A201015,48,32694,8.1,7413,48,5109,0.1348,0,1,debt_consolidation,east,0
A201016,50,35519,6.6,6358,48,1366,0.064,0,0,other,central,0
A201017,24,48331,1.8,8124,12,34268,0.5226,1,1,home_improvement,north,1
A201018,29,38877,0.7,10746,24,14652,0.3266,0,2,debt_consolidation,south,0
A201019,38,37260,18.2,5543,60,6889,0.1222,0,4,car,north,0
A201020,33,45766,0.6,4857,48,30567,0.3605,0,2,other,east,0
A201021,21,48981,6.0,14125,48,3677,0.1096,1,4,other,south,0
A201022,52,106042,4.1,19035,36,6599,0.0909,1,1,home_improvement,east,0
A201023,39,26659,1.1,9305,24,916,0.1917,0,3,education,east,1
A201024,32,22026,7.4,1278,12,3128,0.129,0,4,home_improvement,east,0
A201025,30,26049,3.3,8766,24,3110,0.228,0,0,home_improvement,north,0
A201026,41,64528,3.1,7702,48,16248,0.1557,0,2,home_improvement,south,0
A201027,40,53466,2.2,9138,60,995,0.0435,0,3,car,central,0
A201028,50,38983,0.3,14292,12,6063,0.4444,0,0,car,east,0
A201029,48,24568,1.5,9067,36,21548,0.5616,0,0,education,east,0
A201030,38,118847,5.6,17231,12,2036,0.1536,1,0,home_improvement,east,0
A201031,36,52860,4.8,25117,60,21483,0.2982,0,0,debt_consolidation,east,0
A201032,32,57924,2.2,25177,48,21465,0.2939,0,4,debt_consolidation,east,1
A201033,21,32582,4.6,4104,24,2334,0.0988,0,2,home_improvement,south,0
A201034,41,54205,2.3,11313,48,8474,0.1303,0,1,debt_consolidation,south,0
A201035,44,24025,1.8,19622,12,421,0.8255,0,1,home_improvement,north,1
A201036,31,54570,6.3,9519,24,2216,0.1075,0,1,debt_consolidation,east,0
A201037,37,34447,12.8,15879,24,2758,0.2705,0,4,car,central,0
A201038,23,58636,3.0,5716,60,7079,0.0799,0,1,medical,south,0
A201039,49,59297,14.1,6970,12,1261,0.1282,0,1,car,north,0
A201040,39,53770,3.3,14142,36,14905,0.2263,0,1,medical,central,0
A201041,47,46125,7.1,16488,60,5928,0.1358,0,0,car,east,0
A201042,50,117774,1.2,3276,36,13579,0.0669,0,0,debt_consolidation,south,0
A201043,39,56496,12.8,9711,12,2941,0.1979,0,4,car,east,0
A201044,54,49649,5.0,4707,36,9289,0.1251,0,3,home_improvement,north,0
A201045,43,104341,5.9,17117,36,19854,0.1498,0,2,medical,east,0
A201046,43,19860,12.2,4168,48,2004,0.1029,0,1,education,south,0
A201047,43,29593,2.6,10743,48,7432,0.2163,0,2,home_improvement,south,0
A201048,45,47067,2.0,12131,24,4731,0.1791,0,0,home_improvement,east,0
A201049,34,95051,10.7,9543,24,9413,0.0997,1,0,other,east,0
A201050,63,42290,16.2,5443,60,2354,0.0536,0,1,car,north,0
A201051,40,62828,2.1,11437,48,125749,1.0462,0,0,car,north,0
A201052,21,41167,0.7,10738,60,4625,0.1083,0,2,car,north,0
A201053,44,65731,2.7,10732,36,3849,0.0837,0,4,car,central,0
A201054,45,82705,4.5,60000,12,15946,0.8219,0,0,car,north,1
A201055,42,42412,5.3,7136,12,61317,0.8911,0,2,debt_consolidation,central,0
A201056,43,64738,2.0,4632,36,9443,0.0968,0,1,medical,south,0
A201057,31,36047,7.5,11716,12,962,0.3384,2,2,car,east,0
A201058,22,80834,3.0,4755,48,35244,0.2327,0,2,home_improvement,east,0
A201059,32,40520,5.8,10355,60,2111,0.0772,0,0,debt_consolidation,east,0
A201060,34,58630,3.6,11822,60,6264,0.0937,0,1,debt_consolidation,central,0
A201061,50,27099,5.0,4352,36,6218,0.1683,0,2,car,east,0
A201062,40,17925,4.7,5315,24,802,0.1706,0,0,car,south,0
A201063,26,41713,0.4,4833,12,8931,0.2229,0,0,other,central,0
A201064,40,26081,8.2,2610,60,7653,0.1667,0,1,education,east,0
A201065,63,48373,3.3,2771,60,16471,0.1817,0,0,car,east,0
A201066,23,81124,0.5,25572,24,18604,0.2723,0,1,home_improvement,central,1
A201067,32,57012,7.5,10605,24,44300,0.4815,0,0,other,north,0
A201068,32,50908,2.5,2529,12,8326,0.1315,0,3,education,south,0
A201069,26,97790,6.9,6407,60,9410,0.0612,0,0,other,east,0
A201070,21,161183,6.2,26110,48,6399,0.0603,0,2,home_improvement,central,0
A201071,23,46762,9.3,6580,36,18417,0.2438,1,5,education,north,0
A201072,37,132019,4.3,6121,24,1240,0.0279,0,0,car,east,0
A201073,38,41038,1.4,26075,60,10067,0.2497,0,2,home_improvement,central,0
A201074,43,31147,5.0,8751,12,12063,0.4746,0,0,debt_consolidation,central,0
A201075,34,65138,14.0,11031,24,4895,0.1222,0,0,car,north,0
A201076,43,57309,4.4,16701,24,23580,0.3514,0,4,medical,north,0
A201077,21,35041,13.2,7877,24,28955,0.5256,0,4,other,north,0
A201078,43,102798,1.3,8000,24,4413,0.0604,1,2,other,south,0
A201079,40,50416,5.9,32331,60,5595,0.1837,1,0,debt_consolidation,central,0
A201080,24,46022,7.5,28456,24,3424,0.3464,0,2,other,east,0
A201081,45,49411,2.7,6631,24,8880,0.157,1,3,debt_consolidation,north,1
A201082,40,67278,8.4,3791,12,7146,0.1095,0,0,debt_consolidation,north,0
A201083,30,22370,10.1,8084,48,9986,0.3135,0,5,education,north,0
A201084,37,41865,4.6,8503,24,1756,0.1225,0,1,other,north,0
A201085,25,23526,7.0,12174,60,79392,1.2,1,2,debt_consolidation,central,1
A201086,43,49580,3.6,20914,12,2160,0.4436,0,0,other,central,0
A201087,36,154820,6.7,19601,12,2520,0.1347,0,0,education,central,0
A201088,42,89802,2.6,53356,48,4240,0.1721,0,0,debt_consolidation,north,0
A201089,29,61062,3.7,4972,12,6479,0.1345,0,0,car,central,0
A201090,46,18694,1.1,28978,12,2536,1.2,2,2,debt_consolidation,east,1
A201091,47,38972,4.5,11797,12,11836,0.4546,0,2,other,south,0
A201092,33,65605,4.9,7485,12,989,0.1216,0,1,debt_consolidation,north,0
A201093,34,56034,0.8,26946,48,3423,0.1508,0,0,education,central,0
A201094,29,188659,2.0,3696,60,2681,0.011,0,0,debt_consolidation,central,0
A201095,39,61944,13.1,8051,60,5803,0.0728,0,0,other,east,0
A201096,50,28317,0.9,6752,12,29990,0.768,0,0,debt_consolidation,central,0
A201097,24,39009,4.4,5193,60,14195,0.2086,0,1,debt_consolidation,north,0
A201098,24,61255,4.9,9587,36,16575,0.1875,0,1,debt_consolidation,east,1
A201099,37,36454,4.8,5361,36,14195,0.2437,0,2,car,central,0
A201100,31,49745,1.7,14285,12,424,0.2914,0,0,debt_consolidation,north,0
A201101,44,158460,2.8,5474,24,10967,0.0519,0,2,debt_consolidation,central,0
A201102,21,73713,2.3,13216,24,23339,0.248,0,4,debt_consolidation,south,0
A201103,51,61477,2.5,3116,36,5404,0.0608,0,3,other,south,0
A201104,37,38406,6.1,14123,48,9538,0.2161,0,0,debt_consolidation,north,0
A201105,46,123517,6.0,7190,60,18625,0.087,0,1,home_improvement,east,0
A201106,38,12083,3.6,4892,48,16599,0.7881,0,0,debt_consolidation,central,1
A201107,48,33520,2.8,9233,12,2433,0.3117,0,3,education,south,0
A201108,23,51641,5.0,8143,48,8671,0.1234,1,2,home_improvement,central,0
A201109,53,41188,5.9,8821,12,45512,0.7667,0,1,car,east,0
A201110,47,19553,6.8,7028,12,7528,0.5519,0,2,home_improvement,north,0
A201111,28,69482,1.3,12179,36,15569,0.1705,1,1,debt_consolidation,north,0
A201112,32,91134,3.9,5229,48,7285,0.0543,0,0,debt_consolidation,north,0
A201113,31,53543,3.0,3208,48,8434,0.0937,0,1,education,north,0
A201114,58,53549,0.7,8701,48,10083,0.1348,0,2,debt_consolidation,north,0
A201115,23,23523,1.7,27407,48,2993,0.3549,1,3,home_improvement,south,1
A201116,30,84462,1.7,11656,48,10062,0.0941,0,1,medical,central,0
A201117,54,31129,4.2,3495,48,3266,0.0805,0,2,home_improvement,east,0
A201118,35,26887,1.8,6103,48,37464,0.7534,0,0,debt_consolidation,central,0
A201119,41,28548,9.3,16818,60,3314,0.1759,0,2,home_improvement,north,0
A201120,40,63516,0.7,7242,12,4825,0.152,0,1,debt_consolidation,north,1
A201121,27,49475,3.8,19741,12,2077,0.42,0,4,home_improvement,east,0
A201122,35,91490,1.2,8509,60,3647,0.0385,0,1,other,east,0
A201123,40,68025,2.3,6151,12,3077,0.113,0,1,debt_consolidation,north,0
A201124,38,25336,6.6,22108,24,10128,0.6362,0,1,car,east,0
A201125,39,49713,2.4,9127,48,4232,0.0885,0,0,home_improvement,north,0
A201126,38,43605,2.2,5293,60,5751,0.0902,1,3,medical,north,0
A201127,47,32194,4.9,8044,60,12683,0.2469,0,0,car,east,0
A201128,46,21640,3.1,8201,24,1736,0.2296,0,0,home_improvement,central,0
A201129,24,84156,1.0,12105,24,1878,0.0831,0,1,other,south,0
A201130,22,45999,6.5,7067,48,3940,0.0812,1,1,other,east,0
A201131,40,79859,8.2,6902,48,1253,0.0295,0,3,medical,central,0
A201132,42,60608,6.2,19793,12,10140,0.4102,0,1,car,east,0
A201133,55,39582,1.8,7915,24,9290,0.2173,0,0,debt_consolidation,south,0
A201134,39,50117,0.3,9436,48,4820,0.0952,0,2,debt_consolidation,south,0
A201135,45,62074,16.2,7641,12,1292,0.1335,0,0,debt_consolidation,central,0
A201136,34,35364,4.7,35750,36,13294,0.5249,0,1,medical,central,0
A201137,38,94829,2.7,10873,36,5065,0.0649,0,0,car,north,0
A201138,31,55419,9.9,2916,12,2868,0.0785,0,0,car,central,0
A201139,38,48914,0.5,14218,48,934,0.0822,1,2,debt_consolidation,north,0
A201140,44,41303,9.5,7572,60,1834,0.0589,0,1,home_improvement,south,0
A201141,21,33936,3.7,3362,48,6794,0.1249,0,2,debt_consolidation,east,0
A201142,44,25250,0.9,30495,12,2825,1.2,0,0,other,north,1
A201143,57,130044,2.1,19508,48,4875,0.0562,0,3,other,north,0
A201144,24,62305,1.7,7175,12,1472,0.127,0,1,home_improvement,east,0
A201145,37,35691,4.2,9086,48,6082,0.1488,1,4,debt_consolidation,south,0
A201146,43,17184,1.0,9881,48,33114,1.1073,0,1,medical,central,0
A201147,33,42729,1.4,5956,24,6734,0.1485,0,0,other,north,0
A201148,47,108160,5.9,7560,24,2687,0.0474,0,1,debt_consolidation,north,0
A201149,21,47124,1.5,22233,60,43457,0.5555,0,0,car,south,0
A201150,35,95230,5.2,7445,60,2963,0.0312,0,0,education,central,0
A201151,36,113408,1.6,11220,60,5961,0.0461,0,0,debt_consolidation,east,0
A201152,53,71177,0.8,15216,60,764,0.0481,1,0,home_improvement,east,0
A201153,23,25257,1.0,43953,60,8425,0.5148,0,2,home_improvement,north,0
A201154,29,38662,10.3,9952,36,32502,0.5061,1,1,home_improvement,north,1
A201155,41,81564,0.8,16154,12,3974,0.2224,0,0,debt_consolidation,south,0
A201156,51,78242,4.8,4581,36,4478,0.0481,0,0,home_improvement,central,0
A201157,52,50856,1.9,5250,48,2972,0.055,0,2,home_improvement,east,0
A201158,46,31572,6.9,2425,60,2972,0.0624,1,1,debt_consolidation,north,1
A201159,39,45585,1.1,10802,48,6287,0.1282,0,2,debt_consolidation,south,0
A201160,60,49321,5.3,13090,24,4516,0.1785,2,1,car,south,0
A201161,42,32405,4.7,6050,24,2165,0.1268,0,0,medical,north,0
A201162,51,42566,2.7,22248,60,1993,0.1279,1,0,car,east,0
A201163,56,34841,9.4,5253,36,5395,0.1277,1,3,education,north,0
A201164,21,44836,3.1,21844,60,7622,0.1824,0,2,education,central,0
A201165,36,30837,7.0,25056,60,3105,0.2129,0,1,debt_consolidation,north,0
A201166,21,51806,1.5,43714,12,962,0.8531,0,0,car,central,0
A201167,32,66520,2.2,5664,36,1949,0.043,0,0,debt_consolidation,south,0
A201168,26,31507,2.2,9962,24,7458,0.2764,1,3,debt_consolidation,north,0
A201169,54,51514,1.0,10749,12,1248,0.2208,0,0,home_improvement,central,0
A201170,33,89572,12.3,12661,60,8100,0.0735,0,0,debt_consolidation,south,0
A201171,40,92499,5.2,3510,12,9918,0.0916,2,0,debt_consolidation,south,0
A201172,44,71812,3.3,4340,24,12412,0.1166,0,2,car,central,0
A201173,32,75563,2.9,11608,36,3149,0.072,0,3,debt_consolidation,east,1
A201174,44,57559,12.0,6215,60,3071,0.0483,0,1,car,north,0
A201175,36,103437,9.0,6072,12,3466,0.0755,0,0,debt_consolidation,south,0
A201176,35,25875,2.0,5234,24,2530,0.15,0,1,debt_consolidation,east,0
A201177,41,47496,4.5,12661,36,17945,0.2778,0,0,medical,east,1
A201178,28,85146,3.8,7374,24,1656,0.053,0,1,other,north,0
A201179,37,37318,5.2,5660,12,47352,0.7861,0,2,car,north,1
A201180,33,48181,1.9,3215,24,1566,0.0496,0,1,home_improvement,south,0
A201181,63,54782,2.9,6298,24,31541,0.3454,0,3,car,south,0
A201182,52,35642,9.4,11144,12,1437,0.3328,0,3,debt_consolidation,east,0
A201183,36,71723,2.5,21874,24,1083,0.16,0,0,debt_consolidation,north,0
A201184,21,69242,3.2,6540,48,4441,0.0557,0,1,education,south,0
A201185,35,92097,7.9,5385,12,3064,0.0751,0,0,debt_consolidation,east,0
A201186,25,72060,0.6,8186,48,8960,0.0906,0,0,car,east,0
A201187,31,26372,4.7,16901,60,5546,0.2333,0,1,debt_consolidation,east,0
A201188,37,54152,6.1,6514,60,22418,0.231,0,4,car,east,0
A201189,52,38348,2.0,5174,24,2838,0.1045,3,5,home_improvement,north,1
A201190,34,74791,2.3,3672,48,17035,0.1262,0,5,debt_consolidation,north,0
A201191,26,155327,2.2,5396,12,2703,0.0434,0,0,home_improvement,east,0
A201192,26,25801,2.0,15738,48,594,0.164,0,0,home_improvement,south,0
A201193,21,130113,2.9,27844,60,1433,0.0483,0,0,debt_consolidation,south,0
A201194,42,38557,1.4,5277,36,4472,0.1036,0,1,home_improvement,south,0
A201195,42,50660,4.8,7030,12,6501,0.2029,0,0,other,north,0
A201196,47,85723,4.2,16760,36,1386,0.0733,0,5,debt_consolidation,south,0
A201197,32,76350,11.5,13446,48,2916,0.0631,0,3,medical,east,0
A201198,26,79514,9.3,14098,24,27297,0.2603,0,1,education,central,0
A201199,34,48677,4.6,24064,12,4638,0.542,0,0,car,south,0
A201200,22,28067,3.2,4215,48,95706,1.2,1,1,car,east,1
A201201,40,37420,10.4,12102,24,1947,0.1877,0,1,debt_consolidation,central,0
A201202,36,66961,18.6,11850,36,4028,0.0891,0,0,home_improvement,north,0
A201203,31,33180,2.7,4202,36,6871,0.1458,2,5,other,east,1
A201204,26,75618,2.5,8846,48,11955,0.1083,0,0,other,north,0
A201205,44,38246,5.4,5054,36,1400,0.0624,3,2,other,south,1
A201206,29,33841,1.3,42160,36,15361,0.6422,0,0,debt_consolidation,central,0
A201207,23,54307,13.8,4320,60,1291,0.0278,0,2,medical,east,0
A201208,59,88206,2.4,3820,12,8480,0.0914,0,0,home_improvement,north,0
A201209,32,121378,5.3,5102,60,2820,0.02,0,1,other,north,1
A201210,36,74659,3.8,9386,24,2130,0.0771,0,5,debt_consolidation,north,0
A201211,27,47591,4.9,10039,36,1703,0.0882,0,1,education,east,0
A201212,38,99038,2.7,9017,12,20742,0.1958,2,1,education,central,1
A201213,48,73890,2.4,16372,24,8313,0.167,0,0,debt_consolidation,north,0
A201214,71,77053,4.2,9815,36,13148,0.1278,0,0,home_improvement,central,0
A201215,64,89727,2.8,15538,24,16602,0.1791,1,1,other,north,0
A201216,61,48469,13.8,2311,12,3252,0.0812,0,0,medical,east,0
A201217,55,62026,4.5,2789,12,1149,0.0542,0,3,education,central,0
A201218,32,18734,4.4,8924,24,2060,0.2932,0,1,education,north,0
A201219,23,71033,4.0,3399,60,22187,0.1657,0,2,debt_consolidation,central,0
A201220,21,106844,7.9,25043,24,10035,0.1642,0,0,medical,north,0
A201221,21,83965,2.4,5951,60,37369,0.2367,0,0,debt_consolidation,north,0
A201222,21,111865,3.0,6008,60,3248,0.0253,0,4,debt_consolidation,north,0
A201223,31,33663,10.2,8155,12,6702,0.3418,0,0,debt_consolidation,central,0
A201224,27,124396,3.3,12738,60,3809,0.0358,0,1,education,central,0
A201225,31,83220,1.2,7875,12,37198,0.3181,0,1,debt_consolidation,central,0
A201226,21,69588,4.6,12105,36,6745,0.1064,0,0,debt_consolidation,south,0
A201227,34,75275,3.0,4069,24,1452,0.0367,0,0,home_improvement,north,0
A201228,30,133996,7.2,4445,12,6676,0.0581,0,3,car,north,0
A201229,36,67943,2.1,12543,12,4631,0.2187,0,3,car,east,0
A201230,42,57273,2.9,56240,24,274,0.4934,0,0,medical,central,1
A201231,38,50132,2.8,2108,48,4340,0.0538,1,3,debt_consolidation,south,0
A201232,33,99921,2.1,14284,36,16647,0.131,0,1,other,east,0
A201233,52,39747,3.6,12749,24,4134,0.2124,0,1,car,north,0
A201234,45,53453,1.9,9946,36,1539,0.0764,0,5,debt_consolidation,south,0
A201235,24,69544,2.3,7252,48,1463,0.0366,0,2,home_improvement,south,0
A201236,42,26849,3.6,6054,36,46152,0.9346,0,3,education,north,1
A201237,62,80662,6.7,12145,12,8536,0.2035,0,2,car,north,0
A201238,29,121214,4.7,13880,36,1384,0.0439,0,2,education,south,0
A201239,27,64979,1.9,3909,36,14885,0.1346,2,0,education,south,0
A201240,40,37973,3.4,8481,36,1271,0.0912,0,4,education,south,0
A201241,36,70262,4.7,13732,60,4854,0.0736,0,1,home_improvement,north,0
A201242,29,65100,14.4,26188,24,35218,0.4716,0,4,debt_consolidation,east,0
A201243,28,72383,5.1,11381,24,3345,0.1017,0,1,car,east,0
A201244,43,45722,1.9,11887,24,8335,0.2211,0,1,other,east,0
A201245,45,55150,0.7,26525,48,19117,0.2936,0,0,medical,north,0
A201246,23,61415,4.1,6008,60,1653,0.033,0,3,car,north,0
A201247,30,63350,7.2,25250,60,26746,0.2908,0,1,other,north,0
A201248,34,48931,2.7,12507,12,4175,0.2983,0,0,education,central,0
A201249,34,44342,2.9,14601,48,6406,0.1546,0,5,car,north,0
A201250,44,131531,1.3,5065,12,1397,0.0438,0,3,debt_consolidation,east,0
A201251,44,42766,3.2,7632,48,7496,0.1323,0,0,home_improvement,north,0
A201252,32,34497,10.0,5804,48,9801,0.1841,0,2,education,central,0
A201253,57,73743,7.1,6851,36,3140,0.0523,0,2,education,south,0
A201254,30,48346,0.8,1624,24,714,0.0242,0,2,other,north,0
A201255,41,94688,1.6,4718,60,5615,0.0396,1,0,home_improvement,central,0
A201256,46,19123,3.0,7438,24,9318,0.4381,0,2,education,north,1
A201257,46,127022,2.0,8902,60,7097,0.042,0,3,debt_consolidation,east,0
A201258,21,33197,1.1,6481,36,32668,0.5571,0,2,education,south,0
A201259,22,33317,3.2,11506,48,12122,0.2683,0,1,car,south,0
A201260,24,46052,4.5,4307,36,5662,0.0926,0,0,home_improvement,east,0
A201261,50,26596,10.1,6266,24,78375,1.2,0,0,debt_consolidation,north,0
A201262,56,39744,1.6,3748,24,4561,0.1045,1,1,home_improvement,central,0
A201263,45,29853,6.7,8661,24,2259,0.1829,0,0,debt_consolidation,north,0
A201264,21,50689,3.2,60000,48,3781,0.3332,0,1,other,north,0
A201265,49,52328,0.8,4649,12,87160,0.9217,0,0,education,north,0
A201266,21,43791,2.3,3842,48,10437,0.1411,0,0,home_improvement,north,0
A201267,35,19956,4.3,4018,24,4262,0.2075,0,1,debt_consolidation,central,0
A201268,23,35784,3.1,19063,48,38432,0.6702,0,0,car,north,0
A201269,40,65632,1.4,5961,36,27158,0.2372,0,1,debt_consolidation,north,0
A201270,36,50999,6.1,10200,24,1818,0.1178,0,3,other,south,0
A201271,28,33836,4.6,4513,60,515,0.0343,0,1,other,south,0
A201272,62,55309,3.0,5763,48,6542,0.0852,0,1,car,south,0
A201273,32,27732,3.4,49679,24,18967,1.2,0,0,debt_consolidation,east,0
A201274,46,72528,5.2,9435,24,5852,0.1054,2,0,debt_consolidation,north,1
A201275,24,44009,5.5,9344,60,1878,0.0638,0,1,car,south,0
A201276,30,45858,10.3,21744,36,16741,0.3406,0,0,debt_consolidation,north,0
A201277,43,90566,3.4,13325,60,9732,0.0832,0,0,education,central,0
A201278,32,61939,2.1,12952,48,5518,0.0968,0,0,home_improvement,central,0
A201279,30,65881,2.2,6340,24,8271,0.1109,0,1,debt_consolidation,south,0
A201280,34,51732,1.8,6650,48,5676,0.087,0,5,home_improvement,north,0
A201281,47,61717,10.8,15861,24,16245,0.2601,0,0,other,east,0
A201282,36,40430,6.3,12533,24,2993,0.192,0,1,other,east,0
A201283,43,81322,5.9,2718,36,4955,0.0416,0,0,education,north,0
A201284,39,63725,1.7,9013,36,16340,0.1754,0,4,debt_consolidation,east,1
A201285,56,24730,2.5,18924,48,3676,0.2656,0,1,debt_consolidation,central,1
A201286,31,30698,2.0,9996,60,16860,0.3397,0,1,home_improvement,south,0
A201287,22,69281,0.6,14268,12,12271,0.2945,1,5,car,central,0
A201288,36,127783,2.7,9800,48,1381,0.0246,0,2,debt_consolidation,east,0
A201289,29,28586,10.6,14616,36,3746,0.236,0,5,debt_consolidation,east,0
A201290,37,43134,7.2,4978,24,22037,0.3132,0,0,medical,east,0
A201291,48,39822,15.3,9347,36,12504,0.2352,0,0,car,north,0
A201292,48,42117,0.2,7590,36,1653,0.0797,1,2,car,central,0
A201293,26,35539,1.0,13334,24,952,0.201,0,0,medical,central,0
A201294,44,141596,0.5,9444,60,2321,0.0215,0,0,home_improvement,north,0
A201295,28,33921,5.5,6077,48,8871,0.1755,0,0,car,east,0
A201296,40,50331,2.8,6054,60,8943,0.1129,1,0,education,north,0
A201297,32,87798,3.6,2874,12,3021,0.0499,0,0,debt_consolidation,central,0
A201298,25,25258,3.2,7590,60,3775,0.1348,0,2,medical,north,0
A201299,23,51470,3.3,11774,24,6620,0.1787,2,1,debt_consolidation,east,0
A201300,45,19720,1.0,6014,60,4566,0.1768,2,2,education,east,0
A201301,52,48120,7.4,21771,36,3022,0.1822,0,1,car,central,1
A201302,22,31709,4.0,9229,12,6114,0.3875,0,4,car,central,0
A201303,36,23099,12.0,18653,36,29689,0.9118,0,4,debt_consolidation,south,1
A201304,51,25306,6.1,7198,60,4061,0.1371,0,1,medical,east,0
A201305,49,25871,8.0,16939,24,4494,0.4142,0,2,car,east,0
A201306,24,110218,7.2,7639,36,19766,0.1128,0,3,home_improvement,south,0
A201307,37,65468,4.4,5531,36,33466,0.2838,0,0,medical,central,0
A201308,40,26694,9.0,30583,60,8207,0.3829,0,1,home_improvement,central,0
A201309,37,137143,6.5,4364,12,9618,0.0669,0,1,debt_consolidation,central,0
A201310,37,69280,4.2,4719,60,6170,0.0582,1,1,car,north,0
A201311,23,68618,3.7,5018,12,3270,0.097,2,0,car,north,0
A201312,31,35780,4.0,3140,12,3721,0.1398,0,1,home_improvement,east,0
A201313,41,47479,5.0,6355,36,18597,0.2405,0,0,home_improvement,central,0
A201314,43,35326,8.0,9444,36,2898,0.1301,1,2,medical,east,0
A201315,33,24891,2.0,30533,60,2820,0.302,0,0,car,central,0
A201316,53,34985,8.2,21331,60,4220,0.1823,0,0,car,east,0
A201317,28,35583,3.9,3072,48,3346,0.0686,0,0,home_improvement,south,0
A201318,53,50000,10.2,11838,36,4054,0.1195,0,3,debt_consolidation,south,0
A201319,27,105422,3.4,10179,48,27621,0.1551,0,2,car,north,0
A201320,39,26178,2.9,2608,36,9279,0.2104,1,0,education,north,0
A201321,58,42530,3.3,6726,48,1910,0.062,1,2,home_improvement,east,0
A201322,40,24906,3.5,9322,60,1988,0.1148,0,0,home_improvement,south,0
A201323,52,41067,4.7,8715,36,4054,0.1201,0,3,car,central,0
A201324,21,21436,2.5,11868,24,5422,0.4033,0,0,debt_consolidation,north,0
A201325,34,60422,6.7,7563,60,11454,0.1198,0,1,medical,east,0
A201326,32,41353,0.6,20709,36,2292,0.1946,0,0,education,east,0
A201327,40,50919,11.5,10283,24,2253,0.1231,1,3,home_improvement,south,0
A201328,59,38541,7.6,5342,48,50014,0.6835,0,2,car,east,0
A201329,53,94967,9.3,11117,12,2593,0.1307,0,0,home_improvement,south,0
A201330,28,32704,4.0,1902,12,12741,0.253,0,2,education,east,0
A201331,26,46090,1.1,8072,48,6048,0.1094,0,2,debt_consolidation,north,0
A201332,53,37563,5.1,13262,48,3233,0.1313,0,1,other,south,0
A201333,35,33203,3.3,16523,60,984,0.1143,1,1,home_improvement,central,0
A201334,54,62470,5.6,12098,60,6202,0.0884,0,2,debt_consolidation,south,0
A201335,44,46440,2.9,17576,48,2036,0.1165,0,1,debt_consolidation,central,0
A201336,27,59092,3.4,8050,24,11367,0.1643,0,0,other,south,0
A201337,62,62681,3.9,6562,60,12256,0.1187,0,1,car,north,0
A201338,32,34525,1.8,27213,36,71571,1.2,0,0,debt_consolidation,east,1
A201339,53,106790,6.4,9138,12,9356,0.1294,0,0,other,south,0
A201340,51,76576,6.9,5248,60,4445,0.0427,0,3,home_improvement,south,0
A201341,31,43899,0.4,11830,48,6889,0.1458,1,0,education,north,0
A201342,27,51768,4.8,10875,36,15761,0.2223,0,1,debt_consolidation,central,0
A201343,35,36855,5.4,11969,48,3739,0.1319,0,0,car,south,0
A201344,27,143976,5.8,3549,48,14076,0.055,0,3,car,north,0
A201345,41,53042,5.3,12834,24,2185,0.1416,0,0,other,south,0
A201346,40,46696,0.9,6393,24,10926,0.1854,0,1,car,east,0
A201347,23,128560,5.9,5457,24,7226,0.0493,0,0,debt_consolidation,north,0
A201348,42,67726,1.0,27565,36,6413,0.183,1,0,other,central,0
A201349,39,30602,3.1,12597,24,5074,0.2887,0,1,car,north,0
A201350,42,76012,6.2,4054,60,4112,0.0377,0,2,car,east,0
A201351,26,22344,4.1,4708,36,459,0.0805,0,2,debt_consolidation,north,0
A201352,46,58539,3.1,36360,24,19479,0.4769,0,2,other,east,0
A201353,31,40203,1.5,9220,36,33717,0.4958,0,4,debt_consolidation,north,1
A201354,21,42052,6.0,16063,60,51300,0.6864,1,1,debt_consolidation,central,0
A201355,40,53609,1.6,3945,24,7378,0.1056,0,2,debt_consolidation,east,0
A201356,40,42777,0.8,12523,48,9892,0.1888,2,0,car,north,0
A201357,42,71117,4.5,5995,12,7800,0.1391,0,0,car,north,0
A201358,24,72255,3.2,7859,60,5625,0.0607,0,1,car,north,0
A201359,31,27240,11.9,11091,36,1891,0.1704,1,2,medical,south,1
A201360,38,124753,2.2,7726,60,1270,0.0175,0,0,car,south,0
A201361,40,53276,0.3,8898,24,46951,0.5241,0,0,home_improvement,north,0
A201362,33,26979,4.0,10389,36,62685,1.2,0,0,home_improvement,central,1
A201363,38,49353,4.2,23412,48,560,0.1243,0,4,debt_consolidation,east,0
A201364,21,39690,3.3,38737,24,2612,0.5209,2,2,other,central,1
A201365,21,47861,4.7,7043,48,7961,0.12,0,5,debt_consolidation,north,0
A201366,44,32684,3.4,4751,48,1219,0.055,0,3,debt_consolidation,central,0
A201367,45,38616,14.5,12286,36,3536,0.1518,1,2,car,north,0
A201368,45,90106,3.7,16970,48,1669,0.0563,0,0,debt_consolidation,north,0
A201369,29,49594,8.7,10014,48,1564,0.0662,0,1,education,central,0
A201370,24,172020,4.5,13367,24,13725,0.0787,0,2,car,east,0
A201371,52,54112,6.2,8092,48,10464,0.1341,0,1,debt_consolidation,east,0
A201372,34,39108,6.6,4773,60,4685,0.0843,1,2,debt_consolidation,north,1
A201373,46,26602,13.5,3436,36,21157,0.4407,0,0,education,south,0
A201374,32,73494,3.4,5183,60,1176,0.0221,0,0,debt_consolidation,east,0
A201375,41,41516,7.5,2432,60,8985,0.1199,0,0,home_improvement,south,0
A201376,50,56881,1.9,7423,12,3232,0.1589,0,2,car,central,0
A201377,49,55976,1.4,6894,48,4105,0.0675,1,2,other,south,0
A201378,40,61276,2.6,4611,12,12420,0.1766,0,0,debt_consolidation,north,0
A201379,24,67189,1.5,11427,12,48948,0.5343,0,0,education,central,0
A201380,38,94665,2.5,3008,36,8882,0.0575,0,1,debt_consolidation,central,0
A201381,49,30103,7.3,19930,48,1808,0.1955,0,0,medical,north,0
A201382,53,53823,2.1,10510,48,11723,0.1577,0,1,home_improvement,east,0
A201383,31,82741,3.8,11102,36,23845,0.1888,0,2,debt_consolidation,south,0
A201384,43,87490,1.9,17734,24,110,0.102,0,4,other,north,0
A201385,56,101030,3.3,12157,36,48756,0.2814,1,2,education,east,0
A201386,55,38426,0.9,5286,60,8244,0.1348,0,2,debt_consolidation,central,1
A201387,30,80702,2.6,8223,36,4503,0.0619,2,4,debt_consolidation,north,1
A201388,36,23196,16.5,20335,12,23786,1.2,0,0,education,south,1
A201389,48,40829,2.0,3867,60,4989,0.08,0,2,home_improvement,central,0
A201390,61,42056,1.1,7933,24,20142,0.3338,0,1,other,south,0
A201391,36,73043,1.9,2927,60,2054,0.0221,0,0,debt_consolidation,central,0
A201392,35,68909,2.6,5847,60,1487,0.0278,1,1,car,central,0
A201393,42,54580,14.4,3642,36,3708,0.0562,0,0,other,east,0
A201394,36,73937,8.8,28417,60,25209,0.2473,1,0,car,south,0
A201395,27,28576,1.7,13423,48,12807,0.3415,0,3,car,central,0
A201396,39,90732,2.8,28904,60,15111,0.147,0,0,home_improvement,central,0
A201397,50,39232,12.0,3910,60,2593,0.053,0,4,home_improvement,south,0
A201398,36,101453,6.2,9767,48,12305,0.0847,0,3,debt_consolidation,east,0
A201399,21,41136,3.9,11608,48,700,0.0791,0,2,home_improvement,north,0
A201400,21,28366,0.5,10571,24,40690,0.9036,0,0,education,south,0
A201401,28,72765,6.8,17708,36,9629,0.1473,0,0,medical,north,0
A201402,49,101887,1.0,7862,60,8141,0.0554,1,0,debt_consolidation,north,0
A201403,51,33297,2.2,11559,36,12614,0.3051,1,2,debt_consolidation,central,0
A201404,45,36995,0.3,3342,12,16075,0.3076,0,0,home_improvement,central,0
A201405,45,81558,2.4,12449,36,3751,0.0739,0,1,home_improvement,east,0
A201406,32,59738,8.2,13485,24,3773,0.1444,0,1,home_improvement,central,0
A201407,30,66675,2.5,4239,60,1580,0.0246,2,2,debt_consolidation,south,1
A201408,50,51683,3.3,10128,24,2552,0.1227,0,0,education,east,0
A201409,40,77050,0.9,8490,36,8833,0.094,0,1,home_improvement,central,1
A201410,32,50062,8.6,34866,36,1900,0.2511,0,2,debt_consolidation,central,0
A201411,40,51359,4.0,2755,24,16438,0.1869,0,1,home_improvement,central,0
A201412,32,31890,7.7,16523,12,12851,0.7196,0,1,debt_consolidation,north,0
A201413,21,57144,4.5,39826,24,8449,0.4224,0,1,medical,south,0
A201414,27,19022,0.9,11066,12,684,0.5997,1,1,debt_consolidation,central,0
A201415,42,46634,11.0,5997,60,2405,0.0515,0,0,medical,north,0
A201416,46,56086,3.2,9169,24,2082,0.1003,0,2,debt_consolidation,north,0
A201417,29,74781,2.1,7422,60,19804,0.1523,0,1,debt_consolidation,central,0
A201418,21,124348,2.1,5642,36,841,0.0185,0,2,education,central,0
A201419,64,19627,3.5,6551,48,5178,0.2154,0,2,car,south,0
A201420,47,39286,4.0,6809,24,792,0.0967,0,3,car,north,0
A201421,35,39275,10.2,7442,24,5357,0.1629,0,0,debt_consolidation,north,0
A201422,41,40994,3.2,60000,12,1981,1.2,0,1,debt_consolidation,south,1
A201423,27,60441,8.9,3531,12,89007,0.7947,0,2,home_improvement,south,0
A201424,62,91891,1.0,9034,48,8696,0.0719,0,3,home_improvement,east,0
A201425,21,28927,2.4,6804,60,8746,0.1982,0,1,home_improvement,north,0
A201426,51,59177,4.5,4703,48,3316,0.0479,0,0,other,central,0
A201427,30,76975,9.4,9928,48,6416,0.0739,1,1,home_improvement,south,0
A201428,44,29333,4.3,25003,24,5248,0.5156,0,0,debt_consolidation,east,1
A201429,44,80321,2.6,3403,12,20271,0.1686,2,2,car,central,1
A201430,35,60414,2.6,4634,24,45414,0.4142,0,3,other,south,0
A201431,37,148250,1.5,12503,60,13914,0.0638,0,0,debt_consolidation,east,0
A201432,48,35067,4.6,14286,60,1394,0.1014,0,0,home_improvement,central,0
A201433,48,92022,5.9,7735,48,1986,0.0318,1,0,debt_consolidation,central,0
A201434,33,83222,4.5,16729,48,4649,0.0782,0,1,education,central,0
A201435,43,49139,2.4,4520,24,5088,0.0978,0,1,education,north,0
A201436,47,50003,6.8,34136,60,5537,0.1919,0,0,other,central,0
A201437,50,18962,7.0,14394,24,35957,1.2,0,1,home_improvement,east,1
A201438,32,35330,3.7,25034,60,2917,0.183,0,1,education,south,0
A201439,21,33778,2.3,7250,12,23100,0.5566,0,0,debt_consolidation,central,0
A201440,31,55340,5.2,4362,36,23124,0.2352,0,3,debt_consolidation,east,1
A201441,52,46683,8.6,49427,36,4909,0.4055,0,1,car,central,0
A201442,37,72463,7.0,6058,60,1132,0.0245,0,2,home_improvement,east,0
A201443,50,48137,9.0,9028,24,715,0.1012,0,1,other,central,0
A201444,42,59301,10.7,11190,24,13875,0.2113,0,4,home_improvement,south,1
A201445,34,70748,1.2,21935,24,8065,0.212,0,0,education,north,0
A201446,34,32743,10.6,20524,24,5981,0.4047,0,0,car,east,0
A201447,51,49340,1.8,10076,36,4493,0.1136,0,0,debt_consolidation,east,0
A201448,40,50598,4.0,15416,48,980,0.0859,0,0,home_improvement,central,0
A201449,29,128275,0.5,8184,24,16701,0.097,0,0,debt_consolidation,south,0
A201450,45,52540,2.2,13956,12,20507,0.4608,0,4,medical,central,0
A201451,34,31678,8.0,15107,12,5486,0.5635,0,1,car,north,0
A201452,29,28191,3.9,21909,60,6103,0.2637,0,0,education,north,0
A201453,53,31542,1.4,7695,36,20878,0.4123,0,2,debt_consolidation,north,0
A201454,47,20463,6.1,1924,36,2456,0.0914,0,1,other,east,0
A201455,39,24998,1.0,5655,12,4703,0.3203,0,3,debt_consolidation,north,0
A201456,32,76969,2.5,4577,60,3436,0.0342,0,0,debt_consolidation,north,0
A201457,58,53787,5.0,22947,60,7839,0.1582,1,0,car,east,0
A201458,40,33713,3.7,12525,24,2740,0.2264,0,1,other,central,0
A201459,32,70651,10.1,8282,24,9249,0.1241,2,0,debt_consolidation,central,0
A201460,56,95572,11.5,21869,24,27384,0.2577,0,0,home_improvement,central,0
A201461,42,91441,1.7,9049,48,5343,0.054,1,1,car,north,0
A201462,49,37411,4.7,5874,48,10814,0.1838,0,2,debt_consolidation,east,0
A201463,51,34220,0.8,5561,24,32337,0.5537,0,1,debt_consolidation,central,0
A201464,32,86429,2.8,7893,12,2624,0.1065,0,0,home_improvement,south,0
A201465,47,56476,4.2,20894,24,1557,0.1988,1,1,debt_consolidation,south,0
A201466,37,37365,2.4,5391,60,3214,0.0719,0,2,home_improvement,south,1
A201467,55,89821,1.9,3834,48,6945,0.0493,0,3,home_improvement,north,0
A201468,45,55640,4.2,3390,24,3436,0.0613,0,1,other,east,0
A201469,46,25869,2.1,5498,12,1378,0.2392,0,1,debt_consolidation,central,0
A201470,48,50128,13.8,8198,24,12813,0.2096,0,0,medical,central,0
A201471,33,49652,2.7,4996,36,5308,0.087,0,3,other,central,0
A201472,21,53788,8.2,16127,60,7657,0.1311,0,0,home_improvement,north,0
A201473,21,58728,8.6,10278,48,6630,0.1002,0,1,debt_consolidation,north,0
A201474,34,27969,9.2,9026,12,4689,0.4065,0,1,car,central,0
A201475,40,33874,2.9,5256,60,13046,0.2236,0,0,car,central,0
A201476,51,27720,6.6,18188,60,3794,0.1997,0,1,education,south,0
A201477,36,42983,4.7,7223,12,8264,0.2642,0,0,debt_consolidation,south,0
A201478,55,51081,6.2,20821,48,9071,0.1907,1,0,home_improvement,central,0
A201479,29,32866,1.5,8249,48,6048,0.1548,0,1,car,east,0
A201480,21,46766,9.0,8411,48,6601,0.1155,0,2,car,central,1
A201481,23,67244,3.3,9076,12,11672,0.2218,0,0,other,central,0
A201482,26,64287,3.6,14244,24,2775,0.1324,0,1,debt_consolidation,south,0
A201483,43,88349,8.5,12537,60,13621,0.1055,0,1,other,east,0
A201484,46,60090,2.8,2754,12,2808,0.0692,1,4,home_improvement,south,0
A201485,38,23406,2.6,6841,12,5162,0.4025,2,0,car,central,0
A201486,49,21379,5.2,10447,12,5381,0.6145,0,1,home_improvement,central,0
A201487,46,117052,1.2,43694,12,288,0.3745,0,1,home_improvement,central,0
A201488,42,120862,8.7,3214,12,15908,0.0924,0,0,education,north,0
A201489,38,79704,7.6,14113,48,4272,0.0711,0,1,debt_consolidation,south,0
A201490,29,42848,3.5,9208,24,38908,0.5615,0,5,home_improvement,north,0
A201491,24,43205,4.5,11596,24,1217,0.1483,0,2,education,south,0
A201492,29,69465,3.9,9310,48,2640,0.0525,0,0,debt_consolidation,central,0
A201493,45,102362,12.6,6168,36,7135,0.0549,0,0,debt_consolidation,north,0
A201494,33,41304,1.0,3952,24,6687,0.1288,0,0,other,east,0
A201495,37,97760,7.2,5663,12,3927,0.078,0,1,education,south,0
A201496,62,33823,5.7,4880,24,10199,0.2229,1,1,debt_consolidation,east,0
A201497,39,26594,9.7,42660,24,14424,1.0732,0,0,education,north,0
A201498,46,68748,1.4,3083,24,2350,0.0395,0,0,education,central,0
A201499,37,62039,8.2,9182,48,5686,0.0828,1,4,debt_consolidation,central,0
A201500,35,38358,17.5,11274,48,8764,0.1877,0,1,other,north,0
A201501,53,55480,4.9,11319,24,5026,0.1473,0,0,home_improvement,south,0
A201502,23,31871,2.2,13612,48,2033,0.1387,0,0,home_improvement,east,0
A201503,24,102904,2.0,14581,24,8672,0.113,0,3,debt_consolidation,south,0
A201504,72,41917,3.6,3201,36,3495,0.0671,0,0,other,central,0
A201505,28,41807,1.6,10343,36,13602,0.2451,0,1,other,east,0
A201506,56,95857,2.9,11412,48,3350,0.0472,0,2,car,north,0
A201507,51,58527,3.3,6070,36,6121,0.0869,0,3,car,central,0
A201508,32,33938,4.8,9704,60,19894,0.3503,0,4,other,central,0
A201509,21,38760,4.0,34077,36,1452,0.3118,0,0,debt_consolidation,central,0
A201510,27,46242,7.8,7946,48,9728,0.1481,1,0,home_improvement,north,1
A201511,33,69247,2.8,14323,12,1311,0.2163,0,1,debt_consolidation,east,1
A201512,44,79574,2.7,8742,36,3980,0.0616,0,2,home_improvement,north,0
A201513,21,37166,5.3,19263,36,5042,0.2406,0,0,home_improvement,south,0
A201514,21,46898,3.7,8559,24,2670,0.1197,0,2,car,east,0
A201515,37,90595,1.0,5007,36,4794,0.0449,0,0,debt_consolidation,central,0
A201516,21,30484,1.5,12862,36,4541,0.2151,1,1,debt_consolidation,south,1
A201517,25,47855,2.5,6293,60,514,0.0317,0,0,other,central,0
A201518,33,18197,2.5,13925,60,3245,0.2422,2,3,debt_consolidation,south,1
A201519,35,63712,4.4,14648,48,12010,0.1517,0,5,car,north,1
A201520,43,66743,7.1,8965,24,20548,0.2211,0,0,debt_consolidation,south,0
A201521,49,29408,6.7,8484,12,17165,0.5803,0,2,debt_consolidation,east,0
A201522,30,53279,5.6,17916,24,6815,0.2321,0,4,debt_consolidation,central,0
A201523,51,81391,7.4,13099,60,2297,0.0463,0,1,debt_consolidation,south,0
A201524,42,40034,3.7,5963,12,7437,0.2418,0,5,car,north,1
A201525,43,115812,7.8,47230,48,2010,0.1106,0,1,debt_consolidation,south,0
A201526,25,29210,9.6,25249,60,6037,0.2762,0,0,medical,south,1
A201527,53,22315,1.3,10603,48,5359,0.2389,0,3,education,south,0
A201528,36,38630,3.2,8224,12,7178,0.3058,0,1,debt_consolidation,south,0
A201529,21,53860,11.0,12142,12,992,0.2346,0,1,home_improvement,south,0
A201530,38,75554,6.6,4158,36,47063,0.3298,0,4,education,north,0
A201531,27,54653,4.0,6788,12,1089,0.1342,0,0,education,north,0
A201532,37,57109,0.8,10836,12,11553,0.2909,0,5,home_improvement,north,0
A201533,35,58215,2.0,23940,60,11747,0.1831,0,0,debt_consolidation,south,0
A201534,49,59551,3.2,6980,12,44106,0.4875,0,0,debt_consolidation,central,0
A201535,21,44763,5.4,9021,48,3119,0.0852,0,0,debt_consolidation,north,0
A201536,25,119115,7.5,4087,12,1568,0.0409,0,0,debt_consolidation,east,0
A201537,44,21920,4.5,14016,36,12577,0.5,1,2,education,south,1
A201538,21,24543,7.0,5715,24,11491,0.3505,0,0,car,east,0
A201539,27,62668,2.2,11036,24,5642,0.1331,0,1,other,east,0
A201540,37,46318,3.9,20087,24,1984,0.2383,0,2,home_improvement,south,0
A201541,41,34603,1.7,21366,48,12366,0.333,0,2,other,south,0
A201542,34,16063,2.4,4080,60,5767,0.2303,2,1,debt_consolidation,north,1
A201543,53,61582,2.7,4863,60,1247,0.0259,0,3,debt_consolidation,central,0
A201544,38,64168,2.8,9878,48,11633,0.1291,1,3,car,north,0
A201545,35,38910,1.4,7608,24,14821,0.2882,0,0,education,south,0
A201546,26,22452,2.8,20359,36,6915,0.4563,2,0,car,east,1
A201547,42,76275,5.4,10855,36,1819,0.0594,1,4,debt_consolidation,south,0
A201548,54,160277,4.0,8444,60,70351,0.23,0,4,medical,south,0
A201549,33,52147,1.6,9688,60,3711,0.0727,2,2,home_improvement,east,0
A201550,44,68996,7.8,4184,12,2440,0.0783,0,0,debt_consolidation,central,0
A201551,30,27299,4.7,14273,24,1927,0.2967,0,0,debt_consolidation,south,0
A201552,22,68726,4.8,38366,12,6692,0.6069,1,0,home_improvement,central,0
A201553,32,48548,10.4,9755,48,1643,0.0672,0,0,home_improvement,central,0
A201554,36,30769,8.6,18268,48,11920,0.3421,0,4,other,north,0
A201555,34,46332,2.2,11363,12,9771,0.3507,1,2,car,north,1
A201556,24,53324,14.0,22685,36,17833,0.309,0,2,home_improvement,south,0
A201557,46,61087,4.0,12520,12,1986,0.2212,0,1,debt_consolidation,north,0
A201558,52,34842,5.0,11643,60,28512,0.476,0,0,other,east,0
A201559,26,55665,6.2,5919,60,6176,0.0767,0,1,other,east,1
A201560,47,25652,1.9,31422,24,11154,0.8299,0,0,home_improvement,north,0
A201561,38,19141,1.7,6950,12,5411,0.5044,0,2,debt_consolidation,central,0
A201562,41,21609,2.9,8966,36,1481,0.1726,3,0,debt_consolidation,north,1
A201563,36,17607,4.1,3639,60,12661,0.4009,0,2,medical,south,0
A201564,46,18946,7.3,38855,36,4464,0.8014,0,3,car,south,0
A201565,32,32637,6.6,11063,24,13842,0.3815,0,0,car,east,0
A201566,29,63557,1.8,18871,24,9152,0.2205,0,0,debt_consolidation,south,0
A201567,59,64940,3.9,9690,24,2206,0.0916,1,0,medical,central,0
A201568,49,33711,3.1,18335,24,3643,0.326,0,0,education,central,0
A201569,48,53213,11.0,5415,12,1623,0.117,1,0,home_improvement,central,0
A201570,31,66557,6.4,16079,60,4963,0.0856,0,1,debt_consolidation,south,0
A201571,48,39637,4.0,17550,48,1969,0.1355,0,0,home_improvement,central,0
A201572,42,70045,0.7,15275,48,21759,0.2098,0,2,home_improvement,central,0
A201573,50,32593,3.5,7039,60,1754,0.0701,0,1,car,east,0
A201574,41,38375,3.3,2551,60,1102,0.0277,0,2,debt_consolidation,south,0
A201575,37,32849,17.1,12553,24,3956,0.2513,0,0,car,east,0
A201576,40,56125,2.5,4775,36,1456,0.0413,0,0,car,north,0
A201577,38,19362,5.4,7863,36,42341,1.2,0,4,debt_consolidation,south,1
A201578,45,35123,7.8,6965,24,7145,0.2009,0,1,home_improvement,north,0
A201579,53,69065,5.4,4671,24,13648,0.1326,0,1,home_improvement,east,0
A201580,42,34101,8.7,15451,12,5842,0.5388,0,0,home_improvement,north,0
A201581,41,31403,5.4,17040,36,5199,0.2637,0,1,home_improvement,north,1
A201582,22,31107,5.2,25913,24,7100,0.5306,1,2,education,east,0
A201583,43,57932,2.3,8591,60,1759,0.0448,0,0,home_improvement,east,0
A201584,21,45800,3.6,7220,48,11334,0.1631,0,0,debt_consolidation,north,1
A201585,44,63866,8.3,7500,24,11169,0.1462,0,0,debt_consolidation,central,0
A201586,24,57497,5.4,12212,36,1057,0.08,0,2,medical,north,0
A201587,42,84088,3.3,10275,36,6703,0.0806,0,0,home_improvement,central,0
A201588,40,38170,8.8,3570,24,8274,0.1551,0,2,other,north,0
A201589,34,154840,10.4,3098,36,42975,0.1454,0,1,home_improvement,central,0
A201590,43,138520,3.0,2846,12,5955,0.042,0,0,home_improvement,south,0
A201591,28,48026,10.1,12802,60,5301,0.1085,0,2,other,south,0
A201592,39,64815,4.6,16927,60,8360,0.1167,0,1,debt_consolidation,south,0
A201593,30,65458,0.4,19435,60,4082,0.0906,0,5,debt_consolidation,south,0
A201594,41,61873,2.9,7625,48,3800,0.0615,1,4,medical,south,1
A201595,44,42202,8.1,6768,48,5341,0.1034,0,3,education,south,0
A201596,36,79590,3.0,5362,36,5238,0.0554,0,4,education,north,0
A201597,49,57178,1.4,26943,60,11360,0.1936,1,1,car,south,0
A201598,64,65527,6.4,2491,12,24225,0.2229,0,0,car,east,1
A201599,46,33723,1.0,6396,12,3983,0.2487,0,2,car,central,0
A201600,32,72953,1.1,8119,12,3884,0.1379,0,2,home_improvement,central,0
A201601,61,49411,3.0,2080,60,26912,0.2807,1,1,medical,east,0
A201602,41,26890,9.3,5788,36,13075,0.3149,0,0,home_improvement,north,0
A201603,54,55435,2.0,6063,24,3367,0.0851,0,0,car,north,0
A201604,30,47208,3.3,9987,48,5125,0.1072,0,1,other,east,0
A201605,44,55127,5.8,4223,36,64580,0.6113,0,2,home_improvement,east,1
A201606,51,77875,2.4,4303,12,362,0.0576,0,2,home_improvement,south,0
A201607,62,36135,7.0,6919,48,568,0.0557,0,0,car,central,0
A201608,38,43356,6.5,4411,60,2355,0.0475,0,1,home_improvement,east,0
A201609,29,39626,1.2,12801,12,3570,0.3681,0,1,car,central,0
A201610,71,56530,1.7,3995,12,6300,0.1264,0,5,education,north,0
A201611,45,65770,2.8,22402,36,36637,0.3921,0,1,car,north,0
A201612,37,56308,5.0,16059,48,3119,0.099,0,1,debt_consolidation,east,0
A201613,48,123062,3.9,4891,36,6146,0.0382,0,0,medical,east,0
A201614,49,146663,2.2,4261,24,21117,0.0865,0,3,debt_consolidation,north,0
A201615,54,117449,2.0,4651,48,13335,0.0667,0,0,debt_consolidation,central,0
A201616,44,59818,2.0,4957,24,2999,0.0665,0,0,debt_consolidation,south,0
A201617,50,21219,2.5,3112,48,2203,0.0886,0,0,home_improvement,north,0
A201618,49,45916,4.7,13296,48,1246,0.086,0,3,home_improvement,east,0
A201619,43,78139,4.8,21865,60,21494,0.1935,0,1,home_improvement,east,0
A201620,39,21777,7.3,34308,48,4458,0.4962,0,0,education,north,0
A201621,21,63135,8.4,6627,12,5262,0.1466,0,2,medical,east,1
A201622,32,15134,4.2,10689,24,10389,0.6964,0,0,debt_consolidation,north,0
A201623,36,53465,1.0,4114,12,1056,0.0868,0,3,medical,east,0
A201624,41,39271,3.0,11977,60,2040,0.087,0,3,home_improvement,east,0
A201625,34,34748,9.1,25324,36,8733,0.3686,0,0,home_improvement,south,0
A201626,39,70688,3.4,10163,24,3565,0.0971,0,1,other,central,0
A201627,51,67586,4.6,6408,36,8526,0.0947,0,0,education,central,0
A201628,33,115749,2.6,8119,24,1210,0.0403,0,2,other,north,0
A201629,40,74609,2.5,10967,60,2230,0.0443,2,1,debt_consolidation,south,0
A201630,25,48515,1.4,1765,36,13206,0.1482,0,1,debt_consolidation,south,0
A201631,44,37003,1.1,16130,24,4741,0.282,0,0,debt_consolidation,central,0
A201632,44,79324,2.8,29522,48,8601,0.1473,0,4,other,north,0
A201633,64,38450,3.5,2870,60,2738,0.0505,0,3,car,south,0
A201634,41,35456,5.5,14848,48,10974,0.2594,0,1,education,central,0
A201635,47,111430,7.0,6129,24,930,0.0317,0,3,debt_consolidation,east,0
A201636,70,60183,6.7,9982,12,3972,0.1989,0,1,debt_consolidation,north,0
A201637,45,61783,3.2,15294,36,1453,0.0943,0,0,other,north,0
A201638,38,35457,1.5,11990,24,7088,0.269,0,0,home_improvement,south,0
A201639,26,113065,9.1,4838,36,14859,0.08,0,2,car,south,0
A201640,38,52843,0.9,6517,36,1408,0.0544,0,2,debt_consolidation,north,0
A201641,49,72962,1.0,8917,60,4545,0.0556,0,0,home_improvement,east,0
A201642,37,24503,4.5,32511,60,4647,0.3602,0,0,car,north,0
A201643,23,40473,8.0,8800,12,5123,0.2807,1,4,debt_consolidation,central,0
A201644,49,70106,7.1,1885,12,7466,0.0801,0,0,education,east,0
A201645,45,69723,4.3,3277,24,2948,0.0446,0,2,home_improvement,south,0
A201646,28,41554,4.7,9550,36,7981,0.1726,0,1,home_improvement,north,0
A201647,45,21075,7.4,4897,24,2277,0.1702,0,2,education,north,0
A201648,21,43325,7.0,23430,60,2011,0.1314,0,0,debt_consolidation,north,0
A201649,21,53611,5.6,11692,24,3542,0.1421,0,1,education,north,0
A201650,36,58007,5.7,11245,48,2074,0.0663,0,1,other,central,0
A201651,40,77560,3.9,18016,24,4888,0.1477,0,1,car,east,0
A201652,41,49965,18.8,34175,36,4451,0.2725,0,1,car,central,0
A201653,50,56396,6.6,3718,48,7119,0.0796,1,5,car,central,0
A201654,35,86647,6.1,11320,60,3197,0.0446,0,3,debt_consolidation,south,0
A201655,39,60841,6.9,3077,60,2606,0.0315,0,4,home_improvement,south,0
A201656,41,31179,2.6,4404,24,38932,0.695,0,0,other,central,0
A201657,41,38318,4.0,3863,60,11597,0.1715,0,1,medical,east,0
A201658,30,53488,3.2,14870,60,4353,0.0963,0,3,other,north,0
A201659,21,179570,1.4,21232,48,2239,0.0358,0,1,debt_consolidation,north,0
A201660,42,35591,3.5,3107,60,3435,0.0657,0,2,other,south,0
A201661,46,19550,11.2,2989,60,788,0.0507,0,0,debt_consolidation,south,0
A201662,38,18847,12.6,6881,60,9363,0.3214,0,0,car,north,0
A201663,62,61638,0.4,12353,12,28558,0.4321,0,0,home_improvement,east,1
A201664,46,57022,4.5,12879,48,4049,0.092,0,4,other,east,0
A201665,44,27278,4.4,9068,36,26572,0.5979,0,0,education,north,0
A201666,34,76178,0.8,13444,60,9064,0.0948,0,2,debt_consolidation,north,0
A201667,35,78289,2.7,8881,24,1716,0.0677,0,1,education,north,0
A201668,47,25317,6.5,11255,24,52429,1.2,1,1,medical,central,1
A201669,21,42759,0.9,13409,36,8656,0.2058,0,0,medical,central,0
A201670,35,54536,6.1,6926,60,2963,0.0526,0,1,debt_consolidation,east,0
A201671,35,52637,5.7,21826,48,3746,0.1392,3,0,debt_consolidation,south,0
A201672,35,29293,1.0,12051,12,6761,0.5268,0,0,home_improvement,central,0
A201673,33,68485,2.3,24086,60,18203,0.2032,0,0,other,east,0
A201674,33,42069,1.6,7115,12,1218,0.1836,0,0,other,south,0
A201675,29,16780,2.4,3172,36,9556,0.3478,2,1,car,east,1
A201676,40,51654,3.6,8188,24,10166,0.1777,0,2,debt_consolidation,north,0
A201677,57,30916,3.8,6709,60,16398,0.3086,0,3,debt_consolidation,central,0
A201678,63,92621,3.8,3240,48,5750,0.0398,0,0,education,north,0
A201679,21,58343,1.4,8674,12,1151,0.1585,0,0,debt_consolidation,south,0
A201680,46,97046,13.6,8895,60,6714,0.0529,0,2,medical,central,0
A201681,28,126259,5.5,3590,48,36727,0.1526,0,4,education,north,0
A201682,45,58620,6.1,6241,12,728,0.1127,0,0,car,central,0
A201683,36,46225,6.0,3334,24,50217,0.5792,0,2,debt_consolidation,north,1
A201684,31,32341,2.1,5777,12,4111,0.2422,0,2,debt_consolidation,north,0
A201685,32,50354,11.6,32119,12,9094,0.7282,0,0,debt_consolidation,north,1
A201686,61,79922,2.8,6643,12,2117,0.0964,0,3,other,central,0
A201687,39,126892,3.8,3712,48,830,0.0106,0,1,debt_consolidation,north,0
A201688,42,33971,1.9,8510,12,9566,0.3913,0,1,medical,central,0
A201689,21,60485,4.1,2688,12,16640,0.182,0,2,debt_consolidation,north,0
A201690,56,161321,7.0,6392,12,2208,0.0465,0,1,education,north,0
A201691,64,40842,4.0,6021,48,4867,0.0964,0,1,debt_consolidation,central,0
A201692,45,52229,8.6,10795,48,8394,0.132,0,1,medical,central,0
A201693,33,76414,3.2,8565,12,2763,0.1302,0,1,debt_consolidation,north,0
A201694,42,57702,3.4,45760,48,9019,0.2764,0,1,education,south,0
A201695,56,23302,2.4,10890,36,4661,0.2558,0,0,other,south,0
A201696,23,80514,3.9,22205,24,33764,0.3476,0,0,home_improvement,central,0
A201697,25,61278,1.9,7991,60,17347,0.1676,0,3,car,south,0
A201698,35,63123,1.7,8419,60,13186,0.1311,0,0,car,east,0
A201699,53,37351,2.4,27030,12,2785,0.761,0,0,home_improvement,central,0
A201700,22,43192,4.4,19722,60,7764,0.1812,0,2,other,east,0
A201701,41,77032,2.6,16768,36,7245,0.1196,0,0,debt_consolidation,north,0
A201702,41,48334,3.4,15103,24,29598,0.4624,1,0,education,east,0
A201703,35,125549,3.4,11393,36,63094,0.2815,0,0,debt_consolidation,east,0
A201704,21,54932,3.5,8875,12,9395,0.2471,0,0,debt_consolidation,south,1
A201705,49,56503,2.3,16557,24,10293,0.2376,0,3,debt_consolidation,east,0
A201706,23,42519,6.5,7745,60,4265,0.0866,0,2,car,south,0
A201707,29,69917,5.4,7991,36,11322,0.1191,0,2,home_improvement,south,0
A201708,52,60457,3.7,25830,12,1712,0.4414,0,0,other,east,0
A201709,27,47193,2.8,6714,48,10973,0.1518,0,2,debt_consolidation,central,0
A201710,21,35624,1.8,4684,60,5786,0.1075,0,3,car,north,0
A201711,37,127492,2.3,33610,60,9372,0.0895,2,1,medical,south,0
A201712,36,101044,10.0,9605,24,17981,0.1365,0,0,car,east,0
A201713,42,27909,8.5,6895,24,38857,0.8197,0,1,debt_consolidation,central,0
A201714,33,59767,7.4,7111,60,4756,0.0636,2,0,car,south,0
A201715,24,69782,1.9,8544,60,10609,0.1005,0,2,medical,north,0
A201716,22,48174,3.9,6232,36,1528,0.059,0,1,home_improvement,north,0
A201717,29,54425,1.6,14900,24,11870,0.2459,0,0,home_improvement,south,0
A201718,42,24186,5.6,10266,48,1127,0.1294,0,2,debt_consolidation,central,0
A201719,50,40751,1.6,18629,12,886,0.468,0,0,home_improvement,east,0
A201720,38,20687,9.3,14233,12,15325,1.0584,0,1,education,central,0
A201721,40,16202,10.2,15888,60,21540,0.8609,0,3,debt_consolidation,north,1
A201722,44,49950,3.1,7328,12,4556,0.1923,0,0,home_improvement,east,0
A201723,47,39995,3.1,23129,48,4532,0.2012,0,2,home_improvement,south,0
A201724,41,44714,5.7,16951,24,1389,0.2051,0,2,car,north,0
A201725,30,73002,0.6,9928,48,1247,0.0425,0,1,home_improvement,central,0
A201726,59,53116,5.6,12600,12,65454,0.8534,0,5,debt_consolidation,north,0
A201727,37,48921,4.0,10296,24,1999,0.1257,0,1,other,central,0
A201728,59,60053,2.5,8998,48,2283,0.0565,0,2,medical,south,0
A201729,27,97079,3.2,5565,24,3162,0.0449,0,3,car,south,0
A201730,27,27689,3.4,4830,48,13561,0.2885,0,1,education,east,0
A201731,28,33935,3.9,22045,60,12224,0.31,0,0,debt_consolidation,east,0
A201732,31,39871,2.0,3306,48,4459,0.0766,0,4,home_improvement,south,0
A201733,37,26368,1.7,6812,48,6030,0.1789,0,0,education,south,0
A201734,33,141257,1.4,10494,48,9263,0.0514,0,1,car,south,0
A201735,29,43665,4.7,10780,48,22410,0.3183,0,0,car,north,0
A201736,27,68847,0.3,11288,36,6561,0.1023,0,1,debt_consolidation,east,0
A201737,35,39798,3.3,6956,60,4076,0.0862,0,1,debt_consolidation,east,0
A201738,32,90701,9.5,4813,12,3589,0.0728,1,5,debt_consolidation,north,0
A201739,33,94901,5.8,7879,48,7214,0.0588,1,0,home_improvement,north,0
A201740,40,38386,7.0,7298,24,802,0.1055,0,5,car,east,0
A201741,21,58084,3.9,6288,48,645,0.0326,0,0,debt_consolidation,south,0
A201742,48,45720,2.8,9840,36,10820,0.1901,0,3,home_improvement,south,0
A201743,31,62547,4.6,7656,12,9092,0.1951,0,2,debt_consolidation,south,0
A201744,24,148418,3.3,2723,36,605,0.0082,1,1,other,south,0
A201745,21,53009,2.5,1363,12,10768,0.1273,0,0,home_improvement,east,0
A201746,58,121267,7.3,7806,60,2418,0.0228,0,4,car,central,0
A201747,45,79641,3.0,8425,36,3872,0.0596,0,0,education,central,0
A201748,32,31835,2.0,12108,12,1507,0.404,2,1,debt_consolidation,east,1
A201749,49,38172,5.4,4808,24,19784,0.3221,0,1,other,central,0
A201750,53,16828,2.2,15399,60,2795,0.2661,0,0,education,south,0
A201751,29,32695,5.2,12583,12,1456,0.4071,1,1,home_improvement,south,0
A201752,45,145516,2.8,19082,12,3426,0.1429,0,0,medical,north,0
A201753,33,71405,9.0,12616,36,10764,0.1343,0,0,car,south,0
A201754,46,59976,1.1,6720,12,11236,0.2057,0,4,car,north,0
A201755,46,65283,5.9,12217,12,15353,0.3047,0,0,other,east,0
A201756,21,36910,5.8,13248,36,33212,0.5695,0,1,other,central,0
A201757,28,119529,8.0,8415,48,1849,0.0253,0,1,car,north,0
A201758,26,45476,3.7,4319,24,1757,0.0668,0,0,home_improvement,east,0
A201759,48,86898,3.8,16783,12,899,0.1983,0,0,car,central,0
A201760,46,38489,1.9,14586,48,10829,0.2354,0,1,car,central,0
A201761,51,55666,0.4,11669,24,1374,0.1172,0,0,debt_consolidation,north,0
A201762,46,51349,3.1,8899,48,12284,0.1629,0,0,home_improvement,east,0
A201763,34,32534,2.4,10668,12,97628,1.2,0,1,home_improvement,central,0
A201764,51,102102,4.5,34808,36,17022,0.197,0,0,education,south,0
A201765,42,42909,7.1,4550,12,4171,0.1546,1,3,medical,east,0
A201766,41,33784,4.6,10920,12,13437,0.5221,0,1,home_improvement,south,1
A201767,49,23928,4.0,4982,12,3817,0.288,0,0,car,east,0
A201768,41,50285,8.5,18581,36,2352,0.1466,0,5,home_improvement,central,0
A201769,27,18061,4.3,7262,24,4299,0.3201,0,0,car,north,0
A201770,39,65769,1.9,18788,24,5114,0.1817,1,4,other,central,0
A201771,30,29013,1.7,19569,48,4432,0.245,0,5,car,central,0
A201772,21,78800,2.7,8290,24,22297,0.1941,1,1,car,east,0
A201773,47,66382,1.0,5120,60,957,0.0226,1,2,car,south,0
A201774,23,91365,8.0,28773,36,12112,0.1713,0,0,other,south,0
A201775,35,42913,5.0,4591,12,1014,0.1188,0,4,medical,central,0
A201776,47,67790,8.3,12779,24,21513,0.2529,0,1,debt_consolidation,north,0
A201777,51,85754,1.3,6794,12,4406,0.1049,0,0,car,north,0
A201778,49,68194,1.4,7629,48,482,0.0315,0,3,car,south,0
A201779,34,23401,5.9,21641,36,1978,0.3505,0,2,debt_consolidation,central,0
A201780,44,33353,1.9,9357,24,1709,0.1659,0,2,debt_consolidation,south,0
A201781,22,66026,1.8,7856,60,2039,0.0392,0,1,home_improvement,south,0
A201782,26,82413,6.8,14252,48,3558,0.0648,2,1,car,central,0
A201783,25,46826,5.6,18897,60,5120,0.1354,0,0,debt_consolidation,south,1
A201784,31,23383,5.4,26129,36,7457,0.5319,0,1,other,north,0
A201785,44,58087,6.7,6850,36,2854,0.0639,0,2,medical,east,0
A201786,40,73034,2.2,14676,60,3160,0.0618,0,2,car,north,0
A201787,62,68477,6.3,4044,48,3160,0.0378,0,1,debt_consolidation,north,0
A201788,21,55030,2.1,11520,60,15342,0.1813,0,2,medical,central,0
A201789,31,24300,0.7,11350,48,2189,0.1618,0,2,debt_consolidation,central,0
A201790,24,20859,19.5,6383,48,13362,0.3968,0,2,other,south,0
A201791,21,48637,3.4,8680,12,12439,0.3063,0,2,car,north,0
A201792,40,112185,8.0,9149,60,13340,0.0758,0,1,education,east,0
A201793,35,59173,6.5,29220,48,1187,0.1335,0,0,car,south,0
A201794,33,39941,0.9,14273,48,2090,0.1155,0,1,medical,south,0
A201795,26,62918,6.2,15893,60,1135,0.0595,0,0,debt_consolidation,central,0
A201796,35,36032,2.5,13538,48,2407,0.1273,0,0,debt_consolidation,east,0
A201797,27,46501,0.5,3894,36,6574,0.0986,0,0,debt_consolidation,north,0
A201798,55,59137,2.8,14195,60,3714,0.0794,0,2,debt_consolidation,south,0
A201799,30,47175,6.2,11889,36,4725,0.1341,0,1,other,south,0
A201800,43,64273,2.7,4906,24,4585,0.0738,0,2,car,east,0
A201801,37,53757,5.0,16801,60,10218,0.1575,0,0,debt_consolidation,east,0
A201802,33,57471,4.5,2746,12,59039,0.5614,0,1,debt_consolidation,south,1
A201803,42,116409,0.6,11947,12,3498,0.1177,0,0,car,east,0
A201804,32,52356,6.4,5661,24,5827,0.1097,0,1,debt_consolidation,east,0
A201805,21,43208,1.4,2965,12,5054,0.1271,0,0,education,east,0
A201806,42,46175,2.0,36966,60,31611,0.5024,0,0,education,south,1
A201807,41,72633,8.0,14622,12,8633,0.2607,0,0,other,north,0
A201808,22,56521,6.2,24553,24,13297,0.3348,2,2,debt_consolidation,north,1
A201809,44,59317,5.0,2007,24,36251,0.3225,0,0,car,north,0
A201810,47,27518,3.0,19289,24,6390,0.4666,0,2,education,central,0
A201811,61,86551,2.8,4563,60,22753,0.142,0,4,other,south,0
A201812,21,53941,4.6,3911,36,16784,0.1797,0,4,car,central,0
A201813,39,25778,6.6,16186,36,3931,0.2855,0,2,car,north,0
A201814,39,51575,1.1,5281,36,8292,0.1145,0,1,debt_consolidation,south,0
A201815,24,161128,2.8,7523,48,20371,0.0749,0,0,debt_consolidation,south,0
A201816,30,48827,1.6,7948,12,4332,0.2071,0,5,debt_consolidation,north,0
A201817,56,26085,4.7,10735,48,5411,0.2066,0,0,other,north,0
A201818,43,68570,3.4,3799,24,8492,0.0896,1,0,car,east,0
A201819,33,15136,7.7,13742,48,844,0.2549,1,1,other,north,0
A201820,45,233558,4.3,5039,36,14829,0.0389,0,1,car,east,0
A201821,49,66214,5.6,3014,36,28520,0.2305,1,4,home_improvement,south,0
A201822,41,43318,7.4,16633,48,4828,0.1517,0,0,medical,north,0
A201823,56,92783,6.3,7635,24,3971,0.0625,2,5,other,east,0
A201824,21,74462,6.6,3813,24,5303,0.0612,0,1,other,south,0
A201825,28,81968,3.2,4051,48,11264,0.0811,0,0,home_improvement,south,0
A201826,40,40194,3.9,22450,24,3111,0.318,0,0,debt_consolidation,east,0
A201827,54,44743,12.4,6569,12,19115,0.3604,0,0,medical,east,0
A201828,42,26408,3.3,15395,24,5826,0.4018,0,4,debt_consolidation,north,1
A201829,26,43228,3.1,9121,48,15957,0.2373,0,1,debt_consolidation,south,0
A201830,35,86236,0.9,8867,48,4531,0.052,0,0,other,east,0
A201831,36,30271,5.9,7507,24,1514,0.149,0,0,education,north,0
A201832,51,34929,8.8,9105,12,18378,0.5237,0,0,debt_consolidation,south,0
A201833,28,52499,6.1,8047,24,41782,0.4746,0,0,debt_consolidation,central,0
A201834,32,54009,7.2,5078,60,2762,0.0444,0,2,education,south,0
A201835,30,68996,3.6,13452,36,1350,0.0748,0,0,home_improvement,central,0
A201836,54,41636,2.6,8984,36,1401,0.0887,0,0,debt_consolidation,north,1
A201837,36,29835,0.5,14644,24,3721,0.3078,0,2,debt_consolidation,south,1
A201838,39,118111,2.9,14209,12,20734,0.2081,0,0,medical,east,0
A201839,28,53235,4.2,7662,24,6077,0.129,0,0,debt_consolidation,east,0
A201840,42,79777,0.8,4465,36,4661,0.0479,1,3,car,central,0
A201841,41,113336,3.2,13249,48,1008,0.0337,0,2,home_improvement,central,0
A201842,42,56535,2.2,4555,24,5625,0.09,0,2,car,east,0
A201843,43,24206,10.7,8641,12,4919,0.4586,0,1,home_improvement,south,0
A201844,39,71041,2.1,9976,24,5663,0.1101,0,2,home_improvement,east,0
A201845,47,30228,3.3,3300,24,6719,0.1657,1,1,debt_consolidation,north,0
A201846,44,65942,1.2,10279,12,4213,0.1878,0,0,education,east,1
A201847,65,88707,1.0,9242,48,50016,0.308,0,0,debt_consolidation,north,0
A201848,49,18346,4.9,12204,36,16747,0.6782,0,1,other,central,0
A201849,39,26898,21.4,6090,36,6952,0.2047,0,1,education,north,0
A201850,37,104979,10.7,10304,36,13849,0.0987,0,2,debt_consolidation,central,0
A201851,39,64485,2.6,15340,36,1751,0.0929,0,3,medical,east,1
A201852,35,31306,2.1,2348,12,1137,0.0932,0,4,debt_consolidation,central,0
A201853,39,32568,3.5,2873,60,21310,0.3448,0,1,home_improvement,central,0
A201854,28,34174,6.2,14872,36,13932,0.3489,0,2,education,south,0
A201855,56,43563,1.9,11100,60,1100,0.0636,0,1,debt_consolidation,central,0
A201856,45,65502,11.7,7595,60,41558,0.3404,0,3,education,east,0
A201857,33,36113,5.3,10858,36,527,0.1075,0,2,home_improvement,north,0
A201858,31,76940,1.6,7623,60,26014,0.1889,0,1,debt_consolidation,north,0
A201859,21,79171,2.3,8178,12,1872,0.1151,0,1,home_improvement,north,0
A201860,42,50318,1.6,10451,48,2366,0.0754,0,3,debt_consolidation,north,0
A201861,21,30734,1.8,21279,60,43042,0.8387,0,0,car,north,0
A201862,46,53299,7.9,1183,24,24459,0.2405,0,2,debt_consolidation,south,0
A201863,39,33953,7.3,4582,60,3018,0.0714,0,5,debt_consolidation,south,0
A201864,28,60407,1.6,7621,48,4840,0.0716,0,1,home_improvement,south,0
A201865,53,112073,3.9,2239,12,9200,0.061,1,2,debt_consolidation,north,0
A201866,24,76976,3.8,8032,48,8100,0.0787,0,1,home_improvement,central,0
A201867,24,79745,1.6,5014,24,10441,0.0969,0,0,debt_consolidation,central,0
A201868,42,52828,5.2,10022,48,3708,0.0825,0,1,other,north,0
A201869,46,46045,13.8,3234,12,4662,0.1209,0,1,car,north,0
A201870,23,70302,3.9,11498,12,1686,0.1755,0,0,debt_consolidation,central,0
A201871,43,49981,9.8,4358,12,14598,0.2332,0,2,home_improvement,east,0
A201872,21,68057,2.7,9096,24,1124,0.0751,1,1,debt_consolidation,south,1
A201873,34,63777,0.5,4592,36,3766,0.0535,0,0,car,central,0
A201874,37,37191,0.3,8151,12,1586,0.2405,0,3,debt_consolidation,central,0
A201875,41,64543,0.4,12953,48,1607,0.0626,0,1,medical,south,0
A201876,27,59069,0.7,8401,36,1748,0.0622,0,2,home_improvement,south,0
A201877,32,38734,5.8,9085,48,21416,0.3351,0,0,home_improvement,east,0
A201878,31,54740,0.9,12205,24,5157,0.1586,0,1,debt_consolidation,east,0
A201879,56,57506,6.3,7230,36,943,0.0501,1,0,medical,north,0
A201880,31,77208,2.2,19820,36,2226,0.1,0,0,home_improvement,north,0
A201881,54,50401,4.4,9359,48,10289,0.1485,0,0,education,north,0
A201882,31,37918,8.0,5878,48,14383,0.2284,0,3,debt_consolidation,south,0
A201883,63,82257,3.6,8621,24,3347,0.0727,0,0,other,central,0
A201884,39,14985,3.7,10663,60,15889,0.6725,0,0,car,east,0
A201885,49,62366,2.5,5181,36,5881,0.0748,0,3,education,east,0
A201886,33,76647,6.6,13874,36,11044,0.1324,0,2,car,east,0
A201887,40,43256,2.3,23878,36,8433,0.2815,0,1,car,south,0
A201888,37,39453,2.2,5739,60,5183,0.0948,0,1,debt_consolidation,south,0
A201889,39,51802,2.0,23053,48,1220,0.123,0,1,debt_consolidation,central,0
A201890,44,27465,5.5,7438,60,6702,0.1762,0,0,medical,east,0
A201891,38,30515,1.6,6287,60,2710,0.0856,0,1,car,north,0
A201892,34,32826,4.9,1804,24,1562,0.0513,0,1,home_improvement,south,0
A201893,25,53329,7.5,8849,48,3941,0.0784,0,2,other,east,0
A201894,26,69930,8.2,43940,60,10778,0.2027,0,0,home_improvement,south,0
A201895,33,42341,12.9,12729,60,1182,0.0741,0,0,car,central,0
A201896,41,46119,2.0,27736,48,2497,0.1774,0,2,other,east,0
A201897,21,34360,6.3,16731,24,6008,0.3309,1,1,debt_consolidation,south,0
A201898,30,37154,1.5,24283,12,30317,1.0616,0,0,debt_consolidation,north,0
A201899,26,46945,7.5,9728,12,20401,0.4245,0,0,education,east,0
A201900,31,87930,6.1,6265,12,16760,0.1666,0,0,debt_consolidation,east,0
A201901,50,66187,13.5,11365,24,2552,0.1051,0,0,car,central,0
A201902,33,94112,10.8,10971,24,2560,0.0719,0,0,debt_consolidation,central,0
A201903,21,85161,5.6,27107,48,13446,0.1585,3,5,education,central,0
A201904,34,53770,1.9,3404,60,1333,0.0251,1,3,debt_consolidation,south,0
A201905,48,46436,1.0,5301,60,315,0.0262,0,0,home_improvement,central,0
A201906,38,20911,6.2,7274,12,2111,0.3983,3,1,debt_consolidation,east,1
A201907,30,45591,4.9,9670,36,245,0.0734,0,4,other,south,0
A201908,51,28663,4.1,19269,48,3241,0.2246,0,0,debt_consolidation,north,0
A201909,32,39333,6.2,5263,12,794,0.1439,0,0,debt_consolidation,east,0
A201910,37,38392,5.6,7067,12,10223,0.3172,0,0,car,east,0
A201911,50,142445,3.1,6409,36,30060,0.1205,0,0,debt_consolidation,south,0
A201912,58,77360,5.5,9735,60,9049,0.0837,0,1,education,north,0
A201913,51,50192,6.3,16505,12,9785,0.4263,0,3,home_improvement,north,0
A201914,39,81533,4.4,13573,36,2176,0.0688,0,4,other,central,0
A201915,21,27337,9.0,19859,48,5911,0.2897,0,2,debt_consolidation,south,0
A201916,34,50889,7.3,5154,36,9809,0.1301,0,0,debt_consolidation,east,0
A201917,34,43635,3.8,20982,24,1554,0.2582,0,0,debt_consolidation,east,0
A201918,36,46646,6.3,23216,24,7817,0.3326,0,0,car,south,0
A201919,29,66569,6.0,17060,36,13636,0.1878,0,4,debt_consolidation,north,0
A201920,50,90201,27.3,11048,36,10807,0.1007,2,2,education,north,0
A201921,32,37229,10.4,17040,24,6783,0.32,0,4,debt_consolidation,east,0
A201922,21,49249,0.7,21993,36,21239,0.3645,0,0,education,south,1
A201923,36,28209,14.0,9672,48,34597,0.6989,0,0,other,north,1
A201924,71,17908,2.9,9859,24,7854,0.4946,0,0,car,east,0
A201925,51,22192,7.0,11179,12,1662,0.5412,0,1,home_improvement,north,0
A201926,34,81091,2.0,11751,48,16908,0.1405,0,2,education,east,0
A201927,39,90399,7.0,7321,36,16912,0.1205,0,3,car,south,0
A201928,39,157212,4.9,2334,12,2260,0.022,0,0,education,south,0
A201929,40,88109,10.6,8706,36,7869,0.0776,0,0,debt_consolidation,south,0
A201930,51,156488,4.8,17184,12,1909,0.1159,0,1,education,central,0
A201931,46,64168,2.5,14257,48,17192,0.1895,0,2,home_improvement,south,0
A201932,36,42971,5.6,16051,60,4016,0.1214,0,0,car,central,0
A201933,26,102691,1.1,3541,24,1560,0.0248,0,1,medical,east,0
A201934,39,71894,1.1,13300,48,10610,0.12,0,0,education,central,0
A201935,47,25680,2.6,1844,36,51976,1.0359,0,4,home_improvement,north,0
A201936,27,74418,4.6,17512,12,23912,0.396,0,2,home_improvement,north,0
A201937,25,43193,7.5,6498,12,578,0.1571,0,1,other,central,0
A201938,36,18048,4.5,11742,48,18751,0.6821,0,0,education,east,0
A201939,22,43167,12.8,3972,24,2536,0.0754,0,1,home_improvement,central,0
A201940,43,38648,4.1,16948,12,4445,0.496,0,2,other,north,1
A201941,31,36048,4.4,5750,60,11160,0.1867,0,2,other,south,0
A201942,31,14644,6.2,15992,24,5838,0.7454,0,1,medical,north,1
A201943,30,65353,2.3,60000,60,5571,0.2262,0,0,debt_consolidation,east,0
A201944,44,56856,6.0,15026,48,6573,0.1239,0,2,home_improvement,north,0
A201945,36,45699,1.8,17955,48,2586,0.1265,1,1,debt_consolidation,central,0
A201946,28,93118,5.4,5146,48,3145,0.0307,0,2,education,central,0
A201947,45,49798,7.5,26666,48,12508,0.2595,1,2,other,south,0
A201948,38,26857,2.0,10635,48,1588,0.1286,0,1,education,east,0
A201949,38,24557,10.2,9462,36,836,0.1455,0,1,home_improvement,east,0
A201950,59,48843,7.2,14083,48,8810,0.1623,0,0,debt_consolidation,east,0
A201951,51,114696,1.4,6491,48,2429,0.0247,0,0,car,east,0
A201952,64,20390,2.3,9386,36,8564,0.3634,1,4,other,central,0
A201953,32,127052,4.0,13851,36,1012,0.0403,0,1,car,north,0
A201954,35,61940,3.9,15108,48,28387,0.2901,0,0,medical,central,0
A201955,24,16584,1.9,24301,24,2618,0.8116,0,2,debt_consolidation,east,1
A201956,58,55069,0.9,18827,48,3832,0.1203,0,2,medical,north,1
A201957,46,46791,2.3,4021,12,1458,0.1015,0,0,debt_consolidation,north,0
A201958,51,61413,5.9,6130,36,5862,0.081,0,1,other,south,0
A201959,38,36598,0.5,14545,36,13792,0.3209,0,1,debt_consolidation,south,0
A201960,58,29773,2.5,9303,36,4147,0.1738,0,0,car,south,0
A201961,46,40591,3.5,9152,60,3885,0.0929,0,2,debt_consolidation,north,0
A201962,48,45680,6.2,23477,24,2477,0.2841,0,4,debt_consolidation,east,0
A201963,23,33385,1.8,15728,48,3309,0.1673,0,3,car,north,0
A201964,49,70829,1.3,5014,12,7036,0.1205,0,0,home_improvement,east,0
A201965,32,72994,4.6,22117,12,4070,0.3309,0,1,debt_consolidation,south,0
A201966,45,30794,10.1,6246,48,23893,0.4387,2,2,debt_consolidation,south,1
A201967,36,23552,8.9,6372,48,62327,1.2,0,1,debt_consolidation,east,0
A201968,43,61745,4.0,10858,36,45065,0.4235,0,1,home_improvement,north,0
A201969,30,32895,5.2,4325,48,2782,0.0752,0,1,debt_consolidation,north,0
A201970,57,25132,1.4,4266,36,14670,0.3484,0,2,debt_consolidation,east,0
A201971,49,43968,12.9,4197,36,10187,0.1477,0,1,education,north,0
A201972,44,49545,9.2,16696,36,40633,0.5224,0,2,education,east,0
A201973,54,89064,11.0,7512,60,2418,0.0304,0,2,car,central,0
A201974,47,36431,9.6,12076,48,11360,0.2388,1,1,home_improvement,north,0
A201975,36,120226,1.7,11057,48,24049,0.123,0,0,debt_consolidation,north,1
A201976,50,49727,5.7,19157,60,11873,0.1964,0,2,car,south,0
A201977,39,39562,4.9,5425,12,1326,0.1539,0,0,medical,south,1
A201978,50,49106,0.6,19162,60,4006,0.1188,0,0,home_improvement,north,0
A201979,49,29221,3.0,22416,24,26824,0.8425,0,2,car,central,1
A201980,27,64352,5.1,5495,24,3326,0.0685,0,0,debt_consolidation,north,0
A201981,48,51478,5.6,15489,48,6819,0.1415,1,1,other,east,0
A201982,47,30221,11.1,4101,12,36021,0.7317,0,4,car,south,0
A201983,52,55749,5.7,6343,12,1918,0.131,0,1,debt_consolidation,south,0
A201984,41,82379,4.3,1887,12,4275,0.0489,0,3,debt_consolidation,east,0
A201985,39,51013,3.3,4673,60,6063,0.0777,0,1,debt_consolidation,east,0
A201986,38,67828,10.4,8813,12,1177,0.1386,0,4,education,east,0
A201987,34,50903,3.2,7636,48,552,0.0429,0,0,home_improvement,east,0
A201988,36,36928,4.8,7950,24,6232,0.192,1,2,car,south,0
A201989,29,43304,1.2,12329,24,11741,0.2779,0,3,debt_consolidation,north,0
A201990,47,35937,3.9,14527,12,2693,0.4417,0,4,debt_consolidation,central,0
A201991,21,46732,1.9,18818,24,627,0.208,0,2,medical,north,0
A201992,38,94209,5.1,6769,12,7867,0.1136,0,2,home_improvement,east,0
A201993,40,81543,1.3,7606,48,8445,0.0751,0,1,car,central,0
A201994,33,33218,0.5,8948,36,8122,0.212,0,0,home_improvement,south,0
A201995,38,66180,9.4,19805,24,17766,0.2839,0,2,other,east,0
A201996,36,44457,3.8,16668,12,4871,0.4297,0,2,home_improvement,central,0
A201997,31,31897,2.6,5879,12,3699,0.2423,0,2,education,north,0
A201998,45,34370,5.4,11186,36,4814,0.1785,0,0,debt_consolidation,south,0
A201999,26,96601,2.6,14743,12,2013,0.163,0,2,car,east,0
A202000,42,53793,7.9,9379,60,22046,0.2398,0,0,home_improvement,north,0
A202001,21,56936,2.7,11464,48,1459,0.0631,0,2,car,central,0
A202002,23,17664,0.9,10524,48,4236,0.2689,0,0,car,north,0
A202003,42,23288,1.3,6173,12,1858,0.305,0,0,medical,central,0
A202004,41,20094,2.9,6956,24,8701,0.3896,0,2,medical,east,0
A202005,42,42090,6.1,2857,12,6600,0.1463,0,0,car,central,0
A202006,31,87969,6.4,6241,36,13527,0.1005,1,1,education,east,0
A202007,48,29355,3.4,4632,12,10285,0.333,1,0,home_improvement,central,0
A202008,51,74922,0.6,13864,12,685,0.1896,0,0,car,north,0
A202009,51,66483,3.3,6896,36,23247,0.2094,0,1,car,north,0
A202010,47,160771,5.4,10294,60,14005,0.0564,0,0,education,north,0
A202011,34,66609,5.2,9232,60,4278,0.0598,0,1,other,north,0
A202012,36,44533,1.5,16049,60,9814,0.1823,0,2,debt_consolidation,north,0
A202013,52,50455,8.5,24474,36,31091,0.4698,0,1,debt_consolidation,north,1
A202014,27,32197,6.6,30832,12,1827,0.986,0,1,other,south,1
A202015,50,51525,4.3,6317,36,3518,0.075,0,1,car,east,0
A202016,42,111828,7.5,43108,24,914,0.1968,0,0,home_improvement,east,0
A202017,36,74217,4.1,16008,36,16454,0.1827,1,0,medical,north,0
A202018,43,72371,5.8,7010,60,981,0.0261,0,2,home_improvement,north,0
A202019,35,43439,1.6,22224,24,1596,0.2742,0,2,other,north,0
A202020,34,52928,4.3,6841,36,17831,0.2115,1,1,home_improvement,central,0
A202021,21,71731,3.3,4566,48,3922,0.0433,3,0,education,central,0
A202022,22,164429,2.0,3648,60,12627,0.0428,0,1,debt_consolidation,south,0
A202023,25,63971,1.3,9600,36,21583,0.2187,0,1,debt_consolidation,central,0
A202024,40,61317,0.3,10188,48,4174,0.0756,0,0,car,east,0
A202025,26,41861,5.8,2442,24,9476,0.1424,0,0,debt_consolidation,east,0
A202026,41,27030,1.4,8621,60,13382,0.3113,1,0,home_improvement,east,0
A202027,28,54006,3.8,18263,24,2848,0.1955,0,0,car,north,0
A202028,27,22603,4.4,42719,36,8546,0.819,0,1,home_improvement,south,1
A202029,42,34278,10.0,13858,24,8297,0.3232,0,2,home_improvement,north,0
A202030,27,45258,5.0,2643,48,15960,0.1909,0,0,education,north,0
A202031,35,49776,1.4,6445,36,7219,0.1157,0,0,car,north,0
A202032,40,47211,3.7,12584,36,5060,0.1424,3,5,debt_consolidation,north,0
A202033,43,36988,1.2,9495,48,749,0.0743,0,0,other,central,0
A202034,26,85794,4.1,14119,12,2003,0.1762,0,0,home_improvement,south,0
A202035,42,66829,2.8,8047,48,3091,0.0532,0,1,debt_consolidation,south,0
A202036,43,24803,3.3,15419,60,2183,0.1683,0,0,debt_consolidation,south,0
A202037,22,40372,5.1,6554,36,497,0.0603,0,1,education,east,0
A202038,69,65652,2.8,4153,48,2508,0.0349,1,1,other,south,0
A202039,39,38392,4.9,5810,24,12953,0.2444,0,1,other,north,1
A202040,30,46173,2.7,6266,48,13959,0.1851,1,0,car,south,0
A202041,56,78473,5.4,5254,24,4380,0.0614,0,0,debt_consolidation,south,0
A202042,41,42164,5.6,11408,24,3485,0.1766,0,0,car,south,0
A202043,42,82987,3.4,14323,12,2405,0.1871,0,0,home_improvement,east,0
A202044,47,54174,6.8,5150,12,1090,0.1051,0,2,debt_consolidation,central,1
A202045,43,17256,7.4,7825,48,7149,0.3205,0,0,home_improvement,south,0
A202046,41,21770,3.9,23609,12,3490,1.1646,0,2,education,south,1
A202047,33,114041,9.2,15190,24,635,0.0694,0,0,other,central,0
A202048,35,18099,6.9,11237,12,14753,1.0284,0,0,medical,south,1
A202049,45,90581,6.4,15189,60,41048,0.2601,1,3,debt_consolidation,south,0
A202050,35,69777,2.3,5565,60,11799,0.1005,0,1,other,south,0
A202051,26,42431,6.7,18661,24,4393,0.2717,0,4,other,north,0
A202052,21,55397,2.2,7287,24,1125,0.0759,1,0,debt_consolidation,east,0
A202053,45,41999,9.4,5045,60,4812,0.0813,0,2,debt_consolidation,north,0
A202054,21,82384,4.3,12158,24,5807,0.109,0,0,education,north,0
A202055,49,45538,10.7,14187,48,17891,0.2743,0,1,home_improvement,east,0
A202056,21,82913,3.4,8454,60,1916,0.0319,0,0,debt_consolidation,east,0
A202057,36,60808,4.3,16235,60,2609,0.0749,0,0,debt_consolidation,central,0
A202058,29,60604,2.5,3858,24,24584,0.2347,1,3,home_improvement,south,1
A202059,32,45811,2.4,10984,24,10348,0.2328,0,2,debt_consolidation,central,0
A202060,39,94209,8.5,8256,24,3883,0.0644,0,2,medical,east,0
A202061,45,133383,1.9,9595,60,21086,0.0934,0,1,medical,south,0
A202062,39,68823,0.3,5525,48,3211,0.0434,0,2,car,south,0
A202063,47,46123,0.7,14703,36,1340,0.1208,0,1,car,east,0
A202064,64,43200,2.5,6757,12,3762,0.2,0,1,car,north,0
A202065,49,125551,11.4,14256,60,8095,0.0549,0,1,debt_consolidation,north,0
A202066,30,15400,1.3,8219,48,26361,0.9893,0,1,medical,east,1
A202067,40,56606,4.4,9395,60,12960,0.1477,0,3,debt_consolidation,south,0
A202068,21,20051,5.3,16796,60,67307,1.2,0,3,other,central,1
A202069,35,106328,4.4,6155,24,4301,0.0492,0,2,debt_consolidation,south,0
A202070,21,52810,5.2,14454,12,7217,0.342,0,0,debt_consolidation,south,0
A202071,49,99511,7.8,8794,24,76434,0.4282,0,0,home_improvement,east,1
A202072,32,64375,2.9,11104,36,17634,0.1945,1,4,debt_consolidation,central,1
A202073,45,44858,2.2,1637,48,5825,0.0741,0,0,medical,east,0
A202074,47,25747,2.6,6078,12,15142,0.5301,3,0,home_improvement,north,1
A202075,65,68986,3.6,17942,24,1128,0.1382,0,1,debt_consolidation,south,0
A202076,35,64211,4.3,7929,48,11695,0.1219,0,1,debt_consolidation,east,0
A202077,34,69851,4.4,14804,60,14583,0.1468,0,0,education,south,0
A202078,21,34121,8.5,10574,24,1528,0.1773,0,3,medical,south,0
A202079,27,41083,6.7,9079,24,7157,0.1976,1,1,other,north,0
A202080,29,46831,18.9,4219,48,2809,0.0525,0,1,car,south,0
A202081,35,48908,1.4,14913,24,28097,0.4397,0,2,other,central,0
A202082,63,59160,8.8,10457,36,30870,0.3198,0,1,debt_consolidation,central,0
A202083,44,35313,3.1,11933,48,1041,0.0992,0,4,other,south,0
A202084,34,87365,1.3,20104,12,3266,0.2488,0,4,debt_consolidation,south,0
A202085,26,47602,3.8,22857,60,373,0.1,0,0,car,north,1
A202086,32,66895,0.2,15612,24,10973,0.1987,0,5,medical,east,1
A202087,52,79471,7.6,10161,60,2048,0.0385,0,1,debt_consolidation,east,0
A202088,31,22331,2.6,8122,12,6084,0.4999,0,1,education,south,1
A202089,47,97674,9.4,11794,36,10360,0.0933,0,4,car,central,0
A202090,29,47224,11.3,23756,12,9249,0.601,0,3,debt_consolidation,north,0
A202091,36,24252,7.1,18980,48,12009,0.4432,0,2,debt_consolidation,east,0
A202092,34,29966,2.4,2631,60,47283,0.8065,0,0,home_improvement,east,0
A202093,41,40880,6.0,24394,36,5762,0.2694,1,0,home_improvement,south,1
A202094,21,51037,3.0,8088,48,4721,0.0859,0,2,other,south,0
A202095,36,25897,1.2,17061,24,37421,1.0519,0,0,debt_consolidation,central,1
A202096,40,25843,4.8,32334,48,8549,0.4782,1,0,education,south,0
A202097,49,82648,5.1,3623,24,38075,0.2523,0,0,education,east,0
A202098,46,36191,5.8,4445,12,4213,0.181,0,2,debt_consolidation,east,0
A202099,23,90516,1.5,13836,36,3976,0.0729,0,0,education,central,0
A202100,32,54765,10.5,11795,36,455,0.0759,0,1,medical,south,0
A202101,40,65901,5.5,6491,12,4285,0.131,0,1,other,central,0
A202102,22,32803,0.8,21740,12,4434,0.7303,0,0,car,south,1
A202103,55,31969,4.7,3407,60,2337,0.0579,0,1,debt_consolidation,north,0
A202104,36,79680,4.3,4996,60,12070,0.0883,0,1,debt_consolidation,north,0
A202105,41,55734,13.6,13997,36,1038,0.093,0,0,education,north,0
A202106,48,138420,9.4,5154,12,4678,0.0541,0,0,home_improvement,east,0
A202107,66,43203,8.8,3624,48,6713,0.0987,0,0,other,central,0
A202108,38,43372,5.1,3427,60,5289,0.0768,0,0,education,south,0
A202109,72,35345,7.2,8206,24,2486,0.1513,0,0,debt_consolidation,central,0
A202110,30,59010,4.1,10440,36,5731,0.1075,0,0,debt_consolidation,south,0
A202111,21,49374,2.7,8948,48,3620,0.082,0,0,car,south,0
A202112,30,17297,1.9,16487,60,3925,0.3041,0,0,education,east,0
A202113,26,50483,12.0,3312,36,10469,0.1256,0,2,home_improvement,east,0
A202114,48,45183,3.8,5870,48,20174,0.2557,2,1,debt_consolidation,south,1
A202115,44,94696,5.1,2490,60,6325,0.0387,0,2,debt_consolidation,south,0
A202116,56,22157,5.4,30222,36,2969,0.5217,0,0,debt_consolidation,central,0
A202117,33,38934,5.8,16255,60,15581,0.2836,0,0,debt_consolidation,east,0
A202118,28,37623,8.8,3559,36,1716,0.0543,0,0,education,south,1
A202119,30,63801,4.2,17877,48,72400,0.6374,1,0,other,central,0
A202120,36,102626,9.9,5220,36,16315,0.0964,1,0,car,south,0
A202121,49,60433,2.8,14087,24,42670,0.4696,0,0,debt_consolidation,south,1
A202122,49,46091,4.2,10316,12,8664,0.3178,0,0,home_improvement,south,0
A202123,21,82827,3.4,17093,36,2340,0.0829,2,0,debt_consolidation,central,0
A202124,26,30522,6.6,11535,24,3091,0.2396,0,0,other,east,0
A202125,21,105253,2.1,13498,60,2726,0.0386,1,0,debt_consolidation,central,0
A202126,21,46921,4.7,11031,48,11232,0.1785,0,2,home_improvement,north,0
A202127,51,107427,8.0,17551,36,14850,0.1236,0,3,other,south,0
A202128,26,30854,2.2,1908,60,8005,0.1421,0,0,debt_consolidation,north,0
A202129,36,19969,7.0,12782,60,9332,0.3617,0,1,other,central,0
A202130,52,30845,3.5,3033,48,5063,0.1067,0,0,education,east,0
A202131,60,28854,0.6,35031,36,5854,0.5061,0,0,home_improvement,north,0
A202132,35,22320,8.8,4929,60,9006,0.2459,0,2,car,north,0
A202133,30,98341,4.9,5889,60,13962,0.083,1,1,other,north,1
A202134,32,67084,9.0,8564,48,5276,0.0712,1,1,debt_consolidation,east,0
A202135,30,80364,4.1,4619,60,6216,0.0502,2,3,car,east,0
A202136,21,32888,2.8,6471,36,1122,0.0826,0,0,debt_consolidation,east,0
A202137,49,52763,8.6,7448,36,3417,0.0794,0,0,debt_consolidation,south,0
A202138,48,27134,11.0,8612,24,409,0.1662,0,1,home_improvement,south,0
A202139,33,41129,0.7,5792,48,29087,0.3888,1,1,car,central,0
A202140,23,116003,12.8,11335,12,7439,0.1298,0,1,medical,central,0
A202141,33,48932,4.5,10425,12,3735,0.2512,0,2,education,north,0
A202142,42,18424,8.7,6985,24,29711,0.9959,0,4,debt_consolidation,north,0
A202143,36,163030,4.1,14264,24,28835,0.1322,0,0,medical,east,0
A202144,40,32635,2.9,7575,48,795,0.0702,0,1,education,east,0
A202145,25,28968,4.4,8457,60,10091,0.2326,0,1,medical,north,1
A202146,54,63017,16.0,26182,24,2057,0.2241,0,1,other,central,1
A202147,47,54419,5.8,15424,12,4910,0.3285,0,0,car,north,0
A202148,29,43419,6.2,22718,48,9829,0.244,3,1,education,south,1
A202149,32,60069,1.3,3859,24,19479,0.1943,0,0,education,north,0
A202150,24,35764,4.8,4468,12,8893,0.2493,0,1,education,south,0
A202151,42,33206,4.6,5984,36,900,0.0736,0,2,debt_consolidation,north,0
A202152,31,127697,7.4,44374,48,2580,0.097,0,3,debt_consolidation,south,0
A202153,40,55363,10.5,6023,36,5272,0.0839,0,2,debt_consolidation,south,0
A202154,36,31223,7.7,9954,24,4539,0.2321,0,0,other,south,0
A202155,29,56721,1.8,13042,60,7845,0.1151,0,0,debt_consolidation,east,0
A202156,28,74395,3.5,15350,12,9025,0.267,0,4,home_improvement,north,0
A202157,32,38874,2.1,6827,48,1593,0.0644,0,2,other,central,0
A202158,34,91322,0.9,9909,48,11084,0.0878,0,4,home_improvement,north,0
A202159,57,56830,5.0,5505,48,21590,0.2142,0,0,other,central,0
A202160,42,62415,15.3,2774,12,7211,0.1022,0,0,home_improvement,south,0
A202161,37,52254,3.7,6945,36,33659,0.3664,0,1,car,north,0
A202162,33,19759,7.0,13186,48,22757,0.7427,0,1,car,east,0
A202163,29,115877,1.7,6040,48,22519,0.1102,0,2,education,central,0
A202164,40,148305,7.8,5660,48,6344,0.0309,0,0,medical,east,0
A202165,46,40944,2.5,12794,60,5802,0.1333,0,1,debt_consolidation,south,0
A202166,47,27785,9.7,6809,12,1671,0.2751,0,2,car,east,0
A202167,37,21933,3.0,25485,24,11644,0.8464,0,1,education,east,1
A202168,25,33549,5.3,8890,60,35711,0.5852,0,1,car,north,0
A202169,23,192656,3.5,7887,60,26052,0.0758,0,0,debt_consolidation,central,0
A202170,38,20279,7.5,11823,12,1797,0.6273,0,2,debt_consolidation,north,0
A202171,32,70269,7.6,8532,48,4677,0.0636,0,4,medical,north,0
A202172,43,114088,9.9,21237,48,804,0.0501,1,2,other,central,0
A202173,39,44121,1.9,7243,36,20088,0.2824,0,0,car,north,0
A202174,43,32284,3.8,7026,12,7717,0.3371,0,1,debt_consolidation,south,0
A202175,37,113275,4.4,6454,24,11509,0.0793,0,1,debt_consolidation,east,0
A202176,25,43983,0.9,6802,36,3330,0.0894,0,1,debt_consolidation,central,0
A202177,38,19305,1.9,16178,36,7525,0.4742,0,1,debt_consolidation,east,0
A202178,32,36405,4.9,7229,24,4951,0.1673,1,1,debt_consolidation,south,0
A202179,43,34760,5.4,15699,36,7069,0.2522,0,2,car,south,0
A202180,43,35191,3.2,9204,60,1938,0.0798,0,1,debt_consolidation,north,0
A202181,23,49885,3.4,24097,36,6267,0.2238,0,0,education,north,0
A202182,30,85994,4.7,25869,48,20193,0.1926,0,3,home_improvement,central,0
A202183,26,48832,6.4,8888,12,3590,0.2188,0,1,medical,north,0
A202184,61,19561,1.6,29432,24,15212,1.1411,0,1,debt_consolidation,south,1
A202185,38,107678,9.6,12066,36,23008,0.1442,0,2,other,east,0
A202186,25,51623,5.2,60000,48,5346,0.3423,0,0,debt_consolidation,north,0
A202187,41,67124,4.6,18402,60,2282,0.0718,0,0,debt_consolidation,south,0
A202188,44,65356,2.1,7272,12,4969,0.1493,0,1,education,east,0
A202189,36,38135,8.1,18964,12,7772,0.5992,1,4,car,central,1
A202190,33,84100,2.0,5156,60,4699,0.0402,0,2,debt_consolidation,south,0
A202191,48,37289,4.4,4608,12,2945,0.1631,0,5,debt_consolidation,south,0
A202192,41,34113,2.2,10987,12,28432,0.7388,0,1,home_improvement,east,0
A202193,49,92470,7.4,8661,36,16799,0.1221,0,0,medical,east,0
A202194,39,88122,10.3,8646,24,21210,0.1694,0,0,other,north,0
A202195,30,90243,2.4,7541,24,7695,0.0844,0,1,medical,south,0
A202196,28,76043,3.4,11571,36,49876,0.3787,0,1,car,east,0
A202197,56,34797,1.9,5268,48,11627,0.2049,1,2,education,north,1
A202198,36,24534,4.1,6500,12,2208,0.3099,0,1,car,north,0
A202199,48,25520,2.5,3179,48,5782,0.1444,0,0,education,central,0
A202200,21,55442,3.6,9273,12,72440,0.8206,1,0,medical,east,1
A202201,31,24861,1.0,4146,36,2873,0.1134,0,1,education,east,0
A202202,46,84208,9.7,12520,12,7175,0.1913,0,1,debt_consolidation,south,0
A202203,40,45386,3.2,21858,48,2993,0.1534,2,2,other,north,0
A202204,45,20596,9.5,16351,36,6064,0.4118,0,4,other,central,0
A202205,54,50057,0.2,8288,60,2193,0.055,0,1,debt_consolidation,east,0
A202206,51,43645,10.0,6116,36,1499,0.0639,0,0,debt_consolidation,east,0
A202207,52,90975,2.7,3584,24,8416,0.066,0,1,car,south,0
A202208,21,27748,1.9,13510,24,4621,0.3267,0,1,debt_consolidation,east,0
A202209,40,55634,5.7,5961,48,3501,0.0583,0,3,car,east,0
A202210,50,81952,3.6,17452,12,3236,0.2327,0,3,other,north,0
A202211,42,15029,6.5,8679,12,2295,0.6538,0,1,home_improvement,south,1
A202212,42,190605,3.5,16939,48,6265,0.0387,1,5,education,central,0
A202213,50,97975,5.2,15587,60,2780,0.046,0,3,home_improvement,north,0
A202214,33,23882,0.5,11134,48,18316,0.5,1,0,home_improvement,north,1
A202215,27,78869,2.9,5579,12,16417,0.1748,0,2,car,south,0
A202216,58,39500,2.2,10376,36,11647,0.235,0,1,home_improvement,central,0
A202217,36,83169,6.3,8740,60,1188,0.0282,0,0,debt_consolidation,central,0
A202218,48,15992,5.5,4056,12,5640,0.43,1,0,debt_consolidation,north,0
A202219,60,31035,3.5,4384,48,2479,0.0753,0,0,debt_consolidation,south,0
A202220,38,70925,2.9,7189,48,1000,0.0324,1,2,debt_consolidation,north,0
A202221,39,45900,4.5,13426,60,5894,0.1227,3,0,car,central,0
A202222,36,30125,8.4,21182,24,40846,1.0295,1,0,debt_consolidation,east,0
A202223,42,53512,10.2,9068,48,1894,0.0601,1,1,car,north,0
A202224,41,85528,6.8,14163,24,88390,0.5995,0,0,home_improvement,central,0
A202225,27,118855,4.6,6342,12,1419,0.0593,0,0,debt_consolidation,north,0
A202226,38,36237,7.2,12377,48,6059,0.169,0,0,other,north,0
A202227,44,49927,6.0,11395,36,26114,0.3376,1,0,debt_consolidation,north,0
A202228,37,26958,3.3,24727,12,13049,1.1593,0,2,medical,east,1
A202229,26,59557,18.6,4614,60,25863,0.2326,0,1,education,central,0
A202230,35,115207,3.5,28688,12,1739,0.2566,0,3,education,central,0
A202231,53,76991,2.4,11089,36,3753,0.0724,0,0,other,central,0
A202232,21,19801,7.1,22265,60,1712,0.2681,0,3,education,south,0
A202233,44,95845,4.6,3714,36,34353,0.1921,0,0,debt_consolidation,east,0
A202234,27,26261,3.1,14671,36,231363,1.2,3,0,car,north,1
A202235,53,24332,9.4,24270,60,4163,0.285,1,3,debt_consolidation,central,1
A202236,31,45006,3.0,1782,60,14611,0.1702,1,2,debt_consolidation,north,0
A202237,30,40054,12.2,10969,48,5329,0.135,0,1,car,east,0
A202238,39,54341,3.0,6475,36,15942,0.1864,0,0,other,south,0
A202239,30,70532,5.6,12429,36,1747,0.0711,0,0,home_improvement,south,0
A202240,55,96336,2.2,9482,36,2840,0.0475,0,0,home_improvement,north,0
A202241,30,68130,8.1,5272,12,20737,0.2296,0,3,other,south,0
A202242,35,46466,8.8,9578,36,5067,0.1232,0,3,debt_consolidation,central,0
A202243,41,43503,6.6,10341,60,5987,0.1164,0,0,education,central,0
A202244,33,49062,1.9,9763,36,861,0.0751,1,2,medical,east,0
A202245,47,41294,1.1,5683,24,17141,0.2764,0,0,education,south,1
A202246,49,66903,2.7,5624,36,4154,0.0591,1,0,debt_consolidation,central,0
A202247,27,41530,1.2,5674,48,904,0.045,0,0,car,south,0
A202248,21,29428,0.5,11318,60,12824,0.2948,0,0,education,east,0
A202249,28,96130,3.2,10719,36,56691,0.332,0,0,other,east,0
A202250,44,121143,5.8,4999,48,2812,0.0219,1,3,debt_consolidation,east,0
A202251,33,25773,1.0,7969,48,11881,0.3078,0,0,debt_consolidation,south,0
A202252,31,58096,4.0,9857,36,9379,0.1373,0,0,car,east,0
A202253,27,64679,2.3,4851,36,35464,0.2992,0,4,home_improvement,south,0
A202254,27,80992,9.2,4688,48,2849,0.0321,0,0,debt_consolidation,east,0
A202255,39,116470,5.9,3112,36,16154,0.0783,0,0,car,east,0
A202256,44,32241,4.9,10214,24,10369,0.3192,0,0,debt_consolidation,north,0
A202257,45,43603,4.3,10149,60,644,0.0539,0,0,home_improvement,north,0
A202258,21,16935,7.8,11207,24,2014,0.3903,0,1,car,east,0
A202259,53,34565,4.6,8867,24,6177,0.2176,0,3,debt_consolidation,north,0
A202260,38,39405,6.5,11162,60,12982,0.2214,0,2,debt_consolidation,central,0
A202261,29,45364,4.9,51276,24,1427,0.5809,0,0,debt_consolidation,central,0
A202262,32,45621,1.8,5507,12,1693,0.1393,0,2,car,north,0
A202263,56,17002,9.2,14879,36,9722,0.5776,0,3,medical,east,0
A202264,42,22109,7.0,10590,48,1726,0.1588,0,3,medical,central,0
A202265,24,46540,1.5,7070,60,15308,0.1948,1,3,car,south,0
A202266,50,48027,7.3,5871,12,15016,0.2786,0,1,debt_consolidation,central,0
A202267,44,80185,14.1,9526,36,7594,0.087,0,1,car,east,0
A202268,25,26335,0.6,3566,36,328,0.0514,0,5,car,central,0
A202269,44,76419,4.0,3871,36,4645,0.0473,0,0,debt_consolidation,north,0
A202270,32,85141,1.6,9630,12,27503,0.2746,0,2,debt_consolidation,east,0
A202271,41,35206,3.2,3188,12,12553,0.2688,0,0,car,central,0
A202272,49,25588,6.7,20434,36,14886,0.5571,0,2,car,north,0
A202273,32,21757,0.9,7699,12,2686,0.4156,1,1,car,central,1
A202274,48,73280,3.4,28884,60,8437,0.1364,0,0,car,east,0
A202275,34,64255,3.0,21556,36,15247,0.2305,0,0,car,south,0
A202276,56,92320,1.6,14508,24,28026,0.2304,2,0,car,north,0
A202277,53,54773,4.2,8472,24,1644,0.0923,0,0,home_improvement,north,0
A202278,52,66447,4.6,20563,48,8677,0.1427,0,2,education,east,0
A202279,41,64686,5.6,4887,60,561,0.0194,0,3,home_improvement,east,0
A202280,48,72597,11.4,6430,12,4360,0.1186,0,1,education,south,0
A202281,22,70271,9.9,7415,60,1343,0.0307,0,0,debt_consolidation,south,0
A202282,32,122306,1.1,10594,24,8568,0.0783,0,0,car,north,0
A202283,21,58744,1.2,10553,48,7718,0.1106,0,0,car,central,0
A202284,37,62370,8.2,5971,60,4006,0.0513,0,0,debt_consolidation,north,0
A202285,47,96484,7.0,2620,60,4899,0.0308,1,4,debt_consolidation,east,0
A202286,38,53258,0.3,19862,36,26068,0.369,0,0,home_improvement,east,0
A202287,21,128318,2.7,21261,24,8691,0.1167,0,3,car,central,0
A202288,28,30585,3.7,10755,60,453,0.0777,0,0,debt_consolidation,central,0
A202289,28,32108,0.8,4283,60,2211,0.0611,0,0,other,south,0
A202290,40,82634,8.0,3621,48,1847,0.0221,0,1,debt_consolidation,north,0
A202291,34,69217,4.3,15417,36,1249,0.0833,0,1,other,east,0
A202292,38,77248,5.5,4555,24,8909,0.0871,0,3,car,north,0
A202293,24,28513,7.0,2694,12,4967,0.1816,1,0,debt_consolidation,north,0
A202294,42,129141,1.0,5628,24,15471,0.0817,0,0,car,north,0
A202295,58,25718,0.7,6351,36,16542,0.4039,3,3,car,south,0
A202296,32,74828,7.9,33518,12,20480,0.5848,0,1,education,south,0
A202297,28,22816,9.7,5580,48,22594,0.5563,2,1,home_improvement,north,1
A202298,41,25302,5.8,15990,36,1759,0.2454,0,3,other,north,0
A202299,34,19327,8.7,3069,60,9706,0.2829,0,0,debt_consolidation,south,0
A202300,47,107198,5.8,10193,48,541,0.0263,0,0,medical,north,0
A202301,36,28941,1.5,5581,36,4678,0.1451,0,0,car,south,0
A202302,31,47112,4.3,4085,36,4741,0.0792,0,3,other,east,0
A202303,50,110777,2.8,12939,48,5327,0.0532,0,2,debt_consolidation,north,0
A202304,41,40531,9.4,6230,12,2702,0.187,0,5,home_improvement,south,0
A202305,32,81071,12.4,5690,48,18694,0.1328,0,0,home_improvement,central,0
A202306,42,77698,0.7,8116,60,2002,0.0338,2,2,debt_consolidation,central,0
A202307,49,83292,5.3,9010,24,4037,0.0783,1,0,debt_consolidation,north,0
A202308,42,44458,1.6,2434,24,5232,0.0862,0,2,home_improvement,east,0
A202309,37,65673,2.9,24412,12,21826,0.5379,0,0,debt_consolidation,south,1
A202310,44,51672,2.0,2787,24,9457,0.1185,0,1,home_improvement,central,0
A202311,36,82238,3.9,9609,24,9862,0.1184,0,4,debt_consolidation,north,0
A202312,44,31196,2.1,5037,24,3038,0.1294,0,1,other,north,0
A202313,46,18419,2.5,20495,12,6798,1.2,0,0,home_improvement,east,1
A202314,32,61589,7.7,4470,24,2785,0.0589,0,0,car,north,0
A202315,55,35236,0.7,4881,60,21927,0.3388,2,1,home_improvement,north,1
A202316,21,21294,13.4,8288,24,9827,0.4254,0,0,debt_consolidation,central,0
A202317,47,20074,7.0,10440,24,1076,0.2868,0,5,car,north,0
A202318,54,73457,1.7,11294,36,1653,0.0625,0,1,education,east,0
A202319,24,36275,6.4,2519,36,3699,0.0741,0,2,home_improvement,south,0
A202320,31,29681,2.5,13195,12,931,0.4602,0,3,education,central,0
A202321,31,49157,10.2,21817,12,2520,0.4695,0,0,car,east,0
A202322,35,86895,3.9,10345,36,1576,0.0488,0,0,education,north,0
A202323,49,23097,2.1,20964,48,2222,0.275,0,2,medical,south,0
A202324,58,32824,3.5,5547,12,1949,0.1987,0,0,debt_consolidation,east,0
A202325,55,86423,14.9,8441,36,18022,0.1368,0,0,debt_consolidation,north,0
A202326,50,57700,18.8,2597,36,4167,0.0511,0,0,car,east,0
A202327,28,94871,1.2,7433,48,24175,0.147,0,1,other,east,0
A202328,43,39912,4.9,6511,48,2015,0.066,3,0,home_improvement,central,0
A202329,28,22156,2.6,4466,48,5658,0.1781,0,0,home_improvement,east,0
A202330,52,154553,4.7,6911,24,15875,0.0737,0,1,car,north,0
A202331,36,80902,7.4,36082,48,5302,0.1443,0,1,home_improvement,east,0
A202332,45,69609,2.6,7065,48,11629,0.1089,0,1,home_improvement,central,0
A202333,27,56633,4.6,2760,48,1915,0.0291,0,2,education,east,0
A202334,45,73381,9.5,6855,48,7580,0.075,1,5,education,north,0
A202335,33,84011,4.0,6625,36,7774,0.0726,3,3,car,south,0
A202336,54,108795,5.3,5367,36,4911,0.039,0,3,car,south,0
A202337,21,106133,2.1,3832,24,7646,0.0541,0,3,debt_consolidation,north,0
A202338,42,96776,2.1,9754,36,1936,0.0436,0,2,home_improvement,south,0
A202339,41,101757,0.7,3545,12,6068,0.0647,1,0,car,central,0
A202340,51,113598,4.6,5117,48,612,0.014,0,0,other,south,0
A202341,41,48841,2.3,4329,60,1725,0.0354,0,1,home_improvement,north,0
A202342,37,38191,4.1,18621,48,4487,0.1806,0,1,other,north,0
A202343,21,16872,0.3,16027,24,8300,0.7209,0,0,education,north,0
A202344,31,32010,6.8,21215,24,6563,0.4339,0,0,other,north,0
A202345,23,52394,2.3,11070,48,2495,0.0766,0,4,medical,east,0
A202346,37,27221,1.2,4991,12,2509,0.2294,0,1,home_improvement,north,0
A202347,57,29319,2.3,2709,12,22821,0.4816,0,0,debt_consolidation,east,0
A202348,35,63590,4.1,10387,24,31291,0.3277,0,1,debt_consolidation,south,0
A202349,32,93732,1.5,6913,24,1854,0.0468,0,0,other,south,0
A202350,39,57545,3.1,12088,24,9145,0.1845,0,1,home_improvement,south,0
A202351,34,84208,1.5,20896,60,47879,0.3339,0,0,education,east,0
A202352,40,48300,6.1,36950,24,976,0.3926,1,3,other,central,0
A202353,55,108168,5.8,11005,24,7443,0.0853,0,5,medical,east,0
A202354,28,107999,5.6,4201,12,7328,0.0728,0,0,debt_consolidation,east,0
A202355,32,42756,2.3,15984,36,6137,0.1964,0,0,home_improvement,north,0
A202356,50,35454,1.1,7360,12,3996,0.2639,0,3,car,north,0
A202357,28,32815,1.9,8904,24,4761,0.2082,0,0,debt_consolidation,north,0
A202358,47,161620,6.1,15584,60,3664,0.0306,0,3,education,north,0
A202359,49,41743,3.2,18537,60,12415,0.2375,0,2,home_improvement,south,0
A202360,25,63168,1.3,27453,48,3032,0.1327,0,2,other,north,0
A202361,40,67169,2.1,6957,12,8742,0.1686,0,0,debt_consolidation,central,0
A202362,21,141936,2.2,8588,60,1160,0.0162,0,2,medical,central,0
A202363,30,240000,0.2,27392,24,2139,0.0615,1,1,home_improvement,east,0
A202364,33,56163,7.0,11046,36,5361,0.1133,0,0,car,south,0
A202365,49,28652,1.8,5778,48,19006,0.3821,1,0,debt_consolidation,east,1
A202366,30,42083,3.3,8641,36,11705,0.2075,0,0,debt_consolidation,central,0
A202367,32,40774,3.7,13287,12,10746,0.4576,0,3,debt_consolidation,north,0
A202368,46,39994,3.3,8172,12,5350,0.2712,0,0,debt_consolidation,north,0
A202369,38,60291,4.5,6741,36,5365,0.0818,0,4,education,central,0
A202370,38,81222,5.9,25622,36,1053,0.1116,1,4,car,central,0
A202371,56,31470,2.9,6077,48,2537,0.0886,0,2,medical,east,0
A202372,33,75872,5.8,16941,24,3257,0.1331,0,1,other,north,0
A202373,33,33498,3.1,7308,48,6578,0.1527,0,0,debt_consolidation,south,0
A202374,42,62136,1.6,3279,60,26451,0.2234,0,1,home_improvement,east,0
A202375,40,49939,8.4,6636,60,8359,0.1103,0,4,car,east,0
A202376,26,68450,7.0,14824,24,10681,0.1863,0,1,car,south,0
A202377,52,34586,2.2,4073,36,25559,0.4088,1,5,debt_consolidation,east,1
A202378,53,26167,6.9,13075,12,1881,0.5356,0,1,car,east,0
A202379,23,36808,7.8,5482,12,25433,0.4944,0,3,car,south,0
A202380,61,29870,5.5,9224,48,9852,0.2421,0,0,car,central,1
A202381,32,67682,4.5,12476,60,4596,0.0708,1,2,medical,east,0
A202382,24,148220,4.5,19560,36,889,0.047,0,1,debt_consolidation,east,0
A202383,25,94257,5.7,8326,24,2633,0.0581,0,1,home_improvement,south,0
A202384,50,33838,1.0,4957,36,4196,0.1108,2,3,debt_consolidation,east,1
A202385,52,58664,1.1,8537,48,3611,0.0672,0,4,other,south,0
A202386,26,47018,2.7,21791,24,3351,0.2674,0,2,home_improvement,south,0
A202387,30,48537,5.0,15410,12,3558,0.3541,0,2,education,south,0
A202388,45,48011,2.9,2721,36,77804,0.8292,0,1,debt_consolidation,east,0
A202389,25,62534,4.3,12418,36,336,0.0689,0,1,debt_consolidation,east,0
A202390,47,131272,3.2,6523,24,15683,0.0846,0,1,car,east,0
A202391,49,52474,8.8,8533,48,2078,0.0605,0,0,other,south,0
A202392,40,38273,1.5,12640,48,33805,0.5242,1,0,car,south,1
A202393,43,53178,0.6,9453,48,23153,0.2621,0,4,debt_consolidation,central,0
A202394,39,43725,7.1,1589,60,1461,0.024,1,2,home_improvement,east,0
A202395,50,91019,3.5,6220,48,21499,0.1352,0,0,home_improvement,south,0
A202396,52,58465,5.8,5748,24,8288,0.12,0,1,debt_consolidation,east,0
A202397,27,114004,1.8,10600,12,19985,0.1806,0,3,medical,east,0
A202398,48,36026,0.2,10019,36,1372,0.1117,0,2,other,south,0
A202399,26,18586,9.6,5479,12,17795,0.7735,0,0,debt_consolidation,east,0
A202400,29,25176,1.5,3270,60,1091,0.0476,0,2,other,north,0
A202401,59,43859,5.7,15055,48,3704,0.128,0,2,medical,central,0
A202402,21,38511,4.6,20288,48,2880,0.1691,0,5,debt_consolidation,north,0
A202403,38,17319,5.4,13776,48,3528,0.3007,0,0,education,central,0
A202404,49,91724,1.1,8837,48,11957,0.0893,0,3,medical,north,0
A202405,39,41731,3.3,6454,36,4018,0.0997,0,1,education,east,0
A202406,44,115013,6.3,2681,24,3144,0.0253,0,0,car,central,0
A202407,25,49467,1.4,5839,48,4160,0.0716,0,0,debt_consolidation,east,0
A202408,37,110183,6.4,27247,36,6192,0.1105,0,0,medical,north,0
A202409,28,46094,4.7,2846,48,10489,0.1292,0,0,debt_consolidation,central,1
A202410,46,88147,7.8,13704,60,1160,0.0377,0,2,education,south,0
A202411,32,93061,5.5,12490,60,4864,0.053,0,1,education,east,0
A202412,61,224144,6.9,3320,24,9465,0.0285,0,1,home_improvement,central,0
A202413,46,56574,8.3,13433,48,1907,0.0762,0,1,other,north,0
A202414,47,60683,7.5,7285,24,14818,0.1821,0,0,other,north,0
A202415,34,72167,1.0,6532,60,3668,0.0435,0,0,car,east,0
A202416,52,143977,4.0,37546,24,922,0.1336,0,0,medical,south,0
A202417,44,155976,1.7,9183,24,10903,0.0644,0,1,debt_consolidation,south,0
A202418,30,73138,5.7,26178,48,31343,0.3038,2,0,car,south,0
A202419,44,51888,5.3,1892,12,7085,0.1047,1,0,home_improvement,central,0
A202420,46,83586,2.4,5432,60,8201,0.0621,0,0,debt_consolidation,central,0
A202421,39,56727,3.2,4944,36,86163,0.7885,0,0,home_improvement,east,1
A202422,46,70527,0.7,5046,60,3454,0.0388,0,1,debt_consolidation,central,0
A202423,21,66729,7.7,22817,12,1203,0.3509,0,0,other,north,0
A202424,40,113208,6.3,9175,24,9880,0.0842,0,1,car,south,0
A202425,34,59284,9.0,20747,36,1551,0.1297,0,3,other,east,0
A202426,21,82091,6.2,7846,12,11219,0.1639,0,0,home_improvement,central,0
A202427,48,24177,7.6,5609,24,6132,0.2428,0,0,home_improvement,south,0
A202428,52,36386,6.9,31634,24,4856,0.5014,0,1,car,central,0
A202429,30,51294,1.3,5907,12,8198,0.1951,0,0,home_improvement,east,0
A202430,21,47591,2.4,17421,60,34917,0.4401,1,0,car,central,0
A202431,34,54274,3.3,14881,60,1520,0.0688,0,2,home_improvement,east,0
A202432,50,51488,7.7,4631,36,4197,0.0707,0,2,car,north,0
A202433,27,43286,3.4,11358,12,2918,0.2961,0,1,car,north,0
A202434,34,26780,3.3,15915,24,2117,0.3367,0,4,education,north,0
A202435,40,104392,5.6,4510,48,8187,0.05,0,4,debt_consolidation,central,0
A202436,42,49895,7.5,36583,36,3040,0.2749,0,1,home_improvement,east,0
A202437,37,65195,4.5,25031,60,8588,0.1427,0,2,home_improvement,central,0
A202438,21,80160,3.2,4366,48,6289,0.0528,0,1,other,east,0
A202439,35,50282,5.2,16516,36,28225,0.3902,0,0,car,east,0
A202440,36,39648,5.8,6458,60,3346,0.0748,0,0,car,central,0
A202441,37,53757,2.5,7842,48,38914,0.3984,0,1,debt_consolidation,south,0
A202442,26,64698,2.6,27133,24,29157,0.435,1,1,debt_consolidation,south,1
A202443,41,38196,2.0,12793,24,8430,0.2778,0,1,education,north,0
A202444,22,33208,12.7,13337,12,5474,0.484,0,0,other,north,1
A202445,54,81550,2.9,6415,24,3210,0.059,0,0,debt_consolidation,south,0
A202446,35,44595,3.8,5029,48,3787,0.0707,0,0,car,north,0
A202447,50,59357,1.0,5453,24,2478,0.0668,1,0,other,north,0
A202448,26,25758,4.5,15711,24,5216,0.4062,0,0,car,north,1
A202449,43,40272,0.6,14940,48,32007,0.4901,0,0,education,east,0
A202450,37,27230,3.4,12021,24,2545,0.2675,0,5,car,east,0
A202451,44,84917,6.9,7581,48,26551,0.1787,0,0,home_improvement,east,0
A202452,39,110504,11.8,7115,24,340,0.0337,0,1,other,south,0
A202453,35,38320,10.3,43175,36,10206,0.5087,0,1,home_improvement,east,1
A202454,44,65730,9.2,8286,24,3435,0.0892,0,3,car,north,0
A202455,21,60807,1.1,7818,36,39934,0.3712,0,1,education,north,0
A202456,39,43578,0.7,1000,36,584,0.0143,0,0,home_improvement,south,0
A202457,21,40005,9.3,26332,36,16035,0.4198,0,2,debt_consolidation,north,0
A202458,40,55107,6.8,7222,48,17010,0.1871,0,0,debt_consolidation,central,0
A202459,21,40752,2.0,11843,24,2568,0.1768,2,0,home_improvement,east,0
A202460,34,54160,0.8,8490,24,1450,0.0918,0,2,car,north,0
A202461,43,20938,1.0,7638,36,8142,0.316,1,2,home_improvement,south,0
A202462,44,30104,6.5,12852,60,28004,0.5505,0,2,home_improvement,south,0
A202463,53,60758,3.4,6873,48,18568,0.1811,0,1,home_improvement,south,0
A202464,23,51726,4.5,3137,12,2821,0.0879,0,1,debt_consolidation,east,0
A202465,33,21686,1.9,39546,24,20568,1.2,2,1,car,east,1
A202466,32,50810,1.7,22927,60,24102,0.3274,0,1,medical,central,0
A202467,38,39947,2.6,4102,60,16231,0.2237,0,1,home_improvement,south,0
A202468,35,54652,1.4,17738,12,3471,0.3563,0,1,car,central,0
A202469,28,48938,2.6,6185,12,2142,0.1483,0,0,home_improvement,central,0
A202470,33,39284,5.5,60000,48,18768,0.6207,0,4,debt_consolidation,south,0
A202471,43,24399,6.4,14925,36,38615,0.9952,0,0,other,north,0
A202472,51,48763,1.2,4933,60,5650,0.0782,0,1,debt_consolidation,east,0
A202473,43,37440,8.6,40202,36,2361,0.3895,0,2,education,central,1
A202474,30,53826,6.0,7051,24,15720,0.2115,2,0,education,central,1
A202475,21,27513,1.9,11268,60,16471,0.3812,0,3,medical,north,0
A202476,36,52081,5.5,5403,48,36653,0.3778,0,1,debt_consolidation,east,0
A202477,43,47948,7.8,4234,48,1266,0.0353,0,0,car,north,0
A202478,48,42047,0.6,23591,12,5733,0.6292,0,0,debt_consolidation,north,0
A202479,40,63933,7.1,17666,12,5210,0.3171,0,1,other,east,0
A202480,32,39118,7.0,2824,12,7499,0.168,1,1,debt_consolidation,north,0
A202481,47,74610,1.6,1814,60,12636,0.0895,0,4,debt_consolidation,central,0
A202482,53,28559,2.7,32982,48,4562,0.3686,3,2,debt_consolidation,south,1
A202483,43,67388,4.3,17298,60,2305,0.0684,0,0,debt_consolidation,central,0
A202484,36,112889,3.0,11838,60,439,0.0229,0,4,other,central,0
A202485,25,52862,5.4,4889,60,2316,0.0404,0,3,debt_consolidation,central,0
A202486,35,89481,3.1,15302,60,11390,0.0978,0,1,debt_consolidation,central,0
A202487,37,21617,4.3,7867,24,5252,0.3034,0,3,debt_consolidation,central,1
A202488,21,27752,3.9,16060,60,14575,0.3783,0,0,medical,north,0
A202489,31,87816,6.7,15442,24,9263,0.1407,0,3,car,east,0
A202490,21,28755,6.2,5574,48,3491,0.1092,2,5,home_improvement,east,1
A202491,27,32384,2.4,13262,12,1922,0.4392,0,0,debt_consolidation,south,0
A202492,39,54480,4.2,20180,12,4695,0.4135,0,0,car,east,0
A202493,44,27424,6.8,13112,24,38815,0.9467,0,1,education,south,1
A202494,42,67611,8.8,7904,12,5711,0.1591,0,0,home_improvement,east,0
A202495,21,92557,3.3,5094,36,4272,0.0414,0,1,home_improvement,east,0
A202496,51,34986,8.5,3581,48,4919,0.0959,0,1,home_improvement,south,0
A202497,21,41628,2.0,8174,12,2477,0.2261,0,1,other,north,0
A202498,27,32229,4.1,4824,60,5064,0.1085,2,1,debt_consolidation,central,0
A202499,32,128130,5.3,13638,48,3677,0.041,0,1,home_improvement,north,0
A202500,52,83849,1.8,5988,24,2699,0.0518,0,1,debt_consolidation,north,0
A202501,35,45124,4.0,25118,24,8622,0.3739,2,1,debt_consolidation,east,1
A202502,24,68722,7.1,13911,60,5804,0.0827,0,0,debt_consolidation,south,0
A202503,27,84855,7.6,14851,60,5404,0.0668,2,4,home_improvement,central,0
A202504,39,92954,2.8,2674,60,6817,0.0424,0,2,car,south,0
A202505,46,102215,0.9,35571,12,3266,0.364,0,0,car,south,0
A202506,21,56328,8.5,10831,24,2104,0.1148,0,0,other,central,0
A202507,21,15814,2.2,6557,36,48221,1.2,0,0,debt_consolidation,central,1
A202508,47,33756,3.0,9797,36,21688,0.418,0,4,education,east,0
A202509,34,10209,4.7,5292,24,27468,1.2,0,2,debt_consolidation,east,0
A202510,48,71147,0.7,7813,36,25114,0.2131,0,0,other,north,0
A202511,29,109067,2.9,2735,60,24767,0.1186,1,0,debt_consolidation,east,0
A202512,50,74758,4.6,5617,60,6068,0.0556,0,1,home_improvement,north,0
A202513,53,68596,22.3,10071,12,4930,0.1828,0,1,education,north,0
A202514,36,33743,3.1,7372,60,4281,0.1071,1,0,debt_consolidation,east,0
A202515,39,36365,1.0,3606,12,31341,0.5301,0,0,home_improvement,south,0
A202516,38,50433,9.1,1580,36,9307,0.1027,0,0,debt_consolidation,central,0
A202517,49,88191,1.4,7024,48,2942,0.0366,0,0,debt_consolidation,east,0
A202518,31,81074,2.0,9634,36,7211,0.0841,0,4,debt_consolidation,south,0
A202519,48,48317,4.0,8187,48,4466,0.0886,0,2,home_improvement,north,0
A202520,45,61564,2.4,15100,36,4335,0.117,0,2,debt_consolidation,south,0
A202521,46,48814,12.4,8637,24,1178,0.1005,2,2,debt_consolidation,central,0
A202522,51,75486,2.2,5145,24,875,0.0399,0,0,debt_consolidation,south,0
A202523,41,70619,8.9,20023,36,418,0.0975,2,0,car,central,0
A202524,21,86257,7.8,10152,48,13619,0.1084,1,3,debt_consolidation,north,0
A202525,44,98715,7.8,2952,24,3944,0.0349,0,1,debt_consolidation,north,0
A202526,38,57385,2.8,18527,36,13336,0.2238,0,0,medical,central,0
A202527,30,108193,12.7,18519,24,11911,0.1406,0,0,medical,east,0
A202528,59,71090,5.2,13927,24,6489,0.1436,0,3,car,central,0
A202529,30,52639,2.6,7248,36,3964,0.0836,0,0,car,central,0
A202530,37,74424,1.4,16983,48,1117,0.0646,1,0,education,north,0
A202531,40,51845,2.5,6925,48,6442,0.0955,0,1,debt_consolidation,central,0
A202532,27,44934,2.8,8640,24,1262,0.1102,0,3,debt_consolidation,south,0
A202533,55,50307,3.4,1006,60,25541,0.2579,2,0,debt_consolidation,central,0
A202534,52,36578,6.1,9376,60,14403,0.2481,1,1,debt_consolidation,south,0
A202535,21,21730,2.3,21892,48,7444,0.4231,0,1,car,south,1
A202536,25,108511,1.2,4660,48,8768,0.0511,0,2,debt_consolidation,south,0
A202537,31,50054,4.1,15032,60,1757,0.0776,1,1,car,south,0
A202538,54,30692,9.8,10701,36,4034,0.1819,0,0,education,south,0
A202539,38,18089,1.4,7183,12,4851,0.5312,1,1,other,south,0
A202540,39,46298,1.0,7786,36,2627,0.0844,0,2,other,central,0
A202541,28,30187,1.4,8414,36,127054,1.2,0,2,debt_consolidation,north,1
A202542,36,47094,4.4,7962,24,15064,0.2445,0,2,medical,east,0
A202543,26,67959,13.9,1883,48,29822,0.2263,1,0,debt_consolidation,central,0
A202544,37,25736,9.2,8544,36,2272,0.1548,1,1,other,east,1
A202545,35,83246,6.0,7187,36,4824,0.0578,0,1,home_improvement,east,0
A202546,28,60427,6.9,3325,12,2076,0.0722,0,1,other,east,0
A202547,22,62661,9.1,11177,12,9393,0.2533,0,4,education,north,0
A202548,28,58779,2.2,12908,24,7978,0.1777,0,1,home_improvement,south,0
A202549,47,62727,3.8,8993,24,1842,0.0864,0,0,medical,central,0
A202550,29,26528,1.6,5015,36,28904,0.6078,0,2,debt_consolidation,central,1
A202551,46,28262,2.7,12499,24,18936,0.5561,0,4,education,central,0
A202552,50,94090,6.2,5597,36,1613,0.0284,0,2,car,east,0
A202553,41,65643,8.1,28722,60,2201,0.1043,0,0,education,central,0
A202554,22,71487,1.3,11543,48,5461,0.0786,1,0,debt_consolidation,east,0
A202555,42,49347,5.3,4702,24,4139,0.0896,0,2,car,central,0
A202556,43,33960,6.4,5907,12,8491,0.299,1,2,car,east,0
A202557,32,34799,1.0,10723,60,16405,0.2973,0,1,car,east,0
A202558,32,47124,3.2,21105,12,4243,0.4929,0,0,car,east,0
A202559,33,61428,1.2,4332,48,15566,0.1443,0,2,education,east,0
A202560,55,44513,4.1,17147,60,25771,0.3665,0,2,home_improvement,south,0
A202561,49,34146,1.2,20916,60,1346,0.1422,0,1,car,east,0
A202562,36,79980,6.2,7360,24,17907,0.158,0,1,debt_consolidation,central,0
A202563,62,64808,3.9,13240,12,23652,0.3868,0,0,debt_consolidation,north,0
A202564,22,85349,5.3,21155,12,42156,0.4948,0,3,debt_consolidation,central,0
A202565,40,29715,1.2,3745,36,4062,0.1104,2,0,car,central,0
A202566,44,51770,5.1,2179,36,13025,0.1398,0,3,debt_consolidation,north,0
A202567,50,53204,5.7,13873,12,11027,0.3644,0,0,car,south,0
A202568,45,67713,3.4,5899,60,5122,0.0552,0,2,home_improvement,central,0
A202569,32,66970,5.2,7221,12,3744,0.1358,0,1,car,central,0
A202570,43,23315,4.0,6701,48,48013,1.1015,0,0,education,east,0
A202571,43,50459,3.4,5961,48,4373,0.0729,0,0,education,east,0
A202572,44,18319,15.2,7782,12,8941,0.6688,0,3,home_improvement,south,0
A202573,27,30911,4.4,34304,24,13055,0.7661,0,0,debt_consolidation,north,0
A202574,33,55749,8.3,12388,36,28052,0.3257,0,0,car,central,0
A202575,55,59071,4.8,6631,12,9338,0.1913,0,5,car,south,0
A202576,38,72467,2.1,6566,60,3449,0.0419,0,0,home_improvement,east,0
A202577,39,30449,5.1,7112,48,9162,0.2088,0,0,debt_consolidation,central,0
A202578,27,45349,2.8,10344,24,5417,0.1738,0,0,debt_consolidation,south,0
A202579,30,77896,3.4,9343,12,4442,0.1485,0,0,debt_consolidation,central,0
A202580,40,76884,2.7,22189,12,5095,0.3217,1,0,debt_consolidation,east,0
A202581,29,52499,10.9,12888,60,1686,0.0652,0,0,home_improvement,north,0
A202582,22,48058,10.2,4561,12,19856,0.3015,0,0,debt_consolidation,east,0
A202583,45,32686,2.4,5907,24,20853,0.4093,0,2,medical,central,0
A202584,43,35010,11.8,19265,60,8285,0.2284,0,2,home_improvement,central,0
A202585,28,47775,1.4,13147,36,7417,0.1694,0,0,medical,central,0
A202586,28,70467,10.3,7911,60,15662,0.1336,1,2,car,central,1
A202587,23,31556,1.3,4190,48,3330,0.086,0,0,car,central,0
A202588,42,87298,5.4,5386,48,2109,0.0275,0,0,car,south,1
A202589,32,38748,7.1,8866,48,5023,0.122,0,1,debt_consolidation,north,0
A202590,38,84842,3.8,14178,24,1587,0.0929,0,1,home_improvement,central,0
A202591,37,35692,4.5,10609,60,1489,0.0803,0,4,car,south,1
A202592,21,81421,3.0,17009,24,10351,0.168,1,1,other,east,0
A202593,44,19042,7.8,12556,24,1761,0.3759,0,2,car,central,1
A202594,47,21998,2.7,7573,36,5779,0.2461,0,2,other,east,0
A202595,34,37305,6.2,7281,24,9786,0.2287,0,1,debt_consolidation,south,0
A202596,45,26201,2.4,5583,36,3161,0.1313,0,1,medical,central,0
A202597,35,58055,2.6,6967,60,13707,0.1421,1,2,debt_consolidation,north,0
A202598,42,61938,13.1,7408,48,2321,0.0486,0,0,education,north,0
A202599,68,27693,0.5,9285,36,6821,0.2349,0,0,other,south,0
A202600,52,135646,2.4,9003,12,1261,0.071,0,0,debt_consolidation,south,0
A202601,24,40004,5.4,8272,24,4524,0.1599,0,0,education,central,0
A202602,26,80364,6.2,26985,24,127768,0.9628,0,4,medical,east,0
A202603,47,31098,3.3,8941,36,1543,0.1206,0,1,car,south,0
A202604,33,72955,6.1,15565,36,5872,0.1114,0,1,debt_consolidation,central,0
A202605,41,25480,1.1,7004,36,1682,0.1246,0,3,home_improvement,east,0
A202606,41,63969,3.0,2717,36,11139,0.1012,0,1,home_improvement,north,0
A202607,35,40847,4.4,19586,48,1732,0.1411,1,3,debt_consolidation,south,0
A202608,28,34028,4.7,33711,60,1512,0.2204,1,1,other,south,0
A202609,26,57414,0.9,8865,12,1714,0.1693,0,4,car,south,0
A202610,41,34520,2.3,10668,24,9425,0.291,0,0,medical,central,0
A202611,72,42094,4.2,32140,12,40223,1.2,0,1,debt_consolidation,east,1
A202612,31,16702,5.3,7046,36,5790,0.314,0,2,home_improvement,central,0
A202613,53,125194,4.6,7824,12,8441,0.0962,0,1,education,east,0
A202614,55,69275,9.3,22494,60,25884,0.2518,2,0,education,east,0
A202615,39,42687,5.8,4839,36,5149,0.0981,0,1,other,south,0
A202616,28,76551,0.8,5315,24,26220,0.206,0,2,car,central,0
A202617,46,73440,8.4,9427,12,11191,0.2046,0,3,home_improvement,central,0
A202618,53,41792,4.0,9421,24,16797,0.3137,0,0,home_improvement,north,0
A202619,29,54178,2.5,6911,36,2338,0.0641,0,2,medical,central,0
A202620,44,30542,4.2,4970,24,2984,0.1302,0,0,debt_consolidation,south,0
A202621,63,68751,5.5,5562,12,5633,0.1219,1,1,education,central,0
A202622,44,44616,5.9,9576,48,3031,0.0876,0,2,education,east,0
A202623,31,150389,3.1,14708,48,6318,0.0455,0,3,debt_consolidation,east,0
A202624,50,45823,4.2,3670,48,10585,0.1355,0,0,medical,east,0
A202625,23,108634,2.2,9997,24,6105,0.0741,2,0,home_improvement,east,0
A202626,21,32464,1.4,22920,12,21214,1.0327,0,1,debt_consolidation,east,1
A202627,33,186931,6.2,8875,24,70872,0.2133,0,4,home_improvement,central,0
A202628,50,84834,4.0,7258,24,3046,0.0607,0,2,debt_consolidation,south,0
A202629,31,44930,2.4,12680,24,6631,0.2149,0,1,debt_consolidation,east,1
A202630,45,24870,2.7,10647,24,13137,0.4782,0,0,debt_consolidation,south,1
A202631,29,36596,1.3,9544,36,6211,0.1718,0,2,medical,south,0
A202632,31,240000,6.9,29621,24,3202,0.0684,0,3,other,east,0
A202633,28,26548,3.6,12889,48,4932,0.2143,0,2,home_improvement,central,0
A202634,54,33506,5.5,7595,12,3018,0.2717,0,1,debt_consolidation,south,0
A202635,49,111499,2.2,14249,12,2170,0.1375,0,5,debt_consolidation,south,1
A202636,39,58402,3.8,3741,24,4268,0.0686,0,3,debt_consolidation,central,0
A202637,62,47334,9.6,11370,60,7536,0.1276,0,0,education,central,0
A202638,47,41371,2.8,16208,24,838,0.206,0,1,education,central,0
A202639,44,75799,6.8,19753,36,579,0.0907,0,1,home_improvement,east,0
A202640,38,36508,1.6,3912,24,611,0.0619,2,1,education,central,0
A202641,47,122459,5.0,4891,48,3866,0.0258,0,2,car,south,0
A202642,21,108284,0.1,16028,36,3408,0.0651,0,0,debt_consolidation,east,0
A202643,28,25724,1.9,2839,24,7252,0.1961,0,0,car,central,0
A202644,31,77347,2.0,18869,24,13139,0.2069,0,0,home_improvement,north,1
A202645,63,48986,5.3,4150,36,10762,0.1381,0,1,debt_consolidation,south,0
A202646,44,86905,9.1,17304,24,2813,0.1157,0,0,debt_consolidation,central,0
A202647,52,147931,2.0,5518,36,2891,0.0222,0,0,car,east,0
A202648,46,31292,0.5,13139,24,2705,0.2532,0,3,debt_consolidation,central,0
A202649,21,57177,7.3,31387,60,14707,0.2384,0,0,home_improvement,north,0
A202650,37,103099,2.3,16225,36,2630,0.0652,0,0,car,north,0
A202651,21,169345,1.5,8129,12,759,0.0502,0,0,car,east,0
A202652,42,55893,2.4,9666,24,588,0.0917,0,3,medical,central,0
A202653,22,31078,4.5,10321,60,2915,0.1133,1,0,debt_consolidation,central,0
A202654,43,49369,7.1,14845,12,7101,0.3726,1,0,education,south,1
A202655,44,88755,2.7,10090,24,12951,0.1298,0,0,debt_consolidation,south,0
A202656,59,101653,3.6,11440,12,1050,0.1177,1,1,medical,central,0
A202657,33,192845,6.7,17831,36,8111,0.0519,3,1,education,north,0
A202658,21,37046,4.3,8524,48,7793,0.1627,0,0,debt_consolidation,east,0
A202659,32,56170,5.4,23130,60,7809,0.1519,0,1,debt_consolidation,east,1
A202660,54,15436,10.7,4831,36,13937,0.5558,0,2,home_improvement,central,0
A202661,30,27679,1.6,8992,60,6360,0.1799,0,0,car,central,1
A202662,49,24354,7.4,19312,60,13308,0.4318,0,0,other,east,0
A202663,51,142038,2.3,12654,12,2375,0.0974,1,0,debt_consolidation,central,0
A202664,36,90915,8.3,10868,12,10909,0.1795,0,0,medical,north,0
A202665,21,122151,0.8,12198,36,2243,0.0425,0,1,debt_consolidation,east,0
A202666,31,22781,6.0,10000,24,7201,0.3775,0,1,home_improvement,east,0
A202667,38,21154,4.1,21262,24,10788,0.7575,0,3,debt_consolidation,central,0
A202668,35,35230,5.7,10478,48,7353,0.1787,0,2,debt_consolidation,south,0
A202669,30,51313,4.6,8313,48,13213,0.1693,1,5,debt_consolidation,central,0
A202670,26,107748,1.8,2132,60,2950,0.0176,0,0,debt_consolidation,central,0
A202671,37,54899,2.2,3604,24,3996,0.0692,0,0,debt_consolidation,south,0
A202672,21,24460,1.0,5035,12,4310,0.2939,0,5,car,central,0
A202673,48,20291,8.4,8098,48,13392,0.4298,1,0,debt_consolidation,south,0
A202674,24,44575,1.4,5088,24,951,0.0677,0,0,medical,east,0
A202675,26,27332,6.1,7958,12,1983,0.3274,1,2,home_improvement,central,0
A202676,35,41013,1.0,10332,24,23072,0.4072,0,0,home_improvement,north,0
A202677,41,62645,9.2,8063,60,10665,0.1109,0,1,home_improvement,north,0
A202678,33,71512,0.8,7947,48,1396,0.0375,0,0,home_improvement,north,0
A202679,25,33569,3.7,12419,60,9048,0.2088,0,3,home_improvement,east,0
A202680,28,32427,5.2,4537,60,14356,0.2493,1,0,medical,north,1
A202681,46,32523,5.7,5003,48,2462,0.0763,0,0,car,central,0
A202682,55,55954,8.2,15353,48,765,0.0754,1,2,car,south,0
A202683,28,61821,7.9,2957,60,1257,0.0197,0,3,debt_consolidation,north,0
A202684,35,52416,2.8,13378,36,3378,0.1173,0,0,medical,east,0
A202685,32,61798,1.9,6892,36,16542,0.171,0,0,home_improvement,south,0
A202686,26,79039,3.3,20643,12,9321,0.3201,0,1,car,south,0
A202687,34,18703,0.7,4062,36,1786,0.1201,1,2,home_improvement,south,0
A202688,36,38789,1.5,11959,24,11290,0.2997,0,0,education,central,0
A202689,32,66505,4.9,14641,36,1231,0.0826,0,0,car,north,0
A202690,49,40748,5.2,31232,12,2228,0.7938,1,3,car,east,1
A202691,30,151834,5.9,6405,24,5312,0.0386,0,2,car,central,0
A202692,32,70579,5.5,10055,24,10205,0.1435,0,1,debt_consolidation,central,0
A202693,50,82068,0.9,11837,48,25642,0.1923,0,1,car,east,0
A202694,37,44555,2.9,14574,12,11103,0.4517,0,1,debt_consolidation,north,0
A202695,46,30685,9.0,8314,60,2529,0.0954,1,0,debt_consolidation,central,0
A202696,31,86068,3.6,34800,48,12486,0.1736,0,4,education,north,0
A202697,39,49465,3.8,4762,24,2209,0.0705,0,3,home_improvement,east,0
A202698,40,49095,4.5,10630,24,4446,0.1535,0,0,debt_consolidation,north,0
A202699,50,76084,3.9,6599,60,10337,0.0853,0,0,car,east,0
A202700,36,72479,8.5,17013,60,3293,0.0697,2,1,car,south,0
A202701,46,51894,1.0,17379,48,7557,0.1565,0,3,home_improvement,south,0
A202702,40,36457,10.3,4257,60,10095,0.1618,0,4,medical,east,0
A202703,21,47690,4.2,6277,60,23772,0.2756,0,0,car,central,0
A202704,33,77112,5.2,15199,36,7109,0.1118,0,4,home_improvement,central,0
A202705,27,68547,3.5,11248,24,43386,0.3985,0,3,debt_consolidation,east,0
A202706,43,65652,5.5,3659,48,8113,0.0757,0,1,debt_consolidation,central,0
A202707,35,84459,4.5,6498,36,5163,0.0562,0,2,medical,east,0
A202708,48,32837,6.5,9750,48,30031,0.5315,1,0,education,east,0
A202709,51,21861,2.3,6137,48,19538,0.5171,0,1,car,east,0
A202710,30,73912,5.3,5727,60,6582,0.06,1,0,medical,south,0
A202711,41,40171,3.7,2651,36,13899,0.195,0,5,home_improvement,south,0
A202712,41,57826,1.9,6178,60,12516,0.1296,1,0,debt_consolidation,east,0
A202713,41,43443,4.2,4363,12,784,0.1095,0,0,education,south,0
A202714,33,50901,6.4,7428,12,12775,0.2714,0,0,education,north,0
A202715,25,17931,3.6,9241,48,13973,0.5185,3,3,car,east,1
A202716,32,50327,8.6,3516,60,6367,0.0772,0,0,debt_consolidation,east,0
A202717,40,113261,1.8,6443,24,2598,0.0399,0,4,debt_consolidation,east,0
A202718,28,43531,3.7,3648,36,1934,0.0501,0,1,education,central,0
A202719,49,48466,5.9,30273,48,26459,0.4291,0,1,other,central,0
A202720,44,70739,6.1,7140,60,2433,0.0374,0,4,medical,central,0
A202721,56,109369,5.5,7145,60,3235,0.0279,0,1,medical,south,0
A202722,43,33099,3.3,17674,60,3762,0.1636,0,1,car,east,0
A202723,21,32719,7.9,21994,36,2294,0.2591,0,3,debt_consolidation,central,1
A202724,49,47362,7.0,7294,60,2230,0.0543,0,0,home_improvement,north,0
A202725,45,63858,1.8,3203,60,3551,0.0378,0,3,car,south,0
A202726,37,101649,13.1,21164,12,3528,0.2256,0,3,debt_consolidation,central,0
A202727,21,87378,3.6,4004,12,3238,0.0644,0,3,home_improvement,south,0
A202728,45,35100,3.8,14812,60,2994,0.127,0,4,car,south,0
A202729,29,50371,2.6,53442,36,1200,0.3656,0,3,car,north,0
A202730,54,45090,3.1,15248,12,573,0.3445,3,1,education,north,1
A202731,35,39412,2.4,9649,12,3033,0.2833,0,0,car,east,0
A202732,38,24083,8.7,5923,60,4764,0.1481,0,2,car,south,0
A202733,25,61863,3.1,6159,12,9481,0.1762,0,0,debt_consolidation,central,0
A202734,51,29188,3.5,12076,24,3161,0.261,0,3,medical,east,0
A202735,38,51818,1.2,2146,24,6157,0.0801,3,0,education,east,1
A202736,51,41468,1.0,8021,48,1348,0.0646,1,2,medical,south,1
A202737,34,35033,4.3,6589,60,2681,0.0759,0,1,debt_consolidation,north,0
A202738,40,72292,1.9,10126,36,4093,0.075,0,0,home_improvement,central,0
A202739,24,52395,5.4,23362,48,10511,0.2118,2,0,debt_consolidation,north,1
A202740,33,64083,6.2,20777,60,1663,0.0778,0,2,home_improvement,north,0
A202741,28,55703,3.4,33242,48,2785,0.1742,0,0,debt_consolidation,central,0
A202742,31,28818,8.7,12452,12,632,0.4431,0,0,debt_consolidation,north,0
A202743,46,48415,6.2,14680,24,4113,0.1941,1,4,medical,north,0
A202744,28,18942,6.6,14948,12,7244,0.9804,0,2,other,central,0
A202745,51,36298,3.2,25592,48,9985,0.3138,0,0,car,central,1
A202746,22,51961,1.0,7219,60,3022,0.0569,0,0,other,north,0
A202747,36,64527,5.6,5008,24,24418,0.228,0,2,medical,east,0
A202748,57,79499,2.8,7486,12,8410,0.1471,2,1,medical,central,1
A202749,52,41342,3.2,11676,48,22604,0.344,0,0,debt_consolidation,east,0
A202750,38,88797,8.5,19378,60,4902,0.0712,1,1,home_improvement,east,0
A202751,51,18709,3.3,1993,48,6292,0.1948,0,0,home_improvement,east,0
A202752,37,76118,7.9,8397,24,14862,0.1528,1,0,medical,north,0
A202753,36,74219,3.7,24166,36,3411,0.1315,0,0,debt_consolidation,central,0
A202754,27,128137,3.8,7209,36,530,0.0208,0,0,debt_consolidation,east,0
A202755,44,64495,1.1,6265,36,18482,0.1757,0,0,other,south,0
A202756,42,35529,4.3,16570,24,354,0.2382,0,0,other,central,0
A202757,35,48014,7.0,12992,48,2504,0.0937,0,5,other,east,1
A202758,38,48615,1.5,6680,60,39732,0.4361,2,2,medical,east,1
A202759,36,37885,1.7,7939,12,2792,0.2464,0,2,debt_consolidation,central,1
A202760,21,82411,4.9,20650,12,7061,0.2934,0,4,debt_consolidation,north,1
A202761,21,26935,5.6,10534,36,3342,0.1924,1,1,debt_consolidation,north,0
A202762,25,57008,2.0,12690,36,3707,0.1067,0,1,education,east,0
A202763,41,48673,2.0,9849,36,5590,0.1249,0,1,car,south,0
A202764,40,47113,2.1,25034,12,7265,0.6085,0,1,home_improvement,south,0
A202765,34,47994,5.9,4885,48,4069,0.0678,1,1,car,south,0
A202766,22,77364,3.6,4923,24,7556,0.0807,0,3,debt_consolidation,north,0
A202767,41,77447,13.4,9944,36,775,0.0478,0,0,debt_consolidation,central,0
A202768,45,46776,2.2,11601,48,1996,0.0833,1,3,home_improvement,north,0
A202769,46,75531,2.5,42756,24,7379,0.3319,0,1,medical,north,0
A202770,39,45835,3.3,7807,48,2007,0.0645,0,0,education,south,0
A202771,33,23896,7.4,9753,36,8821,0.3206,0,3,education,central,0
A202772,40,23410,8.3,18884,60,14610,0.4734,0,1,other,central,0
A202773,26,24865,2.2,3315,24,810,0.0829,1,2,debt_consolidation,central,0
A202774,44,53925,7.4,3449,12,3526,0.0967,0,3,education,central,0
A202775,44,18922,10.5,2806,48,515,0.0507,1,1,debt_consolidation,east,0
A202776,47,57342,2.7,9286,12,2925,0.1874,0,1,other,north,0
A202777,38,148897,8.3,25183,36,4313,0.0709,0,0,debt_consolidation,south,0
A202778,21,65337,7.8,7624,60,6790,0.0753,0,0,debt_consolidation,east,0
A202779,35,41965,0.4,5400,24,3108,0.1014,0,1,debt_consolidation,central,0
A202780,39,84561,2.4,13572,24,414,0.0827,0,0,debt_consolidation,north,0
A202781,32,58554,7.4,21633,48,1306,0.1035,0,0,debt_consolidation,south,0
A202782,58,40544,1.1,7690,12,12264,0.3409,0,3,other,north,0
A202783,38,69275,24.6,27423,60,41468,0.3785,0,4,debt_consolidation,central,0
A202784,21,56648,5.9,4749,12,1274,0.0951,0,0,car,north,0
A202785,62,48455,1.8,10713,24,16912,0.2851,0,0,home_improvement,east,0
A202786,30,37574,1.7,3919,36,2657,0.0701,1,0,home_improvement,north,0
A202787,21,38544,2.2,2967,48,579,0.0268,0,1,debt_consolidation,south,1
A202788,40,43626,2.0,2857,48,5434,0.0787,0,0,other,south,0
A202789,36,78835,5.4,15285,60,1218,0.0465,0,3,car,south,0
A202790,51,38047,1.0,10266,60,10546,0.1926,0,5,education,north,0
A202791,39,42337,3.2,13400,24,17553,0.3656,0,0,debt_consolidation,central,1
A202792,21,30997,9.8,16072,48,2688,0.173,0,1,other,south,0
A202793,21,37174,6.2,9921,36,7626,0.1915,0,0,car,central,1
A202794,37,36726,1.9,12485,48,2746,0.1224,0,1,home_improvement,east,0
A202795,34,40718,6.1,2711,36,9148,0.1345,0,0,car,east,0
A202796,33,75689,0.2,6628,48,1198,0.0298,0,0,debt_consolidation,south,0
A202797,40,40702,2.7,34374,60,1897,0.1922,0,1,education,east,0
A202798,36,72690,6.9,8941,36,12502,0.127,0,1,medical,south,1
A202799,31,107831,5.9,34277,24,727,0.1623,1,0,debt_consolidation,east,0
A202800,26,34327,11.6,4374,24,2987,0.1072,1,3,education,east,0
A202801,25,37298,2.3,6885,36,3128,0.1035,0,4,medical,north,0
A202802,42,65654,5.8,4749,12,107341,0.8898,0,0,car,north,0
A202803,42,72167,6.1,15413,36,4724,0.1039,0,0,home_improvement,east,0
A202804,37,60538,10.9,5248,48,1084,0.0306,0,0,car,east,0
A202805,26,23098,14.8,5355,24,4367,0.2105,0,0,education,central,0
A202806,36,92751,4.5,20170,24,10148,0.1634,0,1,debt_consolidation,east,0
A202807,36,49251,6.1,4258,48,30992,0.3362,0,0,home_improvement,east,0
A202808,39,61003,5.8,6360,60,13626,0.1325,2,1,home_improvement,north,0
A202809,26,37375,1.6,7274,12,1918,0.2203,0,0,debt_consolidation,central,0
A202810,26,50176,4.9,9121,60,10558,0.1416,0,1,home_improvement,central,0
A202811,38,41059,4.6,19050,60,30951,0.4697,0,2,debt_consolidation,east,0
A202812,42,43251,7.3,18845,24,4308,0.2677,0,3,other,north,0
A202813,40,36522,0.7,19349,12,1700,0.5531,0,2,debt_consolidation,north,0
A202814,31,45996,1.7,5015,36,14127,0.1899,2,1,debt_consolidation,east,0
A202815,32,29608,1.5,3487,48,8809,0.1782,0,5,car,south,0
A202816,21,74384,6.2,5313,24,1587,0.0464,0,0,other,north,0
A202817,36,30248,0.6,11010,36,6753,0.233,1,0,debt_consolidation,north,0
A202818,36,48505,4.1,2536,24,66990,0.7167,1,3,medical,east,0
A202819,45,32881,5.6,54062,36,4957,0.6234,0,0,debt_consolidation,east,0
A202820,36,25733,3.1,6082,36,10277,0.2785,0,0,debt_consolidation,south,0
A202821,34,92741,7.4,5419,60,3165,0.0287,0,0,car,north,0
A202822,36,119935,4.3,3177,48,30854,0.1353,0,4,medical,central,0
A202823,44,59939,10.4,13100,60,13101,0.153,0,1,other,north,0
A202824,62,102748,3.2,4826,48,6974,0.0457,0,2,education,central,0
A202825,24,62283,1.7,20805,12,15217,0.4562,0,2,other,south,0
A202826,47,51014,3.0,10459,36,16859,0.2336,0,2,home_improvement,north,1
A202827,30,63626,3.5,11351,60,5895,0.082,0,0,home_improvement,north,0
A202828,33,22245,7.1,9126,24,2569,0.2629,1,4,education,north,0
A202829,54,27514,1.3,13508,24,2338,0.288,1,0,home_improvement,central,1
A202830,31,25582,1.9,13556,12,4153,0.6111,0,1,home_improvement,central,1
A202831,44,93060,2.2,4365,24,706,0.0272,0,1,car,central,0
A202832,52,83307,1.3,9100,60,1215,0.0291,0,1,other,east,0
A202833,58,28463,4.9,9967,36,5724,0.2173,0,2,other,east,0
A202834,41,79000,7.8,8548,60,16829,0.1282,1,1,home_improvement,south,0
A202835,55,93973,10.6,12549,60,3450,0.0451,0,0,car,south,0
A202836,34,240000,2.0,16421,60,1228,0.0162,0,2,other,south,0
A202837,29,33239,7.0,5351,12,1673,0.1862,0,4,car,north,1
A202838,27,58771,2.2,5781,60,3115,0.0462,0,0,other,south,0
A202839,41,80880,5.5,15409,12,7119,0.2345,0,4,other,central,0
A202840,37,80121,5.3,9452,48,6253,0.0685,0,0,debt_consolidation,east,0
A202841,28,94649,2.4,2708,36,1245,0.0161,0,1,car,central,0
A202842,21,102651,3.2,2899,24,8853,0.0572,0,0,debt_consolidation,east,0
A202843,57,50514,1.7,23150,12,3976,0.4976,0,1,medical,east,1
A202844,56,91866,1.2,7346,36,14729,0.1068,0,0,home_improvement,north,0
A202845,45,46157,8.8,8593,60,990,0.048,3,5,other,east,1
A202846,21,46358,1.5,24342,60,2449,0.1314,0,0,medical,south,0
A202847,44,42492,13.5,12115,60,5611,0.123,0,0,debt_consolidation,east,0
A202848,45,42703,2.9,14646,48,1342,0.1015,0,0,debt_consolidation,north,0
A202849,45,38444,2.0,11135,12,1111,0.3041,2,0,education,east,0
A202850,34,56367,4.5,13108,60,1818,0.0626,1,0,debt_consolidation,central,0
A202851,60,65918,2.5,2473,36,30269,0.2421,0,0,medical,south,0
A202852,40,47507,1.8,5410,48,17471,0.2123,0,3,car,south,0
A202853,34,84972,3.1,7450,12,3122,0.106,0,2,debt_consolidation,south,0
A202854,30,63934,8.9,7654,12,780,0.1258,1,2,other,central,0
A202855,25,33750,3.4,5720,60,8414,0.1585,0,2,education,north,0
A202856,21,74939,3.0,8672,12,2969,0.1355,0,1,medical,south,0
A202857,23,79545,3.3,6115,24,3107,0.058,0,1,home_improvement,central,0
A202858,28,126562,3.7,3481,12,4315,0.0446,0,0,car,north,0
A202859,41,31897,11.0,9465,60,2883,0.1045,0,1,home_improvement,north,0
A202860,62,47851,5.1,35919,60,2889,0.1803,0,1,car,central,0
A202861,38,73969,1.3,2834,12,7083,0.0862,0,2,debt_consolidation,north,0
A202862,31,41081,7.0,5470,12,1074,0.1462,0,5,debt_consolidation,north,0
A202863,37,28365,3.9,24240,24,11672,0.633,0,2,debt_consolidation,east,1
A202864,48,41807,3.2,12713,60,11003,0.1924,1,1,car,east,0
A202865,29,72844,2.8,6676,24,53930,0.416,0,1,debt_consolidation,north,0
A202866,40,25148,15.5,3452,48,938,0.053,0,0,car,south,0
A202867,38,24708,5.0,10494,36,3098,0.2043,0,1,medical,central,0
A202868,44,86784,1.2,9388,48,2133,0.0393,0,0,debt_consolidation,south,0
A202869,48,48910,1.1,15916,24,2640,0.1897,2,0,car,east,1
A202870,32,31775,0.3,8305,36,5588,0.1751,0,0,car,south,0
A202871,56,86524,4.2,7810,60,17623,0.1199,0,4,home_improvement,south,0
A202872,48,41201,8.0,6799,12,817,0.1749,1,0,home_improvement,north,0
A202873,40,76101,1.1,17602,48,5464,0.0937,1,2,home_improvement,central,0
A202874,34,38454,8.6,7185,48,17421,0.2732,0,3,other,east,0
A202875,28,72814,6.6,10060,12,1383,0.1477,0,2,home_improvement,central,0
A202876,36,19397,2.8,11851,12,2267,0.6694,0,1,car,south,1
A202877,32,61085,2.7,3593,24,3514,0.0582,3,0,home_improvement,south,0
A202878,51,34613,7.5,8589,12,39977,0.8256,1,0,home_improvement,east,0
A202879,29,40892,1.6,7080,60,8405,0.1374,0,1,medical,central,0
A202880,57,47101,5.0,7797,24,20947,0.3051,0,3,debt_consolidation,east,0
A202881,37,53841,7.1,15854,24,7562,0.2175,0,0,car,east,0
A202882,30,49546,5.9,3814,12,17248,0.251,0,0,car,south,0
A202883,31,26039,10.1,17082,24,1339,0.3537,1,4,other,central,0
A202884,42,53618,2.8,10929,48,3185,0.0807,0,2,car,central,0
A202885,21,41882,1.7,13133,12,10926,0.444,0,0,other,north,0
A202886,22,46177,8.6,2314,24,1252,0.0386,1,2,education,central,0
A202887,41,36775,3.3,22260,48,7117,0.2481,1,1,home_improvement,north,0
A202888,35,33683,12.0,22317,24,27521,0.7398,2,4,car,north,1
A202889,48,31438,2.0,9412,48,6815,0.1832,0,0,car,central,0
A202890,43,34032,2.8,20656,12,656,0.6166,1,2,education,east,0
A202891,35,78084,9.2,10735,36,6187,0.0854,0,0,debt_consolidation,central,0
A202892,31,35982,8.2,31792,24,4696,0.507,0,0,car,north,0
A202893,47,76332,1.7,26491,24,23599,0.3281,0,1,car,south,0
A202894,41,178984,7.1,3863,24,11142,0.0419,1,3,home_improvement,south,0
A202895,51,44397,0.3,11112,48,5489,0.1244,0,1,car,central,0
A202896,47,49319,2.5,5890,12,4420,0.1642,0,4,other,south,0
A202897,39,45224,8.9,6209,36,7427,0.1279,0,1,medical,north,0
A202898,25,41502,4.3,5893,24,4406,0.1241,1,4,debt_consolidation,east,0
A202899,29,44542,0.9,6719,60,7236,0.1114,0,1,car,north,0
A202900,33,28841,1.8,22812,24,15031,0.6561,1,0,car,central,0
A202901,47,61284,5.6,4891,36,3265,0.0532,0,0,car,south,0
A202902,30,55236,8.6,10178,12,398,0.1879,1,0,car,central,0
A202903,43,32486,12.0,3627,12,1011,0.1272,0,2,car,east,1
A202904,42,34157,0.9,7168,60,875,0.0548,0,4,medical,central,0
A202905,34,138796,2.3,8912,36,3006,0.0322,0,0,car,north,0
A202906,27,101574,7.6,12948,48,31621,0.1875,0,3,debt_consolidation,east,0
A202907,39,78326,8.2,5144,12,21079,0.2002,0,2,medical,central,0
A202908,42,30526,2.8,24036,48,6081,0.2965,0,2,home_improvement,north,0
A202909,48,54929,12.4,22336,36,3254,0.1652,0,0,education,east,0
A202910,46,39818,5.2,6485,12,19059,0.4022,0,1,debt_consolidation,central,0
A202911,33,70993,3.5,12837,60,3144,0.0583,0,0,debt_consolidation,east,0
A202912,44,31220,3.8,9629,60,4041,0.1264,2,0,other,south,0
A202913,43,44471,5.9,6456,36,13223,0.1971,0,1,medical,north,0
A202914,33,88338,4.0,9242,60,4075,0.044,0,0,home_improvement,north,0
A202915,43,93891,2.6,10582,36,6700,0.0732,0,2,education,central,0
A202916,22,103414,1.4,5585,60,5305,0.0365,1,0,car,north,0
A202917,55,97921,4.6,2477,48,4522,0.0294,0,1,car,central,0
A202918,29,70916,4.9,7908,48,2826,0.0478,0,3,car,east,0
A202919,38,27565,7.8,6855,48,1929,0.0972,1,0,medical,east,0
A202920,43,92230,3.9,9354,60,5150,0.0482,2,0,home_improvement,north,0
A202921,41,28240,0.7,3816,60,6748,0.1465,0,1,other,north,0
A202922,46,101966,1.5,4721,36,2551,0.0279,1,2,debt_consolidation,central,0
A202923,30,18676,2.3,10244,36,9568,0.439,0,0,car,south,0
A202924,48,45374,4.3,2878,60,13838,0.1652,0,2,other,north,0
A202925,24,58963,6.6,15507,24,4324,0.1682,0,1,medical,central,0
A202926,42,27624,3.0,34064,60,1942,0.2818,0,1,medical,central,0
A202927,35,88758,8.4,3317,12,934,0.0426,0,1,car,south,0
A202928,41,141761,2.9,25412,12,4705,0.1959,0,1,car,north,0
A202929,54,98796,0.6,8684,36,7493,0.0672,0,2,debt_consolidation,central,0
A202930,30,23941,3.2,5116,24,8169,0.2775,0,0,car,south,0
A202931,43,31088,2.0,10275,60,875,0.0802,0,0,debt_consolidation,central,0
A202932,21,32713,7.8,9427,36,4155,0.1596,0,1,car,central,0
A202933,35,47482,10.8,5848,36,25917,0.314,0,0,education,south,0
A202934,30,19780,2.2,21854,12,53733,1.2,2,2,debt_consolidation,central,1
A202935,41,52741,5.0,6400,36,6823,0.1051,0,2,education,east,0
A202936,21,42667,0.9,10248,24,1042,0.1323,0,0,home_improvement,east,0
A202937,36,79345,2.1,10201,24,1212,0.0719,0,0,debt_consolidation,south,0
A202938,41,38858,5.0,7674,24,10823,0.238,0,0,car,east,0
A202939,40,29997,2.0,20623,12,1517,0.7128,0,1,education,east,0
A202940,45,33263,2.8,5692,48,3615,0.0971,0,4,home_improvement,east,0
A202941,45,57877,2.0,7413,48,18594,0.1927,0,0,other,central,1
A202942,34,60452,3.9,4183,48,9037,0.092,0,0,medical,east,0
A202943,36,34521,4.2,8987,24,14861,0.3454,0,1,other,south,0
A202944,27,53723,3.4,5858,60,1391,0.0348,1,2,debt_consolidation,east,0
A202945,37,38858,5.6,13313,60,15330,0.2658,0,3,debt_consolidation,south,0
A202946,40,52745,8.1,8257,12,16757,0.3154,0,0,debt_consolidation,south,0
A202947,28,54462,2.2,4964,24,2902,0.0722,0,2,debt_consolidation,central,0
A202948,37,86849,6.7,7317,24,5559,0.0741,0,0,education,south,0
A202949,41,40897,0.3,28720,24,5384,0.4169,0,0,car,south,0
A202950,33,58033,1.1,32926,24,28290,0.5274,0,4,car,north,0
A202951,35,48828,5.4,6012,12,178,0.1249,0,1,car,south,0
A202952,33,24055,7.9,6418,36,8764,0.2711,2,0,debt_consolidation,north,1
A202953,39,136368,4.1,11288,12,4709,0.1,0,1,home_improvement,north,0
A202954,46,47257,8.2,3316,24,11712,0.159,0,0,home_improvement,south,0
A202955,21,84483,4.7,9967,60,17705,0.1284,1,0,other,south,0
A202956,21,52295,4.8,10743,12,1455,0.2193,0,5,debt_consolidation,north,0
A202957,45,69041,9.9,21670,24,734,0.1623,0,2,medical,east,0
A202958,32,19723,7.0,3533,48,6410,0.2073,0,3,debt_consolidation,south,0
A202959,44,53690,10.7,9230,60,2351,0.0563,0,3,education,central,0
A202960,32,103582,0.9,5112,60,2192,0.0205,1,1,debt_consolidation,central,0
A202961,62,205880,1.4,7867,24,13833,0.0527,0,0,home_improvement,north,0
A202962,38,42163,0.9,6172,36,5069,0.1089,1,1,home_improvement,east,0
A202963,36,19256,0.9,6473,12,3141,0.4177,0,1,car,south,0
A202964,21,79481,9.1,27576,48,667,0.0909,0,4,car,central,0
A202965,36,24659,12.2,8918,60,11663,0.3088,0,0,home_improvement,north,0
A202966,26,49736,7.0,5195,12,6574,0.1705,0,0,car,east,0
A202967,27,33428,3.2,8189,24,4691,0.1927,0,0,home_improvement,central,0
A202968,38,45027,4.4,12248,24,6714,0.2106,0,1,other,east,0
A202969,45,105299,3.0,12766,12,3514,0.1379,0,1,debt_consolidation,east,0
A202970,38,79513,14.2,27185,12,15275,0.4379,0,2,other,central,0
A202971,21,45541,2.5,5621,24,12678,0.2009,0,0,debt_consolidation,central,0
A202972,21,25579,2.6,17962,48,12692,0.4236,0,0,medical,north,0
A202973,44,16837,2.3,7640,24,535,0.2428,0,1,home_improvement,north,0
A202974,34,32858,9.8,26101,48,3041,0.2449,0,2,debt_consolidation,east,0
A202975,30,57046,4.5,6110,12,3873,0.1411,0,1,debt_consolidation,east,0
A202976,30,33938,2.9,14845,12,6273,0.5298,0,1,home_improvement,east,0
A202977,35,27244,5.0,15833,36,8915,0.3573,0,0,education,south,0
A202978,24,26495,6.4,8729,60,7660,0.2104,0,1,debt_consolidation,north,0
A202979,51,66164,4.4,23306,36,2131,0.1335,1,0,debt_consolidation,south,0
A202980,26,22057,1.7,8634,60,6663,0.2293,0,3,other,east,0
A202981,27,85155,4.7,12427,48,12956,0.1126,1,1,home_improvement,north,1
A202982,46,66223,3.2,14189,24,8645,0.1724,0,2,home_improvement,east,0
A202983,57,146103,4.1,3529,24,30917,0.1179,0,0,car,east,0
A202984,29,39202,2.8,14246,36,1572,0.1412,0,3,debt_consolidation,north,0
A202985,21,67981,4.0,15553,24,6645,0.1633,0,1,debt_consolidation,south,0
A202986,36,48893,6.2,7821,36,1159,0.0652,0,4,education,south,0
A202987,45,59747,11.0,12414,12,53700,0.6572,0,2,medical,north,0
A202988,46,82870,14.7,1946,12,12907,0.1014,0,4,car,east,0
A202989,53,45700,6.4,3387,36,1096,0.0367,0,0,home_improvement,east,0
A202990,21,93077,5.9,12208,24,2042,0.0765,0,0,education,south,0
A202991,32,57038,3.3,23309,48,2197,0.1214,1,2,car,south,0
A202992,29,44708,6.8,16234,60,1003,0.0838,0,1,car,central,0
A202993,39,54596,6.2,8857,24,946,0.0898,0,2,home_improvement,north,0
A202994,48,55166,8.9,4624,24,4302,0.0809,0,0,other,south,0
A202995,33,112010,2.8,17654,24,42604,0.269,0,1,debt_consolidation,central,0
A202996,33,66887,4.6,6296,24,11358,0.132,0,0,other,north,0
A202997,57,69237,7.2,24377,36,3903,0.1455,0,0,debt_consolidation,south,0
A202998,46,17736,11.2,17308,36,73891,1.2,0,1,car,south,1
A202999,52,29196,1.7,10308,48,12813,0.3077,0,0,medical,north,0
A203000,40,40708,14.2,8083,60,11393,0.1796,1,0,debt_consolidation,south,0
A203001,21,19598,3.6,5529,60,8481,0.2728,0,1,car,central,0
A203002,40,20068,5.4,8362,60,11384,0.367,0,1,debt_consolidation,north,0
A203003,36,52051,3.3,5428,36,1073,0.0451,0,0,home_improvement,north,0
A203004,29,19951,6.5,5635,36,8074,0.2965,0,0,debt_consolidation,north,0
A203005,51,14468,10.5,17891,36,4739,0.576,0,1,other,east,0
A203006,39,136872,3.7,13552,48,3766,0.0385,0,0,car,central,1
A203007,21,18630,1.4,11050,24,1457,0.3357,0,1,car,north,0
A203008,40,50075,5.0,3285,60,4150,0.0546,0,0,debt_consolidation,south,0
A203009,36,82486,4.7,9359,12,2398,0.128,0,2,home_improvement,north,0
A203010,36,33278,1.4,28794,48,8738,0.3476,0,2,home_improvement,east,0
A203011,60,86266,6.3,60000,36,36066,0.4409,0,0,home_improvement,east,0
A203012,39,12607,5.8,2313,12,56071,1.2,0,2,medical,east,1
A203013,41,14573,11.7,14585,48,4393,0.4009,0,1,other,south,0
A203014,56,116950,2.2,4363,60,13250,0.0641,0,0,car,south,0
A203015,42,31716,15.0,22912,36,648,0.251,0,2,debt_consolidation,east,0
A203016,21,46301,2.1,8292,24,4979,0.1433,0,1,car,east,0
A203017,55,48780,4.1,19467,24,6706,0.2683,0,2,education,central,0
A203018,55,71922,4.1,11574,12,332,0.1632,0,2,car,central,0
A203019,21,79774,4.0,17857,48,44040,0.332,1,3,debt_consolidation,north,1
A203020,34,32569,5.3,15151,48,8389,0.2451,0,3,debt_consolidation,south,1
A203021,30,27854,2.3,16876,36,2091,0.2395,0,0,debt_consolidation,north,0
A203022,45,134603,6.0,11639,60,3546,0.0305,0,0,medical,east,0
A203023,46,24978,8.1,2381,48,14283,0.3097,2,1,medical,east,0
A203024,47,77716,11.1,3526,48,1140,0.0187,0,3,home_improvement,central,0
A203025,42,94469,1.9,11633,48,5412,0.0594,0,4,debt_consolidation,central,0
A203026,25,28078,8.7,22996,36,4764,0.3578,0,3,education,south,0
A203027,34,53469,5.3,7834,12,11798,0.2568,0,0,debt_consolidation,north,0
A203028,42,27914,1.5,8363,48,2721,0.1236,1,3,car,central,1
A203029,36,27440,8.2,6676,36,5940,0.1893,0,1,medical,central,0
A203030,45,89528,2.2,7787,60,2709,0.0325,0,4,other,north,0
A203031,35,87492,1.9,6315,48,4865,0.0458,2,1,home_improvement,central,0
A203032,21,108288,2.8,2042,24,6609,0.0399,2,2,car,central,0
A203033,21,41505,1.7,7923,24,8805,0.2015,0,0,education,east,0
A203034,37,51129,0.9,11540,36,1162,0.0866,0,1,debt_consolidation,central,0
A203035,23,74975,4.1,11247,36,2815,0.0688,0,4,home_improvement,south,0
A203036,43,108985,5.6,30321,12,754,0.2817,0,3,home_improvement,east,0
A203037,45,45026,0.8,7154,48,17197,0.2307,0,1,medical,central,0
A203038,28,26811,8.0,8562,12,11256,0.5293,0,4,debt_consolidation,north,1
A203039,35,21983,7.1,6028,36,1730,0.1308,0,3,debt_consolidation,south,0
A203040,48,54759,17.5,22272,48,1508,0.1155,0,0,medical,east,0
A203041,38,134202,3.6,18201,12,2843,0.1462,0,1,debt_consolidation,central,0
A203042,44,40165,6.6,13357,12,15086,0.5204,0,1,debt_consolidation,north,0
A203043,21,99397,3.7,11453,24,6940,0.0925,0,0,debt_consolidation,central,0
A203044,26,31738,1.9,7810,48,1726,0.0887,0,0,car,east,0
A203045,54,44989,16.2,6867,12,972,0.1634,0,5,medical,north,0
A203046,21,73489,0.8,7897,60,2524,0.0387,0,0,education,north,0
A203047,48,46297,0.4,18134,24,4258,0.2418,0,1,car,north,0
A203048,58,47421,8.7,1814,12,13154,0.1769,0,4,medical,east,0
A203049,40,83339,0.7,16108,24,10276,0.1583,0,0,other,south,1
A203050,23,52609,7.3,5205,24,5559,0.1023,0,2,education,central,0
A203051,47,43712,1.6,6235,12,2915,0.176,0,1,debt_consolidation,east,0
A203052,42,90587,3.7,10475,60,739,0.0272,0,0,debt_consolidation,central,0
A203053,47,27025,4.7,17911,48,7691,0.308,0,2,debt_consolidation,east,0
A203054,21,27219,3.7,6273,36,8258,0.2285,0,2,education,east,0
A203055,35,45151,3.5,6733,60,2876,0.0617,0,2,education,east,1
A203056,31,20221,2.4,11951,60,15521,0.502,2,1,debt_consolidation,central,0
A203057,42,98980,3.0,8760,12,1173,0.0944,2,0,education,north,1
A203058,33,60229,0.5,8823,48,7298,0.0972,0,0,car,central,0
A203059,37,43522,10.2,5011,12,1784,0.1356,1,0,car,north,0
A203060,32,52087,1.4,27183,60,3399,0.137,0,3,car,east,0
A203061,39,29760,5.6,3223,60,2382,0.0617,0,1,car,east,0
A203062,25,46125,7.8,12343,60,4052,0.0974,0,0,debt_consolidation,east,0
A203063,37,44226,5.4,8171,24,7345,0.1754,0,0,debt_consolidation,central,0
A203064,40,59695,0.7,6032,48,95285,0.8234,0,0,home_improvement,south,0
A203065,44,38180,8.3,4151,12,2067,0.1358,0,0,education,north,0
A203066,60,50450,7.0,9686,12,6787,0.2593,0,4,home_improvement,north,0
A203067,42,65616,4.3,3572,36,2205,0.0349,0,0,education,south,0
A203068,52,75558,3.7,3456,36,19717,0.1457,1,2,debt_consolidation,east,0
A203069,38,40977,7.0,5187,48,3509,0.0745,0,0,debt_consolidation,north,1
A203070,21,46707,2.5,6647,12,10802,0.2579,0,2,home_improvement,south,0
A203071,41,21476,10.5,34124,12,55596,1.2,0,1,other,central,1
A203072,23,155660,6.7,12884,36,14793,0.0751,1,0,home_improvement,central,0
A203073,35,74367,17.1,6296,36,14244,0.124,0,1,debt_consolidation,east,0
A203074,30,26873,7.2,9895,12,7004,0.4985,0,0,debt_consolidation,central,0
A203075,27,47057,2.5,3553,24,4055,0.0808,0,0,debt_consolidation,east,0
A203076,40,150762,10.3,2293,36,1149,0.0089,0,1,medical,south,0
A203077,34,33707,7.1,13868,60,5398,0.1624,0,0,home_improvement,north,0
A203078,45,98538,15.6,10994,36,4623,0.0606,0,1,car,central,0
A203079,36,76006,4.9,6155,36,21411,0.1678,0,2,home_improvement,north,0
A203080,42,47550,5.3,6971,36,5255,0.1041,3,1,car,south,0
A203081,28,60538,2.7,7680,24,2123,0.081,0,0,car,south,0
A203082,41,37895,6.8,16067,48,20865,0.3813,0,0,other,south,0
A203083,29,75053,2.1,2604,24,1457,0.0271,0,1,debt_consolidation,east,0
A203084,35,58025,3.7,4577,48,582,0.0247,0,2,car,north,0
A203085,66,95531,6.6,26308,24,4189,0.1596,1,1,education,central,0
A203086,53,80009,5.0,1889,12,2588,0.0398,1,1,debt_consolidation,north,0
A203087,38,94534,5.0,29434,12,6926,0.348,0,0,home_improvement,central,0
A203088,29,36231,4.9,9869,36,28215,0.4802,1,0,debt_consolidation,east,0
A203089,31,35380,2.9,60000,36,1457,0.5859,0,1,education,south,0
A203090,33,69155,1.2,24447,36,5854,0.1602,0,0,car,central,0
A203091,28,157596,6.2,33626,36,5096,0.0873,2,2,other,central,0
A203092,38,91193,1.2,5435,48,503,0.0177,0,0,car,north,0
A203093,34,45569,3.2,3627,60,5286,0.0739,0,3,debt_consolidation,east,0
A203094,29,32450,11.8,6184,24,15142,0.3286,0,4,car,east,0
A203095,38,26932,10.8,5667,60,3298,0.1033,0,1,home_improvement,south,0
A203096,49,46882,14.0,4898,60,5641,0.0811,0,4,other,south,0
A203097,55,39592,0.3,5472,60,64341,0.8402,0,2,other,east,1
A203098,34,66621,7.0,1030,36,4499,0.0389,1,1,other,east,1
A203099,49,29047,5.8,13023,24,5341,0.3161,0,4,education,east,0
A203100,47,67060,5.3,8260,36,5045,0.0787,0,2,debt_consolidation,south,0
A203101,57,45811,1.0,4692,12,846,0.1117,0,0,car,east,0
A203102,43,72686,9.0,24310,12,7850,0.3885,0,2,medical,central,0
A203103,31,36811,7.0,8749,60,1515,0.0681,0,4,debt_consolidation,north,0
A203104,24,45872,2.3,2213,60,4219,0.0556,0,3,car,east,0
A203105,28,56577,11.2,5478,36,11312,0.1322,2,0,education,south,0
A203106,46,73772,4.9,9660,12,1767,0.1429,0,2,debt_consolidation,east,0
A203107,39,87503,7.2,5032,36,8217,0.0661,0,0,debt_consolidation,east,0
A203108,49,50180,3.5,6487,24,5414,0.1186,2,0,education,central,0
A203109,30,32425,0.7,3457,24,4180,0.1178,0,1,debt_consolidation,central,0
A203110,43,11585,1.3,7659,60,4387,0.3216,0,0,home_improvement,south,1
A203111,35,21331,5.5,7346,12,1805,0.3867,0,1,car,north,0
A203112,52,90037,4.7,3949,60,13180,0.082,0,0,other,east,0
A203113,21,60311,1.7,4494,48,8432,0.0885,1,2,education,south,0
A203114,32,44944,0.3,9610,60,4528,0.0931,1,0,debt_consolidation,east,0
A203115,21,98509,2.9,8301,12,16164,0.1663,0,4,education,south,0
A203116,41,30950,7.5,42732,12,2494,1.2,0,1,other,south,1
A203117,40,29359,21.5,5022,12,6108,0.2751,0,1,other,east,0
A203118,51,59322,6.8,18310,36,1511,0.1156,0,1,debt_consolidation,east,0
A203119,28,26043,3.0,7976,36,8826,0.2715,0,5,debt_consolidation,east,0
A203120,36,35108,3.9,10633,12,2910,0.3443,2,0,education,east,0
A203121,32,64396,4.8,8507,48,6143,0.0807,0,1,home_improvement,south,0
A203122,21,30607,11.1,24308,36,2283,0.302,0,0,education,south,1
A203123,47,64888,5.3,27892,60,10093,0.1637,0,3,debt_consolidation,east,0
A203124,36,17929,5.2,7588,12,4757,0.5559,1,1,debt_consolidation,central,1
A203125,39,31826,9.3,7885,36,7210,0.1959,0,0,home_improvement,south,0
A203126,31,57189,6.7,9609,36,1631,0.0703,0,0,car,east,0
A203127,34,49447,2.2,12514,24,5145,0.1786,0,0,debt_consolidation,south,0
A203128,24,143954,3.7,7163,12,4142,0.0641,0,0,home_improvement,north,0
A203129,35,146490,6.3,12741,36,163072,0.5856,0,2,car,central,0
A203130,33,75079,0.6,6367,24,6562,0.0861,0,5,debt_consolidation,north,0
A203131,43,23857,3.7,5544,12,16276,0.5735,0,3,medical,north,0
A203132,36,39258,3.5,16485,24,1831,0.2333,0,4,home_improvement,north,0
A203133,21,43679,4.5,14294,60,8869,0.167,0,2,education,central,0
A203134,26,94860,8.3,8680,36,3252,0.0476,0,0,debt_consolidation,east,0
A203135,24,240000,27.9,15705,12,9671,0.0856,0,1,debt_consolidation,central,0
A203136,32,33848,1.1,21282,60,9543,0.2667,0,3,debt_consolidation,north,1
A203137,43,29845,6.5,1243,60,3732,0.0709,0,0,other,east,0
A203138,39,35039,3.6,9484,48,4159,0.127,1,0,medical,east,1
A203139,35,32688,11.5,6418,12,1059,0.2125,0,2,debt_consolidation,east,0
A203140,36,40707,6.0,10919,36,2245,0.117,0,4,education,south,0
A203141,34,176638,2.5,34184,12,591,0.1952,0,3,car,south,0
A203142,41,49393,5.8,13130,12,28807,0.5574,0,3,debt_consolidation,central,1
A203143,26,31203,3.8,2736,60,4797,0.0944,1,0,debt_consolidation,east,0
A203144,31,51279,3.5,4948,48,7227,0.0946,0,2,medical,central,0
A203145,30,48402,9.4,2806,36,1778,0.0377,3,0,debt_consolidation,north,0
A203146,33,74573,2.6,5862,12,13824,0.1713,0,1,car,north,0
A203147,33,75369,10.7,4595,12,22449,0.2099,0,0,other,central,0
A203148,31,42313,0.8,31308,12,4084,0.7882,1,1,car,north,0
A203149,25,49031,4.8,7284,48,10597,0.1452,0,0,car,central,0
A203150,41,92036,5.6,2806,36,6881,0.0475,1,0,car,central,0
A203151,36,25208,2.3,5496,36,31661,0.7007,0,3,education,east,1
A203152,56,79482,4.2,7478,48,835,0.0288,0,1,debt_consolidation,central,0
A203153,36,69948,2.3,15634,48,6840,0.1048,0,0,debt_consolidation,south,0
A203154,31,136024,5.0,15750,60,4493,0.0397,1,4,home_improvement,south,1
A203155,48,42870,1.6,3905,24,3952,0.0916,2,2,other,central,0
A203156,47,62036,6.7,14616,48,1370,0.0699,0,0,medical,east,0
A203157,65,18951,10.6,6143,48,848,0.1034,0,1,other,east,0
A203158,29,52956,7.5,8395,36,2303,0.0746,0,2,debt_consolidation,south,0
A203159,39,61725,7.1,8650,48,70899,0.6093,0,1,education,north,1
A203160,36,44920,4.5,10949,36,9246,0.1842,0,0,debt_consolidation,north,0
A203161,47,64503,3.0,18825,48,9464,0.1463,0,2,car,north,0
A203162,57,63864,1.4,19234,36,5996,0.1473,0,3,education,central,0
A203163,38,33676,4.3,3391,48,1061,0.0409,0,2,car,north,0
A203164,31,47853,2.7,4548,24,23029,0.2881,0,4,debt_consolidation,central,1
A203165,21,30414,8.1,12416,24,9758,0.3645,0,2,other,east,0
A203166,21,21687,15.1,13547,60,20285,0.5926,0,3,home_improvement,east,0
A203167,44,74467,7.5,24253,12,8605,0.3835,0,0,debt_consolidation,east,0
A203168,21,97273,0.9,9184,36,1344,0.0384,0,1,debt_consolidation,east,0
A203169,36,21593,1.5,10514,36,6243,0.3069,0,0,education,south,0
A203170,36,77851,7.1,7571,12,6608,0.1397,0,1,car,south,0
A203171,24,52868,10.6,8226,60,13041,0.1545,0,0,debt_consolidation,north,0
A203172,28,34871,6.1,5695,12,2108,0.1935,3,1,debt_consolidation,central,1
A203173,24,61039,3.2,3140,48,1686,0.0267,0,0,debt_consolidation,east,0
A203174,44,28998,0.6,20181,48,983,0.1909,0,0,other,south,0
A203175,53,22221,3.1,5545,60,10158,0.2785,3,1,medical,south,1
A203176,63,46685,4.1,10570,36,14596,0.2318,0,0,other,north,0
A203177,22,52061,1.0,6804,48,6478,0.0949,2,3,other,south,0
A203178,29,30801,4.1,3357,48,889,0.0417,0,5,debt_consolidation,east,0
A203179,28,35325,4.6,33527,48,46436,0.8945,0,2,debt_consolidation,north,0
A203180,57,49788,7.6,7537,48,88824,0.9299,0,1,car,north,0
A203181,39,42010,3.8,8505,36,6152,0.1407,2,1,debt_consolidation,south,0
A203182,50,58159,3.6,9990,24,1412,0.098,0,2,home_improvement,east,0
A203183,60,94209,6.6,22608,12,3487,0.2585,0,2,debt_consolidation,north,1
A203184,36,46959,5.1,21457,36,1544,0.1688,0,1,debt_consolidation,central,0
A203185,51,68349,2.3,7606,24,22811,0.2225,0,2,debt_consolidation,east,0
A203186,31,33388,5.7,3754,60,15523,0.255,0,0,car,central,0
A203187,38,34178,3.9,7477,24,37467,0.6575,2,0,debt_consolidation,north,1
A203188,32,32673,1.8,16631,36,2468,0.2074,0,2,car,east,0
A203189,39,45554,4.0,4459,60,4040,0.0639,0,1,home_improvement,central,0
A203190,24,35353,3.1,5100,24,8647,0.1944,0,2,home_improvement,south,0
A203191,47,43792,0.8,19238,24,4142,0.2669,0,0,home_improvement,east,0
A203192,39,63454,4.6,15442,24,1761,0.1356,0,0,education,east,0
A203193,50,77046,1.2,7054,36,14384,0.1239,0,0,home_improvement,central,0
A203194,29,33553,4.4,23835,24,2148,0.3872,0,2,home_improvement,central,0
A203195,21,24407,5.6,12748,24,2007,0.3023,0,0,car,south,0
A203196,26,47814,10.4,3490,24,4254,0.081,0,1,debt_consolidation,east,0
A203197,42,49112,9.3,13449,48,2501,0.0939,1,3,debt_consolidation,east,0
A203198,34,26020,1.0,12244,24,626,0.2473,0,1,medical,north,0
A203199,41,47745,1.2,18318,36,6790,0.199,0,5,debt_consolidation,central,0
A203200,39,27216,5.8,19817,12,29968,1.2,0,4,education,north,1
A203201,38,39391,1.4,7116,60,1781,0.0587,0,0,car,south,1
A203202,33,37678,2.7,20527,48,1938,0.1619,0,0,debt_consolidation,north,0
A203203,48,60708,20.6,5122,60,2654,0.0387,1,1,debt_consolidation,south,0
A203204,30,49421,2.1,7735,12,1152,0.1682,1,0,debt_consolidation,south,0
A203205,66,52712,9.6,10795,36,10514,0.168,0,3,car,south,0
A203206,46,33688,4.7,9169,24,3782,0.1922,3,0,debt_consolidation,north,0
A203207,34,43390,3.0,2512,60,3127,0.0476,0,4,other,east,0
A203208,37,164066,4.0,21481,36,9435,0.0724,0,3,debt_consolidation,central,0
A203209,39,57432,2.6,16949,60,5463,0.1066,0,0,debt_consolidation,central,0
A203210,61,51924,7.3,5343,48,849,0.0339,0,0,home_improvement,east,0
A203211,42,48152,8.6,1000,48,6322,0.0708,0,3,education,east,0
A203212,62,47433,6.6,12218,24,5330,0.185,0,0,debt_consolidation,central,0
A203213,29,73609,1.9,6863,36,2799,0.0501,0,2,medical,central,0
A203214,38,68278,1.0,12890,36,2550,0.0816,0,0,other,east,0
A203215,36,41896,2.6,7504,36,30976,0.4294,0,1,home_improvement,central,0
A203216,28,23510,17.8,8807,12,5487,0.4913,2,3,car,south,1
A203217,42,70974,12.6,3644,12,18532,0.1819,0,0,debt_consolidation,south,0
A203218,21,49284,4.1,11844,36,6407,0.1451,0,0,debt_consolidation,north,0
A203219,39,48443,3.1,13537,12,3348,0.314,0,0,home_improvement,south,0
A203220,42,58818,16.3,8865,12,9785,0.2339,0,5,debt_consolidation,south,0
A203221,38,43721,6.0,3757,24,1146,0.0561,0,2,debt_consolidation,north,0
A203222,30,62169,0.8,18127,12,25939,0.5002,1,4,education,south,0
A203223,37,82335,2.3,4939,24,1749,0.0406,0,0,debt_consolidation,central,0
A203224,31,73241,11.3,6375,12,4894,0.1205,0,1,medical,north,0
A203225,21,46707,9.4,5278,12,7945,0.1981,0,2,car,north,0
A203226,25,44204,3.7,8677,12,1551,0.2138,0,2,debt_consolidation,central,0
A203227,30,31219,2.8,21187,24,3220,0.3909,0,0,other,south,0
A203228,42,62591,9.5,15043,24,631,0.1252,0,0,home_improvement,north,0
A203229,41,33130,9.3,6542,36,2277,0.1002,0,3,home_improvement,north,0
A203230,50,62001,3.2,22346,60,6789,0.1268,0,2,home_improvement,north,0
A203231,36,36736,3.0,5255,48,10060,0.1727,2,2,other,north,0
A203232,38,61325,5.1,6317,12,3111,0.1284,0,2,debt_consolidation,south,0
A203233,26,51600,4.1,12415,12,5031,0.2894,0,2,car,east,0
A203234,44,50310,5.2,14939,36,979,0.1087,0,2,education,north,0
A203235,65,61654,8.0,15234,24,4574,0.1606,0,0,education,east,0
A203236,35,142955,7.1,6052,12,4795,0.0591,0,2,other,south,0
A203237,32,32467,1.7,9291,12,18094,0.5648,0,1,car,east,0
A203238,33,35340,10.6,12319,12,233589,1.2,0,4,home_improvement,east,1
A203239,56,77320,12.7,11694,12,2607,0.1681,0,0,debt_consolidation,central,0
A203240,32,20573,4.3,32570,60,5903,0.4601,0,1,home_improvement,east,0
A203241,21,17618,3.1,4549,48,7297,0.2716,0,1,other,north,0
A203242,46,36567,7.1,9117,60,48567,0.7139,0,1,car,central,1
A203243,28,29613,0.2,28341,36,1826,0.3498,0,2,debt_consolidation,south,0
A203244,52,105017,5.4,14224,12,2207,0.146,0,2,education,north,0
A203245,52,184039,4.4,21033,60,9280,0.0481,0,2,home_improvement,east,0
A203246,29,56665,2.9,6764,60,3600,0.0556,0,0,car,east,0
A203247,34,20585,1.7,12238,36,16161,0.5907,0,2,car,south,0
A203248,57,49437,6.6,5602,60,1578,0.0386,0,5,home_improvement,north,0
A203249,36,26968,2.8,6348,36,7242,0.2127,1,3,other,east,0
A203250,32,48104,2.2,9513,24,2362,0.1234,0,0,education,east,0
A203251,32,51875,6.3,3545,24,6767,0.0994,0,0,medical,north,0
A203252,26,78367,9.1,6127,48,1524,0.0293,0,4,debt_consolidation,south,0
A203253,21,79190,5.6,5688,60,6052,0.0526,0,0,home_improvement,east,0
A203254,48,55862,3.3,7387,60,8295,0.1007,0,1,car,south,0
A203255,45,36730,4.4,11219,48,1922,0.1025,0,1,other,south,0
A203256,37,41110,0.6,6214,24,278,0.079,0,0,home_improvement,south,0
A203257,28,46844,2.5,31778,60,3146,0.1693,0,0,home_improvement,south,1
A203258,29,38982,3.7,19099,12,527,0.4967,0,4,medical,central,1
A203259,44,21804,8.3,17311,12,2051,0.841,0,2,debt_consolidation,central,1
A203260,30,79477,10.3,3947,60,13465,0.0946,0,0,home_improvement,south,0
A203261,31,90293,2.1,10030,60,2026,0.0334,0,1,medical,central,0
A203262,21,56219,1.3,12233,24,46815,0.5252,0,2,education,north,1
A203263,31,49604,4.6,3852,48,1716,0.0367,0,4,debt_consolidation,north,0
A203264,31,41173,5.0,3678,48,16489,0.2226,0,0,car,south,0
A203265,39,77510,14.6,1321,36,24091,0.1611,0,3,home_improvement,south,0
A203266,32,70422,3.8,4543,36,1602,0.0329,0,1,home_improvement,central,0
A203267,37,60634,5.4,15247,60,538,0.0547,0,1,other,north,0
A203268,37,44254,3.3,17881,24,15799,0.3805,0,3,home_improvement,east,0
A203269,61,100283,5.6,7189,60,30870,0.1683,0,5,other,east,0
A203270,27,41851,8.9,10822,48,9767,0.1813,0,1,home_improvement,south,0
A203271,37,76928,2.6,7750,48,3341,0.0469,0,3,other,east,0
A203272,24,78865,16.3,8313,60,3332,0.0422,0,0,car,central,0
A203273,41,50173,2.3,4161,60,2250,0.039,1,0,education,central,0
A203274,31,18649,6.3,11950,36,4074,0.3228,0,2,education,east,0
A203275,46,64100,2.7,5712,48,5290,0.0635,0,2,other,south,0
A203276,55,16141,2.9,17251,36,7872,0.6001,0,2,home_improvement,central,0
A203277,36,102714,1.7,4392,60,930,0.0131,0,4,debt_consolidation,central,0
A203278,39,70475,1.4,10683,24,17842,0.2024,0,3,debt_consolidation,south,0
A203279,28,110797,1.7,5997,48,6396,0.0424,0,2,education,central,0
A203280,45,60888,2.6,6947,24,6781,0.1127,2,2,car,north,0
A203281,37,54078,1.9,2215,24,829,0.0281,0,2,car,north,0
A203282,43,49956,2.4,20060,36,3443,0.1683,0,0,debt_consolidation,south,0
A203283,21,32071,4.3,6672,12,18275,0.493,1,3,home_improvement,north,1
A203284,43,27970,10.0,11597,36,6539,0.2551,0,1,debt_consolidation,east,0
A203285,51,31796,1.0,7061,60,5469,0.1304,1,1,debt_consolidation,north,0
A203286,27,41636,3.2,3232,12,2649,0.1094,0,0,education,north,0
A203287,33,36893,8.0,2023,36,1148,0.0338,0,3,other,east,0
A203288,39,50759,4.7,14849,36,4879,0.1456,0,4,home_improvement,east,0
A203289,33,45286,4.8,4201,24,10091,0.1578,0,4,car,east,0
A203290,34,59303,3.0,13717,36,2887,0.1014,1,0,debt_consolidation,north,0
A203291,45,24362,0.2,6480,60,1853,0.0912,1,2,debt_consolidation,south,0
A203292,34,51297,6.0,8699,36,2801,0.0838,1,2,other,central,0
A203293,39,104045,8.0,7758,24,11899,0.0945,0,0,car,central,0
A203294,31,32904,3.7,7135,24,2185,0.1416,0,0,car,central,0
A203295,39,58160,0.5,14846,48,11869,0.1659,0,2,debt_consolidation,north,0
A203296,37,16343,4.0,6136,24,20371,0.811,1,1,home_improvement,east,0
A203297,21,61776,6.7,12982,60,9446,0.1185,1,1,car,central,0
A203298,34,21536,3.2,8952,12,20364,0.8885,0,4,debt_consolidation,north,0
A203299,34,163334,6.6,4177,48,4698,0.0208,0,0,home_improvement,north,0
A203300,40,15710,4.0,3447,24,3960,0.2357,0,5,car,north,0
A203301,53,97298,9.3,7832,60,18496,0.1111,0,3,debt_consolidation,east,0
A203302,39,59755,8.5,6918,36,23461,0.2349,0,2,car,south,0
A203303,38,27428,3.7,13990,60,16123,0.3959,0,2,debt_consolidation,south,0
A203304,23,39224,6.0,6422,36,2522,0.0867,0,0,car,central,0
A203305,33,34953,4.6,7595,24,2231,0.1406,0,4,debt_consolidation,north,0
A203306,30,85523,3.8,11857,12,19114,0.2504,0,3,debt_consolidation,east,0
A203307,49,45552,4.1,5876,24,4494,0.1138,0,1,car,east,0
A203308,42,70577,10.0,6057,36,2588,0.0469,1,3,home_improvement,central,1
A203309,28,126159,1.2,15124,48,2837,0.0412,0,1,car,south,0
A203310,37,23000,1.1,13341,12,215,0.5847,0,1,debt_consolidation,east,1
A203311,32,24776,4.3,20756,36,10230,0.4857,0,1,debt_consolidation,central,0
A203312,45,38654,7.2,10987,48,318,0.0752,0,1,medical,north,0
A203313,29,39340,14.9,5164,36,21144,0.3125,0,0,home_improvement,north,0
A203314,31,34317,19.7,10644,12,2645,0.3487,0,4,debt_consolidation,central,0
A203315,21,30463,5.9,4270,60,2348,0.0666,0,0,car,central,0
A203316,47,25111,2.4,20292,36,117906,1.2,1,0,education,east,1
A203317,33,57994,2.6,9792,12,4164,0.2047,0,3,debt_consolidation,south,0
A203318,36,74851,5.4,6503,48,5102,0.0558,0,2,home_improvement,north,0
A203319,43,40642,2.7,3479,12,6528,0.1659,0,1,education,east,0
A203320,39,34945,10.8,5176,24,5518,0.153,0,0,debt_consolidation,north,0
A203321,45,64304,1.5,7662,12,20445,0.2781,0,0,home_improvement,central,0
A203322,33,37575,10.4,14474,24,2266,0.2228,2,2,debt_consolidation,east,1
A203323,58,51501,7.0,12181,48,1548,0.0742,0,2,medical,central,0
A203324,47,70229,4.3,9218,12,36768,0.393,0,0,medical,east,0
A203325,37,32389,6.2,4325,48,5794,0.1228,0,1,debt_consolidation,east,0
A203326,36,82552,3.2,7017,36,30109,0.2107,0,1,debt_consolidation,north,0
A203327,30,62986,1.7,4500,36,6866,0.0783,0,0,education,south,0
A203328,50,54435,5.0,4104,60,2979,0.0424,0,0,debt_consolidation,north,0
A203329,31,59678,20.0,4669,24,4433,0.0763,1,0,home_improvement,central,0
A203330,50,51184,8.9,8377,24,26674,0.3424,1,0,education,north,0
A203331,41,41716,2.7,3616,36,6515,0.107,1,3,other,east,0
A203332,29,52445,9.2,9952,60,3174,0.0682,0,1,debt_consolidation,north,0
A203333,47,16477,9.3,18339,36,639,0.3904,0,1,other,north,0
A203334,57,58026,8.4,5738,24,13066,0.162,2,1,car,central,0
A203335,35,33010,1.4,34244,48,3409,0.311,0,2,other,north,0
A203336,21,23010,3.0,23061,36,3699,0.4145,0,1,home_improvement,central,0
A203337,40,32714,2.9,9212,12,2559,0.3207,0,1,other,north,0
A203338,56,64170,5.2,34509,60,6771,0.1603,0,0,home_improvement,east,0
A203339,38,67514,1.3,6695,12,3265,0.1233,0,0,home_improvement,central,0
A203340,52,40259,0.7,5957,36,1822,0.072,0,0,car,north,0
A203341,46,69518,2.2,7004,24,2576,0.0689,0,1,medical,central,0
A203342,21,134537,4.1,13074,60,35140,0.15,0,1,debt_consolidation,central,0
A203343,39,74975,5.0,31076,24,2977,0.2271,0,0,debt_consolidation,north,0
A203344,37,42291,1.8,9558,12,4131,0.2748,1,1,other,central,0
A203345,49,93557,2.1,9948,48,33183,0.2039,0,2,home_improvement,north,1
A203346,27,53318,3.3,4010,60,5140,0.0632,1,1,other,east,0
A203347,40,43135,1.7,8468,60,33291,0.4252,1,0,home_improvement,south,0
A203348,28,30846,8.6,2009,12,4877,0.1442,1,2,home_improvement,east,0
A203349,31,53499,0.9,6331,48,6967,0.0947,0,0,home_improvement,north,0
A203350,26,20958,10.3,5816,48,2132,0.1202,0,0,education,north,0
A203351,35,79412,5.8,8798,12,15749,0.2099,0,1,other,east,0
A203352,39,26885,0.9,10129,48,6429,0.2138,0,0,debt_consolidation,south,0
A203353,25,41032,3.1,5821,24,4244,0.1226,0,1,other,east,0
A203354,50,74520,4.0,12386,48,10353,0.111,0,2,car,south,0
A203355,47,83369,3.8,3273,36,6149,0.05,0,0,car,central,0
A203356,48,87793,1.4,24199,60,2720,0.0706,0,2,debt_consolidation,north,0
A203357,50,131200,4.8,31618,36,13872,0.1332,0,4,other,north,0
A203358,37,45883,2.5,4376,36,7102,0.1092,0,0,debt_consolidation,central,0
A203359,44,30699,5.3,12324,24,10152,0.3661,0,0,debt_consolidation,central,1
A203360,63,23111,9.0,14141,12,8341,0.7923,0,2,debt_consolidation,east,0
A203361,21,103321,3.7,2271,36,3330,0.0234,0,4,car,central,0
A203362,36,36408,1.6,8686,24,23308,0.4394,0,0,other,north,0
A203363,34,71249,8.6,9741,12,37411,0.3993,0,0,home_improvement,central,0
A203364,40,56427,10.5,15327,12,4693,0.3132,0,2,other,south,0
A203365,51,62014,4.2,2483,12,517,0.0442,0,4,other,east,0
A203366,32,64069,0.2,10926,12,12532,0.2683,0,0,car,south,0
A203367,28,51088,2.5,6563,48,12234,0.1519,0,5,education,central,0
A203368,40,90377,12.2,4173,36,1398,0.0231,0,0,debt_consolidation,north,0
A203369,39,29574,7.5,21102,48,7420,0.3038,0,0,education,central,0
A203370,51,24515,0.7,24750,36,2989,0.3975,0,4,other,east,0
A203371,71,43167,1.9,12285,12,25419,0.579,0,3,debt_consolidation,east,0
A203372,51,37124,6.9,3659,48,25116,0.3629,0,1,other,east,0
A203373,35,126677,2.8,9005,36,1489,0.0296,0,0,education,central,0
A203374,39,32313,10.2,8326,60,24398,0.4291,0,0,car,south,0
A203375,35,65473,5.5,32299,12,3556,0.5205,0,1,other,east,0
A203376,56,29019,1.3,7488,60,8502,0.1981,0,0,other,east,0
A203377,48,22319,1.7,13509,12,2614,0.6638,0,0,car,east,0
A203378,34,64231,2.9,9572,60,5346,0.0714,0,0,medical,south,0
A203379,37,114628,1.4,10752,12,1416,0.1,0,4,education,south,0
A203380,21,21261,12.9,3195,36,3454,0.1313,0,1,debt_consolidation,south,0
A203381,39,46352,3.6,10361,36,7075,0.1508,0,0,car,central,0
A203382,22,119802,2.3,14026,36,17770,0.1132,0,1,education,north,0
A203383,48,67842,9.8,6655,60,13694,0.1205,1,0,car,east,0
A203384,33,55893,10.7,17790,24,26005,0.3918,2,0,debt_consolidation,south,0
A203385,50,27040,6.0,4285,12,2033,0.1961,1,0,home_improvement,south,0
A203386,44,35358,3.7,8220,12,7802,0.3428,0,1,car,east,0
A203387,28,56397,3.2,9974,24,10960,0.1856,1,0,car,east,0
A203388,38,22000,1.2,20563,12,1468,0.968,0,2,medical,central,1
A203389,29,23379,4.3,5986,60,10954,0.2855,0,0,education,east,0
A203390,32,63619,1.4,6354,24,19985,0.207,0,0,car,south,0
A203391,38,68692,1.7,10628,12,5263,0.193,0,0,home_improvement,central,0
A203392,57,27679,7.5,18189,12,38132,1.2,0,1,home_improvement,south,0
A203393,41,116179,5.4,3290,24,3180,0.0278,0,0,debt_consolidation,north,0
A203394,45,91606,2.7,3940,12,27616,0.1937,2,1,home_improvement,central,0
A203395,53,75812,6.9,20027,24,1274,0.1405,0,2,education,central,0
A203396,21,64844,4.2,7126,36,16415,0.1632,0,1,debt_consolidation,central,0
A203397,41,44834,1.7,36703,48,21405,0.4434,0,0,medical,central,0
A203398,34,47493,6.2,4653,12,37370,0.4914,0,0,debt_consolidation,south,0
A203399,39,46288,8.5,7032,12,611,0.1585,0,4,debt_consolidation,north,0
A203400,36,31612,8.0,7078,12,4343,0.2926,0,0,debt_consolidation,north,0
A203401,38,80613,4.0,8535,24,78834,0.5419,0,3,car,north,0
A203402,28,32377,5.3,10271,60,1765,0.0907,2,1,car,east,0
A203403,29,26134,5.3,15318,60,15777,0.4191,1,0,debt_consolidation,central,0
A203404,22,21829,0.7,6175,60,8947,0.2615,0,1,education,north,0
A203405,34,49299,7.2,7224,12,11353,0.2617,0,2,home_improvement,north,0
A203406,43,58259,7.2,21909,36,6403,0.1803,0,0,education,central,0
A203407,54,22061,1.4,9460,36,7215,0.3065,0,1,other,east,0
A203408,28,25440,4.5,21604,12,18452,1.2,0,1,other,east,0
A203409,28,36937,1.8,11124,48,14326,0.2692,0,0,debt_consolidation,central,0
A203410,31,107026,3.5,3690,12,2563,0.0465,0,2,car,east,0
A203411,40,37646,6.0,15886,12,3759,0.4719,0,0,debt_consolidation,east,1
A203412,28,98354,2.2,15589,36,3823,0.0723,3,3,other,east,0
A203413,35,29766,4.4,5331,48,649,0.0557,0,4,home_improvement,central,0
A203414,44,37678,5.8,18542,36,1393,0.1825,0,2,home_improvement,south,0
A203415,29,51464,3.8,18710,48,2147,0.1117,0,1,home_improvement,north,0
A203416,34,121437,1.8,7837,48,1813,0.0236,0,2,debt_consolidation,north,0
A203417,21,90258,1.9,12345,60,4691,0.0533,0,1,other,south,0
A203418,42,27625,7.3,15070,60,3188,0.1668,0,4,debt_consolidation,north,0
A203419,50,228857,1.9,22599,48,1581,0.0281,0,3,car,east,0
A203420,35,50014,0.7,5170,36,1336,0.0478,0,0,car,north,0
A203421,40,36940,7.9,9852,24,41338,0.6929,0,2,home_improvement,central,0
A203422,44,169317,3.7,6027,60,2319,0.014,0,1,car,east,0
A203423,26,144462,3.0,8270,24,7283,0.0538,0,1,home_improvement,east,0
A203424,39,37755,5.6,12543,60,6259,0.1493,0,1,education,east,0
A203425,44,31155,7.7,18888,36,1842,0.2316,0,2,car,north,0
A203426,25,117357,2.9,5412,12,20598,0.1339,0,2,education,east,0
A203427,59,138234,2.4,7896,36,8538,0.0499,0,0,home_improvement,north,0
A203428,53,55203,1.4,16257,36,4775,0.1414,0,2,medical,east,0
A203429,21,115113,1.6,11898,36,19709,0.1201,0,2,debt_consolidation,central,0
A203430,21,42651,4.1,9298,24,1055,0.1214,0,5,education,central,0
A203431,39,35649,1.9,17186,12,5068,0.5532,0,1,medical,north,0
A203432,33,30747,8.5,8862,48,7001,0.1859,0,5,debt_consolidation,south,0
A203433,43,55737,2.1,7126,24,4374,0.1032,0,0,debt_consolidation,south,0
A203434,21,92897,3.8,8223,60,822,0.0221,1,3,home_improvement,east,0
A203435,21,49082,7.9,6125,12,11959,0.2466,0,0,car,south,0
A203436,40,78446,8.5,9737,48,3484,0.0532,0,4,debt_consolidation,north,0
A203437,21,45612,9.7,9844,48,4112,0.099,0,2,home_improvement,central,0
A203438,41,30537,12.5,8456,48,16132,0.3334,0,3,education,north,0
A203439,32,49754,4.3,18770,36,7795,0.2041,0,4,car,south,0
A203440,34,39271,12.4,9683,48,2961,0.0993,2,3,medical,south,0
A203441,48,37899,5.7,13142,48,11823,0.2427,1,2,car,south,0
A203442,25,80136,10.1,7720,60,8999,0.0754,0,3,education,east,0
A203443,42,27608,3.3,11325,48,9424,0.2732,0,3,home_improvement,north,0
A203444,47,65796,4.9,6862,48,20870,0.1847,0,1,debt_consolidation,north,0
A203445,42,24246,6.1,7567,48,51764,1.1455,0,1,debt_consolidation,north,1
A203446,37,46812,1.8,6204,48,16868,0.2133,0,1,debt_consolidation,south,0
A203447,42,61123,4.6,4682,48,5313,0.0626,0,3,car,south,0
A203448,35,39149,10.2,9555,24,3878,0.1716,0,1,debt_consolidation,north,0
A203449,43,86959,7.1,15762,48,30730,0.222,2,1,car,east,0
A203450,50,34552,3.0,3708,12,70195,1.1231,0,2,home_improvement,north,0
A203451,34,70211,4.0,16115,36,3956,0.1047,0,4,debt_consolidation,east,0
A203452,56,35008,6.5,9306,12,11002,0.423,0,1,home_improvement,south,0
A203453,26,132532,1.7,12642,36,11804,0.0763,0,5,debt_consolidation,east,0
A203454,30,49351,5.1,6715,48,4026,0.0748,0,3,debt_consolidation,east,0
A203455,25,60996,4.5,3741,36,19552,0.1807,0,2,home_improvement,south,0
A203456,37,55540,1.5,5667,12,9213,0.185,0,0,debt_consolidation,north,0
A203457,47,53172,2.7,7155,48,4735,0.0782,0,3,home_improvement,central,0
A203458,49,50941,4.2,12964,60,1474,0.0654,0,0,debt_consolidation,central,0
A203459,35,43337,5.9,23976,36,89718,1.2,0,1,car,central,1
A203460,48,62932,2.9,25777,36,1722,0.1502,0,1,car,south,0
A203461,41,70691,4.6,7026,36,6356,0.0781,0,1,medical,central,0
A203462,30,53944,3.6,12005,60,2876,0.0712,0,3,medical,east,0
A203463,40,79854,1.8,7258,36,4725,0.0599,0,2,home_improvement,north,0
A203464,38,51708,5.9,7152,24,13652,0.2012,0,0,car,east,0
A203465,39,15749,6.2,10738,48,3266,0.2741,0,1,debt_consolidation,east,0
A203466,31,67737,5.5,6078,12,828,0.0958,0,3,education,south,0
A203467,27,95107,8.7,3954,24,21371,0.1331,0,1,education,south,0
A203468,39,61872,7.2,14790,24,1609,0.1325,0,0,home_improvement,south,0
A203469,28,67812,2.5,7863,24,35285,0.3181,2,1,home_improvement,central,1
A203470,30,21685,1.3,3364,48,704,0.055,0,4,debt_consolidation,central,0
A203471,43,50942,3.3,4270,60,5468,0.0704,0,2,debt_consolidation,south,0
A203472,32,57301,1.3,14844,24,18133,0.2878,0,0,car,east,0
A203473,31,23511,19.9,8696,60,4705,0.174,0,5,debt_consolidation,south,0
A203474,34,38842,6.8,4604,60,945,0.0359,0,0,debt_consolidation,east,0
A203475,21,37292,2.0,17064,36,10686,0.2958,0,2,debt_consolidation,east,0
A203476,28,19521,5.2,2409,24,5391,0.1998,1,0,home_improvement,north,0
A203477,49,63891,0.6,39294,24,3285,0.3332,0,1,home_improvement,south,1
A203478,56,66540,3.5,8510,60,70173,0.5529,0,2,education,east,0
A203479,44,78688,5.5,9679,12,1630,0.1334,0,1,car,north,0
A203480,28,71195,4.3,10339,36,3131,0.0704,0,0,education,south,1
A203481,27,84006,4.6,22078,48,8048,0.1136,0,2,medical,north,0
A203482,34,85515,6.4,10007,24,16156,0.153,0,0,home_improvement,south,0
A203483,27,85670,10.8,37107,48,8781,0.1595,0,0,other,north,0
A203484,60,25441,12.0,43325,36,431,0.5761,0,1,car,east,0
A203485,39,53082,4.2,6687,24,8304,0.1412,0,3,home_improvement,central,0
A203486,38,83978,6.2,10749,24,8253,0.1131,0,2,other,east,0
A203487,40,34009,3.3,4096,24,25341,0.4328,0,2,education,south,1
A203488,45,100595,6.1,6155,12,492,0.0636,0,0,home_improvement,east,0
A203489,41,60361,2.0,3786,12,8053,0.1294,2,5,other,south,1
A203490,21,44703,2.5,2593,12,22965,0.3149,0,1,car,east,0
A203491,45,38835,4.5,3853,36,7453,0.129,0,3,other,central,0
A203492,41,63886,4.0,9740,60,17633,0.1685,0,0,debt_consolidation,central,0
A203493,39,57829,3.5,3070,36,2965,0.0433,0,0,car,central,0
A203494,41,19526,2.6,10018,48,7574,0.3222,0,1,debt_consolidation,north,0
A203495,33,48928,1.3,9879,24,12057,0.2242,0,2,home_improvement,south,0
A203496,49,108236,3.9,6808,60,14551,0.0798,0,0,other,central,0
A203497,41,67688,3.0,3726,12,3508,0.081,1,4,car,south,0
A203498,42,128541,1.3,6482,60,3536,0.0238,0,0,car,east,0
A203499,39,65371,8.0,8450,48,7529,0.0899,0,1,home_improvement,south,0
A203500,25,52694,2.3,15864,48,4217,0.1153,2,0,home_improvement,north,0
A203501,43,52777,10.7,19128,36,8601,0.2023,0,0,car,north,0
A203502,21,79760,1.1,14802,36,6100,0.1001,0,4,debt_consolidation,north,0
A203503,40,116048,2.5,8619,24,9707,0.079,0,0,debt_consolidation,north,0
A203504,46,46263,0.8,27807,48,1717,0.1688,0,0,medical,south,0
A203505,26,148208,2.6,17025,12,1964,0.1215,0,0,debt_consolidation,south,0
A203506,55,30366,1.1,20177,60,10431,0.3046,0,1,car,east,0
A203507,21,17584,4.8,7944,12,9207,0.7136,0,1,debt_consolidation,north,0
A203508,43,74226,1.2,9048,48,1018,0.0373,1,1,car,south,0
A203509,34,118091,10.4,5135,60,5010,0.0299,0,1,debt_consolidation,central,0
A203510,39,66141,1.5,10446,12,3542,0.1847,0,0,other,east,0
A203511,21,138727,4.9,14470,48,11275,0.0667,0,1,debt_consolidation,central,0
A203512,21,29824,2.2,11420,48,2649,0.1401,0,2,debt_consolidation,east,1
A203513,52,87354,0.3,23459,36,4002,0.1124,0,1,education,central,0
A203514,26,24768,6.1,10034,36,1607,0.1675,1,3,medical,central,0
A203515,23,81841,7.7,6816,60,9093,0.0722,0,1,car,east,0
A203516,30,33076,4.6,12428,36,19671,0.4226,1,2,education,central,0
A203517,60,36390,1.7,4539,36,2853,0.0808,0,0,home_improvement,south,0
A203518,31,79164,10.4,17761,60,1618,0.0551,0,4,education,central,0
A203519,52,29057,0.8,15843,36,3608,0.2438,0,2,debt_consolidation,north,1
A203520,53,146403,6.4,14648,60,5894,0.0401,0,1,debt_consolidation,south,0
A203521,37,43560,3.6,5852,24,6362,0.1402,0,2,debt_consolidation,central,0
A203522,37,30570,3.5,26556,48,5833,0.3126,0,2,other,east,0
A203523,25,80508,3.6,13148,60,2885,0.0506,0,0,debt_consolidation,east,0
A203524,38,28687,12.2,3730,48,13415,0.2663,0,1,education,central,0
A203525,24,45278,8.9,19601,36,3612,0.1842,2,0,home_improvement,east,0
A203526,27,36317,5.0,8953,60,19663,0.32,0,0,other,south,0
A203527,40,40910,5.6,2470,48,2237,0.0424,0,1,education,east,0
A203528,40,31219,1.5,3066,60,2024,0.0521,0,4,debt_consolidation,central,0
A203529,28,58193,2.4,5006,48,432,0.0252,0,0,other,central,0
A203530,35,41564,0.5,3297,12,11116,0.213,0,5,other,north,1
A203531,21,71330,2.1,18043,48,10471,0.1366,0,2,education,central,0
A203532,47,29255,8.5,18416,48,5730,0.2553,0,3,home_improvement,east,0
A203533,40,30513,3.1,17529,12,12121,0.7731,0,0,medical,east,1
A203534,58,87526,9.0,9562,12,51388,0.4028,1,1,debt_consolidation,north,1
A203535,42,35118,2.7,21670,60,31906,0.5777,0,0,car,central,0
A203536,27,52470,10.3,2841,12,3837,0.0907,0,1,home_improvement,east,0
A203537,34,33281,8.5,4444,24,14555,0.2854,0,0,car,east,0
A203538,33,98686,2.9,26729,24,7204,0.1719,0,1,debt_consolidation,north,0
A203539,23,56921,1.0,14721,36,6546,0.1437,0,1,debt_consolidation,south,0
A203540,49,78492,0.7,8241,60,3398,0.0426,0,1,debt_consolidation,central,0
A203541,34,31659,2.9,6482,36,4857,0.145,0,0,other,central,0
A203542,21,46347,2.4,6416,36,4873,0.0987,0,0,home_improvement,east,0
A203543,42,94368,1.8,24213,48,7685,0.1049,0,2,home_improvement,east,0
A203544,35,24292,3.7,8898,36,6169,0.2491,0,0,home_improvement,south,0
A203545,29,35698,4.6,3744,12,136742,1.2,0,2,debt_consolidation,north,0
A203546,44,103968,2.0,12210,60,2313,0.0346,0,1,other,south,0
A203547,45,36287,3.1,6730,60,52064,0.7545,3,0,debt_consolidation,north,0
A203548,38,49182,5.2,14803,48,21233,0.2911,2,0,home_improvement,north,0
A203549,27,42470,2.5,5854,24,5230,0.1305,0,0,debt_consolidation,east,0
A203550,48,68151,9.8,11321,24,8597,0.1461,0,0,medical,north,0
A203551,49,26932,1.0,6458,12,3224,0.2996,0,2,car,north,0
A203552,43,93091,3.8,18112,12,7483,0.2348,0,1,education,north,0
A203553,34,81075,2.4,15407,12,15686,0.2868,0,1,home_improvement,north,0
A203554,43,68588,0.7,11040,12,1835,0.1743,1,0,car,north,0
A203555,54,30449,5.9,4046,12,7151,0.2503,2,4,car,north,0
A203556,21,64014,5.2,13593,24,19039,0.2549,0,1,other,north,0
A203557,58,77090,1.1,25752,24,43416,0.4486,0,1,debt_consolidation,central,0
A203558,52,44629,6.8,5643,48,2683,0.0617,0,0,car,east,0
A203559,53,42481,4.7,7129,24,866,0.0941,0,2,education,south,0
A203560,34,71137,3.9,14408,60,9032,0.104,0,4,car,north,0
A203561,44,27278,0.8,13169,48,7847,0.2645,0,0,medical,central,0
A203562,48,21038,2.1,6121,24,1854,0.1895,0,0,car,central,0
A203563,28,50659,3.9,9183,36,2665,0.0867,0,2,home_improvement,central,0
A203564,50,88091,3.9,5995,24,2813,0.05,0,1,car,central,0
A203565,41,50490,3.1,23069,24,2742,0.2556,0,1,car,central,0
A203566,45,87791,1.4,27431,48,89746,0.5892,0,4,debt_consolidation,south,0
A203567,44,23875,6.7,7420,60,49923,1.1077,0,3,medical,east,0
A203568,40,44084,15.1,9568,36,7770,0.1605,0,0,other,central,0
A203569,28,29541,2.7,7438,12,1299,0.2738,1,1,education,north,0
A203570,27,98032,2.0,22431,12,3971,0.2491,0,0,debt_consolidation,central,0
A203571,25,116795,10.8,7008,36,26469,0.1333,0,0,debt_consolidation,central,0
A203572,34,31233,12.2,24039,12,99257,1.2,0,0,other,south,1
A203573,32,52709,4.3,22367,12,1463,0.4382,0,1,debt_consolidation,central,0
A203574,55,20549,7.7,3568,36,533,0.0708,0,1,medical,central,0
A203575,31,72378,13.2,11172,60,1983,0.0446,0,0,debt_consolidation,south,0
A203576,33,49999,2.0,26180,48,6601,0.1969,1,0,debt_consolidation,north,0
A203577,44,30402,3.0,2995,36,36212,0.6284,0,2,other,east,0
A203578,33,29761,4.3,4209,36,2699,0.0925,0,1,debt_consolidation,east,0
A203579,23,67546,14.2,15126,12,2060,0.2392,0,0,debt_consolidation,central,0
A203580,22,38521,4.6,4727,36,3768,0.0898,0,1,education,south,0
A203581,37,59632,6.4,7435,60,3356,0.0531,0,1,car,north,0
A203582,52,40040,9.6,12951,24,28811,0.5215,0,1,other,south,0
A203583,21,44062,2.3,24488,48,18430,0.3481,0,3,home_improvement,east,0
A203584,37,58735,4.1,60000,60,21526,0.3876,0,2,debt_consolidation,south,0
A203585,46,34915,1.5,7970,48,18669,0.3244,0,1,education,south,0
A203586,54,75103,5.3,5683,24,2084,0.0517,0,1,other,central,0
A203587,22,43099,4.9,7202,12,1010,0.1788,0,3,medical,south,0
A203588,51,34754,4.6,9892,36,5648,0.1761,0,0,home_improvement,north,0
A203589,33,60722,7.5,29673,24,6372,0.2968,1,0,other,east,0
A203590,32,22525,3.7,25784,24,2144,0.6199,0,4,car,north,0
A203591,23,33038,13.3,23184,36,4082,0.2957,0,4,other,south,0
A203592,40,46262,6.4,3974,36,3679,0.0684,0,3,home_improvement,central,0
A203593,36,74151,8.3,7876,60,4080,0.0488,0,5,education,east,0
A203594,28,84100,2.3,6366,36,6271,0.0625,1,0,other,central,1
A203595,36,50494,5.1,12715,60,29790,0.3453,0,2,other,north,0
A203596,27,48011,6.3,23547,36,8652,0.2536,0,1,car,south,0
A203597,36,26249,0.9,10284,24,22813,0.6304,0,2,education,south,0
A203598,21,26224,1.7,7680,60,8317,0.2171,0,1,other,central,0
A203599,51,50701,1.4,6694,36,2248,0.0662,0,0,medical,south,0
A203600,70,56092,9.9,9908,60,4737,0.0776,0,1,debt_consolidation,central,0
A203601,39,122648,2.2,2756,12,18001,0.0959,0,0,car,east,0
A203602,24,52052,10.4,22255,12,2907,0.4555,0,1,car,north,0
A203603,53,72359,4.2,11701,60,4859,0.0659,0,0,other,central,0
A203604,47,53737,5.4,5730,60,13817,0.1499,0,0,home_improvement,south,0
A203605,27,44431,1.8,3601,60,22228,0.2664,0,0,other,east,0
A203606,56,63744,4.5,15579,24,364,0.1251,0,2,car,south,0
A203607,21,92183,9.4,1633,12,3005,0.034,0,1,medical,south,0
A203608,31,26316,0.4,17938,24,2031,0.3794,0,1,medical,north,0
A203609,37,27285,8.7,5131,12,9776,0.3672,0,2,home_improvement,central,0
A203610,47,36026,3.8,21618,60,876,0.1322,0,4,other,north,0
A203611,34,41678,11.4,5330,24,766,0.0731,0,0,debt_consolidation,east,0
A203612,33,24127,3.2,1966,24,2722,0.0972,0,5,debt_consolidation,south,0
A203613,22,41142,5.2,13121,60,1623,0.0835,0,0,debt_consolidation,east,0
A203614,43,37566,3.2,3290,48,18572,0.2691,0,0,debt_consolidation,south,0
A203615,49,21409,6.4,3657,48,1627,0.0807,0,0,debt_consolidation,east,0
A203616,40,34699,1.6,5900,48,14816,0.256,0,0,home_improvement,central,0
A203617,46,130643,7.1,19394,24,2356,0.0832,0,1,other,north,0
A203618,27,64860,3.3,5017,36,8806,0.0937,0,3,other,central,0
A203619,49,73524,7.3,3409,12,32983,0.2707,0,1,debt_consolidation,east,0
A203620,34,33466,7.5,13447,60,2888,0.1235,0,0,car,south,0
A203621,23,43748,1.8,9769,24,2328,0.1383,0,1,debt_consolidation,central,0
A203622,40,51901,1.3,10513,24,1466,0.1154,0,3,other,east,0
A203623,38,160381,8.6,12628,36,6092,0.0452,0,0,debt_consolidation,south,0
A203624,27,45426,11.9,14321,12,6759,0.3897,0,0,car,south,0
A203625,36,107250,5.0,12201,12,13115,0.1749,0,0,home_improvement,central,0
A203626,50,57394,5.4,4194,60,1987,0.0319,0,1,car,north,0
A203627,30,51489,5.3,4393,48,5706,0.0767,1,0,education,east,0
A203628,28,33904,6.7,6549,48,1454,0.0697,0,1,education,north,0
A203629,24,23216,7.1,10310,12,1177,0.4694,0,0,education,central,0
A203630,47,57358,11.5,13998,24,47430,0.5355,0,4,education,north,0
A203631,27,30203,8.6,6925,12,35402,0.8153,0,2,debt_consolidation,south,0
A203632,26,37149,5.7,14256,12,3140,0.426,0,1,home_improvement,east,0
A203633,24,60469,2.4,14692,36,1132,0.0903,0,2,education,south,0
A203634,29,45513,2.0,7356,36,1468,0.07,0,4,car,central,0
A203635,67,70360,7.8,26095,12,35890,0.6259,0,1,car,central,0
A203636,21,102919,5.3,8971,48,24538,0.141,1,0,education,north,1
A203637,23,69269,4.1,13663,36,2208,0.0817,2,2,debt_consolidation,south,0
A203638,55,18297,1.5,20964,48,1183,0.3188,0,0,home_improvement,east,0
A203639,32,17757,1.8,8066,12,2221,0.5168,0,2,home_improvement,north,0
A203640,36,23769,3.5,13628,48,25773,0.6855,1,0,education,central,1
A203641,41,139217,3.4,11244,12,10723,0.1193,0,4,medical,north,0
A203642,31,240000,8.8,15936,48,2138,0.0211,0,0,debt_consolidation,central,0
A203643,45,59405,0.8,10235,48,31964,0.3121,0,0,debt_consolidation,central,0
A203644,28,64881,2.6,13892,60,834,0.0493,0,0,education,central,0
A203645,45,56666,0.7,18969,60,8151,0.1389,0,1,education,east,0
A203646,43,65298,4.1,6737,36,491,0.0382,0,4,education,north,0
A203647,45,69876,5.5,31511,48,16886,0.2336,1,0,home_improvement,central,0
A203648,30,38505,5.1,4385,12,7675,0.2135,0,0,debt_consolidation,east,0
A203649,45,37750,5.1,21714,48,2650,0.1789,0,0,debt_consolidation,north,0
A203650,41,37112,3.5,4060,48,8049,0.1358,0,2,car,south,0
A203651,51,34925,6.2,9538,24,5520,0.2156,0,1,education,north,0
A203652,35,41598,0.4,7822,24,2357,0.1223,1,1,debt_consolidation,south,1
A203653,31,29715,5.1,6498,36,1591,0.0997,0,4,other,south,0
A203654,29,49810,10.1,27391,24,1723,0.2923,0,0,other,south,0
A203655,55,43798,2.7,17784,12,5676,0.4708,0,2,home_improvement,central,1
A203656,44,50924,3.4,4874,36,16603,0.1949,0,1,car,east,0
A203657,28,15623,5.1,18143,36,819,0.4133,0,4,home_improvement,central,0
A203658,44,18846,1.2,3147,24,617,0.0999,0,3,education,south,0
A203659,30,51987,2.6,25040,36,2398,0.1836,0,2,other,south,0
A203660,40,46600,4.0,10865,36,734,0.0856,0,0,home_improvement,south,0
A203661,37,104422,4.5,15204,12,5521,0.172,0,1,other,central,0
A203662,41,53140,0.9,9282,60,3309,0.0661,0,1,car,central,0
A203663,37,41913,5.4,6409,12,3180,0.1908,0,3,education,east,0
A203664,43,27612,8.0,17397,48,13857,0.4084,0,2,debt_consolidation,east,0
A203665,38,47228,1.4,9098,12,1584,0.2094,0,0,medical,north,0
A203666,51,66652,1.1,18159,12,1013,0.28,0,5,home_improvement,south,0
A203667,32,13052,7.6,4214,48,1079,0.1221,0,3,car,east,1
A203668,37,105640,2.8,15133,60,6363,0.0588,2,0,car,central,0
A203669,50,24533,3.4,9438,12,91990,1.2,0,0,debt_consolidation,central,0
A203670,35,188793,7.4,12203,48,14375,0.0542,0,2,home_improvement,south,0
A203671,45,62271,1.7,10487,36,5852,0.1031,0,1,home_improvement,north,0
A203672,33,32350,3.0,8135,12,6535,0.3525,1,2,car,south,0
A203673,33,41034,2.6,4599,36,10544,0.1658,0,0,car,central,0
A203674,29,51877,3.1,10174,60,21409,0.2456,0,0,debt_consolidation,north,0
A203675,21,107754,5.8,20075,60,658,0.0403,0,1,education,central,0
A203676,36,98946,4.7,7877,36,3248,0.0429,0,1,medical,central,0
A203677,33,165407,4.7,9179,12,331,0.0565,0,0,other,central,0
A203678,53,57054,4.3,1974,12,1423,0.0471,0,1,home_improvement,south,0
A203679,38,54534,3.5,12100,24,15232,0.2506,0,2,debt_consolidation,central,1
A203680,48,71907,10.9,9915,60,8263,0.085,0,0,education,south,0
A203681,26,20194,12.4,4877,60,2573,0.112,0,1,education,north,0
A203682,31,107014,3.1,11258,48,1481,0.0332,0,4,car,south,0
A203683,24,83568,3.7,15540,12,2699,0.2021,0,1,car,south,0
A203684,44,41843,2.2,5651,60,14942,0.2056,0,2,other,east,0
A203685,43,27557,2.6,1268,12,8674,0.2034,0,1,car,east,0
A203686,47,57118,3.0,10904,48,13022,0.1617,0,1,medical,south,1
A203687,21,52345,1.2,3058,48,8347,0.0943,0,3,debt_consolidation,east,0
A203688,46,101368,7.0,6833,60,9283,0.0593,1,3,debt_consolidation,north,0
A203689,36,42348,5.2,11390,48,4445,0.1197,0,2,debt_consolidation,south,0
A203690,37,98588,4.6,11777,36,32909,0.2067,0,1,car,east,0
A203691,47,76896,2.4,19149,36,7269,0.1303,0,1,other,north,0
A203692,38,33682,7.3,7890,36,3573,0.1311,0,1,home_improvement,central,0
A203693,28,25271,8.1,3830,48,5346,0.1437,0,2,car,east,0
A203694,37,95010,2.9,1978,12,3507,0.0393,0,1,debt_consolidation,north,0
A203695,49,104182,5.7,2947,12,4499,0.0499,0,2,home_improvement,east,0
A203696,31,50461,14.8,7805,36,8130,0.1321,0,0,debt_consolidation,north,0
A203697,48,65219,0.9,22121,36,2001,0.1284,0,4,debt_consolidation,south,0
A203698,35,30567,2.9,35777,36,9897,0.552,0,2,home_improvement,east,0
A203699,37,89446,4.6,6372,36,12930,0.096,0,0,medical,east,0
A203700,30,85060,4.9,6732,12,7089,0.1208,0,0,home_improvement,north,0
A203701,38,49707,3.7,14338,36,8247,0.1791,0,0,home_improvement,central,0
A203702,37,58688,3.0,9725,36,1463,0.0677,0,1,debt_consolidation,east,0
A203703,29,114210,1.3,34888,48,25527,0.1881,3,4,debt_consolidation,north,1
A203704,39,53151,2.7,12498,60,1525,0.0614,0,0,home_improvement,south,0
A203705,37,49001,5.7,7660,60,3565,0.0676,2,3,home_improvement,east,0
A203706,43,51896,5.0,11857,60,38320,0.4149,0,0,car,central,0
A203707,58,50569,4.7,5041,48,14564,0.1689,0,1,home_improvement,east,0
A203708,28,63214,1.1,17014,48,2365,0.086,0,1,education,north,0
A203709,39,31827,3.2,5215,60,1475,0.0559,0,0,debt_consolidation,east,0
A203710,40,104774,5.3,6492,24,1398,0.0377,0,0,debt_consolidation,south,0
A203711,42,72889,0.8,8600,12,10332,0.1889,0,2,debt_consolidation,north,0
A203712,34,146749,4.0,4564,60,2761,0.0156,0,0,debt_consolidation,south,0
A203713,29,46800,7.9,30411,12,208343,1.2,0,0,home_improvement,central,1
A203714,33,22789,3.1,9980,24,5925,0.349,0,0,education,north,0
A203715,45,33906,5.6,4495,60,896,0.0397,0,0,home_improvement,north,0
A203716,41,35383,0.9,10613,60,2914,0.1012,0,0,car,north,0
A203717,38,63525,1.4,11183,60,3870,0.0657,0,1,debt_consolidation,east,0
A203718,44,120383,4.0,18954,24,8269,0.1131,0,1,car,central,0
A203719,43,91088,2.2,12082,48,12639,0.1025,0,1,education,north,0
A203720,25,65981,4.0,46547,48,1339,0.1865,1,1,other,south,0
A203721,46,24818,5.8,11794,12,1330,0.502,1,3,car,east,0
A203722,38,135991,15.4,5330,48,11247,0.0512,0,3,home_improvement,east,0
A203723,45,26414,5.3,6055,24,1318,0.1396,0,1,other,central,0
A203724,48,35462,5.8,14871,24,237,0.213,1,2,car,south,0
A203725,31,26122,5.4,3681,24,8070,0.2249,0,1,debt_consolidation,central,0
A203726,36,113201,7.6,8587,36,928,0.0294,0,0,other,south,0
A203727,37,55661,5.2,4486,48,3644,0.0529,1,3,debt_consolidation,central,0
A203728,33,54548,1.0,4487,48,2154,0.0403,2,1,other,south,0
A203729,26,41024,1.1,26792,36,3061,0.255,0,1,debt_consolidation,north,0
A203730,21,57966,5.3,15530,60,3675,0.0853,0,3,home_improvement,central,0
A203731,32,85444,2.0,6659,48,1701,0.0294,0,2,car,east,0
A203732,21,19494,3.6,4172,60,3802,0.1403,0,1,other,east,0
A203733,30,22620,6.0,3905,48,5036,0.1545,0,1,car,north,0
A203734,36,32541,12.6,9717,12,1633,0.3237,0,2,education,central,0
A203735,41,84636,6.3,16289,12,14613,0.2788,1,4,debt_consolidation,east,0
A203736,48,53293,6.3,4929,60,3929,0.0554,0,0,home_improvement,east,0
A203737,49,69878,6.6,6153,48,1871,0.0354,3,1,medical,east,0
A203738,35,118972,6.3,6560,36,3852,0.0346,0,2,car,east,0
A203739,36,39786,6.3,19813,48,10364,0.2547,0,1,debt_consolidation,south,0
A203740,44,56844,1.1,4612,24,2984,0.0668,0,1,debt_consolidation,north,0
A203741,48,23742,4.2,5660,36,126208,1.2,0,4,home_improvement,central,0
A203742,32,37405,13.3,6839,36,4950,0.1271,0,4,home_improvement,north,0
A203743,33,59907,3.6,15368,24,2076,0.1456,1,2,home_improvement,east,0
A203744,26,83090,6.0,21208,60,6085,0.0877,0,1,other,central,0
A203745,29,40196,2.9,15995,36,1193,0.1475,2,0,other,central,0
A203746,46,61961,0.7,6863,48,278,0.0299,0,1,education,south,1
A203747,21,132316,0.6,18217,24,16847,0.1325,1,0,car,north,0
A203748,42,31666,2.3,6817,48,1837,0.0828,1,3,car,north,0
A203749,21,53547,1.3,8545,60,2561,0.0558,0,0,other,central,0
A203750,43,44189,5.5,6646,48,16021,0.2189,0,2,debt_consolidation,east,0
A203751,39,84434,3.0,7243,60,4500,0.0438,0,1,other,north,0
A203752,43,72501,1.8,46667,60,11681,0.2093,0,3,home_improvement,east,0
A203753,34,66772,0.8,11596,60,7336,0.0897,1,2,education,south,1
A203754,30,43429,3.2,8586,36,5322,0.1272,0,2,debt_consolidation,central,0
A203755,36,39592,6.7,4321,48,1297,0.0437,1,1,education,north,0
A203756,38,33200,5.8,19443,48,6986,0.2516,0,3,other,east,0
A203757,36,35216,4.1,5824,36,3690,0.1075,0,0,debt_consolidation,north,0
A203758,37,55496,6.9,8059,48,5863,0.0891,0,0,debt_consolidation,north,0
A203759,40,51318,1.3,17999,36,2454,0.1408,0,3,debt_consolidation,east,0
A203760,53,62159,2.4,8824,48,4255,0.0697,0,0,home_improvement,south,0
A203761,44,74273,0.6,8684,24,1845,0.0709,0,0,education,north,0
A203762,39,115129,5.6,4817,48,2014,0.0192,0,1,car,east,0
A203763,44,59410,8.3,11387,12,9129,0.2685,0,0,home_improvement,south,0
A203764,21,59720,1.4,13722,48,1303,0.0684,2,1,education,east,0
A203765,43,30079,1.6,8922,48,6135,0.1761,1,1,debt_consolidation,east,1
A203766,39,17023,1.8,5368,24,6362,0.3445,0,4,debt_consolidation,south,0
A203767,37,51560,3.1,16692,48,22823,0.3023,0,2,car,east,0
A203768,26,83885,10.0,7343,60,6422,0.0558,0,0,home_improvement,east,0
A203769,52,87433,5.4,1441,36,5250,0.0355,0,2,other,central,0
A203770,55,48564,2.6,12640,48,1879,0.0844,0,1,other,east,0
A203771,40,136836,2.2,7180,60,4035,0.0252,0,2,home_improvement,central,0
A203772,47,78519,5.8,8510,60,2191,0.0356,0,3,other,east,1
A203773,52,54466,1.3,5988,24,60539,0.6107,0,0,car,central,1
A203774,33,48778,8.5,11873,24,14927,0.2747,0,1,car,south,0
A203775,29,22384,6.3,10569,24,13174,0.5304,0,1,other,north,0
A203776,55,26960,4.3,19511,48,11044,0.3857,0,3,debt_consolidation,central,0
A203777,56,51942,6.1,6727,60,15536,0.1755,0,0,car,central,0
A203778,25,59496,1.4,7649,36,2926,0.0674,0,1,debt_consolidation,north,0
A203779,47,57152,5.6,41114,36,1992,0.2572,0,5,other,north,0
A203780,43,91416,4.4,8148,36,377,0.0318,0,0,home_improvement,south,0
A203781,46,32676,2.8,2371,24,10910,0.2032,0,2,car,central,0
A203782,36,81199,7.2,12676,48,8952,0.0942,1,4,home_improvement,central,0
A203783,23,48006,1.2,2672,12,24981,0.3158,0,1,debt_consolidation,east,0
A203784,43,79139,8.9,42080,24,5097,0.2981,0,0,home_improvement,central,0
A203785,21,57494,3.6,7391,48,1443,0.0447,0,0,education,south,0
A203786,37,61358,2.5,44967,60,24851,0.3491,0,0,medical,central,0
A203787,38,97456,10.2,3096,48,5189,0.0346,0,3,other,north,0
A203788,37,24996,4.7,2343,36,1665,0.0646,0,2,home_improvement,south,0
A203789,46,30999,2.1,8026,24,9853,0.2884,0,1,car,central,0
A203790,49,100998,4.9,8043,24,2994,0.0546,0,0,home_improvement,east,0
A203791,38,140843,2.2,4275,36,5065,0.0281,0,2,medical,central,0
A203792,35,43846,3.8,11003,36,2309,0.11,1,0,education,north,1
A203793,51,19906,3.1,21399,12,12225,1.2,0,0,other,north,1
A203794,31,79748,2.6,5142,12,3108,0.084,0,1,debt_consolidation,north,0
A203795,29,152830,2.2,6733,48,578,0.0129,0,1,car,north,0
A203796,25,57953,5.0,10538,24,12056,0.1949,0,3,debt_consolidation,east,1
A203797,48,57293,2.3,8913,12,1673,0.1702,0,1,medical,south,0
A203798,40,39337,10.5,6767,12,11219,0.3146,0,0,debt_consolidation,central,0
A203799,44,97955,16.5,9105,24,21396,0.1557,0,1,home_improvement,north,0
A203800,33,19391,12.6,9700,24,3387,0.3375,0,0,debt_consolidation,east,0
A203801,24,137912,1.5,6288,60,1969,0.0163,0,3,home_improvement,central,0
A203802,34,55450,3.9,19106,48,33166,0.3852,1,0,education,east,0
A203803,26,67177,0.8,7857,12,6916,0.1684,0,3,other,north,0
A203804,21,30468,2.3,18198,36,11191,0.3827,0,2,debt_consolidation,east,1
A203805,36,32533,5.2,8712,12,13453,0.4745,0,2,home_improvement,south,0
A203806,34,42831,1.9,1830,48,20335,0.2481,0,0,car,east,0
A203807,42,21425,3.8,24814,24,5149,0.6993,0,5,car,south,1
A203808,33,53500,6.9,19046,60,2719,0.0966,0,0,debt_consolidation,central,0
A203809,50,130034,1.1,27592,12,386,0.2137,0,2,debt_consolidation,south,0
A203810,42,22178,11.1,11558,36,280,0.18,0,3,debt_consolidation,central,0
A203811,39,44404,2.2,7444,12,3056,0.2021,0,0,medical,east,0
A203812,47,36016,4.9,8514,12,17961,0.4857,0,0,debt_consolidation,central,0
A203813,45,57888,3.6,16506,36,13331,0.2102,3,1,medical,north,0
A203814,36,41154,6.3,5137,24,7376,0.152,0,1,medical,east,0
A203815,39,22020,7.2,6028,36,3627,0.1736,0,2,other,central,0
A203816,38,48009,0.1,10583,12,22915,0.4591,0,0,other,east,0
A203817,52,21480,2.7,4436,36,9018,0.2788,0,1,debt_consolidation,north,0
A203818,45,81849,4.9,8052,60,2101,0.0325,0,4,education,east,0
A203819,43,31677,2.0,6707,48,1899,0.0829,0,0,debt_consolidation,east,0
A203820,40,40719,2.7,5579,12,2748,0.1708,0,4,other,central,0
A203821,54,33359,0.8,6334,12,5340,0.2699,0,0,other,east,0
A203822,36,63289,2.6,10728,48,4065,0.0745,0,2,other,central,0
A203823,52,59238,2.3,5418,24,4860,0.0868,0,4,home_improvement,central,0
A203824,40,33829,2.3,4888,36,3326,0.0973,0,1,debt_consolidation,south,0
A203825,36,51542,1.9,6528,12,8287,0.207,0,3,other,north,0
A203826,28,79802,3.4,7534,12,48880,0.4007,1,5,debt_consolidation,east,0
A203827,21,26497,4.3,5683,36,652,0.0838,0,4,home_improvement,north,0
A203828,34,71512,14.3,20122,24,21133,0.2884,0,0,debt_consolidation,south,0
A203829,49,234860,5.6,12318,48,109503,0.2462,0,1,home_improvement,east,0
A203830,37,29068,1.5,8704,36,10020,0.2722,0,1,medical,central,0
A203831,36,49002,6.6,5365,12,21226,0.3261,0,2,education,east,0
A203832,35,54982,2.2,5669,12,6670,0.1638,0,1,home_improvement,east,0
A203833,30,73992,12.7,18151,48,8006,0.1154,0,0,medical,east,0
A203834,48,63963,6.3,4891,36,826,0.0319,0,0,car,north,0
A203835,31,40467,8.4,18275,60,2662,0.1232,0,3,home_improvement,south,0
A203836,53,27125,7.7,10422,48,1806,0.1293,0,0,other,central,0
A203837,55,55350,9.8,11920,48,23045,0.262,2,1,debt_consolidation,central,0
A203838,52,39109,1.4,6380,36,3751,0.1023,0,1,medical,east,1
A203839,51,38606,0.4,4131,60,2376,0.0522,0,0,education,central,0
A203840,21,61854,4.1,9541,60,7574,0.0921,0,4,medical,east,0
A203841,33,41195,5.7,24279,48,4999,0.208,0,2,medical,central,0
A203842,41,99687,5.8,3647,12,4234,0.0578,0,4,debt_consolidation,south,0
A203843,27,27259,7.3,10684,36,2003,0.1674,0,2,debt_consolidation,east,0
A203844,40,53008,4.0,3144,24,3734,0.0649,0,0,debt_consolidation,south,0
A203845,45,30158,6.5,4902,36,7489,0.1783,0,1,debt_consolidation,east,0
A203846,44,55664,4.5,3719,60,5983,0.0671,0,1,medical,central,0
A203847,44,65800,0.7,4695,24,2953,0.0581,0,0,car,north,0
A203848,26,29864,3.7,7686,36,8332,0.2253,0,1,car,north,0
A203849,21,41545,5.1,14304,48,1933,0.1093,0,4,car,east,0
A203850,35,101592,9.1,6252,36,35003,0.1928,0,0,debt_consolidation,central,0
A203851,41,74319,6.4,4696,12,1964,0.0764,0,3,car,east,0
A203852,45,90609,5.2,5751,12,16832,0.1564,0,1,other,central,0
A203853,58,71256,5.0,8163,48,326,0.0309,0,0,debt_consolidation,central,0
A203854,45,87183,4.7,6481,24,953,0.0426,0,4,car,central,0
A203855,21,96397,3.4,4266,48,2601,0.0246,0,4,education,central,1
A203856,40,73526,10.4,7308,36,1359,0.0424,0,1,car,north,0
A203857,21,45735,10.8,8029,48,24220,0.3087,0,2,car,south,0
A203858,47,31724,3.4,7885,12,10930,0.4208,0,1,home_improvement,south,0
A203859,37,41422,8.3,2122,24,33305,0.4276,0,0,debt_consolidation,east,0
A203860,29,22914,0.1,27135,24,8135,0.7696,2,3,car,central,0
A203861,24,73931,15.6,10487,36,3458,0.0707,0,0,other,central,0
A203862,26,85126,2.8,5902,12,625,0.073,0,5,car,south,0
A203863,49,80780,4.3,3310,48,7011,0.0536,2,0,education,central,1
A203864,34,58194,1.2,15164,48,4203,0.1013,0,1,car,south,0
A203865,44,41414,9.1,7292,36,3471,0.1006,2,0,medical,north,0
A203866,35,27902,2.6,10386,60,2529,0.1198,0,2,car,south,0
A203867,34,74102,2.1,6535,48,10654,0.0939,0,1,car,south,0
A203868,21,19002,6.5,7501,24,1503,0.2369,0,0,debt_consolidation,central,0
A203869,21,53008,10.7,18479,36,9472,0.2055,0,0,debt_consolidation,east,0
A203870,32,80858,2.1,14596,36,28887,0.2388,0,3,education,central,1
A203871,25,60833,11.4,6567,48,14033,0.1423,3,0,car,south,0
A203872,49,21456,2.7,9263,60,11187,0.347,0,1,car,south,0
A203873,35,115345,4.3,3832,12,134415,0.6159,0,1,medical,central,0
A203874,52,172242,2.4,8570,48,18141,0.0651,0,1,debt_consolidation,east,0
A203875,57,16037,1.2,11016,12,12964,1.0911,0,2,home_improvement,south,1
A203876,32,59409,4.3,2703,60,15181,0.1369,0,0,other,north,0
A203877,31,51007,1.8,7004,12,2351,0.1604,0,0,debt_consolidation,central,0
A203878,33,29256,4.6,8244,48,4026,0.1393,0,0,home_improvement,east,0
A203879,38,20385,7.5,9828,60,1714,0.1385,0,4,debt_consolidation,south,0
A203880,40,36474,2.5,10721,60,3803,0.1109,0,1,car,north,0
A203881,21,55344,1.2,9669,48,23516,0.2561,0,2,car,north,1
A203882,25,66450,2.1,3320,12,10141,0.1263,0,1,medical,east,0
A203883,44,52998,3.9,6903,24,1665,0.0808,0,0,debt_consolidation,north,0
A203884,41,27702,12.8,19206,12,2869,0.7451,0,0,car,central,0
A203885,45,64693,1.3,9048,60,6951,0.0817,1,2,home_improvement,central,1
A203886,33,47237,3.3,6829,48,5825,0.0978,0,2,education,north,0
A203887,45,69414,6.1,6101,60,5461,0.0569,0,3,car,east,0
A203888,45,51217,7.7,4438,36,11964,0.1457,1,3,debt_consolidation,north,0
A203889,21,99840,3.9,5735,36,10886,0.0737,0,0,home_improvement,north,0
A203890,21,47763,3.1,13228,48,1753,0.0876,0,1,education,north,0
A203891,42,46344,4.4,5385,60,27732,0.3224,0,0,debt_consolidation,north,1
A203892,54,52009,10.5,17740,12,18023,0.5144,0,0,debt_consolidation,central,0
A203893,44,45855,3.3,11118,48,30604,0.3943,0,1,home_improvement,north,0
A203894,55,53905,0.7,6500,48,24265,0.2552,0,1,car,north,0
A203895,53,78245,10.1,5936,24,6454,0.0792,0,5,car,east,0
A203896,40,70955,2.3,4241,12,3722,0.086,0,0,home_improvement,central,0
A203897,21,41660,3.4,11212,24,4938,0.1938,0,0,other,south,0
A203898,39,40039,9.4,8091,60,9697,0.1615,0,1,debt_consolidation,central,0
A203899,33,129157,2.8,30362,48,6063,0.0822,2,1,debt_consolidation,south,0
A203900,24,13006,4.5,6748,60,4223,0.2661,0,1,debt_consolidation,east,0
A203901,33,37955,3.6,7807,12,2955,0.2446,2,0,education,north,1
A203902,39,28165,3.2,3159,24,3641,0.1207,0,1,debt_consolidation,east,0
A203903,33,49158,11.4,3413,60,3922,0.0538,2,1,other,north,0
A203904,26,29746,3.7,14220,24,2978,0.2891,1,4,medical,south,1
A203905,41,39290,5.3,11012,60,3528,0.101,0,0,debt_consolidation,central,0
A203906,58,41647,3.0,28785,24,49278,0.9372,0,1,car,south,0
A203907,43,29872,6.6,22898,60,3304,0.2086,0,2,car,east,0
A203908,24,41511,1.6,12093,60,1557,0.077,0,0,car,north,0
A203909,21,27863,2.8,5391,36,1106,0.0843,1,1,car,north,1
A203910,28,69843,2.3,7667,12,8150,0.1681,0,3,debt_consolidation,central,0
A203911,40,95684,8.8,14289,60,375,0.0318,0,0,debt_consolidation,east,1
A203912,44,176359,2.2,5411,48,13442,0.0458,1,0,car,south,0
A203913,33,37919,8.5,26690,24,1174,0.3674,0,2,car,south,0
A203914,40,58969,5.1,14295,36,39286,0.4139,1,2,debt_consolidation,south,0
A203915,39,118226,9.6,5761,48,821,0.0157,0,1,debt_consolidation,north,0
A203916,32,88219,3.4,15648,60,3626,0.056,0,0,medical,south,0
A203917,26,38387,15.2,18948,36,13572,0.3413,0,0,car,south,0
A203918,26,40359,0.1,8115,48,4949,0.1116,0,0,home_improvement,south,0
A203919,54,48469,6.5,21778,60,13815,0.2324,0,1,home_improvement,east,0
A203920,21,71575,5.7,17161,60,1539,0.0587,0,2,debt_consolidation,north,0
A203921,46,69417,4.1,7643,60,3242,0.0454,0,0,home_improvement,south,0
A203922,30,194757,5.3,7493,24,11796,0.0495,0,0,debt_consolidation,east,0
A203923,46,54846,13.2,18355,12,1222,0.3458,0,2,car,south,0
A203924,30,61183,6.0,13967,12,4065,0.2615,1,0,car,north,0
A203925,30,38635,3.8,1824,36,58123,0.7679,0,1,debt_consolidation,central,0
A203926,34,58271,2.7,7421,48,13585,0.1484,0,0,debt_consolidation,north,0
A203927,32,78281,12.6,6143,60,5251,0.0492,0,1,education,north,0
A203928,26,66778,3.9,22066,12,410,0.3335,0,1,medical,north,0
A203929,34,100486,0.6,9946,60,51096,0.274,0,1,home_improvement,north,0
A203930,42,33048,2.6,2808,48,12265,0.2068,0,0,car,north,0
A203931,62,49476,10.2,7770,12,961,0.1668,0,1,debt_consolidation,north,0
A203932,28,29078,2.3,16086,48,11450,0.3352,0,0,other,east,0
A203933,42,80613,0.7,5389,60,6352,0.0528,0,1,medical,north,0
A203934,21,49126,4.2,2307,48,3412,0.0465,0,0,home_improvement,north,0
A203935,58,68516,2.4,4693,48,13868,0.1183,0,0,debt_consolidation,north,0
A203936,40,87175,3.7,7853,12,2397,0.1038,0,1,car,central,0
A203937,43,28781,6.1,3739,36,3876,0.1106,0,0,debt_consolidation,central,0
A203938,49,59794,4.0,8187,12,14834,0.261,0,3,debt_consolidation,south,0
A203939,46,37123,13.3,11526,60,2515,0.096,0,1,other,east,0
A203940,50,39898,9.4,12162,48,761,0.0857,0,4,other,east,0
A203941,30,25857,3.1,2867,48,4144,0.1079,0,1,debt_consolidation,east,0
A203942,34,86315,3.6,4529,36,831,0.0223,1,1,home_improvement,south,0
A203943,25,40279,9.9,8549,24,41634,0.6229,0,5,debt_consolidation,east,1
A203944,40,54306,1.4,12070,60,507,0.0491,0,0,debt_consolidation,east,0
A203945,33,92212,2.9,7119,48,15627,0.104,0,0,debt_consolidation,east,0
A203946,38,31121,14.8,15285,60,3428,0.1533,1,1,car,central,0
A203947,47,84900,5.4,3621,36,598,0.0177,0,1,other,east,0
A203948,29,31942,0.7,8217,60,5196,0.1328,0,0,debt_consolidation,east,0
A203949,28,99683,5.1,9485,24,1437,0.0548,0,3,home_improvement,central,0
A203950,33,60415,1.0,7647,24,2835,0.0867,0,2,other,north,0
A203951,63,42447,7.2,13253,36,3115,0.1408,0,1,other,north,0
A203952,41,102201,12.0,3998,24,1317,0.026,0,2,home_improvement,central,0
A203953,54,37342,4.5,10689,48,9049,0.1927,0,3,home_improvement,central,0
A203954,41,188217,2.2,10897,12,12053,0.0899,0,2,education,east,0
A203955,62,97389,7.2,9964,36,2546,0.0472,0,0,education,south,0
A203956,30,127208,16.2,13155,12,3638,0.1177,1,3,debt_consolidation,south,1
A203957,24,35534,10.2,21873,12,16540,0.8483,0,1,home_improvement,north,1
A203958,41,37643,4.5,3888,24,3444,0.0974,0,1,debt_consolidation,east,0
A203959,55,18299,4.3,8493,36,8826,0.3959,0,4,debt_consolidation,east,0
A203960,21,110676,3.9,9119,36,2085,0.0369,1,5,debt_consolidation,south,0
A203961,51,60860,1.9,6232,36,11855,0.1315,0,1,education,east,0
A203962,21,31628,0.6,1696,36,2354,0.0551,0,0,other,north,0
A203963,32,25842,2.7,3806,48,7728,0.1863,0,5,education,north,0
A203964,21,137819,2.9,13448,60,7441,0.0465,0,1,debt_consolidation,east,0
A203965,27,27232,0.8,2841,48,2382,0.0698,1,1,other,south,0
A203966,30,53725,6.1,14479,24,3192,0.1645,1,0,debt_consolidation,north,0
A203967,41,69730,5.3,6224,60,9836,0.0884,1,4,medical,north,1
A203968,23,75100,4.0,9203,60,3641,0.0487,1,0,debt_consolidation,central,0
A203969,37,98304,6.0,7337,24,5353,0.0645,0,2,debt_consolidation,central,0
A203970,50,92567,3.5,10056,48,6882,0.0643,1,1,car,south,0
A203971,33,37612,4.0,20509,12,3217,0.588,0,0,debt_consolidation,north,1
A203972,28,28045,4.4,12692,60,5339,0.1857,0,0,debt_consolidation,central,0
A203973,46,52011,10.2,7979,48,2036,0.0579,2,0,home_improvement,south,0
A203974,36,47892,2.9,9467,36,17135,0.2448,0,0,car,central,0
A203975,21,25807,3.1,4831,24,3818,0.1676,0,2,debt_consolidation,central,0
A203976,50,67596,2.8,19831,60,10585,0.137,0,0,medical,south,0
A203977,45,76784,7.7,6448,24,8878,0.0998,1,2,debt_consolidation,north,0
A203978,47,229673,4.4,3222,24,8950,0.0265,0,2,debt_consolidation,north,0
A203979,49,46712,0.8,27093,12,3194,0.6142,0,3,other,north,1
A203980,63,30403,6.0,10775,48,835,0.1023,0,2,home_improvement,south,0
A203981,45,74752,5.2,4964,12,32691,0.2851,0,0,other,central,0
A203982,24,42115,5.9,14442,12,13093,0.4984,0,3,home_improvement,east,0
A203983,38,127855,2.0,20542,36,3334,0.0666,0,0,debt_consolidation,central,0
A203984,58,34555,10.5,11429,36,9237,0.2439,0,1,debt_consolidation,north,0
A203985,37,95761,1.5,6380,24,5321,0.0611,0,5,medical,south,0
A203986,23,116184,0.8,9952,36,17120,0.1022,0,0,medical,south,0
A203987,31,52174,0.9,6656,60,17304,0.1913,0,1,medical,south,0
A203988,26,57307,5.4,13001,48,1500,0.0698,0,2,debt_consolidation,central,0
A203989,33,53526,0.6,11104,36,2548,0.093,0,1,car,central,0
A203990,42,29448,5.1,10606,12,7703,0.491,0,1,education,north,0
A203991,25,49936,2.5,2476,24,1844,0.0433,0,0,car,east,0
A203992,37,55225,1.0,27257,24,8331,0.3222,0,1,car,north,0
A203993,62,111908,6.2,19916,24,88508,0.4844,1,4,debt_consolidation,north,0
A203994,42,22150,1.2,42534,60,4655,0.4891,0,0,home_improvement,south,0
A203995,41,161592,6.9,10164,12,48111,0.2118,2,1,debt_consolidation,north,0
A203996,31,43022,6.9,9579,48,2298,0.0824,1,0,car,south,0
A203997,30,62892,5.3,10963,48,3874,0.0744,0,1,other,south,0
A203998,31,47635,7.8,26062,24,1208,0.2862,0,4,car,north,0
A203999,37,28045,7.3,11867,48,40650,0.8305,0,0,car,east,0
A204000,32,31466,4.6,6588,48,2589,0.0935,2,2,education,south,0
A204001,26,70374,0.8,7801,36,3377,0.0609,0,0,car,central,1
A204002,60,37772,5.3,18390,48,571,0.1293,1,5,car,north,0
A204003,35,40172,7.3,9544,12,25661,0.557,0,0,car,central,1
A204004,31,52803,0.9,29250,12,13710,0.6838,2,1,debt_consolidation,central,0
A204005,33,52031,5.4,12516,48,2904,0.088,0,1,debt_consolidation,east,0
A204006,49,79477,4.3,14598,12,5351,0.2173,0,0,home_improvement,east,0
A204007,30,40373,1.0,4960,12,6150,0.199,0,2,car,east,0
A204008,28,78659,9.1,6528,12,10974,0.1527,0,2,education,central,0
A204009,38,42210,3.3,7738,24,41539,0.5837,1,4,medical,central,1
A204010,44,69576,10.1,6367,24,1435,0.0561,0,0,debt_consolidation,east,0
A204011,47,53105,3.3,10048,60,4360,0.0789,0,0,home_improvement,north,0
A204012,38,41772,8.9,20077,12,4310,0.5322,0,1,debt_consolidation,south,0
A204013,24,53495,15.1,6384,60,3534,0.0569,0,3,debt_consolidation,east,0
A204014,21,170008,8.6,12223,12,4892,0.0863,0,5,home_improvement,east,0
A204015,65,40451,3.3,14196,24,8043,0.2749,0,3,car,north,0
A204016,51,80043,1.2,10185,12,2116,0.1405,0,2,debt_consolidation,north,0
A204017,52,86659,3.7,8863,12,8589,0.1518,1,0,debt_consolidation,north,0
A204018,23,47211,3.8,3946,60,9002,0.1121,0,0,car,east,0
A204019,36,21088,7.3,5531,48,31121,0.8035,0,0,education,south,0
A204020,47,77372,3.5,14583,24,1060,0.1011,0,4,medical,east,0
A204021,34,77585,0.2,4792,24,3144,0.0511,0,3,other,central,0
A204022,39,22440,2.6,8763,24,4235,0.2896,0,2,debt_consolidation,south,0
A204023,22,80313,6.7,10255,60,29840,0.2113,0,0,education,east,0
A204024,46,57768,0.7,9646,24,9524,0.1659,0,2,other,east,1
A204025,41,36365,4.3,6501,12,14551,0.3788,0,0,medical,south,0
A204026,43,24367,6.7,14938,60,26130,0.6588,0,1,home_improvement,east,0
A204027,31,32099,4.6,6181,36,2317,0.1003,0,0,debt_consolidation,north,0
A204028,29,103589,4.7,2632,48,2079,0.0164,0,0,car,east,0
A204029,49,65069,2.0,5331,12,14837,0.1959,0,0,education,central,0
A204030,35,30875,10.5,2494,12,8491,0.2183,0,0,other,east,0
A204031,30,30255,4.1,4282,24,1393,0.0938,0,1,debt_consolidation,north,0
A204032,29,123601,7.1,12518,24,5768,0.074,0,1,medical,central,0
A204033,38,18209,5.0,18389,60,1955,0.2557,0,1,education,south,0
A204034,29,86790,1.0,40875,12,1202,0.4779,0,2,debt_consolidation,south,0
A204035,38,72223,8.1,7797,60,2472,0.0387,0,2,education,east,0
A204036,53,44082,4.7,8015,60,5102,0.0942,0,0,car,south,0
A204037,35,30263,9.8,6056,12,4158,0.2688,0,3,home_improvement,central,0
A204038,55,58392,16.7,6256,24,29136,0.3031,1,1,home_improvement,central,0
A204039,31,22594,4.3,7132,36,22684,0.6072,0,0,home_improvement,north,0
A204040,28,44894,4.8,5458,24,19432,0.2772,0,5,home_improvement,east,0
A204041,45,78394,3.2,2803,36,927,0.0178,0,0,education,east,0
A204042,45,31605,6.7,4319,12,7908,0.2618,0,2,education,south,0
A204043,58,90717,2.8,5165,60,7439,0.0524,0,0,debt_consolidation,central,0
A204044,48,22937,5.9,10583,60,14114,0.3999,0,2,other,north,0
A204045,43,72141,11.8,14077,60,4549,0.0706,0,1,car,central,0
A204046,37,38852,5.5,7608,48,4373,0.1052,2,0,home_improvement,east,0
A204047,41,9000,1.2,8804,24,25358,1.2,0,4,medical,south,1
A204048,30,62507,6.4,7815,12,8369,0.192,1,5,education,south,0
A204049,37,64611,7.1,12222,60,38444,0.3353,0,0,car,south,0
A204050,29,40439,3.8,7274,36,12515,0.2147,0,3,debt_consolidation,north,0
A204051,21,58824,1.0,4398,24,62695,0.5703,0,5,other,east,0
A204052,34,28358,3.6,24997,36,475,0.3022,2,0,debt_consolidation,south,1
A204053,30,94428,7.7,9949,24,3929,0.0735,0,5,car,central,0
A204054,54,31917,4.2,6947,60,16574,0.3032,0,2,medical,east,0
A204055,46,52195,1.1,43896,24,35569,0.7612,0,1,car,north,0
A204056,54,68474,3.5,11517,12,9291,0.236,0,2,medical,north,0
A204057,32,29840,3.8,3429,12,8218,0.2526,0,0,car,north,0
A204058,35,37955,0.7,12980,48,6962,0.1772,0,0,debt_consolidation,south,0
A204059,53,31651,1.9,4413,48,3368,0.0881,0,1,other,central,0
A204060,37,62787,1.9,36368,36,7007,0.2489,1,1,car,north,1
A204061,25,49603,6.6,8428,12,1670,0.1867,0,0,home_improvement,south,1
A204062,26,39847,13.0,7467,24,19364,0.3367,1,0,education,south,0
A204063,47,43528,3.7,11060,24,24357,0.4068,0,0,education,central,0
A204064,21,77233,4.6,37930,36,11344,0.2371,0,0,home_improvement,east,0
A204065,22,60564,0.9,10369,12,14347,0.2897,0,1,other,east,0
A204066,32,35581,6.1,17554,36,11873,0.3313,0,2,car,east,0
A204067,25,68450,16.1,4838,36,1244,0.0326,0,1,home_improvement,central,0
A204068,32,50316,5.0,23667,48,4585,0.1632,0,2,car,east,0
A204069,44,26175,3.7,10488,12,2670,0.4517,0,2,car,south,1
A204070,35,20395,9.5,3595,60,44578,1.1281,2,0,home_improvement,north,1
A204071,28,48791,1.5,3711,24,15733,0.1993,0,0,debt_consolidation,south,0
A204072,50,28024,9.0,9779,60,2625,0.1166,0,1,medical,east,0
A204073,47,22130,5.8,13495,60,8358,0.3108,1,0,debt_consolidation,central,0
A204074,45,59268,11.5,18588,60,10910,0.1548,2,2,debt_consolidation,north,1
A204075,26,65599,8.5,7891,48,1253,0.0396,0,3,debt_consolidation,south,0
A204076,49,25328,5.0,8291,36,3482,0.1779,0,1,debt_consolidation,east,0
A204077,38,62487,6.3,5873,24,1948,0.0626,0,0,home_improvement,south,0
A204078,26,58345,2.1,4820,60,17868,0.1696,0,1,home_improvement,north,0
A204079,38,40240,20.5,6871,48,2367,0.0721,0,5,car,central,0
A204080,52,33161,3.4,11428,24,6317,0.2676,0,5,home_improvement,south,0
A204081,41,20472,4.9,7207,48,10977,0.3561,1,0,car,south,0
A204082,39,89654,4.0,7743,12,1584,0.0952,0,3,education,south,0
A204083,29,53646,3.2,10104,24,1114,0.1046,0,2,car,central,0
A204084,55,35858,1.7,7998,12,58734,1.042,1,3,education,south,1
A204085,34,51520,0.7,15746,48,520,0.0815,0,0,debt_consolidation,north,0
A204086,29,17215,5.7,4253,12,1710,0.2967,0,2,home_improvement,central,0
A204087,32,74599,5.5,17724,60,3299,0.0696,0,0,debt_consolidation,east,0
A204088,45,39282,4.8,2847,36,65077,0.8525,0,3,education,south,1
A204089,30,39791,1.5,3783,48,1216,0.039,0,0,debt_consolidation,south,0
A204090,39,37164,0.8,9102,48,2842,0.0995,2,0,debt_consolidation,south,1
A204091,35,56764,1.6,7801,36,4851,0.0885,0,0,car,central,0
A204092,29,96261,3.8,4543,24,2970,0.039,0,2,home_improvement,central,0
A204093,50,116013,0.3,13513,36,7457,0.071,2,0,car,north,0
A204094,41,48665,2.4,7058,48,2676,0.0638,0,4,car,south,0
A204095,24,105520,7.9,7510,36,2959,0.0377,0,1,home_improvement,south,0
A204096,42,42388,4.9,3005,48,12626,0.1667,0,1,debt_consolidation,east,0
A204097,38,21938,5.2,5462,36,2182,0.1327,0,0,car,north,0
A204098,34,54618,2.2,7818,48,15457,0.1773,0,0,education,central,1
A204099,40,114402,6.1,26938,24,2078,0.1268,0,0,car,central,0
A204100,38,59413,7.2,5763,60,10052,0.104,0,2,debt_consolidation,south,0
A204101,47,45130,7.0,7928,48,2825,0.0752,0,1,home_improvement,east,0
A204102,52,26507,3.9,33843,48,19421,0.6855,0,3,debt_consolidation,east,0
A204103,27,72201,2.7,16246,24,4144,0.1412,0,0,medical,north,0
A204104,46,82103,3.4,18047,12,4677,0.2483,0,0,other,east,0
A204105,40,46613,2.1,14135,12,4273,0.3491,1,3,debt_consolidation,north,1
A204106,42,134719,5.0,4275,12,7025,0.0578,0,0,education,south,0
A204107,57,49280,6.7,5161,48,10484,0.1326,0,2,home_improvement,south,0
A204108,25,107414,6.7,16600,36,4726,0.0735,0,0,car,east,1
A204109,34,25347,5.0,5488,36,2750,0.1264,1,2,car,south,0
A204110,37,53001,3.9,4948,24,14457,0.1831,0,0,car,east,0
A204111,37,39330,7.2,3382,12,2340,0.1157,0,3,medical,north,0
A204112,30,25690,5.6,5845,24,4793,0.207,0,2,car,east,0
A204113,33,72162,2.8,14192,12,2807,0.2161,1,0,other,central,0
A204114,42,85463,2.2,6378,60,12758,0.0896,0,1,car,south,0
A204115,28,63927,2.9,15627,24,6606,0.1739,0,4,medical,north,0
A204116,32,117796,1.2,11885,48,22584,0.1211,1,0,home_improvement,south,0
A204117,38,91682,3.1,4158,24,2528,0.0365,0,2,car,north,0
A204118,58,58040,1.5,6534,24,15117,0.1865,0,0,debt_consolidation,east,0
A204119,36,87191,1.1,13436,24,6363,0.1135,0,3,car,north,0
A204120,21,118090,4.9,25493,48,6518,0.0816,0,2,home_improvement,south,0
A204121,30,82197,2.8,10420,60,1117,0.0321,3,1,education,east,1
A204122,38,47439,3.0,23072,12,4098,0.5295,0,0,car,south,0
A204123,57,77821,1.5,10803,24,23673,0.2215,0,3,other,central,0
A204124,36,80009,2.7,13078,12,4015,0.1885,0,1,home_improvement,north,0
A204125,42,86194,2.2,31641,48,1811,0.1023,0,0,debt_consolidation,central,0
A204126,21,78098,4.1,5318,48,8519,0.0716,0,5,debt_consolidation,east,0
A204127,36,30275,2.5,11437,24,74865,1.2,0,2,medical,central,0
A204128,21,115707,6.8,7090,48,11373,0.0645,2,0,car,north,0
A204129,44,72101,4.9,5184,24,2050,0.0502,2,4,home_improvement,south,0
A204130,26,61296,5.4,4235,60,7740,0.077,0,2,medical,central,0
A204131,43,48610,8.6,1754,60,2671,0.0347,2,0,other,central,0
A204132,49,158346,3.0,3436,48,3555,0.0167,0,0,home_improvement,north,0
A204133,21,41002,5.4,4062,48,3362,0.0658,0,1,car,central,0
A204134,34,64345,6.0,9257,24,3751,0.1011,0,0,other,central,0
A204135,37,40543,2.7,6250,48,2821,0.0733,0,0,other,central,0
A204136,35,36645,2.1,6641,48,13754,0.233,0,4,debt_consolidation,north,0
A204137,39,77169,2.7,16611,60,11690,0.1188,3,4,car,south,0
A204138,24,51379,7.5,8936,60,10900,0.1409,0,4,medical,central,0
A204139,33,38481,4.7,6374,48,18256,0.2786,0,3,medical,north,0
A204140,37,15341,1.4,7109,48,30080,1.0962,0,5,debt_consolidation,east,1
A204141,33,53908,4.7,10593,48,1175,0.06,0,0,home_improvement,central,0
A204142,28,44894,4.1,17089,48,7844,0.1825,0,0,other,north,0
A204143,25,69743,1.9,3416,24,31932,0.2534,0,1,education,north,0
A204144,22,23901,5.3,14060,48,9214,0.3398,0,1,education,central,0
A204145,51,72452,2.2,7154,12,13949,0.195,0,1,debt_consolidation,east,0
A204146,31,240000,0.5,7907,48,870,0.01,0,1,education,east,0
A204147,26,84697,6.9,15063,60,1450,0.0441,0,1,home_improvement,north,0
A204148,38,13813,1.1,6211,60,16900,0.7017,0,1,education,north,0
A204149,36,74400,3.1,14178,36,15746,0.1693,1,0,car,central,0
A204150,34,157308,8.7,39394,12,4509,0.2648,0,0,home_improvement,east,0
A204151,36,57175,1.7,11220,24,40726,0.4543,0,0,debt_consolidation,north,0
A204152,59,55870,1.6,18077,12,3127,0.3515,0,3,car,central,0
A204153,49,33838,5.0,9237,60,3488,0.1061,0,1,home_improvement,south,0
A204154,36,63714,0.8,25254,36,4700,0.169,0,0,car,east,0
A204155,44,31096,1.5,7547,36,1137,0.0992,0,1,home_improvement,south,0
A204156,45,15792,11.0,16209,12,2490,1.1052,0,0,education,south,0
A204157,34,94552,21.7,16198,60,5957,0.0658,0,2,education,south,0
A204158,64,24715,1.1,7077,48,879,0.0894,0,1,home_improvement,east,0
A204159,34,41371,5.7,26344,36,1027,0.2247,2,3,home_improvement,south,1
A204160,21,23981,7.5,47446,24,12826,1.2,0,0,car,central,0
A204161,62,66322,4.9,4728,36,7118,0.0774,0,0,debt_consolidation,north,0
A204162,51,102244,4.1,16188,60,10427,0.0827,0,2,home_improvement,east,0
A204163,33,92375,11.8,4569,24,1312,0.0318,0,5,debt_consolidation,central,0
A204164,51,47284,4.7,3295,48,79154,0.8544,0,0,debt_consolidation,east,0
A204165,45,45708,3.4,9252,48,7614,0.1339,0,1,debt_consolidation,north,0
A204166,40,75232,14.8,14498,48,994,0.0548,0,0,debt_consolidation,central,0
A204167,47,63763,0.4,11404,12,895,0.1859,0,1,other,north,0
A204168,72,26507,4.5,9849,12,7298,0.5092,0,0,car,north,0
A204169,55,60719,2.7,11423,60,6414,0.0904,0,1,education,east,0
A204170,35,81196,2.4,3774,24,27273,0.1912,0,0,car,south,0
A204171,26,47113,4.1,9075,24,1389,0.1111,0,0,home_improvement,central,0
A204172,44,58199,0.9,9631,12,12419,0.2722,1,5,other,south,0
A204173,31,88628,0.9,5185,24,1032,0.0351,2,3,home_improvement,central,1
A204174,42,45889,4.4,8948,24,12005,0.2283,0,2,home_improvement,central,0
A204175,26,61311,2.4,18499,36,4749,0.1393,0,0,car,north,0
A204176,29,65655,4.0,11910,36,8139,0.1225,1,0,home_improvement,north,0
A204177,27,54729,2.1,1955,48,7508,0.0775,0,1,other,east,0
A204178,38,36964,6.1,8496,36,1549,0.0976,0,0,debt_consolidation,north,0
A204179,29,60871,3.3,9644,60,17504,0.1755,0,3,home_improvement,north,0
A204180,31,32506,4.2,4534,24,1595,0.0943,0,4,debt_consolidation,north,1
A204181,35,84919,15.2,3551,36,4709,0.0417,0,1,home_improvement,central,0
A204182,44,60671,5.7,6171,12,15172,0.2267,2,1,home_improvement,central,1
A204183,48,42408,10.9,7211,60,13255,0.1903,0,3,car,central,0
A204184,53,15149,2.8,11140,36,18776,0.8648,0,2,debt_consolidation,north,0
A204185,48,36525,10.6,16839,60,5802,0.1716,0,1,other,north,0
A204186,38,69120,1.9,5856,36,15909,0.1433,0,1,debt_consolidation,south,0
A204187,47,43328,5.9,6272,24,13805,0.2317,0,3,car,east,0
A204188,46,52533,1.7,5110,12,4391,0.1391,0,1,education,central,0
A204189,35,47797,1.1,6522,60,2765,0.0562,0,0,car,central,0
A204190,49,42561,2.4,14082,48,2800,0.1156,0,2,debt_consolidation,north,0
A204191,31,37467,2.1,14347,48,13979,0.2823,0,3,car,north,0
A204192,31,67352,4.3,6968,24,6719,0.1016,0,0,medical,central,0
A204193,55,25936,3.7,4644,60,16816,0.36,1,2,home_improvement,central,0
A204194,21,50737,2.9,15236,48,4483,0.1193,0,1,debt_consolidation,central,0
A204195,52,100777,2.2,15254,12,970,0.1562,0,0,debt_consolidation,east,0
A204196,32,45765,8.1,3261,12,4406,0.1194,1,0,car,central,0
A204197,38,131792,5.0,9653,60,3796,0.0291,0,0,debt_consolidation,central,0
A204198,47,74251,5.0,9066,48,3219,0.0522,0,0,education,central,1
A204199,39,53807,1.1,18360,60,1900,0.0859,0,0,home_improvement,north,0
A204200,31,44984,1.1,7103,48,27306,0.343,0,3,other,north,0
A204201,32,59157,19.7,7205,48,6943,0.0891,0,0,home_improvement,east,0
A204202,48,28292,3.3,12841,60,23386,0.5041,0,2,car,north,0
A204203,21,84767,2.7,17271,48,2255,0.0642,0,0,other,east,0
A204204,42,43235,2.2,7537,48,5230,0.1041,0,0,car,north,0
A204205,37,46160,6.7,10348,60,2942,0.0767,0,1,other,north,0
A204206,28,59059,2.1,8065,24,1426,0.0804,0,0,education,north,0
A204207,45,49161,2.3,12299,36,18777,0.2744,0,2,car,north,0
A204208,21,68907,1.7,18337,48,33776,0.3116,0,0,other,north,0
A204209,60,39921,15.1,18079,24,11735,0.3734,0,2,home_improvement,south,0
A204210,44,16875,4.9,9733,60,3572,0.2212,0,1,home_improvement,central,0
A204211,21,44254,2.3,15356,48,5892,0.1533,0,1,medical,central,0
A204212,38,48224,8.0,25898,24,2047,0.2897,1,0,debt_consolidation,central,1
A204213,21,25275,2.5,7485,60,7094,0.1996,0,0,debt_consolidation,north,0
A204214,36,48803,2.7,3032,12,17385,0.2402,0,2,other,east,0
A204215,36,77911,1.3,8620,48,1709,0.0386,0,2,car,central,0
A204216,32,38931,5.1,15002,36,9876,0.2553,2,1,car,east,0
A204217,38,54152,7.5,16787,24,1016,0.1644,0,0,home_improvement,east,0
A204218,41,22425,1.8,6817,36,69194,1.2,0,2,car,central,1
A204219,27,46990,2.8,22526,60,10386,0.2064,2,0,debt_consolidation,south,0
A204220,35,42153,3.9,3673,12,3890,0.1333,1,0,debt_consolidation,central,0
A204221,39,39341,1.8,20833,12,2505,0.5614,0,1,other,south,0
A204222,41,39226,5.1,1000,48,1966,0.0314,0,4,medical,north,0
A204223,33,95888,1.1,9459,36,9036,0.08,0,0,debt_consolidation,south,0
A204224,34,53131,0.2,9210,48,818,0.051,0,1,home_improvement,central,0
A204225,25,42766,4.9,6089,60,6257,0.1016,0,1,other,south,0
A204226,23,66386,4.0,12480,24,4610,0.1287,0,0,car,south,0
A204227,21,41033,6.1,5059,24,5364,0.127,0,2,other,north,0
A204228,35,44957,4.4,3575,12,1586,0.0972,0,0,other,central,0
A204229,25,86030,1.7,26454,36,7789,0.1478,0,3,education,south,0
A204230,32,34774,4.0,12190,24,7287,0.2801,0,0,debt_consolidation,east,0
A204231,46,108409,1.9,6015,60,2873,0.0243,0,1,debt_consolidation,east,0
A204232,28,26461,6.0,23573,12,17074,1.2,0,1,car,central,1
A204233,31,33752,4.2,11872,48,2553,0.1258,0,1,debt_consolidation,south,0
A204234,34,44703,5.8,31919,24,12519,0.497,0,4,home_improvement,north,0
A204235,40,60704,9.0,20378,60,675,0.0727,0,3,car,north,0
A204236,22,13795,2.1,6013,12,6093,0.6567,1,0,car,central,1
A204237,31,49243,6.2,7246,24,12177,0.1972,0,3,education,south,0
A204238,31,21511,4.0,4088,60,13025,0.3408,0,1,debt_consolidation,south,0
A204239,49,32277,2.1,9227,48,4419,0.1399,2,1,education,north,0
A204240,46,31297,5.4,8273,48,6974,0.1775,0,0,home_improvement,north,0
A204241,43,79822,1.4,2924,36,4600,0.041,0,1,education,north,0
A204242,22,31873,4.7,6204,12,2527,0.2343,1,0,education,east,0
A204243,24,30752,0.4,16726,36,2052,0.2147,0,2,other,north,1
A204244,21,48746,3.6,4455,12,2881,0.1209,0,3,debt_consolidation,east,1
A204245,47,103045,1.6,4005,60,16221,0.0865,0,0,home_improvement,south,0
A204246,26,44566,2.8,3693,12,3189,0.1186,0,0,home_improvement,north,0
A204247,39,55146,3.9,6287,12,6198,0.1702,0,0,car,east,0
A204248,43,48978,1.2,5638,60,6971,0.0942,0,2,other,south,0
A204249,36,44501,4.5,4313,60,13343,0.1693,0,0,home_improvement,east,0
A204250,21,68736,2.1,15024,60,19879,0.1883,0,0,debt_consolidation,east,0
A204251,57,72098,6.7,5134,24,1273,0.0444,0,0,debt_consolidation,central,0
A204252,39,39875,0.4,17976,48,687,0.1213,0,0,home_improvement,east,1
A204253,37,18445,0.8,4985,12,4676,0.397,0,1,car,south,0
A204254,47,54154,0.4,8098,36,11159,0.1529,0,0,medical,east,0
A204255,38,42754,3.4,2539,48,18940,0.2363,0,1,debt_consolidation,east,0
A204256,38,111680,0.8,3530,48,6372,0.0364,0,1,home_improvement,central,0
A204257,45,82290,4.5,5010,24,14605,0.1192,0,1,education,north,0
A204258,50,38494,2.2,11080,48,26091,0.4109,0,1,car,east,0
A204259,44,73661,6.7,7695,36,887,0.0408,0,1,debt_consolidation,central,0
A204260,61,45888,4.2,6705,36,22018,0.2886,0,3,home_improvement,east,0
A204261,51,60496,5.0,18370,36,8279,0.1696,0,0,home_improvement,east,0
A204262,25,57912,3.1,8040,60,871,0.0353,0,1,car,central,0
A204263,45,53239,1.5,16297,60,1164,0.0722,0,0,debt_consolidation,north,0
A204264,35,42579,3.9,3006,24,4918,0.0931,0,1,car,east,0
A204265,45,42857,0.6,5342,60,1194,0.0389,1,1,car,south,0
A204266,61,56601,4.8,14383,36,14826,0.2157,0,0,home_improvement,east,0
A204267,43,48068,3.3,4374,36,3627,0.0681,0,1,car,north,0
A204268,36,69403,2.4,18529,60,2481,0.0713,0,0,medical,central,0
A204269,49,98426,1.5,6391,60,465,0.0153,0,1,car,east,0
A204270,27,70097,2.6,7790,60,5024,0.0581,0,1,car,central,0
A204271,40,26546,1.6,2826,12,14735,0.384,0,1,debt_consolidation,central,1
A204272,29,37063,4.6,12516,12,9073,0.4601,0,0,debt_consolidation,east,0
A204273,24,53204,2.2,2747,48,11420,0.1202,1,2,other,central,0
A204274,32,42531,1.7,7351,12,6516,0.2494,0,3,other,south,0
A204275,46,36965,3.5,5297,24,2813,0.1097,0,2,education,east,1
A204276,38,25835,1.5,11562,60,2425,0.1364,0,3,car,east,0
A204277,21,33130,3.4,6574,12,8694,0.3296,0,3,debt_consolidation,east,0
A204278,45,42541,4.9,13720,12,680,0.3305,0,0,home_improvement,east,0
A204279,38,108664,3.7,16540,48,12190,0.0941,0,0,debt_consolidation,north,0
A204280,36,72010,4.4,6975,12,6355,0.141,0,2,car,central,0
A204281,35,54482,3.9,17860,60,13625,0.1906,1,0,education,north,0
A204282,50,72757,4.7,5359,60,6379,0.0586,0,0,home_improvement,east,0
A204283,58,49709,2.1,13956,60,3959,0.096,0,1,education,south,0
A204284,31,27222,4.2,16924,60,106291,1.2,0,0,debt_consolidation,south,1
A204285,41,35992,6.9,15304,60,4436,0.1467,0,2,education,central,0
A204286,29,66974,6.7,4459,48,86285,0.6608,0,2,other,east,0
A204287,39,50466,1.9,13454,36,1866,0.1074,0,3,car,north,0
A204288,31,47052,1.3,7441,60,2594,0.0592,0,4,car,north,0
A204289,49,18500,1.5,19342,24,3817,0.6259,0,2,car,central,0
A204290,47,51880,2.6,2197,24,19025,0.2045,0,1,other,north,0
A204291,36,25861,5.9,7275,24,15008,0.4308,0,4,education,east,0
A204292,32,42384,4.8,2717,24,5025,0.0913,0,2,debt_consolidation,south,0
A204293,40,33593,3.7,17631,24,905,0.2759,0,0,home_improvement,central,0
A204294,22,187194,8.5,7532,48,27931,0.0847,0,0,car,east,0
A204295,32,69137,2.1,8725,24,8136,0.1219,0,2,car,north,0
A204296,54,35262,9.8,2745,36,19857,0.3075,0,0,home_improvement,east,0
A204297,49,31025,3.4,19795,60,4019,0.1924,0,3,debt_consolidation,north,0
A204298,32,26978,3.6,13347,36,13149,0.4086,0,0,medical,south,0
A204299,26,64938,5.5,19322,36,3336,0.1249,0,0,debt_consolidation,south,0
A204300,59,54070,4.9,26579,36,2086,0.1831,0,1,home_improvement,central,0
A204301,48,183966,1.9,4980,36,19890,0.0631,1,1,medical,north,0
A204302,32,56612,2.9,4195,36,23992,0.2366,0,1,education,south,0
A204303,40,21539,5.1,4114,36,13076,0.3672,0,0,debt_consolidation,south,0
A204304,50,63514,3.6,9180,36,920,0.0554,0,1,home_improvement,south,0
A204305,33,120756,3.8,6283,24,2543,0.0365,0,4,debt_consolidation,south,0
A204306,39,54453,13.0,5466,48,5047,0.0714,0,2,other,central,0
A204307,54,28117,2.2,38052,12,4593,1.2,0,0,debt_consolidation,central,1
A204308,21,43339,2.5,20787,48,14634,0.2887,0,1,debt_consolidation,east,0
A204309,31,46170,4.2,3629,36,5125,0.0817,0,1,car,east,0
A204310,26,43162,3.1,13627,48,13592,0.2364,0,2,car,central,0
A204311,36,77410,10.0,5175,12,643,0.071,0,0,debt_consolidation,east,0
A204312,32,79001,4.4,12855,60,51685,0.3597,0,2,car,central,0
A204313,35,77545,1.6,2829,12,41234,0.3024,0,1,other,south,0
A204314,38,159548,5.1,16651,60,16830,0.0736,0,3,home_improvement,north,0
A204315,45,34455,4.5,31553,36,5090,0.3791,0,0,other,east,1
A204316,37,42649,8.6,7078,48,15826,0.227,0,2,debt_consolidation,central,0
A204317,39,33855,5.8,4255,36,6848,0.143,0,0,debt_consolidation,north,0
A204318,37,48761,4.9,9640,48,27340,0.3298,0,0,debt_consolidation,south,1
A204319,21,31672,0.7,6034,60,10986,0.2115,0,2,debt_consolidation,south,0
A204320,40,88802,11.1,15989,12,3623,0.2005,0,0,debt_consolidation,east,0
A204321,46,41558,8.4,4470,36,3666,0.08,0,0,education,north,0
A204322,43,42932,6.4,4902,36,2747,0.0701,0,0,education,north,0
A204323,46,101783,2.9,15742,48,13844,0.1067,0,1,medical,north,0
A204324,50,49534,8.9,9196,48,1783,0.0644,2,0,debt_consolidation,north,1
A204325,35,35143,2.3,17782,12,12241,0.6801,3,0,debt_consolidation,central,1
A204326,21,68856,0.9,4416,12,5842,0.1066,0,0,debt_consolidation,east,0
A204327,52,49861,8.0,10182,36,3309,0.1013,0,1,education,north,0
A204328,39,141023,3.0,7787,12,3613,0.068,2,3,debt_consolidation,east,1
A204329,21,66660,20.3,16847,36,10767,0.165,1,0,debt_consolidation,south,1
A204330,39,88970,9.7,9137,60,54502,0.3268,0,2,debt_consolidation,north,0
A204331,29,37468,1.6,11258,36,27230,0.4635,0,0,debt_consolidation,central,0
A204332,45,26207,4.6,23682,60,7794,0.3294,0,0,debt_consolidation,central,0
A204333,35,87093,7.6,15236,48,1601,0.0529,0,0,medical,central,0
A204334,41,28689,1.5,8221,24,10681,0.3294,0,1,other,north,0
A204335,53,214734,2.1,8297,12,12242,0.0671,0,2,other,south,0
A204336,37,82073,2.6,5454,60,2258,0.027,1,1,debt_consolidation,central,0
A204337,47,65280,12.8,7956,48,2794,0.0519,1,1,home_improvement,north,0
A204338,45,75053,5.5,2630,12,8960,0.0947,0,1,car,east,0
A204339,32,36821,1.0,6988,12,4986,0.2575,0,0,other,south,0
A204340,35,83931,2.6,7345,48,4324,0.0476,0,2,debt_consolidation,central,0
A204341,25,54292,11.4,13505,12,2128,0.2683,0,5,medical,central,0
A204342,33,62668,9.4,9737,12,4695,0.1928,2,3,other,east,0
A204343,30,49156,4.4,11377,36,5044,0.1285,0,0,debt_consolidation,central,0
A204344,45,51154,7.9,6726,12,2586,0.1568,0,1,debt_consolidation,south,0
A204345,28,45902,7.9,30670,12,5683,0.7301,0,0,other,north,0
A204346,26,67527,6.5,49940,36,59018,0.6835,0,0,medical,central,0
A204347,39,83466,13.4,5306,24,11505,0.1007,1,3,home_improvement,east,0
A204348,31,51173,8.0,13007,48,6352,0.1256,0,0,home_improvement,east,0
A204349,33,69462,4.3,11427,48,1769,0.0539,0,0,debt_consolidation,south,1
A204350,28,65081,2.3,6813,24,5033,0.091,2,3,debt_consolidation,north,0
A204351,40,38893,3.3,7047,24,72165,1.0183,1,2,education,east,1
A204352,49,101279,5.7,8936,48,1089,0.0274,0,1,other,north,0
A204353,41,13388,5.1,14921,36,3750,0.5116,0,2,debt_consolidation,east,1
A204354,34,123304,12.7,3693,12,3323,0.0434,0,3,education,north,0
A204355,28,58404,0.3,20967,12,15481,0.4915,0,0,other,central,0
A204356,47,31896,1.2,10785,60,50689,0.8622,1,0,debt_consolidation,central,0
A204357,26,65144,0.8,5506,48,944,0.0284,1,4,other,central,0
A204358,36,42246,4.7,7941,12,3004,0.2235,0,0,debt_consolidation,south,0
A204359,33,34674,7.1,5215,60,5323,0.1068,0,0,debt_consolidation,north,0
A204360,46,29996,4.8,12679,24,273,0.2159,1,0,other,south,0
A204361,63,44292,4.7,4962,36,27894,0.3522,1,1,debt_consolidation,south,0
A204362,64,91383,4.8,13472,12,5087,0.1753,0,1,car,central,0
A204363,62,33289,5.1,12103,60,11767,0.2495,2,0,education,east,0
A204364,41,39821,2.5,4004,60,6995,0.1079,0,0,education,south,0
A204365,38,52218,1.5,10470,12,1519,0.2151,0,1,car,south,0
A204366,50,43122,1.4,20087,36,562,0.1618,0,2,debt_consolidation,central,0
A204367,36,60547,7.5,3378,12,38691,0.3753,2,0,car,south,0
A204368,49,40708,2.8,5881,48,6668,0.118,0,0,car,north,0
A204369,44,75058,3.6,5045,48,70741,0.488,0,1,medical,east,1
A204370,27,48133,6.0,6436,36,2530,0.0709,1,2,car,east,0
A204371,36,51129,8.5,3004,48,2510,0.0392,0,0,education,east,0
A204372,21,59504,7.7,10226,12,7038,0.231,0,2,car,central,0
A204373,44,62662,3.1,39399,24,15363,0.437,0,0,medical,north,0
A204374,42,119027,3.8,2225,12,1774,0.0261,0,3,other,central,0
A204375,27,47128,7.2,9307,36,2103,0.0881,0,0,debt_consolidation,central,1
A204376,25,98132,5.4,13019,48,6949,0.0686,0,1,debt_consolidation,central,0
A204377,44,83575,2.6,8482,24,3296,0.0705,0,0,car,central,0
A204378,52,77692,1.4,6203,60,4706,0.0463,0,1,debt_consolidation,central,1
A204379,28,31085,2.9,8470,24,3481,0.1922,0,3,education,north,0
A204380,30,119781,7.6,6663,12,7992,0.089,0,2,debt_consolidation,east,0
A204381,42,51866,5.9,11915,24,4607,0.1593,0,4,debt_consolidation,north,1
A204382,41,40540,2.2,12116,48,3115,0.1131,1,1,medical,north,1
A204383,53,147578,2.0,7061,48,11947,0.0524,0,2,debt_consolidation,central,0
A204384,32,96159,3.1,4101,24,7728,0.0615,1,0,other,north,0
A204385,35,69298,0.5,17744,12,25536,0.4403,2,4,debt_consolidation,north,1
A204386,30,47270,10.8,6052,60,4316,0.0713,0,0,other,south,0
A204387,47,105449,1.4,7575,60,13383,0.0778,0,5,home_improvement,north,0
A204388,41,68586,6.9,2873,12,12738,0.1348,1,2,debt_consolidation,east,0
A204389,40,29020,0.2,8995,48,2467,0.12,0,2,debt_consolidation,east,0
A204390,36,103823,8.6,5206,12,1913,0.0594,0,1,education,south,0
A204391,52,49216,1.1,4870,24,4221,0.0924,0,2,debt_consolidation,east,0
A204392,44,39157,8.9,6083,24,2569,0.1105,0,0,car,south,0
A204393,28,43486,4.4,9555,48,4331,0.1047,0,2,debt_consolidation,south,0
A204394,27,19556,4.9,10661,48,2459,0.1992,0,2,debt_consolidation,east,0
A204395,46,58197,5.6,4893,48,8385,0.0931,0,5,debt_consolidation,south,0
A204396,51,65942,6.0,3255,36,4980,0.0542,0,0,debt_consolidation,east,0
A204397,35,117223,2.7,7448,12,1237,0.0688,0,0,debt_consolidation,east,0
A204398,60,58268,9.8,14288,12,4773,0.2862,2,3,home_improvement,north,0
A204399,52,19717,6.6,7337,24,8292,0.3963,0,0,other,north,0
A204400,44,67640,7.1,2655,36,13421,0.1123,0,1,home_improvement,north,0
A204401,21,37589,1.5,7727,12,8049,0.3126,0,4,education,east,0
A204402,33,39788,3.0,5847,60,7591,0.1248,0,3,home_improvement,central,0
A204403,32,26303,3.8,11049,36,10349,0.3367,0,0,education,north,0
A204404,31,69817,2.7,7303,36,3631,0.0609,0,2,debt_consolidation,east,0
A204405,60,40709,6.4,14361,48,10240,0.214,2,5,medical,central,0
A204406,32,51522,4.6,9630,48,7622,0.1207,0,1,debt_consolidation,central,0
A204407,28,36105,3.1,16148,60,10335,0.2326,0,0,debt_consolidation,central,0
A204408,38,76985,4.3,7170,24,1227,0.0545,0,1,debt_consolidation,north,0
A204409,47,40768,2.8,16261,24,4364,0.253,0,1,car,central,0
A204410,29,56305,6.3,11456,24,5703,0.1524,0,4,education,north,0
A204411,40,83862,9.3,4551,12,85967,0.5668,0,0,medical,south,0
A204412,50,23130,2.2,10152,24,10826,0.4535,2,1,education,east,1
A204413,26,142072,4.0,5512,12,9074,0.0707,0,0,debt_consolidation,north,0
A204414,31,74620,1.7,24872,24,4378,0.196,0,0,debt_consolidation,east,0
A204415,63,39207,2.8,6540,48,5375,0.1102,0,1,debt_consolidation,south,0
A204416,45,25481,11.7,12370,48,1826,0.1572,1,0,other,north,0
A204417,49,59091,3.7,8447,36,12685,0.155,0,2,education,north,0
A204418,25,60117,2.5,12402,36,8097,0.1361,0,4,car,central,0
A204419,44,84513,2.4,6145,48,5461,0.0505,0,0,debt_consolidation,central,0
A204420,29,64520,4.9,8069,48,7692,0.0909,0,5,car,south,0
A204421,34,42004,5.0,1623,36,4546,0.067,0,3,home_improvement,south,0
A204422,24,52899,6.5,45878,48,15426,0.3626,0,0,home_improvement,north,0
A204423,23,20586,3.2,10053,24,2539,0.3058,0,0,car,south,0
A204424,31,53362,1.3,9704,48,12880,0.1661,0,1,medical,central,0
A204425,21,123009,0.5,5330,12,4836,0.063,0,1,home_improvement,central,0
A204426,34,110339,11.8,21607,60,6142,0.067,1,1,other,north,0
A204427,58,107148,2.8,6267,24,14967,0.0991,0,0,education,east,0
A204428,47,120660,3.3,8336,12,14792,0.1304,0,1,debt_consolidation,central,0
A204429,29,36188,4.6,8669,48,2859,0.0994,0,1,medical,central,0
A204430,31,36925,9.9,2777,48,22702,0.3262,1,2,car,central,1
A204431,41,71315,3.6,6183,12,33225,0.3196,0,4,other,east,0
A204432,45,34738,11.6,10456,12,225517,1.2,0,1,medical,central,0
A204433,58,68832,2.9,21932,12,22142,0.4795,0,2,education,south,1
A204434,44,57413,2.5,4871,60,9265,0.0977,0,0,home_improvement,east,0
A204435,37,66724,6.2,2298,48,2624,0.0283,0,1,education,central,0
A204436,42,75502,3.2,5632,36,2032,0.0383,1,0,education,south,0
A204437,30,30282,9.4,12921,48,6186,0.2088,0,1,education,central,0
A204438,36,31549,3.2,13834,60,11128,0.2641,0,4,education,east,0
A204439,53,23168,4.2,19441,48,6087,0.3411,0,0,debt_consolidation,east,0
A204440,32,34380,2.7,26960,24,9580,0.5314,0,0,debt_consolidation,north,0
A204441,47,24195,4.1,8679,36,2637,0.1741,0,2,other,central,0
A204442,32,27111,1.1,10211,24,878,0.2045,2,2,medical,north,0
A204443,40,99771,3.1,26521,48,1648,0.0747,0,2,home_improvement,central,0
A204444,51,63087,8.4,8355,36,37667,0.3427,0,1,medical,east,0
A204445,36,240000,9.0,8255,24,2743,0.0229,0,1,education,east,0
A204446,41,59676,5.7,7468,60,1093,0.0342,0,1,home_improvement,south,0
A204447,59,54032,6.3,4180,36,6795,0.0887,0,0,medical,central,0
A204448,21,29549,6.6,6115,24,4786,0.1845,0,3,other,north,0
A204449,38,38663,1.1,9013,24,1510,0.1361,0,0,debt_consolidation,central,0
A204450,38,88856,5.9,5726,12,13733,0.1417,0,1,car,east,0
A204451,32,20774,2.7,4277,24,757,0.1212,0,2,other,central,0
A204452,35,24807,1.3,9924,12,2822,0.4569,1,2,medical,north,0
A204453,72,40958,6.1,2515,36,2611,0.0523,0,0,debt_consolidation,east,0
A204454,40,240000,0.5,20307,48,6810,0.0353,0,2,debt_consolidation,central,0
A204455,36,30130,2.2,3293,24,4629,0.1315,0,0,other,north,0
A204456,23,23429,0.9,6043,48,1265,0.0915,0,4,debt_consolidation,central,0
A204457,44,21014,4.0,4238,60,6061,0.1845,0,5,debt_consolidation,central,1
A204458,33,30301,1.3,4438,60,1344,0.0515,0,1,debt_consolidation,east,0
A204459,55,64644,3.6,3028,12,5614,0.0903,0,0,debt_consolidation,central,0
A204460,33,170759,2.3,9401,36,558,0.02,0,0,other,south,0
A204461,34,28931,0.6,53709,24,3814,0.9941,0,0,debt_consolidation,central,1
A204462,27,40565,0.7,10824,36,1025,0.1016,0,2,other,south,0
A204463,21,82038,5.0,9761,48,93847,0.6017,0,4,debt_consolidation,south,0
A204464,35,45381,9.8,7874,60,31254,0.3791,0,2,car,central,0
A204465,38,72022,3.6,13388,24,17580,0.215,0,4,debt_consolidation,east,0
A204466,28,70718,4.1,4631,48,5643,0.0563,0,2,debt_consolidation,north,0
A204467,59,83198,1.6,14286,12,8153,0.2207,0,2,debt_consolidation,east,0
A204468,49,32404,2.0,2963,24,2033,0.0771,1,4,medical,north,0
A204469,49,66007,0.8,14503,36,1411,0.0839,0,0,other,central,0
A204470,34,18415,6.7,10679,48,1934,0.1975,0,1,debt_consolidation,south,0
A204471,46,91945,3.3,7806,12,6187,0.1185,0,1,home_improvement,east,0
A204472,41,35162,2.9,1817,24,25864,0.3936,0,3,medical,east,0
A204473,22,172184,2.2,14904,12,4495,0.0996,0,2,education,east,0
A204474,29,52862,7.2,9056,12,1772,0.1881,0,2,car,north,0
A204475,49,41290,3.4,16573,12,1812,0.4233,0,2,car,south,0
A204476,29,22396,1.8,16121,24,10863,0.6024,0,0,debt_consolidation,south,0
A204477,39,42478,3.1,7266,12,2291,0.198,0,1,car,north,0
A204478,26,111179,4.9,1651,36,7406,0.0383,1,1,medical,south,0
A204479,28,24070,2.5,16669,48,7005,0.3186,0,1,debt_consolidation,south,0
A204480,26,84613,1.8,14545,24,22742,0.2203,0,0,debt_consolidation,east,0
A204481,26,72747,3.2,12669,48,11344,0.1215,0,1,debt_consolidation,central,0
A204482,32,61941,7.9,11420,24,3006,0.1164,0,3,home_improvement,east,0
A204483,61,79468,5.2,6053,24,7569,0.0857,0,1,education,south,0
A204484,38,65660,14.3,2957,48,3503,0.0379,0,1,debt_consolidation,south,0
A204485,30,28481,8.0,9348,60,4827,0.1504,2,0,debt_consolidation,north,0
A204486,23,26433,3.7,20337,12,12890,1.0132,0,0,education,central,1
A204487,27,44891,3.0,14841,48,11609,0.212,0,1,car,south,0
A204488,32,63443,9.3,16452,60,6306,0.1016,3,1,car,north,0
A204489,37,24388,4.0,9638,12,4636,0.4902,0,5,other,central,0
A204490,48,33684,2.4,13134,48,1075,0.1134,0,1,other,east,0
A204491,39,39032,3.8,4392,48,55636,0.7408,0,3,debt_consolidation,north,1
A204492,23,57251,8.3,11528,48,2697,0.0739,0,0,home_improvement,north,0
A204493,40,66260,7.0,5844,12,3297,0.1131,0,1,debt_consolidation,south,0
A204494,29,43514,0.9,28669,36,9103,0.3242,0,4,car,east,0
A204495,45,50728,4.0,10160,48,2983,0.0795,0,0,other,central,0
A204496,22,57354,2.7,5462,24,5671,0.0971,1,1,car,north,0
A204497,51,53033,10.4,10111,12,7211,0.2586,1,0,education,central,0
A204498,28,32416,4.0,11598,12,2632,0.3984,0,0,education,north,0
A204499,27,50091,2.5,27060,36,10300,0.2829,0,2,car,north,0
A204500,33,75783,4.1,2349,24,1273,0.0239,1,0,medical,east,0
A204501,41,42378,0.9,5419,12,23739,0.408,0,2,debt_consolidation,north,0
A204502,22,19958,0.4,4030,12,9598,0.4424,0,0,car,south,0
A204503,35,48847,4.8,7437,36,5523,0.1073,0,2,home_improvement,north,0
A204504,51,40632,1.8,6424,36,6297,0.1302,0,2,other,east,0
A204505,55,43645,4.4,15183,48,32554,0.4599,0,0,home_improvement,east,0
A204506,29,27075,4.8,9058,48,7801,0.2277,0,0,medical,north,0
A204507,39,57223,5.8,13832,12,1794,0.2574,0,1,home_improvement,south,0
A204508,37,14999,8.9,16200,36,3633,0.4811,0,1,medical,central,1
A204509,43,38926,10.5,21424,12,22296,0.8368,0,0,other,central,1
A204510,47,53129,13.0,16255,48,3339,0.1079,0,3,debt_consolidation,south,0
A204511,54,65209,4.2,4422,60,4478,0.0479,0,3,other,north,0
A204512,60,67558,2.0,5118,36,10827,0.1054,0,1,education,central,0
A204513,58,67611,2.3,4147,12,61899,0.5191,2,0,car,north,0
A204514,40,17899,5.2,7305,48,521,0.1166,1,3,debt_consolidation,central,0
A204515,47,135479,6.7,3615,24,3366,0.0258,0,0,debt_consolidation,east,0
A204516,33,138167,4.7,12633,36,2041,0.0379,0,1,education,north,0
A204517,26,42348,8.1,2374,36,7118,0.1027,0,0,car,east,0
A204518,21,66525,5.5,10312,48,30503,0.268,0,1,other,east,0
A204519,52,31471,8.6,15676,12,1392,0.5202,0,1,debt_consolidation,east,0
A204520,43,16415,3.9,8202,60,3671,0.2118,0,0,home_improvement,central,0
A204521,31,44681,5.4,13855,60,44508,0.5601,0,0,home_improvement,east,0
A204522,40,21938,9.4,7368,60,9333,0.2799,0,2,debt_consolidation,north,0
A204523,38,72467,10.2,7787,12,2310,0.1234,0,5,debt_consolidation,central,0
A204524,45,83426,3.2,16911,24,7793,0.1481,0,1,education,south,0
A204525,32,31338,5.1,2403,48,7231,0.1345,2,2,car,south,1
A204526,32,107728,2.5,5171,12,1451,0.0547,0,4,other,north,0
A204527,32,43278,11.2,4972,24,8119,0.1512,0,2,education,south,0
A204528,30,47669,3.2,13578,48,351,0.0749,0,4,debt_consolidation,north,1
A204529,33,52184,2.5,6658,12,11342,0.2363,0,2,car,north,0
A204530,48,83833,2.9,19575,48,3573,0.0797,0,1,debt_consolidation,north,0
A204531,33,26959,3.2,23125,24,2479,0.4749,0,0,car,south,0
A204532,42,28771,7.6,10419,60,8965,0.2282,0,2,debt_consolidation,east,0
A204533,22,59711,1.0,10375,48,5699,0.0912,0,5,home_improvement,south,0
A204534,27,16363,3.0,6945,60,1795,0.1397,0,0,debt_consolidation,south,0
A204535,48,9780,11.8,3625,24,888,0.2307,0,4,debt_consolidation,east,0
A204536,52,27581,1.8,21631,48,24943,0.6482,0,1,other,north,0
A204537,31,69322,1.6,9717,60,2700,0.0475,2,1,car,east,0
A204538,21,105299,3.1,11381,24,1708,0.0622,0,1,home_improvement,north,0
A204539,52,50506,3.5,17010,48,4696,0.1307,0,0,home_improvement,central,0
A204540,40,47058,10.2,7272,36,19738,0.2612,0,0,medical,south,0
A204541,31,28405,7.4,9264,12,6319,0.4374,0,0,home_improvement,central,0
A204542,43,33123,7.7,10939,24,807,0.1773,0,0,car,north,0
A204543,36,25775,0.6,13662,60,22990,0.552,0,3,car,central,0
A204544,22,60286,8.9,5191,24,9162,0.119,0,4,home_improvement,east,1
A204545,35,44028,2.5,14699,48,1913,0.1052,0,1,debt_consolidation,east,0
A204546,50,104512,6.8,5174,12,41673,0.2489,0,0,other,north,0
A204547,21,41324,3.9,2114,60,5090,0.0718,3,0,education,central,1
A204548,35,69969,3.5,6407,60,13862,0.1174,1,4,home_improvement,south,0
A204549,21,96081,8.6,5195,60,17077,0.0997,0,4,education,east,0
A204550,33,21966,6.7,1993,48,2502,0.0796,1,2,debt_consolidation,north,1
A204551,36,73928,2.8,10577,60,16599,0.1409,0,0,medical,north,0
A204552,34,34542,1.8,11208,12,1254,0.3426,0,0,other,south,0
A204553,32,24288,1.7,5555,36,8131,0.2436,0,2,car,central,0
A204554,40,59291,3.8,4964,24,10317,0.1289,0,1,other,central,0
A204555,31,40539,5.8,3210,60,4210,0.0678,0,5,car,north,0
A204556,21,39737,2.2,4110,60,12479,0.1777,0,5,medical,central,0
A204557,41,57689,5.1,15389,48,3605,0.0979,0,2,education,central,0
A204558,38,85423,7.7,9653,12,1840,0.1238,0,1,debt_consolidation,east,0
A204559,46,26461,3.2,4238,12,3789,0.2318,0,1,car,east,0
A204560,27,34636,4.9,11340,60,15980,0.2962,0,1,car,north,0
A204561,54,55738,4.2,7617,60,4102,0.0641,0,0,debt_consolidation,east,0
A204562,37,40253,1.9,20988,24,27682,0.6046,0,0,other,central,0
A204563,52,28415,1.4,7566,12,2588,0.3118,0,2,medical,east,0
A204564,49,58626,8.9,5135,36,26555,0.2557,0,0,home_improvement,central,0
A204565,35,92093,3.2,6741,12,2125,0.0847,0,0,medical,central,0
A204566,51,78365,5.0,4806,24,4361,0.0585,1,0,home_improvement,south,0
A204567,44,73566,8.1,30276,48,7139,0.1514,0,0,home_improvement,east,0
A204568,37,29385,10.7,22222,48,6163,0.2939,0,0,debt_consolidation,south,1
A204569,43,31763,5.4,14504,60,7866,0.2151,0,0,debt_consolidation,south,0
A204570,36,50399,3.3,7580,60,665,0.0367,0,1,car,central,0
A204571,22,99484,1.6,8598,48,22366,0.134,2,2,debt_consolidation,east,0
A204572,42,61440,9.5,15764,48,4739,0.1027,0,2,other,north,0
A204573,28,39124,2.4,7327,60,4628,0.0966,0,1,car,south,0
A204574,29,66923,2.5,20479,48,21418,0.2365,0,0,home_improvement,east,0
A204575,40,35432,4.1,11298,36,909,0.1191,1,1,car,central,0
A204576,41,37169,5.9,3827,60,22790,0.3272,2,0,debt_consolidation,central,1
A204577,49,35363,3.0,11012,60,4337,0.1236,0,0,debt_consolidation,south,0
A204578,49,34783,8.7,13211,12,4915,0.4505,1,4,home_improvement,east,0
A204579,50,40502,4.2,6794,12,7940,0.2658,0,2,medical,central,0
A204580,43,14615,1.6,5218,12,16539,0.9229,0,5,education,north,1
A204581,35,55424,8.1,11972,36,3122,0.1002,2,2,home_improvement,east,1
A204582,46,50473,3.6,6363,12,8665,0.2119,0,0,car,south,0
A204583,45,53245,10.2,7087,36,17184,0.2057,0,0,home_improvement,south,0
A204584,34,41287,1.3,4103,24,23344,0.3324,0,1,car,south,0
A204585,37,110992,3.2,8099,60,11611,0.0669,0,0,medical,south,0
A204586,34,53851,2.1,25789,60,2883,0.1225,0,1,home_improvement,north,0
A204587,39,25683,18.3,5550,36,10911,0.2844,0,2,home_improvement,east,0
A204588,23,51110,4.2,11387,48,6026,0.1146,0,0,car,central,0
A204589,61,33032,6.7,5823,24,30713,0.553,0,3,home_improvement,south,0
A204590,27,134894,0.5,14428,12,3007,0.1181,0,2,car,north,0
A204591,43,64293,1.1,12073,36,2596,0.0828,0,2,debt_consolidation,south,0
A204592,22,28284,11.1,13066,60,5729,0.1937,0,0,other,east,0
A204593,38,49618,2.9,2084,60,4290,0.0516,0,0,home_improvement,central,0
A204594,24,24761,7.7,8420,12,10804,0.5582,0,4,debt_consolidation,south,0
A204595,51,70952,8.7,8044,60,4261,0.0527,0,2,debt_consolidation,south,0
A204596,21,50919,9.3,8590,60,2496,0.0582,0,2,home_improvement,east,0
A204597,23,34487,5.8,10667,60,11988,0.2357,2,2,debt_consolidation,central,1
A204598,41,60451,5.8,6640,48,3235,0.0542,0,0,car,south,0
A204599,47,87120,7.7,7964,24,1174,0.0524,1,1,debt_consolidation,north,0
A204600,45,66956,5.4,8662,36,806,0.0491,0,1,other,south,0
A204601,32,61865,7.0,15241,60,3842,0.0803,0,1,medical,north,0
A204602,25,60417,8.1,8000,24,10890,0.1563,0,1,car,east,0
A204603,30,37682,7.4,5773,60,5252,0.1003,0,3,car,east,0
A204604,52,47538,3.9,7387,24,18497,0.2722,0,5,medical,central,1
A204605,41,53148,1.5,7050,48,7299,0.1018,0,2,home_improvement,east,0
A204606,27,59445,8.5,7571,24,5455,0.1096,0,0,other,east,0
A204607,41,122026,1.3,47813,12,3735,0.4071,0,3,home_improvement,central,0
A204608,58,38595,4.7,34921,24,5954,0.5295,0,2,education,central,0
A204609,38,124578,3.2,8451,24,5036,0.0541,0,0,debt_consolidation,central,0
A204610,69,42409,3.4,5715,36,6108,0.1169,0,1,education,south,0
A204611,28,25942,1.4,13536,12,14967,0.8102,0,0,home_improvement,central,0
A204612,27,107295,13.3,2702,60,55802,0.2651,0,1,education,south,0
A204613,21,73404,6.5,10352,48,962,0.0418,0,2,debt_consolidation,north,0
A204614,48,76075,1.9,7667,12,2175,0.1151,0,1,car,central,0
A204615,39,92323,1.1,10402,12,2203,0.1246,0,3,home_improvement,central,0
A204616,40,32162,2.9,2820,48,856,0.0352,0,2,other,east,0
A204617,34,33776,0.3,7508,24,2751,0.1519,0,0,car,central,0
A204618,46,73037,9.6,5775,60,215,0.0173,0,1,medical,north,0
A204619,36,157618,5.8,3670,12,5388,0.0404,0,3,education,east,0
A204620,52,50325,6.8,24161,24,4347,0.2832,0,0,car,north,0
A204621,36,59028,5.9,6987,48,30510,0.288,0,5,education,south,0
A204622,29,44792,1.7,10376,48,4082,0.1035,0,0,home_improvement,east,0
A204623,57,60447,1.9,10129,36,8638,0.1273,0,2,medical,north,0
A204624,26,25784,1.5,7116,12,8686,0.4444,1,1,car,north,0
A204625,47,96585,5.5,19975,48,646,0.055,0,4,education,central,0
A204626,41,91719,4.6,13015,12,1728,0.1513,0,0,home_improvement,north,0
A204627,31,72767,7.0,13192,36,1244,0.069,0,0,debt_consolidation,south,0
A204628,42,113999,1.4,8737,60,3616,0.0312,0,1,home_improvement,east,0
A204629,23,42267,1.9,6286,36,8833,0.1541,0,4,other,north,0
A204630,33,115042,3.9,6752,36,27011,0.137,0,1,car,south,0
A204631,21,48171,6.6,2665,24,10969,0.1415,0,4,car,east,0
A204632,31,48985,4.7,16623,60,1747,0.0857,2,4,car,north,0
A204633,54,41847,3.6,8375,12,16102,0.3925,0,5,debt_consolidation,south,0
A204634,33,56661,20.0,1450,60,387,0.0085,0,2,home_improvement,central,0
A204635,48,35769,3.8,29087,36,3497,0.3199,0,2,other,central,0
A204636,39,37991,3.6,5231,24,2734,0.1048,0,1,car,north,0
A204637,43,40361,5.3,11058,36,8988,0.2027,0,2,home_improvement,south,0
A204638,25,48206,8.2,6437,24,1463,0.0819,0,4,debt_consolidation,central,0
A204639,41,52994,5.5,20886,48,731,0.1054,0,2,other,north,0
A204640,41,102724,0.7,13721,24,948,0.0714,0,5,debt_consolidation,east,0
A204641,55,33375,0.8,13034,48,25841,0.4848,0,5,other,central,0
A204642,42,72003,2.4,24592,36,5820,0.1543,0,1,debt_consolidation,central,0
A204643,33,66080,1.5,28413,24,1165,0.2238,0,0,debt_consolidation,east,1
A204644,35,139426,7.2,3479,24,29184,0.1171,0,0,medical,south,0
A204645,32,60911,8.2,8458,24,3436,0.0976,0,1,debt_consolidation,north,0
A204646,36,53695,4.6,10767,36,4761,0.1112,0,0,debt_consolidation,central,0
A204647,33,104071,1.1,3014,12,42788,0.2345,0,3,car,north,1
A204648,42,67719,5.1,3174,60,6119,0.0546,1,2,debt_consolidation,south,0
A204649,49,212083,9.8,14264,60,5205,0.0257,1,2,home_improvement,south,0
A204650,45,29103,3.0,17912,12,3366,0.6733,0,3,car,east,0
A204651,31,51382,12.2,6375,36,3584,0.0762,0,2,other,north,0
A204652,51,56705,5.1,7473,24,8983,0.1451,0,0,other,north,0
A204653,38,47268,4.0,32357,24,6617,0.4123,0,0,car,central,0
A204654,32,42323,7.8,10669,48,2203,0.089,0,1,debt_consolidation,south,0
A204655,43,89046,2.9,21570,12,9552,0.2959,0,3,car,east,0
A204656,30,20973,4.8,8541,60,3802,0.1721,0,0,debt_consolidation,east,0
A204657,47,113641,1.4,4073,60,1111,0.0121,0,0,debt_consolidation,central,0
A204658,51,81965,1.3,7516,24,3856,0.0694,0,2,other,south,0
A204659,47,47237,5.8,3687,60,10374,0.1254,1,0,other,east,0
A204660,26,37066,3.6,2581,12,6995,0.164,0,0,home_improvement,south,0
A204661,33,79781,3.3,13589,60,4842,0.0644,0,0,other,north,0
A204662,42,31645,2.4,6843,12,2871,0.2616,0,0,home_improvement,east,0
A204663,21,38635,1.2,11170,48,844,0.0832,0,0,debt_consolidation,south,0
A204664,21,40897,5.0,4092,36,1408,0.0506,0,0,debt_consolidation,central,0
A204665,21,27407,5.4,1000,48,12315,0.2338,0,4,debt_consolidation,east,1
A204666,45,44140,10.0,13808,12,18744,0.5251,0,2,education,east,0
A204667,35,40077,1.3,9644,36,10108,0.2063,1,2,car,central,0
A204668,37,67001,6.8,8486,24,6163,0.1093,0,1,car,south,0
A204669,48,77913,6.3,3700,12,1548,0.0574,0,2,debt_consolidation,central,0
A204670,44,104403,0.4,2662,60,4259,0.0255,0,1,debt_consolidation,central,0
A204671,32,25610,3.7,4340,60,12438,0.2767,0,2,car,east,0
A204672,44,142021,1.3,10677,24,1127,0.0416,1,2,home_improvement,south,0
A204673,47,33866,8.6,6264,60,5053,0.1116,0,2,education,south,0
A204674,45,31955,5.7,3160,36,15729,0.2791,0,0,education,south,0
A204675,31,36671,8.4,11470,12,7269,0.4119,0,0,home_improvement,north,0
A204676,43,37700,2.8,7225,48,6942,0.14,0,0,debt_consolidation,east,1
A204677,26,26426,8.1,14401,36,22203,0.6017,0,0,debt_consolidation,central,1
A204678,22,101850,8.5,9556,48,8683,0.0661,0,0,car,south,0
A204679,45,48147,2.2,18442,24,77899,1.0005,1,1,car,central,1
A204680,35,33197,3.3,3492,12,3172,0.153,0,0,education,east,1
A204681,38,56478,9.4,4142,24,3166,0.0647,0,0,debt_consolidation,south,0
A204682,33,72221,0.9,24517,60,35103,0.3109,0,1,education,north,0
A204683,21,98674,0.6,3505,24,7106,0.0538,0,2,education,north,0
A204684,29,84602,5.0,13088,24,11315,0.1442,0,0,debt_consolidation,east,0
A204685,47,57320,1.2,3361,36,8037,0.0897,0,1,other,north,0
A204686,33,90783,10.8,8024,36,2240,0.0418,0,0,home_improvement,south,0
A204687,38,34584,3.1,6818,36,17007,0.3116,0,1,home_improvement,north,0
A204688,60,19132,4.9,14413,48,3322,0.2752,0,2,car,north,0
A204689,60,34647,0.9,14787,24,1498,0.235,0,0,car,central,0
A204690,21,68728,16.1,11757,60,39109,0.3187,0,2,debt_consolidation,north,0
A204691,35,39542,8.2,14555,48,2267,0.1207,0,0,debt_consolidation,central,0
A204692,34,205569,4.7,18358,24,20946,0.0956,0,1,home_improvement,east,0
A204693,50,67242,0.7,21779,48,1610,0.0929,0,3,car,central,0
A204694,30,55246,0.6,8635,36,1095,0.062,1,0,debt_consolidation,east,0
A204695,33,61907,9.3,4564,24,16424,0.1695,0,0,other,south,0
A204696,23,60107,2.6,9490,12,10204,0.2428,0,1,other,central,0
A204697,34,31633,1.2,5195,60,834,0.046,0,1,education,north,0
A204698,46,38101,5.3,11766,36,1759,0.126,0,4,car,east,0
A204699,40,32847,10.4,6436,36,15025,0.294,0,0,debt_consolidation,east,0
A204700,44,33250,3.3,2360,36,5320,0.1037,0,5,debt_consolidation,east,1
A204701,29,87672,4.2,11617,36,3185,0.0623,0,0,home_improvement,north,0
A204702,30,54681,14.7,7001,12,4948,0.1733,0,1,home_improvement,north,0
A204703,34,88410,9.0,2498,48,9061,0.0583,0,0,car,south,0
A204704,28,40394,6.4,5911,24,1134,0.0872,0,0,other,central,0
A204705,24,47621,7.2,11080,24,10955,0.2314,0,2,medical,south,0
A204706,41,24517,1.9,3892,36,5756,0.1703,0,0,other,south,0
A204707,41,98650,0.7,9222,48,24911,0.1496,0,1,debt_consolidation,north,0
A204708,33,24042,1.8,8035,24,10049,0.3761,0,3,education,east,0
A204709,58,44099,5.3,5613,36,1994,0.065,0,1,debt_consolidation,east,0
A204710,46,54428,2.8,13627,36,5905,0.1377,0,1,home_improvement,central,0
A204711,41,81936,5.2,11648,60,23073,0.1692,0,5,debt_consolidation,north,0
A204712,45,37586,1.5,9586,36,15584,0.2923,0,0,medical,central,0
A204713,29,23865,3.5,6298,24,14157,0.4286,0,0,debt_consolidation,east,0
A204714,44,71155,1.6,7613,36,4289,0.0658,1,2,other,south,0
A204715,47,30696,5.5,5260,48,5876,0.1386,0,5,debt_consolidation,south,0
A204716,36,42038,7.2,11103,60,1231,0.0675,0,1,home_improvement,south,0
A204717,40,68540,9.4,6867,36,12892,0.1274,0,3,other,north,0
A204718,24,28105,0.4,18749,12,1245,0.6893,0,3,home_improvement,north,0
A204719,31,32595,7.5,11567,36,3402,0.1705,0,3,debt_consolidation,central,0
A204720,27,64804,10.3,13168,60,59767,0.5018,0,2,debt_consolidation,south,0
A204721,25,62556,6.8,4767,36,12052,0.1217,1,0,home_improvement,south,0
A204722,29,143682,1.2,2685,36,7780,0.0333,0,0,home_improvement,north,0
A204723,56,48961,11.3,8585,60,2819,0.0639,0,1,debt_consolidation,north,0
A204724,50,86911,2.9,4326,36,2873,0.0331,0,0,debt_consolidation,south,0
A204725,61,85247,3.2,10968,36,4282,0.068,0,1,home_improvement,central,0
A204726,21,80028,4.4,1195,60,13745,0.0889,0,0,education,north,0
A204727,26,51293,3.8,7712,24,14721,0.2187,1,0,debt_consolidation,central,0
A204728,32,69539,1.1,3230,24,1728,0.0356,1,0,education,south,0
A204729,28,50145,4.1,14525,36,34823,0.4438,0,0,home_improvement,south,0
A204730,35,87953,2.2,10502,60,2616,0.0388,0,2,education,north,0
A204731,21,44248,3.5,5451,24,15776,0.2399,0,1,car,south,0
A204732,33,110078,12.0,7703,60,4321,0.0336,0,0,debt_consolidation,south,0
A204733,31,79112,10.0,6873,12,4715,0.1167,0,3,debt_consolidation,central,0
A204734,33,94194,6.1,5279,48,23489,0.1387,0,3,car,central,0
A204735,24,54504,3.4,10794,24,28203,0.3577,0,0,debt_consolidation,south,0
A204736,54,73959,2.7,8191,48,712,0.0325,0,0,other,east,0
A204737,39,32051,7.5,17268,48,11737,0.3178,0,3,car,central,0
A204738,52,100175,1.5,24467,48,19935,0.1606,1,1,home_improvement,north,0
A204739,38,27214,3.2,9658,36,13810,0.372,0,5,home_improvement,east,0
A204740,52,22790,13.7,5026,36,7713,0.2427,0,0,medical,east,0
A204741,28,57220,1.4,6532,24,16669,0.2027,1,2,car,south,0
A204742,32,54236,2.8,5555,24,10847,0.1512,0,0,education,east,0
A204743,30,26530,9.1,7347,36,11854,0.3157,0,1,debt_consolidation,east,0
A204744,48,29779,4.0,3700,60,31650,0.5563,0,2,debt_consolidation,north,1
A204745,56,48896,5.9,12254,36,10554,0.1915,0,1,debt_consolidation,central,0
A204746,45,36863,2.8,11185,36,1229,0.1178,1,4,debt_consolidation,north,0
A204747,39,75560,5.9,6672,36,12148,0.1098,0,4,medical,north,0
A204748,50,33191,5.9,9913,24,2997,0.1945,0,0,other,east,0
A204749,45,86103,10.1,10380,36,10794,0.1029,0,0,medical,north,0
A204750,29,86883,1.9,3028,48,1802,0.0191,0,0,car,east,0
A204751,54,82019,7.6,6125,24,2245,0.051,0,0,home_improvement,east,0
A204752,46,54886,3.1,11024,60,5638,0.0915,1,1,debt_consolidation,north,0
A204753,25,28097,4.6,36650,48,1839,0.3588,0,2,debt_consolidation,north,0
A204754,46,39052,5.3,8513,48,4983,0.1183,0,1,debt_consolidation,east,0
A204755,23,50997,0.7,10866,12,27262,0.4804,0,1,debt_consolidation,south,0
A204756,28,20570,2.7,6898,24,45165,1.2,1,4,car,north,1
A204757,32,79869,4.3,17288,48,11603,0.1268,0,1,debt_consolidation,central,0
A204758,36,55394,4.4,3510,12,18188,0.2275,0,1,home_improvement,north,0
A204759,49,55596,6.8,9478,60,1399,0.0467,0,0,medical,central,0
A204760,32,85268,7.6,4213,48,872,0.0175,0,2,home_improvement,central,0
A204761,31,68988,5.6,4351,48,15002,0.1245,0,1,home_improvement,north,0
A204762,45,67303,5.0,52706,60,20466,0.3087,0,4,home_improvement,east,0
A204763,37,120497,6.8,7205,12,1647,0.0666,0,0,debt_consolidation,central,0
A204764,33,41269,20.5,8300,48,3130,0.0882,0,0,education,north,0
A204765,45,71084,7.0,17321,12,4031,0.272,0,2,debt_consolidation,south,0
A204766,34,40268,1.8,50947,60,8094,0.3535,0,0,home_improvement,north,0
A204767,33,50989,11.0,5565,24,3049,0.0845,0,3,debt_consolidation,central,0
A204768,26,53234,8.9,18617,12,5466,0.4011,0,4,home_improvement,central,0
A204769,39,31004,2.0,4109,24,6765,0.1754,0,0,debt_consolidation,south,0
A204770,44,67453,4.6,10531,12,15119,0.2682,2,5,car,north,1
A204771,31,33852,9.5,19862,12,20893,0.8953,0,0,other,central,0
A204772,59,40645,5.8,8727,36,1320,0.0878,0,1,education,north,0
A204773,44,55635,1.6,6752,24,15431,0.1994,1,0,car,south,0
A204774,21,137791,4.1,40107,12,9850,0.3268,0,0,car,central,0
A204775,39,57747,4.0,11072,12,5163,0.2364,0,2,home_improvement,central,0
A204776,27,82351,9.3,6077,24,11061,0.1041,0,2,debt_consolidation,south,0
A204777,41,117744,4.6,13856,48,2787,0.0413,0,0,debt_consolidation,east,0
A204778,51,57971,5.9,4346,12,9968,0.1609,0,0,home_improvement,east,0
A204779,44,74563,4.0,5381,24,8936,0.096,0,1,debt_consolidation,north,0
A204780,40,57991,1.0,4674,48,2392,0.0408,0,0,home_improvement,central,0
A204781,39,16169,3.4,13841,60,4040,0.2961,1,1,debt_consolidation,central,0
A204782,31,17358,9.2,13252,24,7662,0.6024,0,1,car,east,0
A204783,47,75708,2.7,9217,48,2488,0.0469,0,1,debt_consolidation,central,0
A204784,40,110586,3.2,6074,60,2477,0.0222,0,0,car,central,0
A204785,47,49269,5.2,12212,48,10795,0.1715,0,3,education,north,0
A204786,29,123582,3.2,3017,24,2292,0.0215,0,1,debt_consolidation,north,0
A204787,50,54283,1.0,13443,60,526,0.0544,0,2,debt_consolidation,north,0
A204788,23,33588,8.2,5211,24,11967,0.2557,0,1,debt_consolidation,north,1
A204789,23,15822,7.2,4071,24,2200,0.1982,0,1,other,south,0
A204790,28,59152,5.6,6474,36,93971,0.8308,0,3,debt_consolidation,central,1
A204791,46,129987,1.7,13311,24,28963,0.1626,0,0,car,east,0
A204792,28,57796,17.6,4873,24,1817,0.0579,0,3,debt_consolidation,north,0
A204793,66,46676,2.8,10204,24,5842,0.1719,2,1,car,central,0
A204794,31,59711,4.5,19476,60,55876,0.5331,0,0,debt_consolidation,east,0
A204795,32,172729,1.7,15231,12,5375,0.1037,0,1,education,east,0
A204796,30,77283,4.0,6663,48,5509,0.0572,0,0,debt_consolidation,central,0
A204797,39,73128,1.1,2234,60,14665,0.1064,0,0,other,north,0
A204798,30,42293,3.5,3399,24,2748,0.0727,0,0,education,north,0
A204799,37,32505,2.8,5146,24,3728,0.1365,0,1,car,south,0
A204800,31,53166,1.8,28869,24,2632,0.2963,0,1,home_improvement,east,0
A204801,33,49284,1.2,7480,48,737,0.0454,0,0,education,south,0
A204802,33,48488,6.7,8828,24,1241,0.1038,0,0,car,south,0
A204803,54,125403,3.1,6786,24,1784,0.0342,1,0,other,central,0
A204804,36,98349,4.3,3278,12,5480,0.0612,0,1,home_improvement,central,0
A204805,70,54807,5.9,5240,48,25850,0.2597,2,2,debt_consolidation,north,0
A204806,50,31459,2.3,8326,24,15413,0.3773,0,0,car,central,0
A204807,32,67711,4.0,4501,48,6850,0.0672,0,0,education,north,0
A204808,23,109431,6.6,8095,12,21560,0.1725,0,0,education,south,0
A204809,39,28958,3.1,3060,60,3912,0.0887,0,1,debt_consolidation,central,0
A204810,52,70571,8.7,9255,48,3461,0.0573,1,1,car,east,0
A204811,34,28000,12.6,5500,12,2422,0.2397,1,0,car,north,0
A204812,44,61042,4.0,12106,48,69869,0.6219,0,5,debt_consolidation,east,1
A204813,33,24254,7.6,4640,12,3444,0.2623,0,3,debt_consolidation,south,0
A204814,39,60260,2.0,14183,12,1149,0.2449,0,1,car,central,0
A204815,30,58585,3.1,3765,12,53156,0.5179,0,1,home_improvement,north,0
A204816,46,92068,8.4,7316,12,3118,0.0964,0,0,car,north,0
A204817,45,72150,4.4,6499,60,11128,0.0951,1,1,debt_consolidation,north,0
A204818,51,60507,3.0,18234,60,19871,0.2245,0,0,debt_consolidation,central,0
A204819,38,20185,10.8,4861,12,2494,0.3026,0,1,car,east,0
A204820,39,59640,5.6,2231,24,7824,0.0843,0,0,home_improvement,central,0
A204821,55,69037,3.8,26377,24,1187,0.1996,0,1,home_improvement,east,0
A204822,50,65855,4.3,25720,36,1504,0.1416,0,0,debt_consolidation,central,0
A204823,49,145830,3.9,8747,24,1897,0.0365,0,0,debt_consolidation,central,0
A204824,43,39976,5.3,11325,60,3821,0.1045,0,2,home_improvement,south,0
A204825,37,103107,0.6,8146,36,5055,0.0508,0,1,car,east,0
A204826,55,81604,0.5,7410,24,7105,0.0889,0,1,medical,central,0
A204827,54,72469,3.5,5778,12,1994,0.0935,0,2,education,north,0
A204828,35,51388,2.3,10456,60,3844,0.0781,0,3,car,north,0
A204829,23,25209,3.4,5999,24,11232,0.3418,1,0,education,east,1
A204830,34,30153,6.3,28387,36,2351,0.3528,0,1,debt_consolidation,north,0
A204831,21,137981,2.1,11788,60,6807,0.0418,3,0,car,central,0
A204832,21,20005,4.2,8100,12,15881,0.8018,0,0,car,east,0
A204833,21,30959,1.3,4509,24,3562,0.1303,0,1,debt_consolidation,east,0
A204834,31,59354,9.8,6264,24,322,0.0555,0,3,debt_consolidation,south,0
A204835,30,94682,0.9,15985,36,708,0.06,0,0,debt_consolidation,central,0
A204836,37,36495,9.0,16958,60,2064,0.1212,0,1,debt_consolidation,central,0
A204837,42,61436,1.1,21759,48,1787,0.1031,0,0,home_improvement,east,0
A204838,53,29357,9.8,29874,36,78258,1.2,0,0,other,east,0
A204839,24,40029,3.6,21449,48,6367,0.2135,0,4,home_improvement,north,0
A204840,30,63453,7.5,26361,60,9632,0.159,0,0,debt_consolidation,central,0
A204841,21,44191,7.7,27347,48,7519,0.2398,0,2,debt_consolidation,east,0
A204842,35,141233,3.9,7339,12,6105,0.0736,1,4,education,north,0
A204843,48,67755,5.6,8383,24,28882,0.275,2,5,car,south,1
A204844,54,29364,10.0,5977,24,25679,0.539,0,1,debt_consolidation,south,0
A204845,27,42718,1.6,14216,24,6283,0.2399,0,2,car,central,0
A204846,39,67924,6.4,7659,60,1110,0.0307,0,0,home_improvement,north,0
A204847,32,57395,2.7,8874,60,3717,0.0633,0,1,education,central,0
A204848,21,59892,10.5,16567,60,8787,0.1287,0,1,home_improvement,east,0
A204849,21,31017,3.0,4722,48,942,0.0532,1,3,home_improvement,east,0
A204850,21,14729,1.0,22916,60,11446,0.6997,0,0,debt_consolidation,east,1
A204851,56,44287,2.3,10651,36,3651,0.1214,0,1,other,north,0
A204852,52,59751,2.4,7490,24,4016,0.0963,1,2,home_improvement,east,0
A204853,30,46211,4.6,6726,36,1419,0.0639,0,1,debt_consolidation,east,0
A204854,22,52711,5.3,6835,12,24193,0.3592,0,0,home_improvement,south,1
A204855,42,69576,4.3,9211,60,1299,0.0358,0,2,education,east,0
A204856,21,64352,16.1,38557,24,70096,0.8442,0,3,debt_consolidation,east,1
A204857,21,64603,2.3,6507,48,7824,0.0857,0,0,other,east,0
A204858,38,36992,16.0,3101,36,8557,0.1436,0,1,medical,central,0
A204859,44,24414,4.6,5716,48,3114,0.1223,0,0,education,south,0
A204860,39,61088,3.0,3170,12,4347,0.0875,0,5,debt_consolidation,east,0
A204861,37,67918,1.2,5616,60,4633,0.0506,0,1,other,north,0
A204862,25,21193,8.2,12033,60,2584,0.1745,0,1,car,north,0
A204863,34,55501,0.2,14043,12,818,0.2604,0,0,debt_consolidation,east,0
A204864,38,101549,18.8,1996,12,1991,0.0295,0,1,medical,north,0
A204865,21,53775,2.9,3772,48,550,0.0226,3,2,debt_consolidation,north,0
A204866,28,96610,8.0,4467,48,6084,0.043,0,0,other,east,0
A204867,37,44084,7.6,18211,24,3821,0.2499,0,0,car,east,0
A204868,21,67820,7.5,5017,48,3618,0.0452,3,4,medical,north,0
A204869,34,59333,9.0,7512,12,2169,0.1449,0,2,car,north,0
A204870,21,46644,4.5,15151,36,21672,0.3406,0,4,car,central,0
A204871,45,37610,2.0,5554,12,4946,0.2134,0,0,medical,central,0
A204872,35,106932,4.1,5747,12,13182,0.1154,0,2,education,central,0
A204873,29,21593,4.0,8463,36,5671,0.262,1,5,other,south,0
A204874,41,46235,4.5,18899,60,504,0.0872,1,4,debt_consolidation,south,0
A204875,31,26620,4.6,7476,24,1249,0.1639,1,3,car,south,0
A204876,35,24072,1.5,4735,24,20372,0.5215,0,0,education,south,0
A204877,30,18215,8.3,6986,24,10849,0.4896,1,0,debt_consolidation,central,0
A204878,31,55154,4.7,31863,48,14136,0.2726,0,2,education,south,0
A204879,36,46690,3.2,7015,12,32361,0.4968,0,0,home_improvement,north,0
A204880,41,36841,1.8,16322,24,4387,0.2811,0,0,other,north,0
A204881,38,43624,4.1,6343,48,3438,0.0758,0,1,debt_consolidation,east,0
A204882,50,54517,1.7,6997,24,7651,0.1343,1,2,car,north,0
A204883,34,42464,3.7,14876,24,3267,0.2136,0,3,debt_consolidation,north,0
A204884,50,28051,1.6,7374,48,4173,0.1401,0,1,other,central,0
A204885,25,56714,4.1,8595,24,5016,0.12,0,1,debt_consolidation,central,0
A204886,34,26002,8.9,8044,36,10459,0.3042,0,0,car,south,0
A204887,42,33075,2.3,18145,12,2045,0.5795,0,2,home_improvement,east,0
A204888,39,76415,2.5,2072,48,8274,0.0609,0,0,debt_consolidation,east,0
A204889,43,29244,0.5,10491,36,2573,0.1636,0,4,home_improvement,east,0
A204890,24,39792,2.1,8223,48,4238,0.1049,1,2,debt_consolidation,north,0
A204891,33,58537,1.5,4296,60,2479,0.0359,0,0,debt_consolidation,east,0
A204892,56,100216,8.1,3487,24,8606,0.0603,1,3,medical,central,0
A204893,39,24315,4.6,6597,24,1757,0.1718,0,1,other,east,0
A204894,40,29694,1.5,4385,48,6739,0.1504,0,1,debt_consolidation,central,0
A204895,55,15078,12.8,8494,36,16457,0.7335,0,2,debt_consolidation,central,0
A204896,27,34306,4.9,8369,36,3755,0.136,0,1,debt_consolidation,south,1
A204897,37,67218,0.7,7846,36,1629,0.051,0,0,car,central,1
A204898,55,81571,1.9,10997,36,5357,0.0778,0,1,education,central,0
A204899,64,32757,1.5,5817,24,2300,0.1239,0,0,debt_consolidation,north,0
A204900,47,54328,10.2,13863,36,2000,0.1035,0,3,medical,central,0
A204901,58,60004,4.2,6351,60,2852,0.0449,0,0,medical,north,0
A204902,48,70087,0.3,6613,12,1137,0.1025,0,0,debt_consolidation,north,0
A204903,39,37329,5.4,8943,24,1817,0.1441,3,4,home_improvement,central,0
A204904,42,64407,0.8,4183,36,4174,0.0541,0,1,car,north,0
A204905,21,14150,4.3,25315,60,6014,0.5703,0,3,medical,south,0
A204906,28,40751,2.5,12153,60,7701,0.1541,0,1,other,central,0
A204907,57,59676,2.6,25160,60,5472,0.1302,1,2,medical,north,0
A204908,45,40693,1.3,8636,48,5998,0.1268,0,1,debt_consolidation,central,0
A204909,38,36588,14.3,4192,12,4801,0.1802,1,2,car,north,0
A204910,62,20434,1.9,4876,12,11714,0.5253,0,0,home_improvement,east,0
A204911,33,36637,2.4,22830,60,3633,0.1742,0,0,home_improvement,south,0
A204912,28,49484,3.1,4458,36,959,0.0397,0,1,debt_consolidation,south,0
A204913,23,152628,1.4,8131,48,7770,0.0388,0,0,car,south,0
A204914,37,92615,7.5,4368,24,29290,0.1817,0,0,car,central,0
A204915,45,145007,2.9,4560,60,1515,0.0115,0,2,debt_consolidation,central,0
A204916,43,62863,5.7,7726,24,2567,0.0819,0,0,debt_consolidation,north,0
A204917,44,55589,4.2,6732,12,2149,0.1404,0,0,debt_consolidation,central,0
A204918,34,56079,7.1,8473,60,11332,0.1313,0,0,debt_consolidation,north,0
A204919,39,41271,2.1,34216,36,11230,0.4124,0,4,car,central,0
A204920,43,30939,9.9,6659,12,2011,0.2477,0,0,debt_consolidation,central,0
A204921,26,49056,6.3,20770,12,2429,0.4482,0,3,home_improvement,central,0
A204922,31,76327,6.5,12200,36,1135,0.0607,0,0,debt_consolidation,south,0
A204923,21,14492,4.2,6819,48,8794,0.421,1,0,car,south,0
A204924,33,76519,3.9,8830,24,6954,0.1031,0,5,other,south,0
A204925,33,66035,12.2,5591,24,4341,0.0752,0,0,education,east,0
A204926,46,86772,2.1,7119,48,4441,0.0461,0,1,debt_consolidation,north,0
A204927,39,106052,4.0,6981,24,2548,0.0449,0,1,debt_consolidation,north,0
A204928,37,113425,4.2,5631,24,7699,0.0588,0,4,other,north,0
A204929,43,23257,8.0,15989,60,3692,0.2169,0,0,education,central,0
A204930,37,23338,8.8,8821,12,37070,1.1722,2,0,car,south,1
A204931,23,45432,7.5,6925,60,13989,0.1844,0,0,other,east,0
A204932,28,30188,4.1,19458,60,53149,1.0092,0,4,debt_consolidation,east,0
A204933,53,110689,13.4,8165,36,6461,0.0538,0,1,car,north,0
A204934,40,49815,7.9,8473,60,1400,0.0481,0,0,other,south,0
A204935,31,17697,2.4,2633,24,4003,0.1875,0,1,car,central,0
A204936,36,30045,4.5,5045,24,4627,0.161,0,1,debt_consolidation,south,0
A204937,40,97101,10.4,4201,12,7593,0.0824,0,2,other,north,0
A204938,37,75518,9.4,19297,60,10138,0.1182,3,3,home_improvement,south,1
A204939,21,58933,5.4,12634,36,2078,0.0891,0,3,debt_consolidation,central,0
A204940,23,44905,1.6,3706,24,1456,0.0575,0,1,medical,central,0
A204941,45,30154,4.0,2060,24,10196,0.2032,0,3,medical,south,0
A204942,21,76972,0.9,4536,24,5406,0.0646,0,2,other,north,0
A204943,21,53363,4.3,8599,60,876,0.0404,0,0,medical,south,0
A204944,22,33080,0.7,7093,48,6123,0.1462,0,0,home_improvement,north,1
A204945,53,35194,1.8,8927,36,12080,0.2562,0,2,debt_consolidation,north,0
A204946,33,22240,8.9,10538,24,3547,0.3167,0,1,medical,north,0
A204947,21,133929,6.4,10575,60,24426,0.107,0,3,other,east,0
A204948,39,16393,2.3,6424,60,4119,0.204,0,0,home_improvement,east,0
A204949,44,63570,1.2,5304,24,5465,0.0847,0,1,home_improvement,central,0
A204950,38,120658,1.1,15443,36,3026,0.0552,2,0,debt_consolidation,east,0
A204951,37,66170,11.3,9428,24,11761,0.1601,0,0,car,north,0
A204952,36,46348,9.2,1819,48,19975,0.2253,3,0,debt_consolidation,central,1
A204953,21,80869,2.5,6685,48,5942,0.0574,3,1,debt_consolidation,east,0
A204954,34,55439,2.3,3626,24,2044,0.0511,0,2,car,south,0
A204955,46,79925,1.1,17100,48,3444,0.075,0,0,other,central,0
A204956,48,77287,3.1,11789,24,2992,0.0956,0,0,home_improvement,east,0
A204957,29,96730,0.9,11261,24,15808,0.1399,0,2,medical,north,0
A204958,54,61908,4.0,7669,24,5011,0.1024,0,5,car,north,1
A204959,34,56602,1.6,5857,60,3755,0.0539,0,1,home_improvement,central,0
A204960,37,10030,13.1,11658,12,4627,1.2,1,2,car,south,0
A204961,29,57295,4.6,10938,36,18120,0.2218,0,4,other,central,0
A204962,42,17517,2.6,8519,36,2208,0.2251,1,2,home_improvement,south,0
A204963,50,18840,2.8,18831,36,3766,0.4331,0,2,car,east,0
A204964,26,114259,2.9,17623,36,17176,0.1266,0,0,education,south,0
A204965,21,158558,3.0,11682,12,4333,0.0873,0,5,debt_consolidation,east,0
A204966,32,57194,5.8,15202,36,2433,0.1099,0,3,debt_consolidation,north,0
A204967,45,89469,3.1,4776,60,2397,0.0241,0,0,car,north,0
A204968,37,62195,4.4,9908,24,2829,0.1024,0,0,debt_consolidation,south,0
A204969,25,61640,6.8,27487,36,3582,0.1777,0,1,medical,east,0
A204970,45,32589,1.2,20316,36,4452,0.2761,0,2,other,south,0
A204971,41,46767,4.3,6209,12,4018,0.1757,0,3,debt_consolidation,south,0
A204972,32,22446,5.7,4623,36,39653,0.952,1,5,debt_consolidation,south,1
A204973,39,26939,0.5,6408,12,2049,0.2759,0,0,car,central,0
A204974,37,93924,4.5,7098,48,10195,0.0732,0,1,home_improvement,south,0
A204975,26,41271,4.9,4608,36,15946,0.2304,0,0,car,north,0
A204976,34,129582,1.4,3810,24,1928,0.0221,0,1,home_improvement,south,0
A204977,22,43457,6.5,10545,48,17158,0.2581,0,0,medical,north,0
A204978,32,52694,11.5,4981,24,3815,0.0835,0,0,car,east,0
A204979,42,107182,2.3,9644,60,22190,0.1215,0,0,medical,south,0
A204980,39,119393,5.1,11102,12,9727,0.1337,0,4,home_improvement,south,0
A204981,31,20028,4.8,6771,60,4118,0.1704,0,1,home_improvement,central,0
A204982,53,28333,8.2,5654,24,1849,0.1324,3,0,education,south,1
A204983,45,97955,3.3,11272,24,2904,0.0724,0,1,other,north,0
A204984,21,48712,3.5,4940,36,4475,0.0797,0,1,home_improvement,central,0
A204985,48,75364,2.2,14482,12,15792,0.2969,0,0,medical,central,0
A204986,21,33917,9.4,7996,36,18700,0.3543,1,3,debt_consolidation,central,0
A204987,30,49285,2.1,9941,60,12105,0.1631,0,0,debt_consolidation,south,0
A204988,37,36715,1.7,7563,60,5167,0.1116,1,0,debt_consolidation,east,0
A204989,35,160745,2.3,18080,12,3266,0.1226,0,4,home_improvement,central,0
A204990,49,59040,1.6,7903,24,7376,0.1294,0,1,debt_consolidation,east,0
A204991,47,101041,7.1,4225,12,2901,0.0562,0,0,education,central,0
A204992,38,109418,0.8,15056,48,35086,0.1947,0,4,home_improvement,north,0
A204993,21,96128,4.7,13604,36,4458,0.0704,1,1,car,east,1
A204994,22,76639,3.0,2158,24,6277,0.055,1,3,home_improvement,north,1
A204995,31,43782,4.9,18907,12,7935,0.5225,0,1,debt_consolidation,south,0
A204996,31,46020,4.6,6952,12,20329,0.3719,0,1,medical,central,1
A204997,42,27188,1.1,22228,24,4596,0.4933,0,0,home_improvement,north,0
A204998,21,112644,2.0,3429,48,10313,0.0534,0,1,home_improvement,south,0
A204999,59,71581,1.6,3600,48,23139,0.1742,0,1,medical,north,0
A205000,35,75423,3.1,16335,48,5189,0.0885,0,1,car,south,0
A205001,40,45257,2.2,3493,48,11462,0.1459,0,0,other,central,0
A205002,30,49540,3.2,4655,24,4952,0.097,0,1,car,north,0
A205003,57,67538,5.0,17625,24,3280,0.1548,0,0,car,south,0
A205004,30,40259,3.4,4311,24,21730,0.3234,2,3,home_improvement,south,1
A205005,21,41549,0.9,3237,36,7478,0.116,0,0,car,north,0
A205006,51,71206,0.8,7228,60,4272,0.0503,0,1,home_improvement,central,0
A205007,48,25771,2.6,28252,12,85122,1.2,0,1,home_improvement,north,1
A205008,43,49887,0.6,7077,24,6306,0.1341,0,1,debt_consolidation,east,0
A205009,42,38088,0.8,18745,48,3187,0.1649,0,1,home_improvement,north,0
A205010,48,41368,0.6,29005,36,2981,0.2697,0,4,debt_consolidation,south,0
A205011,48,46691,7.5,10815,12,2615,0.2596,0,0,debt_consolidation,central,1
A205012,41,46520,6.1,7359,36,23474,0.305,0,3,other,north,1
A205013,43,34677,0.7,9811,48,15264,0.2908,0,3,car,east,0
A205014,24,62628,5.0,8402,36,9912,0.1239,0,1,car,east,0
A205015,37,85936,7.2,6880,24,5368,0.0713,0,0,other,east,0
A205016,34,52434,8.2,15038,24,7369,0.2137,0,1,debt_consolidation,east,0
A205017,26,38792,6.7,25154,12,1610,0.6692,0,1,home_improvement,east,0
A205018,38,10082,2.2,19383,60,1883,0.4779,3,2,car,central,1
A205019,39,35875,10.1,14136,12,5638,0.4726,1,3,other,north,1
A205020,42,36637,5.4,22608,60,3589,0.1724,0,1,medical,central,0
A205021,39,29208,4.7,46629,48,3744,0.4632,0,2,medical,central,0
A205022,45,72422,4.4,7833,36,467,0.0393,0,1,home_improvement,north,0
A205023,23,54890,4.8,5523,24,35258,0.3715,0,1,education,central,0
A205024,24,111061,3.2,9135,60,510,0.0187,0,0,other,south,0
A205025,21,43421,3.9,22858,60,24715,0.3899,0,0,medical,north,0
A205026,53,37014,3.4,6442,36,4516,0.119,0,0,car,east,0
A205027,21,26703,5.8,11532,48,30877,0.6861,1,2,car,east,0
A205028,51,70201,14.0,17752,36,4016,0.1129,0,0,debt_consolidation,central,0
A205029,47,23744,6.5,3274,24,14146,0.3668,0,0,car,north,0
A205030,63,29729,1.2,16036,48,12311,0.3419,0,0,car,south,0
A205031,49,94512,6.3,4829,60,3706,0.0298,0,1,home_improvement,east,0
A205032,28,27614,3.7,4823,12,931,0.1915,0,2,other,east,0
A205033,38,28060,2.3,24179,24,4736,0.5152,0,1,education,central,1
A205034,59,43139,7.4,7394,60,10279,0.1534,0,3,debt_consolidation,north,0
A205035,27,48578,2.8,14225,12,4037,0.3344,0,1,car,north,0
A205036,44,20625,7.5,2819,12,4910,0.2557,0,0,debt_consolidation,north,0
A205037,31,36386,4.5,13234,48,26466,0.4546,0,0,debt_consolidation,central,0
A205038,35,121892,2.8,4585,60,4932,0.0278,0,0,debt_consolidation,central,0
A205039,44,95137,3.5,11874,24,30441,0.2224,0,2,car,east,0
A205040,21,44153,6.6,4105,24,588,0.0531,0,3,other,east,0
A205041,41,27347,6.2,15111,60,5263,0.2067,0,1,home_improvement,east,0
A205042,35,23476,4.3,9486,60,17767,0.4592,0,1,education,north,0
A205043,43,36968,2.8,12003,24,4440,0.2224,0,1,home_improvement,north,0
A205044,24,53792,3.9,8759,48,1753,0.057,0,2,education,east,0
A205045,50,38801,8.8,9023,12,4567,0.2914,0,2,home_improvement,north,0
A205046,36,61961,2.4,30889,24,3623,0.2785,0,4,education,east,0
A205047,49,47087,2.3,6707,48,2478,0.0619,0,1,home_improvement,south,0
A205048,47,37470,5.0,6616,12,16383,0.3952,0,1,car,central,0
A205049,35,71018,1.3,2887,48,6627,0.0568,0,2,medical,south,0
A205050,46,33493,6.0,7660,12,6168,0.3208,2,5,debt_consolidation,north,1
A205051,21,103619,3.4,3955,24,3797,0.0374,0,2,home_improvement,north,0
A205052,31,89740,5.0,4216,12,10305,0.1044,0,5,home_improvement,south,0
A205053,48,110916,0.5,6798,12,2149,0.071,0,0,car,south,0
A205054,49,61430,7.0,10206,36,35302,0.3427,0,0,car,north,0
A205055,50,21100,9.5,14952,24,8627,0.5587,1,1,home_improvement,south,0
A205056,59,46884,5.3,5915,60,5455,0.0834,3,0,car,north,0
A205057,29,120896,8.6,7675,48,20777,0.1018,0,3,debt_consolidation,east,0
A205058,37,61825,0.5,4955,48,10572,0.1055,0,0,other,north,0
A205059,46,43204,11.0,5377,36,1857,0.063,1,1,car,east,0
A205060,45,26934,5.6,7388,36,14833,0.3668,0,2,debt_consolidation,east,0
A205061,49,70319,6.3,34110,60,10252,0.1699,0,3,home_improvement,south,0
A205062,38,26230,6.0,6205,36,12853,0.3239,0,4,other,south,0
A205063,45,58222,4.4,6384,12,520,0.1141,0,0,car,east,0
A205064,44,71916,1.9,12191,24,2944,0.1052,0,0,debt_consolidation,south,0
A205065,48,49226,5.2,5785,24,7887,0.1389,0,2,home_improvement,south,0
A205066,30,50624,1.7,12527,36,18549,0.2657,0,1,debt_consolidation,south,0
A205067,38,41977,8.0,5769,36,42962,0.5575,0,2,car,east,0
A205068,25,25758,2.9,8411,12,1107,0.348,0,1,debt_consolidation,east,0
A205069,38,58289,2.4,19579,24,11963,0.2706,0,1,other,central,0
A205070,44,47002,12.2,12345,12,39658,0.6845,0,0,car,east,0
A205071,39,34240,10.6,4935,48,17241,0.2878,0,1,home_improvement,east,0
A205072,56,65978,5.2,5833,48,3423,0.048,0,4,car,central,0
A205073,36,53148,2.8,11862,48,5102,0.1038,0,1,car,north,0
A205074,48,80622,6.8,7226,12,7537,0.1364,0,0,home_improvement,north,0
A205075,41,38477,1.7,16093,48,60511,0.8909,0,0,other,central,0
A205076,26,68621,7.3,34527,36,7931,0.2255,0,5,medical,east,0
A205077,26,75747,4.4,5089,36,2759,0.0406,0,0,debt_consolidation,east,0
A205078,30,30513,5.8,9470,36,1317,0.125,1,1,debt_consolidation,east,0
A205079,28,67341,20.6,12143,60,21243,0.1938,0,0,home_improvement,south,0
A205080,28,42319,2.8,8497,60,16165,0.2311,0,2,education,central,0
A205081,53,62749,9.3,5401,60,3014,0.0412,0,1,home_improvement,east,0
A205082,40,33120,2.5,7172,24,826,0.1207,0,4,car,central,0
A205083,55,89956,1.5,3834,24,5279,0.0507,1,0,home_improvement,south,0
A205084,25,30513,5.3,15813,12,1151,0.5371,0,2,home_improvement,central,0
A205085,44,14797,0.6,6117,48,6623,0.3271,0,1,debt_consolidation,east,0
A205086,32,21014,4.4,4360,36,15304,0.4333,0,0,debt_consolidation,central,1
A205087,41,27377,4.8,3671,24,3902,0.1383,0,0,debt_consolidation,central,0
A205088,61,33868,5.6,45510,12,6747,1.2,0,2,other,north,1
A205089,57,51617,6.4,5003,60,24500,0.2567,1,2,car,north,0
A205090,34,63367,7.6,17005,12,4407,0.3031,0,0,education,east,0
A205091,52,58610,4.3,16664,24,5127,0.1859,0,1,medical,north,0
A205092,43,88592,3.8,9713,48,1187,0.0341,0,1,education,central,0
A205093,30,60554,2.2,21389,12,6141,0.4039,0,1,car,central,0
A205094,25,89776,1.3,16588,36,1429,0.0695,1,1,debt_consolidation,north,0
A205095,59,54011,5.0,25821,36,3441,0.1912,0,2,education,east,0
A205096,38,28620,2.5,8354,60,9080,0.217,0,3,debt_consolidation,central,0
A205097,30,49785,3.9,60000,12,30890,1.2,0,0,medical,north,1
A205098,41,54148,4.1,21557,36,3900,0.1687,1,0,education,north,0
A205099,39,28863,2.6,16420,48,14023,0.3851,0,0,home_improvement,south,0
A205100,50,27282,1.7,15196,24,1872,0.3128,0,1,medical,south,0
A205101,42,61682,4.0,19222,36,5485,0.1483,0,2,home_improvement,central,0
A205102,51,17935,11.8,32426,60,6097,0.5316,3,1,car,north,0
A205103,38,54735,6.7,3607,12,5279,0.1141,0,0,debt_consolidation,east,1
A205104,51,33465,5.7,11908,48,2456,0.1257,0,0,debt_consolidation,central,0
A205105,36,109631,8.2,5319,36,1875,0.0247,0,1,car,central,0
A205106,38,53188,0.4,42134,60,6647,0.2209,0,1,car,south,0
A205107,33,95447,4.1,6024,24,2890,0.0467,0,0,other,south,0
A205108,39,18629,13.4,3373,12,1099,0.2106,0,1,other,east,0
A205109,48,80318,4.3,5274,60,2659,0.0297,0,0,home_improvement,north,0
A205110,31,43098,3.6,27470,12,3659,0.6798,0,0,debt_consolidation,south,0
A205111,49,27240,3.6,3417,24,2132,0.1019,0,2,home_improvement,north,0
A205112,24,17073,0.9,15288,60,2483,0.2518,0,1,education,south,0
A205113,44,32830,2.9,5384,24,862,0.0951,0,0,education,north,0
A205114,33,55268,4.6,1064,60,12839,0.12,0,0,other,north,0
A205115,25,52501,2.4,6798,24,11839,0.1775,0,0,car,south,0
A205116,25,67702,1.4,7607,12,3644,0.1393,0,1,debt_consolidation,east,0
A205117,62,49359,2.8,8650,60,2344,0.0588,0,1,other,north,0
A205118,21,85190,2.4,9446,12,1830,0.1216,0,3,debt_consolidation,central,0
A205119,33,76441,2.8,1823,48,1884,0.0183,0,0,education,south,0
A205120,25,33369,1.1,10838,36,1937,0.1373,2,0,car,north,0
A205121,24,35036,0.4,5417,36,1126,0.0676,0,3,debt_consolidation,central,0
A205122,30,52174,2.5,9964,36,2001,0.0828,0,1,home_improvement,south,0
A205123,49,97325,5.6,23945,12,107792,0.7998,0,1,home_improvement,north,0
A205124,31,61919,14.8,2134,36,15581,0.1373,0,4,debt_consolidation,east,0
A205125,32,38623,3.1,5615,36,843,0.0594,0,3,education,central,0
A205126,35,143196,1.5,12426,36,8043,0.057,0,1,debt_consolidation,central,0
A205127,21,107924,0.9,12414,36,12925,0.0982,0,0,debt_consolidation,south,0
A205128,38,64253,1.9,32673,60,6524,0.1525,3,1,home_improvement,south,0
A205129,41,45448,2.0,10505,60,2056,0.0688,1,0,debt_consolidation,south,0
A205130,37,37624,3.0,14150,60,8748,0.1915,0,2,debt_consolidation,central,0
A205131,21,76030,2.1,8380,48,5878,0.0662,0,5,debt_consolidation,central,0
A205132,67,105935,3.5,9212,60,3675,0.0347,0,1,other,north,0
A205133,44,60598,3.8,8417,12,6008,0.1885,0,4,car,central,0
A205134,34,49226,12.1,9591,24,4985,0.1481,0,0,education,central,0
A205135,22,113111,0.7,17533,60,4491,0.0509,0,0,medical,north,0
A205136,40,23180,3.5,17330,36,3635,0.3276,0,0,home_improvement,east,0
A205137,30,20939,2.7,10578,36,3406,0.2497,0,3,car,north,0
A205138,42,54003,2.4,6322,48,42585,0.4236,0,0,car,north,0
A205139,56,27407,3.1,8156,60,4756,0.1463,0,0,medical,central,0
A205140,32,15961,2.7,7882,36,5475,0.3361,0,1,other,east,0
A205141,43,34646,3.0,13325,36,3662,0.1811,2,2,home_improvement,south,1
A205142,26,38571,7.8,27712,36,5500,0.3108,0,0,other,north,0
A205143,51,67628,2.6,20263,60,2515,0.0785,0,1,debt_consolidation,central,0
A205144,34,66595,6.0,6266,48,23369,0.199,0,1,debt_consolidation,east,0
A205145,50,45625,1.4,9010,24,9893,0.2072,0,2,home_improvement,south,0
A205146,27,77096,3.3,13911,48,1390,0.0541,0,1,medical,east,0
A205147,41,62154,10.6,9875,60,3130,0.057,2,5,home_improvement,north,0
A205148,43,44697,5.0,2893,12,14044,0.2218,0,0,car,east,0
A205149,21,23531,1.9,3684,60,4950,0.1365,1,2,education,south,0
A205150,35,105799,5.9,6621,60,41556,0.2089,0,1,home_improvement,east,0
A205151,42,74370,3.9,14473,24,7780,0.1496,0,4,car,north,0
A205152,27,31657,4.4,6222,24,2397,0.1361,0,0,other,east,0
A205153,50,29745,6.8,8556,48,1531,0.0976,1,1,other,central,0
A205154,58,65686,3.5,6895,48,2278,0.0436,1,0,education,east,0
A205155,53,51495,0.7,7547,36,1835,0.0667,1,5,other,south,1
A205156,37,64843,7.1,2245,24,59917,0.4793,0,0,debt_consolidation,south,0
A205157,39,42922,3.6,28339,60,379,0.1365,0,5,other,north,1
A205158,39,53856,2.8,14217,12,15941,0.412,0,0,education,north,0
A205159,26,38905,3.6,2412,24,2607,0.0645,1,0,car,central,0
A205160,31,44722,2.3,7968,36,11118,0.1837,0,1,debt_consolidation,south,0
A205161,29,156783,5.2,14611,60,12205,0.0576,0,0,home_improvement,south,0
A205162,37,57374,2.2,29842,48,1555,0.1436,0,0,medical,north,0
A205163,39,54031,5.9,16054,24,2660,0.1732,0,0,debt_consolidation,south,0
A205164,31,45192,0.7,14053,60,6425,0.1333,0,1,other,north,0
A205165,51,86963,0.9,6241,36,16205,0.1171,1,1,car,east,0
A205166,34,46556,4.0,32028,12,8094,0.7749,0,2,other,central,0
A205167,30,47174,11.5,9921,36,11859,0.1958,0,3,debt_consolidation,south,0
A205168,24,93128,1.3,7894,12,23094,0.2088,0,0,car,south,0
A205169,22,64046,4.6,18543,24,3181,0.1696,0,0,debt_consolidation,central,0
A205170,29,43700,3.3,7712,36,9369,0.166,2,2,home_improvement,north,0
A205171,39,69902,2.5,13451,48,11360,0.1294,0,1,debt_consolidation,south,0
A205172,31,53521,11.8,11622,12,2955,0.2448,0,4,debt_consolidation,north,0
A205173,39,62488,0.4,4125,12,2529,0.0862,0,0,home_improvement,central,0
A205174,34,50790,2.0,5673,24,4532,0.1005,1,1,home_improvement,south,0
A205175,48,33088,9.2,13538,24,2449,0.2416,0,1,debt_consolidation,central,0
A205176,21,77711,2.7,16367,12,3311,0.2319,0,1,other,east,0
A205177,46,57957,3.7,8165,60,10403,0.1179,0,0,home_improvement,north,0
A205178,30,36605,7.6,17992,12,622,0.5,2,1,other,north,1
A205179,46,69894,1.4,7064,48,8259,0.0843,0,1,home_improvement,south,0
A205180,22,24340,3.2,7638,12,1743,0.3496,0,1,debt_consolidation,north,0
A205181,48,94519,1.8,24120,12,21733,0.3702,0,2,other,east,0
A205182,34,62600,5.5,7770,60,23552,0.2129,0,1,debt_consolidation,north,0
A205183,47,47972,5.9,7861,12,10127,0.2694,2,1,home_improvement,central,0
A205184,49,44495,3.6,1502,48,6423,0.0806,1,5,debt_consolidation,east,1
A205185,41,69346,3.4,4482,12,23641,0.2351,0,3,car,south,1
A205186,21,46637,9.3,7984,24,613,0.0922,0,1,debt_consolidation,north,0
A205187,27,49228,2.6,14149,12,6383,0.3522,0,3,other,south,0
A205188,30,92160,3.4,16744,12,29019,0.3391,0,1,car,central,0
A205189,37,51724,2.3,5013,60,9096,0.1073,0,3,car,south,0
A205190,38,34612,19.2,5574,12,15239,0.3812,0,0,debt_consolidation,south,0
A205191,45,56513,4.6,49718,36,13719,0.4146,0,0,education,south,0
A205192,47,121230,2.1,3287,36,9202,0.047,0,0,debt_consolidation,north,0
A205193,40,67895,3.0,3544,24,1614,0.038,0,0,debt_consolidation,east,0
A205194,49,44523,1.9,11985,36,13140,0.2373,0,1,car,central,0
A205195,24,100762,2.8,11104,60,39427,0.2177,1,0,debt_consolidation,east,0
A205196,21,67250,7.2,14448,12,18079,0.3493,0,2,education,east,0
A205197,27,50656,2.3,3860,24,4828,0.0858,0,0,car,north,0
A205198,47,48020,2.4,12508,60,1087,0.0634,0,0,education,north,0
A205199,21,26788,11.4,4654,36,10025,0.245,1,0,car,central,0
A205200,24,55343,4.8,4957,48,1778,0.0385,1,2,debt_consolidation,north,0
A205201,41,30247,2.3,16686,12,83998,1.2,0,1,home_improvement,east,1
A205202,45,43378,5.0,6760,36,1867,0.0735,0,3,debt_consolidation,central,0
A205203,48,54397,7.7,7855,12,16392,0.2951,0,3,car,east,0
A205204,37,30254,3.9,10663,24,1502,0.201,0,0,car,north,1
A205205,40,42010,6.3,11011,24,3899,0.1775,0,0,medical,south,0
A205206,31,60520,4.3,20730,48,3537,0.1149,0,5,car,central,0
A205207,31,50208,2.8,16095,36,6461,0.1712,0,2,debt_consolidation,north,0
A205208,56,136858,2.1,3936,12,1064,0.0326,0,0,other,east,0
A205209,32,49823,1.5,9599,36,2186,0.0862,0,3,debt_consolidation,central,0
A205210,47,24403,1.5,4314,12,1003,0.1973,0,3,debt_consolidation,east,0
A205211,34,21846,0.9,6185,60,1753,0.0967,0,3,home_improvement,central,0
A205212,33,95815,3.1,24511,12,2249,0.2676,0,3,car,east,0
A205213,46,94642,6.5,10852,24,7192,0.0953,0,0,education,south,0
A205214,51,41371,5.0,8515,36,28152,0.4088,0,0,other,north,0
A205215,31,53200,9.0,10691,12,2263,0.2222,0,1,education,north,0
A205216,31,18833,2.3,17713,24,61189,1.2,0,2,debt_consolidation,south,1
A205217,44,43567,1.8,7155,24,5591,0.1463,0,2,other,east,0
A205218,23,54164,8.7,11821,36,5612,0.1246,0,0,debt_consolidation,north,0
A205219,50,23586,8.9,10143,48,1278,0.1346,0,3,debt_consolidation,south,0
A205220,46,78517,3.2,4663,48,13787,0.1026,0,0,education,east,0
A205221,30,101137,4.6,5929,12,5866,0.0876,1,0,car,central,0
A205222,54,44701,6.3,1660,24,3358,0.0561,0,0,home_improvement,south,0
A205223,30,27921,6.8,21107,60,34107,0.762,0,1,debt_consolidation,north,1
A205224,34,39205,2.6,8894,24,5199,0.1797,0,1,debt_consolidation,east,0
A205225,33,130774,4.2,2843,48,5510,0.0265,0,0,debt_consolidation,east,0
A205226,48,34080,1.0,3575,24,3576,0.1049,1,2,debt_consolidation,south,0
A205227,54,14616,0.1,3622,12,1704,0.3061,0,0,debt_consolidation,east,0
A205228,47,150210,14.4,14228,12,15952,0.1478,0,1,home_improvement,central,0
A205229,48,75085,6.4,11179,60,5971,0.0695,0,2,car,south,0
A205230,21,98968,4.2,6792,36,2357,0.0348,0,0,other,central,0
A205231,38,41159,10.0,6178,60,7207,0.1176,0,3,car,north,1
A205232,41,63883,3.8,12045,36,11125,0.1499,0,3,car,east,0
A205233,49,47486,2.6,3625,36,12886,0.1611,0,0,car,north,0
A205234,33,64218,0.9,6650,60,1370,0.0314,0,0,car,east,0
A205235,42,31351,5.9,15891,48,1317,0.1477,0,4,debt_consolidation,central,0
A205236,39,61170,3.9,11341,12,14251,0.3019,0,3,other,east,0
A205237,48,193593,6.9,16391,60,4339,0.0281,0,2,medical,south,0
A205238,32,24269,4.6,11630,60,962,0.1157,0,1,home_improvement,south,0
A205239,36,46643,5.2,10896,36,1598,0.095,0,0,other,south,0
A205240,50,47890,0.5,17933,60,15240,0.234,0,0,debt_consolidation,north,0
A205241,21,104637,7.5,7840,60,2809,0.0284,0,2,car,north,0
A205242,37,59521,2.9,24694,60,27474,0.3138,0,4,car,south,0
A205243,41,67705,3.8,7870,24,15049,0.1693,0,0,car,east,0
A205244,21,51815,2.1,19746,60,3050,0.1056,0,0,home_improvement,north,0
A205245,26,50646,9.3,16710,36,2629,0.1359,0,2,car,central,0
A205246,37,122050,12.3,7035,24,10025,0.0699,0,2,car,central,0
A205247,44,163242,1.8,8983,48,28019,0.0996,0,0,debt_consolidation,north,0
A205248,51,56995,1.8,22001,60,12402,0.186,0,1,home_improvement,east,0
A205249,24,42665,5.5,9095,12,15174,0.391,0,3,debt_consolidation,east,0
A205250,28,70205,8.2,21572,24,4064,0.1826,0,0,debt_consolidation,south,0
A205251,40,15936,0.5,9659,24,5525,0.4764,1,0,debt_consolidation,east,0
A205252,24,91620,3.0,2894,48,5347,0.0371,0,2,car,south,0
A205253,53,50096,0.9,5276,24,3769,0.0903,2,1,education,south,0
A205254,42,18780,1.3,6389,12,2626,0.4101,0,5,education,south,0
A205255,31,66724,3.5,12750,36,2407,0.0817,1,0,car,east,0
A205256,23,42136,5.5,6174,12,1151,0.1602,0,1,debt_consolidation,central,0
A205257,54,57094,2.7,23234,24,1847,0.2196,0,2,car,south,0
A205258,44,42432,7.9,6549,60,7787,0.1226,0,0,home_improvement,north,0
A205259,35,38367,2.1,56921,12,7598,1.2,0,0,medical,north,1
A205260,27,22710,2.1,6940,60,13785,0.3646,0,0,car,central,0
A205261,44,56847,6.8,6574,12,10245,0.2058,0,1,medical,east,0
A205262,43,21446,1.5,11379,60,12296,0.3928,1,0,debt_consolidation,east,0
A205263,35,15439,3.4,9070,48,1025,0.1801,0,0,debt_consolidation,central,0
A205264,49,32274,1.6,2967,24,6102,0.1405,0,0,car,north,0
A205265,31,21096,5.1,15012,36,2558,0.2978,0,2,debt_consolidation,central,0
A205266,36,69677,1.1,8943,12,2470,0.1461,0,0,debt_consolidation,north,0
A205267,42,27810,7.7,4629,48,9311,0.209,0,4,debt_consolidation,east,0
A205268,47,54202,5.4,8543,36,3245,0.0825,0,0,education,north,0
A205269,26,170491,1.3,18968,12,6764,0.1311,0,0,car,south,0
A205270,51,39403,2.8,22846,60,9273,0.2336,0,0,home_improvement,south,0
A205271,49,45042,3.9,4380,24,10631,0.1666,0,0,other,central,0
A205272,31,30543,2.5,24146,36,24446,0.6637,0,1,medical,east,1
A205273,44,44079,1.7,11837,60,3984,0.0989,0,0,car,central,0
A205274,31,81252,1.6,4651,60,6103,0.049,0,1,other,south,0
A205275,25,75744,7.9,21383,48,417,0.0733,0,1,other,north,0
A205276,56,52175,9.5,17196,48,12528,0.2025,0,1,car,east,0
A205277,43,42142,6.8,6149,12,2761,0.1787,0,0,home_improvement,north,0
A205278,33,35167,9.4,15181,60,3737,0.1395,0,2,car,central,0
A205279,31,73024,7.0,15945,36,3462,0.0965,0,2,education,east,0
A205280,21,74569,5.1,5847,36,472,0.0293,0,5,other,south,0
A205281,22,72892,1.7,7892,60,4241,0.0507,0,1,other,central,0
A205282,45,51152,3.1,11554,12,7783,0.302,0,5,home_improvement,south,0
A205283,26,76327,9.6,10842,60,8834,0.0863,0,0,home_improvement,north,0
A205284,25,32235,2.7,37422,12,12461,1.2,1,1,debt_consolidation,north,0
A205285,60,17906,1.5,4005,24,14193,0.5082,0,0,debt_consolidation,south,0
A205286,21,49459,1.3,4441,60,14634,0.1659,1,1,home_improvement,central,1
A205287,47,34783,4.0,9340,24,1302,0.153,3,0,car,central,0
A205288,21,73751,8.1,11046,36,39341,0.3166,0,0,car,north,0
A205289,55,125503,7.8,11463,36,74688,0.328,0,0,debt_consolidation,north,0
A205290,45,37580,2.0,6540,12,5697,0.2498,2,0,debt_consolidation,south,0
A205291,40,82209,3.7,3918,60,1241,0.0171,0,1,debt_consolidation,south,0
A205292,45,72043,0.7,24156,48,24559,0.2543,0,1,debt_consolidation,north,0
A205293,36,92859,5.9,4242,48,7534,0.052,2,1,car,south,0
A205294,36,46191,3.1,5653,12,1983,0.1438,0,1,medical,south,1
A205295,40,42553,3.8,12513,24,2466,0.176,0,1,other,south,0
A205296,21,54273,2.5,6759,36,5141,0.0889,0,0,home_improvement,south,0
A205297,43,33293,6.3,8718,36,2561,0.1257,0,1,home_improvement,central,0
A205298,34,75240,10.3,5905,12,12542,0.1618,1,0,home_improvement,south,0
A205299,21,104439,4.8,5474,36,13323,0.0813,0,1,other,north,0
A205300,50,52047,4.3,6733,12,1328,0.1421,0,1,education,central,0
A205301,49,28143,9.8,7981,36,3851,0.1629,0,0,medical,east,0
A205302,44,47651,2.4,2734,24,23648,0.2768,1,2,car,south,0
A205303,24,44421,1.5,1951,60,14165,0.1682,0,0,debt_consolidation,south,1
A205304,35,42869,5.6,11297,24,2603,0.1621,0,3,car,central,0
A205305,32,17736,5.1,8383,60,15792,0.5397,2,1,other,north,0
A205306,55,85883,7.9,3557,60,6168,0.0442,0,1,car,south,0
A205307,39,71801,2.7,15407,48,4183,0.0828,0,0,home_improvement,south,1
A205308,47,29054,5.2,7152,12,838,0.2606,0,0,home_improvement,north,0
A205309,25,51746,1.4,11569,36,24117,0.3076,0,3,home_improvement,north,0
A205310,31,62907,11.5,12892,12,32777,0.4655,2,3,debt_consolidation,central,1
A205311,33,25741,10.2,11309,48,6539,0.2368,0,1,medical,central,0
A205312,32,59438,2.0,15792,60,2803,0.0767,1,1,debt_consolidation,east,1
A205313,38,102487,0.6,12921,36,7951,0.0808,2,1,debt_consolidation,north,1
A205314,47,31387,0.7,8504,24,6697,0.2422,0,0,car,south,0
A205315,49,62034,3.7,15672,48,16965,0.1999,0,0,education,east,0
A205316,53,56492,0.4,32008,12,5154,0.6122,0,1,other,north,0
A205317,21,22775,2.1,11594,60,36137,0.8952,0,0,medical,north,0
A205318,37,49214,5.4,6759,60,826,0.0359,0,5,education,north,0
A205319,34,105762,5.4,4718,36,3904,0.0333,0,1,other,south,0
A205320,44,25570,14.0,5356,36,11656,0.2977,0,1,debt_consolidation,south,0
A205321,32,47302,1.3,8622,12,2768,0.2115,2,1,home_improvement,south,0
A205322,53,49252,4.2,5644,36,931,0.0476,0,2,debt_consolidation,north,0
A205323,42,86833,5.8,14585,48,3428,0.0617,0,0,medical,central,0
A205324,36,46408,3.4,23673,60,12372,0.2353,1,0,debt_consolidation,north,0
A205325,47,62053,3.7,28827,36,5146,0.1963,0,1,debt_consolidation,south,0
A205326,30,35534,8.9,11415,12,14763,0.529,0,2,debt_consolidation,north,0
A205327,31,56021,2.2,8613,48,3574,0.0703,0,1,car,central,0
A205328,34,109424,2.7,4106,36,18906,0.0989,0,0,car,east,0
A205329,41,48921,6.3,16218,24,7390,0.2413,0,2,other,north,0
A205330,37,54730,2.4,18775,24,1045,0.1811,0,5,debt_consolidation,north,0
A205331,33,19367,6.0,13966,12,7898,0.925,0,1,debt_consolidation,north,1
A205332,33,66893,5.0,5074,60,8455,0.0784,0,1,home_improvement,central,0
A205333,23,45156,4.0,8317,48,7209,0.1259,0,0,education,south,0
A205334,39,87881,7.6,12705,60,1119,0.0353,0,1,home_improvement,south,0
A205335,44,32001,3.4,24916,24,10537,0.5539,2,2,home_improvement,south,1
A205336,65,22443,1.7,4116,48,1789,0.0857,0,2,other,south,0
A205337,37,36049,1.0,12721,60,1502,0.0914,0,0,debt_consolidation,north,0
A205338,44,57925,8.9,6655,60,3232,0.0509,0,1,debt_consolidation,central,0
A205339,56,23149,2.1,3461,60,1991,0.0729,0,0,home_improvement,north,0
A205340,33,122894,2.0,12702,24,2233,0.0608,0,0,debt_consolidation,central,0
A205341,52,72262,1.0,1398,48,6193,0.0477,0,4,medical,east,0
A205342,35,65542,2.3,4428,12,2048,0.0832,0,0,debt_consolidation,central,0
A205343,48,73502,1.6,18691,12,10241,0.324,0,2,other,north,1
A205344,21,49567,1.8,2756,36,6841,0.0875,0,2,debt_consolidation,north,0
A205345,65,25229,4.1,6908,24,1531,0.1672,0,1,medical,south,0
A205346,41,26346,8.8,10621,60,45882,0.9514,0,0,car,east,0
A205347,30,119756,5.2,3265,24,1744,0.0209,0,3,debt_consolidation,east,0
A205348,41,87979,2.6,4730,36,10017,0.0748,0,0,home_improvement,east,0
A205349,56,32487,8.2,11332,48,196,0.0902,0,2,car,south,0
A205350,32,69971,1.8,28599,60,19930,0.2242,0,0,car,east,0
A205351,30,54009,5.5,12923,12,5855,0.2935,0,3,home_improvement,north,0
A205352,31,43381,3.2,46434,48,6495,0.3425,0,0,debt_consolidation,north,1
A205353,33,93761,3.8,10152,36,5230,0.064,0,2,home_improvement,south,0
A205354,22,19989,5.2,6732,36,2398,0.1722,0,0,education,central,0
A205355,34,23626,5.7,11293,60,2214,0.1425,2,0,education,south,0
A205356,35,33900,11.5,8204,48,178,0.0631,1,3,debt_consolidation,south,0
A205357,52,47746,3.8,2949,24,5366,0.0871,1,4,education,north,0
A205358,51,36055,2.9,12543,60,15559,0.2853,0,0,debt_consolidation,north,0
A205359,37,86896,5.8,3893,60,5177,0.0387,2,4,medical,central,1
A205360,45,80504,5.7,10158,24,3570,0.0853,0,0,education,north,0
A205361,48,34996,4.2,14957,48,2920,0.1486,0,0,car,east,0
A205362,50,74755,6.0,9001,48,2721,0.0483,0,0,car,north,0
A205363,39,63992,1.9,6152,12,1938,0.1113,0,1,education,south,0
A205364,31,51256,3.8,6026,60,1293,0.0361,1,1,debt_consolidation,central,0
A205365,27,53471,5.9,6889,12,16628,0.2843,1,0,home_improvement,south,0
A205366,40,41899,2.5,8189,60,12365,0.1866,1,2,medical,south,1
A205367,44,102688,11.0,8341,48,3164,0.0357,0,0,education,east,0
A205368,32,33614,9.6,13436,60,11520,0.2513,0,0,debt_consolidation,south,0
A205369,46,49699,2.9,24221,24,20094,0.4458,0,3,medical,south,0
A205370,48,53431,9.9,15209,36,9570,0.1844,1,0,education,east,1
A205371,40,223029,4.5,11472,60,4085,0.0194,0,1,other,central,0
A205372,26,78962,4.6,4198,36,3096,0.0373,0,0,car,east,0
A205373,45,13322,2.2,3407,12,6955,0.5168,0,4,other,south,0
A205374,37,15228,1.4,5249,60,4800,0.2265,1,1,other,central,1
A205375,38,48182,2.9,7194,24,6443,0.1415,0,0,home_improvement,east,0
A205376,31,75159,1.0,14112,24,5714,0.1319,0,0,medical,east,0
A205377,39,14848,4.9,17403,60,1781,0.2944,0,1,home_improvement,south,0
A205378,22,54910,1.2,14066,12,2710,0.2808,0,0,debt_consolidation,south,0
A205379,26,24984,3.9,3732,48,10469,0.2469,0,0,car,north,0
A205380,34,48718,3.2,12044,60,12885,0.1817,1,0,other,north,0
A205381,44,71635,4.8,5105,12,3763,0.0975,2,1,debt_consolidation,east,0
A205382,35,41133,5.7,4365,48,14496,0.2027,2,0,debt_consolidation,north,0
A205383,50,52684,1.7,7910,48,16662,0.1957,0,0,home_improvement,south,0
A205384,29,36549,2.7,6855,36,1402,0.0817,0,0,debt_consolidation,central,0
A205385,46,71521,3.1,5445,24,754,0.0433,0,0,education,south,0
A205386,24,75695,10.2,30968,24,4164,0.2321,0,1,car,central,0
A205387,57,33999,2.6,10283,48,3898,0.1329,0,0,other,east,0
A205388,24,42020,1.5,2352,48,11919,0.1558,0,1,car,north,0
A205389,22,54073,5.6,12403,12,4345,0.2696,0,0,car,north,1
A205390,31,89956,5.6,7145,12,8830,0.1285,0,0,car,central,0
A205391,25,77874,5.6,17134,24,16319,0.2148,0,2,car,south,0
A205392,37,34313,0.5,14836,60,7764,0.1996,0,3,debt_consolidation,north,0
A205393,29,35973,8.6,4503,24,7337,0.1646,0,3,other,east,0
A205394,33,70974,5.8,5243,24,3711,0.0631,0,5,car,north,0
A205395,42,73719,6.0,5207,12,1983,0.0841,0,0,home_improvement,east,0
A205396,55,108736,6.7,23392,48,4292,0.0735,0,2,debt_consolidation,south,0
A205397,28,61806,8.8,5241,36,8151,0.0942,0,3,debt_consolidation,south,0
A205398,45,88088,6.8,3963,48,3630,0.0319,0,1,car,central,0
A205399,21,78282,5.2,21299,24,674,0.1403,0,1,debt_consolidation,east,0
A205400,61,66728,2.4,8596,48,2426,0.0504,0,3,debt_consolidation,north,0
A205401,42,104400,3.8,4251,12,4794,0.0637,0,0,debt_consolidation,east,0
A205402,24,25614,7.6,5376,60,23767,0.5059,0,1,education,east,0
A205403,55,24259,2.5,12695,60,1730,0.1403,0,2,car,central,0
A205404,21,34366,9.8,23852,24,7126,0.4507,0,4,education,south,0
A205405,25,64731,4.3,4261,48,6904,0.0698,0,1,car,north,0
A205406,57,25012,4.8,19841,48,18353,0.5652,0,2,debt_consolidation,south,0
A205407,23,48200,3.7,14734,48,543,0.0821,0,1,other,east,0
A205408,45,60275,1.7,3801,24,31460,0.2925,1,0,home_improvement,north,0
A205409,26,127274,2.9,10963,12,6478,0.1116,0,1,medical,north,0
A205410,64,76983,3.6,6416,48,1857,0.0329,0,0,education,north,0
A205411,22,116042,1.4,3625,36,17141,0.0843,0,4,debt_consolidation,east,0
A205412,37,42375,2.0,4619,36,13386,0.1943,0,0,home_improvement,east,0
A205413,24,77278,1.6,32816,36,991,0.148,0,0,car,north,0
A205414,38,48833,2.3,2683,12,3307,0.0888,0,2,debt_consolidation,south,0
A205415,53,74815,8.3,5527,36,9967,0.0912,0,1,other,south,0
A205416,53,62467,1.0,13662,48,5280,0.0969,0,5,debt_consolidation,central,0
A205417,33,24898,16.7,19836,24,5899,0.5168,1,0,debt_consolidation,east,0
A205418,25,53265,0.8,17039,48,980,0.0892,0,0,other,east,0
A205419,50,69582,2.9,12586,24,43215,0.401,1,1,other,south,1
A205420,31,194635,2.1,5999,24,5187,0.0287,0,0,other,central,0
A205421,47,59136,2.9,6850,12,9301,0.1945,0,1,medical,north,0
A205422,24,44187,1.8,4373,48,7494,0.1095,1,0,car,east,0
A205423,26,64198,0.8,3187,60,4023,0.0413,0,1,other,east,0
A205424,39,48073,4.0,9460,36,4607,0.1135,0,3,debt_consolidation,south,0
A205425,52,47728,7.0,15773,24,19705,0.3717,0,2,education,east,1
A205426,39,74446,7.5,3702,24,13531,0.1157,0,1,other,north,0
A205427,39,50819,6.8,6979,48,3592,0.0697,0,1,car,east,0
A205428,28,54972,0.4,10779,24,82113,0.8449,0,1,car,east,0
A205429,41,55799,3.2,13146,48,7423,0.1254,0,1,other,south,0
A205430,44,54415,1.4,8534,24,2161,0.0983,0,1,debt_consolidation,south,0
A205431,44,57114,11.1,9106,36,10756,0.1473,0,0,other,south,0
A205432,42,166714,4.6,10233,24,1193,0.0343,0,0,medical,east,0
A205433,32,62628,2.2,7052,48,7421,0.0874,0,1,debt_consolidation,east,0
A205434,21,34359,1.7,28502,48,3117,0.2527,1,0,home_improvement,central,1
A205435,27,23056,5.9,26057,12,8387,1.2,0,0,home_improvement,north,0
A205436,33,27929,5.7,9296,24,12483,0.3899,0,1,home_improvement,east,0
A205437,21,13012,4.0,10282,36,4305,0.4288,0,2,debt_consolidation,south,0
A205438,50,23392,3.2,4019,36,535,0.0687,1,0,medical,north,0
A205439,52,101990,2.7,4759,12,20474,0.147,0,1,debt_consolidation,east,0
A205440,25,44227,2.3,10179,24,3266,0.152,0,1,home_improvement,south,0
A205441,47,33620,15.7,2925,60,2975,0.0616,0,0,home_improvement,north,0
A205442,21,31325,4.8,7043,12,8700,0.3637,0,0,debt_consolidation,east,0
A205443,26,101807,2.4,6691,48,957,0.0211,0,5,other,central,0
A205444,30,40046,10.4,28481,36,14055,0.4126,0,1,medical,east,0
A205445,39,59072,4.9,4873,36,2758,0.0508,1,1,home_improvement,east,0
A205446,24,10374,5.4,38244,36,131367,1.2,0,3,car,south,1
A205447,60,25760,2.4,7318,12,9792,0.4741,0,1,debt_consolidation,central,1
A205448,33,34531,7.1,19386,60,38256,0.6662,0,1,home_improvement,east,1
A205449,21,82515,2.0,6368,24,4991,0.0688,0,0,home_improvement,north,0
A205450,56,46133,10.0,4966,48,4154,0.0719,0,1,medical,east,0
A205451,52,96179,4.6,28321,36,16413,0.1835,0,1,car,east,0
A205452,25,50360,1.9,5389,12,12540,0.2315,0,0,medical,central,0
A205453,26,71589,3.0,6884,60,1994,0.0332,0,1,education,south,0
A205454,48,104829,3.7,7260,24,8160,0.0735,1,3,home_improvement,north,0
A205455,31,115160,2.8,6385,60,1242,0.0165,0,0,education,north,0
A205456,34,77120,2.0,8520,48,2607,0.0445,1,0,other,east,0
A205457,33,22998,3.3,12668,60,1780,0.1489,0,0,home_improvement,north,0
A205458,31,99553,10.2,7316,48,2672,0.0318,0,0,education,south,0
A205459,58,42307,4.2,5899,24,7463,0.1579,0,3,home_improvement,central,0
A205460,57,25154,10.7,9088,36,714,0.1346,0,3,education,central,0
A205461,21,42863,2.2,7916,60,1850,0.0585,0,4,education,east,0
A205462,41,64366,2.2,7180,60,7218,0.0784,3,2,debt_consolidation,east,0
A205463,45,86057,0.2,10469,12,12822,0.1961,0,1,debt_consolidation,south,0
A205464,40,21151,5.5,10932,24,2818,0.325,1,4,debt_consolidation,north,0
A205465,21,106918,8.6,7209,24,3015,0.0478,2,2,home_improvement,central,0
A205466,48,29244,7.9,5923,36,13854,0.3044,0,0,debt_consolidation,north,0
A205467,31,86286,10.9,5296,36,6439,0.0578,0,0,debt_consolidation,east,0
A205468,46,103920,6.1,8477,36,2690,0.0401,0,0,home_improvement,north,0
A205469,44,114786,9.2,5816,12,13009,0.1073,0,1,other,central,0
A205470,36,34709,11.6,18368,48,5580,0.2127,1,3,education,north,1
A205471,34,32154,9.5,10983,60,6057,0.1625,0,2,education,east,0
A205472,21,48990,12.0,7956,48,3585,0.0772,0,2,car,east,0
A205473,35,42864,2.5,5759,48,11187,0.1641,0,1,other,central,1
A205474,36,82806,3.3,8376,24,2054,0.063,0,0,debt_consolidation,central,0
A205475,42,23265,16.0,11775,48,8460,0.3083,0,2,debt_consolidation,central,0
A205476,53,66471,3.6,8113,12,3192,0.1461,0,2,car,south,0
A205477,35,75029,4.9,7383,24,6684,0.0937,0,0,debt_consolidation,north,1
A205478,44,22937,3.1,2971,24,14547,0.3819,0,0,education,north,0
A205479,29,58063,1.1,13293,24,6748,0.1726,1,0,education,north,0
A205480,29,23276,4.3,13132,60,6990,0.263,0,1,education,central,0
A205481,43,34367,2.0,7877,48,9601,0.197,0,1,debt_consolidation,south,0
A205482,43,39945,4.4,6127,60,11540,0.1751,0,2,education,east,0
A205483,41,74992,1.3,10462,60,5503,0.0646,1,2,debt_consolidation,east,0
A205484,48,55800,1.7,13394,48,2295,0.0806,1,2,medical,north,0
A205485,40,30776,8.9,5383,60,208568,1.2,0,2,medical,central,1
A205486,54,42757,1.3,18692,60,12191,0.23,0,3,home_improvement,central,0
A205487,41,83025,4.9,13808,12,11833,0.2376,0,2,education,south,0
A205488,28,114144,2.2,5853,36,5240,0.04,0,0,debt_consolidation,central,0
A205489,34,36039,1.0,10795,36,13097,0.2816,1,2,education,south,1
A205490,44,25077,7.8,6871,36,11943,0.3295,0,0,medical,north,0
A205491,22,83511,2.3,6574,12,8585,0.1301,0,2,home_improvement,central,0
A205492,31,66714,2.8,8036,36,8351,0.1027,1,3,car,central,1
A205493,61,192770,3.5,16308,12,12113,0.116,0,1,debt_consolidation,north,0
A205494,44,62276,3.3,7027,12,10505,0.1972,0,2,debt_consolidation,east,0
A205495,46,99642,3.3,8090,36,7962,0.067,0,0,debt_consolidation,central,0
A205496,50,23181,2.7,7146,60,12474,0.3307,1,3,car,north,0
A205497,41,89250,8.7,9343,24,8687,0.101,0,0,home_improvement,central,0
A205498,50,54277,5.3,10519,24,2908,0.1237,0,1,debt_consolidation,east,0
A205499,48,34925,7.0,7858,36,5734,0.1571,0,2,debt_consolidation,north,0
A205500,58,22999,11.7,9712,12,5256,0.5365,1,0,car,north,0
A205501,38,56643,1.6,13215,12,3001,0.2598,0,2,debt_consolidation,south,0
A205502,43,30890,1.3,22700,36,20236,0.5725,0,1,debt_consolidation,central,1
A205503,43,27110,2.3,4683,48,2892,0.0965,0,1,car,east,0
A205504,49,57325,4.0,3541,48,2193,0.0346,0,0,car,central,0
A205505,35,27526,3.8,7717,24,14284,0.3996,0,1,home_improvement,east,0
A205506,41,57892,6.2,5766,12,5010,0.1429,1,0,education,south,0
A205507,32,106221,9.5,20529,12,3933,0.2118,0,0,home_improvement,central,0
A205508,31,70345,3.8,3806,12,359,0.0567,1,0,education,east,0
A205509,38,56527,0.5,12650,12,2808,0.2486,0,3,home_improvement,south,0
A205510,55,55967,8.3,27003,12,29549,0.7465,0,0,other,south,0
A205511,36,61057,3.1,6437,36,2562,0.0561,0,1,other,north,0
A205512,55,26131,5.8,11789,48,1324,0.1381,0,1,car,east,0
A205513,58,46799,1.7,20310,60,40017,0.5143,1,0,medical,south,1
A205514,21,80305,1.6,6085,36,18088,0.1379,0,2,debt_consolidation,south,0
A205515,50,22445,6.8,3351,36,11653,0.3094,1,2,home_improvement,east,0
A205516,47,76927,10.4,8615,24,3571,0.0792,0,1,home_improvement,south,0
A205517,25,111857,2.9,21206,24,9850,0.1388,1,3,education,east,0
A205518,25,45433,4.3,2821,60,1876,0.0331,0,0,car,central,0
A205519,29,32241,1.7,15947,60,6317,0.1969,0,4,medical,south,0
A205520,38,31380,2.4,8332,12,1102,0.2831,0,0,home_improvement,south,0
A205521,39,45310,9.3,7613,12,9015,0.2675,0,4,home_improvement,east,0
A205522,33,37116,5.4,8545,60,161,0.0482,0,0,car,east,0
A205523,27,40689,9.9,4124,60,2221,0.0476,0,1,debt_consolidation,north,0
A205524,45,39731,1.3,8589,24,16701,0.3183,1,0,education,central,1
A205525,43,37426,4.0,7372,24,5022,0.1656,0,5,car,east,0
A205526,48,78935,4.6,4309,24,1350,0.0358,0,2,car,central,0
A205527,27,100640,16.6,6416,48,2181,0.0268,1,2,medical,east,0
A205528,41,44861,2.1,8313,36,5844,0.1269,0,1,home_improvement,east,0
A205529,51,40037,2.0,7781,36,1735,0.0864,0,3,debt_consolidation,east,0
A205530,42,100651,1.0,8464,48,5765,0.0497,0,2,debt_consolidation,north,0
A205531,50,118338,2.0,5798,48,4167,0.0299,0,0,car,north,0
A205532,29,52580,2.9,14657,60,11499,0.1651,0,0,car,north,0
A205533,56,68089,0.2,6446,12,11020,0.1756,0,2,home_improvement,north,0
A205534,29,41634,2.5,3522,60,503,0.023,0,3,home_improvement,south,0
A205535,72,32698,6.2,6933,12,4012,0.2734,0,0,debt_consolidation,south,0
A205536,22,59825,0.8,14188,36,2992,0.1041,0,0,medical,north,0
A205537,37,26024,1.7,5173,48,3555,0.118,3,5,car,central,0
A205538,22,149930,7.9,1697,24,1340,0.0101,1,2,debt_consolidation,north,0
A205539,35,23979,5.4,5656,48,4843,0.16,0,1,debt_consolidation,south,0
A205540,26,64074,2.0,9070,24,1660,0.0837,0,0,debt_consolidation,south,0
A205541,40,63133,5.6,9040,48,1241,0.0456,0,0,other,central,0
A205542,34,67563,5.8,7160,48,2219,0.0429,1,3,home_improvement,south,0
A205543,34,44493,10.3,3293,12,16886,0.2638,0,0,other,central,0
A205544,31,70206,2.3,7227,12,2013,0.1173,0,0,car,east,0
A205545,32,21397,6.3,29389,12,6585,1.2,0,2,medical,east,1
A205546,45,35243,2.8,17750,24,15445,0.4709,0,2,home_improvement,central,0
A205547,52,28820,7.2,9227,48,13160,0.3084,0,1,car,central,0
A205548,52,20497,6.6,15115,60,3090,0.2229,2,0,home_improvement,south,1
A205549,39,53799,5.1,7803,12,2976,0.1727,0,4,car,south,0
A205550,30,68314,0.5,8606,60,28989,0.2374,0,2,home_improvement,south,0
A205551,34,49874,10.8,12190,60,10646,0.1556,0,0,debt_consolidation,central,0
A205552,39,31975,3.0,10825,12,1104,0.3558,0,3,debt_consolidation,north,0
A205553,35,42051,3.9,8307,24,3281,0.1378,0,3,home_improvement,south,0
A205554,35,82827,3.2,23411,24,5385,0.1738,0,1,medical,south,0
A205555,34,37429,1.5,5908,60,2713,0.0678,0,1,medical,east,0
A205556,41,27963,16.1,8784,24,1576,0.1852,0,0,debt_consolidation,east,0
A205557,22,119486,3.4,43665,60,1458,0.0792,0,3,medical,central,0
A205558,39,43364,1.3,7310,60,3327,0.0721,0,0,car,east,0
A205559,33,71576,0.4,6115,36,814,0.0342,0,3,other,north,0
A205560,45,66766,3.7,4197,60,24731,0.1978,1,0,car,north,0
A205561,21,83612,3.4,4104,12,8691,0.1011,0,0,other,east,0
A205562,37,62908,3.2,3012,36,12677,0.1167,0,2,car,east,0
A205563,60,48522,6.5,7104,48,1059,0.0475,0,0,debt_consolidation,north,0
A205564,22,67156,2.5,4318,36,459,0.0249,0,1,debt_consolidation,east,0
A205565,46,45068,5.2,9917,60,4000,0.0884,0,5,debt_consolidation,east,0
A205566,44,28138,6.0,5501,24,7938,0.2388,0,2,debt_consolidation,central,0
A205567,37,101452,11.1,13035,36,13463,0.1092,0,1,car,south,0
A205568,69,68478,3.2,12188,12,8853,0.2426,0,3,debt_consolidation,east,0
A205569,50,240000,4.7,13401,36,5746,0.0306,0,0,medical,east,0
A205570,52,35576,1.5,18051,60,729,0.1117,1,0,education,central,0
A205571,27,240000,3.6,19369,36,7339,0.0422,0,1,education,central,0
A205572,63,36139,3.5,5227,12,1537,0.1659,0,5,home_improvement,south,0
A205573,38,53489,4.6,2138,48,40753,0.3909,1,0,debt_consolidation,north,0
A205574,28,78778,2.6,9113,48,6024,0.0672,0,3,other,south,0
A205575,36,47238,2.6,8042,36,4615,0.1056,0,2,debt_consolidation,south,0
A205576,25,25805,7.5,5244,36,3588,0.1373,1,4,debt_consolidation,north,0
A205577,21,77827,3.0,11018,36,34452,0.2685,0,1,education,east,0
A205578,27,19999,0.5,12840,36,5115,0.3419,0,1,other,south,1
A205579,46,23553,6.9,11749,36,8941,0.3561,0,0,debt_consolidation,central,1
A205580,55,99637,6.6,6668,36,5626,0.0505,2,1,car,central,0
A205581,32,42063,1.5,10465,48,5176,0.1237,0,1,debt_consolidation,central,0
A205582,42,66258,3.7,7967,48,619,0.0347,0,1,debt_consolidation,east,0
A205583,33,41006,3.4,5982,24,9139,0.1844,0,2,debt_consolidation,north,0
A205584,26,30781,2.5,2329,36,7001,0.1389,0,0,car,central,0
A205585,36,36861,0.4,19338,60,2982,0.1454,0,0,debt_consolidation,central,0
A205586,42,65280,2.7,8136,24,3546,0.0895,1,2,home_improvement,north,0
A205587,34,64622,7.1,13371,12,2752,0.2282,3,0,education,south,1
A205588,49,38119,7.7,5838,12,24090,0.4691,0,2,home_improvement,central,0
A205589,32,30602,3.6,12473,24,27206,0.6483,0,2,medical,central,0
A205590,39,24200,3.5,8469,24,5517,0.289,0,2,car,east,0
A205591,34,71641,2.7,7768,60,33122,0.2529,1,0,education,north,0
A205592,25,51675,5.5,6028,48,5550,0.0829,0,4,debt_consolidation,north,0
A205593,35,59676,1.0,18613,60,2668,0.0847,0,4,education,east,0
A205594,30,37277,8.1,11248,48,6643,0.1645,0,1,other,north,0
A205595,48,36789,4.3,3104,24,4946,0.1094,0,0,home_improvement,central,0
A205596,39,35689,4.1,9086,12,14894,0.4633,0,1,education,central,0
A205597,27,41388,1.2,10640,24,20837,0.3803,0,2,debt_consolidation,north,0
A205598,52,22605,6.5,8168,48,8392,0.276,0,2,debt_consolidation,north,1
A205599,37,134272,2.1,14675,48,3646,0.0409,0,2,debt_consolidation,south,0
A205600,59,55857,3.4,7575,24,3227,0.0967,0,5,medical,north,0
A205601,48,20284,9.1,3118,48,13573,0.373,0,0,home_improvement,north,0
A205602,25,44868,7.4,13486,36,3225,0.1361,0,2,home_improvement,central,0
A205603,46,41162,2.1,8308,60,571,0.0473,0,0,home_improvement,east,0
A205604,48,69065,4.0,7483,60,3094,0.0441,0,4,debt_consolidation,east,0
A205605,40,117964,2.0,20544,24,1005,0.0913,0,0,other,south,0
A205606,30,115101,3.0,5438,60,10764,0.0562,0,2,education,north,0
A205607,32,29721,0.3,9712,36,2962,0.1588,0,1,car,south,0
A205608,66,37173,1.9,9338,60,3514,0.0975,0,3,car,east,0
A205609,29,68433,2.8,6492,24,2097,0.0628,0,2,debt_consolidation,north,0
A205610,42,75303,2.8,17296,48,1358,0.0664,0,2,education,north,0
A205611,47,32151,3.8,17209,12,7124,0.646,0,2,debt_consolidation,south,1
A205612,39,148687,6.0,38677,48,2047,0.0719,0,1,other,east,0
A205613,29,33530,5.1,34193,12,2960,1.0639,0,0,home_improvement,east,0
A205614,21,126207,7.6,19181,60,10105,0.0704,0,3,education,south,0
A205615,33,97320,0.8,8109,24,13221,0.1096,0,0,car,south,0
A205616,36,59640,2.8,2460,48,8836,0.0844,0,2,education,central,0
A205617,23,83531,6.5,9502,60,45957,0.2978,3,0,debt_consolidation,central,0
A205618,47,152699,4.9,4441,48,6927,0.03,0,5,debt_consolidation,north,0
A205619,57,25039,2.5,14378,60,4609,0.2069,0,2,home_improvement,north,0
A205620,34,31561,4.5,11905,60,4683,0.1496,0,3,debt_consolidation,central,0
A205621,37,191463,3.9,8835,60,4732,0.0216,0,0,other,east,0
A205622,21,24841,2.9,5266,12,6786,0.3486,0,1,car,central,0
A205623,26,140109,3.7,12502,48,10465,0.0597,0,3,home_improvement,south,0
A205624,24,92852,3.3,2175,48,36883,0.2045,0,4,debt_consolidation,north,0
A205625,47,31690,4.9,5174,24,7134,0.1942,0,0,home_improvement,central,0
A205626,37,48912,1.6,9291,60,2625,0.0648,0,0,debt_consolidation,central,0
A205627,50,34927,14.6,4237,12,1959,0.1494,0,0,debt_consolidation,east,0
A205628,33,35642,0.7,2760,24,1622,0.0615,1,3,home_improvement,central,0
A205629,21,93982,2.6,4430,60,2674,0.0237,1,4,other,central,0
A205630,36,51239,5.3,4924,12,6007,0.1547,0,0,car,north,0
A205631,27,36286,3.4,2481,12,11829,0.2314,0,1,debt_consolidation,north,0
A205632,38,56638,1.4,16051,24,9309,0.2239,1,1,other,south,0
A205633,38,38940,3.9,9693,12,12222,0.4059,0,1,medical,central,0
A205634,44,48190,3.7,11575,60,674,0.055,0,1,debt_consolidation,south,0
A205635,23,59029,8.2,13311,12,3585,0.2559,0,3,debt_consolidation,south,1
A205636,32,44061,4.8,10876,60,4792,0.1037,0,3,car,central,0
A205637,40,122449,0.9,12148,24,2299,0.059,0,4,other,central,0
A205638,33,72907,3.9,5366,36,2644,0.0427,0,4,home_improvement,east,0
A205639,42,61534,1.2,8551,36,1590,0.0592,0,1,home_improvement,central,0
A205640,21,23834,11.0,9559,48,11531,0.3422,0,1,other,south,0
A205641,52,58214,13.1,7130,24,2159,0.0798,1,0,debt_consolidation,south,0
A205642,27,84343,2.9,28818,24,2889,0.188,0,5,other,south,0
A205643,36,59578,0.3,6255,36,18073,0.1867,0,5,debt_consolidation,east,0
A205644,43,34584,2.2,9831,12,14637,0.4959,0,0,education,central,0
A205645,57,47630,6.7,12127,48,4990,0.116,1,1,debt_consolidation,central,0
A205646,36,29584,3.2,22896,12,4500,0.85,0,0,other,east,0
A205647,33,30252,6.2,7701,36,10035,0.2507,0,1,debt_consolidation,central,1
A205648,44,118952,8.0,9218,48,5820,0.0438,1,2,home_improvement,east,0
A205649,26,111308,2.3,3411,60,28441,0.1339,0,0,debt_consolidation,central,0
A205650,29,55674,5.4,11692,60,3572,0.0741,0,2,car,south,0
A205651,37,93721,2.9,5488,60,10101,0.0656,0,2,home_improvement,central,0
A205652,28,46548,3.5,12277,36,6563,0.1584,1,0,debt_consolidation,central,0
A205653,44,60152,14.8,3196,24,7375,0.0879,0,4,home_improvement,east,0
A205654,39,55363,9.0,7397,36,4163,0.0821,0,3,other,north,0
A205655,39,41211,6.9,9496,48,10144,0.1807,0,0,car,central,0
A205656,54,22176,2.6,5779,60,16026,0.4135,0,0,other,east,0
A205657,41,87455,1.6,4507,24,6604,0.0635,0,1,debt_consolidation,north,0
A205658,29,34681,0.4,11781,60,4600,0.1343,0,0,debt_consolidation,east,0
A205659,32,36911,15.9,11281,36,3677,0.1517,0,5,medical,north,0
A205660,21,29596,2.1,2080,48,1090,0.036,0,3,debt_consolidation,south,0
A205661,41,81802,6.0,2771,12,4165,0.0593,0,0,debt_consolidation,south,0
A205662,48,79027,4.9,6952,24,3836,0.0683,0,1,home_improvement,south,0
A205663,47,59595,1.3,18034,60,1399,0.0723,0,0,debt_consolidation,south,0
A205664,46,53696,4.2,16625,12,2733,0.3351,1,3,home_improvement,south,1
A205665,34,68586,2.6,9776,60,22124,0.1898,0,0,home_improvement,central,0
A205666,22,68810,4.3,10454,24,20157,0.2224,0,0,debt_consolidation,central,0
A205667,33,160109,13.4,11929,36,953,0.0278,0,0,debt_consolidation,north,0
A205668,59,65299,11.8,34276,60,5413,0.1464,0,1,home_improvement,north,0
A205669,47,44619,2.1,4873,36,4095,0.0823,0,3,car,south,0
A205670,28,27444,9.3,16362,48,963,0.1666,0,0,debt_consolidation,north,0
A205671,50,75101,2.1,11767,24,4172,0.1061,3,1,car,north,0
A205672,26,99070,0.8,3465,24,4727,0.0413,0,3,medical,central,0
A205673,40,232403,0.3,20069,24,832,0.045,0,3,car,south,0
A205674,21,71678,1.5,4587,36,17058,0.1403,0,0,debt_consolidation,north,0
A205675,44,33254,0.6,13783,60,15618,0.3177,1,2,debt_consolidation,central,0
A205676,42,15796,1.4,3498,12,2278,0.2936,0,1,other,north,0
A205677,56,24573,6.4,32283,12,3106,1.2,0,0,debt_consolidation,central,1
A205678,46,41394,1.3,23812,24,985,0.2995,0,1,home_improvement,north,0
A205679,21,41158,4.7,8002,60,12677,0.1929,0,4,debt_consolidation,east,0
A205680,36,16438,3.3,28057,60,2447,0.4158,0,0,debt_consolidation,central,0
A205681,28,64276,4.7,42416,36,1041,0.2281,0,2,car,south,0
A205682,38,87979,4.7,9089,48,2517,0.0401,0,1,medical,east,0
A205683,49,65883,3.4,6796,36,44841,0.3747,0,0,other,south,0
A205684,39,26165,2.0,5783,60,5093,0.1415,0,0,other,central,0
A205685,21,24422,2.5,13132,12,20219,0.9517,0,1,other,central,1
A205686,37,50163,6.1,6840,24,3005,0.0981,0,1,debt_consolidation,south,0
A205687,50,26268,2.4,7241,48,3905,0.1432,0,0,other,central,0
A205688,54,112847,3.9,4762,12,8583,0.0802,0,1,debt_consolidation,central,0
A205689,21,46311,6.6,5692,36,6515,0.1113,0,2,other,north,0
A205690,32,26870,9.1,11638,12,6281,0.55,0,1,education,east,0
A205691,49,64740,10.3,9096,12,1012,0.1483,0,1,debt_consolidation,south,0
A205692,31,86620,4.7,60000,36,4914,0.2593,0,2,home_improvement,east,0
A205693,49,125568,9.7,19955,12,21113,0.243,0,2,debt_consolidation,central,0
A205694,31,102486,3.8,5854,60,5917,0.0403,0,0,car,north,0
A205695,30,61097,3.6,8484,24,4541,0.1066,0,0,home_improvement,north,0
A205696,21,77476,3.5,16380,12,3987,0.2372,0,1,medical,south,0
A205697,62,46903,3.9,21245,12,6317,0.5203,0,1,car,north,0
A205698,26,58811,3.9,7417,36,9305,0.1211,0,0,medical,north,0
A205699,50,36304,1.8,24557,36,1966,0.2526,0,0,education,south,0
A205700,47,65980,2.1,7565,24,20598,0.2134,0,0,home_improvement,north,0
A205701,47,54266,3.9,2354,12,2960,0.0707,0,0,car,east,0
A205702,56,54639,4.8,3542,12,6521,0.1245,0,5,other,south,1
A205703,47,37048,4.2,5839,60,23805,0.3528,0,1,car,north,0
A205704,57,78342,7.7,8628,60,5461,0.0569,2,1,medical,south,0
A205705,32,101469,6.7,15548,60,18297,0.1208,0,4,debt_consolidation,south,0
A205706,23,25514,9.4,2242,24,1966,0.0825,0,0,car,east,0
A205707,30,33409,5.9,5394,12,4182,0.224,0,1,debt_consolidation,east,0
A205708,42,104402,9.5,10827,36,1783,0.0431,0,1,home_improvement,east,0
A205709,50,27943,2.4,8724,24,15429,0.4322,1,0,education,south,0
A205710,33,58007,6.8,46512,24,3055,0.4273,0,3,home_improvement,south,0
A205711,29,20072,8.4,2028,24,2208,0.1055,0,0,other,central,0
A205712,36,98512,1.9,9589,12,19080,0.1942,0,4,debt_consolidation,south,1
A205713,47,41035,2.7,9618,24,5505,0.1843,0,0,car,east,0
A205714,22,91746,0.9,6294,24,2377,0.0473,0,1,debt_consolidation,central,0
A205715,52,37031,2.3,9547,36,5705,0.163,3,1,debt_consolidation,south,0
A205716,33,49561,2.9,20346,48,7014,0.1734,2,5,home_improvement,south,0
A205717,39,38304,2.4,8402,12,3130,0.2602,1,0,debt_consolidation,north,0
A205718,31,58575,5.1,4109,60,2180,0.0326,0,0,car,north,0
A205719,45,33199,2.8,5388,48,1502,0.0632,0,1,debt_consolidation,south,0
A205720,32,49751,3.1,9158,24,8029,0.1727,0,2,home_improvement,central,0
A205721,41,66091,7.8,12316,12,2010,0.2016,0,2,home_improvement,east,0
A205722,25,80750,9.8,11492,12,10074,0.2047,0,2,home_improvement,north,0
A205723,55,60789,7.2,11463,12,1975,0.2048,1,2,education,north,0
A205724,50,68239,2.9,8943,12,8232,0.1914,0,3,home_improvement,central,0
A205725,34,12389,4.7,12504,60,2401,0.2988,0,1,other,south,0
A205726,50,43039,6.8,5266,60,10387,0.1451,0,1,car,south,0
A205727,42,46006,5.7,4949,36,6607,0.1077,0,0,education,north,0
A205728,56,32045,0.8,2524,24,3188,0.0891,0,1,car,central,0
A205729,65,240000,5.6,5750,48,4401,0.0152,0,3,home_improvement,south,0
A205730,32,18922,9.7,12750,48,1639,0.2118,0,4,debt_consolidation,south,0
A205731,23,40526,7.6,6736,12,14298,0.3426,0,0,debt_consolidation,north,0
A205732,26,56182,8.5,3392,48,34358,0.3209,1,2,education,north,0
A205733,50,56185,0.8,15450,60,443,0.0589,0,0,home_improvement,north,0
A205734,43,46366,1.1,1796,24,1519,0.0357,0,0,debt_consolidation,north,0
A205735,38,49857,2.6,6197,60,3849,0.0635,0,0,medical,east,0
A205736,28,61736,6.3,2145,36,5971,0.0599,0,2,debt_consolidation,east,0
A205737,44,25243,9.5,17700,12,3367,0.7679,0,1,other,east,0
A205738,25,49368,7.6,7723,48,22159,0.2635,1,1,debt_consolidation,north,0
A205739,35,83797,2.0,3980,60,73805,0.4499,0,0,home_improvement,north,1
A205740,28,48784,1.0,19069,60,6745,0.1473,0,4,car,east,0
A205741,38,75641,3.6,5075,60,1459,0.0231,0,1,car,north,0
A205742,37,48042,5.2,4866,48,11122,0.1411,0,2,car,north,0
A205743,46,55365,5.3,5702,36,11729,0.1403,0,0,debt_consolidation,east,0
A205744,29,174480,1.8,1551,24,138,0.0048,0,0,home_improvement,north,0
A205745,30,31218,1.6,14775,24,4328,0.306,0,0,debt_consolidation,east,0
A205746,47,54356,8.3,25552,48,4390,0.1579,0,5,debt_consolidation,east,0
A205747,65,54485,3.3,8319,24,7650,0.1465,0,2,other,south,0
A205748,43,41636,2.6,5932,12,404,0.1473,0,0,other,central,0
A205749,43,89897,1.3,17778,60,2242,0.052,0,0,other,central,0
A205750,21,82292,1.2,12069,60,19053,0.1451,0,0,car,east,0
A205751,60,55314,4.4,6065,36,12198,0.1468,0,2,other,north,0
A205752,40,78445,0.5,7305,60,5324,0.0526,0,0,debt_consolidation,north,0
A205753,44,58222,2.5,8731,60,455,0.0339,0,2,debt_consolidation,east,0
A205754,21,35018,6.3,13298,36,4277,0.1877,0,1,home_improvement,north,0
A205755,66,55565,8.6,46850,12,1926,0.8605,0,0,debt_consolidation,north,0
A205756,33,64055,0.5,11784,36,7157,0.1172,0,1,other,east,0
A205757,42,44078,3.6,4239,36,4545,0.0836,1,4,home_improvement,central,0
A205758,68,48175,12.4,9975,12,9666,0.3074,0,3,debt_consolidation,north,0
A205759,46,38949,14.2,12086,24,4259,0.2098,0,2,home_improvement,east,0
A205760,49,93355,3.0,5512,36,74502,0.4187,0,0,home_improvement,east,0
A205761,44,58791,3.3,4076,36,23008,0.2188,0,3,debt_consolidation,north,0
A205762,41,162492,1.5,60000,12,4270,0.3824,0,2,car,central,0
A205763,30,41324,8.1,11357,36,5638,0.1598,3,0,home_improvement,central,0
A205764,52,37310,4.2,4981,12,863,0.1451,1,2,medical,central,0
A205765,40,39021,8.5,6317,24,7780,0.1806,1,1,other,south,0
A205766,57,132412,1.9,26085,12,1526,0.2028,1,0,home_improvement,south,0
A205767,35,76061,1.1,8405,48,10651,0.0976,0,1,car,east,0
A205768,32,78081,2.1,17005,12,7038,0.2629,0,1,car,north,0
A205769,35,28339,0.4,4058,12,774,0.1569,0,0,debt_consolidation,south,0
A205770,49,84040,1.0,13511,60,15129,0.1222,0,2,debt_consolidation,south,0
A205771,58,47010,1.9,12138,12,5395,0.3156,0,0,debt_consolidation,north,0
A205772,23,23706,6.7,5006,24,1348,0.134,0,0,debt_consolidation,central,1
A205773,46,88649,3.0,11260,36,3247,0.0607,0,2,car,south,0
A205774,61,85477,6.9,12354,36,5730,0.0817,1,0,other,central,0
A205775,43,43264,5.7,12998,24,6884,0.2298,0,0,education,south,0
A205776,30,40996,1.1,10712,60,4845,0.1113,1,3,medical,east,0
A205777,36,23649,1.4,9202,24,8810,0.3808,0,1,education,north,0
A205778,32,59041,12.8,19556,60,10754,0.1573,0,1,home_improvement,central,0
A205779,54,93087,3.9,3002,24,17043,0.1077,0,1,car,south,0
A205780,41,92335,3.9,11796,48,1978,0.0426,2,0,debt_consolidation,south,0
A205781,24,28856,8.8,10519,48,3434,0.1506,3,0,debt_consolidation,central,1
A205782,32,42369,5.4,19207,60,33355,0.4843,0,1,debt_consolidation,east,0
A205783,21,82121,7.1,7257,36,12112,0.1032,0,1,debt_consolidation,central,0
A205784,48,32860,7.9,7274,48,3150,0.1033,0,3,debt_consolidation,south,0
A205785,57,39139,3.9,3638,12,7936,0.1943,0,2,car,central,0
A205786,46,31687,1.3,5251,12,24022,0.5448,1,2,medical,north,1
A205787,21,35893,3.7,7690,60,20895,0.3339,0,1,home_improvement,south,0
A205788,40,240000,3.9,25352,60,3589,0.0286,0,0,education,south,0
A205789,53,57470,2.2,5054,60,16336,0.1597,0,0,home_improvement,east,0
A205790,32,95318,4.0,7120,24,13139,0.1063,0,0,car,south,0
A205791,29,17222,7.3,13763,24,5276,0.5528,0,1,education,north,0
A205792,34,69053,4.2,24680,24,5203,0.2164,0,1,education,north,0
A205793,49,56842,12.0,11710,48,1083,0.061,0,1,car,south,0
A205794,33,76655,2.0,8150,48,3671,0.0505,0,1,other,east,0
A205795,39,44493,1.8,6615,24,3707,0.116,0,5,debt_consolidation,north,0
A205796,35,24348,3.7,32821,60,1304,0.2964,1,0,car,south,0
A205797,33,37650,12.0,21959,12,5612,0.6578,0,0,medical,east,0
A205798,30,31638,7.8,6879,12,1379,0.2392,0,4,medical,central,1
A205799,33,38141,2.7,3878,12,3099,0.1423,1,1,car,central,0
A205800,46,64747,4.6,12775,60,10888,0.1235,0,0,education,east,0
A205801,42,43749,4.0,8749,24,2179,0.1249,0,1,car,central,0
A205802,32,21811,4.1,5951,12,6034,0.4112,0,4,car,central,1
A205803,61,33693,1.5,13717,24,13654,0.4062,0,4,car,east,0
A205804,40,41350,1.4,3225,24,16902,0.2434,0,0,other,north,0
A205805,45,38722,1.2,10490,24,1897,0.1599,0,1,car,south,0
A205806,41,85894,0.5,6533,60,6103,0.0507,0,1,car,north,0
A205807,39,59636,1.9,17893,36,5002,0.142,1,0,education,south,1
A205808,23,87253,1.1,14930,60,53443,0.3405,0,0,car,north,0
A205809,41,80075,14.4,8006,48,14066,0.1128,0,2,debt_consolidation,east,0
A205810,44,82773,3.3,14677,48,879,0.0496,0,0,education,south,0
A205811,21,36387,0.9,3337,24,16570,0.2735,0,2,car,north,0
A205812,42,120100,6.1,12138,48,1498,0.0315,3,0,education,central,0
A205813,51,18505,2.6,16155,48,2739,0.2923,1,0,education,central,1
A205814,21,43265,5.9,12669,12,4159,0.3409,0,0,education,east,0
A205815,45,50696,9.8,7542,60,6500,0.0939,0,0,car,south,0
A205816,21,32429,1.5,1816,60,1471,0.0339,0,1,car,central,0
A205817,24,57165,7.7,3980,48,3467,0.0477,0,0,car,north,0
A205818,40,47115,2.1,4296,48,2518,0.0495,0,0,home_improvement,east,0
A205819,49,40332,2.6,5744,24,1501,0.0898,0,0,other,central,0
A205820,31,49555,6.0,13730,60,4111,0.0969,0,0,home_improvement,east,0
A205821,41,117694,2.3,9331,60,3750,0.0318,3,0,debt_consolidation,south,0
A205822,32,51297,1.4,21636,12,4330,0.464,3,0,home_improvement,north,1
A205823,32,51207,10.0,5944,36,16433,0.1991,0,2,debt_consolidation,south,1
A205824,25,25873,7.4,2065,60,7010,0.1514,0,0,debt_consolidation,north,0
A205825,24,45325,2.1,13215,24,6426,0.2167,0,0,car,south,0
A205826,44,35943,8.8,6531,12,1092,0.1969,0,3,education,central,0
A205827,62,101496,5.9,21634,60,6180,0.0731,0,0,car,south,0
A205828,43,65120,13.8,10972,24,4268,0.117,1,1,debt_consolidation,central,0
A205829,38,47770,6.8,6166,48,7532,0.1111,0,2,debt_consolidation,north,0
A205830,57,35423,4.2,13171,60,4354,0.1358,0,1,car,east,0
A205831,30,52206,4.5,8824,12,2216,0.1902,0,1,car,north,0
A205832,53,150559,3.4,6534,12,15768,0.0958,2,2,debt_consolidation,east,0
A205833,46,75212,0.6,10054,36,970,0.051,0,2,education,south,0
A205834,32,70084,5.4,19084,36,1995,0.105,0,0,debt_consolidation,north,0
A205835,45,37208,3.9,4782,60,2445,0.0586,0,1,education,north,0
A205836,21,37747,7.7,6161,60,53328,0.739,0,0,other,north,0
A205837,53,128706,1.0,7567,36,24256,0.1138,0,0,car,south,0
A205838,22,64569,2.5,8995,48,10651,0.1173,0,3,medical,north,0
A205839,24,28404,8.8,9976,12,4021,0.422,0,0,debt_consolidation,north,0
A205840,23,86987,2.9,8462,48,12580,0.0966,0,0,education,south,0
A205841,42,84859,12.0,13864,12,9679,0.2204,1,2,debt_consolidation,central,0
A205842,32,62979,10.8,14744,48,1488,0.0703,2,2,debt_consolidation,south,0
A205843,39,23099,2.2,4305,24,15634,0.4316,0,3,home_improvement,central,0
A205844,21,68471,2.8,5872,36,11547,0.1129,0,0,debt_consolidation,east,1
A205845,32,106796,9.9,13412,12,4992,0.149,0,2,debt_consolidation,south,0
A205846,28,32614,10.5,5576,60,1098,0.051,0,0,debt_consolidation,south,0
A205847,36,24683,2.6,7079,12,47288,1.2,0,1,medical,north,1
A205848,40,32127,6.2,5491,60,13994,0.252,0,1,car,east,0
A205849,27,85936,3.2,28634,24,17843,0.2704,0,0,education,south,0
A205850,40,17749,2.0,21972,12,25354,1.2,0,0,home_improvement,north,0
A205851,34,90445,4.0,6960,48,2394,0.0325,0,0,home_improvement,central,0
A205852,28,61174,2.9,1513,12,829,0.0315,0,0,home_improvement,east,0
A205853,35,152548,1.9,4157,60,25317,0.0884,1,0,other,central,0
A205854,31,23324,2.6,7476,48,5831,0.2051,0,2,debt_consolidation,east,0
A205855,34,69286,3.0,16543,60,64550,0.5136,0,1,education,south,0
A205856,35,59357,1.7,19995,12,1260,0.3475,0,2,other,north,0
A205857,34,71677,7.6,24020,36,3685,0.1374,0,3,medical,central,0
A205858,37,27305,6.9,5596,12,10651,0.4,0,1,car,central,0
A205859,45,41298,2.1,4342,60,11772,0.1636,0,1,medical,central,0
A205860,36,89858,2.7,22279,48,13481,0.137,2,5,car,central,0
A205861,35,103338,2.7,13049,12,2128,0.1366,0,0,debt_consolidation,north,0
A205862,34,81187,2.9,5701,12,3708,0.0931,0,5,car,east,0
A205863,27,63966,19.1,7345,12,8361,0.1802,0,0,debt_consolidation,north,0
A205864,46,33684,9.5,7930,60,3111,0.0933,2,2,debt_consolidation,south,0
A205865,34,118320,6.2,12447,36,1296,0.0405,0,0,car,south,0
A205866,38,41760,5.0,3056,36,3577,0.0672,1,1,car,central,0
A205867,53,22410,6.1,21764,60,28604,0.8324,0,1,car,south,0
A205868,34,14847,6.3,5602,36,4489,0.2769,0,3,other,east,0
A205869,27,81503,2.6,18744,48,24944,0.2105,1,1,other,central,0
A205870,43,30230,6.8,9912,24,4401,0.2367,0,5,other,north,1
A205871,30,45017,7.8,16570,60,4208,0.1204,0,0,debt_consolidation,central,0
A205872,37,40972,0.8,4244,24,73911,0.9538,0,4,car,central,1
A205873,39,80292,3.5,4053,48,1583,0.0225,0,1,car,central,0
A205874,23,97100,4.0,19178,36,18089,0.159,1,4,home_improvement,south,1
A205875,47,36548,2.5,16552,60,14116,0.2837,0,2,other,south,0
A205876,23,47016,3.1,9287,24,4497,0.1466,1,0,car,south,0
A205877,44,31775,2.0,7130,24,5383,0.1969,0,1,car,east,0
A205878,38,55609,0.9,9463,60,2655,0.0579,2,2,debt_consolidation,north,0
A205879,52,44145,4.5,6694,36,10463,0.1691,0,3,car,south,0
A205880,43,58121,2.7,12750,24,3177,0.137,0,3,car,south,0
A205881,35,171836,2.6,6377,36,11105,0.0447,0,0,debt_consolidation,north,0
A205882,21,126553,2.6,10292,36,2759,0.038,0,4,home_improvement,central,0
A205883,36,33656,4.5,5112,36,5931,0.1387,0,1,other,north,0
A205884,39,70654,6.3,14853,36,8034,0.1269,0,2,home_improvement,south,1
A205885,51,64309,5.6,6003,12,4659,0.1296,0,2,car,central,0
A205886,47,35673,1.9,16425,36,999,0.1675,1,0,car,east,0
A205887,47,91317,4.1,16941,12,5009,0.2129,0,0,home_improvement,south,0
A205888,37,31350,6.8,7176,24,10208,0.2773,1,1,medical,north,0
A205889,49,95416,11.8,9426,24,2269,0.0613,0,3,medical,south,0
A205890,48,48328,1.5,23336,36,5703,0.22,0,0,education,south,0
A205891,24,48758,2.1,14012,60,2482,0.0829,0,1,home_improvement,north,0
A205892,27,64954,2.5,14786,48,2852,0.0789,0,1,home_improvement,north,0
A205893,36,50707,4.3,5279,12,19572,0.2971,0,3,debt_consolidation,north,0
A205894,21,75708,6.9,6965,36,13086,0.1171,0,2,debt_consolidation,east,0
A205895,54,75214,4.7,6880,24,4271,0.0741,0,0,debt_consolidation,north,0
A205896,41,50897,1.6,11671,24,4211,0.156,0,0,home_improvement,north,0
A205897,49,103794,5.4,24452,60,3361,0.0633,0,2,debt_consolidation,south,0
A205898,23,78997,2.0,22758,48,2452,0.0875,0,0,debt_consolidation,north,0
A205899,45,53157,0.6,2587,12,2244,0.0698,0,0,home_improvement,south,0
A205900,41,79889,0.9,39917,24,3503,0.2718,0,5,debt_consolidation,central,0
A205901,25,65805,0.2,7950,24,16475,0.1856,0,0,home_improvement,central,0
A205902,44,36073,6.5,9696,12,1932,0.2956,0,1,medical,central,0
A205903,50,100192,9.2,4543,36,8102,0.0555,0,2,home_improvement,east,0
A205904,24,31801,2.4,4572,24,8114,0.1995,1,2,debt_consolidation,south,0
A205905,46,54896,4.2,12970,36,11840,0.1866,0,0,education,east,0
A205906,46,57240,5.8,11620,48,5590,0.0996,0,2,debt_consolidation,east,0
A205907,28,48483,1.7,20730,24,23798,0.4592,0,0,debt_consolidation,central,0
A205908,41,19366,4.0,5764,12,11053,0.583,0,4,home_improvement,north,0
A205909,52,47133,14.3,6853,24,1927,0.0931,0,1,debt_consolidation,east,0
A205910,39,62158,4.0,30182,12,62976,0.9921,0,1,home_improvement,central,0
A205911,31,61498,6.7,12999,36,8020,0.1357,0,0,home_improvement,east,0
A205912,45,99909,0.3,11384,36,5265,0.0643,0,0,education,south,0
A205913,33,59618,0.6,4511,60,16085,0.15,0,0,other,north,1
A205914,30,112273,4.9,6860,36,668,0.0233,0,0,home_improvement,north,0
A205915,22,59793,4.0,13191,48,3523,0.0846,0,3,medical,south,0
A205916,27,70254,10.2,10882,24,14051,0.1774,0,0,home_improvement,east,0
A205917,28,34976,2.7,4049,12,56298,0.9206,0,0,car,east,0
A205918,34,37310,2.9,7289,48,6178,0.1316,0,3,car,central,0
A205919,64,57482,2.5,12399,48,2188,0.073,0,0,other,north,1
A205920,40,100124,4.4,9623,12,6819,0.1302,0,1,debt_consolidation,central,0
A205921,41,55649,6.7,12615,60,625,0.051,0,5,home_improvement,north,0
A205922,48,61222,1.9,1903,24,2829,0.0386,0,2,debt_consolidation,south,0
A205923,26,34911,0.7,8105,24,4515,0.1807,1,3,home_improvement,south,0
A205924,31,55987,1.4,2807,60,667,0.016,1,1,education,south,0
A205925,52,22182,7.4,9806,36,1593,0.1833,1,1,home_improvement,east,1
A205926,44,58943,2.7,7685,12,3750,0.1622,0,1,other,north,0
A205927,41,32594,2.6,13614,60,10225,0.2404,0,0,debt_consolidation,south,0
A205928,60,34306,1.2,10901,60,6182,0.1537,0,3,debt_consolidation,central,1
A205929,24,33770,11.1,23122,24,1267,0.3611,1,0,other,north,0
A205930,31,49340,1.2,5429,60,8122,0.1043,0,2,debt_consolidation,central,0
A205931,24,70621,12.8,2913,60,2025,0.0226,2,1,car,east,0
A205932,21,49496,8.0,10860,48,3312,0.0883,0,0,home_improvement,east,0
A205933,32,36828,1.2,8992,24,2493,0.1559,0,5,car,east,0
A205934,23,34862,1.8,13364,36,3865,0.1832,3,1,home_improvement,north,1
A205935,47,52824,6.8,8360,24,6351,0.1392,0,4,home_improvement,north,0
A205936,38,49160,3.7,4152,60,7480,0.093,0,0,education,north,0
A205937,29,45701,0.6,12876,48,11208,0.1931,0,1,car,central,0
A205938,28,43426,1.3,10943,24,453,0.1312,0,1,debt_consolidation,north,0
A205939,34,23333,2.1,6407,60,5044,0.163,3,1,home_improvement,central,0
A205940,39,48802,1.2,3658,48,19414,0.2176,0,2,debt_consolidation,north,0
A205941,37,35957,3.6,10789,60,909,0.0727,0,1,other,south,0
A205942,34,46261,4.1,7076,48,5195,0.0944,1,1,other,central,0
A205943,43,41654,8.7,8528,12,3644,0.2485,0,2,car,central,0
A205944,36,53708,5.2,17179,24,704,0.1665,0,3,other,east,0
A205945,34,51017,2.7,5394,36,7193,0.1057,0,2,car,central,1
A205946,54,106033,3.6,7734,60,1125,0.0199,0,0,debt_consolidation,east,0
A205947,35,55283,4.6,12773,36,3220,0.1061,0,0,debt_consolidation,central,0
A205948,45,82984,3.6,5225,24,7256,0.0752,0,1,education,north,0
A205949,31,16754,11.8,20689,60,1529,0.2926,2,0,car,east,0
A205950,38,46486,4.5,13053,60,8973,0.1527,0,0,debt_consolidation,south,0
A205951,53,76075,1.5,4293,12,23222,0.2091,1,4,debt_consolidation,central,0
A205952,51,98713,6.0,7836,12,11685,0.1386,1,1,debt_consolidation,south,0
A205953,32,33250,5.4,7954,36,815,0.092,0,5,education,south,1
A205954,31,70873,10.7,26025,48,8014,0.1483,0,3,home_improvement,east,0
A205955,53,38404,7.1,14381,48,3030,0.1331,0,3,car,central,0
A205956,32,82077,10.6,28627,60,5096,0.1008,0,1,medical,central,0
A205957,29,37655,5.5,21074,12,2470,0.5925,0,0,debt_consolidation,south,1
A205958,35,32993,2.8,10990,12,5592,0.4178,0,0,education,east,0
A205959,35,57606,14.8,15127,60,7725,0.1196,0,2,home_improvement,south,0
A205960,21,46980,1.6,7160,60,174967,1.2,0,1,other,central,0
A205961,30,50147,7.5,16496,60,3515,0.1008,1,0,car,north,0
A205962,35,64904,5.1,6021,48,10124,0.1012,2,0,home_improvement,north,0
A205963,52,95355,4.4,10123,60,15684,0.1035,0,0,other,east,0
A205964,38,182198,4.2,20163,36,3345,0.0461,0,2,home_improvement,north,0
A205965,36,82229,4.6,9737,60,3915,0.0475,1,0,debt_consolidation,central,0
A205966,53,50947,2.6,6571,12,16688,0.2928,0,0,home_improvement,central,0
A205967,56,30020,5.4,22445,12,1015,0.7646,0,3,car,north,0
A205968,22,19676,1.8,12253,48,6062,0.3097,0,1,debt_consolidation,central,1
A205969,21,57548,5.8,5915,48,7755,0.0931,0,0,car,north,0
A205970,25,52027,4.0,13338,36,18826,0.2664,0,0,debt_consolidation,north,1
A205971,25,43670,0.8,9337,24,7891,0.1973,1,1,other,south,0
A205972,33,77545,5.4,4525,36,6262,0.0598,0,2,car,central,0
A205973,46,36146,11.4,8553,48,7814,0.1672,1,1,home_improvement,east,0
A205974,52,92644,5.6,1881,36,7779,0.0488,2,0,debt_consolidation,east,0
A205975,34,103315,2.2,16980,60,27951,0.1681,0,0,debt_consolidation,central,0
A205976,25,54960,7.2,9510,24,5956,0.1407,0,0,other,north,0
A205977,21,65699,4.7,5643,12,2069,0.1016,0,2,medical,south,0
A205978,53,53733,9.9,6601,48,3789,0.066,0,1,medical,north,0
A205979,63,78100,1.1,6105,48,21492,0.1571,0,0,home_improvement,central,0
A205980,43,44326,1.6,13803,48,17311,0.2731,0,0,home_improvement,central,0
A205981,39,27643,3.7,3089,60,2359,0.065,0,0,debt_consolidation,central,0
A205982,54,91730,1.4,14973,60,3236,0.0503,0,1,debt_consolidation,east,0
A205983,31,19677,1.3,6510,60,6746,0.2376,0,1,home_improvement,north,0
A205984,36,86127,1.7,17738,36,4888,0.097,0,0,education,north,0
A205985,21,16469,3.2,25140,48,10830,0.7104,0,1,debt_consolidation,north,0
A205986,42,33229,5.1,6856,24,18283,0.3783,0,1,car,south,0
A205987,40,38943,2.9,5805,36,19719,0.3029,0,3,education,central,0
A205988,58,50051,2.7,10618,48,5715,0.1101,0,1,car,east,0
A205989,48,60813,1.2,11677,24,10319,0.1808,0,0,car,north,0
A205990,35,47802,3.7,11933,12,7630,0.3294,0,3,medical,central,0
A205991,29,48486,1.2,53923,24,16944,0.7308,0,3,medical,north,1
A205992,26,205623,6.2,8750,24,9912,0.0454,0,0,education,south,0
A205993,63,44131,3.6,11127,36,62750,0.795,0,2,other,east,0
A205994,25,75851,5.5,12981,60,21554,0.1763,0,2,debt_consolidation,central,0
A205995,29,35296,3.1,19097,48,2063,0.1645,0,1,other,central,0
A205996,52,42048,8.5,4963,60,19529,0.2558,0,0,other,south,0
A205997,57,64643,7.5,10694,60,7192,0.0887,0,2,home_improvement,central,0
A205998,40,74121,0.9,14725,36,7025,0.1136,0,0,debt_consolidation,north,0
A205999,28,111844,3.9,10985,12,1012,0.1027,0,1,education,east,0
A206000,29,31171,5.6,11320,12,6734,0.4712,0,4,car,south,0
A206001,25,26414,6.7,4438,36,41236,0.8366,0,1,education,central,0
A206002,35,109910,1.9,17175,60,7556,0.0656,0,0,debt_consolidation,central,0
A206003,47,67909,2.8,23927,48,10012,0.1618,0,1,home_improvement,east,0
A206004,50,24113,7.7,5791,60,1959,0.0887,1,1,car,north,0
A206005,30,155544,8.3,10379,24,3432,0.0444,0,1,medical,north,0
A206006,33,72794,9.3,5590,12,14080,0.1735,0,0,car,east,0
A206007,31,64271,5.7,7915,24,4466,0.0963,0,1,debt_consolidation,east,0
A206008,38,37094,2.1,9176,60,18809,0.303,0,1,car,north,0
A206009,30,73078,1.3,12915,24,11423,0.1665,0,5,home_improvement,central,0
A206010,47,80188,1.6,9210,36,4211,0.0645,0,0,home_improvement,south,0
A206011,26,71814,8.4,13015,48,8789,0.1065,0,2,home_improvement,north,0
A206012,28,37164,4.6,3208,24,4089,0.0982,0,0,debt_consolidation,central,0
A206013,41,66621,4.9,7560,36,17033,0.1657,0,4,home_improvement,central,0
A206014,26,29334,1.8,3726,60,1235,0.0465,0,1,car,east,0
A206015,47,41544,5.6,3015,36,4640,0.08,0,1,debt_consolidation,south,0
A206016,29,91234,8.0,21263,12,3652,0.2531,0,1,education,south,0
A206017,34,82306,2.4,12217,60,4761,0.0586,0,5,debt_consolidation,central,0
A206018,67,22892,3.9,8313,24,2526,0.2367,0,0,education,south,0
A206019,23,40546,0.6,6190,12,22741,0.4331,0,3,home_improvement,north,0
A206020,34,103444,3.4,1439,36,39175,0.194,0,2,debt_consolidation,east,0
A206021,39,56596,0.3,4134,24,10162,0.1263,0,0,debt_consolidation,south,0
A206022,35,26478,4.6,7270,36,211,0.0955,0,1,home_improvement,south,0
A206023,26,21095,4.4,7549,24,3371,0.2588,0,2,home_improvement,central,1
A206024,40,67627,0.9,6795,60,31858,0.2556,1,0,medical,east,0
A206025,32,61245,2.9,6252,48,19166,0.182,0,0,education,east,0
A206026,50,45296,3.4,6752,24,6004,0.1408,0,0,debt_consolidation,east,0
A206027,39,103124,4.8,10707,36,3026,0.0493,0,1,debt_consolidation,south,0
A206028,45,26357,4.8,6893,48,7125,0.2005,0,1,other,south,0
A206029,42,93856,3.5,5449,24,2773,0.0438,0,1,debt_consolidation,east,0
A206030,34,116847,9.6,3517,24,7709,0.048,0,0,education,south,0
A206031,45,106980,8.2,4570,60,4466,0.0294,0,0,debt_consolidation,south,0
A206032,33,103152,3.0,11442,60,14348,0.0917,1,1,other,east,0
A206033,25,29444,6.4,8542,36,17116,0.3874,0,0,other,east,0
A206034,31,27579,11.8,8004,48,5436,0.1711,0,4,car,south,0
A206035,31,82283,4.8,11105,12,2469,0.15,1,2,car,north,0
A206036,46,39926,2.1,8809,36,10100,0.2,0,2,car,central,1
A206037,51,27974,1.1,19489,24,5758,0.4513,1,0,debt_consolidation,central,1
A206038,21,37269,3.3,12798,36,13493,0.2955,2,0,car,north,0
A206039,27,84025,2.4,10611,48,14602,0.1185,0,0,debt_consolidation,central,0
A206040,33,37688,6.0,4822,48,14337,0.2222,0,0,home_improvement,east,0
A206041,39,49035,1.8,5616,48,5640,0.0861,0,4,home_improvement,south,0
A206042,24,94065,4.9,2607,12,3467,0.0461,0,3,car,central,0
A206043,40,32125,6.3,17100,60,2301,0.1423,0,1,car,south,0
A206044,31,41446,3.8,2817,12,15174,0.251,0,4,home_improvement,south,0
A206045,23,92333,4.3,3141,60,11773,0.0706,0,3,debt_consolidation,south,0
A206046,56,47066,10.0,8344,60,15311,0.1981,2,1,other,south,0
A206047,45,103925,7.3,28502,12,15664,0.3496,0,0,debt_consolidation,south,0
A206048,40,112550,6.4,12070,36,8566,0.0738,0,3,debt_consolidation,south,0
A206049,54,97626,4.4,6296,48,12882,0.0821,0,1,car,central,0
A206050,55,51170,5.4,13693,60,2455,0.0775,0,0,education,south,1
A206051,44,64701,3.4,4134,48,7072,0.0706,0,0,other,north,0
A206052,43,76307,2.2,12511,24,16935,0.1929,0,0,car,central,0
A206053,30,52851,8.0,10827,60,6536,0.1028,0,2,medical,north,0
A206054,35,104682,1.7,10544,12,35505,0.2703,0,1,debt_consolidation,east,0
A206055,38,37464,15.5,3797,24,59780,0.8485,2,2,debt_consolidation,north,1
A206056,23,46988,4.3,12598,24,660,0.1411,0,0,education,south,0
A206057,33,50514,1.8,1470,24,5468,0.0687,0,1,home_improvement,north,0
A206058,45,46605,6.1,3692,12,1015,0.0901,0,0,car,north,0
A206059,47,123775,0.6,6235,12,25498,0.1534,1,0,other,east,0
A206060,34,49050,4.0,14289,12,7776,0.3706,0,2,home_improvement,north,0
A206061,38,48411,1.6,4707,48,47163,0.5114,0,2,debt_consolidation,south,0
A206062,21,60347,3.6,18727,48,8137,0.145,0,4,home_improvement,south,0
A206063,33,101214,7.7,6940,60,1782,0.0225,0,1,education,south,0
A206064,29,49039,10.8,11246,36,3644,0.1136,0,0,other,north,0
A206065,49,39650,11.1,1712,12,3465,0.0869,0,0,car,central,0
A206066,27,41881,5.5,3090,36,8885,0.1307,2,0,debt_consolidation,central,0
A206067,31,74852,1.2,5070,36,12156,0.1038,0,4,medical,central,0
A206068,51,240000,7.7,16976,36,4480,0.0329,0,5,car,south,0
A206069,40,70463,9.0,11834,12,2671,0.1869,0,1,debt_consolidation,central,0
A206070,34,68049,5.7,9225,48,2457,0.0519,0,2,car,central,0
A206071,31,99027,3.2,8426,24,1814,0.0517,0,0,debt_consolidation,north,0
A206072,46,66937,4.5,25661,24,5953,0.2361,0,0,other,north,0
A206073,42,82383,5.2,7989,60,2320,0.0335,3,1,debt_consolidation,east,0
A206074,27,69542,3.3,10195,24,13627,0.1713,0,1,debt_consolidation,north,0
A206075,48,10856,2.0,12969,12,3850,1.2,0,1,home_improvement,central,0
A206076,21,42803,6.3,26291,36,3041,0.2403,0,3,education,south,0
A206077,42,43412,0.9,7315,60,2112,0.058,0,1,debt_consolidation,east,0
A206078,41,82094,9.3,17689,24,4002,0.1321,1,0,home_improvement,north,0
A206079,47,30548,4.0,8957,24,1604,0.1729,0,2,car,north,0
A206080,41,27290,2.2,21391,36,2267,0.3028,0,2,home_improvement,central,0
A206081,59,61532,0.8,5285,48,10836,0.1095,0,1,debt_consolidation,south,0
A206082,48,93064,2.5,3833,12,3869,0.062,0,2,debt_consolidation,north,0
A206083,39,41999,0.4,5369,60,13944,0.1916,0,3,debt_consolidation,central,0
A206084,59,56344,5.1,21710,36,1237,0.1394,0,1,education,north,0
A206085,54,46107,6.5,4240,48,26934,0.3151,0,0,car,east,0
A206086,40,52238,3.3,14467,60,10327,0.1542,0,0,home_improvement,south,0
A206087,39,37949,7.0,15442,60,977,0.0943,0,2,home_improvement,east,0
A206088,43,47579,3.8,20600,36,3852,0.1848,0,1,car,east,0
A206089,42,29030,2.4,5725,60,8095,0.1789,0,2,home_improvement,north,0
A206090,48,112459,6.2,25621,48,62982,0.337,0,0,other,east,0
A206091,21,41218,4.0,29911,36,2382,0.2708,1,0,debt_consolidation,east,0
A206092,30,32582,0.5,7307,36,10893,0.2419,0,1,car,east,0
A206093,45,40769,1.0,32414,12,16673,0.9995,0,0,debt_consolidation,central,1
A206094,56,68712,6.7,7634,48,6604,0.0758,0,1,debt_consolidation,central,0
A206095,24,44124,2.0,11572,24,11538,0.2619,0,1,medical,south,0
A206096,29,31390,0.9,8401,36,2340,0.1265,0,0,education,south,0
A206097,32,61838,9.0,12216,24,9989,0.1795,1,2,home_improvement,central,0
A206098,41,101316,8.8,6048,60,735,0.0156,0,0,debt_consolidation,south,0
A206099,44,41976,4.1,29529,12,1773,0.7246,2,1,debt_consolidation,central,1
A206100,58,65593,7.0,6869,12,1012,0.1124,1,1,other,north,0
A206101,27,39259,4.4,4214,60,3577,0.067,2,2,debt_consolidation,east,1
A206102,47,42455,3.4,6445,24,5516,0.1409,0,0,medical,south,0
A206103,30,70324,5.6,6114,60,16266,0.133,1,2,car,east,0
A206104,42,29992,0.6,21014,12,21162,1.0534,0,0,car,central,0
A206105,27,33669,10.7,28039,60,4697,0.2363,0,2,debt_consolidation,south,0
A206106,51,22172,3.6,3516,36,3599,0.134,0,1,home_improvement,east,0
A206107,39,155612,0.6,11999,60,7014,0.038,0,0,car,south,0
A206108,46,40260,1.4,6066,60,11828,0.177,0,1,car,north,0
A206109,35,21993,9.4,5690,48,10565,0.3049,0,0,other,south,0
A206110,21,25246,8.1,3537,12,918,0.1583,0,0,home_improvement,south,0
A206111,72,39571,13.2,6616,60,2212,0.0614,0,1,car,north,0
A206112,32,37948,2.6,9697,12,4181,0.3106,0,2,car,south,0
A206113,21,68121,2.3,16203,24,1465,0.1297,0,1,debt_consolidation,north,0
A206114,52,75167,4.3,8773,36,2031,0.0524,0,1,home_improvement,central,0
A206115,50,33034,4.7,7737,24,2672,0.1575,0,2,debt_consolidation,south,0
A206116,22,45165,2.1,12902,24,1600,0.1605,0,0,car,south,0
A206117,37,36652,2.5,13249,60,13847,0.2612,0,0,debt_consolidation,south,0
A206118,36,102520,2.1,17281,12,9663,0.2157,0,3,medical,east,0
A206119,37,132100,4.5,8980,12,10944,0.1094,0,0,home_improvement,south,1
A206120,52,68079,1.3,8257,48,5011,0.0671,0,1,education,central,0
A206121,24,41496,6.1,9240,48,8209,0.1546,2,3,debt_consolidation,south,0
A206122,54,74877,4.8,3215,36,8277,0.0696,1,0,debt_consolidation,south,0
A206123,21,29056,9.8,12013,36,4884,0.2219,0,0,debt_consolidation,central,0
A206124,35,70423,9.9,21875,48,93038,0.7382,0,2,car,north,0
A206125,40,129324,3.5,11096,36,5334,0.0492,0,3,education,east,0
A206126,33,28078,8.2,7587,36,6302,0.2023,0,0,other,east,0
A206127,37,59292,1.5,2283,60,6332,0.0611,0,2,education,north,0
A206128,44,28629,2.8,13805,36,1719,0.1908,0,1,home_improvement,central,0
A206129,49,71407,8.0,12670,60,32032,0.2598,0,0,home_improvement,north,1
A206130,42,51301,0.7,3444,12,1827,0.0849,0,4,car,north,0
A206131,30,60418,7.6,9535,24,7223,0.1387,0,2,car,east,0
A206132,41,18567,3.7,5448,36,25496,0.7844,2,0,car,central,1
A206133,35,41956,5.1,10796,36,2125,0.1111,0,0,home_improvement,central,0
A206134,21,32951,6.3,5565,12,1890,0.1976,0,2,medical,east,0
A206135,54,136416,2.6,15115,36,11460,0.0789,0,0,debt_consolidation,central,0
A206136,32,78531,6.5,2820,60,1133,0.0144,0,5,car,south,0
A206137,35,77646,5.2,3654,24,4762,0.0542,0,3,car,central,0
A206138,30,41164,1.7,4975,36,5370,0.1055,2,1,medical,south,0
A206139,55,124613,5.5,4542,60,14812,0.0667,0,0,debt_consolidation,north,0
A206140,64,58546,7.5,21458,48,14223,0.2131,0,0,education,central,0
A206141,27,240000,1.9,9212,12,9182,0.0575,0,0,education,south,0
A206142,44,54145,8.8,5526,36,8333,0.111,0,0,medical,central,0
A206143,41,62163,6.7,6452,24,11475,0.1442,0,0,car,central,0
A206144,27,53716,7.4,20348,12,1575,0.3935,0,0,car,east,0
A206145,54,65654,7.1,12671,60,11692,0.1276,0,1,car,south,0
A206146,45,82421,2.5,3905,12,29633,0.2271,0,0,debt_consolidation,central,0
A206147,30,46447,3.3,13220,12,13848,0.4337,0,0,education,north,0
A206148,23,42446,2.8,8091,24,26748,0.4104,0,2,car,north,1
A206149,39,51446,8.1,35332,60,1178,0.1488,0,0,debt_consolidation,east,0
A206150,26,35703,4.5,3904,60,25254,0.3755,0,1,home_improvement,east,0
A206151,24,94481,4.9,4373,48,3952,0.0325,0,0,debt_consolidation,north,0
A206152,40,52657,0.9,3367,12,2859,0.0911,0,3,car,north,0
A206153,30,54952,7.7,4301,36,6907,0.0889,1,3,education,north,0
A206154,42,44519,2.4,12188,12,7593,0.359,0,3,home_improvement,north,0
A206155,38,65053,4.0,2179,48,14283,0.1182,0,1,education,central,0
A206156,54,38782,3.1,5991,36,12839,0.217,0,1,medical,south,1
A206157,39,51043,4.7,11252,36,3006,0.1029,0,0,debt_consolidation,south,0
A206158,33,62670,1.3,26962,24,1031,0.2233,0,0,car,north,0
A206159,21,58426,3.4,2242,12,4932,0.0806,0,0,home_improvement,north,0
A206160,21,70819,0.7,10341,60,8982,0.0926,1,1,education,central,0
A206161,25,14291,2.3,48650,48,26791,1.2,0,0,car,north,1
A206162,28,23791,3.1,9405,24,4417,0.2905,0,4,car,north,0
A206163,34,70212,2.7,15284,24,26432,0.2971,0,3,debt_consolidation,north,1
A206164,21,45354,5.6,5684,24,5750,0.1261,0,2,medical,south,0
A206165,34,82489,9.1,5134,36,18239,0.1313,0,0,home_improvement,south,0
A206166,54,75365,5.6,33371,60,5101,0.1224,0,1,education,central,0
A206167,21,78381,4.5,12244,36,1069,0.0589,0,0,debt_consolidation,north,0
A206168,36,21518,10.4,13530,36,2315,0.2634,0,5,other,east,0
A206169,23,53882,4.4,11430,48,5419,0.1033,0,1,other,east,0
A206170,49,31914,0.7,1557,60,25026,0.4018,0,2,other,central,0
A206171,44,28985,0.8,5066,60,12780,0.2554,0,1,home_improvement,central,0
A206172,30,29391,3.5,15837,12,4784,0.6202,0,2,car,central,0
A206173,31,69315,4.7,9306,36,21185,0.1976,2,1,car,east,0
A206174,50,72429,5.5,6073,60,7124,0.0659,0,0,car,east,0
A206175,39,122770,3.4,3962,36,1404,0.0165,0,2,home_improvement,north,0
A206176,27,23794,1.9,6729,60,847,0.0744,0,1,car,south,0
A206177,44,43038,4.1,2142,60,1678,0.0294,0,1,car,east,0
A206178,21,24568,3.9,7480,24,429,0.161,0,1,car,south,0
A206179,59,72138,3.5,27164,60,60228,0.4928,0,2,debt_consolidation,central,0
A206180,50,67959,1.7,4098,36,1693,0.0326,1,2,education,south,0
A206181,57,216282,6.1,6134,24,13259,0.0448,0,1,debt_consolidation,south,0
A206182,33,49335,4.7,10182,48,5944,0.1118,1,0,education,south,0
A206183,44,23960,10.3,3307,48,788,0.0509,0,1,debt_consolidation,east,0
A206184,39,39914,11.2,3502,36,20133,0.2815,0,0,home_improvement,north,0
A206185,45,57190,11.5,10769,60,5270,0.0837,0,1,debt_consolidation,south,0
A206186,38,36057,10.1,16728,12,3961,0.5189,0,0,other,central,1
A206187,51,64134,9.1,7548,48,40917,0.3484,0,2,car,north,0
A206188,29,49138,7.9,11336,24,2079,0.1365,0,4,education,central,0
A206189,43,29315,3.7,8277,24,6078,0.2448,0,0,car,east,0
A206190,26,43117,0.5,10726,36,16480,0.274,0,2,home_improvement,east,0
A206191,37,27620,2.1,3833,36,16018,0.3362,0,1,home_improvement,south,1
A206192,23,13488,5.5,6920,60,18099,0.7735,0,1,car,east,0
A206193,21,78527,1.1,3603,12,5526,0.0811,0,0,debt_consolidation,north,0
A206194,26,54204,10.2,30346,12,16899,0.7157,0,1,debt_consolidation,north,0
A206195,35,70262,2.6,9687,24,10797,0.1458,0,2,other,central,0
A206196,38,52120,1.1,7023,60,1670,0.043,0,0,debt_consolidation,central,0
A206197,37,19838,5.5,15620,60,3116,0.236,0,1,home_improvement,east,0
A206198,37,38614,0.4,7598,36,2611,0.0994,0,2,car,east,0
A206199,42,112887,1.1,38616,36,2324,0.1243,1,2,debt_consolidation,central,0
A206200,37,61207,0.7,6218,12,48482,0.4976,0,4,car,north,1
A206201,40,56427,12.0,12371,48,209,0.0567,0,2,car,east,0
A206202,45,40126,4.2,16842,36,8896,0.2508,0,3,education,central,0
A206203,36,113189,7.5,6543,24,8009,0.0643,1,2,other,south,1
A206204,50,25551,7.6,3506,60,86379,1.2,0,1,debt_consolidation,north,0
A206205,27,50348,0.3,11969,48,2202,0.0813,0,1,debt_consolidation,east,1
A206206,42,33929,3.1,9803,60,1540,0.0805,1,5,home_improvement,north,1
A206207,38,46260,9.0,46941,48,12083,0.3843,0,0,car,east,0
A206208,46,81307,4.4,9302,60,5362,0.0559,0,0,home_improvement,north,0
A206209,43,29940,3.8,7289,24,2793,0.1684,0,0,car,central,0
A206210,36,37810,7.7,5863,12,3504,0.2014,1,4,car,east,0
A206211,41,48320,4.6,5862,12,749,0.1291,0,0,car,south,0
A206212,31,95964,5.4,13941,36,9218,0.0965,0,2,home_improvement,east,0
A206213,45,66642,0.8,4869,48,655,0.0232,0,3,home_improvement,east,0
A206214,40,56753,4.2,9157,48,1307,0.0519,0,3,other,south,0
A206215,43,85091,2.8,18117,24,21014,0.2299,0,0,home_improvement,south,0
A206216,24,70155,7.2,4612,24,2460,0.0504,0,0,car,north,0
A206217,50,96851,2.4,2480,36,32741,0.1776,2,0,home_improvement,east,0
A206218,42,96020,1.3,25281,12,845,0.2677,0,2,home_improvement,south,0
A206219,41,51247,3.6,5548,12,1250,0.1205,0,2,home_improvement,east,0
A206220,45,67464,6.7,7095,12,12579,0.1984,2,0,home_improvement,east,1
A206221,34,20104,4.2,11217,60,19021,0.5847,1,0,home_improvement,central,0
A206222,39,139875,4.9,2569,12,15123,0.0724,2,2,car,east,0
A206223,27,66971,1.7,35305,24,8501,0.3271,2,0,home_improvement,east,1
A206224,57,34302,10.9,14761,12,3666,0.4838,0,2,debt_consolidation,north,0
A206225,30,43527,5.4,4113,48,8935,0.1263,0,4,car,south,0
A206226,40,52812,5.5,17011,36,2008,0.1264,0,0,education,north,0
A206227,40,37203,1.2,6920,24,3407,0.1388,0,0,debt_consolidation,east,0
A206228,23,59253,9.2,7696,24,9248,0.143,0,1,home_improvement,north,0
A206229,24,47182,17.7,18566,60,3319,0.1139,0,3,debt_consolidation,east,0
A206230,39,28053,2.1,11301,48,2201,0.1399,0,1,debt_consolidation,north,1
A206231,39,37254,7.4,8915,48,1299,0.0773,0,1,other,central,0
A206232,37,129663,3.1,14810,24,75426,0.348,0,2,debt_consolidation,north,0
A206233,21,63382,2.4,12664,60,5244,0.0813,1,1,car,south,0
A206234,23,44701,5.0,10783,12,1647,0.2596,0,1,debt_consolidation,north,0
A206235,22,26138,3.6,14045,24,3715,0.3397,0,0,home_improvement,north,0
A206236,21,167248,3.2,4372,24,954,0.0159,1,5,debt_consolidation,south,0
A206237,52,90206,7.0,4133,24,7106,0.0623,0,0,debt_consolidation,central,0
A206238,41,114081,5.3,8713,24,6741,0.0677,0,2,debt_consolidation,south,0
A206239,31,39703,4.1,5064,24,13153,0.2294,0,3,debt_consolidation,south,0
A206240,29,92007,4.1,18037,48,24417,0.1817,0,0,debt_consolidation,central,0
A206241,45,34865,0.1,8411,12,7524,0.3491,0,0,medical,central,0
A206242,40,20675,11.3,5687,60,1824,0.0991,0,0,education,north,0
A206243,31,23049,1.1,8758,48,7115,0.2493,0,1,debt_consolidation,south,0
A206244,47,36512,3.6,8750,48,749,0.0702,0,1,home_improvement,central,0
A206245,50,118436,3.5,13753,60,4139,0.0407,0,0,home_improvement,south,0
A206246,29,60670,1.8,5782,48,8732,0.0958,0,1,education,north,0
A206247,24,29173,4.7,8349,36,15013,0.3527,0,1,education,central,0
A206248,45,149395,8.5,13383,36,3449,0.0414,0,2,car,east,0
A206249,21,56921,1.9,11284,36,4439,0.1051,0,3,car,north,0
A206250,38,79054,2.9,2030,12,12227,0.103,0,2,home_improvement,east,0
A206251,38,38398,7.1,7970,36,8866,0.1846,0,1,debt_consolidation,south,0
A206252,33,46524,3.8,1936,36,3470,0.0512,0,2,education,central,0
A206253,36,60189,6.6,16176,60,3882,0.086,0,1,debt_consolidation,central,0
A206254,44,119182,0.1,6904,12,3567,0.0729,0,1,home_improvement,east,0
A206255,29,48977,3.2,10731,36,4545,0.1194,0,4,car,east,0
A206256,24,88556,11.9,13696,60,31084,0.2064,0,0,car,north,0
A206257,47,36176,1.9,3757,48,12278,0.1957,0,0,car,south,0
A206258,43,69493,4.9,3245,36,6854,0.0649,3,0,car,east,0
A206259,35,30946,3.2,6536,60,1676,0.0693,0,0,other,central,0
A206260,40,32805,2.1,3637,60,13954,0.2349,0,0,debt_consolidation,north,0
A206261,21,22526,1.7,4968,12,3442,0.2969,0,1,medical,north,0
A206262,27,38763,1.8,12468,36,12823,0.2726,0,4,debt_consolidation,south,0
A206263,45,42241,5.9,6387,48,9284,0.1477,0,2,home_improvement,north,0
A206264,38,27677,1.2,21165,60,8946,0.3146,0,3,debt_consolidation,east,0
A206265,48,107196,5.5,2406,12,7437,0.0571,0,2,education,central,0
A206266,36,119178,7.9,8501,48,7593,0.0497,0,2,car,north,0
A206267,30,66075,1.0,2864,60,2739,0.0294,0,3,home_improvement,north,0
A206268,21,51114,4.5,7507,48,35150,0.3806,0,3,car,east,0
A206269,34,26842,5.0,14275,36,17185,0.4974,0,0,education,central,0
A206270,36,35314,4.9,5973,48,10076,0.1849,0,0,car,south,0
A206271,36,25709,2.5,10024,60,10160,0.2756,1,1,medical,east,1
A206272,22,41429,5.1,18385,48,24447,0.406,1,0,car,north,0
A206273,41,50493,2.3,4868,60,2583,0.0449,1,1,medical,south,0
A206274,29,105018,10.6,4797,60,145,0.0098,0,2,debt_consolidation,central,0
A206275,32,61311,11.3,26163,60,13722,0.1973,1,0,car,north,0
A206276,33,68294,2.6,15899,24,1083,0.1243,0,0,other,north,0
A206277,28,22403,4.1,19064,48,26668,0.8079,1,2,education,north,1
A206278,47,46575,1.2,15169,48,29313,0.3961,0,1,other,north,0
A206279,30,42432,15.9,19835,12,17263,0.6709,0,2,debt_consolidation,south,0
A206280,44,51872,8.6,4956,24,2007,0.0671,0,1,other,east,0
A206281,40,67459,4.4,4814,48,4549,0.0516,0,0,debt_consolidation,north,0
A206282,30,52191,3.8,20891,36,10060,0.2298,0,1,car,south,0
A206283,27,66574,2.6,2364,36,4026,0.0421,0,1,debt_consolidation,south,0
A206284,21,81767,6.0,11470,60,1913,0.0398,0,0,other,south,0
A206285,41,36604,4.0,5217,60,5147,0.0988,0,1,home_improvement,east,0
A206286,51,87514,4.7,6339,24,28161,0.1971,0,0,debt_consolidation,east,0
A206287,56,25510,12.8,9188,36,19025,0.493,0,3,home_improvement,south,0
A206288,39,66460,7.1,16310,60,588,0.0535,0,1,debt_consolidation,south,0
A206289,39,46294,7.7,24142,60,5761,0.1665,0,2,medical,central,0
A206290,39,61418,2.5,8348,12,9431,0.2127,0,2,debt_consolidation,north,0
A206291,36,24169,3.2,6634,60,6364,0.1866,1,3,car,central,0
A206292,25,31337,4.0,7506,24,3578,0.1769,0,0,education,north,0
A206293,42,28626,10.6,27576,12,8738,1.1159,0,0,debt_consolidation,east,1
A206294,51,37719,0.6,9390,48,13200,0.2372,0,0,debt_consolidation,central,0
A206295,42,70924,6.8,3112,48,4119,0.04,0,1,home_improvement,east,0
A206296,49,96843,7.3,8216,60,2610,0.0304,0,3,debt_consolidation,east,0
A206297,50,53439,3.1,11434,48,3453,0.0858,0,0,car,central,0
A206298,34,37331,2.8,6485,12,574,0.1814,1,1,debt_consolidation,north,0
A206299,30,99081,5.0,11491,12,7397,0.1533,0,0,debt_consolidation,south,0
A206300,38,95050,2.1,9898,24,1984,0.0625,0,3,debt_consolidation,east,0
A206301,24,70731,0.1,4861,36,6134,0.0663,0,1,education,north,0
A206302,26,48595,5.5,1737,48,3595,0.0459,0,0,debt_consolidation,north,0
A206303,55,102924,4.1,8666,48,1934,0.0304,0,2,debt_consolidation,north,0
A206304,51,84894,6.2,17182,60,4675,0.068,0,0,other,north,0
A206305,53,121002,1.0,34855,24,3679,0.1592,0,1,home_improvement,south,0
A206306,38,98379,5.3,4592,12,21527,0.1561,0,0,car,central,0
A206307,32,43440,2.7,4475,36,2272,0.0605,0,2,car,north,0
A206308,54,26636,11.8,3932,12,2661,0.1976,2,2,debt_consolidation,central,0
A206309,46,55393,2.1,15441,12,2700,0.3031,0,3,car,south,0
A206310,39,28804,6.7,21595,12,6347,0.8599,0,2,home_improvement,south,1
A206311,26,37416,4.6,13679,60,392,0.0784,0,1,debt_consolidation,south,0
A206312,34,25342,6.2,15972,36,3353,0.2762,0,0,other,east,0
A206313,21,40170,5.8,16059,24,5225,0.2649,0,0,education,south,0
A206314,33,39668,3.1,17416,12,968,0.4512,0,0,home_improvement,central,1
A206315,32,52334,3.9,8867,36,7609,0.1292,0,5,other,east,0
A206316,50,25695,4.5,20011,36,22273,0.693,0,3,debt_consolidation,north,1
A206317,25,28580,2.5,4645,48,4549,0.1202,3,2,home_improvement,south,1
A206318,33,53041,4.1,19545,60,6345,0.1335,0,0,home_improvement,central,0
A206319,26,64674,6.3,12732,24,9412,0.1712,0,1,car,north,0
A206320,39,45587,2.4,8606,24,9565,0.1993,1,0,other,north,0
A206321,38,93607,6.7,14877,60,2538,0.0453,1,0,education,south,0
A206322,35,35320,0.8,4363,60,1752,0.0495,0,1,education,north,0
A206323,53,47105,12.4,6773,48,5810,0.0976,0,1,medical,north,0
A206324,47,154515,3.5,8440,60,41395,0.1449,0,2,debt_consolidation,south,0
A206325,27,45506,8.5,8138,48,11067,0.1663,0,2,car,east,0
A206326,21,99957,4.4,26864,48,7002,0.1022,0,1,car,east,0
A206327,40,112093,2.0,14431,12,1935,0.1374,0,1,medical,central,0
A206328,42,106069,1.4,16392,36,10257,0.0999,0,1,debt_consolidation,north,0
A206329,39,32291,1.5,5383,24,1097,0.1003,2,1,other,south,1
A206330,38,58684,13.4,6105,48,9801,0.1095,0,0,home_improvement,central,0
A206331,30,56856,0.7,12126,24,3124,0.1341,0,1,education,north,0
A206332,32,58449,5.9,10228,36,6248,0.1118,0,1,other,south,0
A206333,47,33228,10.7,30137,60,2928,0.2255,0,5,home_improvement,north,1
A206334,40,22051,5.1,4959,60,5129,0.1613,0,0,other,east,0
A206335,42,53301,3.2,2158,12,37485,0.3921,1,3,debt_consolidation,central,0
A206336,27,39526,5.0,3973,24,31517,0.4489,0,0,debt_consolidation,east,1
A206337,45,47947,17.1,14260,12,1924,0.3175,1,5,debt_consolidation,east,0
A206338,43,51087,3.0,7636,60,4537,0.0743,0,1,home_improvement,south,0
A206339,44,22562,6.4,9112,48,3155,0.1709,0,1,car,east,0
A206340,39,27335,1.1,9278,12,5033,0.4315,2,2,medical,central,1
A206341,50,48361,1.8,12379,48,1058,0.0749,0,0,debt_consolidation,south,0
A206342,48,22402,4.5,4112,48,8146,0.2277,1,5,medical,east,1
A206343,54,75461,3.0,7606,12,2927,0.1202,0,0,home_improvement,south,0
A206344,35,60660,5.0,23759,48,7344,0.1585,0,1,home_improvement,south,0
A206345,44,49596,1.0,9185,60,64392,0.6862,0,0,debt_consolidation,north,0
A206346,28,43037,2.6,3814,12,3084,0.1245,0,3,car,east,0
A206347,35,22647,2.7,4724,12,13703,0.5111,0,0,debt_consolidation,north,0
A206348,30,51189,3.8,3458,36,2097,0.043,1,1,car,north,0
A206349,53,40031,8.0,10990,36,498,0.0977,0,4,debt_consolidation,north,0
A206350,24,37700,9.4,13340,48,12994,0.2608,0,1,education,south,0
A206351,50,40253,1.9,10151,48,14253,0.2401,0,0,education,south,0
A206352,43,38478,6.7,2712,36,24006,0.3354,1,0,debt_consolidation,central,0
A206353,54,44758,5.8,56146,36,2721,0.4485,0,2,car,east,0
A206354,62,56095,6.0,5745,12,8363,0.177,0,2,home_improvement,south,0
A206355,45,49611,4.5,10353,60,4876,0.0909,0,0,other,south,0
A206356,51,76119,2.6,9730,60,7427,0.0744,0,1,home_improvement,south,0
A206357,41,137752,6.1,4189,36,7618,0.0378,0,4,debt_consolidation,central,0
A206358,37,48167,2.9,2876,48,9653,0.1151,0,1,debt_consolidation,central,0
A206359,21,33123,11.7,6438,60,7897,0.1581,2,0,home_improvement,north,0
A206360,21,121440,9.9,16461,24,9964,0.1088,0,0,debt_consolidation,central,0
A206361,29,34434,4.1,8085,60,20495,0.3446,0,2,home_improvement,east,1
A206362,35,22886,6.4,9124,36,49406,1.2,0,1,car,central,1
A206363,38,26359,2.7,6633,36,4943,0.1776,1,4,car,north,1
A206364,51,73075,5.8,7706,36,4927,0.0689,2,1,debt_consolidation,central,0
A206365,48,185115,0.7,9132,36,7936,0.0379,1,2,car,central,0
A206366,38,38971,13.2,3076,60,6325,0.0969,1,4,home_improvement,south,0
A206367,50,118815,2.7,6520,24,981,0.0316,1,0,home_improvement,central,0
A206368,33,68842,9.8,9347,48,13166,0.1296,0,1,education,south,0
A206369,49,86057,9.0,12182,36,3919,0.07,0,1,other,east,0
A206370,50,38735,4.9,3050,48,2283,0.0492,0,3,debt_consolidation,east,0
A206371,25,49880,3.3,3444,24,8248,0.1172,0,2,home_improvement,central,0
A206372,42,29395,1.5,23803,48,1720,0.2317,0,0,car,north,0
A206373,30,36332,7.2,8489,60,4054,0.1025,2,0,other,south,0
A206374,49,53743,0.7,14814,48,3311,0.0997,0,1,car,east,0
A206375,37,39077,8.7,5920,24,8185,0.1805,1,3,debt_consolidation,north,1
A206376,54,98672,0.7,10650,60,1197,0.0277,0,2,car,south,0
A206377,39,38355,3.5,8670,12,15821,0.4323,0,0,home_improvement,north,0
A206378,31,108148,1.8,2198,24,22588,0.1146,0,0,debt_consolidation,central,0
A206379,27,67885,4.4,13467,60,66776,0.5315,0,2,debt_consolidation,central,0
A206380,30,41719,5.4,12994,12,9446,0.4247,0,1,debt_consolidation,north,0
A206381,37,74399,4.1,7463,24,2149,0.0646,1,3,car,south,0
A206382,29,17383,2.6,6373,24,4464,0.3117,1,0,car,east,0
A206383,47,51816,0.5,14708,12,1010,0.2936,1,1,car,central,1
A206384,29,39351,2.6,4502,48,8019,0.1305,0,0,debt_consolidation,north,0
A206385,37,38389,2.3,10234,12,3204,0.3083,0,2,car,east,0
A206386,53,168108,5.3,7093,36,19138,0.071,0,4,debt_consolidation,east,0
A206387,43,98837,1.0,4848,60,1875,0.0193,0,1,debt_consolidation,north,0
A206388,32,68731,2.0,13654,60,15077,0.1494,0,2,debt_consolidation,east,0
A206389,46,45858,7.3,11501,48,8435,0.1547,0,1,education,north,0
A206390,31,32374,17.2,3952,48,3085,0.0782,0,1,other,central,0
A206391,39,16509,5.4,10226,24,1498,0.3551,0,2,other,east,1
A206392,27,67394,3.7,20442,36,1905,0.1152,0,0,education,central,0
A206393,40,71634,7.0,12224,48,8073,0.099,0,1,debt_consolidation,north,0
A206394,54,107085,1.7,5865,60,2885,0.0244,0,1,debt_consolidation,east,1
A206395,42,50357,11.0,6197,12,8996,0.2124,0,0,home_improvement,east,0
A206396,21,43427,4.0,17792,36,16664,0.3284,0,1,car,south,0
A206397,39,50323,4.7,8567,36,11590,0.1719,0,2,home_improvement,east,0
A206398,42,26010,2.1,2770,36,9381,0.2158,0,1,debt_consolidation,south,0
A206399,42,44814,4.6,7485,12,1672,0.1857,0,0,other,east,0
A206400,26,27385,5.2,7763,60,3465,0.12,1,0,other,central,0
A206401,21,53541,2.5,7758,60,1559,0.0435,0,2,debt_consolidation,central,0
A206402,22,79089,3.6,8996,48,2352,0.0433,0,0,debt_consolidation,central,0
A206403,37,44102,1.7,5377,12,1812,0.1425,0,0,education,east,0
A206404,53,61230,1.5,5777,48,3435,0.0516,0,0,car,central,0
A206405,33,40837,4.9,12252,24,18203,0.3729,0,1,debt_consolidation,east,0
A206406,48,56324,2.8,7734,12,3242,0.1661,2,2,debt_consolidation,central,1
A206407,39,56017,4.4,36244,36,7473,0.2824,1,4,home_improvement,east,1
A206408,31,189952,8.1,4938,12,3122,0.0342,0,2,education,central,0
A206409,48,49788,3.0,18360,36,12809,0.2516,0,4,home_improvement,south,0
A206410,48,67859,1.1,2076,12,1574,0.0422,0,0,education,south,0
A206411,38,46410,1.3,5539,48,21767,0.2643,0,0,car,central,0
A206412,34,21241,11.4,12585,36,13022,0.504,3,1,debt_consolidation,central,0
A206413,43,24037,6.1,47974,36,15346,0.9845,0,4,medical,south,0
A206414,21,111315,4.8,29798,24,35616,0.2938,1,3,debt_consolidation,central,1
A206415,45,87336,1.6,3379,12,1054,0.0447,0,1,medical,central,0
A206416,59,29384,8.2,24606,48,6213,0.3151,0,1,debt_consolidation,south,0
A206417,57,56963,4.7,7524,36,4987,0.0878,0,0,home_improvement,central,0
A206418,56,21168,7.8,2561,48,1535,0.0665,0,1,debt_consolidation,east,0
A206419,33,71856,2.8,9038,24,3368,0.0863,0,0,debt_consolidation,central,0
A206420,32,36503,2.4,12639,60,3054,0.1111,0,0,car,south,0
A206421,44,71958,2.5,5753,24,11711,0.1213,0,0,home_improvement,south,0
A206422,44,29214,4.9,4072,60,553,0.0373,0,2,car,north,0
A206423,21,42692,1.9,27672,48,20091,0.3973,0,3,debt_consolidation,east,0
A206424,24,31717,0.8,6181,48,1600,0.0739,0,0,education,east,0
A206425,46,39621,1.7,19631,60,9677,0.2212,0,0,home_improvement,north,0
A206426,52,61551,3.3,14025,36,2596,0.097,0,1,debt_consolidation,north,0
A206427,29,52218,10.1,6559,12,32896,0.4406,0,0,debt_consolidation,central,0
A206428,21,99658,1.8,9786,12,535,0.1009,0,2,debt_consolidation,central,0
A206429,53,55008,5.2,16102,36,4954,0.1426,0,0,car,east,0
A206430,33,33043,6.2,2382,60,5638,0.0997,0,2,car,south,0
A206431,40,120060,2.2,8830,60,2990,0.0272,0,1,other,east,0
A206432,38,38999,4.0,10668,12,20344,0.5344,0,1,car,east,0
A206433,45,121824,12.2,11578,36,5925,0.056,0,0,other,central,0
A206434,21,61119,7.8,18683,12,1307,0.3164,0,0,education,north,0
A206435,49,58364,2.6,9737,48,6657,0.0987,0,4,debt_consolidation,east,0
A206436,48,75300,1.2,32254,12,1395,0.4376,0,3,debt_consolidation,north,1
A206437,30,63307,3.4,20306,48,4408,0.115,0,3,education,central,0
A206438,35,88567,0.8,8289,60,7466,0.0609,0,4,car,east,0
A206439,37,34986,5.2,5886,36,7980,0.1701,1,1,debt_consolidation,south,0
A206440,38,121961,8.3,8113,48,2215,0.0257,0,2,home_improvement,central,0
A206441,33,85300,1.9,4326,60,1293,0.0177,0,0,medical,north,0
A206442,36,34760,16.6,7097,24,898,0.115,1,1,medical,south,0
A206443,47,76768,6.7,14624,60,2510,0.0544,0,2,home_improvement,central,0
A206444,48,38267,9.4,18549,60,8398,0.2067,0,1,debt_consolidation,north,0
A206445,42,42940,2.1,3165,36,4515,0.0771,0,0,debt_consolidation,east,0
A206446,21,60861,8.9,20393,12,4635,0.3732,0,1,other,north,0
A206447,23,55828,8.3,6454,24,1909,0.0749,0,3,home_improvement,central,0
A206448,55,10583,2.6,17458,36,12418,1.1366,0,0,education,central,1
A206449,55,60160,5.0,6336,48,13637,0.1397,0,2,home_improvement,north,0
A206450,33,23362,7.9,9331,48,4384,0.1937,1,1,education,south,0
A206451,43,29764,13.6,15905,36,15149,0.4326,0,0,debt_consolidation,central,0
A206452,34,30106,3.1,6182,36,22476,0.4417,0,3,car,east,0
A206453,40,73256,4.1,10238,48,2409,0.0514,0,2,debt_consolidation,central,0
A206454,43,14456,0.8,5004,36,3374,0.2321,0,0,medical,east,0
A206455,32,36602,5.3,7879,60,1202,0.0595,0,2,car,south,0
A206456,26,73678,2.7,9094,36,8672,0.1,0,0,debt_consolidation,north,0
A206457,41,171685,4.5,18657,36,6271,0.0545,0,1,car,north,0
A206458,46,46236,4.5,9080,36,14148,0.2185,0,2,debt_consolidation,north,0
A206459,34,21372,3.1,5348,24,7859,0.309,0,0,debt_consolidation,north,0
A206460,24,65946,3.5,4201,48,1826,0.0298,1,3,home_improvement,north,0
A206461,43,69641,7.9,6341,60,12501,0.108,0,3,car,east,0
A206462,36,23189,2.7,8452,36,15782,0.4618,0,3,home_improvement,south,0
A206463,35,71862,5.6,21442,48,1920,0.088,0,1,education,north,0
A206464,42,99129,1.3,5301,48,4702,0.0371,0,0,home_improvement,north,0
A206465,35,152012,2.3,10551,36,59410,0.2185,0,0,car,south,0
A206466,61,63346,8.5,10912,60,24077,0.2245,1,2,other,east,0
A206467,35,38541,2.9,21459,60,7051,0.2028,1,1,debt_consolidation,east,0
A206468,66,75325,0.6,5337,60,3692,0.0387,0,4,medical,north,0
A206469,41,142348,3.0,10842,36,3627,0.0381,0,1,car,south,0
A206470,42,88370,7.9,6471,48,4025,0.0411,0,2,debt_consolidation,north,0
A206471,24,41985,3.7,5196,12,21231,0.3766,0,4,car,east,1
A206472,32,49033,13.3,9874,60,5795,0.0994,0,0,debt_consolidation,central,0
A206473,22,26297,5.2,11238,36,3580,0.2105,1,0,other,south,0
A206474,35,48031,2.9,13287,48,23980,0.3188,0,1,education,north,0
A206475,43,54090,0.2,6212,12,5652,0.1671,0,1,debt_consolidation,south,0
A206476,35,88009,1.2,25432,48,6307,0.1081,0,0,medical,central,0
A206477,43,75324,5.1,13649,48,3047,0.0655,0,3,debt_consolidation,north,0
A206478,30,51434,6.2,3474,60,1954,0.0325,0,0,car,north,0
A206479,37,37203,0.3,12635,12,11571,0.4951,0,5,car,north,0
A206480,46,43160,2.3,10665,12,14016,0.4095,0,2,debt_consolidation,north,0
A206481,29,40506,6.2,13581,48,6740,0.167,0,0,car,north,0
A206482,21,55524,2.1,35581,48,4911,0.2044,0,1,education,central,0
A206483,43,75883,2.1,7913,12,11777,0.1819,0,1,car,north,0
A206484,44,40168,2.4,15678,36,3188,0.1698,0,2,home_improvement,south,0
A206485,40,32748,3.1,3382,36,2554,0.0734,0,0,medical,east,0
A206486,23,66569,12.6,5208,36,3450,0.052,1,0,debt_consolidation,east,0
A206487,44,29560,1.5,17721,12,11927,0.8012,0,0,car,north,1
A206488,27,35624,2.6,15420,48,11686,0.2722,0,2,car,south,0
A206489,21,123159,4.9,7458,36,4224,0.0373,0,0,education,central,0
A206490,23,95004,3.3,7114,48,5959,0.0501,0,3,education,north,0
A206491,31,104642,0.8,13096,24,5579,0.0892,0,3,debt_consolidation,south,0
A206492,55,53871,2.8,10469,48,1855,0.0658,0,1,other,east,0
A206493,27,77666,8.0,5269,36,15356,0.1215,0,2,education,north,0
A206494,27,36739,7.2,4940,24,18850,0.3238,0,2,debt_consolidation,central,1
A206495,32,136554,4.3,6627,60,1907,0.0167,0,0,home_improvement,central,0
A206496,21,72898,5.2,23480,48,3784,0.1065,0,2,other,east,0
A206497,28,50068,1.1,16536,36,10009,0.21,0,1,debt_consolidation,east,0
A206498,30,122156,11.1,10201,48,3499,0.0352,0,4,debt_consolidation,central,0
A206499,35,111848,11.1,3763,24,5883,0.0431,0,3,home_improvement,south,0
A206500,49,38604,2.6,3716,24,16254,0.2587,0,0,debt_consolidation,north,1
A206501,36,51175,3.2,7657,48,2938,0.0661,0,2,car,south,0
A206502,41,29009,3.8,26261,48,14982,0.4845,0,3,other,south,0
A206503,28,178046,3.4,13021,36,5727,0.0405,0,2,home_improvement,south,0
A206504,49,37052,2.8,15521,24,19782,0.4764,0,1,car,central,0
A206505,38,32039,9.1,8527,24,1756,0.1605,1,1,car,north,0
A206506,25,26593,1.4,23878,60,9434,0.357,0,0,debt_consolidation,central,0
A206507,60,29682,1.3,3186,48,5910,0.1264,1,1,home_improvement,north,0
A206508,32,46599,1.2,8360,36,3790,0.1005,0,3,home_improvement,east,0
A206509,30,27845,3.8,10194,60,6946,0.1979,0,1,other,east,0
A206510,36,132472,5.0,8352,48,1770,0.0224,0,0,debt_consolidation,north,0
A206511,49,56321,2.8,4216,24,19623,0.2116,0,0,other,north,0
A206512,23,36681,9.8,8286,48,2752,0.094,1,1,home_improvement,east,0
A206513,22,86603,5.1,5607,24,5153,0.0621,0,1,debt_consolidation,south,0
A206514,29,73307,3.5,5219,60,1748,0.0262,0,0,education,east,0
A206515,21,58194,0.8,1103,36,1938,0.023,0,3,other,north,0
A206516,48,73968,3.5,10535,48,9757,0.1016,0,0,debt_consolidation,central,0
A206517,42,41280,4.4,16994,12,2800,0.4456,1,1,car,north,0
A206518,41,50639,4.4,13568,60,26919,0.3194,1,4,home_improvement,south,0
A206519,44,40878,9.1,7883,48,821,0.0583,1,0,car,south,0
A206520,59,49717,0.6,17941,24,9269,0.2736,0,2,home_improvement,south,0
A206521,39,45520,1.4,6267,24,6926,0.1449,0,5,other,central,0
A206522,30,37828,6.3,8161,12,2580,0.2498,2,3,medical,north,1
A206523,37,82428,3.0,17114,12,7056,0.2504,0,2,home_improvement,south,1
A206524,23,40121,9.1,17681,48,2338,0.1393,0,0,home_improvement,north,0
A206525,32,55215,4.7,10272,12,11204,0.2875,0,2,other,north,0
A206526,31,63467,5.1,8567,60,1365,0.0378,0,3,debt_consolidation,central,0
A206527,37,41843,5.1,8667,60,902,0.0522,1,2,home_improvement,central,0
A206528,37,47790,4.8,12370,60,806,0.0602,0,1,debt_consolidation,south,0
A206529,40,40378,1.4,8346,24,1458,0.1214,0,0,debt_consolidation,central,0
A206530,42,25905,1.0,3895,12,11240,0.3673,2,1,car,south,0
A206531,23,47807,7.5,10128,36,5630,0.1295,0,0,debt_consolidation,central,0
A206532,50,25263,4.7,15329,12,6025,0.726,0,0,debt_consolidation,north,0
A206533,30,67016,9.5,8344,36,7301,0.096,0,0,car,north,0
A206534,47,33534,4.9,14525,60,5846,0.1738,0,0,car,central,0
A206535,39,59240,2.9,13894,60,17138,0.1916,0,4,other,central,0
A206536,26,19199,11.6,12563,48,14413,0.5389,0,0,debt_consolidation,south,0
A206537,31,76200,8.0,6197,36,2729,0.045,0,0,education,north,0
A206538,45,62014,3.6,7034,12,9199,0.1876,0,1,other,central,0
A206539,41,30751,0.9,11299,12,8300,0.5024,0,0,home_improvement,south,0
A206540,46,94234,3.4,3977,48,11577,0.072,0,0,debt_consolidation,north,0
A206541,30,17510,4.2,16027,48,12985,0.5996,1,1,education,south,0
A206542,37,115113,5.6,4038,48,9336,0.0493,0,2,home_improvement,central,0
A206543,33,85107,6.3,9679,48,681,0.0324,0,3,education,east,0
A206544,34,43921,2.5,25428,60,1577,0.1337,0,0,car,central,0
A206545,21,132389,1.3,9019,36,2327,0.0315,0,0,debt_consolidation,central,0
A206546,29,74281,6.0,8379,48,8853,0.0878,0,3,debt_consolidation,east,0
A206547,41,81537,1.3,9598,48,22532,0.1676,0,0,car,south,0
A206548,56,68211,0.8,10786,24,805,0.085,0,0,debt_consolidation,south,0
A206549,21,56515,8.9,11889,48,153,0.0539,1,3,debt_consolidation,south,1
A206550,29,126647,2.9,17290,48,1029,0.0382,0,0,home_improvement,central,0
A206551,41,57791,8.2,11444,36,10916,0.1605,0,0,debt_consolidation,north,0
A206552,42,57724,0.3,12533,12,4945,0.26,0,3,other,east,0
A206553,35,45022,11.4,3216,48,2058,0.0407,0,0,car,central,0
A206554,44,52616,3.0,11714,36,5021,0.1219,0,5,car,east,0
A206555,26,55400,6.1,18946,24,7678,0.2403,0,2,home_improvement,south,0
A206556,58,39351,3.9,5506,48,21356,0.3063,0,2,debt_consolidation,south,0
A206557,39,84093,3.2,21240,60,1937,0.062,2,2,debt_consolidation,south,0
A206558,56,34297,5.0,9968,12,8623,0.4163,0,2,other,south,0
A206559,31,21501,2.1,12811,48,19318,0.5982,0,0,debt_consolidation,south,0
A206560,27,62780,0.5,14215,12,21474,0.3975,0,1,debt_consolidation,east,1
A206561,63,64960,2.0,5450,12,403,0.087,2,2,debt_consolidation,south,0
A206562,54,38417,4.1,8826,36,1261,0.093,0,2,debt_consolidation,central,0
A206563,48,67113,3.5,6360,36,21215,0.1896,0,3,car,central,0
A206564,21,37313,12.2,8805,24,7359,0.2166,0,0,debt_consolidation,east,0
A206565,25,35370,2.1,7025,60,20795,0.3337,0,2,car,south,0
A206566,22,46857,8.3,16551,36,984,0.1282,0,0,car,central,0
A206567,43,46715,7.3,11162,24,48654,0.6402,2,3,debt_consolidation,south,1
A206568,30,79398,7.3,8959,24,17853,0.1688,0,0,other,south,0
A206569,21,57993,2.8,2205,60,8651,0.0822,0,3,debt_consolidation,north,0
A206570,45,75704,4.2,6955,48,5651,0.0603,0,0,other,east,0
A206571,39,92441,7.7,19481,36,3108,0.0871,0,2,home_improvement,north,0
A206572,48,58295,4.1,8745,12,1000,0.1586,1,5,medical,east,0
A206573,54,53144,3.2,6900,48,16922,0.1917,1,2,home_improvement,south,0
A206574,46,46277,4.4,13183,48,13697,0.2192,0,1,car,north,0
A206575,35,59819,6.7,19950,60,5342,0.1114,1,2,education,east,0
A206576,29,37315,8.4,11543,48,12015,0.2383,0,0,car,south,0
A206577,25,60617,8.9,5226,60,10186,0.1013,0,3,other,east,0
A206578,34,69865,3.4,14265,12,18797,0.3387,0,0,other,east,0
A206579,21,39771,8.3,6509,36,5924,0.129,0,1,medical,south,0
A206580,39,164538,3.4,4542,24,1676,0.0189,1,3,other,north,0
A206581,36,45287,6.1,12602,48,1910,0.0907,0,1,car,central,0
A206582,52,47819,1.7,3664,12,36293,0.4561,0,0,car,south,0
A206583,44,88475,0.9,13826,36,9129,0.1037,0,0,other,central,0
A206584,33,119297,4.5,4026,36,5664,0.035,0,4,home_improvement,east,0
A206585,34,56585,10.5,7444,48,847,0.0404,0,1,home_improvement,north,0
A206586,33,87755,4.6,5950,48,1723,0.0268,0,2,medical,south,0
A206587,38,28135,4.9,10658,12,10208,0.5602,0,0,other,north,0
A206588,27,40117,5.5,4352,24,5958,0.1285,0,0,home_improvement,east,0
A206589,28,70589,4.6,13152,48,3067,0.0683,2,1,car,north,1
A206590,35,24275,3.3,7074,36,7412,0.2498,0,0,debt_consolidation,north,0
A206591,46,27390,7.1,11661,36,40941,0.8893,0,0,car,north,0
A206592,61,65361,4.0,13122,48,1264,0.0599,0,1,car,south,0
A206593,51,78769,4.3,6778,60,719,0.0218,0,1,debt_consolidation,east,0
A206594,29,40111,5.3,8359,48,8325,0.1559,0,5,education,south,1
A206595,53,20511,1.1,6793,60,2314,0.1226,0,1,home_improvement,central,0
A206596,35,65748,9.6,13940,48,1892,0.0674,0,0,car,east,0
A206597,33,15128,3.2,8651,24,12511,0.6994,0,1,home_improvement,east,1
A206598,29,83475,5.6,4080,60,17460,0.1144,0,0,home_improvement,north,0
A206599,29,92034,0.8,1513,60,845,0.0079,0,0,car,north,0
A206600,31,82313,1.8,12039,24,2693,0.0895,0,1,car,central,0
A206601,33,80594,3.6,24119,12,2111,0.3124,0,4,debt_consolidation,east,0
A206602,42,70640,0.9,10982,36,6196,0.0957,0,0,car,east,0
A206603,35,48482,5.4,12537,48,4165,0.1076,0,5,car,east,0
A206604,39,29144,3.2,11360,48,20307,0.4458,0,2,car,central,0
A206605,21,72546,2.5,9149,60,3258,0.0477,1,3,education,central,0
A206606,21,23005,6.6,18650,60,18287,0.5596,0,0,car,south,0
A206607,33,19882,4.4,13548,12,1707,0.7243,1,1,other,south,1
A206608,38,23339,2.2,2482,60,2576,0.0765,1,1,debt_consolidation,south,0
A206609,39,56058,2.8,8010,12,3264,0.172,0,0,debt_consolidation,central,0
A206610,41,48785,4.4,5286,12,6379,0.1737,0,1,debt_consolidation,south,0
A206611,26,58446,1.9,11303,36,2914,0.0894,0,0,other,central,0
A206612,39,26721,6.8,7101,36,15917,0.3864,0,0,other,north,0
A206613,24,54374,1.9,3104,60,3569,0.0442,1,2,car,central,0
A206614,39,62684,2.0,8276,24,5701,0.1115,0,3,education,north,1
A206615,30,70742,9.8,14993,24,2714,0.1252,0,0,debt_consolidation,north,0
A206616,35,45343,18.5,15761,12,2671,0.377,1,0,medical,east,0
A206617,55,37765,4.6,4133,60,1596,0.043,0,0,education,east,0
A206618,69,22781,13.0,3301,12,7717,0.3143,0,3,other,south,0
A206619,39,82746,12.2,31681,12,13755,0.466,0,1,home_improvement,south,0
A206620,53,43996,3.3,3221,36,31511,0.3825,1,0,debt_consolidation,north,0
A206621,27,17328,4.2,10024,48,3206,0.2371,0,0,home_improvement,south,0
A206622,43,47705,7.3,4213,24,7212,0.1197,0,2,home_improvement,east,0
A206623,34,33267,4.0,12066,12,6297,0.4573,1,0,home_improvement,south,0
A206624,28,68592,2.7,13896,48,673,0.0556,0,1,home_improvement,north,0
A206625,47,92096,2.8,22884,36,28682,0.2385,1,3,debt_consolidation,north,0
A206626,45,66044,4.4,9416,48,24985,0.2248,3,2,car,central,0
A206627,45,40289,2.2,8154,24,2232,0.1289,0,1,home_improvement,east,0
A206628,40,34010,5.6,7167,12,6299,0.3033,0,0,debt_consolidation,north,0
A206629,53,61213,1.0,11687,36,3360,0.0911,0,3,home_improvement,east,0
A206630,29,56182,8.8,12286,24,10084,0.1991,0,4,education,north,0
A206631,21,91999,3.8,12576,60,15282,0.1104,0,1,debt_consolidation,central,0
A206632,50,38614,5.0,8376,12,8513,0.3271,0,0,education,south,0
A206633,36,62040,3.7,7713,24,3680,0.0918,0,2,home_improvement,south,0
A206634,21,51314,5.8,8214,12,14937,0.3056,1,1,debt_consolidation,east,0
A206635,39,64049,3.5,6382,36,1761,0.047,0,3,debt_consolidation,east,0
A206636,42,17538,5.3,10935,24,12490,0.6678,0,1,debt_consolidation,south,0
A206637,39,81037,0.3,3969,12,2880,0.0667,0,4,home_improvement,south,0
A206638,46,69976,5.5,13050,24,9063,0.158,0,2,debt_consolidation,north,0
A206639,36,40781,2.0,14938,36,7623,0.2156,0,2,other,south,0
A206640,39,82033,2.8,3812,36,2233,0.0291,0,1,home_improvement,central,0
A206641,33,65241,2.0,7515,48,12418,0.124,0,0,car,south,0
A206642,40,29930,2.6,4300,48,11186,0.2228,0,3,debt_consolidation,south,0
A206643,38,30742,8.2,8096,48,2186,0.1014,0,0,car,central,0
A206644,38,29681,6.4,13462,12,23531,0.85,0,2,education,south,1
A206645,52,98634,5.8,11854,36,668,0.0434,0,0,home_improvement,east,0
A206646,33,45597,3.8,9212,48,12919,0.1922,0,5,other,central,1
A206647,21,143147,3.8,7975,36,1308,0.0231,0,0,education,east,0
A206648,37,36398,14.4,8446,36,7687,0.1829,0,2,medical,north,0
A206649,39,43316,2.7,11303,24,17194,0.3289,0,1,debt_consolidation,central,0
A206650,36,36258,3.4,8396,60,4143,0.1034,2,0,home_improvement,east,0
A206651,34,36067,1.8,10954,48,8016,0.1871,0,2,car,east,0
A206652,21,23063,4.6,5453,12,13848,0.5367,0,0,home_improvement,north,0
A206653,37,26237,4.6,5582,12,2191,0.2545,0,0,car,central,0
A206654,29,24585,5.4,4702,12,4154,0.2757,0,0,debt_consolidation,north,0
A206655,38,78554,9.0,4181,12,1775,0.0645,0,4,car,central,0
A206656,25,33491,8.0,7713,48,25223,0.4341,0,2,debt_consolidation,south,0
A206657,33,30761,3.1,12232,24,2520,0.2398,0,2,education,east,0
A206658,35,117532,6.7,6828,24,1133,0.0339,1,1,debt_consolidation,south,0
A206659,43,66136,8.9,9416,36,1713,0.0604,0,2,education,north,0
A206660,44,93574,8.0,3135,60,7943,0.0491,0,2,medical,south,0
A206661,32,82590,5.1,7148,60,9492,0.0748,0,0,debt_consolidation,north,0
A206662,37,41374,2.2,9688,36,4220,0.1291,1,0,other,central,0
A206663,42,49967,2.9,11006,24,1684,0.127,0,1,car,south,0
A206664,43,47490,5.6,11395,12,21964,0.4712,0,0,debt_consolidation,north,0
A206665,33,69113,1.2,4297,12,2166,0.0778,0,1,car,south,0
A206666,53,55297,4.7,9199,24,2899,0.1094,0,0,debt_consolidation,south,0
A206667,34,42097,2.9,11200,12,8306,0.3647,0,0,car,central,0
A206668,34,29904,5.0,7367,60,3677,0.1108,1,1,car,south,0
A206669,34,22592,4.3,9136,60,5198,0.1959,0,0,other,central,0
A206670,37,33931,5.1,2606,60,3664,0.0694,2,0,education,south,0
A206671,36,28067,2.9,12240,24,3378,0.2782,0,0,education,east,0
A206672,38,64246,6.7,8327,24,5263,0.1058,0,1,home_improvement,east,0
A206673,45,154124,7.8,5226,24,3930,0.0297,0,1,debt_consolidation,north,0
A206674,61,20024,3.5,10168,48,4621,0.2423,0,1,other,south,0
A206675,38,62602,0.3,4438,60,4284,0.0484,0,0,debt_consolidation,east,0
A206676,36,47488,1.9,16897,36,4537,0.1664,0,0,medical,south,0
A206677,29,57362,2.0,11924,12,5130,0.2526,0,1,debt_consolidation,central,0
A206678,35,38458,2.4,9437,12,1396,0.2635,0,0,car,east,0
A206679,31,79537,1.4,2051,60,22205,0.1447,2,0,debt_consolidation,central,0
A206680,54,51698,4.4,40337,36,957,0.2693,0,0,home_improvement,east,0
A206681,54,111110,3.5,11338,48,1123,0.0306,1,0,debt_consolidation,south,0
A206682,32,63890,2.4,7282,12,40492,0.4309,0,0,debt_consolidation,central,0
A206683,43,102749,9.0,5278,60,12564,0.0714,0,3,car,north,0
A206684,43,72379,4.4,14909,24,1697,0.1147,0,2,education,central,0
A206685,46,115513,10.8,8686,36,4464,0.0444,0,3,car,central,0
A206686,25,111470,1.0,7818,12,33565,0.2207,1,5,debt_consolidation,south,0
A206687,33,62914,0.8,4857,60,22146,0.1914,1,0,medical,south,0
A206688,37,47027,2.0,15056,24,52268,0.7158,2,2,car,east,1
A206689,27,35829,2.2,4477,12,4570,0.1887,2,3,car,central,0
A206690,38,102760,3.9,8434,36,2704,0.0405,1,0,medical,east,0
A206691,34,74736,1.6,3279,24,104407,0.7204,0,0,home_improvement,east,0
A206692,37,41845,3.9,8444,48,2603,0.0816,0,0,home_improvement,central,1
A206693,41,49611,1.5,16831,36,8195,0.1957,0,2,home_improvement,central,0
A206694,53,27518,3.1,8495,36,11257,0.3074,0,1,car,south,0
A206695,38,23240,4.5,15493,36,2149,0.2685,1,0,car,north,1
A206696,37,20053,2.6,21513,48,1426,0.3038,0,3,car,north,0
A206697,28,49055,9.4,4240,48,10472,0.1283,0,1,other,central,0
A206698,39,87030,5.5,8725,36,2153,0.0458,0,0,medical,south,0
A206699,64,103693,2.6,2577,36,33724,0.1709,0,3,debt_consolidation,east,0
A206700,21,24344,3.9,40407,36,2152,0.5975,0,4,medical,north,0
A206701,47,25496,6.0,10618,60,28584,0.6439,0,2,debt_consolidation,central,0
A206702,21,56531,3.0,24685,60,10903,0.1838,0,0,other,north,0
A206703,32,30873,6.2,12581,24,1869,0.234,0,0,home_improvement,east,0
A206704,56,87278,3.4,3809,36,13317,0.0908,0,0,debt_consolidation,north,0
A206705,26,29921,0.6,1972,36,18642,0.3335,0,1,other,east,0
A206706,30,56593,3.0,8812,12,6619,0.2142,0,1,medical,central,0
A206707,34,66443,9.9,8640,48,5466,0.0736,0,1,education,north,0
A206708,45,53078,1.4,4264,60,9942,0.1097,0,0,car,north,0
A206709,48,179112,4.7,6712,12,69945,0.2327,0,3,medical,east,0
A206710,52,80040,5.9,10837,48,1642,0.0441,0,3,debt_consolidation,central,0
A206711,25,44652,1.2,8981,60,4041,0.0855,0,5,debt_consolidation,central,0
A206712,31,68705,2.9,37608,60,3161,0.1325,0,1,debt_consolidation,north,0
A206713,33,37516,11.0,5185,48,9234,0.1576,1,1,car,south,0
A206714,30,23903,6.3,4789,24,684,0.1145,0,1,debt_consolidation,north,0
A206715,66,62275,6.4,21021,60,1319,0.0781,0,0,debt_consolidation,central,0
A206716,48,60531,1.9,8587,36,21014,0.2209,0,1,debt_consolidation,north,0
A206717,21,84412,4.1,3589,60,15794,0.1021,0,0,education,central,0
A206718,32,37539,1.0,3755,36,11760,0.19,0,0,debt_consolidation,east,0
A206719,39,32412,1.3,5858,24,19422,0.39,0,2,debt_consolidation,east,0
A206720,43,29702,3.0,8765,12,5091,0.3808,2,0,other,east,0
A206721,36,21199,1.7,5605,24,7751,0.315,0,1,medical,east,0
A206722,51,68809,3.3,5355,48,6964,0.0701,0,1,debt_consolidation,south,0
A206723,40,49109,12.3,7600,24,4880,0.1271,0,0,other,central,0
A206724,54,97715,2.8,15652,36,1692,0.0621,0,0,home_improvement,north,0
A206725,21,57127,4.4,12000,12,14230,0.3346,0,2,debt_consolidation,east,0
A206726,25,38759,3.7,7329,36,4983,0.1273,0,0,debt_consolidation,south,1
A206727,45,59463,8.3,11792,24,6983,0.1579,0,5,debt_consolidation,north,0
A206728,27,55349,6.6,16873,60,15867,0.2043,0,0,car,north,0
A206729,42,22964,1.7,6339,48,8709,0.2586,3,1,other,south,0
A206730,49,91520,6.7,12075,36,1792,0.0538,0,0,education,north,0
A206731,21,126651,1.9,13967,60,6575,0.048,0,1,education,north,0
A206732,45,32676,2.1,10940,24,2974,0.2129,2,2,debt_consolidation,east,0
A206733,50,43823,4.7,9927,48,5156,0.1155,0,0,car,south,0
A206734,47,30130,4.8,25536,24,18086,0.7239,0,2,other,north,0
A206735,21,113743,1.8,5087,48,5902,0.0371,0,4,car,east,0
A206736,29,126517,1.3,11769,36,1322,0.0362,0,2,car,north,0
A206737,21,28869,7.9,19440,60,419,0.1419,0,3,debt_consolidation,east,0
A206738,54,46530,5.2,9038,60,9414,0.14,1,0,home_improvement,east,0
A206739,27,29813,2.0,12136,36,2040,0.1699,0,2,car,central,0
A206740,37,23523,0.1,23925,48,3929,0.3378,0,2,debt_consolidation,south,0
A206741,21,38873,0.6,8641,60,3616,0.091,0,2,education,east,0
A206742,27,60946,3.2,12330,36,1036,0.0759,0,1,home_improvement,central,0
A206743,36,32195,1.8,10587,36,4965,0.1867,0,2,other,east,0
A206744,26,25431,6.5,9712,48,1481,0.1246,0,2,education,north,0
A206745,31,76839,3.0,10726,48,1046,0.0417,0,1,home_improvement,east,0
A206746,38,41976,2.8,3284,60,3994,0.0632,0,0,debt_consolidation,east,0
A206747,24,25571,5.5,29899,36,19196,0.7651,0,0,medical,central,0
A206748,21,28628,4.1,21276,36,9894,0.4205,1,2,debt_consolidation,east,0
A206749,30,114105,1.7,9302,24,17110,0.1157,0,3,debt_consolidation,central,0
A206750,45,49933,7.8,14591,12,18713,0.4796,0,0,medical,north,0
A206751,39,47180,4.7,4499,60,4212,0.0637,1,0,other,north,0
A206752,42,34466,7.6,11870,12,2906,0.3866,0,1,debt_consolidation,central,0
A206753,24,57015,3.6,6739,36,7892,0.1086,0,2,debt_consolidation,north,0
A206754,27,31295,0.8,14055,12,1164,0.4677,0,1,debt_consolidation,east,0
A206755,21,68255,2.5,16402,36,8089,0.1394,0,2,education,south,0
A206756,28,166884,4.7,4058,12,1430,0.0286,0,0,debt_consolidation,south,0
A206757,21,38105,2.4,10958,24,10274,0.2786,0,0,car,east,0
A206758,30,55311,5.9,3737,24,646,0.0396,0,1,debt_consolidation,east,1
A206759,32,27261,5.7,7080,12,9866,0.4407,0,0,car,north,0
A206760,44,35089,3.9,12338,24,6326,0.266,0,1,other,south,0
A206761,55,66543,7.7,4605,48,14302,0.1248,1,2,debt_consolidation,central,0
A206762,40,57699,4.0,3197,24,2260,0.0473,2,1,home_improvement,south,0
A206763,71,55581,6.0,12332,48,3526,0.0872,1,3,car,south,0
A206764,32,65161,1.8,26073,60,5756,0.1242,0,1,other,north,0
A206765,29,87595,7.6,8964,36,11402,0.0992,0,3,debt_consolidation,central,0
A206766,37,78197,5.0,9286,36,1692,0.0504,0,1,other,north,0
A206767,36,74084,10.2,7478,12,14644,0.1998,0,0,debt_consolidation,north,1
A206768,49,86191,4.4,10550,48,736,0.0349,0,1,medical,north,0
A206769,36,66869,4.2,7705,60,6346,0.0705,0,1,car,south,0
A206770,43,28394,0.3,17262,24,2538,0.3487,0,0,car,east,0
A206771,24,35786,5.9,7605,36,2647,0.1078,0,4,debt_consolidation,north,0
A206772,29,118281,5.4,34063,48,1358,0.0777,0,1,education,south,0
A206773,40,32223,11.3,6253,36,3900,0.1252,0,4,home_improvement,east,0
A206774,23,67463,6.0,7532,12,6483,0.1597,1,0,education,south,0
A206775,43,18735,3.0,4348,24,4424,0.2341,0,3,home_improvement,south,0
A206776,49,45582,9.6,7814,36,4427,0.1057,1,0,car,east,0
A206777,21,76593,2.1,13258,48,6219,0.0839,0,1,education,south,1
A206778,48,58106,5.6,17921,12,9791,0.3927,0,4,car,east,0
A206779,24,16312,3.5,8597,60,3389,0.2093,0,1,debt_consolidation,east,0
A206780,44,47583,0.7,6727,48,3292,0.0699,0,0,debt_consolidation,south,0
A206781,21,140120,6.2,15924,48,10896,0.0673,0,1,home_improvement,north,0
A206782,24,118190,5.7,9637,24,3622,0.0561,0,1,debt_consolidation,south,0
A206783,38,114476,0.2,4363,12,2720,0.05,0,2,home_improvement,central,0
A206784,21,25476,3.2,4285,60,1924,0.0714,0,4,debt_consolidation,south,0
A206785,47,32207,2.1,4388,36,16117,0.2956,0,0,debt_consolidation,central,0
A206786,44,16811,9.7,14871,48,16096,0.6999,1,1,home_improvement,south,1
A206787,43,10071,3.1,12717,48,3002,0.4647,0,0,debt_consolidation,north,0
A206788,50,120336,2.4,9228,48,1203,0.0242,0,1,medical,north,0
A206789,31,86216,4.1,17586,60,25719,0.1899,0,5,medical,east,0
A206790,51,76331,1.1,18030,12,16374,0.3435,0,1,home_improvement,east,1
A206791,40,113765,4.9,16304,36,706,0.0509,0,2,medical,central,0
A206792,35,36420,0.8,19967,24,3227,0.3184,0,2,debt_consolidation,south,0
A206793,53,63041,2.9,11524,36,1840,0.0755,0,0,home_improvement,central,0
A206794,21,214220,2.3,2915,24,6766,0.0226,0,1,car,south,0
A206795,27,66418,4.7,5551,36,3202,0.052,0,4,debt_consolidation,central,0
A206796,54,77817,3.4,6118,12,8607,0.1339,0,0,home_improvement,central,0
A206797,56,25833,8.3,4903,24,11759,0.3225,2,0,home_improvement,south,1
A206798,31,34985,3.5,2118,12,1538,0.0825,0,2,home_improvement,south,0
A206799,34,52224,3.9,12177,48,1761,0.0752,1,0,education,south,0
A206800,21,19691,4.1,10566,12,10269,0.7973,0,1,debt_consolidation,north,1
A206801,32,51252,6.3,4901,48,5977,0.0822,0,0,debt_consolidation,south,0
A206802,61,38566,6.4,7664,60,6770,0.1275,2,0,other,south,1
A206803,35,96516,1.1,5652,36,6002,0.0506,0,0,home_improvement,south,0
A206804,43,83094,11.0,7985,60,3585,0.0408,1,2,debt_consolidation,north,1
A206805,21,139071,2.7,4743,36,444,0.013,0,5,other,south,0
A206806,43,85143,2.6,8041,24,4978,0.0765,0,0,car,east,0
A206807,47,39512,15.1,13104,12,2328,0.3611,0,1,debt_consolidation,south,0
A206808,48,65248,4.4,5736,12,17164,0.2194,0,2,other,north,0
A206809,47,26977,2.9,3819,60,9280,0.2003,0,0,car,east,0
A206810,48,97511,10.6,6533,36,2912,0.0373,0,1,education,central,1
A206811,46,31607,1.4,11322,48,4455,0.16,0,1,education,east,0
A206812,42,51102,1.5,11333,48,18066,0.2322,0,5,home_improvement,central,0
A206813,26,33109,2.2,10277,48,2515,0.1156,0,0,other,east,0
A206814,31,124789,9.5,13054,24,5972,0.0762,0,0,car,central,0
A206815,39,45930,2.0,34551,12,2472,0.7792,0,0,debt_consolidation,central,0
A206816,54,37000,1.1,42799,24,21619,0.8705,0,1,car,south,1
A206817,56,38112,4.0,10598,36,9748,0.2206,1,2,education,north,0
A206818,43,49496,1.7,20031,12,5198,0.4572,0,1,car,east,0
A206819,34,71664,8.4,11838,48,1746,0.0535,0,0,home_improvement,south,0
A206820,36,88074,1.7,5667,60,3085,0.0304,0,2,car,south,0
A206821,32,69038,3.1,5607,60,8281,0.0762,0,2,car,north,0
A206822,56,56655,5.3,11301,24,19078,0.2681,0,1,home_improvement,central,0
A206823,35,43703,1.0,20259,60,3966,0.1381,0,2,debt_consolidation,east,0
A206824,48,32747,6.1,4036,48,3094,0.0781,0,0,home_improvement,south,0
A206825,60,56203,10.8,27448,60,348,0.1008,1,0,debt_consolidation,east,0
A206826,41,37008,10.3,11933,12,3701,0.3724,0,0,other,north,0
A206827,27,92895,11.7,9165,36,917,0.0378,0,1,medical,south,0
A206828,63,110765,13.1,6204,24,2252,0.0382,0,0,home_improvement,central,0
A206829,28,69266,5.0,2556,12,17983,0.1667,0,1,car,north,0
A206830,45,102626,1.7,7324,12,7816,0.1094,1,2,education,east,0
A206831,27,46172,2.6,13409,48,3159,0.1068,0,2,debt_consolidation,central,0
A206832,42,29910,3.7,7830,60,41487,0.7459,1,2,car,north,1
A206833,44,58820,2.3,7781,12,2361,0.1524,1,2,home_improvement,east,0
A206834,39,49344,1.5,9832,24,4709,0.1473,1,0,education,east,0
A206835,28,65040,3.4,6347,24,2560,0.0685,0,0,other,north,0
A206836,25,92522,3.6,19278,48,528,0.0549,0,0,car,south,0
A206837,33,31442,0.1,6369,12,6510,0.3061,0,1,medical,central,0
A206838,42,27389,2.4,16971,36,6516,0.3255,0,1,car,south,0
A206839,35,51291,4.0,11504,36,2639,0.1005,0,3,debt_consolidation,north,0
A206840,26,105282,8.2,3940,12,1167,0.043,0,0,home_improvement,south,0
A206841,52,20484,2.5,7592,24,8187,0.3852,0,1,car,central,0
A206842,28,96949,9.9,19532,24,3553,0.1191,0,0,debt_consolidation,central,0
A206843,41,57511,9.4,14464,60,5839,0.1011,0,3,debt_consolidation,east,0
A206844,35,59512,14.2,3758,36,25414,0.2346,0,0,car,south,0
A206845,47,47107,2.4,8867,12,3581,0.2262,0,1,debt_consolidation,south,0
A206846,27,52084,9.9,18822,36,27451,0.384,0,1,medical,central,0
A206847,32,62329,2.4,10005,48,1547,0.0525,0,0,car,east,0
A206848,35,51404,10.5,13006,60,47888,0.5164,0,1,medical,south,0
A206849,37,23981,7.6,16034,12,18015,1.0442,2,2,car,south,1
A206850,37,30424,4.3,27712,24,10970,0.6357,0,1,medical,south,0
A206851,31,71810,6.4,7554,36,23246,0.1969,0,1,debt_consolidation,east,0
A206852,32,91451,3.4,15423,24,30771,0.2526,0,5,education,central,0
A206853,33,44970,1.7,9464,48,2005,0.0749,0,4,other,central,0
A206854,28,117170,1.3,8664,48,7305,0.0497,0,4,debt_consolidation,south,0
A206855,29,109733,2.4,22407,36,35602,0.2303,0,1,education,north,0
A206856,31,24792,2.7,16893,36,9460,0.4179,0,0,debt_consolidation,east,0
A206857,40,39702,3.4,20231,60,7644,0.1982,0,1,home_improvement,south,0
A206858,35,57556,2.9,8881,48,2449,0.0599,0,3,other,south,0
A206859,55,29856,11.0,13689,48,1050,0.1322,0,3,car,east,0
A206860,32,38673,7.5,10794,60,50956,0.7146,2,0,debt_consolidation,central,0
A206861,52,51374,6.0,17780,12,1278,0.3585,0,0,education,south,0
A206862,45,69346,4.6,5868,60,8183,0.0759,0,0,car,south,0
A206863,22,38935,11.7,7574,24,11202,0.2411,0,1,debt_consolidation,central,0
A206864,33,32268,0.4,8233,12,4098,0.3186,0,0,medical,north,0
A206865,43,104323,2.7,8176,60,9414,0.0608,0,0,car,south,0
A206866,21,58575,3.4,11284,48,1634,0.0621,0,0,medical,south,0
A206867,35,49178,2.8,7500,36,37559,0.4327,0,0,car,central,0
A206868,47,45111,2.2,11747,12,2269,0.2856,0,4,education,south,0
A206869,23,43569,1.2,3384,60,14890,0.1864,0,0,other,central,0
A206870,21,63150,3.7,4869,12,17747,0.2176,0,0,debt_consolidation,central,0
A206871,34,31652,4.5,15738,36,1841,0.1948,0,4,debt_consolidation,central,0
A206872,26,133708,0.5,5781,12,27838,0.1473,0,0,other,east,0
A206873,31,115097,1.6,21166,12,11185,0.2325,0,1,car,central,0
A206874,26,71417,5.0,10736,36,11008,0.1272,0,0,home_improvement,central,0
A206875,41,49222,2.0,11113,24,19848,0.3145,0,1,home_improvement,south,0
A206876,21,30327,3.5,10365,24,6972,0.2858,0,2,medical,central,1
A206877,29,50381,4.2,5823,60,15371,0.1757,0,5,car,south,0
A206878,37,33513,6.0,4773,48,4634,0.1047,0,1,debt_consolidation,central,0
A206879,34,125829,2.0,17551,24,15024,0.1294,0,0,car,east,0
A206880,37,79939,6.7,9564,36,9725,0.1007,0,2,debt_consolidation,central,0
A206881,39,30454,2.5,11780,48,1777,0.1259,0,2,other,east,0
A206882,43,62951,4.6,6158,24,3497,0.0767,0,4,debt_consolidation,central,0
A206883,49,41391,2.1,5440,36,38130,0.5044,0,1,debt_consolidation,central,1
A206884,46,75242,8.1,9057,60,8500,0.0806,0,1,other,south,0
A206885,47,35271,13.3,7680,60,4245,0.1037,0,2,home_improvement,central,0
A206886,21,101730,1.9,16702,60,6591,0.0652,1,1,car,central,0
A206887,54,27483,0.2,13102,48,5454,0.2184,0,0,medical,south,0
A206888,21,50231,6.6,14781,12,5352,0.3475,0,1,home_improvement,south,0
A206889,52,35215,5.3,4859,24,9791,0.208,0,1,education,south,0
A206890,28,41638,0.7,17433,48,14280,0.2761,1,0,debt_consolidation,east,0
A206891,48,103444,2.9,4747,60,1153,0.0148,0,0,car,central,0
A206892,30,28226,0.6,35070,48,1161,0.3312,0,0,education,south,0
A206893,38,41581,3.9,28436,48,1614,0.1904,0,3,home_improvement,central,0
A206894,23,48383,3.7,15106,12,3965,0.3532,0,2,debt_consolidation,east,0
A206895,36,60773,10.6,1385,12,18172,0.1723,0,3,home_improvement,south,0
A206896,47,59540,1.7,13447,12,20870,0.4011,0,0,home_improvement,east,0
A206897,22,20702,2.3,10763,48,3342,0.2107,0,0,medical,north,0
A206898,49,92472,10.1,5383,24,4437,0.0531,1,1,car,central,0
A206899,40,90241,3.0,12497,24,118997,0.7286,0,0,debt_consolidation,north,0
A206900,29,39656,3.7,10199,24,2115,0.1553,0,0,car,central,0
A206901,35,98969,1.9,8596,12,4470,0.1094,0,1,debt_consolidation,north,0
A206902,29,99415,1.4,4618,60,15169,0.0856,0,0,home_improvement,south,0
A206903,37,29791,2.3,19039,24,10933,0.503,0,2,debt_consolidation,east,0
A206904,21,39129,2.0,8889,48,7129,0.1479,0,3,car,north,0
A206905,36,68864,1.5,8127,12,1850,0.1314,2,0,car,east,0
A206906,49,41623,5.5,5053,24,12568,0.2117,0,3,home_improvement,north,0
A206907,41,183423,4.7,11806,48,22508,0.0774,0,3,debt_consolidation,north,0
A206908,21,47096,2.6,25221,60,1935,0.1276,1,1,debt_consolidation,south,1
A206909,44,89304,3.6,8823,24,6709,0.087,0,0,debt_consolidation,south,0
A206910,33,72199,3.6,6211,12,7404,0.1373,1,0,home_improvement,central,0
A206911,40,54829,6.1,10616,48,3672,0.0819,0,0,debt_consolidation,north,0
A206912,41,110317,2.6,38464,36,1975,0.1252,3,0,medical,north,1
A206913,40,15863,6.6,6752,48,4076,0.2349,0,0,home_improvement,south,0
A206914,45,73051,2.7,28636,60,1334,0.0875,0,0,car,central,0
A206915,52,55334,4.2,3444,48,3446,0.0467,0,0,car,east,0
A206916,36,55825,7.5,5018,24,721,0.0514,0,1,debt_consolidation,south,0
A206917,40,64092,6.1,10779,36,2699,0.0771,0,1,home_improvement,east,0
A206918,58,53887,6.1,7317,12,5767,0.1893,0,2,medical,central,1
A206919,46,71518,4.0,3776,60,4312,0.0407,0,2,car,central,0
A206920,51,16787,4.6,14043,12,18455,1.2,0,3,debt_consolidation,central,0
A206921,36,83355,1.8,13355,12,7918,0.2077,0,0,home_improvement,central,0
A206922,61,25189,2.7,12606,12,8397,0.6671,2,0,education,east,0
A206923,27,19798,0.7,9008,48,5768,0.2594,0,1,car,north,0
A206924,58,48075,6.6,7371,12,6513,0.2211,0,5,education,east,0
A206925,52,29671,1.9,21383,24,1657,0.3883,0,2,car,central,0
A206926,31,27318,4.2,8159,36,9796,0.2789,0,1,home_improvement,south,0
A206927,48,88970,3.3,5526,12,4989,0.0901,1,3,debt_consolidation,south,0
A206928,38,89577,3.3,10131,24,16245,0.1472,1,0,debt_consolidation,central,0
A206929,21,78950,2.8,5982,48,809,0.0241,0,1,education,south,0
A206930,39,238964,3.5,12277,12,2426,0.0565,0,4,car,east,0
A206931,21,62956,2.3,7985,24,8648,0.1321,1,0,debt_consolidation,north,0
A206932,50,227360,1.4,13605,12,3726,0.068,0,0,other,central,0
A206933,43,24052,2.8,18707,36,11334,0.4949,0,0,car,central,0
A206934,34,145747,11.3,5328,36,1018,0.0157,0,0,education,central,0
A206935,34,31151,1.4,3209,60,2689,0.0638,0,0,car,east,0
A206936,48,56420,4.2,6937,48,10988,0.1281,0,1,debt_consolidation,central,0
A206937,45,25128,3.7,5235,36,3512,0.1393,0,0,debt_consolidation,south,0
A206938,42,113402,0.7,35784,36,3533,0.1208,0,1,debt_consolidation,east,0
A206939,58,47259,12.7,10357,36,2993,0.1047,0,1,home_improvement,east,0
A206940,31,20197,7.1,4801,36,6117,0.2307,0,4,debt_consolidation,north,0
A206941,25,62613,3.6,10701,24,7518,0.1455,1,1,education,south,1
A206942,32,75976,3.2,8104,48,11553,0.1027,0,0,home_improvement,central,0
A206943,24,77874,6.6,10696,48,12885,0.1171,0,2,education,north,0
A206944,44,16223,8.9,13611,12,2083,0.9032,0,0,debt_consolidation,east,1
A206945,47,44075,7.6,3045,36,1485,0.0399,0,2,home_improvement,north,0
A206946,23,75348,6.5,3336,24,4213,0.0501,0,2,education,north,0
A206947,21,71909,1.8,7208,24,1707,0.062,0,2,home_improvement,east,0
A206948,29,49816,10.4,6742,48,3553,0.0695,0,0,debt_consolidation,central,0
A206949,42,20665,16.9,2762,36,4696,0.1582,0,5,debt_consolidation,north,0
A206950,43,68266,3.1,8783,24,5427,0.1041,1,1,car,south,0
A206951,29,21702,11.3,3737,36,4048,0.1507,2,1,debt_consolidation,central,0
A206952,39,31080,4.0,36846,12,1013,1.2,0,3,debt_consolidation,north,1
A206953,38,83598,4.0,3287,36,9649,0.0708,0,3,education,south,0
A206954,50,33298,4.6,10895,60,19167,0.3532,0,1,home_improvement,east,0
A206955,48,54460,7.2,14256,36,1251,0.0987,2,1,education,north,0
A206956,31,100749,3.1,12049,24,759,0.0636,0,0,other,east,0
A206957,23,67545,2.9,15304,12,141235,1.2,0,2,car,north,1
A206958,38,97213,1.2,3621,36,5276,0.0396,0,1,education,north,0
A206959,23,84978,4.1,14930,36,25573,0.209,0,1,home_improvement,south,0
A206960,45,23393,9.6,3663,48,2674,0.0963,0,1,debt_consolidation,north,1
A206961,43,67800,1.7,17032,24,2026,0.1405,0,2,education,south,0
A206962,34,21097,2.8,7555,60,1227,0.1007,3,0,debt_consolidation,south,1
A206963,39,64771,3.4,2493,36,4742,0.0494,0,2,car,east,0
A206964,48,59214,2.5,22765,12,7066,0.4441,0,0,home_improvement,central,0
A206965,52,33747,2.1,17570,48,10016,0.2786,0,1,other,south,0
A206966,43,52252,3.9,3688,36,20579,0.2204,0,1,other,east,0
A206967,47,30777,4.7,6903,36,3210,0.1269,0,1,education,east,0
A206968,37,51842,6.5,5466,36,34069,0.3637,2,0,car,central,0
A206969,27,33560,0.5,13602,48,12590,0.2889,0,0,debt_consolidation,east,0
A206970,35,79557,5.7,25190,48,2805,0.0968,2,0,education,south,0
A206971,51,32278,5.4,11026,48,2704,0.1273,0,2,home_improvement,south,0
A206972,39,32633,7.9,9958,12,4866,0.3797,0,1,debt_consolidation,north,0
A206973,36,114070,6.8,4657,60,7433,0.0407,2,1,home_improvement,north,0
A206974,32,31436,2.1,10020,36,4032,0.1704,0,0,car,east,0
A206975,47,53789,1.3,12468,48,8229,0.1344,0,0,medical,east,0
A206976,21,60791,2.9,1816,60,506,0.0101,0,0,car,south,0
A206977,40,35736,4.3,10078,60,4021,0.1127,0,1,home_improvement,central,0
A206978,65,29543,3.9,4896,12,3835,0.2306,0,1,debt_consolidation,east,0
A206979,33,71617,4.7,11903,60,2350,0.0496,0,1,debt_consolidation,south,0
A206980,40,58922,11.7,6531,36,10626,0.1271,0,2,other,north,0
A206981,44,51512,4.3,12747,12,18919,0.4311,0,3,debt_consolidation,central,1
A206982,45,50667,2.1,8614,60,9684,0.1296,0,0,other,north,0
A206983,52,21032,1.1,5575,48,5068,0.1868,2,4,education,north,0
A206984,47,78014,2.1,16945,24,6593,0.1509,2,3,other,east,1
A206985,28,40035,4.0,6671,12,5895,0.2403,1,0,education,south,0
A206986,42,42334,5.0,4117,60,15698,0.2049,0,1,medical,central,0
A206987,21,71980,5.7,17937,12,6318,0.2931,0,0,home_improvement,central,1
A206988,45,74533,8.7,7733,60,1364,0.0299,0,1,debt_consolidation,north,0
A206989,60,104749,3.5,5982,60,2041,0.0212,0,2,car,central,0
A206990,46,35580,19.1,22519,36,11756,0.3762,0,0,other,north,1
A206991,37,63253,0.6,6805,60,12730,0.1221,0,4,debt_consolidation,south,0
A206992,47,52588,8.0,15145,48,2915,0.0997,0,2,education,north,0
A206993,36,33234,11.4,10228,48,2097,0.1085,2,0,debt_consolidation,north,0
A206994,39,39425,6.0,36103,60,8797,0.2947,0,3,medical,north,0
A206995,28,21283,3.3,3732,24,711,0.1044,1,2,other,north,0
A206996,31,54600,5.7,8727,24,3897,0.1156,0,2,debt_consolidation,south,0
A206997,40,174794,1.9,9851,60,4780,0.0249,0,0,debt_consolidation,central,0
A206998,23,33219,3.8,10412,60,6293,0.1574,0,1,car,north,0
A206999,38,39891,7.3,6873,48,15282,0.2346,2,0,debt_consolidation,south,1
A207000,27,61435,2.8,7478,48,26972,0.2499,0,0,medical,south,0
A207001,46,37579,1.5,5373,24,1774,0.0951,0,3,home_improvement,east,0
A207002,23,77147,1.6,11429,48,6927,0.0819,0,0,car,north,0
A207003,39,83018,2.0,9787,60,10686,0.0879,1,0,car,east,0
A207004,27,106643,0.8,5993,24,27226,0.1557,0,2,car,central,0
A207005,54,55415,0.8,17708,12,16518,0.4686,1,1,medical,central,0
A207006,40,57995,8.6,3610,48,3641,0.047,0,1,debt_consolidation,east,0
A207007,66,55563,5.1,3285,48,3841,0.0493,0,0,medical,south,0
A207008,32,134714,15.6,14050,60,8016,0.0506,0,0,car,south,0
A207009,49,59843,5.8,9598,36,2323,0.0729,0,3,debt_consolidation,north,0
A207010,35,24474,3.3,5779,36,34504,0.7836,0,3,car,north,1
A207011,37,39366,2.5,11438,12,7262,0.3828,0,1,car,south,0
A207012,44,34480,1.9,8281,12,42334,0.8541,0,5,home_improvement,east,1
A207013,46,62012,2.8,5576,60,1496,0.03,0,0,education,east,0
A207014,49,89375,3.2,9042,36,13175,0.1074,0,1,other,south,0
A207015,50,68731,8.1,5964,24,3246,0.067,0,0,debt_consolidation,north,0
A207016,35,41828,4.3,20140,12,3477,0.5231,0,1,other,central,0
A207017,54,44603,7.0,6408,36,13205,0.1959,0,2,debt_consolidation,east,0
A207018,46,65826,2.1,14522,24,9662,0.1837,1,2,car,south,0
A207019,50,26555,0.6,21415,12,1983,0.8438,0,0,car,east,0
A207020,21,109463,7.1,4573,12,2524,0.0533,0,4,debt_consolidation,central,0
A207021,35,39225,2.2,6557,48,1827,0.0651,0,2,debt_consolidation,east,0
A207022,50,29033,3.5,31209,12,3170,1.1295,0,0,medical,central,1
A207023,34,41455,5.6,9573,24,1312,0.1313,0,3,debt_consolidation,south,0
A207024,31,54529,4.6,5702,36,5836,0.0884,0,1,debt_consolidation,east,0
A207025,41,24799,8.1,8287,60,15810,0.3856,0,3,home_improvement,south,0
A207026,26,49911,7.8,13677,36,3705,0.1285,0,0,home_improvement,north,0
A207027,33,35261,3.8,12091,12,7650,0.4514,0,0,debt_consolidation,central,1
A207028,57,82984,7.6,7527,12,3123,0.1095,0,0,home_improvement,east,0
A207029,34,31414,10.7,1816,24,42144,0.6997,0,0,medical,south,0
A207030,43,119428,1.9,12206,60,8631,0.0566,0,0,car,central,0
A207031,25,38315,0.7,16646,24,4349,0.274,1,1,debt_consolidation,central,1
A207032,33,61337,7.7,26581,48,5740,0.1551,0,1,home_improvement,east,0
A207033,32,72349,1.1,10611,24,1750,0.0854,0,1,debt_consolidation,east,0
A207034,55,36656,5.2,8070,24,26130,0.4665,0,3,other,central,0
A207035,41,127768,3.6,11064,48,6739,0.048,0,3,education,east,0
A207036,42,20264,2.2,9082,36,4406,0.2581,0,2,other,central,0
A207037,61,31138,0.9,3310,36,1252,0.0555,0,4,other,north,0
A207038,45,71431,2.0,5930,36,5344,0.0651,0,1,debt_consolidation,central,0
A207039,34,106261,3.0,3658,36,4250,0.0315,0,0,home_improvement,east,0
A207040,35,24874,12.9,15912,24,53868,1.2,0,0,home_improvement,east,0
A207041,32,38588,4.6,9352,24,3226,0.163,0,0,debt_consolidation,central,0
A207042,32,123633,1.1,5877,36,23388,0.1104,0,0,home_improvement,north,0
A207043,21,44190,5.0,9847,48,19421,0.2755,0,3,debt_consolidation,north,1
A207044,33,41128,8.1,14854,12,5247,0.425,0,1,car,north,0
A207045,28,65409,4.7,11817,12,915,0.1877,0,1,other,north,0
A207046,57,81640,4.2,8775,12,11606,0.1786,0,0,car,central,0
A207047,37,32396,5.5,9221,24,9887,0.2949,0,2,home_improvement,east,0
A207048,31,38745,3.5,10697,48,1380,0.0868,0,0,debt_consolidation,east,0
A207049,28,93353,3.8,6988,36,6218,0.0583,0,3,debt_consolidation,central,0
A207050,33,104137,2.4,14915,60,130761,0.6565,0,2,education,south,0
A207051,25,35966,5.7,15100,36,2311,0.1721,0,5,debt_consolidation,central,1
A207052,31,85098,3.4,8938,36,1910,0.0462,0,1,debt_consolidation,east,0
A207053,45,15490,1.7,15134,36,3014,0.423,1,2,car,south,0
A207054,21,43596,4.9,6742,24,2651,0.1077,1,0,debt_consolidation,north,0
A207055,28,30583,3.4,4205,36,90133,1.2,0,3,medical,north,1
A207056,50,92841,4.1,7285,24,2985,0.0553,0,0,debt_consolidation,south,0
A207057,34,56965,0.8,4564,36,354,0.0298,1,0,education,central,1
A207058,45,23737,3.5,10253,12,13989,0.7266,2,0,debt_consolidation,south,1
A207059,39,100162,8.4,9006,36,13044,0.0951,0,1,education,south,0
A207060,57,27816,4.3,6986,24,2849,0.1768,0,1,medical,central,0
A207061,40,38881,5.9,9218,48,4817,0.1212,0,1,other,south,0
A207062,44,33540,3.3,25820,48,1165,0.2098,0,0,other,east,0
A207063,28,36136,1.9,2946,24,4277,0.0999,0,0,car,north,0
A207064,59,22800,10.9,5254,48,33325,0.7884,0,5,home_improvement,central,0
A207065,34,52004,15.9,3787,36,6409,0.0859,0,2,other,south,0
A207066,23,33443,0.4,3911,48,851,0.042,2,0,home_improvement,south,0
A207067,47,16336,5.3,4061,60,19757,0.6544,0,1,education,north,0
A207068,41,28815,1.3,16050,60,1007,0.1289,0,0,other,south,1
A207069,32,41159,1.0,2430,36,13287,0.1811,0,3,car,south,0
A207070,62,25946,7.3,5774,36,3969,0.1507,0,3,education,central,0
A207071,38,54693,6.1,4058,36,1031,0.0342,0,1,car,north,0
A207072,51,46429,2.3,2669,36,4601,0.0687,0,1,debt_consolidation,east,0
A207073,45,45411,4.9,19904,48,4918,0.1637,1,1,medical,central,0
A207074,29,49816,6.6,5002,60,53090,0.5529,0,5,education,north,0
A207075,21,64399,1.8,9695,48,3473,0.0646,0,0,debt_consolidation,central,0
A207076,37,33237,4.9,6247,24,15281,0.3239,0,3,car,south,0
A207077,36,65910,4.9,12247,48,8168,0.1084,0,0,car,central,0
A207078,30,74916,4.6,2932,60,1696,0.0191,0,1,debt_consolidation,east,0
A207079,32,19592,2.9,11628,12,8166,0.8019,0,1,home_improvement,north,1
A207080,48,34573,3.5,2389,12,2036,0.0985,1,0,car,central,0
A207081,41,60554,1.6,3521,60,5935,0.0606,0,2,car,north,0
A207082,52,77768,2.9,7201,36,3812,0.0554,0,1,education,south,0
A207083,28,46577,6.1,17728,36,1086,0.1385,0,0,home_improvement,north,0
A207084,39,18308,1.4,16483,48,2268,0.287,0,0,debt_consolidation,east,0
A207085,68,145071,3.7,12067,36,1984,0.0346,0,1,education,central,0
A207086,32,33445,6.3,6187,24,6722,0.193,0,3,education,central,1
A207087,52,59133,4.4,18442,36,3263,0.1315,0,0,education,east,0
A207088,49,41079,1.8,8557,48,1723,0.073,2,0,debt_consolidation,south,1
A207089,21,32945,1.7,2634,12,1926,0.1092,1,0,debt_consolidation,central,0
A207090,43,42829,1.6,14421,24,5384,0.2312,1,0,debt_consolidation,east,1
A207091,38,36338,2.4,9566,12,2512,0.2978,0,4,education,central,0
A207092,57,79440,3.2,26951,12,1460,0.3485,1,0,home_improvement,central,0
A207093,30,59305,1.1,5179,12,607,0.0924,0,2,home_improvement,south,0
A207094,34,59976,1.4,6002,48,3277,0.0523,0,0,home_improvement,east,0
A207095,40,64523,6.9,12904,36,13652,0.1725,0,0,debt_consolidation,east,0
A207096,38,54255,8.4,11864,60,6838,0.1068,0,0,other,north,0
A207097,30,58565,0.3,1943,60,3580,0.0372,0,1,car,north,0
A207098,36,41645,5.6,2067,48,7197,0.0988,3,2,car,south,0
A207099,43,59348,4.4,10688,24,10936,0.1822,0,0,car,north,0
A207100,33,21638,1.5,12116,48,5105,0.2579,0,0,home_improvement,north,0
A207101,30,35874,3.0,8898,12,86941,1.2,0,4,home_improvement,south,1
A207102,34,51707,2.3,5850,12,36223,0.4634,1,1,education,north,1
A207103,53,47106,2.1,3497,36,16109,0.1957,0,2,medical,south,0
A207104,43,38411,0.6,28410,48,1615,0.2059,0,3,car,south,0
A207105,44,87657,3.2,11752,60,82541,0.4976,1,0,debt_consolidation,central,0
A207106,38,48768,5.5,3448,12,12241,0.1962,1,0,debt_consolidation,north,0
A207107,49,55410,3.0,7216,12,17858,0.2914,0,0,debt_consolidation,east,0
A207108,21,147124,10.0,7876,24,23638,0.1071,1,0,other,south,0
A207109,26,56527,1.0,6971,24,8899,0.1404,2,1,home_improvement,south,0
A207110,44,58588,5.2,18836,36,10857,0.1998,0,1,debt_consolidation,central,0
A207111,44,63754,10.2,2215,24,6573,0.0689,0,1,debt_consolidation,south,0
A207112,29,42336,7.0,32568,60,47734,0.7176,0,0,debt_consolidation,south,0
A207113,31,64891,5.1,8377,48,1572,0.0444,3,0,home_improvement,central,0
A207114,50,70853,5.2,10388,12,3522,0.1715,0,1,debt_consolidation,north,1
A207115,21,64865,1.0,12464,48,28063,0.2644,0,0,car,south,0
A207116,57,43275,1.4,5823,60,22937,0.2919,0,0,debt_consolidation,north,0
A207117,37,83392,5.9,6229,36,10358,0.087,0,4,debt_consolidation,north,0
A207118,25,39318,5.8,16638,36,9278,0.259,0,2,medical,central,0
A207119,65,59531,0.3,8878,60,3979,0.0632,1,1,debt_consolidation,east,0
A207120,34,35591,7.9,8789,36,1243,0.0998,0,3,education,north,0
A207121,47,28519,4.1,3309,48,1814,0.0608,2,0,debt_consolidation,east,0
A207122,40,105328,4.4,11655,36,13800,0.1024,0,3,car,north,0
A207123,52,42440,10.6,32949,24,35098,0.8017,0,0,debt_consolidation,south,1
A207124,21,35032,5.3,21090,36,353,0.2057,0,2,home_improvement,south,0
A207125,31,75400,6.9,10965,12,14485,0.2415,0,2,car,south,0
A207126,25,50085,8.1,3760,60,5594,0.0709,0,2,home_improvement,central,0
A207127,62,24412,7.7,15506,36,1901,0.2507,0,0,debt_consolidation,south,0
A207128,52,75821,5.7,7555,24,1338,0.0586,2,3,home_improvement,north,0
A207129,52,54520,9.3,7496,36,6755,0.1078,0,0,medical,central,0
A207130,51,21334,5.2,6380,48,106395,1.2,0,0,other,north,1
A207131,34,60292,7.4,12360,24,7878,0.1678,1,3,car,east,0
A207132,30,45861,3.1,10607,12,682,0.2387,0,1,debt_consolidation,central,0
A207133,39,181301,6.0,14095,36,6929,0.045,0,0,education,north,0
A207134,32,118929,0.6,18828,24,3972,0.0959,0,0,other,east,0
A207135,28,17269,10.1,7332,24,11055,0.5324,0,3,home_improvement,north,0
A207136,46,25507,9.7,4775,12,836,0.2036,0,0,education,east,0
A207137,21,74257,4.5,15243,12,3029,0.2257,0,0,education,north,0
A207138,42,94885,7.0,19643,12,8051,0.2494,0,0,home_improvement,central,0
A207139,40,41200,2.6,7459,36,60164,0.7905,0,0,home_improvement,central,1
A207140,42,46651,7.5,10664,60,2919,0.077,0,0,home_improvement,east,0
A207141,46,240000,3.7,30414,12,3409,0.1338,0,0,car,south,0
A207142,30,65390,1.3,42792,36,3721,0.2466,0,4,other,central,0
A207143,35,34264,9.8,14422,48,9768,0.2478,0,0,medical,north,0
A207144,48,23108,5.2,32621,12,3046,1.2,0,2,medical,north,1
A207145,46,30561,8.8,7326,36,9884,0.2416,3,1,debt_consolidation,east,1
A207146,29,34536,2.1,13667,36,4436,0.1961,0,1,debt_consolidation,north,0
A207147,30,33345,5.8,3738,36,8432,0.1638,0,2,debt_consolidation,south,0
A207148,53,51569,3.7,8105,24,4329,0.1206,1,0,home_improvement,north,0
A207149,33,64483,9.7,4668,48,3581,0.0459,0,1,debt_consolidation,south,0
A207150,41,67397,6.8,18049,60,2199,0.0699,0,0,debt_consolidation,north,0
A207151,21,16863,2.4,10401,36,1927,0.2627,0,0,debt_consolidation,central,0
A207152,32,37731,2.9,9805,60,2954,0.0911,0,3,debt_consolidation,south,1
A207153,42,55116,5.8,4471,24,11166,0.1419,0,0,debt_consolidation,central,0
A207154,49,94185,9.2,21100,48,2555,0.0696,0,0,medical,south,0
A207155,35,53717,2.3,28111,12,9800,0.6145,0,0,debt_consolidation,central,1
A207156,47,77997,6.1,11481,12,33551,0.3623,0,0,education,east,0
A207157,48,82320,9.3,4850,60,3382,0.0323,0,4,home_improvement,east,1
A207158,49,55394,2.7,8617,60,5216,0.0782,0,0,car,central,0
A207159,38,39619,2.3,13809,48,1139,0.1015,0,0,debt_consolidation,north,0
A207160,36,74690,10.1,10309,24,2027,0.0826,0,3,other,south,0
A207161,39,44468,1.3,22519,48,7666,0.2128,0,0,home_improvement,east,0
A207162,47,39800,4.7,1265,12,1527,0.051,0,0,debt_consolidation,central,0
A207163,38,131972,3.8,5283,48,2295,0.0187,3,1,debt_consolidation,east,0
A207164,38,42217,3.3,3788,36,838,0.0398,1,1,home_improvement,south,0
A207165,40,69391,0.6,8442,48,13434,0.1272,0,1,debt_consolidation,south,0
A207166,33,72050,6.1,7400,60,30811,0.2344,1,1,education,north,0
A207167,29,67219,3.9,19583,48,4914,0.1094,0,0,debt_consolidation,central,0
A207168,24,70772,5.6,7750,24,5701,0.095,0,1,debt_consolidation,central,0
A207169,29,105346,4.8,14492,48,20915,0.1337,0,1,debt_consolidation,east,0
A207170,59,68822,4.0,3090,24,2336,0.0394,2,0,debt_consolidation,south,0
A207171,28,43279,2.6,9484,24,3349,0.1483,0,4,car,south,0
A207172,46,62363,4.6,4919,36,3391,0.0535,0,2,debt_consolidation,north,0
A207173,60,96045,3.6,2195,48,1888,0.0155,0,1,car,north,0
A207174,21,27769,1.3,8808,24,4566,0.2408,0,0,home_improvement,central,0
A207175,32,30831,3.3,3775,24,2454,0.101,0,1,home_improvement,central,0
A207176,57,42648,0.8,4285,12,7771,0.1916,0,0,debt_consolidation,south,0
A207177,25,26352,6.1,28302,60,1311,0.2397,2,2,other,east,0
A207178,21,149925,6.7,16329,60,7661,0.0473,0,5,car,central,0
A207179,30,57513,3.5,3815,12,3301,0.095,0,1,home_improvement,north,0
A207180,40,191398,13.7,12884,48,4237,0.0279,0,1,other,north,0
A207181,39,37910,14.8,3604,12,10334,0.2314,0,0,debt_consolidation,central,0
A207182,35,51557,2.1,3902,24,12094,0.1551,0,0,debt_consolidation,central,0
A207183,46,61097,17.9,4504,24,3861,0.0685,0,3,car,south,0
A207184,38,77536,14.4,7645,60,6116,0.0592,2,0,home_improvement,south,0
A207185,39,55381,0.5,5339,36,9106,0.1143,1,0,debt_consolidation,south,0
A207186,37,85155,1.9,6016,24,8786,0.0869,0,3,car,east,0
A207187,55,30100,0.5,10167,24,31597,0.6938,0,1,debt_consolidation,east,0
A207188,48,76019,18.8,13392,48,13028,0.1297,0,0,other,north,0
A207189,29,42633,18.5,9649,60,1533,0.0632,0,0,car,central,0
A207190,67,38347,2.5,10219,24,2747,0.1691,0,0,car,east,0
A207191,50,36256,4.7,16682,60,16143,0.3146,0,2,home_improvement,east,0
A207192,40,28471,5.4,2066,24,15155,0.3024,0,0,car,east,0
A207193,21,72511,0.9,32594,60,5877,0.1304,1,0,education,south,0
A207194,42,70287,2.1,7171,60,5997,0.0631,0,1,other,central,0
A207195,48,108926,5.5,5087,36,734,0.0189,0,5,car,south,0
A207196,45,84053,4.7,5544,48,12380,0.0901,0,0,car,central,0
A207197,39,79988,4.4,14687,36,3887,0.0855,1,0,home_improvement,south,0
A207198,21,140742,0.7,17447,24,3060,0.0729,0,0,home_improvement,south,0
A207199,31,89438,4.7,4061,12,14074,0.1241,0,2,debt_consolidation,north,0
A207200,44,62773,7.5,16389,12,5414,0.3042,1,0,debt_consolidation,south,0
A207201,39,81006,1.0,2470,48,14718,0.0985,0,0,home_improvement,central,0
A207202,25,54915,7.5,3144,12,47642,0.491,0,0,car,south,1
A207203,38,82854,6.0,11445,12,4947,0.168,0,0,medical,east,0
A207204,21,50535,8.9,7102,60,3601,0.0637,0,0,debt_consolidation,north,0
A207205,46,55961,3.0,9939,24,1614,0.1032,0,0,education,south,0
A207206,32,42849,8.9,8131,48,23776,0.3249,0,1,education,central,0
A207207,21,84921,3.6,12711,60,8605,0.0806,0,1,education,south,0
A207208,47,41164,1.4,9188,12,3064,0.2604,0,0,debt_consolidation,south,0
A207209,32,20441,9.9,3394,60,4098,0.1334,0,0,debt_consolidation,central,0
A207210,38,59413,3.4,4097,12,5250,0.1131,0,1,debt_consolidation,east,1
A207211,26,14852,5.4,10498,24,12241,0.7655,0,0,debt_consolidation,east,1
A207212,41,88066,8.1,17386,36,896,0.0709,0,1,car,central,0
A207213,27,45806,6.9,10240,24,2488,0.1389,0,2,home_improvement,east,0
A207214,24,156609,8.5,1611,60,7330,0.0255,0,0,debt_consolidation,north,0
A207215,33,85276,2.5,14846,12,15061,0.2624,0,1,home_improvement,north,0
A207216,22,63737,4.1,11626,60,2356,0.055,0,1,education,east,0
A207217,31,37443,2.9,1904,24,2232,0.0552,0,2,car,east,0
A207218,42,50854,4.3,5267,48,2828,0.0537,0,2,car,central,1
A207219,37,32553,2.2,3389,24,12922,0.2505,0,0,car,north,0
A207220,26,40473,7.0,29576,48,44064,0.7271,0,0,debt_consolidation,central,0
A207221,37,86351,9.1,4341,12,3637,0.0713,0,3,medical,central,0
A207222,38,20065,10.6,7476,48,31184,0.8702,0,0,debt_consolidation,north,0
A207223,45,97363,4.8,4001,12,7546,0.0798,0,0,car,east,0
A207224,21,44233,8.2,15739,36,6121,0.1878,0,4,debt_consolidation,south,1
A207225,38,51706,5.8,21956,12,5061,0.4736,0,2,home_improvement,east,0
A207226,34,87208,2.9,2700,36,2371,0.0239,0,4,debt_consolidation,south,0
A207227,39,49762,8.5,6282,12,1596,0.1423,0,1,debt_consolidation,south,0
A207228,45,20053,10.6,52779,36,9364,1.1108,0,2,debt_consolidation,central,1
A207229,44,74484,2.1,9441,48,1086,0.039,0,3,home_improvement,central,0
A207230,39,62967,7.5,17092,60,6871,0.1088,0,4,car,central,0
A207231,50,92023,4.3,7816,24,2536,0.0562,0,3,other,north,0
A207232,37,57402,6.9,7345,60,15535,0.1609,0,4,car,east,0
A207233,33,37919,16.3,8966,48,658,0.0678,0,2,home_improvement,east,0
A207234,52,42004,1.2,15927,60,8322,0.1749,0,2,other,north,0
A207235,37,41148,1.4,7185,12,5080,0.2363,0,0,home_improvement,east,0
A207236,21,51106,2.5,6348,36,9967,0.1389,0,0,debt_consolidation,south,0
A207237,22,114147,2.0,5968,12,2681,0.064,0,1,education,east,0
A207238,36,35890,4.4,4913,60,2456,0.0616,0,2,debt_consolidation,north,0
A207239,38,43633,2.1,7055,36,7583,0.1408,0,4,home_improvement,central,0
A207240,46,103211,4.2,34690,12,2416,0.3478,0,0,home_improvement,north,0
A207241,50,87910,13.8,5582,48,19855,0.1288,0,1,medical,east,0
A207242,41,61399,0.4,10115,60,20801,0.2023,0,1,home_improvement,south,0
A207243,35,17297,6.1,6465,12,4722,0.5103,0,2,debt_consolidation,south,0
A207244,27,58932,1.7,10443,12,4391,0.2145,0,0,other,north,0
A207245,30,30843,1.3,4850,60,5365,0.1184,0,0,home_improvement,east,0
A207246,25,67593,1.0,9775,12,2616,0.164,0,5,home_improvement,north,0
A207247,25,37461,5.1,21094,36,3571,0.2354,1,3,car,north,1
A207248,21,37148,6.1,9275,60,891,0.0619,0,2,medical,central,0
A207249,40,67077,3.5,10088,24,2484,0.0937,0,1,debt_consolidation,north,0
A207250,35,205322,2.5,12042,48,1732,0.0189,2,0,education,east,0
A207251,44,37630,2.3,19551,24,3524,0.3066,1,1,other,north,0
A207252,27,15560,3.6,8976,36,5716,0.376,0,2,education,east,0
A207253,50,40870,1.2,2425,24,1445,0.0473,0,0,education,east,0
A207254,21,50866,5.4,16733,36,5736,0.166,0,0,debt_consolidation,north,0
A207255,68,48870,0.7,11512,36,4029,0.1197,3,0,other,north,0
A207256,44,85905,7.9,3691,12,21079,0.1657,1,4,debt_consolidation,central,0
A207257,39,71071,0.9,19507,24,2786,0.1568,0,4,medical,north,0
A207258,36,62636,6.4,4650,48,34201,0.2916,0,2,home_improvement,south,0
A207259,46,78983,7.1,5416,36,9405,0.0824,0,0,car,north,0
A207260,21,65314,4.9,6456,60,2825,0.0414,0,0,car,north,0
A207261,25,57946,3.7,2945,60,5494,0.0576,0,0,medical,central,0
A207262,37,67211,3.0,10419,24,11555,0.1635,0,0,car,east,0
A207263,37,27730,4.7,30210,36,5476,0.4619,0,1,home_improvement,east,1
A207264,46,79316,7.0,4204,24,5968,0.0641,0,2,debt_consolidation,north,0
A207265,38,55852,1.9,14957,12,19183,0.4395,0,0,other,east,0
A207266,32,69703,9.8,12051,48,1677,0.0553,0,1,car,north,0
A207267,36,23561,11.4,2482,24,2456,0.1048,0,1,car,north,0
A207268,43,83183,2.7,16812,12,11893,0.2736,0,5,car,east,0
A207269,56,38395,3.7,17690,24,7225,0.3245,0,1,debt_consolidation,east,0
A207270,37,36012,1.2,13319,24,19575,0.4567,0,4,home_improvement,south,0
A207271,40,33671,10.4,25213,12,1926,0.7774,0,0,other,east,0
A207272,40,107240,6.9,37376,48,7587,0.1225,0,2,other,north,0
A207273,33,34471,1.2,4068,24,3789,0.114,0,0,home_improvement,north,0
A207274,25,160139,3.3,20836,36,16259,0.0941,2,0,car,south,0
A207275,21,49941,3.8,3517,24,25815,0.2937,0,3,home_improvement,south,0
A207276,32,56261,6.2,3708,12,4158,0.1029,1,2,home_improvement,central,0
A207277,53,85378,10.1,2741,48,2458,0.0224,0,3,education,east,0
A207278,47,25839,1.3,31460,60,592,0.255,0,3,car,north,0
A207279,41,60807,4.7,8798,24,17752,0.2183,0,1,debt_consolidation,east,0
A207280,35,20302,4.6,10967,48,44724,1.2,1,0,debt_consolidation,north,1
A207281,53,89306,5.0,7188,36,13222,0.1009,1,0,medical,central,0
A207282,34,38771,2.2,7883,36,25313,0.3942,0,3,home_improvement,central,0
A207283,47,43931,0.9,10467,60,977,0.0588,0,2,home_improvement,east,0
A207284,36,35323,3.5,8829,48,1718,0.0868,0,2,debt_consolidation,north,0
A207285,21,41493,6.0,19000,36,3115,0.1902,0,0,debt_consolidation,east,0
A207286,21,99334,1.4,22080,36,2617,0.0873,0,2,debt_consolidation,east,0
A207287,31,93839,3.7,20845,12,6756,0.2581,0,3,home_improvement,east,1
A207288,37,34210,1.3,5242,48,2739,0.0783,2,0,debt_consolidation,central,0
A207289,46,79029,1.9,12879,60,5240,0.0657,0,1,debt_consolidation,east,0
A207290,45,51135,9.4,21711,12,1188,0.4362,0,1,debt_consolidation,east,0
A207291,45,62816,0.3,5790,24,3692,0.0755,0,2,debt_consolidation,east,0
A207292,27,29334,3.4,8452,60,2354,0.0978,0,4,education,north,0
A207293,58,49898,3.9,12363,24,25936,0.3838,0,2,education,central,0
A207294,36,44843,3.4,10355,48,19687,0.2772,0,1,education,central,0
A207295,47,145553,3.9,25431,60,8855,0.0654,0,1,home_improvement,central,0
A207296,38,19140,6.3,4834,12,15206,0.6498,0,0,other,north,0
A207297,42,64427,9.1,2645,36,9944,0.0909,0,2,car,east,0
A207298,50,32274,3.7,4576,36,18061,0.3271,0,4,other,north,0
A207299,30,34630,3.6,3549,12,20841,0.4034,1,0,debt_consolidation,central,0
A207300,53,36060,1.4,5564,12,8350,0.2701,0,1,other,south,0
A207301,21,96559,1.8,6246,36,1018,0.0268,0,2,medical,central,0
A207302,35,27201,3.1,1938,12,16374,0.3722,0,0,home_improvement,north,0
A207303,52,23204,13.0,15794,36,2341,0.2773,0,0,home_improvement,north,0
A207304,54,76885,3.9,10243,24,2873,0.0853,0,1,home_improvement,south,0
A207305,32,53085,10.1,2465,48,1190,0.0228,0,0,education,central,0
A207306,38,56214,2.9,17679,12,16830,0.4642,0,0,car,east,0
A207307,27,58200,3.4,9938,60,88949,0.7983,0,0,debt_consolidation,central,1
A207308,37,50683,1.6,28343,12,7220,0.6304,0,0,debt_consolidation,south,0
A207309,30,29221,3.5,32518,12,14187,1.2,0,3,debt_consolidation,east,1
A207310,49,51337,7.9,6968,48,4199,0.0748,0,0,home_improvement,south,0
A207311,44,47085,12.7,7293,60,5591,0.0903,0,3,home_improvement,south,0
A207312,47,58198,3.7,10071,12,12896,0.2838,1,0,debt_consolidation,south,0
A207313,35,199284,4.4,7994,24,1919,0.0249,2,0,car,south,0
A207314,22,74751,3.0,14498,60,8344,0.0946,0,0,debt_consolidation,south,0
A207315,30,80060,6.2,5771,48,7583,0.0654,1,0,car,east,0
A207316,32,125661,6.7,16946,24,39928,0.2263,0,3,car,central,0
A207317,35,67920,5.2,12379,48,1205,0.0544,0,0,debt_consolidation,east,0
A207318,26,40473,1.7,13531,24,4966,0.2285,0,3,car,north,0
A207319,53,124209,2.2,11813,60,8822,0.0545,0,1,other,central,0
A207320,42,51253,2.4,6447,60,5426,0.0781,0,1,home_improvement,central,0
A207321,29,54608,4.4,12337,48,4071,0.0938,0,0,home_improvement,north,0
A207322,40,43138,5.2,6508,60,25847,0.3298,1,2,debt_consolidation,east,0
A207323,51,84768,5.0,23655,24,6149,0.1758,0,4,car,east,0
A207324,55,54840,8.8,3623,12,769,0.0731,0,4,debt_consolidation,east,0
A207325,41,62479,6.9,5319,36,4731,0.0662,1,1,debt_consolidation,central,0
A207326,40,70899,0.7,8281,48,9950,0.0994,0,1,debt_consolidation,east,0
A207327,32,66744,0.6,8386,12,9153,0.1942,0,0,other,north,0
A207328,59,35412,7.2,24626,36,1871,0.2582,0,0,debt_consolidation,south,0
A207329,21,72086,2.4,14252,24,22287,0.2534,0,2,education,east,0
A207330,28,81666,3.2,12443,24,4267,0.1023,0,2,medical,central,0
A207331,49,36864,5.4,15280,12,1972,0.4412,0,1,debt_consolidation,south,0
A207332,37,48615,1.9,5286,48,2536,0.0533,0,0,debt_consolidation,east,0
A207333,52,37795,1.8,3679,24,7336,0.1457,0,0,car,south,0
A207334,35,143128,2.7,16218,60,2992,0.0331,0,0,debt_consolidation,north,0
A207335,45,28919,8.0,12819,24,2828,0.2705,0,0,car,central,0
A207336,34,69885,4.4,9559,12,5413,0.1755,0,1,home_improvement,east,0
A207337,27,56848,5.8,33044,12,35484,0.8934,0,2,other,east,0
A207338,34,45557,4.1,8266,24,5799,0.1544,1,0,home_improvement,south,0
A207339,41,39819,3.9,16520,24,645,0.2155,0,2,home_improvement,central,0
A207340,43,82741,1.2,20252,12,18073,0.354,0,5,education,central,0
A207341,39,57328,2.6,7109,60,20051,0.1997,0,1,car,north,0
A207342,30,58633,7.8,22249,36,12209,0.2306,0,0,medical,east,0
A207343,21,32364,1.5,5969,60,40117,0.6567,1,1,car,south,0
A207344,56,44357,2.6,13534,24,3963,0.1972,0,3,other,central,0
A207345,63,26441,7.6,10215,36,990,0.1475,0,1,medical,central,0
A207346,31,42532,2.7,15548,48,15045,0.2683,1,2,education,north,0
A207347,23,22801,1.4,6833,48,7220,0.2332,0,3,medical,central,0
A207348,21,90219,3.5,5477,36,4279,0.044,0,4,home_improvement,south,0
A207349,21,78689,6.2,13267,24,3875,0.1089,0,1,education,east,0
A207350,44,32592,6.6,14290,60,2906,0.1323,0,0,debt_consolidation,north,0
A207351,26,26317,1.3,2378,60,1812,0.0525,0,3,other,east,0
A207352,31,34412,12.4,5137,48,17589,0.2929,0,1,debt_consolidation,north,0
A207353,42,40009,1.7,5390,12,8684,0.2432,0,1,medical,north,0
A207354,50,141453,0.9,3466,12,2699,0.034,0,0,car,north,0
A207355,38,140622,2.3,11176,36,650,0.0288,0,0,car,east,0
A207356,38,64781,13.2,5545,48,2021,0.037,2,5,debt_consolidation,east,0
A207357,51,21237,4.0,8858,12,5958,0.5574,2,2,education,central,1
A207358,52,51602,0.4,4034,36,14982,0.1712,0,1,home_improvement,east,0
A207359,40,32100,2.7,9574,24,17371,0.4197,0,0,home_improvement,north,0
A207360,34,143588,2.5,16021,60,4680,0.0386,0,3,home_improvement,south,0
A207361,44,54306,5.2,22312,12,7846,0.4831,0,0,debt_consolidation,north,0
A207362,37,25632,2.3,16816,36,16761,0.5456,0,2,medical,east,0
A207363,36,37743,4.4,4281,36,837,0.0489,0,5,home_improvement,east,0
A207364,53,121643,7.9,15473,48,4516,0.0504,0,0,home_improvement,east,0
A207365,21,39101,2.5,15831,12,1859,0.4286,0,3,debt_consolidation,central,0
A207366,25,198094,3.0,7398,24,9238,0.042,0,1,debt_consolidation,north,0
A207367,29,26514,8.1,13733,48,7141,0.2642,0,2,debt_consolidation,south,0
A207368,23,29260,10.5,26783,48,1149,0.2485,0,0,debt_consolidation,east,0
A207369,21,48638,4.2,5095,60,596,0.0271,0,2,car,south,0
A207370,21,19691,4.2,7559,48,18472,0.565,1,3,medical,central,1
A207371,24,34176,0.4,11747,24,762,0.183,0,2,home_improvement,south,0
A207372,48,45322,4.0,21195,36,8265,0.2471,3,1,medical,north,0
A207373,44,58032,3.5,20209,36,1037,0.125,0,3,home_improvement,south,0
A207374,41,28924,2.1,4697,48,11771,0.2441,0,3,education,south,0
A207375,26,83707,7.9,18465,24,4155,0.1351,0,0,home_improvement,east,0
A207376,43,25213,1.5,10398,36,3386,0.2046,0,4,home_improvement,east,0
A207377,40,38528,1.7,12526,24,2495,0.1949,1,1,car,north,0
A207378,32,22537,2.9,15302,12,6361,0.8201,0,0,car,central,0
A207379,60,42964,3.7,6139,24,33243,0.4583,0,1,debt_consolidation,north,1
A207380,35,107071,3.8,6164,12,1213,0.0632,0,0,home_improvement,south,0
A207381,40,103765,3.6,5835,48,9032,0.0576,0,2,debt_consolidation,south,0
A207382,38,60449,6.4,5120,48,4866,0.0614,0,3,medical,south,0
A207383,21,37244,6.6,24589,60,4220,0.1887,0,4,education,east,0
A207384,40,63806,3.2,11230,36,5996,0.1057,0,0,debt_consolidation,south,0
A207385,43,92349,1.3,10446,36,12706,0.1065,0,1,medical,east,0
A207386,40,66209,10.1,20466,12,1981,0.3241,1,0,education,south,0
A207387,39,33080,1.9,9079,24,1688,0.1627,0,1,debt_consolidation,north,0
A207388,54,56614,0.4,6396,12,6192,0.1677,0,1,medical,north,0
A207389,46,35577,11.8,23360,36,5604,0.2976,0,0,home_improvement,central,0
A207390,36,46098,2.9,4994,24,2230,0.0784,0,2,other,east,0
A207391,37,46213,3.2,4788,12,5308,0.161,0,1,education,north,0
A207392,50,45634,3.1,8854,48,1114,0.0607,2,0,debt_consolidation,east,0
A207393,37,64392,3.6,7570,12,9053,0.1879,1,0,car,north,0
A207394,50,91451,0.4,18739,36,3808,0.0891,0,0,debt_consolidation,south,0
A207395,23,91020,5.4,10870,36,562,0.0429,0,0,home_improvement,south,0
A207396,54,32810,6.7,12290,60,7738,0.1928,0,2,debt_consolidation,south,0
A207397,33,53447,4.2,3076,12,21808,0.2616,0,2,other,east,0
A207398,39,44995,2.4,2729,24,7178,0.1101,0,1,car,east,0
A207399,34,49610,6.1,5020,48,4748,0.0732,0,2,debt_consolidation,south,0
A207400,49,85072,10.8,3204,12,4290,0.0629,1,0,education,central,0
A207401,39,27725,5.0,9030,48,4118,0.1557,1,0,home_improvement,north,1
A207402,35,71126,2.2,9010,60,2031,0.0396,0,0,debt_consolidation,east,1
A207403,44,89616,5.7,4840,24,1107,0.0332,0,1,home_improvement,central,0
A207404,54,37772,2.6,24253,60,4175,0.1837,0,0,debt_consolidation,east,0
A207405,39,43763,4.4,7735,12,2901,0.2099,1,4,other,south,0
A207406,25,89607,1.7,12617,24,2809,0.0861,0,2,debt_consolidation,east,1
A207407,46,60942,2.6,15405,12,1565,0.2656,0,0,car,north,0
A207408,26,108325,4.1,10081,36,719,0.0343,0,0,home_improvement,north,0
A207409,25,51766,9.7,9806,12,423,0.1935,0,0,debt_consolidation,east,0
A207410,46,100225,7.4,10080,24,38804,0.2439,0,2,debt_consolidation,north,0
A207411,48,92814,2.4,9833,48,1757,0.036,0,1,medical,central,0
A207412,53,53392,2.8,19714,24,3571,0.2181,0,2,debt_consolidation,north,0
A207413,40,91680,2.2,15811,60,13177,0.1064,0,2,car,south,0
A207414,47,59170,3.9,8139,36,1771,0.0608,2,1,home_improvement,east,0
A207415,21,70354,7.6,19091,36,6294,0.1352,0,0,debt_consolidation,south,0
A207416,44,36828,1.4,11622,48,20559,0.358,0,1,other,south,0
A207417,64,77723,2.5,9489,36,3471,0.063,0,1,home_improvement,central,0
A207418,38,47028,7.2,28320,60,2749,0.1497,0,0,education,north,0
A207419,34,56051,2.9,7070,36,4254,0.08,0,1,car,central,1
A207420,38,62962,1.2,8178,36,2710,0.0648,0,3,car,north,0
A207421,39,33169,2.0,7674,36,5343,0.1577,0,0,home_improvement,north,0
A207422,34,80958,6.5,4282,24,5193,0.0585,0,0,debt_consolidation,east,0
A207423,42,36270,6.6,8242,36,8778,0.1968,0,2,car,central,0
A207424,31,71387,5.4,13678,36,11121,0.1418,0,0,medical,central,0
A207425,51,46916,6.9,21978,48,32815,0.4668,0,1,debt_consolidation,north,0
A207426,50,94697,1.2,6508,48,11832,0.0797,1,0,home_improvement,north,0
A207427,31,26284,3.0,10341,36,8163,0.2864,0,0,debt_consolidation,central,0
A207428,51,175126,3.0,2960,12,2771,0.0248,0,1,education,south,0
A207429,29,10714,18.4,9589,36,6845,0.6178,0,0,debt_consolidation,central,0
A207430,38,53467,0.4,12047,24,3297,0.1435,0,3,debt_consolidation,north,0
A207431,54,87467,1.6,20652,48,746,0.0633,0,1,education,south,0
A207432,45,65517,1.6,4271,48,3812,0.0454,0,0,debt_consolidation,east,0
A207433,56,26363,4.2,5368,24,1696,0.134,0,1,other,east,0
A207434,25,56724,4.6,7400,48,2888,0.0581,0,1,debt_consolidation,central,0
A207435,38,35799,6.5,6768,60,21755,0.3417,0,1,other,east,0
A207436,23,23003,10.0,11944,12,19724,0.948,0,0,other,south,0
A207437,21,59215,1.9,7403,24,5445,0.1085,0,2,debt_consolidation,north,0
A207438,46,32922,2.5,13706,12,1536,0.4396,0,2,debt_consolidation,north,0
A207439,33,85730,6.0,7093,24,2846,0.058,0,0,home_improvement,east,0
A207440,49,17322,7.5,16557,60,15083,0.6265,0,1,home_improvement,east,0
A207441,21,47840,3.3,9407,60,1894,0.0591,0,0,medical,central,0
A207442,49,35807,8.2,6547,24,6483,0.1819,0,4,home_improvement,east,0
A207443,46,53074,2.4,8087,24,1039,0.086,0,0,medical,east,0
A207444,44,26600,15.3,9007,60,6711,0.1939,0,1,home_improvement,central,0
A207445,59,148127,5.4,3286,36,1047,0.0109,0,1,car,north,0
A207446,42,162433,1.3,8365,60,5632,0.0276,0,1,debt_consolidation,central,0
A207447,35,68371,4.1,8196,24,32234,0.2957,0,0,home_improvement,central,0
A207448,34,40645,1.4,3555,12,2894,0.1231,0,0,other,south,0
A207449,48,61546,1.9,8052,48,1147,0.042,0,1,debt_consolidation,north,0
A207450,33,36402,4.2,9044,12,6105,0.3323,0,0,car,east,0
A207451,28,84851,7.0,6459,48,9402,0.0744,0,0,home_improvement,south,0
A207452,43,50422,1.2,8058,36,16540,0.2173,0,2,medical,east,0
A207453,37,52122,9.4,18022,24,3777,0.2091,0,0,medical,south,0
A207454,53,88418,5.4,2168,36,6534,0.0451,0,2,medical,south,0
A207455,37,24960,2.5,7820,24,1601,0.1887,1,5,other,central,1
A207456,30,69904,4.4,10703,24,26840,0.2685,1,0,car,east,0
A207457,38,37470,1.3,9827,36,2605,0.1222,0,0,debt_consolidation,east,0
A207458,23,39985,1.8,33521,60,5474,0.2361,2,2,debt_consolidation,north,0
A207459,29,50282,8.4,30523,60,3175,0.153,0,0,debt_consolidation,east,0
A207460,44,40201,8.0,11321,12,3462,0.3247,0,1,car,central,0
A207461,30,50372,2.6,19618,48,36458,0.4593,0,2,medical,north,1
A207462,30,57313,6.3,13314,60,11292,0.145,0,0,home_improvement,south,0
A207463,40,72125,2.1,3934,36,2662,0.0366,0,0,home_improvement,central,0
A207464,21,111231,9.4,3786,36,49643,0.2345,0,2,education,south,0
A207465,34,65362,2.6,4167,12,1187,0.0728,0,1,medical,south,0
A207466,35,69804,4.2,6946,12,45399,0.4247,0,0,other,south,0
A207467,38,33703,1.4,5992,60,14779,0.2548,0,1,debt_consolidation,south,0
A207468,25,64625,3.2,4913,60,18698,0.1599,0,0,home_improvement,north,0
A207469,36,53917,1.0,24949,36,79690,0.8932,0,1,car,central,0
A207470,46,47766,3.0,9503,12,1277,0.2123,0,0,home_improvement,central,0
A207471,25,47365,5.4,11125,48,3557,0.0963,0,0,medical,south,0
A207472,21,40275,1.8,4094,60,6767,0.1043,0,2,home_improvement,east,0
A207473,30,25767,1.3,2858,48,12771,0.2755,1,3,car,north,1
A207474,39,41805,13.2,6870,60,11547,0.171,0,0,education,east,0
A207475,38,21515,1.8,7689,48,76735,1.2,0,2,medical,central,0
A207476,39,62558,7.0,6198,60,11396,0.1109,0,1,home_improvement,central,0
A207477,21,79920,1.5,13411,48,2936,0.0603,1,4,car,east,0
A207478,48,27077,1.5,4051,36,2061,0.0879,0,0,home_improvement,south,0
A207479,39,27331,2.3,2455,36,15014,0.3046,0,0,home_improvement,east,0
A207480,52,38258,5.9,14174,12,14868,0.5648,0,1,education,east,0
A207481,49,31449,2.1,3482,48,5725,0.1187,1,3,car,north,0
A207482,43,80389,3.1,4856,24,977,0.0363,0,3,education,south,0
A207483,31,71784,17.6,8343,60,2988,0.0441,0,1,debt_consolidation,north,0
A207484,23,19794,1.3,15886,24,3050,0.4783,0,1,car,east,0
A207485,33,25223,3.6,13727,24,1155,0.295,0,0,debt_consolidation,central,0
A207486,33,64668,12.3,12579,60,3440,0.0655,0,0,education,north,0
A207487,36,31623,4.1,5351,60,21934,0.3806,1,0,education,south,0
A207488,50,45141,10.6,7751,24,9289,0.1887,2,0,debt_consolidation,north,0
A207489,33,49393,1.6,3637,24,7784,0.1156,0,1,car,east,0
A207490,26,45966,2.7,8015,48,20006,0.2612,0,2,debt_consolidation,east,0
A207491,21,32627,9.9,5994,12,1188,0.2019,0,0,other,east,0
A207492,23,51359,2.6,5554,48,3762,0.0637,0,3,other,east,0
A207493,41,51928,8.0,6492,36,16776,0.2032,2,2,medical,east,0
A207494,56,42708,0.8,12623,36,8413,0.197,1,0,car,south,0
A207495,44,179361,2.2,5280,48,8578,0.0313,2,2,education,south,0
A207496,45,49842,4.8,7363,24,14762,0.222,0,0,home_improvement,south,0
A207497,21,70783,3.4,3693,12,3427,0.0764,0,0,medical,central,0
A207498,47,23329,5.7,26886,24,4724,0.6775,0,1,other,central,1
A207499,30,45945,9.8,4452,36,1913,0.0531,0,1,debt_consolidation,central,0
A207500,24,53628,1.5,4582,36,1484,0.0423,0,2,medical,east,0
A207501,43,108028,5.2,7312,24,9842,0.0794,0,3,debt_consolidation,central,0
A207502,26,44026,4.4,20095,48,6805,0.1914,0,0,debt_consolidation,south,0
A207503,42,42536,2.3,9911,48,6920,0.1396,2,1,home_improvement,east,0
A207504,44,74763,3.7,21502,36,3971,0.1224,0,0,car,central,0
A207505,38,110390,5.1,7283,36,1906,0.0306,0,5,education,north,0
A207506,35,61852,9.8,15418,12,6892,0.305,0,1,debt_consolidation,east,0
A207507,34,12047,1.2,17597,36,66665,1.2,0,0,education,north,1
A207508,30,113683,2.4,8025,48,8099,0.0533,0,1,home_improvement,central,0
A207509,25,43770,13.2,3924,24,17993,0.2504,0,1,car,north,0
A207510,29,61310,3.9,5147,24,1530,0.0545,0,0,home_improvement,east,0
A207511,42,54091,3.5,5039,24,4247,0.0858,0,0,car,east,0
A207512,42,52329,1.7,16180,60,3959,0.0997,0,0,car,east,0
A207513,30,97934,1.7,4012,12,13590,0.1103,0,0,home_improvement,south,0
A207514,40,41601,5.8,8063,60,878,0.0493,0,0,debt_consolidation,south,0
A207515,29,28463,3.2,21160,12,19140,1.0796,0,0,other,south,1
A207516,27,110341,9.7,20758,48,7333,0.0803,0,3,medical,central,0
A207517,22,86843,2.8,2074,60,2392,0.0185,0,1,car,east,0
A207518,32,59585,0.8,8698,60,2654,0.0515,2,0,debt_consolidation,east,0
A207519,36,45957,5.6,4413,12,1857,0.1162,0,0,debt_consolidation,south,0
A207520,49,58969,1.4,4243,48,1966,0.0347,1,0,education,south,1
A207521,63,25432,6.4,14105,36,15540,0.4904,1,0,debt_consolidation,north,0
A207522,30,66065,2.4,10770,12,3332,0.1882,0,0,education,central,0
A207523,44,73352,1.9,10580,12,9663,0.2101,0,3,car,central,0
A207524,48,34469,3.7,10258,60,1940,0.0877,2,0,debt_consolidation,south,1
A207525,50,34353,6.4,5570,24,646,0.0905,0,0,car,north,0
A207526,48,37062,4.0,8210,24,645,0.1195,1,2,medical,north,0
A207527,28,48361,3.8,37892,48,3223,0.2292,0,2,debt_consolidation,south,0
A207528,30,29922,4.0,30061,24,17865,0.8008,1,1,home_improvement,east,0
A207529,32,29160,7.9,7210,60,8599,0.1969,0,0,medical,central,0
A207530,52,40956,5.3,15596,36,1339,0.1433,0,3,other,central,0
A207531,27,24252,12.0,10604,24,5463,0.3313,0,0,car,south,0
A207532,42,45931,5.8,8488,36,3006,0.0943,0,0,home_improvement,north,0
A207533,34,21301,2.0,5602,60,1760,0.0939,0,4,debt_consolidation,central,0
A207534,49,120201,4.4,4431,48,22846,0.1042,0,1,education,south,0
A207535,21,23178,11.9,12298,24,6646,0.4087,0,0,home_improvement,east,1
A207536,32,111520,2.4,33497,24,2386,0.1609,0,0,debt_consolidation,south,0
A207537,53,100871,3.3,18493,60,1410,0.0437,0,1,home_improvement,north,0
A207538,40,71717,6.8,2325,12,5194,0.0686,0,0,debt_consolidation,south,0
A207539,38,63611,0.9,11046,48,2658,0.0643,0,5,car,east,0
A207540,45,194966,5.9,6711,60,27799,0.0782,1,1,home_improvement,south,0
A207541,46,61176,0.9,10562,24,1070,0.0951,0,0,car,south,0
A207542,47,33685,6.7,5369,48,18363,0.3124,0,0,car,south,0
A207543,49,45499,5.9,17758,24,10847,0.3143,0,0,debt_consolidation,central,0
A207544,30,53844,5.8,25928,48,2281,0.1416,0,0,medical,east,0
A207545,35,22700,9.6,8233,36,15253,0.4569,0,0,debt_consolidation,south,1
A207546,22,32446,5.4,6248,60,2559,0.0779,0,1,car,central,0
A207547,42,68459,0.2,3171,24,12967,0.1179,0,0,home_improvement,central,0
A207548,21,31495,6.3,17757,24,7466,0.4004,1,2,other,east,0
A207549,35,47027,7.9,4589,24,4416,0.0957,0,1,education,east,0
A207550,56,132931,4.2,3734,12,1459,0.0336,0,2,debt_consolidation,south,0
A207551,39,124026,12.4,8705,24,28562,0.1502,0,0,car,east,0
A207552,38,35342,1.7,22935,60,1919,0.1569,0,1,other,central,0
A207553,41,70078,2.2,19648,24,1658,0.152,0,1,debt_consolidation,central,0
A207554,54,43833,9.2,9583,36,2635,0.1029,0,0,debt_consolidation,north,1
A207555,39,17868,2.5,7265,48,6109,0.2726,0,0,education,east,0
A207556,31,26173,2.2,13902,12,3644,0.6008,0,0,other,central,0
A207557,26,89707,1.1,5653,24,4084,0.0543,0,5,debt_consolidation,east,0
A207558,57,47475,4.1,6602,36,21491,0.2727,0,1,debt_consolidation,south,1
A207559,56,19094,2.3,22210,60,31679,1.0622,0,0,debt_consolidation,east,1
A207560,25,34581,7.2,3758,60,1397,0.0419,0,0,home_improvement,north,0
A207561,33,51922,5.2,4053,48,5859,0.0759,0,3,debt_consolidation,north,0
A207562,45,90080,5.8,1893,12,91273,0.5276,0,2,home_improvement,south,0
A207563,33,59564,4.6,9191,12,2899,0.1786,1,1,education,north,0
A207564,21,84346,0.4,11307,36,9835,0.103,0,0,debt_consolidation,south,0
A207565,28,34113,12.5,7167,12,4244,0.2723,0,2,debt_consolidation,south,0
A207566,31,133719,3.1,6836,24,5488,0.0461,2,0,medical,north,0
A207567,42,47525,2.6,10971,36,7861,0.1597,0,0,medical,central,0
A207568,50,65879,1.0,7491,12,3252,0.1384,1,3,debt_consolidation,east,0
A207569,28,50792,7.9,34655,24,12934,0.4685,0,0,car,south,0
A207570,37,58108,8.1,6048,24,2725,0.0755,0,1,medical,east,1
A207571,55,40089,0.7,7718,12,513,0.1989,0,1,home_improvement,east,0
A207572,24,33214,6.8,9625,24,8355,0.2707,0,1,debt_consolidation,east,0
A207573,29,34933,13.4,33024,36,7668,0.4249,0,3,other,north,0
A207574,33,68420,5.3,9825,60,8837,0.0933,0,1,home_improvement,south,0
A207575,40,48575,2.8,8769,48,4862,0.0952,0,0,debt_consolidation,north,0
A207576,62,93994,7.0,9188,48,20198,0.1319,0,1,education,south,0
A207577,59,141653,2.9,13933,60,6948,0.0442,0,1,medical,central,0
A207578,39,74427,1.9,8369,48,1138,0.0358,0,1,education,central,0
A207579,34,82279,6.7,14354,36,19043,0.1739,0,0,education,south,0
A207580,21,56246,3.1,1514,36,5200,0.0552,0,0,debt_consolidation,east,0
A207581,27,34903,3.2,14149,36,10218,0.2815,0,1,car,south,0
A207582,37,44498,0.8,3510,36,6144,0.0953,0,1,car,north,0
A207583,24,25459,4.4,10337,36,10443,0.3404,2,1,other,south,0
A207584,49,38987,8.3,10870,48,6935,0.1586,0,0,home_improvement,north,1
A207585,40,49082,10.4,38979,12,1047,0.8048,1,5,home_improvement,south,1
A207586,37,50915,6.0,19970,24,6005,0.2551,0,0,car,south,0
A207587,21,35266,10.2,4286,48,3636,0.0819,0,1,debt_consolidation,east,0
A207588,32,82469,4.9,2726,48,15544,0.1025,1,0,debt_consolidation,south,1
A207589,54,48801,2.7,7533,12,871,0.1633,2,2,car,south,0
A207590,35,38953,8.0,6725,48,24868,0.3624,0,1,education,north,0
A207591,29,58723,2.6,3692,12,22696,0.2561,0,1,car,east,0
A207592,37,138138,2.6,6565,36,5653,0.0363,0,3,home_improvement,south,0
A207593,27,47235,1.9,9882,24,3388,0.1405,0,2,home_improvement,central,0
A207594,49,39935,1.1,26125,36,3330,0.2598,1,0,home_improvement,north,0
A207595,37,132411,15.3,17655,36,19525,0.1182,0,5,car,south,0
A207596,52,32954,0.9,4804,12,6446,0.2436,1,1,debt_consolidation,south,0
A207597,23,76398,5.7,5812,24,57072,0.4116,0,0,debt_consolidation,east,0
A207598,32,33970,3.3,6099,60,701,0.0462,0,3,debt_consolidation,east,0
A207599,36,20137,3.5,5732,60,3684,0.1484,0,0,education,north,0
A207600,37,50060,1.4,11553,24,2188,0.1372,1,0,debt_consolidation,north,0
A207601,21,103344,0.3,4376,60,4287,0.0292,1,1,home_improvement,south,0
A207602,50,80167,2.2,12403,48,35930,0.2628,0,0,car,south,0
A207603,43,63169,10.1,14492,12,2759,0.2513,0,1,car,central,0
A207604,43,25147,3.6,16173,24,18138,0.6822,0,0,debt_consolidation,central,0
A207605,28,53919,5.8,10190,12,9187,0.2742,1,0,other,central,0
A207606,48,156283,3.2,5240,60,4830,0.0222,0,1,debt_consolidation,central,0
A207607,37,53276,0.7,2509,60,4858,0.055,0,4,debt_consolidation,central,0
A207608,42,31097,4.5,14370,48,10254,0.2804,2,1,car,central,0
A207609,34,53481,16.1,9375,48,5030,0.0909,0,0,car,south,0
A207610,30,30484,6.2,16908,12,6240,0.657,3,1,car,east,0
A207611,40,43914,4.0,13074,48,19934,0.3014,0,0,debt_consolidation,east,0
A207612,51,67997,3.5,2997,48,8627,0.0745,0,0,medical,east,0
A207613,42,32078,6.8,3929,48,22709,0.3846,0,1,other,south,0
A207614,40,62280,5.7,6723,48,11253,0.1173,0,1,home_improvement,east,0
A207615,44,22469,6.3,7845,24,5384,0.2944,0,0,debt_consolidation,north,0
A207616,33,70122,10.4,17851,48,3508,0.0887,0,1,debt_consolidation,central,0
A207617,27,40587,7.8,2868,36,3672,0.0688,0,0,debt_consolidation,east,0
A207618,33,29674,3.3,4489,48,9984,0.206,0,4,debt_consolidation,south,0
A207619,26,75659,8.1,3571,36,6755,0.0604,0,0,home_improvement,east,0
A207620,21,61206,9.9,2090,36,1515,0.0238,0,1,home_improvement,east,0
A207621,22,41072,13.3,7968,12,8707,0.3,1,2,car,south,0
A207622,21,80412,2.0,10142,12,8690,0.1802,0,1,debt_consolidation,east,0
A207623,47,15293,1.8,4029,24,36768,1.2,0,0,debt_consolidation,north,1
A207624,26,42975,1.0,11640,12,13233,0.4248,1,4,education,east,1
A207625,21,72353,3.6,25778,24,7301,0.2286,0,2,car,north,0
A207626,50,40939,0.9,21625,36,1014,0.1885,0,1,debt_consolidation,north,0
A207627,40,32497,1.4,6066,24,892,0.1071,1,0,other,east,0
A207628,59,36214,7.1,2856,36,5303,0.0995,0,2,medical,south,0
A207629,24,57106,0.8,12602,24,5100,0.155,0,0,car,east,0
A207630,29,55403,8.5,9139,48,612,0.0468,0,0,debt_consolidation,south,0
A207631,21,33117,4.4,2512,36,2209,0.0586,2,1,car,north,0
A207632,48,14810,1.7,4318,36,3912,0.2293,0,0,debt_consolidation,east,0
A207633,37,114600,5.4,10676,24,3323,0.0611,0,2,car,north,0
A207634,37,116639,6.5,6877,60,1434,0.0179,0,0,car,central,0
A207635,44,35546,4.6,4795,36,9016,0.1718,0,0,medical,north,0
A207636,45,93908,14.4,9594,12,65748,0.4522,0,2,home_improvement,east,0
A207637,21,47521,5.1,11016,36,1435,0.0924,0,3,car,east,0
A207638,27,107835,0.9,16875,12,5563,0.1823,0,0,debt_consolidation,south,0
A207639,47,39098,1.8,16330,36,7184,0.2311,0,0,debt_consolidation,east,0
A207640,40,19325,1.9,6060,12,72320,1.2,0,0,home_improvement,south,1
A207641,49,30168,3.4,12121,12,629,0.4122,0,1,car,central,0
A207642,26,80280,0.7,5132,36,2530,0.0371,0,2,education,east,0
A207643,24,39368,2.8,6189,36,5925,0.1277,0,0,car,south,0
A207644,31,55623,7.3,3938,48,6820,0.079,2,0,debt_consolidation,central,0
A207645,31,75108,10.5,5832,12,24291,0.2394,0,4,car,north,0
A207646,31,54084,6.7,5333,36,1913,0.0506,1,1,other,south,0
A207647,42,25861,2.6,18572,12,5856,0.8314,0,1,home_improvement,north,0
A207648,38,130199,1.8,20668,36,3011,0.0645,0,0,education,east,0
A207649,51,38670,7.1,10187,36,937,0.0999,2,0,car,central,0
A207650,21,19927,2.6,7864,48,35139,0.9804,0,0,debt_consolidation,central,1
A207651,41,38021,1.3,27995,24,1905,0.3932,0,2,debt_consolidation,east,0
A207652,49,71749,5.9,5095,12,3705,0.0968,0,4,debt_consolidation,east,0
A207653,34,27006,4.9,3754,36,41169,0.8086,0,0,other,north,1
A207654,40,67444,2.1,18038,12,1439,0.2781,0,1,car,north,0
A207655,32,52604,1.1,12312,24,2904,0.1446,0,2,debt_consolidation,south,0
A207656,43,51657,2.9,10568,60,2522,0.0653,1,2,car,east,0
A207657,35,42119,1.1,10589,24,309,0.1294,0,1,other,east,0
A207658,43,38295,2.8,22773,60,1724,0.1414,0,2,car,east,0
A207659,28,42286,10.3,5671,12,651,0.1418,0,5,debt_consolidation,north,0
A207660,39,30627,1.0,2522,48,2972,0.0691,0,0,home_improvement,north,0
A207661,30,66124,7.3,39287,24,1765,0.3104,0,0,medical,central,1
A207662,46,34728,1.6,20505,60,13707,0.3154,0,0,education,south,0
A207663,50,141262,8.7,41296,24,1437,0.1513,0,1,debt_consolidation,east,0
A207664,23,26016,5.4,8034,24,7380,0.2962,0,1,home_improvement,north,0
A207665,35,36890,11.6,11226,36,2482,0.1351,0,0,other,north,0
A207666,43,65790,6.8,12901,24,6137,0.1447,0,0,car,central,0
A207667,49,79237,4.3,3481,60,3622,0.0316,0,2,debt_consolidation,south,0
A207668,47,36241,3.7,4405,60,8965,0.148,0,0,home_improvement,south,0
A207669,49,50307,6.3,22321,48,4825,0.1589,0,2,debt_consolidation,east,1
A207670,24,41836,9.1,9546,36,2730,0.1087,0,0,education,central,1
A207671,38,118298,21.4,2377,48,17537,0.0791,0,0,other,north,0
A207672,39,81777,3.5,37356,36,2225,0.1659,0,1,debt_consolidation,south,0
A207673,54,36544,1.9,8233,60,3375,0.0912,1,1,medical,north,0
A207674,37,39180,3.4,17162,24,4376,0.2749,0,1,home_improvement,south,0
A207675,34,45270,1.0,12806,12,2592,0.3115,1,0,debt_consolidation,south,0
A207676,29,58921,1.6,12052,12,2206,0.2233,1,0,debt_consolidation,central,0
A207677,37,37955,5.4,5920,48,5488,0.1113,0,1,other,south,0
A207678,37,73420,1.3,8680,36,3776,0.0651,0,2,debt_consolidation,north,0
A207679,33,34707,1.0,9382,36,5777,0.1733,0,3,medical,east,0
A207680,29,23489,4.7,12691,48,1601,0.1692,1,3,education,east,0
A207681,35,37524,3.3,3828,48,3896,0.0774,0,2,home_improvement,central,0
A207682,39,40934,3.3,4698,24,14184,0.2306,0,3,medical,east,0
A207683,21,50196,4.1,12976,36,1352,0.0996,0,1,other,south,0
A207684,35,21504,4.3,8188,12,1278,0.4105,2,1,home_improvement,central,0
A207685,39,56510,6.6,10103,12,17914,0.3373,0,4,car,central,0
A207686,24,70985,6.3,8889,24,4412,0.0937,0,1,education,south,0
A207687,36,32226,3.3,15053,36,3413,0.2087,0,5,education,central,0
A207688,27,41076,2.6,9961,24,60010,0.8517,0,0,other,south,0
A207689,24,123265,5.8,10742,48,17587,0.0931,0,2,home_improvement,north,0
A207690,21,23342,4.7,5647,48,58928,1.2,0,1,debt_consolidation,central,1
A207691,35,82523,17.7,7843,60,8940,0.0732,0,3,debt_consolidation,north,0
A207692,21,28832,10.2,15384,48,8685,0.284,0,1,car,east,0
A207693,39,90789,2.6,6732,48,6398,0.0538,0,0,home_improvement,north,0
A207694,29,23629,4.7,13288,24,11430,0.523,2,3,medical,east,1
A207695,21,38055,2.9,13641,12,1627,0.3798,0,1,other,east,0
A207696,21,42157,5.7,32410,60,1652,0.1734,0,1,home_improvement,north,0
A207697,21,60986,1.7,13958,36,9286,0.1524,0,1,debt_consolidation,east,0
A207698,31,101756,7.8,8642,48,9145,0.0662,0,2,car,north,0
A207699,41,51063,3.8,11741,24,6500,0.1786,0,0,home_improvement,north,0
A207700,22,165170,7.1,11248,48,681,0.0191,0,0,car,north,0
A207701,50,71530,6.7,7598,36,1352,0.0449,0,2,debt_consolidation,east,0
A207702,28,23961,5.0,8381,48,5887,0.2103,0,3,car,east,0
A207703,48,41540,3.0,9441,12,1298,0.2429,0,1,car,south,0
A207704,36,80933,9.7,16409,48,27735,0.222,1,3,medical,central,0
A207705,32,42806,12.8,7747,60,2195,0.0618,0,4,home_improvement,east,0
A207706,35,119998,8.3,3230,24,1319,0.019,0,0,medical,north,0
A207707,29,29902,4.0,32256,60,5176,0.3023,0,0,other,east,0
A207708,46,69880,4.9,8197,12,11058,0.1964,0,3,education,north,0
A207709,54,41090,7.5,27505,24,8172,0.4341,0,3,car,south,0
A207710,47,50047,2.4,10487,12,5392,0.2634,2,0,debt_consolidation,north,0
A207711,21,42612,9.0,14711,36,1780,0.136,0,2,debt_consolidation,east,0
A207712,41,20225,6.3,3817,60,2167,0.0913,0,1,medical,south,0
A207713,40,55302,3.9,12239,24,8597,0.1884,2,1,home_improvement,east,1
A207714,21,74885,6.6,5388,36,838,0.0296,0,2,debt_consolidation,east,0
A207715,38,32831,10.7,6075,48,30968,0.5179,0,2,car,north,0
A207716,23,10478,12.4,8170,48,2976,0.3369,0,0,home_improvement,central,0
A207717,55,136314,5.5,5039,48,3819,0.0232,0,2,debt_consolidation,central,0
A207718,35,94922,8.2,10790,36,1914,0.048,0,2,car,north,0
A207719,29,240000,9.0,4931,48,4791,0.0151,0,1,debt_consolidation,south,0
A207720,35,48256,5.4,13973,60,12043,0.1827,0,5,debt_consolidation,east,0
A207721,39,54599,11.9,11122,60,10525,0.1371,0,1,education,east,0
A207722,52,29461,11.0,8363,36,9154,0.25,0,2,car,central,0
A207723,35,33789,4.2,10789,60,23808,0.4162,0,3,car,north,0
A207724,23,125043,3.1,5162,60,15251,0.0692,0,3,debt_consolidation,east,0
A207725,46,63655,10.0,6662,48,5648,0.0705,0,3,home_improvement,north,0
A207726,40,70980,4.2,10581,60,5639,0.0695,0,2,debt_consolidation,central,0
A207727,54,46180,1.5,19663,60,1111,0.0972,1,3,home_improvement,north,0
A207728,37,82595,2.0,6552,48,5391,0.0525,1,3,car,south,0
A207729,34,19700,5.0,19613,36,4234,0.4393,0,3,home_improvement,south,0
A207730,58,70580,9.9,30827,48,1648,0.1209,0,2,other,north,0
A207731,41,35767,5.4,8132,60,2587,0.0816,0,1,debt_consolidation,south,0
A207732,55,107129,4.4,25885,36,3766,0.0981,0,1,debt_consolidation,central,0
A207733,21,48882,4.6,20797,60,10401,0.1915,0,4,car,east,0
A207734,45,79770,11.5,30774,24,9854,0.2547,0,2,car,central,0
A207735,24,70684,3.0,9403,36,1239,0.0531,0,2,education,north,0
A207736,26,29862,5.5,9462,60,4226,0.1341,0,2,education,east,0
A207737,31,25235,1.7,7422,48,24563,0.5602,0,1,home_improvement,central,1
A207738,25,55239,4.9,10965,48,7549,0.118,1,1,other,central,0
A207739,46,62217,4.2,8437,60,4542,0.0636,0,1,debt_consolidation,north,0
A207740,33,54107,11.2,3002,60,63047,0.5937,0,0,home_improvement,central,0
A207741,29,35220,3.6,13392,48,8469,0.2153,0,1,car,central,0
A207742,24,132033,2.8,1993,12,26231,0.1144,0,0,home_improvement,east,0
A207743,47,115673,7.8,20598,24,10082,0.1326,0,2,home_improvement,north,0
A207744,27,124510,3.5,4157,12,7641,0.0641,0,4,car,south,0
A207745,24,42876,1.9,3374,48,1584,0.0381,0,2,education,central,0
A207746,44,26210,2.4,14100,60,27109,0.6247,0,0,medical,north,1
A207747,51,24103,5.7,14941,24,3390,0.3803,0,4,medical,east,0
A207748,28,81881,3.1,8129,48,3152,0.0441,0,0,car,north,0
A207749,46,54289,3.8,10576,36,11457,0.1705,0,0,medical,north,0
A207750,50,53452,14.4,7811,36,953,0.0576,0,1,debt_consolidation,east,0
A207751,56,50853,3.6,14746,36,11277,0.2075,0,0,debt_consolidation,east,0
A207752,21,39946,1.0,3200,48,13094,0.1839,0,3,debt_consolidation,east,0
A207753,21,50282,3.2,2755,36,5289,0.0709,0,0,other,north,0
A207754,47,82644,3.1,6406,12,8735,0.1304,1,2,home_improvement,east,0
A207755,26,61259,8.7,2367,36,739,0.0189,0,0,home_improvement,north,0
A207756,45,44049,4.1,17568,36,4854,0.188,0,1,car,east,0
A207757,38,34893,4.8,14876,36,6427,0.2342,0,1,car,east,0
A207758,58,18959,3.0,10285,48,5955,0.2927,0,0,home_improvement,central,0
A207759,55,32090,7.9,6339,12,6559,0.2997,0,0,debt_consolidation,south,0
A207760,72,118461,7.9,11643,48,11443,0.0729,0,0,education,north,0
A207761,21,41153,11.1,7927,48,13897,0.217,0,2,debt_consolidation,south,1
A207762,38,72565,5.1,4941,12,1286,0.077,0,2,education,south,0
A207763,33,55834,2.9,11888,36,1682,0.086,0,0,other,north,1
A207764,38,45481,3.6,12588,48,4293,0.1164,0,1,car,central,0
A207765,28,18261,2.6,6706,24,18514,0.6905,1,3,debt_consolidation,central,0
A207766,30,60034,5.9,4187,48,9650,0.0978,0,5,education,east,0
A207767,27,119289,11.0,3962,60,3843,0.0228,3,0,education,central,0
A207768,29,149037,7.9,9542,36,5369,0.0394,0,0,debt_consolidation,east,0
A207769,44,42304,5.3,10314,48,2901,0.0952,0,0,debt_consolidation,central,0
A207770,31,43976,8.4,11888,36,1438,0.1065,0,1,debt_consolidation,central,0
A207771,36,116907,10.9,8286,12,176,0.0716,0,4,debt_consolidation,central,0
A207772,22,28581,7.1,3607,60,1728,0.0555,0,0,other,central,0
A207773,31,43333,0.5,4589,60,1693,0.0407,0,5,debt_consolidation,south,0
A207774,30,87628,6.1,17361,48,18547,0.1554,0,1,other,south,0
A207775,48,22058,4.2,16147,24,10338,0.6003,0,5,education,north,0
A207776,40,185328,2.5,11392,24,53689,0.1756,0,3,home_improvement,central,0
A207777,33,85683,5.5,8429,24,4436,0.0751,0,1,other,north,0
A207778,40,59287,13.4,15295,60,1473,0.064,0,2,car,east,0
A207779,38,113754,1.9,5546,36,4813,0.0374,0,0,education,east,0
A207780,63,31425,7.1,9112,12,11063,0.466,0,2,home_improvement,south,0
A207781,29,44085,4.6,18357,60,2484,0.1115,0,1,car,south,0
A207782,38,67720,1.8,6591,36,52890,0.4229,0,1,debt_consolidation,east,0
A207783,40,63054,2.8,11720,12,5915,0.2328,0,0,medical,south,0
A207784,36,137899,1.4,18473,36,3195,0.0562,0,2,education,south,0
A207785,38,24889,4.3,11216,60,3598,0.1624,0,2,education,east,0
A207786,44,52551,1.8,19666,24,9011,0.2728,0,0,education,east,0
A207787,42,71969,6.5,32252,12,221,0.4497,0,0,car,north,0
A207788,42,18245,13.8,4254,48,2573,0.1288,0,1,home_improvement,south,0
A207789,38,58473,16.1,7279,60,12703,0.1335,0,0,education,south,0
A207790,28,50281,1.8,12418,60,17570,0.2241,1,2,home_improvement,east,1
A207791,24,68796,2.5,20874,24,4699,0.1859,0,1,debt_consolidation,central,0
A207792,42,159646,4.6,8511,36,5856,0.0361,0,2,other,south,0
A207793,58,47081,1.9,8860,24,16750,0.272,0,2,car,north,0
A207794,46,38868,0.9,17384,60,2096,0.1164,0,4,debt_consolidation,south,0
A207795,32,57111,3.8,16016,60,3094,0.0832,0,1,home_improvement,south,0
A207796,39,63869,11.7,2656,24,1669,0.0339,0,1,car,east,0
A207797,43,41402,3.1,22318,24,2579,0.3007,1,1,home_improvement,east,0
A207798,35,83195,1.8,5692,60,652,0.0176,0,2,debt_consolidation,central,0
A207799,42,62589,2.4,2283,60,7084,0.0639,0,1,debt_consolidation,north,0
A207800,27,68664,3.2,7134,24,3853,0.08,0,4,debt_consolidation,north,0
A207801,46,49209,7.6,17188,60,8377,0.155,0,0,home_improvement,north,0
A207802,26,46630,3.4,16615,12,47389,0.8645,0,0,medical,central,0
A207803,41,110610,1.3,14606,48,7150,0.0653,2,1,debt_consolidation,east,0
A207804,32,46828,6.5,15347,36,859,0.1184,0,5,medical,north,0
A207805,43,155859,4.2,14092,60,8940,0.0468,0,1,home_improvement,east,0
A207806,31,24128,7.6,19811,36,16398,0.6135,1,0,debt_consolidation,south,1
A207807,30,48361,10.0,8275,48,17000,0.2185,0,2,debt_consolidation,east,0
A207808,21,115406,0.3,21630,48,139351,0.6506,0,2,car,north,0
A207809,45,44071,1.9,11299,48,1768,0.0842,0,5,medical,east,0
A207810,36,45769,9.7,14613,24,11283,0.2829,0,1,debt_consolidation,south,0
A207811,55,41618,6.7,8662,48,7844,0.1463,0,0,debt_consolidation,central,0
A207812,28,29218,1.6,11130,36,9103,0.2828,0,0,debt_consolidation,east,0
A207813,38,100075,4.9,9245,60,24915,0.143,0,0,car,central,0
A207814,31,104551,2.7,2947,24,13974,0.0809,2,1,other,central,0
A207815,24,43067,2.0,42337,36,159494,1.2,0,0,car,south,1
A207816,32,51360,3.9,5109,48,394,0.0287,0,0,home_improvement,east,0
A207817,50,63697,11.1,10369,12,5786,0.2082,0,2,medical,central,0
A207818,26,47475,3.2,17094,12,6526,0.4288,2,4,debt_consolidation,east,1
A207819,26,36078,6.0,10918,12,3990,0.3579,0,0,debt_consolidation,south,0
A207820,40,59340,3.7,16925,12,4336,0.3218,0,0,medical,central,0
A207821,28,46645,0.7,6328,36,1737,0.0638,0,3,education,south,0
A207822,29,46814,4.4,18215,60,26240,0.3581,0,0,debt_consolidation,east,0
A207823,44,54292,2.3,6778,48,2485,0.0541,0,0,other,north,0
A207824,37,86646,1.2,15457,12,6554,0.2162,0,3,medical,east,0
A207825,32,62146,2.6,12411,24,21927,0.2763,0,1,home_improvement,north,1
A207826,40,106382,5.0,7928,48,3243,0.0339,0,0,car,north,0
A207827,21,69336,14.6,11901,24,17358,0.211,0,2,debt_consolidation,east,0
A207828,33,54249,1.3,10036,12,16759,0.3395,0,0,medical,south,0
A207829,21,60271,3.0,2099,12,5961,0.0843,3,2,debt_consolidation,east,0
A207830,40,81280,7.6,13006,48,5115,0.0715,0,2,debt_consolidation,south,0
A207831,56,16290,2.2,17532,12,8378,1.2,0,1,education,central,0
A207832,33,81974,0.7,11222,36,6440,0.0849,0,0,home_improvement,south,0
A207833,30,29174,3.1,7817,24,6909,0.2524,2,0,debt_consolidation,north,1
A207834,42,68225,7.4,7626,48,57714,0.4509,1,1,other,south,1
A207835,21,160669,4.5,8879,60,3362,0.0215,0,1,debt_consolidation,south,0
A207836,47,20948,3.0,28482,60,3434,0.3539,0,0,car,south,0
A207837,44,46897,0.7,6896,36,3067,0.0817,0,0,car,north,0
A207838,22,62576,4.8,2917,60,12154,0.1064,0,1,car,central,0
A207839,48,37029,8.7,5810,60,3158,0.074,0,1,debt_consolidation,central,0
A207840,28,20856,1.9,7694,36,28791,0.8132,0,4,home_improvement,north,0
A207841,36,19206,8.7,9329,12,114554,1.2,0,0,car,central,1
A207842,27,68073,11.1,5143,60,810,0.0211,0,1,home_improvement,north,0
A207843,36,70081,5.6,19310,24,20723,0.2856,0,0,car,north,0
A207844,39,34033,11.6,9141,48,9913,0.2128,1,0,debt_consolidation,south,0
A207845,31,41080,1.9,15219,24,17670,0.4003,0,0,medical,east,0
A207846,21,19054,5.6,4292,12,2229,0.2837,0,0,other,central,0
A207847,43,54784,0.4,4355,60,11170,0.1178,0,3,car,central,0
A207848,28,38287,8.8,13160,36,16484,0.3298,0,0,home_improvement,north,0
A207849,33,24303,3.7,8481,48,1539,0.1189,0,3,car,central,0
A207850,35,173513,5.3,3439,48,5885,0.0219,0,4,home_improvement,south,0
A207851,34,71107,5.2,5240,48,4333,0.0489,0,3,car,south,0
A207852,34,79007,6.4,27021,48,9073,0.1429,0,0,car,central,0
A207853,47,49075,6.5,7248,60,59769,0.6385,0,0,debt_consolidation,central,0
A207854,49,34590,9.2,14546,36,2115,0.1707,1,0,other,south,0
A207855,28,91997,4.3,5819,24,4914,0.0583,0,0,debt_consolidation,north,0
A207856,30,73566,2.0,15144,36,13442,0.16,2,1,other,east,1
A207857,26,96018,6.7,14311,48,7554,0.0766,0,5,other,south,0
A207858,58,41026,5.1,8591,12,2900,0.2447,0,4,other,south,0
A207859,27,40317,7.3,10271,36,1017,0.0975,0,3,home_improvement,south,0
A207860,39,46220,2.0,13669,36,4427,0.1465,0,0,medical,central,0
A207861,32,10252,3.2,45278,48,6529,1.2,1,3,debt_consolidation,east,1
A207862,42,44745,3.5,7154,60,39348,0.4717,0,2,education,north,0
A207863,34,26344,5.2,23918,36,6585,0.4276,0,1,other,central,0
A207864,41,83122,4.8,25731,60,715,0.0662,0,1,debt_consolidation,central,0
A207865,33,42890,6.8,4730,48,8076,0.1217,0,0,education,central,0
A207866,34,42548,5.3,9038,60,2020,0.0662,0,2,education,central,0
A207867,40,126958,12.6,10904,24,32334,0.1703,0,0,debt_consolidation,north,0
A207868,32,68402,0.3,9795,24,9121,0.1383,0,4,home_improvement,east,0
A207869,21,25427,4.9,3929,36,1484,0.0807,0,1,car,north,0
A207870,32,22554,2.6,3670,12,34921,0.9369,0,1,debt_consolidation,north,0
A207871,32,92164,5.6,13732,48,9093,0.0866,0,0,education,central,0
A207872,43,37886,2.4,18663,60,6024,0.178,0,0,education,east,0
A207873,36,35638,8.2,9916,24,4633,0.2041,0,1,home_improvement,east,0
A207874,45,32984,1.7,8718,24,3457,0.1846,0,0,education,north,0
A207875,52,52225,7.3,25507,60,10303,0.1963,0,2,home_improvement,north,0
A207876,45,28680,3.8,3802,60,17169,0.3258,0,2,education,east,0
A207877,51,128036,5.1,21658,12,1153,0.1737,0,0,home_improvement,north,0
A207878,43,32687,1.9,3472,48,9372,0.1699,0,1,medical,east,0
A207879,36,70835,8.0,7327,12,1279,0.1125,0,1,education,east,0
A207880,26,37988,0.9,5109,48,5779,0.1097,1,0,home_improvement,south,0
A207881,38,47912,2.5,12861,48,6348,0.1334,0,0,other,north,0
A207882,48,65909,2.1,13659,24,5552,0.1457,0,3,education,north,0
A207883,23,26136,7.3,15783,60,1194,0.1436,0,0,home_improvement,east,0
A207884,40,26693,7.8,5765,24,23854,0.5548,0,5,debt_consolidation,north,1
A207885,29,37835,5.8,4441,12,1943,0.1431,2,3,education,south,0
A207886,49,14183,2.5,19954,48,1012,0.3874,1,0,debt_consolidation,north,0
A207887,51,79586,15.3,9503,60,3658,0.0469,1,2,other,east,0
A207888,32,42782,3.0,3662,36,481,0.0342,1,5,other,central,0
A207889,37,49803,3.0,8746,60,7717,0.1126,0,0,education,south,0
A207890,44,41805,1.4,2895,24,21951,0.2972,1,2,other,central,0
A207891,32,55410,1.2,9294,24,29853,0.3532,0,3,home_improvement,north,0
A207892,72,75917,2.0,11098,36,4023,0.0752,0,0,other,north,0
A207893,49,104601,11.4,11166,36,973,0.0402,1,0,car,central,0
A207894,31,70100,7.3,19878,60,1517,0.0675,0,0,car,east,0
A207895,32,49193,1.6,9450,60,7571,0.1154,1,2,debt_consolidation,north,0
A207896,35,50771,3.6,10262,12,4199,0.2435,0,1,car,east,0
A207897,39,45383,8.1,7189,12,2711,0.1883,0,0,debt_consolidation,east,0
A207898,44,137311,5.3,3786,60,1120,0.0096,0,2,debt_consolidation,north,0
A207899,31,58310,9.4,12398,36,8981,0.1479,0,2,car,central,0
A207900,51,51345,1.6,9227,60,781,0.0435,0,2,education,north,0
A207901,40,67822,1.9,19695,60,4835,0.0937,0,0,medical,east,0
A207902,33,61953,5.8,14945,48,2549,0.0809,0,1,education,north,0
A207903,50,42557,0.6,4172,36,58171,0.7161,0,2,home_improvement,east,1
A207904,37,132408,2.6,9188,48,11736,0.0617,0,1,home_improvement,south,0
A207905,35,29758,0.7,10388,48,10604,0.2654,0,0,debt_consolidation,south,0
A207906,24,31232,5.3,6801,60,29680,0.5187,1,1,car,central,0
A207907,39,45473,10.6,17689,48,16419,0.2778,0,5,debt_consolidation,east,0
A207908,48,25955,2.4,5892,48,11591,0.28,0,0,home_improvement,south,0
A207909,30,28510,6.0,22631,36,437,0.2723,0,0,other,east,0
A207910,39,116231,2.0,26453,24,1450,0.12,0,0,car,east,0
A207911,30,44746,8.3,4589,48,5640,0.0887,0,1,debt_consolidation,north,0
A207912,47,34805,2.6,20575,48,6049,0.2347,0,4,debt_consolidation,central,0
A207913,31,34273,0.3,3933,60,44712,0.6752,2,1,car,south,1
A207914,39,68110,3.8,13661,12,1582,0.2122,0,1,home_improvement,central,0
A207915,22,123097,8.2,12736,36,12658,0.0859,0,2,education,east,0
A207916,59,87405,6.5,13876,60,731,0.0359,0,0,other,north,0
A207917,44,17731,3.1,4130,24,23472,0.7784,3,5,car,central,1
A207918,21,38182,0.5,6621,36,142852,1.2,0,1,debt_consolidation,east,1
A207919,34,27523,3.4,16676,12,5302,0.7022,0,0,other,central,0
A207920,55,45909,6.8,5253,60,9895,0.1307,0,2,car,south,0
A207921,37,90224,7.6,3318,24,4105,0.0411,0,1,car,east,0
A207922,21,20336,6.4,11101,36,3465,0.2672,0,3,other,east,0
A207923,31,50932,4.8,5603,12,20998,0.3161,0,0,debt_consolidation,south,0
A207924,40,36758,4.8,15127,36,34820,0.6108,0,1,medical,central,1
A207925,37,33037,9.1,9400,36,2320,0.13,0,1,other,north,0
A207926,41,40035,2.6,6919,24,2664,0.1197,0,3,medical,east,0
A207927,33,93638,2.3,8005,60,1405,0.0246,0,1,home_improvement,north,0
A207928,46,46831,3.4,5772,60,2929,0.0559,0,3,car,central,0
A207929,42,63449,3.8,11339,48,4906,0.0833,0,0,home_improvement,central,0
A207930,32,41722,6.1,2559,36,5562,0.0871,0,1,debt_consolidation,south,0
A207931,59,26957,3.1,13910,36,2741,0.2228,0,3,debt_consolidation,north,0
A207932,25,162062,6.2,5438,36,56546,0.1856,0,0,debt_consolidation,south,0
A207933,46,59851,5.3,5385,60,4648,0.0568,0,0,home_improvement,east,0
A207934,31,26868,2.6,10190,12,37838,1.0834,0,2,education,central,1
A207935,49,62565,7.2,10676,48,6089,0.0913,0,0,home_improvement,central,0
A207936,42,50957,9.4,4183,12,1177,0.0936,0,0,car,north,0
A207937,47,67960,5.1,7426,24,18526,0.1909,0,0,home_improvement,east,0
A207938,33,33095,5.8,9297,36,18453,0.3724,0,3,other,south,0
A207939,25,95339,3.9,25406,12,7453,0.3056,0,2,debt_consolidation,north,0
A207940,60,77982,7.8,35187,48,4386,0.1409,0,1,other,east,0
A207941,51,54822,12.0,13070,12,3729,0.2724,0,0,home_improvement,north,0
A207942,21,72756,8.3,12049,24,4443,0.1133,0,3,medical,south,0
A207943,23,40604,7.2,12482,36,10235,0.2285,0,0,debt_consolidation,north,0
A207944,35,19249,1.1,10872,48,18699,0.6269,0,0,home_improvement,central,0
A207945,46,47149,5.8,12739,48,13414,0.2098,0,0,home_improvement,north,0
A207946,46,96424,8.0,10814,36,2327,0.0494,0,1,other,north,0
A207947,37,40069,3.0,2526,12,20088,0.3137,1,3,medical,north,0
A207948,45,30603,4.8,6070,24,2386,0.1382,0,2,car,south,0
A207949,39,76386,7.6,10975,24,29949,0.2679,1,3,home_improvement,north,0
A207950,30,26076,6.1,3599,12,5934,0.2518,0,1,medical,north,0
A207951,32,88805,10.9,15478,12,987,0.1798,0,0,home_improvement,south,0
A207952,37,27489,5.8,9195,24,2801,0.2182,0,1,car,north,0
A207953,51,59139,5.7,7253,48,3683,0.0618,1,4,debt_consolidation,south,1
A207954,27,37915,8.1,16907,60,1648,0.1109,0,1,debt_consolidation,central,0
A207955,42,66432,3.8,6126,60,3244,0.0429,1,0,debt_consolidation,central,0
A207956,31,66035,9.1,10167,12,3169,0.178,0,2,car,north,0
A207957,44,111631,2.0,5936,48,1611,0.0205,0,1,car,central,0
A207958,37,81292,3.0,14489,60,10290,0.0989,0,1,home_improvement,east,0
A207959,31,46861,1.9,6379,36,7084,0.121,0,5,other,south,0
A207960,21,27055,7.9,7826,60,8660,0.2179,0,0,home_improvement,east,1
A207961,34,25552,1.3,9560,24,4828,0.2815,0,0,car,north,0
A207962,48,66109,8.8,21849,24,19600,0.3135,1,1,debt_consolidation,east,0
A207963,56,21098,1.7,17481,12,8128,1.0212,3,0,other,central,1
A207964,31,39835,3.4,3813,60,8562,0.1266,0,1,medical,south,0
A207965,29,39173,4.4,14331,24,6028,0.2599,0,3,other,south,0
A207966,43,33450,5.4,6412,48,6381,0.1433,0,0,debt_consolidation,east,0
A207967,22,33326,6.3,7606,24,12834,0.3067,0,1,debt_consolidation,east,0
A207968,56,63329,4.4,5226,48,39907,0.3357,0,0,other,east,0
A207969,27,27419,6.0,5088,24,5748,0.1976,2,1,debt_consolidation,south,0
A207970,29,59105,2.0,25088,36,3937,0.1748,0,2,debt_consolidation,east,1
A207971,54,45524,3.2,9288,24,2492,0.1294,0,1,debt_consolidation,south,0
A207972,34,67785,1.9,6785,24,1611,0.0619,0,0,other,east,0
A207973,25,31483,0.7,19736,60,9888,0.2824,0,1,car,east,0
A207974,21,62432,1.5,3397,36,2310,0.0366,0,5,debt_consolidation,north,0
A207975,60,90636,4.1,1322,60,3286,0.021,0,1,other,east,0
A207976,33,21329,8.0,3138,12,2099,0.1963,1,1,other,south,0
A207977,64,59746,5.5,14835,12,28560,0.4873,0,0,education,north,0
A207978,32,45274,3.0,4364,24,1177,0.0612,0,1,car,north,0
A207979,41,57530,2.0,8361,24,1847,0.0887,0,4,home_improvement,east,0
A207980,32,44508,3.2,3422,36,2173,0.05,2,5,home_improvement,south,1
A207981,39,135955,2.1,15082,36,2971,0.0479,0,0,education,south,0
A207982,33,32238,10.8,12068,24,31078,0.6692,0,0,debt_consolidation,north,0
A207983,60,129406,7.0,4661,36,710,0.0147,0,0,debt_consolidation,south,0
A207984,41,50126,9.2,6267,48,702,0.0383,0,1,other,south,0
A207985,24,84069,8.0,7399,48,30695,0.2046,0,2,car,north,0
A207986,39,27360,5.1,9223,60,18056,0.3974,0,2,home_improvement,south,0
A207987,54,16594,1.4,10173,48,1217,0.1899,0,1,medical,east,0
A207988,40,88780,7.5,5837,12,2852,0.0818,0,0,home_improvement,east,0
A207989,40,76223,4.3,25358,12,5845,0.371,0,0,education,south,0
A207990,45,83735,3.7,9020,60,1480,0.0304,2,2,car,south,1
A207991,48,78654,3.5,10387,24,10065,0.13,0,0,car,east,0
A207992,47,120184,5.1,5209,12,27733,0.1587,0,0,car,north,0
A207993,33,41030,7.2,2437,60,7269,0.1005,1,2,debt_consolidation,north,0
A207994,28,28663,7.6,9918,48,2245,0.1257,0,0,home_improvement,east,0
A207995,33,54832,5.4,11945,48,1015,0.0637,0,0,home_improvement,south,1
A207996,35,73010,2.1,4938,12,2250,0.083,0,0,debt_consolidation,south,0
A207997,33,57243,2.2,10772,36,2291,0.0827,0,1,car,south,0
A207998,51,30089,3.1,9918,48,178708,1.2,0,1,car,north,0
A207999,42,17157,0.5,8172,36,3770,0.2686,0,1,debt_consolidation,north,0
