payment_id,booked_at,customer_id,direction,amount_usd,counterparty_name,counterparty_country,channel
P005684,2026-04-01T00:11:00,C0089,in,1050.83,Brannek Hanreyan,AU,card
P005106,2026-04-01T00:16:00,C0163,out,564.64,Nisnek Nevicul,SG,cash
P000902,2026-04-01T00:34:00,C0133,out,458.26,Umitas Orzekenko,DE,wire
P003314,2026-04-01T00:41:00,C0187,out,910.93,Venek Boskoyan,DE,card
P005239,2026-04-01T00:42:00,C0309,out,294.36,Katas Lundraenko,FR,wire
P002123,2026-04-01T01:13:00,C0167,in,171.26,Umimir Pravinov,JP,wire
P001504,2026-04-01T01:26:00,C0346,in,3478.94,Karen Enkoski,SG,card
P005006,2026-04-01T01:29:00,C0018,in,1432.97,Kadan Davrees,AU,wire
P009426,2026-04-01T01:36:00,C0005,out,3341.44,Mormir Hanreov,AU,wire
P010292,2026-04-01T01:54:00,C0304,out,1989.90,Grevlo Ivaskenko,MY,wire
P010976,2026-04-01T02:21:00,C0323,in,1798.44,Ostdan Hanreenko,FR,wire
P006567,2026-04-01T02:28:00,C0232,out,765.89,Branren Lundrayan,SG,cash
P010110,2026-04-01T02:40:00,C0078,in,5606.08,Velo Farelski,FR,card
P004726,2026-04-01T02:44:00,C0282,in,444.59,Nisriel Cernaski,JP,wire
P003961,2026-04-01T02:50:00,C0252,out,4040.96,Veren Marosar,DE,wire
P000782,2026-04-01T02:54:00,C0145,out,2201.84,Sevlo Aldreenko,SG,card
P006909,2026-04-01T03:01:00,C0177,out,1077.70,Grevdan Hanreov,MY,wire
P003645,2026-04-01T03:05:00,C0355,out,951.70,Zarvic Boskoyan,KR,wire
P009948,2026-04-01T03:15:00,C0386,in,215.02,Henmir Krevoes,KR,card
P010638,2026-04-01T04:04:00,C0133,in,5664.08,Brandan Pravinul,DE,wire
P006899,2026-04-01T04:09:00,C0208,in,388.14,Grevmir Farelar,GB,card
P006298,2026-04-01T04:11:00,C0013,in,3222.26,Sevlo Cernaitz,SG,wire
P009898,2026-04-01T04:36:00,C0125,out,3049.94,Vevic Lundraitz,FR,wire
P001423,2026-04-01T04:38:00,C0260,out,1259.56,Dorlo Enkoski,JP,wire
P011553,2026-04-01T05:05:00,C0211,out,1106.66,Grevriel Krevoenko,FR,wire
P009806,2026-04-01T05:07:00,C0217,in,914.75,Ilylo Enkoenko,DE,card
P011728,2026-04-01T05:08:00,C0022,in,14486.08,Grevriel Lundraitz,VN,wire
P009120,2026-04-01T05:35:00,C0166,in,736.39,Branren Nevicyan,GB,wire
P007176,2026-04-01T05:36:00,C0121,in,3334.52,Grevlo Farelitz,KR,wire
P006859,2026-04-01T05:43:00,C0005,out,1179.48,Ralmir Jorelenko,MY,wire
P002063,2026-04-01T06:00:00,C0102,out,1340.26,Dorren Marosenko,VN,wire
P011276,2026-04-01T06:05:00,C0299,in,2684.08,Kamir Enkoyan,FR,cash
P004690,2026-04-01T06:07:00,C0084,out,5924.67,Zarren Davreov,FR,wire
P007223,2026-04-01T06:15:00,C0333,out,2697.26,Ilylo Cernaar,VN,wire
P008676,2026-04-01T06:15:00,C0277,out,1002.16,Ilyvic Davreenko,GB,cash
P010628,2026-04-01T06:20:00,C0099,out,239.67,Branren Gostynyan,KR,wire
P004288,2026-04-01T06:25:00,C0323,in,631.27,Zardan Marosski,US,wire
P008744,2026-04-01T06:58:00,C0197,in,3087.15,Branvic Pravinyan,VN,card
P008162,2026-04-01T07:07:00,C0006,in,661.80,Zarlo Jorelar,FR,cash
P007070,2026-04-01T07:11:00,C0288,in,533.63,Nislo Davresenko,KR,card
P000924,2026-04-01T07:15:00,C0168,out,218.03,Grevnek Aldrees,DE,cash
P010476,2026-04-01T07:16:00,C0330,in,1618.76,Nisnek Boskoenko,AU,wire
P008239,2026-04-01T07:21:00,C0020,in,1010.97,Hentas Boskoul,FR,cash
P005142,2026-04-01T07:37:00,C0043,in,2481.07,Zartas Marosski,FR,cash
P000279,2026-04-01T07:38:00,C0308,in,2575.33,Uminek Cernaski,MY,card
P000413,2026-04-01T07:38:00,C0176,out,204.18,Nisvic Aldreul,FR,wire
P002737,2026-04-01T07:53:00,C0329,out,515.11,Mornek Davreenko,JP,card
P000886,2026-04-01T08:15:00,C0137,out,773.24,Karen Aldreul,DE,card
P007926,2026-04-01T08:22:00,C0123,in,3796.48,Nisren Davrear,GB,wire
P004540,2026-04-01T08:25:00,C0059,in,1612.93,Dormir Aldreyan,JP,wire
P007035,2026-04-01T08:36:00,C0031,out,2417.90,Sevriel Farelenko,KR,card
P011369,2026-04-01T08:37:00,C0097,out,3321.59,Morlo Davreov,JP,wire
P002375,2026-04-01T09:11:00,C0234,in,817.25,Henvic Fareles,US,wire
P006610,2026-04-01T09:12:00,C0099,in,641.82,Umitas Davreski,GB,card
P003885,2026-04-01T09:13:00,C0050,out,1571.65,Vetas Boskoyenko,SG,wire
P005958,2026-04-01T09:18:00,C0084,out,2636.95,Dorlo Enkoski,FR,wire
P005832,2026-04-01T09:27:00,C0124,out,1226.83,Grevlo Jorelar,DE,wire
P002808,2026-04-01T09:36:00,C0399,out,1273.66,Ostdan Gostynov,KR,card
P009428,2026-04-01T09:41:00,C0290,in,3105.55,Nismir Krevoar,AU,wire
P000626,2026-04-01T09:42:00,C0287,out,295.29,Ilymir Marosar,FR,wire
P000642,2026-04-01T09:43:00,C0305,out,2967.52,Branmir Ivaskul,DE,card
P008826,2026-04-01T09:51:00,C0021,in,1301.06,Sevlo Krevoes,DE,cash
P004819,2026-04-01T10:19:00,C0208,out,175.74,Ostnek Nevicenko,SG,wire
P002550,2026-04-01T10:48:00,C0263,out,4415.26,Ostvic Lundraenko,KR,wire
P008237,2026-04-01T10:58:00,C0208,in,225.20,Dortas Boskoov,FR,wire
P004587,2026-04-01T10:59:00,C0182,out,1326.86,Grevlo Boskoitz,AU,cash
P011597,2026-04-01T11:04:00,C0242,in,1125.06,Nisnek Gostynul,FR,wire
P005296,2026-04-01T11:23:00,C0349,in,658.91,Zarvic Orzekenko,KR,wire
P004816,2026-04-01T11:24:00,C0279,out,860.19,Sevmir Pravinov,VN,wire
P009812,2026-04-01T11:36:00,C0117,out,451.73,Feldan Lundraes,MY,card
P001211,2026-04-01T11:40:00,C0263,out,834.71,Grevlo Farelitz,US,card
P002437,2026-04-01T11:47:00,C0269,in,287.38,Vevic Orzekul,VN,wire
P004409,2026-04-01T11:47:00,C0383,out,874.60,Felren Gostynul,JP,wire
P003705,2026-04-01T11:51:00,C0035,out,4004.82,Dorvic Marosar,GB,card
P001602,2026-04-01T11:52:00,C0268,out,874.84,Zarlo Cernaar,DE,cash
P004787,2026-04-01T11:52:00,C0200,out,825.25,Zarriel Krevoul,JP,wire
P008871,2026-04-01T11:57:00,C0067,in,22530.47,Henvic Jorelitz,US,wire
P007016,2026-04-01T11:59:00,C0075,in,986.46,Uminek Aldreul,GB,wire
P010018,2026-04-01T12:03:00,C0397,out,1482.31,Zarriel Marositz,US,card
P000224,2026-04-01T12:13:00,C0069,in,1161.80,Osttas Nevicenko,JP,cash
P007088,2026-04-01T12:15:00,C0137,out,6093.42,Nisnek Nevicul,US,wire
P000486,2026-04-01T12:22:00,C0140,out,4054.52,Felmir Gostynyan,DE,wire
P001553,2026-04-01T12:36:00,C0389,out,313.79,Branren Davreul,XC,cash
P002804,2026-04-01T12:52:00,C0389,in,1245.81,Ilydan Cernaes,VN,wire
P006442,2026-04-01T12:59:00,C0271,in,2232.21,Nislo Gostynitz,XA,wire
P004773,2026-04-01T13:11:00,C0209,out,825.66,Raldan Nevicul,AU,wire
P011541,2026-04-01T13:14:00,C0192,in,1549.68,Zarnek Krevoitz,MY,wire
P004856,2026-04-01T13:15:00,C0297,in,1637.78,Mortas Davreenko,JP,cash
P011889,2026-04-01T13:16:00,C0231,out,2282.94,Zarvic Enkoar,AU,wire
P002537,2026-04-01T13:26:00,C0310,in,650.52,Veriel Lundraar,JP,card
P010497,2026-04-01T13:27:00,C0030,out,1077.21,Dornek Krevoov,US,wire
P000892,2026-04-01T13:32:00,C0021,out,1587.28,Branriel Jorelul,US,wire
P000010,2026-04-01T13:52:00,C0173,out,5229.17,Grevlo Orzekar,GB,wire
P000811,2026-04-01T13:52:00,C0321,out,360.78,Taldan Lundraes,MY,wire
P008969,2026-04-01T13:53:00,C0378,in,859.46,Felriel Lundraski,JP,wire
P012031,2026-04-01T14:00:00,C0200,in,9561.00,Felvic Farelov,US,cash
P002455,2026-04-01T14:44:00,C0351,in,2126.60,Grevmir Boskoenko,KR,wire
P010810,2026-04-01T15:03:00,C0084,in,2765.46,Grevdan Pravinul,SG,wire
P006657,2026-04-01T15:10:00,C0162,out,616.33,Ralnek Orzekul,US,cash
P003393,2026-04-01T15:22:00,C0081,out,839.73,Dorvic Enkoul,FR,wire
P002538,2026-04-01T15:31:00,C0301,in,1803.60,Uminek Hanrees,JP,wire
P002056,2026-04-01T15:46:00,C0166,in,2425.79,Morvic Farelyan,AU,card
P000350,2026-04-01T16:07:00,C0257,in,2035.45,Umivic Boskoov,FR,wire
P009837,2026-04-01T16:17:00,C0092,out,1443.45,Ostriel Aldreov,VN,wire
P003071,2026-04-01T16:20:00,C0249,out,960.96,Brandan Boskoski,MY,wire
P008876,2026-04-01T16:37:00,C0067,out,878.53,Ralmir Jorelenko,DE,wire
P011462,2026-04-01T16:37:00,C0211,out,453.90,Grevren Gostynes,MY,card
P006818,2026-04-01T16:49:00,C0356,out,292.46,Grevlo Gostynes,VN,wire
P005086,2026-04-01T17:03:00,C0150,out,539.02,Ostvic Aldreski,GB,cash
P003311,2026-04-01T17:30:00,C0193,out,656.31,Branvic Krevoski,SG,cash
P000905,2026-04-01T17:31:00,C0175,out,42.33,Sevnek Ivaskitz,GB,wire
P009165,2026-04-01T17:36:00,C0060,in,182.16,Zarnek Davrear,FR,card
P007561,2026-04-01T17:39:00,C0090,out,247.72,Zarmir Hanreyan,DE,wire
P011471,2026-04-01T17:56:00,C0169,out,1036.62,Talren Lundraar,US,wire
P005550,2026-04-01T17:57:00,C0142,out,648.46,Nislo Gostynitz,GB,wire
P003343,2026-04-01T18:22:00,C0260,in,7071.84,Zarvic Ivaskyan,VN,card
P009466,2026-04-01T18:22:00,C0051,out,119.06,Nisdan Farelar,DE,card
P006109,2026-04-01T18:28:00,C0350,in,717.34,Ilydan Ivasksenko,DE,wire
P003557,2026-04-01T18:50:00,C0085,in,1670.68,Zartas Farelyan,GB,wire
P000309,2026-04-01T19:13:00,C0019,out,4057.03,Umimir Lundrayan,SG,wire
P001648,2026-04-01T19:18:00,C0283,in,301.19,Zarlo Gostynyan,GB,wire
P002221,2026-04-01T19:26:00,C0348,out,4164.35,Sevnek Ivaskar,MY,cash
P007727,2026-04-01T19:26:00,C0238,in,1304.64,Henlo Krevoov,DE,wire
P001686,2026-04-01T19:29:00,C0220,out,1371.46,Nisdan Farelar,KR,wire
P001341,2026-04-01T19:44:00,C0063,out,1405.14,Dormir Farelski,JP,wire
P006691,2026-04-01T20:38:00,C0120,in,8271.35,Nislo Gostynitz,XC,card
P003437,2026-04-01T20:41:00,C0332,out,3144.66,Talren Boskoski,FR,wire
P004727,2026-04-01T20:44:00,C0333,out,215.43,Umiren Hanreski,GB,wire
P003685,2026-04-01T21:01:00,C0264,in,497.19,Ralriel Lundraov,JP,wire
P011554,2026-04-01T21:01:00,C0345,in,1560.41,Henvic Cernaov,AU,card
P008196,2026-04-01T21:19:00,C0059,in,571.73,Kavic Nevicul,JP,card
P008603,2026-04-01T21:30:00,C0212,in,2672.73,Vedan Jorelov,SG,cash
P000795,2026-04-01T21:43:00,C0157,in,1467.07,Ilydan Nevicenko,AU,card
P006685,2026-04-01T21:57:00,C0370,out,251.20,Mordan Jorelyan,AU,wire
P008442,2026-04-01T22:00:00,C0082,in,95.49,Sevriel Farelenko,GB,wire
P003021,2026-04-01T22:03:00,C0182,in,912.96,Umilo Hanrear,VN,card
P003096,2026-04-01T22:04:00,C0171,in,3435.46,Nisnek Krevoitz,VN,wire
P008466,2026-04-01T22:34:00,C0094,out,1596.59,Umivic Cernaov,AU,wire
P005468,2026-04-01T22:43:00,C0107,in,4854.80,Branmir Marosenko,DE,wire
P005720,2026-04-01T22:54:00,C0113,in,1551.58,Henren Krevoitz,JP,wire
P000160,2026-04-01T22:59:00,C0166,out,1470.00,Ilydan Ivasksenko,SG,wire
P001985,2026-04-01T22:59:00,C0168,out,987.81,Henren Krevoitz,FR,wire
P007182,2026-04-01T23:01:00,C0281,out,146.09,Nismir Krevoar,SG,wire
P002219,2026-04-01T23:03:00,C0317,in,1044.67,Felmir Nevicitz,JP,wire
P006896,2026-04-01T23:12:00,C0213,in,1906.36,Ilynek Krevoski,JP,wire
P001159,2026-04-01T23:19:00,C0054,in,1118.29,Brandan Pravinul,AU,card
P011818,2026-04-01T23:42:00,C0340,out,5709.68,Ilynek Cernaar,FR,wire
P003304,2026-04-02T00:12:00,C0388,out,98.19,Mormir Boskoes,XB,card
P001677,2026-04-02T00:27:00,C0238,out,2296.34,Mornek Ivaskyan,KR,wire
P009876,2026-04-02T00:28:00,C0392,in,3358.85,Dorlo Gostynar,US,wire
P005355,2026-04-02T00:47:00,C0008,in,265.24,Dorvic Gostynov,MY,card
P002764,2026-04-02T00:48:00,C0268,out,954.10,Ralnek Orzekul,VN,cash
P009113,2026-04-02T00:55:00,C0274,out,1176.48,Vedan Cernaski,MY,wire
P011177,2026-04-02T01:01:00,C0102,out,2292.29,Nislo Nevicov,XC,card
P009883,2026-04-02T01:02:00,C0126,in,2064.09,Vedan Hanreov,VN,wire
P008163,2026-04-02T01:12:00,C0210,out,6116.63,Umidan Hanreenko,US,wire
P008024,2026-04-02T01:19:00,C0120,out,1058.28,Umitas Orzekenko,AU,wire
P000404,2026-04-02T01:37:00,C0109,out,345.19,Zarriel Gostynar,US,wire
P002835,2026-04-02T01:47:00,C0126,out,4420.28,Vemir Jorelenko,AU,card
P010556,2026-04-02T01:59:00,C0146,out,213.45,Nismir Nevicenko,SG,cash
P001714,2026-04-02T02:39:00,C0320,in,1704.06,Morren Cernayan,MY,card
P000583,2026-04-02T02:52:00,C0237,out,2774.38,Ostvic Marosar,DE,wire
P007881,2026-04-02T02:53:00,C0219,out,689.60,Nisriel Pravinenko,US,wire
P003043,2026-04-02T02:59:00,C0250,out,628.12,Kavic Hanreenko,DE,card
P003179,2026-04-02T03:00:00,C0019,in,4029.94,Henriel Krevoitz,JP,wire
P008242,2026-04-02T03:28:00,C0032,out,1009.24,Raldan Marosyan,MY,wire
P007567,2026-04-02T03:34:00,C0105,in,601.50,Nisnek Krevoitz,FR,wire
P008549,2026-04-02T03:48:00,C0032,in,731.21,Grevlo Gostynes,AU,wire
P006882,2026-04-02T03:52:00,C0262,out,3463.64,Talmir Orzekes,DE,wire
P003754,2026-04-02T04:08:00,C0375,out,989.55,Zarnek Marosar,AU,card
P001185,2026-04-02T04:15:00,C0294,out,602.50,Grevmir Farelar,GB,wire
P010724,2026-04-02T04:24:00,C0380,in,666.51,Grevdan Lundraul,AU,wire
P011478,2026-04-02T04:37:00,C0092,out,682.70,Hendan Ivaskenko,FR,wire
P002473,2026-04-02T04:38:00,C0332,in,2097.85,Veriel Jorelenko,GB,cash
P009265,2026-04-02T04:43:00,C0002,out,1162.34,Zarvic Orzekenko,JP,wire
P003986,2026-04-02T04:44:00,C0182,out,1181.13,Grevriel Davreyan,MY,wire
P010297,2026-04-02T05:24:00,C0083,in,2030.19,Ostlo Jorelar,AU,wire
P002395,2026-04-02T05:31:00,C0364,out,1706.85,Henmir Hanreul,GB,wire
P009788,2026-04-02T05:32:00,C0052,out,1901.31,Kadan Lundraes,XA,wire
P002374,2026-04-02T05:34:00,C0214,out,401.68,Mortas Aldrear,GB,wire
P005034,2026-04-02T05:35:00,C0034,in,53.95,Ralriel Krevoitz,VN,wire
P010655,2026-04-02T05:42:00,C0189,in,2886.74,Umimir Nevicov,FR,wire
P010256,2026-04-02T05:49:00,C0039,out,271.54,Feldan Hanreov,JP,cash
P002887,2026-04-02T05:51:00,C0111,out,733.89,Henlo Krevoov,KR,wire
P001158,2026-04-02T05:59:00,C0334,in,520.33,Umimir Pravinyan,KR,card
P006446,2026-04-02T06:19:00,C0343,in,1544.84,Grevlo Boskoski,US,cash
P002972,2026-04-02T06:20:00,C0000,out,6179.96,Henlo Marosenko,SG,card
P004460,2026-04-02T06:20:00,C0096,in,5799.95,Umimir Pravinyan,FR,wire
P011280,2026-04-02T06:21:00,C0300,out,867.56,Henren Cernayan,US,wire
P011375,2026-04-02T06:31:00,C0192,out,3948.46,Brandan Ivaskski,VN,cash
P007363,2026-04-02T06:38:00,C0170,in,747.11,Henriel Orzekenko,AU,wire
P010382,2026-04-02T06:58:00,C0192,in,2411.83,Raltas Nevicitz,GB,card
P002960,2026-04-02T07:23:00,C0356,in,2714.83,Ralriel Gostynov,JP,wire
P009341,2026-04-02T07:25:00,C0056,out,6226.16,Mortas Davreenko,VN,wire
P002515,2026-04-02T08:02:00,C0223,in,1563.84,Kamir Davreitz,XB,wire
P010351,2026-04-02T08:21:00,C0341,in,2403.21,Dorvic Farelenko,SG,wire
P007616,2026-04-02T08:59:00,C0262,out,1384.89,Branmir Marosenko,JP,card
P002301,2026-04-02T09:11:00,C0031,in,626.56,Nisren Gostynes,AU,wire
P011070,2026-04-02T09:11:00,C0123,in,889.97,Grevdan Lundraul,VN,wire
P009509,2026-04-02T09:16:00,C0351,out,1473.14,Nisren Aldreski,FR,wire
P009956,2026-04-02T09:26:00,C0121,in,374.07,Grevdan Marosar,SG,wire
P006750,2026-04-02T09:28:00,C0178,out,192.47,Grevlo Farelitz,XA,wire
P003741,2026-04-02T09:36:00,C0006,out,337.92,Zartas Gostynar,DE,wire
P007230,2026-04-02T09:40:00,C0329,in,965.75,Katas Cernayan,US,wire
P005743,2026-04-02T09:51:00,C0233,out,318.62,Grevriel Lundraitz,SG,card
P003674,2026-04-02T09:52:00,C0324,out,6039.89,Umiriel Jorelul,VN,card
P007154,2026-04-02T10:00:00,C0387,out,1485.44,Felmir Nevicitz,SG,wire
P002904,2026-04-02T10:12:00,C0268,out,1434.46,Ilytas Davreenko,GB,card
P006991,2026-04-02T10:14:00,C0239,out,14381.27,Sevvic Pravinenko,VN,wire
P010815,2026-04-02T10:42:00,C0163,in,1394.59,Zarmir Orzekyan,DE,card
P004388,2026-04-02T10:49:00,C0131,out,554.73,Ralnek Hanreul,FR,card
P008058,2026-04-02T11:03:00,C0230,out,194.82,Mordan Enkoyan,AU,wire
P004927,2026-04-02T11:23:00,C0022,out,539.74,Katas Krevoar,MY,wire
P011906,2026-04-02T11:32:00,C0039,out,9516.63,Branriel Lundraenko,GB,wire
P008497,2026-04-02T11:34:00,C0131,in,331.09,Talvic Ivaskitz,JP,wire
P009514,2026-04-02T11:42:00,C0183,in,1340.79,Dorren Ivaskyan,US,wire
P011486,2026-04-02T12:17:00,C0367,in,370.52,Felren Ivaskov,US,card
P004125,2026-04-02T12:28:00,C0103,in,1170.48,Dorvic Enkoul,US,card
P002839,2026-04-02T12:34:00,C0090,out,4842.95,Grevlo Orzekski,US,card
P007983,2026-04-02T12:37:00,C0006,in,2976.52,Umidan Hanreenko,SG,cash
P003518,2026-04-02T13:11:00,C0159,out,991.08,Ostdan Gostynov,SG,wire
P007857,2026-04-02T13:25:00,C0329,in,301.70,Feldan Lundraes,FR,card
P001265,2026-04-02T13:39:00,C0304,out,242.56,Ostlo Aldrees,KR,cash
P008358,2026-04-02T13:49:00,C0227,in,533.61,Grevlo Orzekar,US,wire
P011444,2026-04-02T13:51:00,C0206,out,73.27,Talren Boskoski,US,wire
P007636,2026-04-02T14:28:00,C0311,out,647.74,Dortas Joreles,US,wire
P008180,2026-04-02T14:35:00,C0288,out,374.06,Henvic Jorelitz,GB,card
P005473,2026-04-02T14:51:00,C0240,in,4017.44,Mortas Lundrayan,MY,card
P007832,2026-04-02T14:52:00,C0220,out,1234.65,Talren Lundrayan,DE,card
P007510,2026-04-02T15:10:00,C0364,in,207.27,Ostdan Hanreenko,XB,wire
P008607,2026-04-02T15:19:00,C0152,out,638.57,Ilylo Enkoenko,GB,card
P009097,2026-04-02T15:19:00,C0257,out,488.74,Katas Pravines,MY,card
P000922,2026-04-02T15:28:00,C0359,out,1057.11,Kavic Boskoitz,GB,wire
P011076,2026-04-02T15:56:00,C0050,in,1489.78,Umiriel Jorelul,DE,wire
P002358,2026-04-02T16:14:00,C0164,out,3124.72,Branmir Ivaskul,MY,card
P002302,2026-04-02T16:31:00,C0357,in,12035.53,Zardan Gostynyan,JP,wire
P004070,2026-04-02T16:34:00,C0137,out,292.36,Kariel Krevoenko,SG,card
P007392,2026-04-02T16:39:00,C0206,in,4647.77,Umivic Boskoes,GB,wire
P008543,2026-04-02T16:46:00,C0160,in,844.30,Ostriel Boskoitz,JP,cash
P006321,2026-04-02T16:47:00,C0294,in,1135.40,Zarren Ivaskul,VN,wire
P009215,2026-04-02T17:02:00,C0085,out,2546.27,Hennek Enkoar,DE,wire
P010113,2026-04-02T17:04:00,C0151,out,176.93,Morlo Krevoenko,FR,card
P007715,2026-04-02T17:11:00,C0126,out,4829.53,Ralnek Lundraenko,XC,wire
P007717,2026-04-02T17:11:00,C0206,out,1194.40,Umivic Boskoes,AU,wire
P006192,2026-04-02T17:28:00,C0063,out,658.85,Uminek Hanrees,DE,wire
P001006,2026-04-02T17:39:00,C0043,out,642.49,Kamir Farelul,AU,wire
P007199,2026-04-02T17:42:00,C0149,out,3617.42,Zarlo Cernaar,GB,wire
P006822,2026-04-02T17:48:00,C0162,in,226.80,Grevdan Krevoski,MY,card
P002698,2026-04-02T18:04:00,C0368,out,8911.37,Osttas Farelul,US,cash
P002598,2026-04-02T18:07:00,C0385,out,548.85,Ostvic Marosar,FR,cash
P002169,2026-04-02T18:09:00,C0002,in,1128.98,Ralnek Jorelitz,FR,wire
P001451,2026-04-02T18:38:00,C0361,in,2631.73,Grevvic Gostynenko,GB,wire
P002093,2026-04-02T18:54:00,C0385,out,1449.72,Nisren Gostynes,GB,wire
P005541,2026-04-02T18:57:00,C0362,out,1053.16,Sevtas Enkoar,US,wire
P008729,2026-04-02T19:05:00,C0212,in,1537.53,Ostlo Boskoul,KR,wire
P005460,2026-04-02T19:09:00,C0083,in,911.98,Kavic Enkoov,DE,wire
P004874,2026-04-02T19:17:00,C0350,in,548.65,Felmir Nevicitz,MY,wire
P005357,2026-04-02T19:24:00,C0313,out,2802.38,Branriel Ivaskenko,VN,card
P000589,2026-04-02T19:25:00,C0286,in,501.39,Dordan Orzekitz,VN,wire
P003491,2026-04-02T19:25:00,C0255,out,1794.66,Katas Boskoar,JP,cash
P008340,2026-04-02T19:30:00,C0220,out,785.49,Sevmir Enkoienko,AU,wire
P006285,2026-04-02T19:48:00,C0247,out,988.64,Talren Boskoski,SG,wire
P006487,2026-04-02T19:52:00,C0281,in,1917.75,Nisren Marosov,JP,wire
P000628,2026-04-02T19:57:00,C0240,out,452.23,Rallo Lundraul,KR,wire
P006332,2026-04-02T19:58:00,C0363,out,1297.34,Ilynek Krevoski,KR,wire
P010383,2026-04-02T20:07:00,C0169,in,800.95,Sevdan Farelitz,FR,wire
P003469,2026-04-02T20:11:00,C0359,out,4163.87,Umiren Pravinul,KR,wire
P005032,2026-04-02T20:23:00,C0122,in,717.01,Ilymir Krevoenko,AU,card
P003730,2026-04-02T20:32:00,C0163,out,1194.56,Ralriel Krevoitz,FR,wire
P011840,2026-04-02T20:44:00,C0030,out,2677.43,Ostnek Nevicenko,US,cash
P002136,2026-04-02T20:50:00,C0110,out,62.97,Ralmir Jorelenko,VN,wire
P004384,2026-04-02T21:26:00,C0083,out,1868.42,Zarmir Krevoski,GB,wire
P011300,2026-04-02T21:28:00,C0353,out,5032.33,Katas Cernayan,XB,cash
P007588,2026-04-02T21:44:00,C0118,in,1161.27,Raldan Farelyan,SG,cash
P000120,2026-04-02T22:01:00,C0001,in,469.02,Sevlo Cernaitz,MY,wire
P002300,2026-04-02T22:08:00,C0367,out,251.07,Ralriel Aldreenko,FR,card
P007324,2026-04-02T22:17:00,C0274,in,573.16,Brannek Boskoov,FR,wire
P005113,2026-04-02T22:42:00,C0055,in,2586.11,Sevtas Boskoar,DE,card
P008662,2026-04-02T22:49:00,C0397,in,2147.44,Ostriel Davreski,DE,card
P011564,2026-04-02T22:54:00,C0290,out,363.27,Mormir Gostynenko,FR,wire
P007484,2026-04-02T22:58:00,C0066,in,10065.76,Ralmir Jorelenko,US,wire
P003962,2026-04-02T23:04:00,C0392,out,813.36,Fello Krevoov,MY,wire
P009870,2026-04-02T23:06:00,C0156,out,2808.26,Mordan Boskoski,DE,card
P004904,2026-04-02T23:21:00,C0079,in,2915.89,Morlo Jorelenko,JP,wire
P007734,2026-04-02T23:22:00,C0360,out,5173.92,Morriel Ivaskyan,US,wire
P000156,2026-04-02T23:34:00,C0204,out,731.39,Dornek Krevoov,MY,cash
P004763,2026-04-02T23:34:00,C0065,out,1261.43,Grevlo Orzekar,VN,wire
P009330,2026-04-02T23:35:00,C0233,in,1030.37,Brannek Hanreyan,JP,wire
P002561,2026-04-03T00:13:00,C0163,out,94.83,Kalo Cernaes,MY,cash
P007439,2026-04-03T00:17:00,C0242,out,1245.00,Zardan Gostynyan,AU,cash
P000595,2026-04-03T00:18:00,C0200,out,735.35,Nismir Krevoar,KR,wire
P007593,2026-04-03T00:25:00,C0342,in,825.64,Ralriel Aldreenko,US,wire
P004297,2026-04-03T01:01:00,C0201,out,2495.13,Nisriel Krevoitz,SG,wire
P002399,2026-04-03T01:12:00,C0008,out,3366.81,Kariel Enkoov,MY,card
P001091,2026-04-03T02:04:00,C0049,in,5215.01,Ostren Farelski,KR,card
P010224,2026-04-03T02:10:00,C0272,out,1295.90,Raltas Marosov,SG,wire
P007918,2026-04-03T02:22:00,C0324,in,4565.36,Ostvic Lundraenko,SG,wire
P002920,2026-04-03T02:44:00,C0055,out,4771.63,Henmir Hanreul,JP,wire
P007565,2026-04-03T02:48:00,C0300,out,271.61,Henren Hanreov,FR,card
P010786,2026-04-03T03:10:00,C0078,out,519.59,Zarnek Davrear,JP,wire
P001795,2026-04-03T03:14:00,C0204,out,1083.40,Branmir Orzekul,VN,wire
P008474,2026-04-03T03:18:00,C0159,in,229.32,Zarvic Enkoar,FR,card
P008421,2026-04-03T03:21:00,C0303,out,1432.38,Sevdan Hanreyan,KR,wire
P000847,2026-04-03T03:32:00,C0396,out,164.62,Nisnek Boskoitz,MY,cash
P003960,2026-04-03T03:36:00,C0349,in,683.34,Sevnek Orzekski,MY,card
P009623,2026-04-03T03:46:00,C0300,out,509.58,Osttas Farelul,SG,wire
P010087,2026-04-03T04:01:00,C0315,in,774.12,Felren Davreov,XB,wire
P009235,2026-04-03T04:03:00,C0169,in,2386.14,Grevnek Hanreenko,DE,wire
P006555,2026-04-03T04:15:00,C0041,out,110.94,Zarmir Krevoski,DE,card
P001744,2026-04-03T04:27:00,C0337,in,1463.66,Zardan Cernaes,JP,card
P010870,2026-04-03T04:34:00,C0144,out,516.25,Ilytas Enkoski,MY,card
P008494,2026-04-03T04:36:00,C0032,out,1100.59,Kariel Pravinul,DE,wire
P005308,2026-04-03T05:08:00,C0232,in,435.70,Rallo Krevoov,US,wire
P010228,2026-04-03T05:20:00,C0101,out,399.06,Umilo Orzekyan,XB,wire
P002236,2026-04-03T05:23:00,C0160,in,272.24,Henlo Joreles,GB,wire
P007036,2026-04-03T05:36:00,C0367,out,2212.48,Branlo Ivaskenko,MY,cash
P010477,2026-04-03T05:44:00,C0244,out,5109.33,Ralriel Gostynov,JP,card
P006949,2026-04-03T05:51:00,C0387,out,1321.17,Branren Davreenko,SG,card
P005485,2026-04-03T06:10:00,C0263,out,1647.82,Zardan Gostynyan,FR,card
P002388,2026-04-03T06:22:00,C0143,in,943.97,Zarnek Hanrear,JP,card
P008492,2026-04-03T06:36:00,C0340,in,12710.10,Veriel Lundraenko,US,wire
P001310,2026-04-03T06:44:00,C0275,out,176.53,Osttas Farelul,MY,wire
P009789,2026-04-03T06:44:00,C0002,in,4127.09,Sevren Jorelenko,FR,wire
P011288,2026-04-03T06:52:00,C0091,out,679.37,Brannek Krevoski,FR,wire
P009840,2026-04-03T07:04:00,C0008,out,989.71,Nislo Nevicov,DE,wire
P004168,2026-04-03T07:06:00,C0398,out,1599.32,Ostlo Jorelar,SG,wire
P009734,2026-04-03T07:22:00,C0149,in,626.59,Ostriel Nevicski,MY,wire
P007774,2026-04-03T07:25:00,C0051,out,772.86,Sevren Nevicyan,SG,wire
P001581,2026-04-03T07:30:00,C0265,out,1282.23,Kamir Lundraul,DE,cash
P011052,2026-04-03T07:30:00,C0102,in,2024.45,Morriel Aldreyan,AU,wire
P011503,2026-04-03T07:30:00,C0233,in,495.46,Zarlo Jorelar,VN,card
P002966,2026-04-03T07:53:00,C0228,out,1657.62,Kadan Aldreov,JP,card
P011887,2026-04-03T07:58:00,C0049,out,3713.37,Mornek Nevicenko,XC,wire
P006721,2026-04-03T08:05:00,C0122,out,401.17,Zarvic Ivaskyan,FR,wire
P011069,2026-04-03T08:08:00,C0273,in,906.07,Ostlo Krevoes,AU,card
P003309,2026-04-03T08:16:00,C0105,in,166.04,Raldan Nevicul,US,wire
P008590,2026-04-03T08:33:00,C0257,in,314.48,Ostnek Lundrayenko,KR,wire
P009016,2026-04-03T08:38:00,C0057,out,786.05,Sevriel Nevicar,FR,cash
P006469,2026-04-03T08:40:00,C0100,out,772.15,Nislo Davresenko,US,wire
P004666,2026-04-03T08:46:00,C0208,in,2234.69,Ostnek Pravinitz,US,wire
P000536,2026-04-03T08:57:00,C0345,out,341.27,Osttas Nevicenko,MY,wire
P000344,2026-04-03T09:07:00,C0309,in,175.18,Ilymir Orzeksenko,KR,cash
P006276,2026-04-03T09:11:00,C0360,out,419.13,Hentas Krevoov,US,cash
P009606,2026-04-03T09:16:00,C0284,out,808.29,Zardan Boskoar,US,card
P001895,2026-04-03T09:37:00,C0333,in,1631.03,Raltas Gostynes,JP,wire
P004962,2026-04-03T09:44:00,C0342,out,10496.51,Zarvic Enkoar,JP,wire
P006049,2026-04-03T09:52:00,C0387,out,166.56,Branriel Enkoul,FR,wire
P010216,2026-04-03T10:00:00,C0207,out,13663.16,Grevriel Davreyan,MY,wire
P009447,2026-04-03T10:01:00,C0075,out,607.03,Rallo Gostynitz,FR,wire
P007202,2026-04-03T10:26:00,C0134,out,403.14,Kadan Boskoul,AU,wire
P002893,2026-04-03T10:51:00,C0023,in,1772.47,Sevnek Orzekar,FR,wire
P000868,2026-04-03T11:00:00,C0052,out,999.87,Grevren Hanreov,US,wire
P008903,2026-04-03T11:47:00,C0171,in,4230.44,Zarmir Aldrees,JP,wire
P006746,2026-04-03T11:55:00,C0060,out,595.20,Brandan Pravinul,JP,wire
P011292,2026-04-03T12:09:00,C0349,out,5892.49,Nisren Marositz,KR,wire
P008976,2026-04-03T12:39:00,C0015,in,2764.17,Venek Hanreenko,GB,cash
P004597,2026-04-03T12:42:00,C0370,out,1565.50,Nismir Aldrear,VN,wire
P008465,2026-04-03T12:49:00,C0221,out,310.88,Mordan Jorelyan,VN,wire
P000869,2026-04-03T12:51:00,C0330,out,4626.36,Branren Davreenko,AU,cash
P002478,2026-04-03T12:51:00,C0397,in,1869.93,Nisren Jorelyan,US,wire
P004232,2026-04-03T12:51:00,C0110,in,707.90,Tallo Farelenko,JP,wire
P007945,2026-04-03T13:04:00,C0350,in,449.16,Grevvic Farelitz,KR,wire
P002314,2026-04-03T13:17:00,C0282,out,500.10,Grevvic Joreles,MY,wire
P004527,2026-04-03T13:56:00,C0173,out,3424.07,Vemir Jorelenko,US,wire
P004324,2026-04-03T14:04:00,C0247,in,1387.55,Feldan Boskoov,AU,wire
P001286,2026-04-03T14:19:00,C0167,out,4857.53,Kamir Hanreyan,JP,cash
P004250,2026-04-03T14:27:00,C0385,in,451.39,Talvic Farelul,US,wire
P010163,2026-04-03T14:40:00,C0338,in,1325.61,Dormir Ivaskar,MY,wire
P001155,2026-04-03T15:01:00,C0255,in,355.57,Ostvic Davrear,AU,card
P008457,2026-04-03T15:07:00,C0007,in,474.74,Nisdan Cernaenko,FR,wire
P008379,2026-04-03T15:16:00,C0085,out,1812.99,Ilylo Farelov,DE,wire
P005476,2026-04-03T15:32:00,C0028,in,1608.35,Dorvic Lundraov,SG,wire
P002288,2026-04-03T15:51:00,C0261,in,642.05,Grevdan Krevoski,AU,wire
P008094,2026-04-03T15:52:00,C0103,in,1609.97,Felvic Gostynyan,JP,card
P011393,2026-04-03T16:07:00,C0325,out,5985.48,Nisriel Pravinar,AU,cash
P000468,2026-04-03T16:11:00,C0218,in,3102.42,Branlo Farelar,MY,cash
P000522,2026-04-03T16:15:00,C0217,in,892.51,Ostren Farelenko,XA,wire
P001393,2026-04-03T16:19:00,C0233,in,3494.58,Sevren Farelul,FR,cash
P007754,2026-04-03T16:27:00,C0389,out,1236.12,Zarnek Hanrear,GB,wire
P010006,2026-04-03T16:29:00,C0228,out,742.73,Ilytas Davreov,US,wire
P005048,2026-04-03T16:30:00,C0158,out,220.25,Ostdan Farelski,AU,wire
P009758,2026-04-03T16:43:00,C0153,out,1624.32,Ralmir Orzekul,SG,wire
P003797,2026-04-03T16:48:00,C0169,in,564.16,Nisren Aldreski,SG,wire
P009171,2026-04-03T16:49:00,C0248,out,596.60,Katas Aldreitz,MY,wire
P001199,2026-04-03T16:54:00,C0186,in,676.03,Umitas Davreski,VN,wire
P008475,2026-04-03T17:15:00,C0091,out,714.51,Mormir Gostynenko,US,cash
P011970,2026-04-03T17:23:00,C0399,out,3492.59,Sevmir Ivaskyan,US,card
P001808,2026-04-03T17:28:00,C0377,in,3300.73,Zarren Davreov,DE,card
P011385,2026-04-03T17:34:00,C0319,in,23319.74,Feltas Aldreyan,MY,wire
P000785,2026-04-03T17:37:00,C0244,out,2092.23,Taldan Boskoenko,VN,wire
P010058,2026-04-03T17:37:00,C0325,in,2196.72,Kalo Boskosenko,FR,wire
P006812,2026-04-03T17:39:00,C0035,in,885.81,Dordan Cernaes,SG,wire
P006024,2026-04-03T17:45:00,C0189,in,668.04,Zardan Gostynyan,US,wire
P008652,2026-04-03T17:59:00,C0105,in,149.25,Vevic Boskoyan,DE,wire
P000823,2026-04-03T18:14:00,C0082,in,490.33,Brandan Ivaskski,SG,wire
P000549,2026-04-03T18:19:00,C0169,out,150.53,Zarmir Krevoski,KR,cash
P011723,2026-04-03T18:20:00,C0143,out,7975.84,Umivic Orzekski,VN,wire
P000646,2026-04-03T18:28:00,C0353,out,349.21,Nisnek Krevoitz,FR,wire
P007045,2026-04-03T18:38:00,C0393,out,247.39,Umilo Aldreul,GB,cash
P000996,2026-04-03T18:44:00,C0369,in,8453.17,Henren Boskoes,DE,cash
P002867,2026-04-03T18:54:00,C0382,in,1049.82,Mortas Gostynski,SG,wire
P006188,2026-04-03T19:25:00,C0202,in,559.15,Veren Marosar,FR,cash
P009519,2026-04-03T19:26:00,C0031,out,2220.32,Ostlo Pravinski,KR,wire
P011683,2026-04-03T19:27:00,C0296,in,430.43,Feldan Lundraes,JP,wire
P008547,2026-04-03T19:30:00,C0105,out,1253.90,Tallo Jorelar,VN,wire
P002024,2026-04-03T19:43:00,C0101,out,300.81,Veriel Jorelenko,GB,wire
P006495,2026-04-03T19:45:00,C0389,in,757.91,Katas Orzekov,VN,card
P009659,2026-04-03T19:51:00,C0316,in,1062.65,Nisdan Farelenko,SG,wire
P004618,2026-04-03T19:52:00,C0358,in,3631.50,Branren Nevicyan,SG,wire
P011463,2026-04-03T19:58:00,C0050,out,1598.20,Talnek Lundrayan,AU,wire
P005826,2026-04-03T20:04:00,C0133,out,3127.43,Ostmir Lundraski,JP,wire
P010013,2026-04-03T20:04:00,C0088,in,2029.18,Henriel Cernaes,MY,wire
P004542,2026-04-03T20:05:00,C0128,in,1287.23,Branren Davreyan,MY,wire
P000323,2026-04-03T20:06:00,C0228,in,279.42,Grevren Lundraul,MY,wire
P010759,2026-04-03T20:10:00,C0278,out,2062.71,Veren Lundraar,US,wire
P005621,2026-04-03T20:22:00,C0182,in,3961.70,Umitas Davreyan,FR,wire
P006219,2026-04-03T20:42:00,C0365,in,1815.81,Vedan Davreul,MY,wire
P010472,2026-04-03T20:55:00,C0195,in,4174.55,Henvic Cernaov,JP,wire
P006872,2026-04-03T20:59:00,C0197,in,904.77,Ralren Lundraes,MY,card
P011522,2026-04-03T21:08:00,C0067,in,1868.90,Grevtas Jorelitz,VN,wire
P004292,2026-04-03T21:14:00,C0046,in,672.62,Nisvic Aldreul,SG,wire
P001782,2026-04-03T21:22:00,C0023,out,2047.86,Talmir Krevoul,DE,card
P000106,2026-04-03T21:25:00,C0134,out,31.80,Hennek Lundraov,KR,wire
P002371,2026-04-03T21:28:00,C0099,in,1040.51,Zarlo Cernaar,US,wire
P010934,2026-04-03T21:36:00,C0364,out,1067.17,Ostnek Lundrayenko,MY,wire
P011512,2026-04-03T22:00:00,C0349,out,1821.39,Dornek Krevoov,AU,wire
P010807,2026-04-03T22:07:00,C0202,out,2776.76,Zarlo Fareles,VN,wire
P008625,2026-04-03T22:19:00,C0397,out,377.41,Morriel Aldreyan,XB,wire
P009246,2026-04-03T22:24:00,C0263,out,304.88,Branvic Krevoski,SG,wire
P003844,2026-04-03T22:29:00,C0007,out,1379.51,Uminek Cernaski,GB,wire
P011749,2026-04-03T22:45:00,C0374,out,538.69,Nisnek Cernaov,SG,wire
P009635,2026-04-03T22:55:00,C0249,in,768.96,Ostdan Krevoul,SG,wire
P000346,2026-04-03T23:06:00,C0336,in,1397.43,Grevmir Cernaov,US,wire
P010114,2026-04-03T23:20:00,C0044,out,823.24,Mortas Lundraenko,MY,wire
P000123,2026-04-03T23:32:00,C0064,in,513.03,Ostmir Boskoar,MY,card
P000391,2026-04-03T23:34:00,C0168,out,1338.09,Dorren Ivaskitz,DE,wire
P004071,2026-04-03T23:37:00,C0349,in,1422.76,Mordan Davreitz,JP,card
P008390,2026-04-03T23:52:00,C0135,out,2268.22,Kadan Lundraes,KR,wire
P000441,2026-04-04T00:21:00,C0375,in,1104.97,Zardan Boskoar,MY,wire
P007063,2026-04-04T00:30:00,C0107,in,1258.18,Veren Davreul,GB,wire
P007626,2026-04-04T00:53:00,C0172,out,528.77,Dortas Boskoov,GB,cash
P009347,2026-04-04T00:54:00,C0331,in,27200.49,Zarlo Cernaar,GB,cash
P007102,2026-04-04T00:59:00,C0279,out,972.79,Taldan Farelar,JP,wire
P010503,2026-04-04T01:14:00,C0199,in,1358.59,Vetas Farelenko,MY,wire
P010388,2026-04-04T01:21:00,C0035,out,1125.41,Dorlo Boskoski,XC,wire
P005302,2026-04-04T01:33:00,C0087,in,601.32,Vetas Gostynenko,JP,wire
P006809,2026-04-04T01:38:00,C0386,out,3694.55,Ilyren Boskoyan,AU,cash
P009975,2026-04-04T01:41:00,C0190,in,142.08,Vevic Boskoyan,AU,card
P008342,2026-04-04T02:01:00,C0078,out,338.36,Ostdan Marositz,GB,wire
P003342,2026-04-04T02:36:00,C0242,out,1037.17,Henmir Krevoyan,GB,wire
P003890,2026-04-04T02:37:00,C0301,out,1751.21,Ostriel Lundraul,SG,wire
P010592,2026-04-04T02:39:00,C0132,out,2766.51,Mortas Lundrayan,US,cash
P008000,2026-04-04T02:50:00,C0123,in,2395.24,Osttas Boskoyan,KR,wire
P004859,2026-04-04T03:00:00,C0271,in,355.83,Ostlo Jorelenko,JP,wire
P004827,2026-04-04T03:09:00,C0199,in,8817.93,Ilylo Gostynski,AU,cash
P008301,2026-04-04T03:33:00,C0176,out,528.99,Tallo Farelar,FR,wire
P004474,2026-04-04T03:54:00,C0234,out,422.91,Osttas Lundraar,KR,card
P007309,2026-04-04T04:17:00,C0113,in,1479.00,Nisnek Orzekar,VN,card
P001729,2026-04-04T04:20:00,C0234,in,3205.78,Brantas Boskoar,US,wire
P011095,2026-04-04T05:00:00,C0063,in,492.69,Zarren Davreov,AU,wire
P003877,2026-04-04T05:01:00,C0061,in,2115.68,Mormir Gostynenko,SG,wire
P009619,2026-04-04T05:09:00,C0080,in,1467.35,Hendan Hanreski,AU,wire
P009000,2026-04-04T05:18:00,C0251,out,2034.28,Dornek Nevicitz,AU,card
P005280,2026-04-04T05:46:00,C0100,out,372.10,Sevdan Ivaskitz,US,card
P002582,2026-04-04T05:47:00,C0229,out,1221.96,Dorlo Boskoitz,MY,wire
P002488,2026-04-04T06:12:00,C0102,in,327.89,Nisnek Boskoenko,SG,wire
P003136,2026-04-04T06:12:00,C0395,in,851.75,Umivic Cernaov,VN,wire
P011121,2026-04-04T06:25:00,C0365,in,388.48,Sevlo Cernaitz,DE,wire
P011213,2026-04-04T06:33:00,C0122,out,1493.07,Kamir Gostynov,US,cash
P002144,2026-04-04T06:36:00,C0279,in,1919.93,Veren Pravinyan,AU,cash
P008563,2026-04-04T06:39:00,C0038,in,886.95,Kavic Gostynyan,US,wire
P002926,2026-04-04T06:59:00,C0366,in,1423.10,Ilydan Aldrear,KR,wire
P001176,2026-04-04T07:15:00,C0084,in,2068.59,Umiriel Boskoes,DE,card
P002235,2026-04-04T07:17:00,C0363,in,1891.44,Ilynek Krevoski,AU,wire
P010118,2026-04-04T07:21:00,C0033,in,2366.60,Taltas Hanreov,US,card
P000103,2026-04-04T07:29:00,C0052,out,345.66,Zarlo Gostynenko,US,wire
P004400,2026-04-04T07:57:00,C0290,in,1838.70,Brandan Gostynitz,SG,wire
P010423,2026-04-04T08:13:00,C0127,out,2259.62,Grevren Enkoitz,GB,wire
P002328,2026-04-04T08:18:00,C0244,in,4583.40,Nisdan Davrees,SG,card
P007221,2026-04-04T08:23:00,C0149,out,286.31,Branlo Farelar,JP,card
P003356,2026-04-04T08:28:00,C0262,out,267.68,Mormir Boskoes,SG,wire
P001282,2026-04-04T08:48:00,C0117,in,11820.23,Nisren Jorelyan,JP,wire
P000833,2026-04-04T08:49:00,C0209,out,2832.50,Mordan Cernaul,US,card
P008066,2026-04-04T08:53:00,C0173,out,1304.44,Umiren Pravinul,KR,wire
P001862,2026-04-04T08:54:00,C0043,in,3290.84,Sevvic Jorelski,FR,cash
P000193,2026-04-04T09:09:00,C0216,out,3541.74,Zarlo Cernaar,GB,wire
P003547,2026-04-04T09:57:00,C0187,in,934.27,Sevlo Boskoov,DE,wire
P004464,2026-04-04T10:06:00,C0216,in,171.59,Henvic Cernaov,US,wire
P007046,2026-04-04T10:06:00,C0313,in,8418.53,Zarmir Hanreyan,GB,wire
P009088,2026-04-04T10:31:00,C0065,in,998.05,Zarren Davreov,US,card
P003416,2026-04-04T10:36:00,C0295,in,548.80,Sevtas Pravinski,KR,wire
P003445,2026-04-04T10:38:00,C0341,in,1970.07,Sevdan Gostynski,AU,wire
P000498,2026-04-04T11:52:00,C0169,in,4256.16,Umivic Boskoenko,GB,wire
P003170,2026-04-04T12:30:00,C0090,in,421.50,Talriel Ivaskski,GB,wire
P006281,2026-04-04T12:37:00,C0002,out,1067.65,Sevnek Orzekitz,JP,wire
P003575,2026-04-04T12:44:00,C0377,out,5632.15,Ralren Fareles,MY,wire
P009125,2026-04-04T12:56:00,C0328,out,421.63,Henvic Nevicitz,MY,wire
P004903,2026-04-04T13:03:00,C0084,in,1039.07,Sevmir Orzekitz,US,cash
P004353,2026-04-04T13:09:00,C0286,out,1724.59,Branmir Marosenko,KR,wire
P007162,2026-04-04T13:24:00,C0241,out,2013.21,Umiriel Boskoes,FR,card
P000243,2026-04-04T13:39:00,C0254,in,2017.09,Talmir Davrear,US,wire
P002031,2026-04-04T13:50:00,C0128,out,1339.33,Rallo Enkoar,JP,wire
P008245,2026-04-04T13:51:00,C0336,in,5712.41,Henmir Marosenko,AU,wire
P002533,2026-04-04T14:01:00,C0311,in,4104.68,Katas Farelul,JP,wire
P006532,2026-04-04T15:05:00,C0183,out,151.60,Morlo Krevoenko,VN,wire
P002128,2026-04-04T15:07:00,C0192,out,354.07,Grevdan Marosar,MY,wire
P001205,2026-04-04T15:22:00,C0176,out,1366.11,Sevtas Lundraitz,GB,card
P005905,2026-04-04T15:29:00,C0327,out,2013.88,Talmir Nevicsenko,GB,wire
P011813,2026-04-04T15:55:00,C0145,out,2871.41,Kariel Orzekski,FR,wire
P003171,2026-04-04T15:56:00,C0113,out,2301.39,Raltas Jorelyan,MY,wire
P001988,2026-04-04T16:05:00,C0189,out,4799.19,Nisdan Farelar,KR,wire
P011981,2026-04-04T16:08:00,C0129,in,257.94,Zardan Boskoar,AU,wire
P009100,2026-04-04T16:13:00,C0101,in,464.79,Umiriel Boskoes,JP,wire
P009099,2026-04-04T16:16:00,C0071,in,3071.04,Katas Lundraenko,AU,wire
P002655,2026-04-04T16:17:00,C0249,in,475.76,Nislo Nevicov,DE,wire
P004714,2026-04-04T16:23:00,C0279,in,86.94,Sevtas Lundraitz,GB,wire
P011165,2026-04-04T16:28:00,C0104,out,349.83,Kavic Hanreenko,MY,wire
P000453,2026-04-04T16:51:00,C0096,out,843.77,Ralnek Hanreenko,VN,wire
P003369,2026-04-04T17:17:00,C0181,in,6864.08,Zarmir Davreov,KR,card
P002155,2026-04-04T17:21:00,C0118,in,568.23,Velo Pravinenko,GB,wire
P003417,2026-04-04T17:26:00,C0076,out,485.34,Sevlo Orzekenko,MY,wire
P010950,2026-04-04T17:38:00,C0176,out,778.26,Grevriel Lundraitz,FR,cash
P011080,2026-04-04T17:49:00,C0074,in,1052.94,Veren Cernaenko,KR,wire
P005540,2026-04-04T18:09:00,C0081,out,5528.73,Dorvic Lundraov,GB,card
P000223,2026-04-04T18:10:00,C0361,out,424.97,Raltas Gostynitz,FR,wire
P006464,2026-04-04T18:28:00,C0363,out,786.44,Ilymir Orzeksenko,VN,wire
P000597,2026-04-04T18:35:00,C0012,out,191.80,Zardan Cernaes,FR,wire
P000063,2026-04-04T18:36:00,C0154,out,2533.51,Kanek Boskoyan,GB,card
P008040,2026-04-04T18:54:00,C0241,out,2545.46,Veren Farelul,XB,wire
P009964,2026-04-04T19:08:00,C0091,in,776.67,Ilymir Jorelar,US,wire
P007805,2026-04-04T19:42:00,C0235,out,43.94,Brannek Boskoov,MY,wire
P011645,2026-04-04T19:47:00,C0315,out,462.33,Raltas Joreles,US,card
P010298,2026-04-04T20:00:00,C0335,out,1253.41,Mornek Ivaskyan,FR,wire
P000780,2026-04-04T20:06:00,C0245,out,674.20,Velo Hanreul,DE,wire
P010538,2026-04-04T20:27:00,C0011,in,204.82,Nisvic Enkoitz,KR,card
P001556,2026-04-04T20:51:00,C0162,out,1246.42,Talmir Nevicsenko,FR,card
P000043,2026-04-04T21:02:00,C0263,out,762.48,Nislo Jorelyan,US,card
P002968,2026-04-04T21:23:00,C0394,out,420.33,Branvic Krevoski,JP,wire
P006576,2026-04-04T21:26:00,C0064,out,1602.31,Dordan Orzekitz,KR,wire
P007208,2026-04-04T21:30:00,C0230,out,2241.70,Talmir Orzekes,KR,card
P010596,2026-04-04T21:31:00,C0215,in,1292.84,Branren Nevices,DE,wire
P004141,2026-04-04T21:40:00,C0198,in,489.48,Felnek Enkoar,VN,cash
P008624,2026-04-04T21:52:00,C0358,out,1348.90,Ralnek Hanreenko,GB,wire
P010894,2026-04-04T22:06:00,C0191,out,851.05,Ilytas Davreenko,MY,wire
P009336,2026-04-04T22:09:00,C0071,out,1080.59,Hennek Jorelyan,AU,wire
P005558,2026-04-04T22:13:00,C0069,in,764.25,Ralnek Lundraul,DE,wire
P010639,2026-04-04T22:20:00,C0284,out,2032.52,Morvic Boskoul,GB,wire
P010218,2026-04-04T22:29:00,C0386,out,2438.48,Ostdan Farelski,JP,wire
P006489,2026-04-04T22:38:00,C0175,out,275.95,Branmir Hanrees,MY,wire
P007411,2026-04-04T22:52:00,C0312,out,1062.32,Kamir Gostynov,VN,wire
P004707,2026-04-04T23:21:00,C0068,out,665.34,Rallo Lundraul,SG,wire
P001312,2026-04-04T23:27:00,C0298,in,284.12,Dortas Joreles,JP,wire
P009224,2026-04-04T23:32:00,C0317,out,975.09,Zarvic Orzekenko,VN,card
P011790,2026-04-04T23:35:00,C0158,out,797.58,Nisnek Boskoitz,KR,wire
P003424,2026-04-04T23:47:00,C0197,in,347.29,Umitas Orzekar,JP,wire
P011763,2026-04-04T23:54:00,C0247,out,8300.68,Nisren Jorelyan,KR,wire
P001830,2026-04-05T00:14:00,C0073,out,1867.96,Veren Hanrear,DE,wire
P005187,2026-04-05T00:29:00,C0320,out,669.91,Hentas Hanreul,AU,card
P001669,2026-04-05T00:37:00,C0395,in,1201.77,Velo Joreles,FR,card
P005622,2026-04-05T00:49:00,C0177,out,451.68,Raldan Nevicul,GB,wire
P004291,2026-04-05T01:17:00,C0291,out,1287.33,Kamir Hanreyan,XA,wire
P010529,2026-04-05T01:29:00,C0298,out,895.60,Mornek Gostynski,AU,wire
P001994,2026-04-05T01:38:00,C0231,out,101.04,Hentas Davreitz,AU,wire
P001945,2026-04-05T01:40:00,C0277,in,2867.22,Hennek Davrees,JP,wire
P007558,2026-04-05T01:42:00,C0256,in,2438.35,Zarnek Jorelitz,GB,cash
P005500,2026-04-05T01:45:00,C0394,out,811.82,Nisriel Cernayan,DE,card
P007523,2026-04-05T01:52:00,C0329,out,477.92,Hennek Davreski,GB,wire
P006877,2026-04-05T01:57:00,C0143,out,1855.50,Sevriel Hanreul,DE,cash
P010283,2026-04-05T02:03:00,C0342,out,340.66,Ilylo Enkoenko,MY,wire
P011863,2026-04-05T02:36:00,C0392,in,428.78,Hendan Ivaskenko,AU,wire
P009923,2026-04-05T03:00:00,C0184,out,820.70,Venek Hanreenko,DE,wire
P008546,2026-04-05T03:14:00,C0161,out,2975.64,Grevnek Hanreenko,US,card
P011709,2026-04-05T03:18:00,C0377,out,395.10,Umiren Marosar,SG,wire
P006178,2026-04-05T03:26:00,C0197,in,5942.74,Umitas Orzekenko,JP,card
P005605,2026-04-05T03:39:00,C0118,out,1666.70,Felriel Hanreov,XA,cash
P004842,2026-04-05T03:41:00,C0327,in,218.42,Nisriel Gostynar,JP,wire
P008473,2026-04-05T03:49:00,C0386,in,4488.97,Brannek Krevoski,VN,wire
P000805,2026-04-05T03:57:00,C0345,out,5259.98,Zartas Marosski,MY,wire
P005652,2026-04-05T04:25:00,C0335,in,7319.98,Osttas Farelitz,DE,wire
P005927,2026-04-05T04:28:00,C0381,in,2378.59,Branren Davreenko,DE,wire
P005513,2026-04-05T04:29:00,C0004,out,586.96,Ralren Hanreyan,FR,card
P008820,2026-04-05T04:35:00,C0337,in,153.81,Umiren Lundraski,VN,wire
P004971,2026-04-05T04:51:00,C0041,out,562.04,Ostdan Pravinyan,FR,wire
P008430,2026-04-05T04:51:00,C0313,out,1646.91,Brantas Cernaar,US,wire
P004079,2026-04-05T05:06:00,C0027,out,215.12,Feltas Orzekski,GB,wire
P008233,2026-04-05T05:12:00,C0217,out,2657.75,Kavic Gostynyan,KR,wire
P006517,2026-04-05T05:20:00,C0088,out,403.05,Branriel Ivaskenko,VN,wire
P009231,2026-04-05T05:30:00,C0248,in,624.27,Dortas Lundraul,MY,wire
P010206,2026-04-05T06:12:00,C0090,in,373.12,Raltas Gostynes,US,cash
P010376,2026-04-05T06:17:00,C0147,in,964.06,Mortas Marosski,JP,wire
P011867,2026-04-05T06:17:00,C0013,out,3675.11,Felmir Ivaskenko,AU,wire
P009076,2026-04-05T06:24:00,C0224,in,11989.61,Vevic Orzekul,AU,wire
P011770,2026-04-05T06:52:00,C0293,in,15454.74,Branvic Pravinyan,KR,wire
P010565,2026-04-05T06:54:00,C0064,out,2057.97,Kadan Marosul,DE,wire
P001770,2026-04-05T06:59:00,C0367,in,1326.79,Morlo Davreov,MY,wire
P008938,2026-04-05T06:59:00,C0186,out,389.72,Sevren Jorelenko,VN,cash
P005315,2026-04-05T07:06:00,C0219,in,975.77,Grevren Lundraul,SG,wire
P009681,2026-04-05T07:06:00,C0012,in,624.98,Ralnek Hanreul,AU,wire
P002914,2026-04-05T07:15:00,C0339,out,532.50,Henren Krevoitz,GB,wire
P002626,2026-04-05T07:38:00,C0087,out,419.29,Tallo Jorelov,KR,wire
P011506,2026-04-05T07:43:00,C0359,out,3075.22,Zarvic Davreul,XC,card
P008834,2026-04-05T07:55:00,C0127,out,347.61,Mornek Ivaskyan,AU,card
P009186,2026-04-05T08:03:00,C0282,in,2348.18,Ilyren Davreitz,AU,wire
P001855,2026-04-05T08:21:00,C0031,out,2886.67,Raldan Nevicul,MY,card
P000591,2026-04-05T08:49:00,C0084,in,603.17,Ostlo Orzekar,DE,wire
P009891,2026-04-05T08:53:00,C0239,in,710.81,Branren Lundrayan,FR,card
P011799,2026-04-05T08:53:00,C0186,out,2092.69,Morlo Pravinenko,AU,card
P003228,2026-04-05T08:54:00,C0012,in,925.35,Uminek Aldreul,GB,wire
P007964,2026-04-05T08:59:00,C0206,in,6841.13,Ostvic Marosar,FR,wire
P008813,2026-04-05T09:11:00,C0287,in,4393.51,Henmir Hanreul,KR,card
P001236,2026-04-05T09:26:00,C0311,out,1814.02,Zarlo Nevicyan,JP,wire
P000836,2026-04-05T09:35:00,C0030,in,644.52,Dortas Boskoov,SG,cash
P005483,2026-04-05T09:35:00,C0200,out,4128.04,Ilynek Orzekitz,SG,card
P002552,2026-04-05T09:56:00,C0341,out,1548.51,Nisnek Krevoitz,GB,wire
P004173,2026-04-05T10:01:00,C0204,out,650.23,Dorvic Farelenko,VN,wire
P009663,2026-04-05T10:03:00,C0325,in,761.26,Sevdan Ivaskitz,SG,wire
P005341,2026-04-05T10:14:00,C0127,in,1113.87,Grevvic Hanreitz,SG,wire
P002326,2026-04-05T10:24:00,C0057,out,7136.73,Grevmir Cernaov,DE,wire
P004687,2026-04-05T10:24:00,C0388,out,1467.51,Nisren Orzekov,JP,wire
P008176,2026-04-05T10:44:00,C0340,out,120.94,Brantas Cernaar,DE,wire
P009498,2026-04-05T11:16:00,C0289,in,6401.59,Tallo Farelenko,US,card
P006209,2026-04-05T11:29:00,C0193,out,1043.16,Nismir Farelar,MY,card
P002927,2026-04-05T11:30:00,C0341,in,1376.83,Sevvic Jorelski,FR,wire
P005467,2026-04-05T11:47:00,C0178,in,9172.62,Nisren Marosov,KR,card
P006141,2026-04-05T12:00:00,C0355,out,828.11,Nisdan Ivaskyan,KR,card
P005997,2026-04-05T12:10:00,C0112,out,7312.19,Talmir Joreles,SG,wire
P011758,2026-04-05T12:21:00,C0387,out,106.31,Sevriel Farelul,KR,wire
P011905,2026-04-05T12:22:00,C0104,in,5323.94,Henmir Davreov,JP,wire
P000161,2026-04-05T12:37:00,C0198,out,631.88,Branriel Cernaov,KR,card
P010316,2026-04-05T12:38:00,C0146,out,1850.48,Zarmir Orzekar,AU,card
P008968,2026-04-05T12:42:00,C0223,out,4329.04,Sevnek Orzekitz,XB,wire
P007170,2026-04-05T13:33:00,C0346,out,568.23,Ilynek Cernaar,DE,wire
P010821,2026-04-05T13:42:00,C0386,out,278.64,Dorren Ivaskitz,US,wire
P006584,2026-04-05T13:43:00,C0063,in,242.30,Kadan Ivaskul,US,card
P008561,2026-04-05T13:47:00,C0267,out,1895.57,Zarren Fareles,DE,wire
P002648,2026-04-05T13:51:00,C0200,out,23930.82,Nisriel Gostynar,AU,wire
P005042,2026-04-05T13:51:00,C0130,in,814.88,Mormir Gostynenko,VN,cash
P012032,2026-04-05T14:00:00,C0200,in,9234.11,Hendan Nevicov,US,cash
P008082,2026-04-05T14:02:00,C0344,in,438.53,Ralnek Lundraul,AU,wire
P004577,2026-04-05T14:33:00,C0125,out,11846.89,Ralnek Lundraenko,GB,wire
P005542,2026-04-05T14:37:00,C0334,in,453.34,Hentas Hanreul,US,wire
P006577,2026-04-05T14:45:00,C0269,out,1837.74,Ostriel Boskoitz,XA,card
P011298,2026-04-05T14:54:00,C0190,in,334.10,Grevriel Krevoenko,JP,card
P002682,2026-04-05T14:55:00,C0270,in,809.93,Nisvic Aldreul,KR,wire
P006966,2026-04-05T14:58:00,C0287,out,1856.53,Velo Lundrayan,JP,card
P000872,2026-04-05T15:27:00,C0293,out,1327.22,Ostriel Orzekenko,GB,card
P005906,2026-04-05T15:32:00,C0112,in,337.66,Raldan Marosyan,US,card
P007361,2026-04-05T15:48:00,C0252,out,738.74,Umilo Marosyan,US,card
P002919,2026-04-05T16:15:00,C0046,out,761.78,Henvic Jorelitz,FR,wire
P004242,2026-04-05T16:27:00,C0227,in,1841.04,Grevdan Jorelar,JP,card
P008258,2026-04-05T16:31:00,C0268,in,769.49,Ilyren Davreitz,AU,card
P008851,2026-04-05T16:31:00,C0004,out,1637.67,Ostnek Boskoitz,MY,card
P000893,2026-04-05T16:55:00,C0318,in,480.46,Henmir Hanreyan,DE,card
P003811,2026-04-05T17:03:00,C0143,out,215.57,Velo Joreles,DE,wire
P009906,2026-04-05T17:04:00,C0225,out,232.33,Branlo Ivaskenko,GB,wire
P001303,2026-04-05T17:12:00,C0166,in,510.36,Ostmir Hanrees,VN,cash
P002509,2026-04-05T17:18:00,C0065,out,254.28,Katas Orzekov,JP,wire
P002250,2026-04-05T17:58:00,C0108,out,4552.96,Talren Lundrayan,VN,wire
P006450,2026-04-05T18:02:00,C0347,in,17511.29,Kariel Pravinul,GB,wire
P009614,2026-04-05T18:41:00,C0125,out,1566.48,Branren Davreyan,FR,wire
P007180,2026-04-05T18:47:00,C0133,out,5435.06,Ostdan Gostynov,AU,wire
P009467,2026-04-05T18:52:00,C0187,in,784.75,Ilyren Ivaskyenko,SG,cash
P004010,2026-04-05T19:12:00,C0086,in,298.87,Sevnek Nevicul,KR,wire
P005567,2026-04-05T19:15:00,C0275,in,463.42,Dortas Krevoul,GB,wire
P008594,2026-04-05T19:16:00,C0023,in,138.60,Kavic Hanreenko,XA,wire
P008069,2026-04-05T19:21:00,C0227,out,3175.11,Ostnek Boskoyan,DE,wire
P001384,2026-04-05T19:26:00,C0040,in,1391.22,Nismir Krevoar,SG,wire
P005952,2026-04-05T19:35:00,C0095,out,323.82,Umivic Boskoov,JP,wire
P006050,2026-04-05T19:46:00,C0304,out,866.67,Grevlo Orzekitz,KR,cash
P008188,2026-04-05T19:59:00,C0022,in,1513.96,Veriel Lundraitz,DE,wire
P008749,2026-04-05T20:14:00,C0021,in,669.54,Umiriel Davrear,GB,wire
P005418,2026-04-05T20:15:00,C0337,out,2220.83,Osttas Pravinitz,JP,wire
P005348,2026-04-05T20:35:00,C0178,in,772.52,Sevdan Pravinitz,FR,wire
P004090,2026-04-05T20:38:00,C0271,out,590.46,Felriel Jorelski,FR,wire
P004850,2026-04-05T20:52:00,C0292,out,903.72,Felmir Gostynyan,SG,wire
P002186,2026-04-05T21:03:00,C0165,in,627.02,Mortas Orzekyan,AU,wire
P006639,2026-04-05T21:45:00,C0145,out,196.32,Ostvic Davrear,SG,wire
P004942,2026-04-05T21:46:00,C0138,out,291.59,Osttas Pravinitz,SG,wire
P004923,2026-04-05T22:02:00,C0397,in,1275.10,Kalo Boskosenko,FR,wire
P007695,2026-04-05T22:10:00,C0112,in,411.60,Sevdan Gostynski,US,card
P002244,2026-04-05T22:42:00,C0364,out,1269.19,Brandan Pravinul,MY,cash
P006566,2026-04-05T22:43:00,C0108,in,833.18,Talren Krevoenko,JP,wire
P003310,2026-04-05T22:46:00,C0185,out,445.09,Ostren Lundraitz,US,wire
P009680,2026-04-05T22:46:00,C0013,out,1170.21,Mordan Jorelyan,VN,wire
P006279,2026-04-05T22:47:00,C0332,in,421.77,Zartas Farelyan,GB,card
P004163,2026-04-05T22:59:00,C0006,out,181.66,Dorriel Jorelenko,VN,wire
P008306,2026-04-05T23:00:00,C0131,in,636.15,Feldan Boskoov,VN,wire
P002112,2026-04-05T23:01:00,C0159,in,2016.53,Dordan Pravinov,SG,card
P011642,2026-04-05T23:15:00,C0345,in,1809.78,Grevvic Gostynenko,GB,wire
P004110,2026-04-05T23:22:00,C0339,in,488.89,Felvic Ivaskitz,VN,card
P006389,2026-04-05T23:32:00,C0397,in,5232.54,Kamir Gostynov,DE,wire
P007462,2026-04-05T23:48:00,C0079,in,1270.89,Morlo Pravinenko,KR,card
P010495,2026-04-05T23:48:00,C0300,in,1153.97,Rallo Gostynitz,GB,card
P006645,2026-04-05T23:59:00,C0102,out,199.77,Veren Pravinyan,VN,wire
P004702,2026-04-06T00:02:00,C0150,in,1664.61,Mornek Gostynski,US,wire
P010956,2026-04-06T00:06:00,C0283,out,483.21,Grevvic Davreski,MY,card
P007504,2026-04-06T00:40:00,C0341,in,580.06,Talren Krevoyan,KR,wire
P001324,2026-04-06T00:59:00,C0318,out,314.69,Sevlo Gostynov,SG,card
P008833,2026-04-06T01:29:00,C0376,in,437.90,Katas Boskoar,AU,wire
P001227,2026-04-06T01:44:00,C0066,in,1046.43,Ilymir Enkoar,XB,wire
P003778,2026-04-06T01:57:00,C0379,in,4604.48,Umitas Davreyan,FR,wire
P002269,2026-04-06T02:08:00,C0093,out,3766.30,Ralren Lundraes,VN,card
P001586,2026-04-06T02:11:00,C0308,out,590.35,Kavic Gostynski,VN,wire
P010345,2026-04-06T02:25:00,C0381,out,354.82,Umidan Pravinenko,XB,cash
P010697,2026-04-06T02:30:00,C0208,out,1168.39,Tallo Hanreenko,JP,card
P007249,2026-04-06T02:35:00,C0097,out,2669.51,Ilyvic Orzekul,FR,card
P007928,2026-04-06T02:54:00,C0359,out,3502.27,Ostriel Boskoenko,MY,card
P000503,2026-04-06T02:55:00,C0073,out,267.16,Grevdan Pravinul,KR,wire
P001505,2026-04-06T02:58:00,C0223,in,1078.32,Branren Gostynyan,KR,cash
P005201,2026-04-06T03:00:00,C0399,in,355.67,Nismir Ivaskenko,GB,wire
P005811,2026-04-06T03:01:00,C0271,in,3822.57,Ilylo Gostynski,JP,wire
P005873,2026-04-06T03:05:00,C0229,in,3048.37,Brannek Boskoov,SG,cash
P006458,2026-04-06T03:05:00,C0023,out,175.99,Taltas Hanrees,DE,cash
P010586,2026-04-06T03:06:00,C0104,in,223.07,Branriel Ivaskenko,US,cash
P005768,2026-04-06T03:24:00,C0342,in,1017.66,Sevdan Ivaskitz,GB,card
P000308,2026-04-06T03:25:00,C0385,in,5338.67,Zarriel Farelenko,KR,card
P006187,2026-04-06T03:26:00,C0145,in,2122.51,Sevnek Orzekitz,GB,wire
P005446,2026-04-06T03:30:00,C0371,out,232.03,Branriel Lundraenko,VN,card
P004317,2026-04-06T03:35:00,C0369,out,1603.96,Nisdan Cernaenko,MY,wire
P002298,2026-04-06T03:39:00,C0061,in,1028.92,Fello Cernaitz,GB,wire
P011667,2026-04-06T03:41:00,C0029,in,2351.65,Sevlo Aldreenko,JP,wire
P011814,2026-04-06T04:11:00,C0365,in,368.97,Grevlo Boskoski,GB,wire
P006835,2026-04-06T04:13:00,C0049,out,662.94,Grevdan Krevoski,DE,wire
P011914,2026-04-06T04:28:00,C0348,in,555.43,Grevlo Orzekitz,GB,wire
P001277,2026-04-06T04:29:00,C0077,out,3435.39,Ostnek Gostynov,VN,wire
P005665,2026-04-06T04:37:00,C0115,out,864.69,Nisnek Cernaov,FR,wire
P010540,2026-04-06T04:41:00,C0052,in,89.44,Ilytas Ivaskitz,FR,card
P008961,2026-04-06T04:51:00,C0050,out,940.27,Ostmir Aldrees,XC,wire
P010176,2026-04-06T04:58:00,C0134,in,521.46,Ilydan Davreul,FR,wire
P000239,2026-04-06T05:08:00,C0070,out,817.81,Ilytas Davreov,FR,wire
P008198,2026-04-06T05:17:00,C0270,in,2652.81,Feltas Aldrear,FR,wire
P007071,2026-04-06T05:25:00,C0337,in,746.46,Zarvic Davreul,US,wire
P005536,2026-04-06T05:29:00,C0351,out,874.55,Sevmir Orzekitz,US,wire
P007641,2026-04-06T05:48:00,C0144,out,1667.34,Ilytas Aldrear,US,cash
P011391,2026-04-06T05:54:00,C0209,out,11027.67,Mormir Gostynenko,VN,wire
P010122,2026-04-06T06:46:00,C0062,out,513.44,Ilylo Farelov,US,card
P006220,2026-04-06T06:55:00,C0206,in,572.50,Ilymir Jorelar,AU,card
P010490,2026-04-06T07:02:00,C0387,out,3158.26,Ostmir Jorelov,SG,wire
P010296,2026-04-06T07:16:00,C0125,in,587.55,Dortas Lundraul,VN,card
P001278,2026-04-06T07:22:00,C0324,in,526.72,Talvic Davrees,VN,wire
P007752,2026-04-06T07:26:00,C0077,out,755.94,Zarren Fareles,DE,wire
P004683,2026-04-06T07:53:00,C0024,in,2619.48,Sevriel Nevicar,MY,card
P000647,2026-04-06T08:17:00,C0299,out,65.11,Ilynek Fareles,DE,cash
P002263,2026-04-06T08:17:00,C0105,out,731.48,Henvic Jorelitz,KR,wire
P007980,2026-04-06T08:27:00,C0225,in,1191.90,Ostriel Lundraul,AU,card
P001150,2026-04-06T08:35:00,C0301,out,5634.05,Zarnek Krevoitz,MY,wire
P002296,2026-04-06T08:57:00,C0206,out,97.29,Kanek Boskoyan,AU,wire
P008047,2026-04-06T09:07:00,C0354,out,376.95,Henren Boskoyan,AU,wire
P007796,2026-04-06T09:15:00,C0296,in,5632.55,Veren Marosar,MY,card
P008536,2026-04-06T09:30:00,C0241,in,468.19,Talren Lundrayan,JP,wire
P002110,2026-04-06T09:35:00,C0324,out,4195.25,Talriel Farelar,JP,wire
P003484,2026-04-06T09:59:00,C0018,in,773.64,Mordan Davreitz,KR,card
P001203,2026-04-06T10:04:00,C0308,in,2665.48,Hennek Aldreenko,VN,card
P009260,2026-04-06T10:14:00,C0293,in,1576.17,Mordan Enkoes,SG,wire
P007862,2026-04-06T10:31:00,C0334,out,507.20,Raltas Lundraitz,JP,wire
P006097,2026-04-06T10:40:00,C0226,out,6041.94,Grevmir Cernayan,FR,card
P010250,2026-04-06T10:40:00,C0089,out,1953.62,Grevtas Jorelitz,GB,wire
P002234,2026-04-06T10:42:00,C0397,out,3079.82,Kadan Aldreov,MY,cash
P001017,2026-04-06T10:54:00,C0033,out,7954.21,Mortas Gostynski,JP,wire
P009512,2026-04-06T11:07:00,C0165,in,1978.14,Nismir Aldrear,MY,card
P002426,2026-04-06T11:19:00,C0180,out,2025.32,Sevdan Ivaskitz,SG,wire
P006063,2026-04-06T11:37:00,C0070,in,1371.17,Ostdan Ivaskov,AU,wire
P001053,2026-04-06T11:43:00,C0011,in,457.79,Ilytas Hanreski,GB,card
P006380,2026-04-06T12:02:00,C0120,out,728.95,Taltas Hanreov,MY,wire
P009101,2026-04-06T12:11:00,C0150,in,54.94,Ostnek Boskoyan,FR,card
P003181,2026-04-06T12:26:00,C0292,in,1318.83,Hennek Davreov,MY,wire
P009038,2026-04-06T12:32:00,C0258,in,707.21,Ilynek Fareles,GB,cash
P006397,2026-04-06T12:37:00,C0125,in,1037.27,Feltas Aldrear,GB,wire
P004033,2026-04-06T13:07:00,C0205,out,3707.21,Sevnek Orzekski,DE,wire
P007722,2026-04-06T13:20:00,C0381,out,4335.41,Felren Krevoar,MY,card
P002508,2026-04-06T13:25:00,C0253,in,1324.16,Ilylo Cernaar,JP,wire
P005591,2026-04-06T13:32:00,C0283,in,128.63,Grevlo Krevoar,VN,cash
P004991,2026-04-06T13:58:00,C0131,out,231.86,Ostriel Davreski,FR,wire
P008845,2026-04-06T14:11:00,C0393,out,1908.02,Kalo Pravinov,FR,cash
P000340,2026-04-06T14:16:00,C0261,out,2865.20,Katas Gostynenko,VN,wire
P001297,2026-04-06T14:20:00,C0053,in,2034.31,Vetas Hanreov,US,wire
P005771,2026-04-06T14:38:00,C0159,in,2202.16,Vetas Krevoov,DE,wire
P005794,2026-04-06T14:38:00,C0252,out,467.71,Vedan Cernaski,DE,wire
P007874,2026-04-06T14:43:00,C0180,in,2821.93,Ilymir Orzeksenko,MY,card
P001975,2026-04-06T15:00:00,C0118,in,370.54,Nislo Nevicov,GB,wire
P006884,2026-04-06T15:26:00,C0397,out,321.64,Umimir Ivaskul,MY,wire
P001644,2026-04-06T15:46:00,C0113,out,651.46,Veren Pravinyan,JP,card
P007664,2026-04-06T15:54:00,C0296,out,797.08,Sevren Orzekar,MY,card
P010124,2026-04-06T16:26:00,C0143,in,852.57,Henren Ivaskes,JP,wire
P005977,2026-04-06T16:38:00,C0000,out,1012.43,Ralriel Ivaskenko,AU,wire
P011297,2026-04-06T16:47:00,C0350,out,1108.62,Zarlo Davreenko,MY,wire
P001856,2026-04-06T16:54:00,C0370,in,498.41,Grevren Enkoitz,GB,wire
P000339,2026-04-06T17:24:00,C0207,in,4879.15,Grevlo Jorelar,MY,wire
P006606,2026-04-06T17:36:00,C0186,in,3482.83,Sevnek Cernaar,FR,cash
P004171,2026-04-06T17:42:00,C0111,in,16497.49,Ilymir Nevicov,AU,wire
P010000,2026-04-06T17:51:00,C0147,in,1229.48,Zarnek Hanrear,US,card
P005474,2026-04-06T17:52:00,C0058,out,225.28,Taltas Aldreov,JP,card
P002335,2026-04-06T18:02:00,C0351,out,410.46,Ilynek Cernaar,AU,wire
P006427,2026-04-06T18:14:00,C0307,out,130.70,Grevlo Orzekitz,JP,wire
P008693,2026-04-06T18:22:00,C0312,in,262.84,Sevnek Cernaar,FR,card
P010452,2026-04-06T18:26:00,C0326,out,6102.64,Ralriel Orzekyan,AU,wire
P005618,2026-04-06T18:36:00,C0273,in,2502.09,Kariel Nevicul,GB,card
P006806,2026-04-06T18:52:00,C0000,out,1716.05,Kadan Davrees,DE,cash
P004646,2026-04-06T19:06:00,C0236,in,1010.14,Ilylo Krevoul,KR,cash
P007634,2026-04-06T19:15:00,C0070,in,1108.33,Talnek Pravines,JP,wire
P008926,2026-04-06T19:57:00,C0288,in,1087.22,Talvic Davrees,DE,wire
P010057,2026-04-06T20:13:00,C0282,in,2570.47,Ostriel Nevicski,GB,wire
P002671,2026-04-06T20:23:00,C0341,out,468.53,Grevvic Marosov,FR,card
P005172,2026-04-06T20:36:00,C0150,out,144.57,Uminek Cernaski,SG,wire
P003695,2026-04-06T20:42:00,C0002,in,761.27,Ostlo Jorelenko,US,wire
P008889,2026-04-06T20:43:00,C0259,in,4281.16,Vedan Jorelov,VN,wire
P003223,2026-04-06T20:50:00,C0146,out,2041.62,Rallo Pravinenko,SG,wire
P009637,2026-04-06T20:54:00,C0253,out,254.97,Sevriel Nevicar,VN,cash
P003634,2026-04-06T21:54:00,C0097,in,246.19,Ralmir Jorelov,JP,wire
P003291,2026-04-06T22:02:00,C0129,in,426.02,Henmir Enkoski,JP,wire
P005158,2026-04-06T22:08:00,C0155,out,238.77,Feltas Ivaskenko,VN,wire
P001191,2026-04-06T22:22:00,C0028,in,1405.67,Talren Krevoyan,KR,wire
P009368,2026-04-06T22:25:00,C0362,in,1619.37,Henren Farelitz,GB,cash
P009818,2026-04-06T22:31:00,C0294,out,4798.70,Henmir Davreov,KR,card
P007273,2026-04-06T22:33:00,C0370,out,1461.05,Zardan Boskoar,DE,wire
P006797,2026-04-06T22:38:00,C0255,out,622.35,Mornek Gostynski,AU,wire
P008224,2026-04-06T22:50:00,C0361,out,525.98,Henren Hanreov,FR,wire
P000617,2026-04-06T23:02:00,C0184,in,1624.21,Nisnek Gostynul,AU,wire
P002939,2026-04-06T23:15:00,C0202,out,2406.11,Nisnek Krevoitz,SG,cash
P007817,2026-04-06T23:43:00,C0213,out,1885.46,Velo Joreles,VN,wire
P010142,2026-04-06T23:45:00,C0264,in,1107.63,Branlo Cernaenko,GB,card
P010877,2026-04-07T00:17:00,C0357,out,374.78,Dordan Orzekitz,DE,wire
P005289,2026-04-07T00:26:00,C0149,out,1607.83,Henlo Krevoov,KR,card
P000624,2026-04-07T00:30:00,C0201,out,256.17,Zarmir Aldrees,MY,card
P003167,2026-04-07T00:35:00,C0008,in,5164.39,Talren Enkoar,GB,wire
P010620,2026-04-07T00:44:00,C0003,in,631.14,Nisren Jorelyan,US,wire
P011890,2026-04-07T01:04:00,C0394,in,960.03,Branlo Farelar,MY,wire
P004671,2026-04-07T01:19:00,C0347,out,2833.68,Taltas Pravinul,MY,wire
P000228,2026-04-07T01:23:00,C0311,out,134.00,Feldan Cernaitz,US,wire
P009485,2026-04-07T01:26:00,C0302,out,10372.09,Ralriel Ivaskenko,KR,wire
P007049,2026-04-07T01:28:00,C0165,in,10507.44,Vetas Farelenko,US,wire
P004142,2026-04-07T01:31:00,C0227,out,574.73,Branmir Farelski,VN,wire
P001070,2026-04-07T01:58:00,C0235,out,3472.45,Katas Farelul,JP,wire
P006536,2026-04-07T02:03:00,C0196,in,970.59,Dorlo Enkoski,AU,wire
P009010,2026-04-07T02:03:00,C0204,out,2249.46,Venek Hanreenko,US,wire
P010263,2026-04-07T02:18:00,C0005,in,742.44,Ostlo Marosienko,SG,cash
P001796,2026-04-07T02:39:00,C0215,out,3533.03,Ostlo Pravinski,FR,wire
P010215,2026-04-07T02:43:00,C0175,out,2874.38,Umiriel Davreitz,US,wire
P007043,2026-04-07T02:52:00,C0065,in,2539.26,Dorriel Nevicitz,JP,cash
P008026,2026-04-07T02:56:00,C0352,out,632.27,Ostlo Jorelar,FR,wire
P000834,2026-04-07T03:03:00,C0058,in,486.21,Sevlo Cernaul,DE,wire
P007549,2026-04-07T03:15:00,C0391,in,1623.42,Feldan Lundraes,MY,wire
P011545,2026-04-07T03:22:00,C0050,out,1835.40,Umimir Ivaskul,US,cash
P004983,2026-04-07T03:51:00,C0104,in,368.03,Zarlo Davreenko,DE,wire
P003753,2026-04-07T03:52:00,C0034,in,378.66,Dormir Davreul,KR,wire
P000806,2026-04-07T04:01:00,C0348,in,1970.24,Branriel Ivaskenko,KR,wire
P008345,2026-04-07T04:04:00,C0375,out,2464.62,Kariel Orzekski,SG,wire
P000439,2026-04-07T04:11:00,C0134,in,3259.48,Felriel Jorelski,KR,card
P010523,2026-04-07T04:13:00,C0230,out,302.54,Umimir Nevicov,XB,wire
P011380,2026-04-07T04:18:00,C0122,in,9216.65,Ilydan Aldrear,GB,cash
P009932,2026-04-07T04:33:00,C0325,in,1534.36,Ostriel Orzekenko,SG,wire
P009410,2026-04-07T04:35:00,C0350,out,296.41,Dorvic Gostynov,VN,wire
P003622,2026-04-07T05:02:00,C0303,out,4141.61,Velo Hanreul,GB,wire
P010546,2026-04-07T05:17:00,C0342,in,1019.43,Ilydan Gostynski,JP,wire
P006762,2026-04-07T05:28:00,C0388,out,1179.08,Hennek Davreski,MY,card
P005712,2026-04-07T05:56:00,C0207,in,689.60,Vevic Hanreul,SG,card
P009386,2026-04-07T06:00:00,C0187,out,1365.89,Sevriel Hanreul,VN,wire
P009256,2026-04-07T06:10:00,C0114,in,908.49,Brantas Cernaar,MY,card
P003185,2026-04-07T06:36:00,C0098,in,25022.17,Zarlo Nevicyan,JP,wire
P008007,2026-04-07T06:39:00,C0072,in,127.16,Taldan Pravines,DE,card
P001536,2026-04-07T06:48:00,C0318,out,12854.50,Veriel Jorelenko,MY,wire
P006890,2026-04-07T07:00:00,C0099,in,496.20,Morriel Ivaskyan,SG,wire
P004085,2026-04-07T07:01:00,C0243,out,932.47,Branlo Boskoes,JP,wire
P003257,2026-04-07T07:10:00,C0392,out,4978.45,Mordan Cernaul,SG,wire
P011810,2026-04-07T07:12:00,C0397,out,2830.88,Vedan Marosar,GB,wire
P009361,2026-04-07T07:22:00,C0369,out,1562.21,Dorlo Maroses,US,wire
P005705,2026-04-07T07:29:00,C0045,out,480.17,Umilo Cernaski,AU,wire
P007347,2026-04-07T07:29:00,C0054,in,1233.69,Henmir Davrear,AU,wire
P005825,2026-04-07T07:46:00,C0274,out,1421.58,Ostlo Boskoul,DE,card
P004781,2026-04-07T08:05:00,C0336,in,259.53,Mormir Jorelyan,US,wire
P008246,2026-04-07T08:20:00,C0223,in,247.63,Zarnek Krevoyan,AU,wire
P011795,2026-04-07T08:52:00,C0070,in,309.23,Sevdan Ivaskitz,FR,cash
P006367,2026-04-07T09:05:00,C0116,in,187.43,Grevmir Farelenko,SG,wire
P008324,2026-04-07T09:05:00,C0147,out,1397.27,Ralmir Jorelov,MY,card
P005119,2026-04-07T09:07:00,C0282,out,4490.44,Dortas Krevoul,FR,card
P009277,2026-04-07T09:09:00,C0147,out,859.47,Grevdan Krevoar,FR,card
P003743,2026-04-07T09:15:00,C0379,out,455.77,Ralnek Lundraul,JP,wire
P005372,2026-04-07T09:37:00,C0156,in,1755.69,Rallo Lundraul,GB,wire
P004965,2026-04-07T09:43:00,C0292,in,7038.62,Osttas Nevicenko,SG,cash
P010134,2026-04-07T09:47:00,C0304,in,354.14,Katas Farelul,AU,card
P003044,2026-04-07T09:54:00,C0133,out,3636.02,Umidan Pravinenko,AU,wire
P000701,2026-04-07T10:00:00,C0340,in,760.49,Veriel Lundraenko,XB,cash
P010636,2026-04-07T10:05:00,C0379,in,1922.13,Nistas Orzekski,GB,wire
P002354,2026-04-07T10:37:00,C0382,out,1361.24,Ralren Lundraes,GB,wire
P009636,2026-04-07T10:39:00,C0169,in,1052.47,Nismir Hanreov,FR,wire
P006304,2026-04-07T10:43:00,C0148,out,1433.90,Henlo Davreul,US,wire
P005508,2026-04-07T10:46:00,C0311,in,440.67,Hendan Hanreski,JP,wire
P005135,2026-04-07T10:48:00,C0166,out,736.28,Grevvic Orzekul,JP,wire
P000426,2026-04-07T10:54:00,C0266,out,1105.41,Ilytas Davreov,US,wire
P007663,2026-04-07T10:54:00,C0117,in,685.93,Kamir Jorelitz,DE,card
P007204,2026-04-07T10:57:00,C0184,in,1633.86,Grevdan Aldrear,FR,wire
P003239,2026-04-07T11:08:00,C0054,out,1985.84,Umiriel Davreitz,DE,cash
P010186,2026-04-07T11:58:00,C0290,out,1572.82,Umiren Hanreul,AU,wire
P002922,2026-04-07T12:04:00,C0068,out,7761.74,Hendan Ivaskenko,FR,card
P011096,2026-04-07T12:17:00,C0294,out,414.60,Henlo Davreul,GB,wire
P011825,2026-04-07T12:46:00,C0129,out,4720.45,Nislo Gostynitz,DE,wire
P001601,2026-04-07T12:49:00,C0292,in,997.93,Kamir Hanreyan,JP,wire
P001924,2026-04-07T12:57:00,C0119,out,427.35,Feltas Aldrear,DE,wire
P007254,2026-04-07T13:02:00,C0240,out,1222.25,Dorriel Nevicitz,US,wire
P000722,2026-04-07T13:24:00,C0138,in,2113.19,Kariel Ivaskenko,JP,wire
P005346,2026-04-07T13:30:00,C0192,out,1000.35,Zarvic Enkoitz,JP,cash
P001274,2026-04-07T13:36:00,C0210,in,832.02,Talmir Lundraes,US,card
P009415,2026-04-07T14:05:00,C0366,out,1848.38,Kalo Pravinov,AU,wire
P006651,2026-04-07T14:27:00,C0390,out,417.15,Dorlo Boskoski,DE,card
P003839,2026-04-07T15:16:00,C0224,in,575.96,Feldan Hanreov,SG,card
P006183,2026-04-07T15:20:00,C0214,out,16287.39,Ostdan Farelski,JP,wire
P009794,2026-04-07T15:21:00,C0058,in,306.06,Zarvic Nevicov,VN,wire
P005049,2026-04-07T15:22:00,C0010,out,377.45,Nismir Aldrear,GB,wire
P008034,2026-04-07T15:27:00,C0391,in,356.45,Henvic Cernaov,GB,wire
P001561,2026-04-07T15:30:00,C0004,in,5159.90,Katas Cernayan,SG,card
P010995,2026-04-07T15:31:00,C0009,out,406.57,Zarvic Enkoitz,DE,wire
P005333,2026-04-07T15:38:00,C0369,in,2163.78,Henlo Ivaskski,GB,wire
P008671,2026-04-07T15:42:00,C0201,in,897.77,Sevmir Krevoitz,KR,cash
P000333,2026-04-07T15:52:00,C0178,in,409.28,Kariel Gostynul,DE,wire
P011134,2026-04-07T15:52:00,C0180,in,21492.61,Taltas Hanrees,MY,card
P003928,2026-04-07T15:59:00,C0062,in,445.83,Branriel Enkoul,FR,wire
P008748,2026-04-07T16:10:00,C0204,in,6030.44,Felren Ivaskov,FR,wire
P010485,2026-04-07T16:22:00,C0217,out,254.41,Hennek Aldreenko,GB,card
P005083,2026-04-07T16:24:00,C0395,in,468.51,Morlo Davreov,JP,wire
P000842,2026-04-07T16:29:00,C0280,out,295.48,Grevvic Marosov,AU,card
P010670,2026-04-07T16:39:00,C0165,out,490.63,Kadan Lundraes,VN,card
P005634,2026-04-07T16:51:00,C0109,in,336.26,Katas Orzekov,KR,wire
P001067,2026-04-07T16:54:00,C0032,in,2712.34,Kariel Enkoov,SG,card
P007009,2026-04-07T17:06:00,C0346,in,353.81,Hentas Hanreul,MY,card
P001406,2026-04-07T17:12:00,C0347,out,968.30,Dorvic Marosar,MY,wire
P007880,2026-04-07T17:12:00,C0008,in,2325.07,Raltas Gostynes,US,wire
P007998,2026-04-07T17:18:00,C0262,out,1104.63,Zarlo Davreenko,XB,wire
P011828,2026-04-07T17:28:00,C0018,out,1629.78,Grevdan Enkoes,US,wire
P002711,2026-04-07T17:39:00,C0333,out,2964.47,Mortas Lundraenko,JP,wire
P005329,2026-04-07T17:55:00,C0365,out,3990.66,Umimir Pravinul,FR,wire
P007436,2026-04-07T18:04:00,C0113,out,2880.06,Nisren Jorelyan,FR,wire
P011315,2026-04-07T18:24:00,C0002,in,375.96,Veren Boskoitz,AU,wire
P001138,2026-04-07T18:27:00,C0343,out,1511.60,Dortas Jorelyan,KR,wire
P005764,2026-04-07T18:30:00,C0060,in,2879.61,Kariel Nevicul,SG,card
P011896,2026-04-07T18:45:00,C0393,in,581.88,Kariel Ivaskenko,DE,wire
P010136,2026-04-07T18:49:00,C0370,in,630.58,Grevmir Ivaskul,GB,wire
P001544,2026-04-07T19:07:00,C0008,out,2115.01,Mornek Davreski,JP,wire
P000099,2026-04-07T19:10:00,C0311,in,4112.13,Dordan Lundraar,DE,card
P001974,2026-04-07T19:11:00,C0174,in,407.63,Ralriel Aldrees,AU,cash
P008055,2026-04-07T19:14:00,C0010,out,418.17,Dorlo Boskoitz,DE,card
P007726,2026-04-07T19:37:00,C0016,in,476.34,Kanek Krevoski,US,wire
P007535,2026-04-07T19:39:00,C0188,out,5108.92,Ilymir Nevicov,VN,wire
P007253,2026-04-07T19:40:00,C0017,out,322.57,Kamir Jorelitz,JP,card
P000769,2026-04-07T19:44:00,C0251,in,1525.00,Zarvic Ivaskyan,AU,card
P007901,2026-04-07T19:49:00,C0074,out,275.05,Talnek Lundrayan,KR,wire
P000639,2026-04-07T19:51:00,C0007,out,343.48,Ilydan Nevicenko,US,wire
P011774,2026-04-07T19:56:00,C0380,in,990.39,Zarlo Cernaar,JP,wire
P006683,2026-04-07T20:04:00,C0324,out,487.27,Kadan Davrees,US,wire
P005566,2026-04-07T20:24:00,C0043,out,520.14,Ilylo Krevoul,SG,wire
P001839,2026-04-07T20:54:00,C0337,in,705.85,Dorvic Farelenko,AU,cash
P003059,2026-04-07T21:32:00,C0159,in,7451.94,Zarlo Cernaar,AU,wire
P006208,2026-04-07T21:36:00,C0290,out,696.84,Mortas Gostynski,GB,wire
P010512,2026-04-07T21:44:00,C0274,out,825.17,Vedan Nevicyan,US,wire
P004451,2026-04-07T21:49:00,C0123,in,2248.72,Rallo Ivaskenko,JP,card
P011909,2026-04-07T21:58:00,C0358,out,2888.74,Sevnek Nevicul,FR,card
P001118,2026-04-07T22:02:00,C0398,in,896.61,Kariel Nevicitz,GB,wire
P007622,2026-04-07T22:02:00,C0184,out,891.95,Hennek Enkoar,DE,wire
P008644,2026-04-07T22:07:00,C0027,in,3126.64,Veriel Krevoitz,US,wire
P003082,2026-04-07T22:09:00,C0010,out,1473.37,Ostnek Gostynov,VN,card
P000387,2026-04-07T22:10:00,C0189,out,1163.97,Zarriel Farelenko,GB,wire
P005447,2026-04-07T22:21:00,C0027,out,8514.16,Karen Aldreul,AU,card
P002000,2026-04-07T22:30:00,C0291,out,1525.49,Dorlo Maroses,FR,cash
P004025,2026-04-07T22:34:00,C0015,in,4709.07,Ralmir Jorelenko,KR,wire
P011181,2026-04-07T22:46:00,C0345,in,1135.28,Nisriel Cernaski,FR,wire
P011757,2026-04-07T22:53:00,C0017,out,775.11,Umiriel Boskoes,SG,wire
P010195,2026-04-07T22:55:00,C0097,out,658.49,Umiren Hanreski,KR,card
P009068,2026-04-07T23:10:00,C0127,in,2124.93,Zardan Cernaes,JP,card
P001810,2026-04-07T23:23:00,C0076,in,112.22,Zarren Nevicenko,KR,wire
P006206,2026-04-07T23:25:00,C0279,in,324.11,Grevren Gostynes,FR,card
P011327,2026-04-07T23:37:00,C0172,in,1444.47,Raldan Marosyan,DE,wire
P005614,2026-04-07T23:53:00,C0155,out,1064.24,Hendan Aldreski,VN,wire
P006939,2026-04-08T00:21:00,C0095,in,707.20,Umilo Orzekyan,SG,wire
P004968,2026-04-08T00:30:00,C0366,out,634.34,Ralriel Orzekyan,US,wire
P000974,2026-04-08T00:38:00,C0244,in,1340.25,Dornek Hanreenko,DE,card
P011872,2026-04-08T00:43:00,C0167,out,2625.25,Tallo Ivaskitz,US,wire
P003578,2026-04-08T00:46:00,C0104,out,404.19,Vetas Gostynenko,KR,wire
P000845,2026-04-08T01:04:00,C0046,in,2925.82,Umimir Lundrayan,JP,wire
P004121,2026-04-08T01:12:00,C0298,in,490.39,Zarnek Ivaskov,MY,wire
P001202,2026-04-08T01:46:00,C0038,in,2233.26,Sevmir Pravinov,KR,wire
P010086,2026-04-08T02:13:00,C0297,out,1430.82,Sevlo Davreenko,US,wire
P011286,2026-04-08T02:13:00,C0072,out,602.58,Vetas Gostynenko,JP,card
P006244,2026-04-08T02:17:00,C0231,out,4805.71,Talmir Davreitz,JP,wire
P005677,2026-04-08T02:22:00,C0359,in,508.77,Sevdan Ivaskitz,XB,wire
P009150,2026-04-08T02:25:00,C0150,out,2662.30,Nisren Marositz,SG,card
P004536,2026-04-08T02:43:00,C0145,in,3816.10,Raldan Marosyan,GB,wire
P008791,2026-04-08T03:42:00,C0147,in,107.20,Mordan Gostynenko,VN,card
P009110,2026-04-08T03:49:00,C0077,out,1622.89,Morren Farelul,GB,wire
P007159,2026-04-08T04:03:00,C0141,out,1137.19,Zarlo Pravinyan,SG,wire
P000777,2026-04-08T04:07:00,C0312,out,3546.42,Dormir Davreul,VN,wire
P009731,2026-04-08T04:07:00,C0108,in,1536.86,Talriel Boskoski,JP,card
P005718,2026-04-08T04:24:00,C0269,in,2057.74,Mordan Davreitz,US,wire
P000455,2026-04-08T04:58:00,C0148,out,532.81,Ralnek Orzekul,US,wire
P009089,2026-04-08T05:00:00,C0214,out,1800.52,Umilo Orzekar,AU,card
P010240,2026-04-08T05:08:00,C0132,out,74.47,Dormir Ivaskar,KR,card
P007344,2026-04-08T05:09:00,C0111,in,3894.91,Felren Davreov,SG,wire
P000322,2026-04-08T05:15:00,C0062,out,663.70,Feldan Lundraes,FR,wire
P002415,2026-04-08T06:04:00,C0186,out,1519.17,Talren Krevoenko,XB,cash
P007425,2026-04-08T06:14:00,C0253,in,903.17,Ralriel Farelski,JP,card
P007623,2026-04-08T06:32:00,C0204,in,2148.57,Ilytas Ivaskitz,JP,card
P004391,2026-04-08T06:35:00,C0211,out,1112.99,Ilydan Gostynski,MY,wire
P009650,2026-04-08T07:02:00,C0364,out,3993.12,Sevdan Ivaskitz,SG,wire
P001465,2026-04-08T07:11:00,C0020,in,423.35,Ralnek Enkoyan,AU,wire
P000865,2026-04-08T07:23:00,C0242,in,254.94,Umivic Orzekski,VN,card
P001302,2026-04-08T07:25:00,C0152,in,1331.02,Umitas Orzekenko,VN,wire
P001651,2026-04-08T07:25:00,C0125,out,3947.05,Branlo Marosyan,VN,card
P006943,2026-04-08T07:29:00,C0189,in,2255.27,Hentas Gostynitz,XA,card
P004395,2026-04-08T07:40:00,C0159,out,746.67,Nisren Gostynes,SG,cash
P005364,2026-04-08T07:53:00,C0393,out,546.43,Rallo Ivaskenko,FR,card
P011394,2026-04-08T08:03:00,C0311,in,133.72,Ostdan Ivaskov,AU,cash
P003819,2026-04-08T08:06:00,C0004,in,1015.72,Zarvic Enkoes,GB,wire
P001901,2026-04-08T08:26:00,C0080,in,1518.83,Branlo Boskoyan,GB,wire
P005450,2026-04-08T08:27:00,C0331,out,449.99,Dorlo Boskoski,XA,card
P009571,2026-04-08T08:36:00,C0196,out,2394.07,Rallo Gostynitz,VN,wire
P005198,2026-04-08T08:44:00,C0194,out,2971.64,Ilydan Nevicenko,JP,wire
P001045,2026-04-08T08:45:00,C0302,in,12875.82,Raltas Orzekes,KR,wire
P009550,2026-04-08T08:45:00,C0212,in,1867.60,Rallo Krevoov,FR,card
P002617,2026-04-08T09:01:00,C0009,in,920.70,Ilytas Aldrear,AU,wire
P007834,2026-04-08T09:06:00,C0172,in,1836.95,Nisnek Nevicul,GB,wire
P011338,2026-04-08T09:25:00,C0268,in,4807.50,Zarriel Gostynar,FR,wire
P002916,2026-04-08T09:35:00,C0261,out,2362.41,Felren Ivaskes,SG,wire
P006153,2026-04-08T09:38:00,C0372,in,1928.53,Ralmir Orzekul,US,wire
P001377,2026-04-08T10:00:00,C0266,out,585.76,Grevdan Pravinul,MY,wire
P002999,2026-04-08T10:02:00,C0351,out,8711.80,Sevren Jorelyan,SG,wire
P002496,2026-04-08T10:07:00,C0008,out,1731.26,Branlo Cernaenko,JP,wire
P006684,2026-04-08T10:20:00,C0085,in,2889.73,Sevnek Orzekitz,DE,wire
P004309,2026-04-08T10:31:00,C0158,in,1776.58,Branvic Ivaskitz,US,wire
P007299,2026-04-08T10:37:00,C0351,out,632.46,Felren Orzekul,GB,wire
P004117,2026-04-08T10:47:00,C0124,in,821.10,Grevdan Krevoar,JP,card
P004982,2026-04-08T10:50:00,C0213,out,246.64,Kamir Orzekes,VN,wire
P010857,2026-04-08T11:24:00,C0055,out,2103.55,Kavic Enkoov,AU,card
P001105,2026-04-08T12:10:00,C0126,out,1040.06,Felmir Nevicitz,FR,wire
P009527,2026-04-08T12:29:00,C0357,in,8671.90,Feltas Aldreyan,VN,wire
P005767,2026-04-08T12:31:00,C0124,in,175.97,Ralriel Krevoitz,GB,wire
P009396,2026-04-08T12:38:00,C0138,in,336.55,Ostriel Davreski,JP,cash
P002425,2026-04-08T12:49:00,C0104,in,720.83,Umivic Boskoes,DE,wire
P000704,2026-04-08T12:50:00,C0214,out,701.09,Taldan Hanreski,MY,card
P001867,2026-04-08T12:58:00,C0028,in,743.90,Nisdan Cernaenko,AU,wire
P008354,2026-04-08T13:12:00,C0011,out,1306.44,Ilydan Ivasksenko,FR,wire
P006808,2026-04-08T13:15:00,C0207,out,124.58,Veriel Jorelenko,SG,wire
P007198,2026-04-08T13:16:00,C0393,out,2368.76,Ilydan Krevoes,MY,cash
P011488,2026-04-08T13:44:00,C0187,out,358.30,Ostdan Krevoul,US,wire
P005842,2026-04-08T13:45:00,C0129,in,251.69,Vedan Cernaski,GB,cash
P003866,2026-04-08T13:56:00,C0017,out,3746.98,Zarnek Ivaskov,KR,wire
P003842,2026-04-08T13:57:00,C0085,out,1157.81,Kadan Aldreov,FR,wire
P007536,2026-04-08T13:58:00,C0341,in,207.53,Henlo Ivaskski,SG,card
P007950,2026-04-08T13:58:00,C0288,out,2007.00,Ostlo Boskoul,AU,cash
P007997,2026-04-08T14:03:00,C0131,out,3823.34,Taldan Lundraes,VN,wire
P011716,2026-04-08T14:13:00,C0388,out,197.15,Velo Hanreski,JP,card
P003019,2026-04-08T14:29:00,C0276,in,545.14,Sevriel Joreles,GB,wire
P004599,2026-04-08T14:38:00,C0286,out,224.67,Raltas Gostynitz,VN,wire
P008751,2026-04-08T14:43:00,C0350,in,610.36,Ilydan Davreul,DE,wire
P006742,2026-04-08T14:48:00,C0381,in,7744.58,Felmir Nevicitz,MY,wire
P006791,2026-04-08T14:54:00,C0164,in,105.56,Grevvic Gostynenko,SG,wire
P003058,2026-04-08T15:17:00,C0356,out,4833.61,Sevtas Enkoar,GB,cash
P006589,2026-04-08T15:20:00,C0156,in,1201.33,Zarriel Krevoul,VN,wire
P003465,2026-04-08T15:33:00,C0084,in,10525.06,Ilytas Davreov,FR,wire
P004515,2026-04-08T15:40:00,C0016,out,1674.25,Ostren Lundraitz,VN,wire
P010246,2026-04-08T15:50:00,C0221,in,374.06,Ilyren Krevoov,JP,wire
P007913,2026-04-08T15:56:00,C0370,out,635.05,Grevdan Krevoar,GB,card
P002411,2026-04-08T15:58:00,C0144,out,1831.47,Fello Cernaitz,DE,wire
P003642,2026-04-08T16:03:00,C0281,out,2101.04,Branren Gostynyan,GB,card
P008888,2026-04-08T16:18:00,C0111,in,551.94,Nislo Krevoul,AU,wire
P000796,2026-04-08T16:40:00,C0131,in,3110.92,Ostmir Jorelov,FR,wire
P007132,2026-04-08T16:47:00,C0215,out,868.77,Umivic Boskoes,VN,wire
P009814,2026-04-08T16:51:00,C0253,out,2515.38,Sevmir Farelov,GB,card
P004628,2026-04-08T17:10:00,C0327,out,1077.09,Rallo Lundraul,AU,cash
P010814,2026-04-08T17:23:00,C0242,out,882.54,Mornek Jorelitz,AU,wire
P000457,2026-04-08T17:39:00,C0104,in,5228.94,Zarvic Davreul,MY,wire
P006671,2026-04-08T17:45:00,C0044,in,935.35,Dorlo Farelar,SG,wire
P010780,2026-04-08T18:08:00,C0293,in,616.10,Dorriel Nevicitz,VN,card
P011212,2026-04-08T18:08:00,C0129,in,256.97,Ostdan Hanreenko,JP,wire
P006333,2026-04-08T18:23:00,C0383,out,130.78,Velo Lundrayan,KR,wire
P006935,2026-04-08T18:41:00,C0385,out,253.67,Feldan Hanreov,VN,wire
P011701,2026-04-08T18:52:00,C0019,in,1104.03,Grevlo Boskoitz,VN,wire
P008081,2026-04-08T18:56:00,C0124,out,522.59,Taldan Marosov,MY,wire
P005063,2026-04-08T19:44:00,C0262,in,559.05,Hentas Gostynitz,JP,card
P005895,2026-04-08T19:44:00,C0255,in,455.81,Zartas Pravinenko,FR,wire
P000827,2026-04-08T19:51:00,C0364,out,4492.12,Henren Cernayan,AU,wire
P008498,2026-04-08T19:51:00,C0393,out,1067.32,Hennek Davreski,SG,wire
P009469,2026-04-08T20:06:00,C0318,in,13734.20,Katas Orzekov,JP,wire
P005929,2026-04-08T20:10:00,C0190,in,672.85,Branren Aldreitz,JP,card
P005731,2026-04-08T20:21:00,C0307,out,927.98,Raltas Joreles,SG,wire
P011278,2026-04-08T20:58:00,C0257,out,3365.11,Talnek Pravines,US,wire
P005769,2026-04-08T21:06:00,C0304,out,9740.58,Kadan Boskoul,AU,wire
P006704,2026-04-08T21:31:00,C0075,in,1039.99,Grevnek Aldrees,US,card
P008902,2026-04-08T21:32:00,C0094,out,605.50,Mordan Boskoski,VN,card
P006139,2026-04-08T21:52:00,C0348,out,450.18,Zarvic Enkoitz,GB,wire
P010545,2026-04-08T22:13:00,C0309,out,1996.87,Veren Marosar,GB,wire
P009210,2026-04-08T22:29:00,C0289,in,1537.73,Ostdan Fareles,GB,card
P001721,2026-04-08T22:33:00,C0229,out,3829.15,Umilo Cernaski,JP,card
P010769,2026-04-08T22:55:00,C0197,in,1354.39,Ilyren Marosyan,DE,wire
P007401,2026-04-08T23:13:00,C0027,out,216.74,Zarlo Nevicski,GB,wire
P005101,2026-04-08T23:35:00,C0179,out,1711.73,Taldan Hanreski,DE,wire
P008177,2026-04-09T00:36:00,C0029,out,2563.83,Ilyren Davreitz,AU,wire
P007008,2026-04-09T01:02:00,C0373,out,733.78,Mordan Cernaul,MY,cash
P004591,2026-04-09T01:07:00,C0349,in,869.98,Grevlo Krevoar,VN,wire
P008240,2026-04-09T01:10:00,C0205,out,1835.64,Kanek Davreenko,KR,wire
P001848,2026-04-09T01:21:00,C0323,in,382.36,Ralnek Jorelitz,MY,wire
P009658,2026-04-09T01:54:00,C0145,in,1119.47,Sevtas Aldreov,AU,card
P003473,2026-04-09T01:58:00,C0143,in,627.97,Dormir Davreul,KR,wire
P011143,2026-04-09T02:15:00,C0204,out,687.31,Ilyren Krevoov,JP,wire
P009394,2026-04-09T02:33:00,C0004,out,1001.26,Talren Lundraar,AU,card
P009206,2026-04-09T02:34:00,C0324,out,3273.16,Ralvic Jorelenko,US,card
P001434,2026-04-09T02:42:00,C0054,out,3864.50,Nistas Krevoar,MY,wire
P001299,2026-04-09T02:44:00,C0327,in,1945.84,Henvic Jorelitz,SG,wire
P009530,2026-04-09T03:08:00,C0299,out,309.06,Taldan Lundraes,AU,wire
P008677,2026-04-09T03:31:00,C0094,in,2009.18,Zarriel Farelyan,GB,card
P003458,2026-04-09T04:14:00,C0281,in,17387.03,Raldan Nevicul,GB,wire
P002863,2026-04-09T04:30:00,C0084,in,583.69,Branriel Cernaov,VN,wire
P002182,2026-04-09T04:31:00,C0240,out,1793.27,Henriel Jorelyan,SG,wire
P009992,2026-04-09T04:36:00,C0362,in,1173.22,Branren Nevicyan,JP,card
P011531,2026-04-09T04:45:00,C0283,in,578.48,Nisdan Aldreul,US,cash
P004208,2026-04-09T04:48:00,C0089,out,981.24,Kadan Ivaskul,US,card
P009247,2026-04-09T04:50:00,C0364,out,673.51,Sevmir Orzekitz,VN,wire
P000337,2026-04-09T05:23:00,C0301,in,383.76,Grevdan Marosar,KR,wire
P001518,2026-04-09T06:07:00,C0122,in,3118.56,Branlo Marosyan,KR,wire
P003558,2026-04-09T06:08:00,C0398,in,543.29,Nistas Pravinenko,GB,wire
P002320,2026-04-09T06:17:00,C0239,in,10625.99,Ilytas Enkoski,FR,wire
P005432,2026-04-09T06:26:00,C0276,in,193.84,Sevnek Davreienko,AU,card
P001783,2026-04-09T06:27:00,C0112,in,1292.28,Hendan Ivaskenko,SG,wire
P008446,2026-04-09T06:42:00,C0311,out,724.86,Ralren Pravines,FR,wire
P005765,2026-04-09T07:03:00,C0180,in,60.94,Hendan Ivaskenko,MY,card
P008688,2026-04-09T07:08:00,C0055,out,1139.75,Henmir Jorelul,SG,wire
P003672,2026-04-09T07:13:00,C0355,in,3377.44,Ostlo Pravinski,AU,wire
P010457,2026-04-09T07:31:00,C0213,in,1176.30,Talnek Marosyan,AU,wire
P006938,2026-04-09T08:02:00,C0162,in,796.89,Hentas Hanreul,MY,wire
P001881,2026-04-09T08:46:00,C0209,in,524.76,Grevvic Orzekul,VN,wire
P008294,2026-04-09T08:48:00,C0052,out,1368.63,Mortas Davreenko,US,wire
P002407,2026-04-09T08:59:00,C0333,out,1573.83,Vetas Hanreov,DE,card
P000242,2026-04-09T09:01:00,C0122,out,361.34,Ostriel Jorelul,VN,wire
P010207,2026-04-09T09:07:00,C0185,in,263.22,Ilylo Farelov,FR,wire
P005655,2026-04-09T09:30:00,C0110,out,1452.33,Zartas Jorelov,US,wire
P010709,2026-04-09T09:32:00,C0082,in,331.32,Brandan Ivaskski,US,card
P011748,2026-04-09T09:36:00,C0119,in,399.97,Ostriel Davreitz,GB,wire
P005861,2026-04-09T09:37:00,C0077,in,461.98,Morvic Boskoul,MY,card
P005912,2026-04-09T10:00:00,C0186,in,2494.08,Mormir Gostynenko,KR,card
P011666,2026-04-09T10:16:00,C0009,out,1715.19,Osttas Hanreov,GB,wire
P002068,2026-04-09T10:41:00,C0288,in,212.52,Branlo Krevoenko,GB,wire
P011423,2026-04-09T10:45:00,C0208,out,369.34,Umimir Pravinov,DE,wire
P002940,2026-04-09T10:53:00,C0224,out,85.61,Mornek Davreenko,FR,card
P003814,2026-04-09T10:59:00,C0162,in,208.18,Vevic Orzekul,US,cash
P009935,2026-04-09T11:17:00,C0032,out,3251.47,Kamir Cernaar,SG,wire
P011045,2026-04-09T11:17:00,C0329,in,158.17,Branvic Lundraar,XB,cash
P007167,2026-04-09T11:31:00,C0060,out,495.78,Talmir Orzekes,MY,card
P009884,2026-04-09T11:32:00,C0369,in,1124.92,Henvic Jorelitz,JP,wire
P008773,2026-04-09T11:37:00,C0249,in,1354.56,Ilylo Farelyan,FR,card
P006087,2026-04-09T11:48:00,C0175,out,800.60,Sevnek Davreienko,KR,wire
P010509,2026-04-09T11:49:00,C0235,in,1129.60,Brandan Boskoski,SG,wire
P003341,2026-04-09T12:10:00,C0340,in,4840.60,Ilylo Farelyan,DE,card
P005632,2026-04-09T12:12:00,C0160,out,465.92,Grevriel Davreyan,KR,wire
P005072,2026-04-09T12:36:00,C0058,in,701.96,Grevlo Boskoski,SG,card
P010856,2026-04-09T13:12:00,C0212,out,433.86,Ostriel Lundraul,US,wire
P001748,2026-04-09T13:25:00,C0148,out,1330.95,Vedan Pravinenko,MY,card
P005820,2026-04-09T13:29:00,C0128,out,703.46,Morlo Jorelenko,US,cash
P011704,2026-04-09T13:54:00,C0048,out,2563.96,Ilytas Hanreski,SG,wire
P005965,2026-04-09T14:24:00,C0220,out,4191.75,Nisnek Boskoitz,FR,card
P005237,2026-04-09T14:45:00,C0154,in,355.82,Feltas Orzekski,VN,wire
P008897,2026-04-09T14:45:00,C0082,in,2115.10,Branlo Cernaenko,MY,wire
P001103,2026-04-09T14:49:00,C0362,out,4135.71,Umimir Ivaskul,GB,cash
P006463,2026-04-09T15:14:00,C0257,in,1819.86,Hennek Davrees,SG,wire
P002229,2026-04-09T15:20:00,C0098,in,108.38,Ralriel Farelski,FR,wire
P003536,2026-04-09T15:23:00,C0202,in,616.40,Zarlo Pravinyan,DE,wire
P006012,2026-04-09T15:41:00,C0218,in,1050.30,Hendan Gostynov,XB,card
P003459,2026-04-09T15:43:00,C0219,out,4470.91,Ilynek Jorelitz,XB,wire
P009618,2026-04-09T15:44:00,C0156,in,951.71,Kamir Cernaar,FR,card
P005147,2026-04-09T15:49:00,C0384,in,18163.99,Talnek Pravines,GB,wire
P006267,2026-04-09T15:54:00,C0358,in,7421.87,Zarnek Krevoyan,GB,wire
P004739,2026-04-09T15:58:00,C0039,out,2047.91,Ilytas Ivaskitz,XC,wire
P002901,2026-04-09T16:05:00,C0296,in,684.38,Ralriel Hanreenko,JP,card
P007466,2026-04-09T16:14:00,C0056,out,533.09,Felmir Nevicitz,DE,wire
P010687,2026-04-09T16:16:00,C0007,in,289.23,Zarvic Orzekenko,AU,card
P009234,2026-04-09T16:17:00,C0392,in,5674.28,Nisvic Aldreul,GB,wire
P008352,2026-04-09T16:40:00,C0373,in,1691.13,Grevlo Orzekitz,KR,card
P005152,2026-04-09T16:44:00,C0122,out,1502.94,Umiriel Boskoes,DE,wire
P001182,2026-04-09T16:50:00,C0351,in,1978.01,Grevlo Orzekski,JP,cash
P003772,2026-04-09T17:03:00,C0225,in,13675.61,Grevmir Cernayan,DE,cash
P010448,2026-04-09T17:13:00,C0099,out,343.26,Grevvic Hanreitz,FR,card
P006158,2026-04-09T17:17:00,C0394,out,378.13,Morriel Cernaenko,US,card
P007955,2026-04-09T17:34:00,C0096,in,141.13,Vedan Davreul,DE,wire
P005233,2026-04-09T17:42:00,C0096,out,997.88,Brantas Boskoitz,US,card
P008085,2026-04-09T17:47:00,C0392,in,3033.14,Velo Ivaskar,MY,wire
P008670,2026-04-09T17:49:00,C0300,in,2667.60,Branlo Boskoes,JP,wire
P002138,2026-04-09T17:58:00,C0135,in,1569.40,Vetas Boskoyenko,US,wire
P009748,2026-04-09T18:00:00,C0172,in,833.15,Branriel Cernaov,GB,cash
P010560,2026-04-09T18:03:00,C0097,out,619.77,Ilyriel Boskoenko,FR,card
P006792,2026-04-09T18:06:00,C0113,in,1581.44,Grevdan Hanreov,SG,wire
P001991,2026-04-09T18:11:00,C0074,in,890.10,Kamir Davreitz,GB,wire
P010861,2026-04-09T18:11:00,C0003,in,1332.05,Nislo Krevoul,SG,wire
P002958,2026-04-09T18:16:00,C0075,in,4908.31,Branriel Jorelul,JP,wire
P008001,2026-04-09T18:20:00,C0369,out,3989.42,Branriel Ivaskenko,DE,wire
P009782,2026-04-09T18:20:00,C0325,out,265.92,Ilydan Gostynski,KR,wire
P001041,2026-04-09T18:35:00,C0344,out,281.54,Kariel Krevoenko,MY,wire
P010648,2026-04-09T18:43:00,C0096,in,978.91,Kanek Boskoyan,XC,wire
P002230,2026-04-09T18:52:00,C0012,out,1500.37,Morriel Ivaskenko,GB,wire
P009457,2026-04-09T18:58:00,C0323,in,812.03,Umiriel Davrear,US,wire
P009454,2026-04-09T19:00:00,C0141,in,8139.45,Kariel Nevicul,GB,wire
P004547,2026-04-09T19:02:00,C0374,out,343.19,Nisdan Cernaenko,US,wire
P000375,2026-04-09T19:27:00,C0326,in,2325.64,Vemir Boskoul,GB,wire
P007413,2026-04-09T19:45:00,C0197,in,1202.02,Mormir Boskoes,FR,wire
P004838,2026-04-09T19:55:00,C0230,out,758.76,Ilytas Ivaskitz,DE,wire
P001031,2026-04-09T19:57:00,C0077,in,3401.70,Talvic Lundraov,DE,card
P008602,2026-04-09T19:58:00,C0071,in,429.85,Veriel Lundraar,XA,wire
P009045,2026-04-09T20:16:00,C0256,out,2980.11,Ostvic Boskoski,GB,wire
P010350,2026-04-09T20:17:00,C0079,out,1309.23,Talnek Pravines,SG,wire
P008962,2026-04-09T20:21:00,C0271,out,684.15,Felnek Boskoov,XA,cash
P006793,2026-04-09T20:29:00,C0093,in,336.80,Mordan Davreitz,KR,cash
P008402,2026-04-09T20:31:00,C0352,in,302.24,Tallo Farelenko,DE,wire
P010842,2026-04-09T20:32:00,C0110,in,657.03,Ostlo Krevoes,VN,card
P001594,2026-04-09T20:42:00,C0143,out,2383.50,Mortas Davreenko,FR,wire
P000249,2026-04-09T20:43:00,C0058,in,509.13,Mordan Davreitz,SG,card
P008935,2026-04-09T20:48:00,C0091,out,1292.62,Sevmir Enkoienko,FR,wire
P010948,2026-04-09T20:55:00,C0151,out,1227.19,Zarriel Ivaskitz,SG,card
P001794,2026-04-09T21:12:00,C0268,out,3873.52,Ralriel Aldreenko,SG,cash
P005120,2026-04-09T21:19:00,C0051,in,175.30,Talmir Krevoul,XC,wire
P011005,2026-04-09T21:19:00,C0062,in,1029.26,Fello Boskoitz,DE,card
P001358,2026-04-09T21:24:00,C0170,out,2496.70,Zarlo Nevicski,AU,wire
P007709,2026-04-09T21:42:00,C0120,out,5120.23,Umilo Orzekyan,VN,wire
P011747,2026-04-09T21:54:00,C0301,out,1202.39,Branvic Krevoski,VN,card
P011328,2026-04-09T22:00:00,C0086,in,1806.79,Veren Marosar,SG,card
P005529,2026-04-09T22:01:00,C0089,in,560.54,Sevriel Hanreul,JP,card
P002232,2026-04-09T22:02:00,C0225,out,2459.75,Felriel Lundraski,GB,wire
P007812,2026-04-09T22:03:00,C0337,out,462.66,Henvic Fareles,VN,wire
P006422,2026-04-09T22:16:00,C0198,in,3096.56,Ilyren Ivaskyenko,KR,card
P008637,2026-04-09T22:34:00,C0047,in,1062.51,Ilydan Ivasksenko,JP,wire
P008996,2026-04-09T22:51:00,C0044,out,4262.68,Ralnek Orzekul,JP,wire
P007001,2026-04-09T22:53:00,C0221,out,3167.87,Sevlo Aldrees,GB,wire
P002190,2026-04-09T23:08:00,C0309,in,525.30,Zarvic Marosyan,XC,card
P004205,2026-04-09T23:14:00,C0025,in,670.58,Morren Cernayan,DE,wire
P003716,2026-04-09T23:19:00,C0131,in,554.23,Branvic Boskoitz,AU,card
P004296,2026-04-09T23:27:00,C0107,out,1871.43,Sevriel Farelenko,DE,card
P002574,2026-04-09T23:48:00,C0232,out,237.46,Branmir Marosenko,XB,wire
P008545,2026-04-10T00:14:00,C0076,out,108.70,Nisnek Orzekar,DE,wire
P007148,2026-04-10T00:19:00,C0330,out,460.30,Kalo Pravinov,KR,card
P010451,2026-04-10T00:33:00,C0089,out,526.95,Ostdan Farelski,DE,wire
P002176,2026-04-10T01:12:00,C0371,out,3811.45,Sevmir Orzekitz,SG,wire
P001998,2026-04-10T01:38:00,C0329,in,1605.71,Ilymir Enkoar,FR,wire
P010420,2026-04-10T01:41:00,C0117,in,1863.58,Zartas Ivaskul,VN,cash
P009518,2026-04-10T01:49:00,C0075,in,269.71,Zartas Gostynar,MY,wire
P008660,2026-04-10T01:54:00,C0376,in,615.95,Vetas Boskoyenko,DE,card
P004113,2026-04-10T02:08:00,C0304,out,1872.49,Zarnek Hanrear,AU,cash
P000016,2026-04-10T02:35:00,C0234,in,1678.67,Umivic Boskoov,AU,wire
P011155,2026-04-10T02:49:00,C0044,in,591.06,Kavic Enkoov,MY,wire
P002047,2026-04-10T02:57:00,C0101,in,628.65,Henvic Ivaskski,US,wire
P003948,2026-04-10T03:11:00,C0083,in,550.07,Hendan Boskoul,FR,cash
P009699,2026-04-10T03:35:00,C0060,in,864.69,Vemir Jorelenko,XA,wire
P010121,2026-04-10T03:38:00,C0297,in,1769.15,Rallo Gostynitz,SG,wire
P011899,2026-04-10T04:22:00,C0196,out,1186.48,Grevlo Boskoitz,DE,card
P008222,2026-04-10T04:43:00,C0166,out,787.35,Uminek Lundraitz,VN,cash
P010148,2026-04-10T04:45:00,C0365,in,631.05,Sevriel Farelul,AU,wire
P003267,2026-04-10T04:46:00,C0083,out,274.65,Umiriel Davrear,FR,wire
P007688,2026-04-10T05:12:00,C0125,out,329.90,Zarlo Davreenko,KR,wire
P011988,2026-04-10T05:38:00,C0117,in,2219.35,Umilo Gostynienko,JP,wire
P006653,2026-04-10T05:45:00,C0065,in,981.70,Hennek Gostynitz,DE,wire
P006356,2026-04-10T06:03:00,C0227,in,1534.59,Kanek Davreenko,VN,card
P008287,2026-04-10T06:11:00,C0233,in,361.98,Zarvic Enkoes,SG,wire
P009440,2026-04-10T06:17:00,C0148,out,1315.32,Dorlo Gostynar,VN,wire
P002695,2026-04-10T06:34:00,C0231,in,7753.10,Rallo Gostynitz,KR,wire
P010326,2026-04-10T06:59:00,C0306,out,2963.86,Talren Boskoski,FR,wire
P006227,2026-04-10T07:16:00,C0254,in,4290.03,Felren Davreyan,FR,wire
P008986,2026-04-10T07:22:00,C0195,out,1615.56,Sevdan Lundraenko,VN,card
P003968,2026-04-10T07:36:00,C0135,out,377.54,Ostren Farelski,AU,card
P001454,2026-04-10T07:37:00,C0052,out,665.35,Umilo Davreitz,SG,wire
P009337,2026-04-10T07:52:00,C0255,out,1834.44,Uminek Lundraitz,KR,wire
P010284,2026-04-10T08:00:00,C0370,out,870.94,Veren Farelitz,SG,wire
P009212,2026-04-10T08:12:00,C0219,in,378.93,Henren Ivaskski,AU,card
P010462,2026-04-10T08:28:00,C0226,out,1948.07,Umiren Davreov,JP,wire
P000117,2026-04-10T08:40:00,C0047,out,1318.02,Brandan Pravinul,AU,wire
P009707,2026-04-10T08:44:00,C0012,out,544.09,Sevdan Ivaskitz,KR,card
P008527,2026-04-10T08:53:00,C0259,in,6347.88,Zartas Ivaskul,XA,wire
P005737,2026-04-10T09:09:00,C0128,in,1947.22,Vemir Jorelenko,MY,card
P010634,2026-04-10T09:30:00,C0219,in,397.58,Brandan Ivaskski,SG,wire
P000040,2026-04-10T09:46:00,C0160,in,418.73,Henlo Krevoov,US,wire
P011246,2026-04-10T10:06:00,C0054,out,539.91,Vetas Farelenko,KR,wire
P000600,2026-04-10T10:08:00,C0054,out,877.50,Osttas Lundraar,US,wire
P002162,2026-04-10T10:23:00,C0341,in,330.61,Rallo Lundraul,FR,wire
P008459,2026-04-10T10:23:00,C0255,out,1410.47,Zarvic Davreul,FR,wire
P009541,2026-04-10T10:32:00,C0164,in,914.14,Sevdan Nevicul,XB,wire
P003218,2026-04-10T11:06:00,C0305,out,740.77,Ilymir Cernaul,MY,wire
P004099,2026-04-10T11:44:00,C0304,out,2163.82,Umiriel Pravinitz,JP,wire
P006842,2026-04-10T11:44:00,C0091,out,1050.42,Talriel Farelul,DE,wire
P003333,2026-04-10T11:51:00,C0363,out,2300.84,Uminek Aldreul,AU,wire
P001682,2026-04-10T11:52:00,C0183,in,322.09,Mordan Boskoski,VN,wire
P001106,2026-04-10T12:03:00,C0260,in,1879.66,Ralmir Jorelov,AU,wire
P005475,2026-04-10T12:10:00,C0117,in,647.68,Grevriel Krevoenko,FR,cash
P009656,2026-04-10T12:14:00,C0271,out,1527.59,Ilydan Ivasksenko,DE,wire
P010320,2026-04-10T12:19:00,C0060,out,1880.52,Grevlo Jorelar,SG,cash
P007171,2026-04-10T12:25:00,C0046,out,1028.98,Grevdan Pravinul,US,wire
P009338,2026-04-10T12:32:00,C0271,out,4052.10,Mormir Boskoes,GB,card
P009006,2026-04-10T13:34:00,C0143,out,1943.71,Henmir Davrear,US,card
P007951,2026-04-10T13:50:00,C0208,in,1430.65,Veren Farelul,AU,wire
P001148,2026-04-10T13:56:00,C0387,out,631.61,Kamir Orzekes,VN,cash
P010406,2026-04-10T14:01:00,C0092,in,72.44,Umitas Davreyan,GB,wire
P002976,2026-04-10T14:28:00,C0193,out,1468.20,Felren Gostynul,GB,card
P011235,2026-04-10T14:28:00,C0310,out,1076.56,Raltas Lundraitz,KR,cash
P003315,2026-04-10T14:54:00,C0209,in,694.78,Kamir Davreitz,KR,wire
P010139,2026-04-10T14:54:00,C0157,in,2188.74,Talren Pravinar,FR,wire
P002597,2026-04-10T15:16:00,C0211,out,1363.33,Veriel Lundraenko,VN,wire
P010892,2026-04-10T15:23:00,C0292,out,6368.71,Ralriel Farelski,GB,wire
P005068,2026-04-10T15:24:00,C0260,out,4724.84,Veren Cernaenko,DE,card
P004331,2026-04-10T15:32:00,C0200,out,4634.95,Mortas Davreenko,GB,wire
P001314,2026-04-10T15:33:00,C0375,in,510.59,Ilyren Boskoyan,GB,wire
P003173,2026-04-10T15:38:00,C0063,in,2568.01,Kalo Pravinski,US,wire
P010200,2026-04-10T15:39:00,C0064,in,740.37,Felmir Ivaskenko,MY,wire
P011656,2026-04-10T15:47:00,C0320,in,1065.86,Grevriel Lundraitz,SG,card
P007938,2026-04-10T15:50:00,C0073,out,1298.93,Nislo Gostynitz,FR,wire
P006727,2026-04-10T15:52:00,C0101,out,360.63,Henren Gostynski,FR,card
P010737,2026-04-10T16:04:00,C0244,in,3326.72,Ostriel Nevicski,XA,cash
P002146,2026-04-10T16:18:00,C0188,in,257.80,Felvic Gostynyan,JP,wire
P002535,2026-04-10T16:28:00,C0188,out,139.26,Talren Pravinar,VN,wire
P002892,2026-04-10T16:37:00,C0189,out,2013.06,Kariel Krevoenko,FR,wire
P005795,2026-04-10T16:55:00,C0140,out,8348.96,Branvic Ivaskitz,FR,card
P008329,2026-04-10T16:58:00,C0124,out,250.36,Ilyriel Jorelar,FR,wire
P006563,2026-04-10T17:27:00,C0081,out,1225.52,Grevnek Hanreenko,VN,wire
P001528,2026-04-10T17:28:00,C0091,in,1308.10,Nisvic Aldreul,VN,wire
P009039,2026-04-10T17:37:00,C0183,out,1460.51,Kamir Hanreyan,GB,wire
P011290,2026-04-10T17:38:00,C0322,in,517.66,Branriel Marosenko,US,cash
P007029,2026-04-10T17:42:00,C0072,out,1349.69,Grevriel Aldreitz,MY,card
P006449,2026-04-10T17:58:00,C0283,out,362.07,Henren Ivaskes,JP,cash
P004877,2026-04-10T18:00:00,C0083,in,1646.56,Nismir Farelar,FR,cash
P002875,2026-04-10T18:30:00,C0127,in,1345.61,Sevren Farelul,FR,wire
P001464,2026-04-10T18:32:00,C0216,in,695.81,Umimir Lundrayan,KR,wire
P000825,2026-04-10T18:43:00,C0146,in,39.85,Ilynek Cernaar,AU,wire
P004293,2026-04-10T18:49:00,C0166,in,4797.04,Vedan Cernaski,US,cash
P001495,2026-04-10T19:00:00,C0136,out,1012.86,Ralriel Gostynov,AU,wire
P010510,2026-04-10T19:15:00,C0129,in,5380.87,Kalo Davreski,KR,wire
P003573,2026-04-10T19:27:00,C0364,in,1737.93,Morren Farelul,JP,wire
P009177,2026-04-10T19:48:00,C0139,in,336.37,Karen Enkoski,GB,wire
P006037,2026-04-10T19:51:00,C0034,out,222.47,Zarlo Davreenko,JP,wire
P006428,2026-04-10T19:54:00,C0330,out,1305.15,Sevmir Pravinov,DE,wire
P001605,2026-04-10T20:16:00,C0386,in,1527.95,Felnek Boskoov,MY,card
P007207,2026-04-10T20:16:00,C0138,in,1265.68,Nisnek Gostynul,FR,cash
P006515,2026-04-10T20:19:00,C0360,out,2494.59,Vemir Jorelenko,DE,wire
P003155,2026-04-10T20:33:00,C0317,out,3896.44,Ilyvic Hanreul,KR,wire
P008243,2026-04-10T20:45:00,C0037,out,1979.10,Ostnek Nevicenko,DE,card
P003249,2026-04-10T20:49:00,C0188,out,1700.40,Henvic Jorelitz,XC,wire
P003247,2026-04-10T20:53:00,C0273,in,6503.88,Kariel Nevicitz,DE,wire
P005066,2026-04-10T20:54:00,C0130,out,10248.69,Kamir Orzekes,MY,cash
P006972,2026-04-10T20:56:00,C0027,in,1382.29,Grevren Enkoenko,GB,card
P005942,2026-04-10T21:16:00,C0153,out,2347.53,Nisriel Gostynar,GB,wire
P006284,2026-04-10T21:25:00,C0341,out,441.34,Brannek Boskoov,SG,card
P000011,2026-04-10T21:58:00,C0300,out,1093.44,Talren Krevoyan,KR,wire
P004086,2026-04-10T22:00:00,C0267,in,12413.80,Rallo Gostynitz,FR,wire
P001691,2026-04-10T22:01:00,C0383,in,5200.75,Ostren Farelenko,GB,wire
P008093,2026-04-10T22:30:00,C0149,in,374.18,Grevriel Lundraitz,FR,wire
P003426,2026-04-10T22:44:00,C0112,in,181.90,Sevdan Lundraenko,SG,wire
P008565,2026-04-10T22:53:00,C0147,in,10020.56,Dorvic Lundraov,JP,wire
P006520,2026-04-10T22:58:00,C0188,out,87.60,Talriel Farelul,FR,wire
P010190,2026-04-10T23:13:00,C0238,out,2002.21,Grevlo Boskoitz,DE,wire
P007238,2026-04-10T23:49:00,C0245,in,629.06,Dorvic Enkoul,SG,wire
P007345,2026-04-10T23:58:00,C0367,out,772.85,Sevlo Cernaitz,KR,wire
P004367,2026-04-11T00:07:00,C0193,out,376.14,Zarvic Davreul,KR,card
P005199,2026-04-11T00:20:00,C0094,out,290.31,Ostmir Hanrees,FR,wire
P002200,2026-04-11T00:38:00,C0017,out,950.73,Hentas Boskoul,US,wire
P004287,2026-04-11T00:42:00,C0373,out,528.06,Velo Hanreul,MY,wire
P009493,2026-04-11T00:58:00,C0394,out,1496.97,Nisren Lundrayan,SG,card
P005672,2026-04-11T01:02:00,C0245,out,1475.01,Morvic Pravines,VN,wire
P001309,2026-04-11T01:04:00,C0361,in,311.34,Kamir Hanreyan,KR,wire
P003355,2026-04-11T01:05:00,C0360,out,5122.17,Morriel Ivaskenko,AU,cash
P004603,2026-04-11T01:13:00,C0258,out,2701.84,Tallo Ivaskitz,JP,cash
P000661,2026-04-11T01:17:00,C0000,in,1079.22,Nisdan Davrees,VN,wire
P006429,2026-04-11T01:24:00,C0325,out,3305.31,Ralnek Lundraul,SG,wire
P007130,2026-04-11T01:34:00,C0306,out,800.21,Henren Boskoes,FR,wire
P001108,2026-04-11T01:44:00,C0040,in,630.79,Ilyriel Pravinenko,FR,wire
P006923,2026-04-11T01:58:00,C0344,in,594.45,Umiren Pravinul,DE,wire
P000832,2026-04-11T02:05:00,C0293,out,1231.48,Talvic Davrees,AU,card
P008186,2026-04-11T02:08:00,C0276,in,1899.83,Ostlo Pravinski,AU,cash
P003667,2026-04-11T02:48:00,C0115,in,516.37,Talvic Lundraov,US,wire
P005922,2026-04-11T02:56:00,C0391,in,2775.71,Rallo Gostynitz,AU,wire
P002547,2026-04-11T03:15:00,C0231,out,1169.85,Ilyren Ivaskyenko,SG,card
P000378,2026-04-11T03:21:00,C0214,out,2353.04,Ralriel Ivaskenko,DE,card
P000530,2026-04-11T03:33:00,C0219,out,2962.03,Branmir Farelski,GB,card
P005923,2026-04-11T03:37:00,C0115,out,1382.12,Henlo Joreles,VN,wire
P011721,2026-04-11T04:04:00,C0240,out,1870.37,Ilytas Hanreski,GB,wire
P007780,2026-04-11T04:06:00,C0182,in,61.83,Talren Enkoar,JP,cash
P006472,2026-04-11T04:23:00,C0318,in,235.65,Sevnek Orzekski,US,cash
P007371,2026-04-11T04:27:00,C0291,out,12397.08,Ilyren Ivaskar,FR,wire
P006204,2026-04-11T05:06:00,C0072,out,2197.54,Vetas Gostynenko,GB,wire
P008232,2026-04-11T05:06:00,C0004,out,3050.47,Branren Lundrayan,MY,card
P000022,2026-04-11T05:11:00,C0147,in,1219.27,Hennek Gostynitz,GB,wire
P004343,2026-04-11T05:14:00,C0158,out,644.49,Nisriel Cernaski,US,wire
P008263,2026-04-11T05:20:00,C0238,out,323.43,Brannek Krevoski,KR,wire
P002245,2026-04-11T05:42:00,C0129,out,696.19,Henmir Jorelul,SG,cash
P000116,2026-04-11T06:05:00,C0214,out,176.49,Sevdan Pravinenko,GB,wire
P010698,2026-04-11T06:08:00,C0233,in,215.84,Kalo Pravinski,MY,card
P007961,2026-04-11T06:16:00,C0285,out,2635.02,Nisnek Gostynul,DE,card
P002735,2026-04-11T06:18:00,C0321,in,3633.24,Morlo Pravinenko,JP,wire
P001446,2026-04-11T06:24:00,C0203,out,865.37,Grevlo Jorelar,DE,wire
P006598,2026-04-11T06:27:00,C0059,in,9389.10,Ralvic Pravinyan,MY,card
P006878,2026-04-11T06:43:00,C0131,out,6491.43,Kavic Nevicul,GB,wire
P010806,2026-04-11T06:53:00,C0281,out,2241.61,Ostmir Jorelov,FR,wire
P002004,2026-04-11T06:54:00,C0188,in,283.37,Ostlo Jorelar,JP,wire
P001089,2026-04-11T07:01:00,C0003,in,1062.72,Ostvic Marosar,GB,wire
P002606,2026-04-11T07:34:00,C0248,out,394.39,Morvic Aldrear,SG,wire
P008947,2026-04-11T07:46:00,C0283,in,6833.29,Talren Krevoyan,DE,wire
P008290,2026-04-11T08:03:00,C0105,in,1347.97,Grevren Hanreov,US,wire
P002021,2026-04-11T08:33:00,C0009,in,330.96,Zardan Cernaes,AU,card
P003868,2026-04-11T08:43:00,C0393,out,2594.07,Feltas Aldrear,MY,wire
P001900,2026-04-11T08:57:00,C0164,in,1547.00,Felriel Aldreov,JP,cash
P000644,2026-04-11T09:15:00,C0351,out,1116.53,Ostdan Fareles,JP,wire
P002993,2026-04-11T09:28:00,C0140,out,7422.71,Kadan Lundraes,JP,wire
P004088,2026-04-11T09:36:00,C0373,out,343.44,Ilyvic Hanreul,AU,wire
P002681,2026-04-11T09:53:00,C0221,out,1014.91,Zartas Farelyan,AU,wire
P007122,2026-04-11T10:29:00,C0013,in,432.79,Kariel Nevicul,SG,card
P008809,2026-04-11T10:55:00,C0039,out,150.62,Dormir Lundraes,FR,wire
P010035,2026-04-11T10:57:00,C0089,in,2044.37,Ilyren Davreitz,US,card
P012012,2026-04-11T11:00:00,C0300,in,9846.35,Hendan Enkoov,US,cash
P006751,2026-04-11T11:39:00,C0023,out,11604.54,Dordan Cernaes,FR,wire
P011615,2026-04-11T11:42:00,C0029,in,407.05,Sevnek Nevicul,JP,card
P006819,2026-04-11T11:50:00,C0372,out,2027.36,Grevlo Gostynes,AU,wire
P007276,2026-04-11T12:00:00,C0274,out,1775.61,Nisren Boskoenko,JP,wire
P005975,2026-04-11T12:06:00,C0127,out,358.37,Mormir Gostynenko,AU,wire
P010953,2026-04-11T12:26:00,C0085,out,482.10,Talmir Lundraes,GB,wire
P006761,2026-04-11T12:32:00,C0168,out,413.42,Henriel Cernaes,DE,card
P004235,2026-04-11T12:35:00,C0372,out,6330.16,Ostmir Hanrees,DE,wire
P000759,2026-04-11T13:16:00,C0397,out,1068.11,Sevdan Pravinenko,SG,cash
P002039,2026-04-11T13:28:00,C0321,in,843.94,Zartas Ivaskul,DE,wire
P000275,2026-04-11T13:39:00,C0346,out,743.85,Karen Enkoski,DE,cash
P008383,2026-04-11T13:44:00,C0252,in,242.54,Dorvic Krevoenko,FR,wire
P010156,2026-04-11T13:51:00,C0104,in,1245.92,Osttas Lundraar,AU,card
P007790,2026-04-11T13:55:00,C0292,in,1529.94,Henmir Marosenko,VN,card
P001577,2026-04-11T14:19:00,C0071,in,2194.29,Sevlo Maroses,FR,wire
P000273,2026-04-11T14:24:00,C0257,out,308.46,Henvic Jorelitz,JP,wire
P003362,2026-04-11T14:26:00,C0137,out,356.05,Hentas Davreitz,KR,card
P003549,2026-04-11T14:45:00,C0392,out,967.59,Sevriel Davreski,DE,card
P008436,2026-04-11T14:49:00,C0063,out,8300.11,Morriel Aldreyan,SG,wire
P003983,2026-04-11T14:57:00,C0158,in,7269.08,Morren Lundraul,KR,wire
P010079,2026-04-11T15:08:00,C0327,out,7315.07,Umimir Pravinyan,MY,cash
P003146,2026-04-11T15:10:00,C0162,out,2519.68,Zarriel Gostynar,FR,wire
P003498,2026-04-11T15:11:00,C0024,in,7629.26,Ostriel Lundraul,DE,wire
P009810,2026-04-11T15:47:00,C0017,in,3865.17,Grevren Ivaskar,FR,wire
P011356,2026-04-11T15:52:00,C0075,out,3266.54,Sevlo Cernaul,JP,wire
P007610,2026-04-11T15:57:00,C0011,in,2002.73,Felvic Gostynyan,DE,cash
P008571,2026-04-11T15:57:00,C0041,out,313.60,Branlo Boskoes,VN,card
P003215,2026-04-11T16:00:00,C0261,out,4484.56,Kalo Krevoar,GB,card
P012007,2026-04-11T16:00:00,C0300,in,9586.82,Zardan Davreul,US,cash
P000281,2026-04-11T16:02:00,C0193,out,333.59,Nisdan Farelenko,VN,wire
P006981,2026-04-11T16:04:00,C0281,in,3460.35,Talnek Lundrayan,GB,card
P002840,2026-04-11T16:10:00,C0357,out,1228.33,Ralnek Hanreul,KR,wire
P003276,2026-04-11T16:12:00,C0226,in,560.36,Katas Aldreitz,MY,wire
P007682,2026-04-11T16:14:00,C0208,out,284.98,Nisdan Farelar,KR,wire
P005292,2026-04-11T16:17:00,C0152,out,785.65,Ralnek Lundraenko,KR,wire
P002062,2026-04-11T16:25:00,C0206,in,1374.17,Kanek Boskoyan,KR,cash
P009904,2026-04-11T16:30:00,C0348,in,1198.83,Ilydan Nevicenko,SG,wire
P005478,2026-04-11T16:55:00,C0048,out,6110.79,Henren Cernaitz,US,wire
P000516,2026-04-11T17:10:00,C0385,in,671.35,Kariel Pravinul,XA,wire
P001432,2026-04-11T17:21:00,C0056,out,1244.57,Zarlo Orzekes,AU,wire
P005030,2026-04-11T17:31:00,C0212,out,5959.62,Kavic Hanreenko,SG,wire
P011619,2026-04-11T17:44:00,C0380,in,3025.21,Branvic Pravinyan,AU,wire
P003163,2026-04-11T17:57:00,C0093,out,563.87,Zardan Boskoar,JP,wire
P004885,2026-04-11T18:08:00,C0027,in,1073.06,Ilylo Krevoul,KR,cash
P002392,2026-04-11T18:11:00,C0173,out,11856.53,Sevriel Enkoes,VN,wire
P002912,2026-04-11T18:45:00,C0260,out,1845.39,Veriel Nevicov,US,wire
P002471,2026-04-11T18:46:00,C0331,in,543.51,Zarnek Jorelitz,DE,wire
P006983,2026-04-11T18:56:00,C0050,in,1058.20,Umitas Jorelitz,SG,card
P005428,2026-04-11T18:57:00,C0130,out,1074.56,Branren Cernaenko,DE,wire
P001671,2026-04-11T19:02:00,C0146,in,302.18,Talren Lundrayan,MY,wire
P004632,2026-04-11T19:17:00,C0377,out,3798.94,Dorlo Gostynar,FR,wire
P010433,2026-04-11T19:27:00,C0276,in,937.89,Kadan Aldreov,DE,wire
P000578,2026-04-11T19:57:00,C0040,out,5303.12,Hendan Boskoul,DE,card
P008970,2026-04-11T20:00:00,C0319,out,978.92,Dorvic Farelenko,KR,wire
P011676,2026-04-11T20:15:00,C0005,in,954.99,Mordan Davreitz,JP,card
P003298,2026-04-11T20:32:00,C0307,in,1447.43,Ralren Lundraes,VN,wire
P008357,2026-04-11T20:32:00,C0375,in,1332.53,Umilo Aldreul,VN,wire
P005601,2026-04-11T20:40:00,C0336,out,387.05,Raltas Gostynitz,JP,wire
P001332,2026-04-11T20:44:00,C0056,out,230.24,Kanek Lundraes,DE,card
P003254,2026-04-11T20:47:00,C0003,in,1231.07,Hendan Aldreski,KR,card
P005821,2026-04-11T20:53:00,C0323,out,2189.79,Ralren Lundraes,XA,card
P002520,2026-04-11T20:56:00,C0091,out,130.44,Dornek Hanreenko,DE,wire
P003209,2026-04-11T21:09:00,C0046,out,3415.53,Ilylo Cernaar,KR,wire
P000115,2026-04-11T21:20:00,C0137,out,408.50,Talvic Davrees,KR,wire
P003671,2026-04-11T21:34:00,C0175,out,2393.02,Kadan Lundraes,SG,wire
P002418,2026-04-11T21:44:00,C0074,in,372.16,Ilydan Nevicenko,US,card
P001942,2026-04-11T22:21:00,C0090,out,1582.13,Ilydan Pravinski,XC,wire
P010359,2026-04-11T22:21:00,C0042,out,1466.57,Grevdan Jorelar,AU,wire
P006823,2026-04-11T22:29:00,C0233,in,2258.81,Kadan Aldreov,XB,wire
P006926,2026-04-11T22:36:00,C0223,out,3261.44,Zartas Farelyan,MY,wire
P011866,2026-04-11T22:55:00,C0303,out,1406.81,Felnek Enkoitz,GB,wire
P000410,2026-04-11T23:03:00,C0337,out,902.86,Velo Ivaskar,US,wire
P000144,2026-04-11T23:22:00,C0299,in,372.18,Sevtas Davreyan,GB,card
P007444,2026-04-11T23:22:00,C0174,in,1051.71,Hendan Aldreski,GB,card
P005179,2026-04-11T23:41:00,C0175,out,4061.34,Felriel Lundraski,AU,wire
P011145,2026-04-11T23:41:00,C0305,out,583.17,Henriel Orzekenko,MY,wire
P006430,2026-04-11T23:49:00,C0368,out,562.18,Katas Aldreitz,FR,card
P007013,2026-04-11T23:55:00,C0105,in,1298.74,Grevdan Enkoes,MY,wire
P011153,2026-04-12T00:17:00,C0156,in,3900.31,Dornek Krevoov,JP,wire
P005150,2026-04-12T00:31:00,C0123,in,2419.37,Umivic Boskoes,KR,wire
P006612,2026-04-12T00:38:00,C0247,out,892.14,Ralmir Jorelov,VN,cash
P002621,2026-04-12T00:40:00,C0200,out,2944.44,Hennek Davreov,VN,wire
P004513,2026-04-12T00:41:00,C0308,out,7182.70,Mordan Enkoes,DE,cash
P011374,2026-04-12T00:45:00,C0196,in,124.46,Umilo Hanrear,AU,card
P010108,2026-04-12T00:46:00,C0222,out,200.37,Felren Davreyan,GB,wire
P005039,2026-04-12T00:52:00,C0036,in,909.22,Vetas Krevoov,VN,wire
P003320,2026-04-12T00:54:00,C0188,out,3883.49,Henmir Krevoyan,MY,wire
P007809,2026-04-12T01:07:00,C0223,in,2854.43,Katas Pravines,JP,wire
P009931,2026-04-12T01:08:00,C0233,out,2356.46,Ralnek Jorelitz,JP,wire
P007135,2026-04-12T01:20:00,C0241,in,1260.55,Talmir Nevicsenko,SG,wire
P011041,2026-04-12T01:22:00,C0282,in,783.70,Zarvic Marosyan,MY,card
P001339,2026-04-12T01:41:00,C0092,out,635.03,Henmir Hanreul,DE,wire
P010205,2026-04-12T02:04:00,C0115,in,921.35,Grevren Gostynes,US,card
P007351,2026-04-12T02:16:00,C0054,in,136.69,Zarren Ivaskul,KR,wire
P000540,2026-04-12T02:45:00,C0349,out,332.43,Fello Cernaitz,VN,cash
P010619,2026-04-12T03:08:00,C0304,out,2138.63,Zarnek Boskoul,US,wire
P009766,2026-04-12T03:14:00,C0208,out,2768.20,Kalo Boskosenko,MY,wire
P009928,2026-04-12T03:19:00,C0374,out,1241.26,Nisdan Ivaskyan,US,card
P006942,2026-04-12T03:43:00,C0237,in,714.42,Kavic Nevicul,GB,card
P001173,2026-04-12T04:11:00,C0263,in,2685.43,Nistas Orzekski,US,wire
P003615,2026-04-12T04:24:00,C0258,out,2538.47,Raldan Marosyan,US,cash
P010219,2026-04-12T04:27:00,C0023,out,5723.44,Ilynek Orzekitz,AU,wire
P004863,2026-04-12T04:49:00,C0349,out,169.19,Sevtas Pravinski,JP,card
P007644,2026-04-12T04:57:00,C0119,in,507.18,Morlo Cernaitz,MY,wire
P010417,2026-04-12T05:15:00,C0119,in,1800.13,Ostmir Boskoar,AU,card
P000196,2026-04-12T05:19:00,C0315,in,626.76,Grevmir Cernayan,FR,wire
P005464,2026-04-12T05:28:00,C0281,out,553.94,Umimir Ivaskul,JP,card
P008068,2026-04-12T05:28:00,C0398,in,731.88,Umilo Enkoski,XB,wire
P009774,2026-04-12T05:38:00,C0285,in,1276.38,Sevdan Gostynski,FR,wire
P006068,2026-04-12T05:46:00,C0138,in,1779.26,Mormir Jorelyan,FR,wire
P003725,2026-04-12T05:50:00,C0156,out,1715.79,Zarvic Boskoyan,DE,wire
P010553,2026-04-12T05:52:00,C0017,out,401.29,Zarren Pravinitz,MY,wire
P002251,2026-04-12T05:56:00,C0171,out,455.73,Kamir Davreitz,GB,wire
P011245,2026-04-12T05:58:00,C0211,in,630.67,Vedan Hanreov,FR,card
P011986,2026-04-12T06:09:00,C0224,out,7878.47,Felren Davreenko,XC,wire
P008781,2026-04-12T06:19:00,C0300,out,580.84,Nisriel Pravinenko,KR,wire
P007030,2026-04-12T06:27:00,C0016,in,178.62,Zartas Farelyan,KR,wire
P007233,2026-04-12T06:28:00,C0386,in,261.82,Veren Cernaar,AU,wire
P011123,2026-04-12T06:30:00,C0265,in,602.69,Grevvic Davreski,GB,card
P009048,2026-04-12T06:51:00,C0257,out,354.09,Talnek Pravines,JP,wire
P001899,2026-04-12T06:52:00,C0161,out,472.44,Henmir Jorelul,SG,wire
P006892,2026-04-12T06:52:00,C0108,out,252.61,Feldan Hanreov,KR,card
P004871,2026-04-12T07:12:00,C0122,out,349.33,Felmir Ivaskenko,FR,wire
P001327,2026-04-12T07:16:00,C0098,out,1587.46,Ralren Davreski,GB,wire
P010650,2026-04-12T07:20:00,C0386,in,1450.63,Ostriel Jorelul,XB,cash
P006264,2026-04-12T07:23:00,C0375,out,2863.68,Zardan Farelitz,MY,wire
P005701,2026-04-12T08:02:00,C0137,out,4128.62,Dorriel Krevoyan,AU,card
P001340,2026-04-12T08:15:00,C0368,in,3556.06,Taldan Hanreski,KR,wire
P008486,2026-04-12T08:32:00,C0092,in,1024.99,Grevdan Krevoski,AU,card
P008683,2026-04-12T08:45:00,C0274,in,2534.45,Dorren Marosenko,XA,wire
P011715,2026-04-12T08:51:00,C0139,out,3742.89,Ilyvic Orzekul,GB,wire
P011345,2026-04-12T09:28:00,C0305,out,535.39,Zarriel Farelyan,AU,wire
P006088,2026-04-12T09:30:00,C0050,out,5576.83,Mortas Lundrayan,JP,wire
P000236,2026-04-12T10:16:00,C0022,in,634.58,Felren Ivaskov,FR,card
P003769,2026-04-12T10:17:00,C0231,out,1362.61,Ralnek Hanreenko,JP,card
P006874,2026-04-12T10:19:00,C0202,out,830.72,Ralnek Hanreenko,FR,wire
P004938,2026-04-12T10:20:00,C0067,out,342.97,Taldan Marosov,VN,wire
P007825,2026-04-12T10:21:00,C0276,in,139.25,Umiren Pravinul,GB,wire
P005663,2026-04-12T10:22:00,C0154,out,775.25,Mornek Jorelitz,US,wire
P010247,2026-04-12T10:33:00,C0251,in,1810.07,Mordan Enkoes,FR,wire
P010886,2026-04-12T10:35:00,C0134,out,4151.18,Taldan Boskoenko,MY,cash
P009242,2026-04-12T10:56:00,C0169,out,430.15,Zarriel Farelenko,GB,card
P000500,2026-04-12T11:03:00,C0076,out,3617.91,Nisriel Cernaski,VN,card
P011055,2026-04-12T11:15:00,C0050,out,1678.18,Sevriel Joreles,XA,wire
P001948,2026-04-12T11:32:00,C0168,out,119.25,Branren Boskoenko,KR,wire
P009651,2026-04-12T11:34:00,C0306,out,3228.41,Ostvic Marosar,MY,cash
P004810,2026-04-12T11:40:00,C0211,out,2232.25,Dorlo Gostynar,XB,wire
P003401,2026-04-12T11:52:00,C0074,in,268.08,Zarvic Enkoes,XB,wire
P007352,2026-04-12T12:06:00,C0134,in,5403.17,Zarnek Davrear,AU,wire
P007650,2026-04-12T12:07:00,C0133,out,1222.79,Kanek Davreenko,DE,wire
P007471,2026-04-12T12:16:00,C0154,out,918.66,Zartas Ivaskul,DE,card
P009164,2026-04-12T12:51:00,C0311,in,938.04,Talren Krevoenko,MY,wire
P009769,2026-04-12T13:04:00,C0079,out,308.54,Grevvic Orzekul,KR,wire
P004286,2026-04-12T13:06:00,C0048,in,105.86,Kariel Enkoov,AU,wire
P003550,2026-04-12T13:38:00,C0033,in,3932.14,Ralnek Maroses,FR,wire
P001284,2026-04-12T13:45:00,C0044,in,1004.15,Henmir Davrear,JP,card
P003034,2026-04-12T13:47:00,C0305,out,1622.70,Dormir Lundraes,MY,wire
P009057,2026-04-12T13:57:00,C0196,out,1753.49,Dorvic Gostynov,DE,wire
P006107,2026-04-12T14:17:00,C0244,out,94.66,Nisnek Gostynul,AU,wire
P010387,2026-04-12T14:19:00,C0108,in,1667.14,Ostvic Davrear,GB,wire
P005291,2026-04-12T14:21:00,C0346,in,4498.41,Ostlo Krevoes,VN,wire
P006295,2026-04-12T14:24:00,C0399,out,1415.03,Osttas Lundraar,DE,wire
P010404,2026-04-12T14:29:00,C0136,out,844.49,Ostlo Jorelenko,FR,wire
P001097,2026-04-12T14:35:00,C0214,in,2536.43,Ralriel Farelski,FR,wire
P005243,2026-04-12T14:39:00,C0188,out,2089.53,Zartas Enkoar,FR,wire
P007944,2026-04-12T14:44:00,C0027,out,787.81,Sevdan Pravinitz,FR,wire
P003204,2026-04-12T14:49:00,C0389,in,907.35,Henvic Cernaov,XB,cash
P002733,2026-04-12T14:50:00,C0237,out,3329.89,Grevmir Farelenko,MY,wire
P007659,2026-04-12T15:23:00,C0374,in,2769.85,Sevnek Nevicul,KR,wire
P004843,2026-04-12T15:25:00,C0244,in,428.88,Zarvic Marosyan,MY,wire
P007078,2026-04-12T15:28:00,C0317,out,2118.38,Ostlo Marosienko,DE,wire
P005956,2026-04-12T15:40:00,C0128,in,238.36,Grevlo Jorelar,AU,card
P002082,2026-04-12T15:41:00,C0035,in,1134.76,Dorren Ivaskitz,XC,card
P001226,2026-04-12T16:27:00,C0198,in,1291.18,Nisnek Boskoitz,SG,wire
P005444,2026-04-12T16:30:00,C0247,out,9210.34,Henmir Hanreyan,DE,card
P010081,2026-04-12T16:33:00,C0199,out,2120.30,Katas Pravines,GB,wire
P010677,2026-04-12T16:39:00,C0387,in,417.03,Branren Cernaenko,SG,cash
P003970,2026-04-12T16:51:00,C0008,in,4090.55,Henren Enkoitz,AU,wire
P012008,2026-04-12T17:00:00,C0300,in,9053.96,Sevriel Lundraar,US,cash
P003871,2026-04-12T17:08:00,C0390,out,766.57,Hennek Enkoar,SG,card
P007027,2026-04-12T17:14:00,C0186,in,277.91,Kavic Hanreenko,JP,wire
P004561,2026-04-12T17:15:00,C0246,in,653.78,Ilyvic Davreenko,US,cash
P005729,2026-04-12T17:30:00,C0336,out,1026.35,Katas Ivaskov,DE,wire
P011449,2026-04-12T18:02:00,C0127,in,345.50,Dorvic Gostynov,FR,cash
P001075,2026-04-12T18:21:00,C0311,in,3088.22,Ilymir Marosar,GB,card
P007533,2026-04-12T18:33:00,C0147,in,1231.61,Ilydan Ivasksenko,KR,cash
P007914,2026-04-12T18:38:00,C0339,in,1356.48,Nismir Aldrear,AU,wire
P008364,2026-04-12T18:39:00,C0300,in,155.32,Talmir Orzekes,SG,card
P001761,2026-04-12T18:47:00,C0023,out,868.88,Zarnek Krevoitz,KR,card
P000334,2026-04-12T18:51:00,C0096,out,1647.72,Sevdan Ivaskitz,FR,wire
P010346,2026-04-12T18:53:00,C0204,out,555.74,Rallo Lundraul,VN,wire
P010745,2026-04-12T19:15:00,C0142,in,1203.76,Umilo Orzekar,US,cash
P001886,2026-04-12T19:30:00,C0222,in,800.07,Grevriel Davreyan,KR,cash
P008025,2026-04-12T19:44:00,C0125,in,4049.74,Sevdan Davreitz,DE,cash
P010733,2026-04-12T19:55:00,C0014,out,2006.51,Mordan Davreitz,SG,wire
P005698,2026-04-12T19:59:00,C0140,in,784.83,Vemir Farelyan,KR,wire
P003690,2026-04-12T20:07:00,C0117,out,1322.12,Grevlo Ivaskes,KR,wire
P000824,2026-04-12T20:24:00,C0118,out,47.74,Zarnek Boskoul,US,card
P011457,2026-04-12T20:40:00,C0180,out,1135.19,Henriel Krevoitz,MY,wire
P011627,2026-04-12T20:46:00,C0049,out,760.97,Veriel Jorelenko,AU,wire
P000551,2026-04-12T20:58:00,C0318,out,442.61,Vedan Cernaski,KR,wire
P010637,2026-04-12T21:06:00,C0291,out,558.24,Umivic Orzekski,JP,wire
P003011,2026-04-12T21:08:00,C0034,in,633.09,Raldan Nevicul,US,wire
P011911,2026-04-12T21:12:00,C0287,in,1156.14,Ilymir Cernaul,KR,wire
P001595,2026-04-12T21:22:00,C0245,in,286.73,Ilyren Krevoov,US,wire
P000909,2026-04-12T21:33:00,C0265,in,844.65,Sevmir Pravinov,MY,wire
P009890,2026-04-12T21:47:00,C0304,out,109.21,Branvic Ivaskitz,VN,wire
P000901,2026-04-12T21:51:00,C0289,out,9843.55,Nisdan Aldreul,JP,card
P001681,2026-04-12T21:51:00,C0392,out,2359.69,Ilyren Krevoov,AU,cash
P003150,2026-04-12T21:55:00,C0059,in,788.30,Talriel Boskoski,DE,cash
P002357,2026-04-12T22:00:00,C0041,out,1107.91,Dortas Joreles,VN,wire
P008153,2026-04-12T22:04:00,C0018,out,3221.36,Sevmir Ivaskyan,XA,wire
P000427,2026-04-12T22:07:00,C0166,in,395.72,Hennek Davreov,AU,card
P003668,2026-04-12T22:26:00,C0380,in,331.78,Ostvic Aldreski,GB,cash
P008911,2026-04-12T23:10:00,C0231,in,513.94,Umilo Gostynienko,GB,wire
P004661,2026-04-12T23:13:00,C0101,in,1340.13,Feldan Lundraes,GB,wire
P011964,2026-04-12T23:17:00,C0261,out,415.41,Taldan Farelar,XA,cash
P002088,2026-04-12T23:24:00,C0255,out,920.82,Ostlo Krevoes,AU,wire
P011152,2026-04-12T23:32:00,C0304,in,513.49,Dorvic Enkoul,VN,card
P003117,2026-04-12T23:36:00,C0349,out,162.03,Kanek Davreski,GB,wire
P000037,2026-04-13T00:06:00,C0003,out,453.03,Karen Enkoski,MY,cash
P000501,2026-04-13T00:16:00,C0040,in,291.73,Feldan Hanreov,VN,card
P003977,2026-04-13T00:47:00,C0254,out,5294.04,Branlo Farelski,SG,card
P002272,2026-04-13T00:52:00,C0193,in,473.63,Nisnek Krevoitz,US,card
P001535,2026-04-13T01:15:00,C0369,in,5131.38,Hentas Davreitz,JP,wire
P008164,2026-04-13T01:31:00,C0336,in,5262.20,Hentas Hanreul,VN,card
P001039,2026-04-13T01:33:00,C0364,in,853.45,Ralnek Hanreenko,FR,wire
P005208,2026-04-13T01:35:00,C0392,out,566.49,Hennek Davreski,JP,wire
P005766,2026-04-13T01:52:00,C0265,out,1718.34,Grevdan Pravinul,FR,wire
P001781,2026-04-13T01:53:00,C0208,in,3897.00,Grevdan Jorelar,JP,wire
P003604,2026-04-13T02:07:00,C0131,in,1403.60,Ostlo Jorelenko,GB,wire
P009178,2026-04-13T02:12:00,C0304,in,965.89,Henriel Krevoitz,US,wire
P004180,2026-04-13T02:22:00,C0112,out,1474.58,Morvic Aldrear,KR,wire
P003231,2026-04-13T02:45:00,C0287,out,834.07,Vetas Krevoov,FR,wire
P000641,2026-04-13T02:49:00,C0299,in,853.88,Nisren Lundrayan,JP,wire
P006760,2026-04-13T02:56:00,C0271,in,425.16,Ralren Pravines,JP,card
P005385,2026-04-13T02:58:00,C0288,in,793.23,Feltas Aldrear,SG,wire
P010599,2026-04-13T02:59:00,C0070,in,465.19,Grevlo Boskoski,JP,card
P007836,2026-04-13T03:13:00,C0158,in,233.99,Taltas Hanrees,MY,cash
P009675,2026-04-13T03:17:00,C0378,out,312.88,Zarlo Davreenko,MY,wire
P005735,2026-04-13T03:39:00,C0236,out,230.69,Ilymir Marosar,GB,wire
P004539,2026-04-13T03:49:00,C0210,out,547.40,Umiren Hanreski,DE,wire
P008289,2026-04-13T04:06:00,C0286,in,1000.69,Ilydan Aldrear,JP,card
P003978,2026-04-13T04:13:00,C0229,in,7806.25,Brantas Enkoov,VN,card
P003700,2026-04-13T04:17:00,C0082,in,478.89,Dortas Lundraul,US,wire
P009979,2026-04-13T04:23:00,C0376,out,1185.89,Zartas Marosski,FR,wire
P007833,2026-04-13T05:14:00,C0326,in,1930.94,Veriel Lundraitz,US,wire
P007372,2026-04-13T05:21:00,C0335,out,336.97,Veren Farelul,JP,wire
P010233,2026-04-13T05:27:00,C0271,in,926.47,Zartas Marosski,US,wire
P000250,2026-04-13T05:59:00,C0071,out,320.43,Morvic Farelyan,MY,card
P001250,2026-04-13T06:17:00,C0097,out,836.18,Kamir Cernaar,GB,wire
P011329,2026-04-13T06:18:00,C0308,in,454.39,Henriel Cernaes,JP,cash
P007374,2026-04-13T06:25:00,C0185,out,547.76,Dormir Ivaskar,JP,cash
P010235,2026-04-13T06:33:00,C0229,out,219.24,Zardan Boskoar,JP,wire
P000762,2026-04-13T06:53:00,C0048,in,1111.55,Zarren Davreov,DE,cash
P007929,2026-04-13T06:54:00,C0304,out,861.41,Grevdan Krevoar,US,wire
P001331,2026-04-13T07:15:00,C0189,out,781.18,Grevnek Aldrees,SG,wire
P011752,2026-04-13T07:16:00,C0058,in,3402.78,Veren Ivaskov,KR,wire
P006839,2026-04-13T07:32:00,C0128,in,272.36,Hennek Davreski,GB,card
P003008,2026-04-13T07:35:00,C0228,in,3165.82,Katas Orzekov,GB,cash
P000198,2026-04-13T07:47:00,C0089,in,393.19,Grevlo Farelitz,AU,wire
P004280,2026-04-13T08:02:00,C0033,in,7282.79,Dortas Nevicul,MY,wire
P009946,2026-04-13T08:06:00,C0324,in,1618.15,Nisnek Gostynul,GB,wire
P002729,2026-04-13T08:23:00,C0268,out,484.62,Kariel Gostynul,JP,wire
P011959,2026-04-13T08:33:00,C0096,in,3790.89,Henvic Fareles,US,wire
P006748,2026-04-13T08:39:00,C0274,out,1155.10,Ilydan Aldrear,MY,wire
P008727,2026-04-13T08:44:00,C0367,in,619.93,Dortas Jorelyan,KR,wire
P004271,2026-04-13T08:46:00,C0148,in,4942.97,Sevriel Nevicar,MY,wire
P000312,2026-04-13T09:08:00,C0181,out,825.79,Branren Davreenko,GB,wire
P009240,2026-04-13T09:10:00,C0244,in,356.44,Brandan Gostynitz,MY,card
P005982,2026-04-13T09:46:00,C0211,in,1355.62,Tallo Jorelov,VN,wire
P011534,2026-04-13T10:11:00,C0088,in,2508.91,Branvic Lundraar,DE,wire
P007286,2026-04-13T10:28:00,C0099,out,1229.66,Mordan Davreitz,FR,wire
P010865,2026-04-13T10:28:00,C0093,in,1174.53,Kalo Pravinski,JP,cash
P001550,2026-04-13T10:32:00,C0021,in,2361.54,Nisnek Gostynul,XC,card
P008852,2026-04-13T10:33:00,C0090,out,8572.62,Grevriel Lundraitz,VN,wire
P009875,2026-04-13T10:35:00,C0304,in,342.02,Henriel Orzekenko,DE,wire
P001136,2026-04-13T10:39:00,C0064,out,1319.55,Umiriel Davreitz,JP,wire
P009166,2026-04-13T10:49:00,C0087,in,3018.17,Rallo Pravinenko,DE,wire
P000258,2026-04-13T10:55:00,C0119,in,923.50,Ostlo Pravinski,US,wire
P012009,2026-04-13T11:00:00,C0300,in,9091.27,Felvic Gostynitz,US,cash
P003651,2026-04-13T11:10:00,C0196,in,211.64,Grevren Lundraul,VN,wire
P006215,2026-04-13T11:15:00,C0339,out,4522.82,Taldan Hanreski,MY,wire
P004600,2026-04-13T11:34:00,C0068,out,304.09,Zarvic Enkoitz,MY,wire
P001703,2026-04-13T11:54:00,C0377,out,1300.55,Umiren Nevicitz,US,card
P002185,2026-04-13T12:02:00,C0305,out,349.35,Sevlo Orzekenko,DE,wire
P008698,2026-04-13T12:12:00,C0079,in,3482.24,Dormir Farelski,AU,card
P006435,2026-04-13T12:16:00,C0330,out,341.53,Zarriel Farelenko,KR,wire
P003250,2026-04-13T12:34:00,C0318,in,1166.20,Morvic Hanreitz,VN,wire
P006341,2026-04-13T12:34:00,C0140,in,681.43,Henvic Jorelitz,FR,wire
P007800,2026-04-13T12:35:00,C0304,out,599.51,Umiriel Davrear,VN,card
P002944,2026-04-13T12:37:00,C0290,out,1763.93,Ilyren Ivaskar,KR,wire
P005319,2026-04-13T12:46:00,C0296,in,275.25,Sevriel Joreles,AU,wire
P011438,2026-04-13T13:10:00,C0178,in,1833.87,Dorren Ivaskyan,SG,card
P007883,2026-04-13T13:18:00,C0198,out,117.40,Felmir Jorelul,US,wire
P002443,2026-04-13T13:30:00,C0387,in,4426.42,Nislo Jorelyan,SG,wire
P008398,2026-04-13T13:57:00,C0053,out,286.82,Ralmir Cernaski,AU,wire
P007975,2026-04-13T14:03:00,C0271,in,3579.37,Kadan Lundraes,GB,card
P002087,2026-04-13T14:14:00,C0299,out,1462.18,Nisren Marosov,SG,wire
P010679,2026-04-13T14:15:00,C0032,out,10562.14,Veren Ivaskov,FR,wire
P003325,2026-04-13T14:24:00,C0060,out,457.63,Ostdan Hanreenko,VN,cash
P009044,2026-04-13T14:32:00,C0232,out,877.55,Katas Farelul,US,wire
P001897,2026-04-13T14:34:00,C0002,out,4542.12,Fello Boskoitz,US,wire
P007417,2026-04-13T14:36:00,C0092,in,4622.17,Ralnek Lundraenko,US,wire
P009050,2026-04-13T14:49:00,C0148,out,1760.51,Hennek Davreski,MY,card
P009800,2026-04-13T14:52:00,C0381,out,2663.23,Dorlo Enkoski,SG,wire
P009578,2026-04-13T14:53:00,C0345,out,545.41,Ilynek Jorelitz,FR,wire
P010714,2026-04-13T14:56:00,C0269,in,1041.22,Zardan Cernaes,GB,card
P009764,2026-04-13T15:20:00,C0095,out,168.22,Ilyren Davreitz,DE,wire
P007173,2026-04-13T15:29:00,C0162,in,359.45,Ralnek Hanreenko,KR,wire
P000388,2026-04-13T15:35:00,C0338,out,650.74,Branren Gostynyan,US,card
P011172,2026-04-13T15:35:00,C0076,out,1457.96,Branriel Ivaskenko,XB,wire
P008840,2026-04-13T15:37:00,C0360,out,520.29,Grevlo Orzekar,DE,wire
P005098,2026-04-13T15:44:00,C0381,out,2084.47,Umimir Pravinul,GB,wire
P010137,2026-04-13T15:48:00,C0026,out,1494.53,Nisdan Aldreul,AU,cash
P003031,2026-04-13T15:50:00,C0034,in,1333.30,Zarlo Davreenko,SG,cash
P011340,2026-04-13T16:07:00,C0125,out,483.00,Branlo Enkoyan,VN,wire
P002564,2026-04-13T16:15:00,C0096,out,3358.81,Nisdan Ivaskyan,XB,wire
P011293,2026-04-13T16:35:00,C0329,out,1384.32,Brannek Davreov,SG,wire
P003946,2026-04-13T16:38:00,C0264,out,1461.22,Ralmir Cernaski,VN,wire
P004264,2026-04-13T16:40:00,C0132,in,880.16,Dormir Farelski,DE,card
P011546,2026-04-13T17:00:00,C0131,out,130.47,Nisren Aldreski,US,wire
P007475,2026-04-13T17:01:00,C0105,in,684.17,Brantas Cernaar,US,wire
P004791,2026-04-13T17:08:00,C0265,in,519.89,Ostriel Boskoitz,VN,wire
P005359,2026-04-13T17:19:00,C0379,in,3456.08,Morlo Krevoenko,FR,cash
P010067,2026-04-13T17:24:00,C0290,out,1852.85,Zarren Nevicenko,SG,wire
P003704,2026-04-13T17:30:00,C0295,in,926.21,Ostlo Krevoes,KR,wire
P007303,2026-04-13T17:32:00,C0038,out,1480.21,Dorriel Jorelenko,MY,cash
P000263,2026-04-13T17:47:00,C0254,out,333.32,Mordan Cernaul,GB,wire
P000507,2026-04-13T17:56:00,C0308,out,711.65,Umiren Marosar,US,wire
P010621,2026-04-13T17:56:00,C0117,out,272.06,Grevvic Farelitz,FR,card
P005514,2026-04-13T18:25:00,C0263,out,1800.21,Mordan Jorelyan,VN,wire
P009980,2026-04-13T18:30:00,C0327,in,2044.97,Umiren Pravinitz,MY,wire
P010581,2026-04-13T18:38:00,C0245,out,762.08,Veriel Lundraar,US,wire
P003965,2026-04-13T19:14:00,C0088,in,456.50,Ilydan Pravinski,FR,wire
P009882,2026-04-13T19:35:00,C0172,in,5247.94,Ostvic Lundraenko,FR,card
P006347,2026-04-13T19:39:00,C0140,in,977.12,Sevdan Farelitz,AU,wire
P010890,2026-04-13T19:47:00,C0274,out,20387.96,Zarvic Lundraar,AU,wire
P008632,2026-04-13T19:53:00,C0373,out,266.62,Ilytas Aldrear,DE,wire
P005921,2026-04-13T20:04:00,C0064,in,827.70,Kanek Davreenko,KR,wire
P001376,2026-04-13T20:17:00,C0105,out,11461.08,Sevlo Davreenko,US,wire
P009575,2026-04-13T20:25:00,C0072,out,7504.72,Zartas Pravinenko,VN,wire
P007354,2026-04-13T20:47:00,C0127,in,1202.54,Hennek Gostynitz,VN,wire
P011239,2026-04-13T20:55:00,C0094,in,187.88,Ilyvic Orzekul,XB,wire
P001534,2026-04-13T21:11:00,C0399,out,2707.03,Umimir Davreenko,SG,wire
P007600,2026-04-13T21:21:00,C0021,out,1653.23,Mormir Jorelyan,MY,wire
P004337,2026-04-13T21:31:00,C0291,out,2676.30,Ilyriel Jorelar,VN,wire
P010005,2026-04-13T21:47:00,C0369,in,416.32,Ilytas Davreenko,JP,card
P006922,2026-04-13T21:56:00,C0367,out,1530.04,Sevren Ivaskienko,KR,wire
P006917,2026-04-13T22:06:00,C0090,out,1650.79,Hennek Enkoitz,XC,wire
P010541,2026-04-13T22:14:00,C0383,out,475.51,Dormir Davreul,VN,wire
P002376,2026-04-13T22:32:00,C0176,out,725.24,Grevvic Hanreitz,MY,wire
P010044,2026-04-13T22:44:00,C0034,out,3007.01,Henren Gostynski,JP,cash
P004926,2026-04-13T22:47:00,C0153,out,997.17,Felnek Boskoov,US,wire
P005305,2026-04-13T22:50:00,C0338,in,1361.36,Zarvic Marosyan,JP,wire
P009552,2026-04-13T22:54:00,C0389,in,1618.97,Vemir Farelyan,DE,wire
P001904,2026-04-13T23:24:00,C0141,in,1553.18,Hentas Nevicenko,MY,wire
P011406,2026-04-13T23:38:00,C0121,out,1023.00,Grevvic Joreles,DE,wire
P006788,2026-04-13T23:42:00,C0163,out,1274.05,Uminek Aldreul,KR,wire
P008530,2026-04-13T23:51:00,C0294,in,2193.28,Zarriel Ivaskitz,KR,wire
P011219,2026-04-13T23:56:00,C0252,out,2015.72,Grevnek Boskoul,JP,card
P005410,2026-04-14T00:13:00,C0070,in,835.65,Talmir Joreles,KR,wire
P005656,2026-04-14T00:26:00,C0195,in,1222.98,Nisren Boskoenko,SG,wire
P000977,2026-04-14T00:33:00,C0154,in,2112.85,Dorvic Enkoul,VN,card
P003035,2026-04-14T00:34:00,C0217,out,2722.09,Ostnek Lundrayenko,US,wire
P001129,2026-04-14T01:02:00,C0147,in,434.84,Felvic Gostynyan,KR,wire
P000821,2026-04-14T01:19:00,C0298,out,2009.18,Osttas Hanreov,KR,cash
P001024,2026-04-14T01:25:00,C0333,in,2821.29,Zarnek Boskoul,MY,card
P004990,2026-04-14T01:25:00,C0189,in,1383.28,Talvic Boskoov,SG,wire
P009067,2026-04-14T01:28:00,C0183,out,1542.29,Zarriel Ivaskitz,KR,card
P000897,2026-04-14T01:36:00,C0171,out,1175.47,Ralnek Lundraenko,VN,wire
P002950,2026-04-14T02:08:00,C0276,in,1056.04,Branren Cernaenko,JP,cash
P003757,2026-04-14T02:28:00,C0245,out,10521.32,Zarvic Enkoar,DE,wire
P008896,2026-04-14T02:56:00,C0111,in,833.92,Talren Pravinar,AU,wire
P003828,2026-04-14T03:04:00,C0025,out,283.54,Felnek Enkoitz,KR,card
P008639,2026-04-14T03:09:00,C0183,out,2252.28,Felriel Lundraski,SG,wire
P002118,2026-04-14T03:33:00,C0359,out,633.93,Sevriel Pravinar,JP,wire
P008950,2026-04-14T04:00:00,C0075,in,1881.15,Kamir Lundraul,AU,cash
P003289,2026-04-14T04:04:00,C0395,in,209.69,Dormir Ivaskar,US,card
P001607,2026-04-14T04:28:00,C0153,out,11958.74,Ostdan Farelski,DE,wire
P000926,2026-04-14T04:37:00,C0241,in,1025.65,Nisnek Krevoitz,KR,card
P008207,2026-04-14T04:39:00,C0069,in,345.81,Ostdan Gostynov,AU,cash
P001519,2026-04-14T04:47:00,C0006,in,2926.07,Ralnek Jorelitz,US,wire
P006911,2026-04-14T05:20:00,C0171,in,8054.78,Ilynek Krevoski,VN,wire
P002821,2026-04-14T05:32:00,C0047,in,525.61,Mornek Ivaskyan,DE,wire
P011207,2026-04-14T05:38:00,C0066,in,726.83,Zarriel Farelyan,US,wire
P009031,2026-04-14T06:10:00,C0225,in,800.66,Veren Pravinyan,KR,cash
P010549,2026-04-14T06:29:00,C0282,out,1174.01,Zarlo Nevicski,SG,wire
P005878,2026-04-14T06:33:00,C0082,out,908.90,Ostlo Boskoul,DE,wire
P010099,2026-04-14T06:33:00,C0083,out,423.35,Henmir Davrear,KR,wire
P004638,2026-04-14T06:56:00,C0080,out,8859.75,Sevdan Nevicul,AU,card
P008979,2026-04-14T07:18:00,C0310,in,407.91,Ralren Hanreyan,GB,cash
P004237,2026-04-14T07:23:00,C0048,in,9994.38,Dortas Krevoul,VN,card
P010432,2026-04-14T07:33:00,C0147,in,581.82,Umitas Orzekar,MY,wire
P003912,2026-04-14T07:38:00,C0208,in,3812.19,Veriel Jorelenko,JP,wire
P008095,2026-04-14T07:40:00,C0141,out,230.45,Veriel Lundraenko,DE,wire
P000024,2026-04-14T08:29:00,C0119,out,400.75,Kalo Cernaes,MY,wire
P006399,2026-04-14T08:34:00,C0034,in,1566.66,Mordan Davreitz,MY,wire
P011922,2026-04-14T08:55:00,C0260,out,123.21,Talriel Ivaskski,FR,wire
P004150,2026-04-14T08:56:00,C0339,in,591.32,Zarmir Hanreyan,JP,card
P000004,2026-04-14T09:01:00,C0378,in,4677.69,Grevlo Boskoski,KR,wire
P007619,2026-04-14T09:05:00,C0360,in,4267.17,Umitas Jorelitz,MY,wire
P003453,2026-04-14T09:28:00,C0185,out,1450.00,Henmir Hanreul,DE,cash
P004817,2026-04-14T09:29:00,C0063,out,192.49,Talren Nevicov,AU,cash
P011648,2026-04-14T09:40:00,C0389,out,825.79,Ralren Nevicar,MY,card
P009462,2026-04-14T09:42:00,C0302,in,2651.97,Zarnek Jorelitz,XC,wire
P011442,2026-04-14T09:48:00,C0045,in,723.07,Umilo Cernaski,AU,cash
P008200,2026-04-14T10:03:00,C0332,in,2885.27,Ostmir Boskoar,SG,wire
P001419,2026-04-14T10:05:00,C0334,in,4715.20,Branriel Ivaskenko,JP,card
P011633,2026-04-14T10:09:00,C0117,in,643.33,Ostlo Boskoul,FR,cash
P004075,2026-04-14T10:18:00,C0368,out,3512.96,Zarvic Ivaskyan,AU,cash
P004078,2026-04-14T10:18:00,C0345,out,470.56,Brandan Pravinul,SG,wire
P007447,2026-04-14T10:25:00,C0187,in,226.57,Felriel Jorelski,JP,card
P000579,2026-04-14T10:35:00,C0070,in,320.15,Umilo Orzekyan,JP,wire
P003863,2026-04-14T10:49:00,C0297,out,3529.09,Umilo Enkoski,JP,wire
P001269,2026-04-14T10:56:00,C0084,out,330.49,Henvic Fareles,US,wire
P002752,2026-04-14T11:01:00,C0398,in,786.83,Osttas Nevicenko,VN,wire
P007958,2026-04-14T11:03:00,C0148,out,2481.47,Branren Davreul,MY,wire
P002692,2026-04-14T11:36:00,C0392,out,2783.60,Nisdan Aldreul,MY,wire
P004479,2026-04-14T11:40:00,C0205,in,520.99,Raltas Farelitz,AU,wire
P000207,2026-04-14T12:18:00,C0225,out,2426.58,Dorvic Enkoul,FR,wire
P004884,2026-04-14T12:23:00,C0023,in,389.39,Nisdan Aldreul,MY,wire
P008197,2026-04-14T12:39:00,C0014,out,325.13,Mornek Ivaskyan,MY,wire
P001294,2026-04-14T12:43:00,C0322,in,260.66,Dorren Marosenko,US,wire
P002832,2026-04-14T12:47:00,C0298,in,1546.85,Grevlo Farelitz,MY,wire
P003243,2026-04-14T12:51:00,C0293,out,2126.76,Ostriel Davreski,XA,cash
P003998,2026-04-14T13:09:00,C0362,in,4795.83,Morriel Ivaskyan,GB,card
P008778,2026-04-14T13:15:00,C0233,out,814.93,Umivic Boskoenko,SG,card
P010588,2026-04-14T13:19:00,C0335,in,4824.68,Grevtas Pravinul,AU,wire
P000097,2026-04-14T13:44:00,C0179,in,343.78,Kariel Ivaskenko,KR,wire
P003053,2026-04-14T13:51:00,C0163,in,3912.58,Ostriel Hanreitz,US,card
P001028,2026-04-14T13:52:00,C0183,out,336.42,Nisren Jorelyan,JP,wire
P011376,2026-04-14T13:58:00,C0320,out,2809.98,Nisdan Ivaskyan,FR,wire
P010666,2026-04-14T14:17:00,C0137,out,529.51,Talmir Lundraes,GB,wire
P001486,2026-04-14T14:20:00,C0048,out,331.44,Felmir Gostynyan,KR,wire
P004017,2026-04-14T14:20:00,C0352,out,405.35,Felren Gostynul,GB,wire
P011954,2026-04-14T14:23:00,C0188,in,1134.24,Kamir Lundraul,VN,wire
P004955,2026-04-14T14:24:00,C0388,out,244.37,Henlo Krevoov,MY,card
P005170,2026-04-14T14:29:00,C0263,out,477.45,Grevren Enkoitz,KR,wire
P011056,2026-04-14T14:34:00,C0028,out,1944.35,Branriel Enkoar,FR,wire
P012010,2026-04-14T15:00:00,C0300,in,9839.77,Taldan Lundraski,US,cash
P009478,2026-04-14T15:11:00,C0113,out,1781.16,Kadan Lundraes,VN,wire
P002038,2026-04-14T15:21:00,C0348,out,339.92,Raltas Jorelyan,AU,wire
P007985,2026-04-14T15:26:00,C0101,in,846.37,Umiriel Pravinitz,FR,cash
P004891,2026-04-14T15:41:00,C0198,out,1202.01,Hentas Boskoul,AU,cash
P005865,2026-04-14T15:53:00,C0094,in,2826.54,Sevtas Pravinski,JP,wire
P003429,2026-04-14T15:56:00,C0318,in,6614.75,Uminek Aldreul,US,cash
P000023,2026-04-14T16:09:00,C0316,in,3344.21,Ostlo Krevoes,US,wire
P010041,2026-04-14T16:10:00,C0274,in,529.11,Zarlo Hanreov,US,wire
P011495,2026-04-14T16:14:00,C0353,in,8376.42,Velo Hanreul,KR,wire
P011849,2026-04-14T16:25:00,C0113,out,125.50,Ralvic Jorelenko,US,wire
P011994,2026-04-14T16:31:00,C0381,out,1119.34,Talmir Orzekes,FR,wire
P006292,2026-04-14T16:32:00,C0153,in,3644.85,Mormir Gostynenko,SG,wire
P002129,2026-04-14T16:33:00,C0348,in,4233.67,Sevriel Davreski,GB,wire
P005295,2026-04-14T16:50:00,C0143,in,742.02,Raltas Enkoenko,SG,card
P002213,2026-04-14T17:01:00,C0277,in,193.60,Ostriel Lundraul,FR,cash
P003886,2026-04-14T17:04:00,C0114,out,1019.32,Branlo Farelski,US,wire
P008867,2026-04-14T17:20:00,C0125,out,721.47,Dorvic Gostynov,GB,wire
P011523,2026-04-14T17:24:00,C0142,in,124.42,Sevdan Pravinitz,KR,card
P003224,2026-04-14T17:40:00,C0102,out,4218.95,Dorriel Nevicitz,JP,card
P001298,2026-04-14T17:48:00,C0164,in,7080.11,Talmir Lundraes,KR,wire
P008685,2026-04-14T17:49:00,C0171,in,732.67,Kadan Aldreov,DE,card
P001378,2026-04-14T17:59:00,C0283,in,180.46,Veren Cernaenko,AU,wire
P002352,2026-04-14T18:09:00,C0301,in,1955.55,Felriel Lundraski,KR,card
P007919,2026-04-14T18:16:00,C0036,in,784.94,Henriel Aldreyan,VN,card
P000306,2026-04-14T18:46:00,C0300,out,1642.70,Ostlo Boskoul,VN,wire
P011151,2026-04-14T19:04:00,C0265,out,1595.38,Ralnek Enkoyan,JP,wire
P010280,2026-04-14T19:16:00,C0340,out,351.07,Osttas Farelul,JP,wire
P001239,2026-04-14T19:20:00,C0018,in,796.99,Umimir Boskoenko,XC,wire
P002650,2026-04-14T19:20:00,C0260,in,594.95,Talren Krevoyan,DE,wire
P011001,2026-04-14T19:33:00,C0056,out,5793.11,Nisnek Nevicul,AU,wire
P005349,2026-04-14T19:42:00,C0054,in,1483.51,Sevriel Davrear,DE,wire
P000233,2026-04-14T19:44:00,C0086,in,2526.20,Hendan Hanreski,US,card
P008742,2026-04-14T19:51:00,C0376,in,388.72,Brantas Cernaar,MY,wire
P011493,2026-04-14T19:53:00,C0238,out,1837.07,Mormir Hanreov,SG,wire
P010364,2026-04-14T20:00:00,C0156,in,4963.72,Branriel Cernaov,XC,wire
P011194,2026-04-14T20:29:00,C0133,out,925.10,Nismir Krevoar,XB,card
P011407,2026-04-14T20:57:00,C0212,in,4553.42,Henvic Cernaov,XA,wire
P010269,2026-04-14T21:07:00,C0298,out,1009.28,Mortas Orzekyan,FR,wire
P002825,2026-04-14T21:08:00,C0230,in,1712.40,Kanek Boskoyan,VN,card
P000288,2026-04-14T21:13:00,C0376,out,333.15,Henmir Enkoski,KR,cash
P005217,2026-04-14T21:16:00,C0307,in,1587.18,Dordan Lundraar,US,wire
P008957,2026-04-14T21:35:00,C0220,in,705.31,Ilyren Krevoyan,KR,wire
P005287,2026-04-14T21:41:00,C0340,in,4515.84,Dorren Ivaskenko,AU,wire
P007239,2026-04-14T21:43:00,C0130,out,1532.30,Felren Davreenko,JP,wire
P011238,2026-04-14T21:55:00,C0187,in,125.10,Branlo Marosyan,FR,cash
P007858,2026-04-14T21:57:00,C0038,in,1132.90,Dorvic Krevoenko,GB,card
P008906,2026-04-14T22:13:00,C0248,out,1444.97,Mordan Jorelyan,VN,wire
P006352,2026-04-14T22:15:00,C0349,out,446.24,Branriel Lundraenko,AU,card
P001242,2026-04-14T22:34:00,C0280,in,3496.23,Osttas Farelul,AU,cash
P004220,2026-04-14T22:53:00,C0027,in,1016.09,Sevvic Pravinenko,SG,card
P005017,2026-04-14T22:59:00,C0359,in,2986.66,Kalo Davreski,GB,wire
P011366,2026-04-14T23:21:00,C0251,in,4496.05,Hentas Nevicenko,GB,wire
P009741,2026-04-14T23:22:00,C0220,in,1448.27,Henmir Davreov,SG,wire
P008899,2026-04-14T23:23:00,C0367,in,369.19,Grevren Ivaskar,AU,wire
P003012,2026-04-14T23:46:00,C0325,out,313.82,Henren Krevoitz,GB,wire
P006674,2026-04-14T23:49:00,C0214,in,295.71,Dornek Boskoski,MY,wire
P001591,2026-04-15T00:21:00,C0188,out,1196.19,Velo Joreles,VN,wire
P002702,2026-04-15T00:40:00,C0352,in,211.43,Ralvic Pravinyan,JP,cash
P004841,2026-04-15T01:16:00,C0298,out,551.15,Hennek Enkoar,DE,wire
P004026,2026-04-15T01:33:00,C0202,out,4808.23,Zarvic Nevicov,AU,wire
P004619,2026-04-15T01:36:00,C0157,out,696.62,Sevren Orzekar,KR,wire
P001655,2026-04-15T01:44:00,C0114,in,989.78,Kamir Farelul,FR,wire
P002539,2026-04-15T01:44:00,C0231,out,595.35,Umilo Cernaski,SG,card
P008760,2026-04-15T01:59:00,C0184,out,1118.71,Umimir Lundrayan,AU,wire
P010802,2026-04-15T02:21:00,C0117,in,223.20,Zarren Davreov,SG,wire
P004960,2026-04-15T02:23:00,C0223,in,493.62,Ralriel Farelski,SG,wire
P010582,2026-04-15T02:23:00,C0219,out,435.96,Rallo Pravinenko,KR,card
P009688,2026-04-15T02:26:00,C0066,in,669.28,Dorlo Farelar,JP,wire
P001069,2026-04-15T02:27:00,C0290,in,1547.09,Ilylo Farelyan,GB,wire
P010514,2026-04-15T02:54:00,C0369,in,288.08,Henmir Krevoes,DE,wire
P011599,2026-04-15T02:55:00,C0228,in,4041.28,Zardan Gostynyan,US,wire
P000835,2026-04-15T02:58:00,C0316,out,1000.10,Mortas Lundrayan,DE,wire
P008723,2026-04-15T03:08:00,C0028,out,623.73,Branren Davreyan,GB,wire
P011861,2026-04-15T03:11:00,C0360,out,621.91,Henren Enkoitz,JP,wire
P009026,2026-04-15T03:13:00,C0382,in,246.01,Kadan Nevicov,XC,wire
P009958,2026-04-15T03:20:00,C0242,out,6010.64,Hennek Davrees,VN,cash
P006550,2026-04-15T03:21:00,C0282,in,681.50,Kavic Gostynyan,JP,wire
P004637,2026-04-15T03:27:00,C0298,out,3043.45,Ilyren Ivaskar,DE,wire
P001906,2026-04-15T03:30:00,C0130,in,764.21,Ilylo Gostynski,KR,card
P002184,2026-04-15T03:39:00,C0163,out,936.21,Brandan Gostynitz,US,wire
P009500,2026-04-15T03:45:00,C0286,out,814.91,Sevriel Joreles,US,wire
P011405,2026-04-15T03:51:00,C0262,in,1248.42,Henmir Krevoes,SG,wire
P005455,2026-04-15T03:53:00,C0027,out,1328.29,Veren Hanrear,VN,wire
P005183,2026-04-15T04:05:00,C0011,out,966.51,Kadan Boskoov,US,wire
P006477,2026-04-15T04:20:00,C0266,out,10248.65,Henmir Davrear,SG,cash
P008870,2026-04-15T04:30:00,C0088,in,653.09,Ostmir Jorelov,US,wire
P006320,2026-04-15T04:32:00,C0014,in,4578.32,Brandan Gostynitz,AU,wire
P007761,2026-04-15T04:43:00,C0218,in,657.43,Ralnek Farelski,MY,wire
P010820,2026-04-15T04:55:00,C0022,in,2439.43,Morlo Jorelenko,FR,wire
P007671,2026-04-15T04:59:00,C0366,out,200.28,Sevriel Nevicar,AU,wire
P011928,2026-04-15T05:09:00,C0260,out,2374.49,Dormir Davreul,US,wire
P011595,2026-04-15T05:44:00,C0190,out,400.72,Sevmir Farelov,DE,wire
P005354,2026-04-15T05:55:00,C0324,out,642.67,Zarnek Ivaskov,SG,wire
P001484,2026-04-15T05:56:00,C0282,in,1238.52,Dorren Hanrear,KR,wire
P000698,2026-04-15T06:11:00,C0339,in,1234.30,Brantas Cernaar,KR,cash
P009615,2026-04-15T06:16:00,C0273,in,1447.55,Veriel Lundraar,AU,cash
P005012,2026-04-15T06:26:00,C0383,out,822.24,Dornek Boskoski,VN,wire
P008784,2026-04-15T06:43:00,C0181,out,260.98,Nislo Gostynitz,FR,wire
P008568,2026-04-15T07:19:00,C0063,in,24642.56,Dortas Joreles,JP,wire
P010849,2026-04-15T07:23:00,C0064,in,2751.96,Grevlo Orzekski,US,card
P008481,2026-04-15T07:34:00,C0208,in,4784.73,Talmir Joreles,GB,wire
P006086,2026-04-15T07:54:00,C0014,in,1635.20,Nisdan Farelar,KR,wire
P003382,2026-04-15T08:05:00,C0335,in,687.48,Umilo Davreitz,MY,wire
P006866,2026-04-15T08:12:00,C0218,out,926.22,Branmir Farelski,US,wire
P003265,2026-04-15T08:20:00,C0127,in,829.07,Felren Davreov,GB,card
P005511,2026-04-15T08:21:00,C0070,out,5355.01,Sevren Jorelenko,SG,wire
P001279,2026-04-15T08:24:00,C0148,in,1944.29,Umidan Hanreenko,KR,wire
P001249,2026-04-15T08:28:00,C0145,in,1113.33,Zarlo Pravinyan,GB,wire
P005268,2026-04-15T08:31:00,C0193,out,240.53,Kamir Enkoyan,JP,card
P004487,2026-04-15T08:36:00,C0049,out,12444.02,Sevlo Maroses,KR,cash
P012011,2026-04-15T09:00:00,C0300,in,9337.68,Branlo Enkoenko,US,cash
P005629,2026-04-15T09:16:00,C0389,out,675.97,Raltas Nevicitz,DE,wire
P010624,2026-04-15T09:48:00,C0215,in,5427.62,Tallo Farelenko,FR,card
P010480,2026-04-15T10:06:00,C0239,out,279.36,Mornek Nevicenko,VN,wire
P002779,2026-04-15T10:21:00,C0289,in,2085.43,Kavic Cernaitz,VN,wire
P002036,2026-04-15T10:35:00,C0034,out,2637.01,Nisren Davrear,FR,wire
P002830,2026-04-15T11:08:00,C0327,out,1138.40,Sevlo Gostynov,AU,wire
P010771,2026-04-15T11:13:00,C0155,out,497.21,Zarmir Orzekyan,FR,cash
P003069,2026-04-15T11:40:00,C0335,in,3761.90,Katas Gostynenko,VN,cash
P002563,2026-04-15T11:42:00,C0065,out,362.07,Ostmir Gostynenko,VN,wire
P006713,2026-04-15T12:09:00,C0293,out,227.01,Mortas Orzekyan,FR,wire
P011938,2026-04-15T12:14:00,C0164,in,757.41,Ostlo Jorelar,KR,wire
P007126,2026-04-15T12:26:00,C0328,out,1271.06,Zardan Cernaes,US,card
P001877,2026-04-15T12:37:00,C0102,in,258.43,Katas Pravines,GB,wire
P008649,2026-04-15T12:40:00,C0108,out,5253.24,Talmir Davreitz,US,wire
P004477,2026-04-15T12:44:00,C0048,out,1996.98,Zartas Gostynar,FR,card
P011241,2026-04-15T12:51:00,C0263,out,5823.94,Umitas Jorelitz,VN,wire
P009400,2026-04-15T12:55:00,C0134,in,7604.82,Branren Nevices,GB,wire
P002145,2026-04-15T13:26:00,C0378,in,300.06,Ralvic Jorelenko,MY,wire
P005707,2026-04-15T13:52:00,C0217,out,6211.39,Ralren Fareles,JP,wire
P000542,2026-04-15T14:13:00,C0276,out,385.13,Zartas Farelyan,VN,wire
P000772,2026-04-15T14:20:00,C0163,out,362.03,Veren Cernaenko,SG,cash
P009548,2026-04-15T14:22:00,C0089,out,1152.01,Sevvic Pravinenko,JP,wire
P011334,2026-04-15T14:29:00,C0163,out,1702.44,Zarvic Nevicov,SG,wire
P011620,2026-04-15T14:45:00,C0090,out,2916.07,Grevvic Farelitz,SG,card
P003422,2026-04-15T15:00:00,C0125,in,441.36,Grevvic Marosov,KR,wire
P004524,2026-04-15T15:29:00,C0359,in,2714.46,Talren Lundrayan,MY,wire
P007783,2026-04-15T15:30:00,C0333,out,471.94,Taldan Hanreski,JP,wire
P004937,2026-04-15T15:36:00,C0089,in,710.85,Zartas Gostynar,KR,wire
P000272,2026-04-15T15:46:00,C0187,out,6341.29,Zarriel Marositz,KR,wire
P002634,2026-04-15T16:00:00,C0033,in,534.51,Tallo Farelar,SG,wire
P004030,2026-04-15T16:01:00,C0074,out,770.85,Hentas Nevicenko,MY,wire
P006334,2026-04-15T16:08:00,C0063,out,2953.42,Zarnek Cernasenko,XC,wire
P011737,2026-04-15T16:10:00,C0042,in,67.94,Talnek Lundrayan,SG,wire
P003650,2026-04-15T16:18:00,C0276,out,511.51,Sevnek Orzekski,FR,wire
P001096,2026-04-15T16:34:00,C0377,in,1826.42,Branriel Jorelul,KR,card
P001359,2026-04-15T16:46:00,C0231,out,754.75,Henlo Krevoov,KR,cash
P009903,2026-04-15T17:05:00,C0004,in,84.22,Hentas Hanreul,VN,cash
P010753,2026-04-15T17:06:00,C0349,in,1037.01,Dormir Lundraes,SG,wire
P001385,2026-04-15T17:15:00,C0008,in,815.73,Henren Enkoitz,FR,wire
P005103,2026-04-15T17:49:00,C0025,out,686.71,Talmir Nevicsenko,US,wire
P009961,2026-04-15T17:50:00,C0042,out,1911.41,Velo Lundrayan,GB,wire
P003435,2026-04-15T18:09:00,C0260,out,3029.96,Nisren Aldreski,JP,wire
P007693,2026-04-15T18:13:00,C0111,out,335.78,Dorvic Marosar,JP,card
P001724,2026-04-15T18:43:00,C0260,in,690.14,Mortas Marosski,DE,card
P007321,2026-04-15T18:48:00,C0227,out,2093.08,Morren Cernayan,US,wire
P010286,2026-04-15T19:10:00,C0260,in,756.99,Hennek Gostynitz,VN,wire
P007403,2026-04-15T19:23:00,C0048,in,1543.78,Kanek Boskoyan,GB,cash
P010778,2026-04-15T19:28:00,C0117,out,307.53,Talvic Farelul,SG,wire
P005188,2026-04-15T19:58:00,C0071,in,2117.45,Grevdan Jorelar,GB,wire
P007592,2026-04-15T20:30:00,C0191,in,215.91,Brantas Enkoov,SG,card
P007521,2026-04-15T20:34:00,C0060,in,2392.45,Sevtas Aldreov,AU,wire
P002391,2026-04-15T20:37:00,C0141,out,1348.63,Talmir Krevoul,US,wire
P008973,2026-04-15T20:42:00,C0125,in,7777.25,Branmir Ivaskul,JP,wire
P010587,2026-04-15T21:08:00,C0210,out,522.89,Brandan Hanreitz,FR,card
P003735,2026-04-15T21:15:00,C0130,out,4260.73,Felvic Ivaskitz,GB,wire
P004111,2026-04-15T21:26:00,C0245,in,1396.49,Grevvic Hanreitz,MY,card
P001371,2026-04-15T21:38:00,C0194,out,843.57,Umimir Boskoenko,DE,card
P011736,2026-04-15T21:46:00,C0033,in,2883.03,Mordan Enkoyan,SG,wire
P007915,2026-04-15T21:58:00,C0304,in,408.12,Venek Boskoyan,MY,cash
P000227,2026-04-15T22:08:00,C0159,in,722.26,Talriel Farelar,GB,cash
P005488,2026-04-15T22:24:00,C0079,out,1283.97,Ralnek Lundraenko,MY,cash
P010069,2026-04-15T22:55:00,C0049,out,2766.80,Dordan Orzekitz,VN,wire
P001878,2026-04-15T22:57:00,C0335,in,1009.41,Grevlo Gostynes,KR,wire
P006617,2026-04-15T23:08:00,C0220,in,1062.18,Zarnek Lundrayan,US,wire
P011472,2026-04-15T23:13:00,C0299,out,237.88,Ilytas Hanreski,DE,card
P006956,2026-04-15T23:43:00,C0316,out,65.75,Brannek Krevoski,AU,wire
P008534,2026-04-15T23:44:00,C0285,in,3545.35,Rallo Pravinenko,KR,card
P006230,2026-04-15T23:47:00,C0063,out,737.91,Feldan Boskoov,VN,cash
P011018,2026-04-15T23:54:00,C0314,in,2423.59,Osttas Hanreov,DE,wire
P005130,2026-04-16T00:13:00,C0336,out,476.57,Tallo Farelar,GB,cash
P006371,2026-04-16T00:27:00,C0300,out,5007.03,Dormir Aldreyan,SG,wire
P010129,2026-04-16T00:43:00,C0209,out,287.33,Ralmir Cernaski,JP,wire
P004914,2026-04-16T00:49:00,C0268,in,1073.07,Grevtas Pravinul,AU,wire
P005129,2026-04-16T00:51:00,C0379,in,895.44,Ostlo Orzekar,VN,wire
P003949,2026-04-16T01:05:00,C0045,out,353.31,Umiren Lundraski,VN,wire
P002242,2026-04-16T01:20:00,C0292,out,579.98,Ilydan Marositz,FR,wire
P006433,2026-04-16T02:03:00,C0221,in,71.28,Kamir Farelul,MY,wire
P004541,2026-04-16T02:13:00,C0385,in,5265.14,Taltas Jorelar,VN,card
P007151,2026-04-16T02:14:00,C0173,in,246.21,Zarlo Orzekes,DE,wire
P001812,2026-04-16T02:20:00,C0178,in,692.23,Grevmir Ivaskul,MY,wire
P007890,2026-04-16T02:26:00,C0097,in,455.16,Grevlo Orzekski,SG,wire
P003567,2026-04-16T02:30:00,C0293,in,1023.30,Ralriel Orzekar,JP,wire
P011451,2026-04-16T02:30:00,C0120,in,655.00,Kavic Aldreul,FR,cash
P003478,2026-04-16T02:36:00,C0293,out,445.90,Branriel Enkoul,VN,card
P002028,2026-04-16T02:38:00,C0042,out,755.35,Dorren Hanreyan,KR,wire
P003988,2026-04-16T02:56:00,C0301,out,5899.99,Grevlo Gostynes,GB,card
P002202,2026-04-16T03:13:00,C0276,out,4015.57,Zarriel Krevoul,MY,wire
P004489,2026-04-16T03:14:00,C0330,in,543.62,Ralriel Gostynov,AU,wire
P003327,2026-04-16T03:20:00,C0163,in,2435.90,Grevren Hanreov,KR,wire
P004160,2026-04-16T03:34:00,C0163,out,250.12,Mordan Enkoes,AU,card
P002791,2026-04-16T03:47:00,C0194,in,5816.13,Ralvic Pravinyan,KR,wire
P006743,2026-04-16T03:59:00,C0367,out,614.70,Sevnek Ivaskitz,VN,card
P003792,2026-04-16T04:11:00,C0258,out,1207.82,Ilytas Aldrear,JP,wire
P002715,2026-04-16T04:28:00,C0234,out,807.15,Veriel Krevoitz,JP,wire
P007378,2026-04-16T04:46:00,C0215,out,11052.44,Taldan Pravines,JP,wire
P002951,2026-04-16T04:51:00,C0077,out,2219.25,Zarmir Orzekar,VN,wire
P008503,2026-04-16T05:27:00,C0396,in,3872.35,Nisren Gostynes,KR,wire
P010683,2026-04-16T05:32:00,C0167,out,4619.18,Felriel Jorelski,FR,wire
P002706,2026-04-16T05:43:00,C0204,out,1291.99,Henvic Jorelitz,MY,wire
P002612,2026-04-16T05:52:00,C0158,out,597.06,Zarvic Nevicov,GB,wire
P011469,2026-04-16T06:06:00,C0361,out,145.68,Sevdan Hanreyan,FR,wire
P006963,2026-04-16T06:10:00,C0156,in,760.60,Raltas Gostynes,XA,wire
P004834,2026-04-16T06:47:00,C0315,in,5475.07,Hentas Hanreul,SG,wire
P008616,2026-04-16T06:49:00,C0033,in,804.85,Grevriel Cernaes,AU,card
P009419,2026-04-16T06:57:00,C0156,out,83.57,Umilo Hanrear,SG,card
P003639,2026-04-16T06:59:00,C0223,in,1043.61,Branriel Enkoar,VN,wire
P006724,2026-04-16T07:00:00,C0048,out,862.67,Umiren Davreov,US,card
P004574,2026-04-16T07:08:00,C0130,out,1466.39,Kavic Boskoitz,DE,cash
P007285,2026-04-16T07:16:00,C0359,in,462.69,Ostriel Davreski,SG,card
P004433,2026-04-16T07:17:00,C0378,in,557.14,Ostnek Nevicenko,VN,cash
P009158,2026-04-16T07:17:00,C0056,out,603.24,Veren Hanrear,AU,card
P002048,2026-04-16T07:20:00,C0071,out,242.86,Ostlo Pravinski,DE,wire
P006769,2026-04-16T07:38:00,C0080,in,340.26,Hennek Davrees,US,wire
P003693,2026-04-16T07:42:00,C0004,in,622.37,Ralriel Lundraov,MY,card
P000381,2026-04-16T07:54:00,C0335,out,1032.02,Dorlo Boskoski,US,wire
P008701,2026-04-16T07:56:00,C0267,in,1325.73,Dortas Joreles,US,wire
P004325,2026-04-16T07:59:00,C0349,in,812.69,Dorriel Jorelenko,VN,cash
P007678,2026-04-16T08:08:00,C0089,out,1681.68,Rallo Ivaskenko,VN,wire
P010056,2026-04-16T08:26:00,C0076,out,3689.22,Taltas Aldreov,DE,wire
P004598,2026-04-16T08:34:00,C0107,out,1716.25,Felren Orzekul,DE,wire
P011169,2026-04-16T08:45:00,C0326,out,568.86,Umivic Boskoes,MY,wire
P000870,2026-04-16T08:50:00,C0149,out,691.35,Branren Aldreitz,DE,card
P004299,2026-04-16T08:53:00,C0361,in,447.93,Umiren Lundraski,SG,card
P003855,2026-04-16T08:57:00,C0208,in,1183.85,Zarlo Pravinyan,JP,wire
P005577,2026-04-16T09:03:00,C0170,in,938.22,Talnek Marosyan,MY,cash
P002086,2026-04-16T09:11:00,C0223,in,390.97,Grevlo Boskoski,SG,card
P002156,2026-04-16T09:24:00,C0259,in,1387.88,Ralriel Orzekyan,FR,wire
P001645,2026-04-16T09:27:00,C0138,in,3840.07,Brannek Krevoski,XA,wire
P003621,2026-04-16T09:33:00,C0111,out,517.12,Branren Cernaenko,AU,wire
P004796,2026-04-16T09:39:00,C0049,in,234.18,Nisnek Orzekar,GB,wire
P000051,2026-04-16T09:56:00,C0362,out,9424.29,Grevvic Davreski,GB,wire
P002987,2026-04-16T10:21:00,C0002,out,331.95,Karen Enkoski,DE,cash
P006701,2026-04-16T10:28:00,C0086,out,446.63,Raldan Farelyan,GB,cash
P004103,2026-04-16T10:32:00,C0254,in,245.61,Ralren Lundraes,KR,wire
P007528,2026-04-16T10:40:00,C0334,out,420.71,Talmir Lundraes,JP,wire
P009098,2026-04-16T10:42:00,C0301,out,339.87,Henmir Marosenko,MY,cash
P011037,2026-04-16T10:44:00,C0043,in,265.70,Branren Nevicyan,US,card
P008382,2026-04-16T10:50:00,C0063,in,1618.15,Branren Lundrayan,DE,wire
P007414,2026-04-16T11:54:00,C0162,out,3313.12,Sevdan Ivaskitz,KR,card
P010656,2026-04-16T11:54:00,C0087,in,2547.95,Zarlo Nevicski,JP,wire
P007829,2026-04-16T12:27:00,C0006,out,1410.71,Kariel Pravinul,DE,wire
P009296,2026-04-16T12:49:00,C0311,in,1043.94,Zarvic Enkoitz,VN,wire
P002979,2026-04-16T12:52:00,C0176,in,915.95,Kariel Ivaskenko,VN,wire
P009820,2026-04-16T12:55:00,C0076,in,154.11,Branlo Boskoes,KR,wire
P006134,2026-04-16T13:01:00,C0152,out,267.02,Umilo Marosyan,VN,wire
P011262,2026-04-16T13:04:00,C0235,in,725.09,Morren Farelul,DE,wire
P000533,2026-04-16T13:15:00,C0207,in,2855.56,Grevmir Farelar,XC,wire
P006581,2026-04-16T13:25:00,C0361,in,5511.90,Ralnek Maroses,SG,card
P004604,2026-04-16T13:31:00,C0347,in,4875.99,Zarvic Boskoyan,FR,wire
P011681,2026-04-16T13:38:00,C0122,in,5030.87,Kanek Davreenko,FR,card
P005413,2026-04-16T13:43:00,C0288,in,5544.19,Morvic Pravines,VN,card
P000088,2026-04-16T13:48:00,C0271,in,1798.00,Henren Farelitz,SG,card
P007343,2026-04-16T13:53:00,C0051,out,10548.67,Talren Pravinar,KR,wire
P004454,2026-04-16T13:58:00,C0279,out,722.31,Grevren Enkoitz,FR,wire
P002064,2026-04-16T14:22:00,C0233,in,9048.39,Sevlo Davreenko,KR,wire
P011934,2026-04-16T14:38:00,C0368,in,99.85,Grevmir Farelar,US,wire
P003646,2026-04-16T14:42:00,C0096,in,916.19,Tallo Hanreenko,MY,wire
P010074,2026-04-16T14:43:00,C0040,out,439.14,Kalo Pravinski,US,wire
P009049,2026-04-16T14:52:00,C0177,in,3677.02,Sevlo Davreenko,VN,wire
P007544,2026-04-16T15:04:00,C0043,out,621.04,Grevdan Pravinul,KR,wire
P011631,2026-04-16T15:04:00,C0114,out,9393.40,Vedan Jorelov,GB,card
P010736,2026-04-16T15:09:00,C0390,out,2160.73,Henvic Ivaskski,AU,cash
P011936,2026-04-16T15:17:00,C0162,in,1105.29,Katas Orzekov,DE,wire
P006368,2026-04-16T15:24:00,C0055,in,2117.77,Grevdan Enkoes,AU,cash
P008635,2026-04-16T15:37:00,C0176,in,127.86,Ilymir Orzeksenko,DE,wire
P000719,2026-04-16T15:38:00,C0067,in,12585.50,Ilydan Ivasksenko,GB,wire
P007878,2026-04-16T16:09:00,C0042,out,4674.56,Henlo Ivaskski,JP,wire
P002252,2026-04-16T16:17:00,C0058,out,2057.76,Tallo Jorelar,VN,wire
P008640,2026-04-16T16:25:00,C0309,in,536.67,Veren Farelul,GB,wire
P009944,2026-04-16T16:46:00,C0127,in,7062.82,Taltas Pravinul,VN,wire
P009005,2026-04-16T16:57:00,C0197,out,2309.85,Henren Lundraul,SG,wire
P006855,2026-04-16T17:16:00,C0328,out,1025.83,Sevvic Jorelski,SG,wire
P011275,2026-04-16T17:22:00,C0331,in,1172.48,Morvic Pravines,DE,wire
P005146,2026-04-16T17:48:00,C0019,out,5061.29,Fello Boskoitz,GB,wire
P007477,2026-04-16T17:50:00,C0373,out,679.95,Venek Hanreenko,GB,wire
P000854,2026-04-16T18:09:00,C0220,out,7518.19,Henvic Cernaov,XA,card
P006216,2026-04-16T18:12:00,C0374,in,651.94,Ilytas Aldrear,MY,cash
P010791,2026-04-16T18:15:00,C0329,out,22321.20,Umimir Boskoenko,DE,wire
P000145,2026-04-16T18:18:00,C0006,in,173.97,Ilydan Cernaes,XC,wire
P003586,2026-04-16T18:46:00,C0268,out,1126.62,Grevlo Orzekar,VN,wire
P001455,2026-04-16T18:55:00,C0221,out,10626.79,Henmir Hanreul,VN,cash
P004217,2026-04-16T18:59:00,C0037,out,787.24,Raltas Jorelyan,GB,cash
P002567,2026-04-16T19:03:00,C0393,out,107.50,Sevdan Davreitz,KR,wire
P011316,2026-04-16T19:15:00,C0029,in,323.77,Zarvic Boskoyan,AU,card
P000109,2026-04-16T19:30:00,C0060,out,1180.40,Vetas Gostynenko,JP,card
P010211,2026-04-16T19:32:00,C0026,in,143.20,Branren Gostynyan,FR,wire
P008981,2026-04-16T19:51:00,C0271,in,710.11,Zarmir Orzekyan,MY,wire
P006476,2026-04-16T19:52:00,C0130,in,447.67,Kavic Lundraenko,VN,card
P001318,2026-04-16T19:55:00,C0224,in,1322.31,Umiren Pravinul,SG,cash
P008667,2026-04-16T19:57:00,C0151,out,2483.04,Grevvic Gostynenko,KR,wire
P009029,2026-04-16T20:02:00,C0263,out,319.43,Ralnek Orzekul,US,wire
P002656,2026-04-16T20:03:00,C0124,in,2113.93,Kariel Nevicul,DE,wire
P003835,2026-04-16T20:06:00,C0248,in,134.68,Umiren Marosar,MY,wire
P010491,2026-04-16T20:27:00,C0101,in,1686.32,Nisvic Enkoitz,VN,wire
P009628,2026-04-16T20:35:00,C0269,out,266.35,Raltas Marosov,FR,wire
P002181,2026-04-16T20:38:00,C0119,out,605.83,Felvic Ivaskitz,SG,wire
P007393,2026-04-16T20:52:00,C0129,in,422.82,Branriel Marosenko,FR,wire
P009015,2026-04-16T21:07:00,C0309,out,142.87,Sevriel Hanreul,AU,wire
P001785,2026-04-16T21:30:00,C0157,out,2059.01,Fello Krevoov,FR,card
P003524,2026-04-16T21:30:00,C0132,in,2822.55,Zarriel Farelyan,MY,wire
P009914,2026-04-16T21:37:00,C0094,in,5807.90,Ostren Farelski,KR,wire
P004120,2026-04-16T21:38:00,C0285,out,304.72,Dorlo Enkoski,VN,wire
P007716,2026-04-16T21:39:00,C0263,out,280.00,Grevmir Ivaskul,US,wire
P006641,2026-04-16T21:40:00,C0217,out,1176.32,Ilymir Nevicov,VN,wire
P010123,2026-04-16T21:42:00,C0225,in,3390.42,Veren Farelul,VN,wire
P011144,2026-04-16T21:42:00,C0343,in,1292.55,Umilo Orzekar,US,card
P006400,2026-04-16T21:51:00,C0375,out,1173.89,Vedan Pravinenko,KR,wire
P004258,2026-04-16T21:53:00,C0276,out,896.09,Mormir Gostynenko,JP,wire
P005885,2026-04-16T22:08:00,C0146,in,3480.10,Kalo Davreski,SG,card
P000057,2026-04-16T22:11:00,C0024,out,473.65,Ilyren Boskoyan,MY,wire
P011028,2026-04-16T22:16:00,C0138,out,938.43,Kariel Orzekski,US,wire
P007280,2026-04-16T22:18:00,C0020,out,394.20,Nisvic Enkoitz,GB,wire
P011593,2026-04-16T22:23:00,C0245,out,808.19,Branren Davreyan,AU,wire
P007792,2026-04-16T23:02:00,C0337,in,7067.30,Fello Cernaitz,FR,card
P009949,2026-04-16T23:12:00,C0362,out,1693.80,Nisdan Aldreul,JP,wire
P009142,2026-04-16T23:46:00,C0317,in,805.38,Zarmir Krevoski,US,wire
P011621,2026-04-16T23:47:00,C0036,in,730.35,Talmir Lundraes,FR,wire
P007449,2026-04-16T23:50:00,C0077,in,660.19,Nisren Boskoenko,KR,card
P000636,2026-04-16T23:56:00,C0180,out,530.03,Branmir Marosenko,DE,wire
P005334,2026-04-16T23:58:00,C0331,out,3126.60,Ostriel Hanreitz,FR,card
P010487,2026-04-17T00:09:00,C0149,in,885.25,Zartas Gostynar,XC,wire
P007491,2026-04-17T00:10:00,C0147,in,4125.74,Zarmir Aldrees,US,wire
P002337,2026-04-17T00:14:00,C0072,out,552.75,Ralren Lundraes,VN,wire
P002037,2026-04-17T00:24:00,C0045,out,2798.76,Henriel Orzekenko,JP,card
P004949,2026-04-17T01:00:00,C0304,out,1613.26,Dorlo Boskoitz,MY,wire
P007146,2026-04-17T01:00:00,C0300,out,798.00,Zarnek Ivaskul,AU,card
P008409,2026-04-17T01:06:00,C0188,out,250.45,Ilytas Ivaskitz,AU,wire
P003737,2026-04-17T01:15:00,C0172,in,2588.03,Zarnek Lundrayan,KR,wire
P002225,2026-04-17T01:24:00,C0216,in,573.87,Velo Ivaskar,AU,card
P009268,2026-04-17T01:50:00,C0094,in,2111.49,Kalo Krevoar,KR,card
P008913,2026-04-17T01:52:00,C0209,out,233.02,Veriel Lundraitz,FR,wire
P005689,2026-04-17T01:53:00,C0050,out,358.19,Velo Hanreski,GB,wire
P002524,2026-04-17T01:55:00,C0255,out,4425.87,Katas Aldreitz,US,wire
P000058,2026-04-17T01:59:00,C0383,in,5287.31,Ostren Aldreov,AU,card
P004050,2026-04-17T02:12:00,C0377,out,187.73,Hennek Davreov,SG,wire
P007621,2026-04-17T02:13:00,C0215,in,3719.32,Grevlo Jorelar,VN,card
P002571,2026-04-17T02:21:00,C0068,out,447.41,Sevtas Enkoitz,MY,wire
P005303,2026-04-17T03:10:00,C0292,out,202.77,Nislo Farelitz,FR,cash
P010746,2026-04-17T03:23:00,C0381,in,8699.91,Dorren Ivaskyan,DE,wire
P006486,2026-04-17T03:29:00,C0109,in,3296.77,Osttas Farelul,VN,wire
P009952,2026-04-17T03:32:00,C0185,out,4096.83,Branren Cernaenko,AU,wire
P008075,2026-04-17T03:43:00,C0122,in,4248.50,Brantas Boskoar,SG,card
P009517,2026-04-17T03:57:00,C0056,in,1995.14,Dormir Lundraes,MY,wire
P004369,2026-04-17T04:25:00,C0218,out,10175.85,Felren Ivaskov,DE,wire
P004372,2026-04-17T04:29:00,C0378,in,209.81,Nisriel Pravinar,US,wire
P011948,2026-04-17T04:37:00,C0396,in,13615.89,Mormir Boskoes,AU,wire
P000302,2026-04-17T04:52:00,C0354,in,5534.46,Nislo Krevoul,JP,cash
P003648,2026-04-17T05:09:00,C0148,out,355.87,Mormir Jorelyan,MY,card
P008300,2026-04-17T05:14:00,C0305,in,418.37,Zarnek Ivaskov,FR,wire
P011673,2026-04-17T05:16:00,C0313,in,186.28,Nisdan Farelar,GB,wire
P010181,2026-04-17T05:24:00,C0256,out,1531.65,Branmir Hanrees,SG,wire
P003148,2026-04-17T05:41:00,C0265,in,503.26,Dortas Lundraul,GB,wire
P006637,2026-04-17T05:43:00,C0351,out,1597.69,Mornek Davreenko,SG,wire
P005331,2026-04-17T06:18:00,C0386,in,450.45,Ralriel Farelski,SG,cash
P002454,2026-04-17T06:55:00,C0005,in,893.65,Ilyren Boskoyan,AU,cash
P003464,2026-04-17T06:57:00,C0108,in,767.65,Sevlo Aldrees,FR,cash
P002560,2026-04-17T07:04:00,C0216,in,560.01,Rallo Ivaskenko,KR,wire
P006089,2026-04-17T07:23:00,C0122,out,374.20,Branmir Hanrees,VN,card
P004737,2026-04-17T07:44:00,C0101,in,369.97,Raltas Jorelyan,XA,wire
P002895,2026-04-17T07:54:00,C0185,in,2367.35,Nisren Marositz,SG,wire
P010232,2026-04-17T08:14:00,C0256,out,7460.23,Ostvic Davrear,VN,wire
P009718,2026-04-17T08:53:00,C0166,out,1371.33,Felmir Nevicitz,DE,cash
P005792,2026-04-17T09:15:00,C0221,in,561.13,Morvic Boskoul,US,wire
P008900,2026-04-17T09:32:00,C0046,out,1431.38,Dorriel Krevoyan,MY,wire
P004056,2026-04-17T09:37:00,C0380,in,157.11,Ostlo Krevoes,AU,wire
P010285,2026-04-17T09:59:00,C0367,out,685.21,Kadan Aldreov,AU,wire
P011124,2026-04-17T10:33:00,C0079,in,1847.59,Vedan Jorelov,GB,wire
P004321,2026-04-17T10:38:00,C0313,in,3353.64,Veren Hanrear,FR,wire
P010923,2026-04-17T10:39:00,C0228,in,1371.98,Zarriel Farelenko,KR,wire
P001326,2026-04-17T10:44:00,C0396,out,776.90,Branvic Cernaski,AU,wire
P011502,2026-04-17T10:54:00,C0137,out,1261.37,Dordan Pravinov,AU,wire
P002545,2026-04-17T11:17:00,C0321,out,1833.86,Mornek Davreski,XA,wire
P010958,2026-04-17T11:41:00,C0013,out,5001.28,Sevlo Gostynov,DE,card
P002693,2026-04-17T11:58:00,C0057,in,2706.01,Branmir Marosenko,AU,wire
P004436,2026-04-17T12:13:00,C0380,in,1395.82,Morriel Marositz,MY,wire
P004306,2026-04-17T12:15:00,C0260,out,773.31,Kariel Orzekski,VN,wire
P010109,2026-04-17T12:18:00,C0157,out,7647.32,Talnek Marosyan,KR,cash
P010354,2026-04-17T12:20:00,C0345,out,710.48,Kariel Orzekski,AU,wire
P004766,2026-04-17T12:24:00,C0016,in,1397.58,Osttas Lundraar,AU,card
P001064,2026-04-17T12:34:00,C0060,in,520.90,Kavic Hanreenko,US,card
P001132,2026-04-17T12:49:00,C0183,in,705.44,Kadan Boskoov,AU,card
P009285,2026-04-17T12:51:00,C0275,out,2561.76,Fello Cernaitz,US,wire
P010685,2026-04-17T12:51:00,C0380,out,1177.46,Talren Nevicov,SG,wire
P001576,2026-04-17T13:00:00,C0234,in,687.46,Felren Davreov,US,card
P007194,2026-04-17T13:01:00,C0338,out,420.74,Sevdan Pravinitz,KR,card
P011127,2026-04-17T13:06:00,C0073,out,667.29,Grevdan Pravinul,VN,cash
P009955,2026-04-17T13:12:00,C0353,out,1287.18,Nisriel Pravinenko,DE,cash
P009441,2026-04-17T13:21:00,C0024,out,487.90,Ostlo Pravinski,AU,wire
P005398,2026-04-17T13:27:00,C0034,out,848.55,Ralmir Jorelenko,US,wire
P000080,2026-04-17T13:29:00,C0313,out,863.52,Ostren Farelenko,FR,wire
P007133,2026-04-17T13:41:00,C0311,out,1303.48,Ilymir Krevoenko,FR,wire
P001065,2026-04-17T13:54:00,C0248,out,10481.83,Branmir Marosenko,MY,card
P002529,2026-04-17T13:59:00,C0235,in,4800.98,Felmir Nevicitz,KR,wire
P003191,2026-04-17T15:17:00,C0289,in,155.25,Kariel Orzekski,AU,wire
P000880,2026-04-17T15:23:00,C0011,in,2289.09,Zarlo Orzekes,VN,card
P000443,2026-04-17T15:24:00,C0139,in,817.73,Ilydan Gostynski,FR,wire
P000122,2026-04-17T15:48:00,C0286,out,956.69,Nisnek Gostynul,JP,wire
P010003,2026-04-17T15:51:00,C0229,in,87.92,Dorriel Nevicitz,GB,card
P000033,2026-04-17T16:27:00,C0076,in,1455.45,Henmir Marosenko,SG,card
P004616,2026-04-17T16:40:00,C0131,out,2651.09,Vedan Pravinenko,SG,wire
P008883,2026-04-17T17:07:00,C0176,out,5060.93,Raltas Gostynes,JP,wire
P003736,2026-04-17T17:09:00,C0099,out,1659.87,Umitas Davreski,FR,wire
P005683,2026-04-17T17:37:00,C0348,in,446.23,Grevlo Orzekar,GB,wire
P006849,2026-04-17T17:45:00,C0050,in,4865.67,Nismir Hanreov,VN,wire
P001889,2026-04-17T17:51:00,C0389,out,491.45,Feldan Cernaitz,MY,wire
P011718,2026-04-17T18:13:00,C0020,out,3850.44,Zarren Fareles,XA,cash
P008053,2026-04-17T18:17:00,C0354,in,460.61,Morriel Farelenko,KR,wire
P004888,2026-04-17T18:19:00,C0041,out,1722.29,Velo Hanreski,FR,wire
P001892,2026-04-17T18:22:00,C0242,out,905.43,Ralriel Krevoitz,SG,wire
P008776,2026-04-17T18:30:00,C0186,out,671.98,Dormir Davreul,JP,card
P000313,2026-04-17T18:39:00,C0343,out,1258.26,Grevlo Orzekski,VN,cash
P008313,2026-04-17T19:00:00,C0326,out,4591.83,Ilymir Krevoenko,AU,wire
P002780,2026-04-17T19:13:00,C0382,out,1541.47,Grevlo Ivaskes,VN,card
P004413,2026-04-17T19:13:00,C0351,in,473.82,Ralmir Jorelenko,FR,wire
P007589,2026-04-17T19:20:00,C0180,in,4756.43,Kamir Cernaar,MY,wire
P006843,2026-04-17T19:31:00,C0363,out,3571.67,Nisdan Davrees,US,wire
P009328,2026-04-17T19:44:00,C0371,out,1296.08,Sevriel Pravinar,VN,wire
P011459,2026-04-17T19:49:00,C0159,in,665.00,Zardan Gostynyan,GB,wire
P005951,2026-04-17T19:55:00,C0299,out,589.06,Sevlo Gostynov,AU,wire
P010788,2026-04-17T20:02:00,C0303,out,424.04,Vemir Farelyan,DE,wire
P007224,2026-04-17T20:08:00,C0302,in,1283.52,Ostdan Farelski,MY,wire
P000284,2026-04-17T20:17:00,C0174,out,1182.85,Ilylo Gostynski,FR,card
P011555,2026-04-17T20:20:00,C0245,in,3764.70,Ilynek Fareles,AU,cash
P007830,2026-04-17T20:26:00,C0255,out,1162.82,Henriel Cernaes,GB,wire
P001662,2026-04-17T20:45:00,C0055,in,538.30,Zarmir Aldrees,GB,wire
P003051,2026-04-17T20:48:00,C0207,in,1373.17,Branriel Marosenko,US,wire
P005211,2026-04-17T20:51:00,C0152,in,1928.89,Vevic Lundraitz,DE,wire
P008343,2026-04-17T21:06:00,C0011,in,319.59,Henren Ivaskes,MY,wire
P002365,2026-04-17T21:26:00,C0269,in,616.77,Branren Nevices,SG,wire
P004059,2026-04-17T21:31:00,C0145,out,3587.31,Taldan Pravines,MY,wire
P008802,2026-04-17T21:43:00,C0355,out,2488.21,Venek Hanrear,JP,wire
P005219,2026-04-17T21:45:00,C0215,in,364.35,Brandan Ivaskski,DE,card
P004375,2026-04-17T21:59:00,C0293,in,3042.88,Sevriel Davrear,JP,card
P008016,2026-04-17T22:09:00,C0022,out,53.86,Kamir Davreitz,US,wire
P009654,2026-04-17T22:09:00,C0190,out,314.68,Henren Boskoyan,KR,wire
P002249,2026-04-17T22:14:00,C0374,in,5279.53,Kamir Davreitz,XC,wire
P000757,2026-04-17T22:25:00,C0291,in,323.51,Talvic Davrees,VN,wire
P003956,2026-04-17T22:28:00,C0204,in,4487.78,Dorlo Gostynar,GB,wire
P002069,2026-04-17T22:40:00,C0071,out,665.25,Henvic Nevicitz,FR,wire
P002596,2026-04-17T22:43:00,C0090,out,3012.81,Dorlo Boskoitz,DE,wire
P010743,2026-04-17T22:45:00,C0128,in,1610.60,Taldan Marosov,KR,wire
P007410,2026-04-17T23:00:00,C0002,in,516.27,Mortas Lundrayan,GB,wire
P007751,2026-04-17T23:03:00,C0212,in,3588.11,Dorvic Gostynov,KR,wire
P000706,2026-04-17T23:07:00,C0096,in,666.76,Veren Farelul,US,wire
P004973,2026-04-17T23:14:00,C0330,out,195.80,Morlo Krevoenko,JP,wire
P002750,2026-04-17T23:15:00,C0000,in,8714.06,Zartas Farelyan,AU,wire
P008092,2026-04-17T23:23:00,C0154,out,2501.70,Ralriel Orzekyan,SG,wire
P010833,2026-04-17T23:57:00,C0332,in,2142.63,Ralriel Orzekar,US,wire
P006490,2026-04-18T00:13:00,C0237,out,3984.53,Osttas Enkoul,JP,card
P011947,2026-04-18T00:15:00,C0184,in,1395.85,Felren Ivaskov,MY,wire
P001650,2026-04-18T00:22:00,C0193,out,159.17,Hendan Ivaskenko,JP,cash
P002025,2026-04-18T00:22:00,C0263,out,7332.46,Feltas Orzekski,MY,cash
P006801,2026-04-18T01:01:00,C0188,in,1453.10,Grevlo Orzekitz,SG,card
P003240,2026-04-18T01:39:00,C0065,out,933.21,Kanek Davreski,DE,card
P000142,2026-04-18T01:58:00,C0082,in,1130.47,Ilymir Krevoenko,GB,wire
P007323,2026-04-18T02:12:00,C0037,out,749.68,Felren Davreyan,XA,card
P003927,2026-04-18T02:13:00,C0056,in,475.80,Hentas Boskoul,VN,card
P003207,2026-04-18T02:17:00,C0134,out,1209.83,Morriel Cernaenko,SG,wire
P003889,2026-04-18T02:19:00,C0235,out,625.99,Talnek Pravines,AU,wire
P007282,2026-04-18T02:39:00,C0167,out,8523.89,Talmir Davrear,DE,card
P006372,2026-04-18T02:40:00,C0102,in,244.04,Venek Boskoyan,US,wire
P010855,2026-04-18T02:54:00,C0135,out,625.93,Zarlo Nevicyan,DE,wire
P010858,2026-04-18T03:03:00,C0152,out,108.93,Hennek Aldreenko,VN,wire
P007406,2026-04-18T03:06:00,C0221,out,999.00,Ilytas Enkoski,MY,wire
P009684,2026-04-18T03:22:00,C0049,out,650.43,Mormir Aldrear,MY,cash
P002800,2026-04-18T03:34:00,C0126,in,1263.49,Uminek Lundraitz,VN,wire
P000866,2026-04-18T03:52:00,C0266,out,606.21,Dordan Lundraar,GB,wire
P006120,2026-04-18T03:52:00,C0174,in,1456.81,Feldan Lundraes,KR,wire
P005506,2026-04-18T04:06:00,C0345,out,1885.39,Morvic Hanreitz,JP,wire
P001793,2026-04-18T04:11:00,C0062,out,3682.92,Hendan Ivaskenko,VN,wire
P001913,2026-04-18T04:17:00,C0114,in,821.96,Ostdan Krevoul,VN,wire
P004695,2026-04-18T04:20:00,C0317,out,588.68,Katas Cernayan,AU,wire
P003245,2026-04-18T04:22:00,C0256,in,1098.28,Sevdan Pravinitz,KR,wire
P005143,2026-04-18T04:24:00,C0399,in,986.57,Mortas Lundraenko,KR,card
P007854,2026-04-18T04:29:00,C0095,out,363.68,Feldan Cernaitz,FR,wire
P004721,2026-04-18T04:50:00,C0295,in,4189.72,Hendan Gostynov,US,wire
P000357,2026-04-18T04:52:00,C0127,in,874.96,Grevdan Marosar,SG,wire
P003505,2026-04-18T04:54:00,C0021,out,4573.59,Veriel Lundraitz,XC,card
P010498,2026-04-18T04:56:00,C0000,out,1691.13,Umiriel Jorelul,JP,wire
P002546,2026-04-18T04:59:00,C0016,out,358.44,Henmir Davreov,DE,wire
P011128,2026-04-18T05:26:00,C0104,out,5134.58,Mornek Ivaskyan,DE,card
P005391,2026-04-18T05:28:00,C0271,in,845.06,Branlo Boskoyan,DE,card
P004461,2026-04-18T05:29:00,C0025,out,3280.73,Zartas Jorelov,XC,wire
P008869,2026-04-18T05:44:00,C0172,in,1159.70,Branriel Lundraenko,US,wire
P006924,2026-04-18T05:57:00,C0204,out,1700.94,Kadan Boskoov,AU,card
P004775,2026-04-18T06:14:00,C0314,out,338.26,Ilyren Davreitz,US,wire
P002578,2026-04-18T06:15:00,C0031,in,509.02,Raltas Nevicitz,FR,wire
P001632,2026-04-18T06:18:00,C0288,out,574.03,Morriel Farelenko,VN,wire
P000189,2026-04-18T06:57:00,C0092,out,1481.78,Vedan Marosar,SG,wire
P009630,2026-04-18T06:58:00,C0053,out,2093.13,Sevren Jorelyan,KR,wire
P000197,2026-04-18T07:03:00,C0166,in,518.72,Veren Marosar,DE,wire
P002913,2026-04-18T07:07:00,C0165,in,151.95,Henren Lundraul,MY,wire
P006198,2026-04-18T07:10:00,C0189,in,360.61,Rallo Krevoov,SG,card
P009582,2026-04-18T07:14:00,C0275,out,2112.79,Kavic Nevicitz,XA,wire
P010112,2026-04-18T07:21:00,C0144,out,728.11,Katas Cernayan,VN,wire
P003210,2026-04-18T07:49:00,C0190,in,701.63,Kariel Ivaskenko,AU,wire
P003519,2026-04-18T07:49:00,C0079,in,2047.41,Talmir Orzekes,SG,cash
P003936,2026-04-18T07:57:00,C0309,in,2709.73,Zarvic Enkoitz,SG,wire
P004222,2026-04-18T08:43:00,C0273,in,3330.06,Raltas Joreles,KR,wire
P005994,2026-04-18T08:44:00,C0302,out,436.03,Ostlo Pravinski,XB,wire
P002834,2026-04-18T08:59:00,C0356,in,6481.50,Grevdan Krevoski,MY,wire
P012018,2026-04-18T09:00:00,C0301,in,9113.30,Ralriel Davreenko,US,cash
P011389,2026-04-18T09:10:00,C0310,out,14352.03,Ostmir Lundraski,GB,wire
P008194,2026-04-18T09:12:00,C0254,out,432.84,Felmir Jorelul,SG,card
P010349,2026-04-18T09:34:00,C0270,in,1455.35,Velo Hanreski,XA,wire
P006987,2026-04-18T09:38:00,C0275,out,4019.90,Henriel Aldreyan,DE,wire
P002023,2026-04-18T09:51:00,C0205,out,611.04,Ilyriel Jorelar,FR,card
P000649,2026-04-18T09:52:00,C0216,in,3464.55,Nisvic Enkoitz,AU,card
P011320,2026-04-18T10:49:00,C0252,out,3048.10,Mornek Davreski,DE,wire
P007278,2026-04-18T11:00:00,C0389,out,1503.20,Felnek Enkoitz,FR,wire
P007356,2026-04-18T11:09:00,C0357,in,406.73,Tallo Farelar,JP,wire
P011135,2026-04-18T11:14:00,C0250,out,4173.73,Talren Nevicov,GB,card
P003829,2026-04-18T11:28:00,C0288,out,2239.30,Zarmir Orzekyan,VN,card
P006941,2026-04-18T12:02:00,C0132,in,1053.94,Grevvic Marosov,SG,wire
P011977,2026-04-18T12:02:00,C0399,in,1824.21,Felmir Jorelul,US,card
P006122,2026-04-18T12:04:00,C0018,out,595.67,Vemir Farelyan,US,wire
P007055,2026-04-18T12:13:00,C0109,out,3875.38,Branlo Enkoyan,DE,wire
P010696,2026-04-18T12:13:00,C0037,in,1561.70,Nisriel Jorelar,XC,wire
P009086,2026-04-18T12:15:00,C0209,out,1072.98,Mormir Aldrear,AU,wire
P008917,2026-04-18T12:33:00,C0003,out,974.44,Zarnek Jorelitz,JP,wire
P007892,2026-04-18T12:59:00,C0333,out,302.82,Raldan Aldrear,GB,wire
P000487,2026-04-18T13:26:00,C0141,out,1033.50,Ilyriel Pravinenko,MY,wire
P011378,2026-04-18T13:27:00,C0079,in,2376.36,Vedan Hanreov,AU,wire
P009084,2026-04-18T13:35:00,C0062,out,1513.60,Kavic Nevicitz,SG,card
P001001,2026-04-18T13:55:00,C0129,out,918.61,Dorriel Jorelenko,SG,card
P008356,2026-04-18T13:55:00,C0063,in,2201.49,Osttas Enkoul,GB,cash
P003140,2026-04-18T14:04:00,C0011,out,221.52,Ralriel Hanreenko,VN,card
P006200,2026-04-18T14:07:00,C0234,in,399.24,Raltas Jorelyan,VN,card
P005910,2026-04-18T14:15:00,C0287,in,599.14,Katas Lundraenko,MY,wire
P002759,2026-04-18T14:24:00,C0052,out,895.74,Sevriel Farelenko,VN,wire
P006278,2026-04-18T14:48:00,C0045,out,559.48,Ilynek Fareles,MY,card
P005375,2026-04-18T15:11:00,C0068,in,858.36,Kanek Krevoski,FR,wire
P004617,2026-04-18T15:23:00,C0185,out,831.87,Grevriel Krevoenko,SG,cash
P010755,2026-04-18T15:25:00,C0087,in,407.66,Ilymir Krevoenko,VN,wire
P011355,2026-04-18T15:36:00,C0100,out,6810.71,Grevmir Boskoenko,FR,wire
P000095,2026-04-18T15:43:00,C0000,out,312.12,Feltas Ivaskenko,VN,card
P012013,2026-04-18T16:00:00,C0301,in,9142.03,Mormir Cernaar,US,cash
P000793,2026-04-18T16:17:00,C0060,in,1328.31,Felmir Ivaskenko,GB,wire
P006752,2026-04-18T16:18:00,C0080,in,3514.43,Henmir Krevoes,US,wire
P002591,2026-04-18T16:19:00,C0260,in,563.16,Kadan Marosul,GB,card
P000919,2026-04-18T16:20:00,C0265,in,654.55,Ilyriel Jorelar,AU,wire
P007190,2026-04-18T16:24:00,C0066,out,1153.10,Zarvic Enkoes,KR,wire
P001817,2026-04-18T16:32:00,C0368,in,3046.24,Henmir Davreov,AU,card
P001941,2026-04-18T16:35:00,C0306,in,1260.91,Morriel Marositz,DE,wire
P008021,2026-04-18T16:49:00,C0130,out,221.07,Sevren Nevicyan,VN,card
P009638,2026-04-18T17:06:00,C0282,out,2942.16,Umiriel Davrear,GB,wire
P003493,2026-04-18T17:23:00,C0231,out,847.60,Felmir Gostynyan,US,wire
P011808,2026-04-18T17:30:00,C0054,out,1028.95,Sevmir Ivaskyan,AU,wire
P001597,2026-04-18T17:44:00,C0379,out,1327.46,Umitas Davreyan,MY,cash
P005981,2026-04-18T18:43:00,C0183,out,728.51,Fello Cernaitz,AU,wire
P010800,2026-04-18T18:47:00,C0202,out,1404.84,Umiriel Boskoes,KR,card
P009460,2026-04-18T18:52:00,C0247,in,2566.11,Sevtas Aldreov,FR,wire
P005353,2026-04-18T18:55:00,C0016,out,4628.93,Raltas Gostynitz,GB,wire
P006373,2026-04-18T18:57:00,C0080,out,3101.20,Felmir Gostynyan,SG,wire
P008038,2026-04-18T19:16:00,C0363,in,2788.76,Zardan Gostynyan,MY,wire
P001625,2026-04-18T19:22:00,C0330,in,941.24,Kanek Davreski,AU,card
P006318,2026-04-18T19:27:00,C0371,in,283.23,Ilytas Enkoski,KR,wire
P000126,2026-04-18T19:34:00,C0160,out,1829.06,Zarlo Nevicski,AU,wire
P011820,2026-04-18T19:56:00,C0209,out,206.11,Ralnek Hanreenko,VN,wire
P002491,2026-04-18T19:58:00,C0229,in,2198.07,Sevtas Enkoitz,GB,cash
P004685,2026-04-18T20:00:00,C0130,in,541.53,Dorren Ivaskitz,XB,wire
P011543,2026-04-18T20:12:00,C0221,in,2668.60,Kadan Aldreov,MY,wire
P009221,2026-04-18T20:26:00,C0065,out,877.97,Nisren Gostynes,JP,wire
P010104,2026-04-18T20:36:00,C0111,in,624.88,Zartas Enkoar,MY,wire
P009839,2026-04-18T20:39:00,C0346,in,929.58,Grevlo Ivaskenko,SG,card
P008553,2026-04-18T20:48:00,C0187,out,298.50,Mornek Cernayan,GB,card
P002148,2026-04-18T20:57:00,C0309,out,1500.43,Vedan Farelar,GB,wire
P009411,2026-04-18T21:06:00,C0088,in,863.70,Sevdan Nevicul,DE,card
P011304,2026-04-18T21:16:00,C0023,in,119.92,Sevtas Lundraitz,SG,wire
P000828,2026-04-18T21:28:00,C0207,in,1321.41,Ilyren Krevoyan,AU,wire
P011174,2026-04-18T21:39:00,C0310,out,1269.44,Henren Enkoitz,US,card
P007219,2026-04-18T21:40:00,C0045,in,434.70,Grevdan Krevoski,MY,wire
P001480,2026-04-18T22:01:00,C0394,in,1128.96,Henren Ivaskes,KR,card
P002751,2026-04-18T22:28:00,C0174,out,3742.14,Kadan Lundraes,KR,wire
P001563,2026-04-18T22:30:00,C0210,in,892.54,Zardan Farelitz,JP,wire
P009708,2026-04-18T22:35:00,C0106,in,3146.68,Zarvic Boskoyan,FR,card
P006001,2026-04-18T22:37:00,C0214,in,220.45,Nislo Farelitz,KR,wire
P011225,2026-04-18T23:03:00,C0328,out,638.34,Ilyren Marosyan,SG,cash
P005645,2026-04-18T23:10:00,C0222,out,951.28,Ilylo Farelov,GB,wire
P011953,2026-04-18T23:26:00,C0365,in,520.76,Dorvic Marosar,SG,cash
P004198,2026-04-18T23:27:00,C0285,in,1063.97,Umivic Nevicenko,DE,wire
P000259,2026-04-18T23:35:00,C0255,in,166.37,Sevlo Cernaul,DE,wire
P003157,2026-04-18T23:38:00,C0245,out,371.16,Grevvic Farelitz,KR,wire
P000601,2026-04-18T23:39:00,C0072,in,10595.87,Kanek Krevoski,XB,wire
P003617,2026-04-18T23:39:00,C0218,out,161.02,Henmir Hanreul,MY,wire
P004072,2026-04-18T23:46:00,C0173,in,2264.55,Umiren Pravinitz,VN,card
P004806,2026-04-18T23:47:00,C0127,in,3680.82,Sevdan Davreitz,FR,wire
P002502,2026-04-19T00:05:00,C0119,in,1642.92,Sevnek Nevicul,SG,wire
P000352,2026-04-19T00:07:00,C0352,out,98.14,Grevriel Lundraitz,US,wire
P002554,2026-04-19T00:14:00,C0093,out,182.74,Nislo Nevicov,FR,wire
P003295,2026-04-19T00:18:00,C0216,in,4006.67,Kavic Gostynyan,FR,wire
P007145,2026-04-19T00:28:00,C0350,in,227.51,Branren Davreyan,AU,cash
P002815,2026-04-19T00:44:00,C0003,in,2061.98,Ostlo Marosienko,US,wire
P007259,2026-04-19T00:55:00,C0178,in,470.78,Felren Krevoar,DE,wire
P010463,2026-04-19T01:07:00,C0335,in,524.24,Talriel Farelar,SG,wire
P010460,2026-04-19T01:26:00,C0366,in,731.51,Sevriel Hanreul,US,card
P005092,2026-04-19T01:27:00,C0006,out,2271.27,Nisren Aldreski,DE,wire
P006344,2026-04-19T01:27:00,C0285,out,594.21,Umimir Davreenko,JP,card
P001232,2026-04-19T01:29:00,C0006,in,414.25,Grevlo Ivaskes,JP,wire
P011032,2026-04-19T01:29:00,C0275,in,245.91,Henren Hanreov,MY,wire
P001428,2026-04-19T01:42:00,C0277,out,1114.64,Uminek Enkoski,JP,wire
P005427,2026-04-19T01:48:00,C0275,in,274.96,Zardan Gostynyan,US,card
P001771,2026-04-19T01:52:00,C0269,in,2253.85,Kamir Gostynov,GB,wire
P000283,2026-04-19T02:05:00,C0278,in,902.46,Venek Hanrear,AU,wire
P003439,2026-04-19T02:07:00,C0192,in,166.10,Sevmir Pravinov,GB,card
P003063,2026-04-19T02:26:00,C0346,in,475.02,Mordan Davreitz,AU,wire
P003985,2026-04-19T02:33:00,C0016,in,2274.31,Ralvic Jorelitz,AU,wire
P005441,2026-04-19T02:46:00,C0236,out,2579.72,Grevlo Boskoski,US,wire
P005078,2026-04-19T02:48:00,C0070,out,2741.14,Hentas Krevoov,FR,wire
P000653,2026-04-19T02:51:00,C0302,in,1128.95,Grevnek Hanreenko,KR,wire
P005115,2026-04-19T03:01:00,C0197,in,1425.90,Dorvic Farelenko,MY,wire
P011688,2026-04-19T03:06:00,C0268,out,1321.92,Talren Enkoar,SG,wire
P006166,2026-04-19T03:16:00,C0391,in,3084.61,Mornek Nevicenko,GB,wire
P004898,2026-04-19T03:21:00,C0120,in,1086.37,Taldan Hanreski,AU,wire
P010790,2026-04-19T03:26:00,C0224,out,4613.68,Veriel Lundraar,US,wire
P002896,2026-04-19T03:36:00,C0363,in,277.79,Nislo Nevicov,FR,wire
P002494,2026-04-19T03:55:00,C0383,in,2658.53,Umitas Davreyan,MY,card
P007699,2026-04-19T04:46:00,C0392,out,496.36,Sevlo Orzekenko,JP,card
P011466,2026-04-19T05:12:00,C0177,in,332.88,Kavic Gostynski,AU,wire
P002323,2026-04-19T05:23:00,C0075,out,2826.54,Sevtas Boskoar,FR,wire
P011580,2026-04-19T05:52:00,C0073,out,143.30,Grevdan Krevoar,GB,card
P006249,2026-04-19T05:55:00,C0248,in,311.45,Dortas Krevoul,KR,wire
P006272,2026-04-19T06:03:00,C0148,in,1513.38,Grevren Hanreov,GB,card
P005100,2026-04-19T06:16:00,C0285,in,1885.65,Velo Pravinenko,VN,card
P000889,2026-04-19T06:26:00,C0044,out,278.72,Veren Pravinyan,VN,card
P008912,2026-04-19T06:30:00,C0090,out,9160.61,Henmir Davrear,VN,wire
P002258,2026-04-19T06:33:00,C0227,out,1143.01,Dortas Lundraul,VN,wire
P006625,2026-04-19T06:41:00,C0346,out,5451.34,Branren Farelski,AU,wire
P011993,2026-04-19T06:45:00,C0026,out,537.33,Zarmir Krevoov,FR,wire
P010537,2026-04-19T06:49:00,C0329,in,716.62,Katas Boskoar,US,cash
P000018,2026-04-19T06:51:00,C0196,in,6696.38,Sevmir Orzekitz,GB,wire
P009694,2026-04-19T06:59:00,C0244,in,270.29,Karen Enkoski,VN,wire
P008627,2026-04-19T07:11:00,C0116,out,1093.49,Ilyren Ivaskyenko,AU,wire
P008630,2026-04-19T07:22:00,C0242,in,4715.59,Branmir Orzekul,JP,wire
P003812,2026-04-19T07:28:00,C0044,out,1383.84,Umilo Enkoski,MY,wire
P002961,2026-04-19T07:38:00,C0233,out,208.81,Talren Enkoar,DE,card
P006642,2026-04-19T07:47:00,C0272,out,4267.91,Felnek Enkoar,JP,wire
P005054,2026-04-19T07:49:00,C0141,out,2102.90,Sevnek Davreienko,VN,wire
P010092,2026-04-19T08:03:00,C0069,out,597.52,Kadan Marosul,GB,wire
P005403,2026-04-19T08:17:00,C0397,in,1224.79,Felriel Lundraski,FR,wire
P006213,2026-04-19T08:19:00,C0398,out,1527.22,Kariel Nevicul,MY,card
P008191,2026-04-19T08:19:00,C0303,out,7052.51,Branren Davreul,AU,wire
P002079,2026-04-19T08:20:00,C0047,out,2123.10,Uminek Cernaski,DE,wire
P001932,2026-04-19T08:21:00,C0074,in,2153.59,Zarriel Marositz,GB,wire
P000943,2026-04-19T08:34:00,C0290,in,1777.97,Dormir Aldreyan,JP,card
P011559,2026-04-19T08:36:00,C0336,in,245.78,Grevvic Gostynenko,FR,wire
P009889,2026-04-19T08:44:00,C0001,in,332.95,Vetas Gostynenko,SG,wire
P000735,2026-04-19T09:02:00,C0294,out,4963.91,Dorlo Boskoski,US,cash
P005898,2026-04-19T09:03:00,C0141,in,304.58,Kariel Ivaskenko,MY,wire
P004944,2026-04-19T09:22:00,C0219,in,1259.83,Branlo Boskoes,SG,wire
P008157,2026-04-19T09:22:00,C0232,out,2134.94,Hendan Hanreski,GB,cash
P010974,2026-04-19T09:32:00,C0259,out,592.92,Ralnek Farelski,JP,card
P001347,2026-04-19T09:38:00,C0302,out,1268.26,Nisnek Gostynul,AU,wire
P003029,2026-04-19T09:58:00,C0103,in,1464.84,Uminek Hanrees,DE,wire
P012043,2026-04-19T10:00:00,C0206,in,9283.87,Dortas Cernaitz,US,cash
P001715,2026-04-19T10:33:00,C0247,in,2615.50,Grevlo Farelitz,DE,card
P004713,2026-04-19T10:56:00,C0194,in,143.74,Veriel Lundraitz,US,wire
P002924,2026-04-19T11:00:00,C0316,out,418.54,Kariel Nevicitz,SG,cash
P009433,2026-04-19T11:51:00,C0265,out,759.37,Mornek Nevicenko,FR,cash
P007594,2026-04-19T12:00:00,C0311,in,277.29,Ostmir Hanrees,AU,wire
P012014,2026-04-19T12:00:00,C0301,in,9588.06,Zardan Pravinov,US,cash
P009375,2026-04-19T12:38:00,C0397,out,596.26,Dornek Boskoski,XA,wire
P000849,2026-04-19T12:41:00,C0332,out,750.89,Branlo Farelar,FR,wire
P008033,2026-04-19T13:02:00,C0167,out,15460.68,Talriel Farelar,MY,wire
P006003,2026-04-19T13:06:00,C0194,out,2476.34,Ostmir Gostynenko,JP,wire
P005050,2026-04-19T13:12:00,C0012,in,1876.39,Kadan Aldreov,SG,wire
P009343,2026-04-19T13:14:00,C0246,out,1274.62,Umiren Pravinitz,FR,wire
P002158,2026-04-19T13:21:00,C0122,out,401.93,Taldan Lundraes,US,wire
P006758,2026-04-19T13:23:00,C0287,out,50821.26,Dorvic Enkoul,SG,wire
P006291,2026-04-19T13:30:00,C0259,in,221.70,Sevnek Davreienko,DE,card
P004552,2026-04-19T13:40:00,C0377,in,1807.46,Dorren Ivaskitz,VN,wire
P003775,2026-04-19T13:43:00,C0139,in,10573.81,Zarvic Enkoar,AU,card
P006665,2026-04-19T13:51:00,C0209,in,15633.77,Ostmir Lundraski,JP,wire
P003865,2026-04-19T14:00:00,C0250,in,438.62,Branren Boskoenko,US,cash
P003103,2026-04-19T14:06:00,C0153,in,538.69,Grevlo Orzekski,XC,wire
P010760,2026-04-19T14:07:00,C0029,out,2573.39,Osttas Hanreov,JP,wire
P007661,2026-04-19T14:10:00,C0224,out,1732.80,Mordan Cernaul,MY,wire
P011114,2026-04-19T14:40:00,C0091,in,240.80,Veren Cernaenko,FR,wire
P011551,2026-04-19T14:40:00,C0351,out,1948.70,Mormir Boskoes,JP,card
P000293,2026-04-19T14:45:00,C0103,out,335.64,Branlo Cernaenko,XC,wire
P011793,2026-04-19T14:54:00,C0157,in,570.78,Grevvic Davreski,AU,card
P000957,2026-04-19T14:58:00,C0145,in,3230.51,Ilyvic Davreenko,XB,card
P006370,2026-04-19T15:01:00,C0299,out,1539.42,Felren Davreenko,GB,cash
P008172,2026-04-19T15:23:00,C0360,in,1594.63,Ralnek Maroses,US,card
P007547,2026-04-19T15:36:00,C0230,in,780.03,Sevdan Nevicul,VN,wire
P009287,2026-04-19T15:45:00,C0234,in,9992.40,Grevdan Pravinul,SG,card
P007460,2026-04-19T16:10:00,C0175,in,809.71,Dorlo Boskoski,JP,card
P004265,2026-04-19T16:13:00,C0089,in,2901.47,Ostren Aldreov,FR,card
P007292,2026-04-19T16:57:00,C0182,in,3077.11,Zarriel Farelenko,FR,wire
P008844,2026-04-19T17:02:00,C0209,out,2193.12,Zarvic Enkoitz,SG,wire
P002273,2026-04-19T17:07:00,C0097,in,814.49,Ilymir Krevoenko,MY,wire
P006648,2026-04-19T17:12:00,C0177,out,2796.75,Ralriel Ivaskenko,MY,wire
P003232,2026-04-19T17:16:00,C0269,in,243.09,Morriel Nevicar,GB,wire
P005363,2026-04-19T17:25:00,C0078,in,1880.07,Ostriel Boskoitz,DE,wire
P009689,2026-04-19T17:29:00,C0152,out,1891.41,Ostriel Jorelul,DE,wire
P004397,2026-04-19T17:34:00,C0274,in,370.82,Zarlo Cernaar,FR,wire
P000584,2026-04-19T17:40:00,C0277,out,754.99,Grevlo Jorelar,GB,card
P010730,2026-04-19T17:41:00,C0128,out,283.89,Rallo Enkoar,FR,card
P007509,2026-04-19T17:55:00,C0161,in,399.22,Nisdan Aldreul,GB,wire
P005270,2026-04-19T18:02:00,C0347,out,439.63,Nisnek Orzekar,KR,wire
P006171,2026-04-19T18:38:00,C0204,out,374.20,Talmir Nevicsenko,DE,wire
P001174,2026-04-19T18:45:00,C0255,in,1292.10,Umimir Pravinyan,FR,wire
P009846,2026-04-19T19:05:00,C0336,in,347.92,Morlo Krevoenko,MY,card
P005202,2026-04-19T19:24:00,C0143,out,231.35,Karen Enkoski,US,card
P007723,2026-04-19T19:34:00,C0299,in,111.19,Talmir Maroses,DE,card
P005192,2026-04-19T19:38:00,C0282,out,575.35,Ostriel Hanreitz,AU,cash
P009843,2026-04-19T20:07:00,C0125,in,1413.04,Ilylo Farelov,KR,wire
P000741,2026-04-19T20:20:00,C0217,in,541.89,Grevmir Farelar,XC,wire
P010941,2026-04-19T20:25:00,C0156,in,111.01,Veren Ivaskov,US,wire
P007473,2026-04-19T20:38:00,C0356,out,2397.37,Kalo Ivaskenko,JP,cash
P010603,2026-04-19T20:41:00,C0036,in,3066.54,Ilylo Enkoenko,VN,wire
P002092,2026-04-19T20:57:00,C0310,out,2309.26,Zarmir Orzekar,VN,wire
P006253,2026-04-19T21:16:00,C0117,in,1999.02,Taldan Pravines,KR,wire
P008692,2026-04-19T21:25:00,C0108,out,717.79,Kanek Davreenko,VN,cash
P006775,2026-04-19T21:42:00,C0052,out,1235.14,Osttas Enkoul,KR,wire
P007081,2026-04-19T22:04:00,C0241,out,824.82,Mormir Aldrear,GB,wire
P006395,2026-04-19T22:05:00,C0296,in,960.59,Grevmir Ivaskul,FR,cash
P011190,2026-04-19T22:06:00,C0174,in,1001.07,Fello Cernaitz,FR,card
P008657,2026-04-19T22:13:00,C0005,in,522.79,Veren Ivaskul,GB,wire
P001836,2026-04-19T22:22:00,C0084,in,492.62,Ilymir Davrear,SG,cash
P008276,2026-04-19T22:43:00,C0057,out,842.31,Vedan Nevicyan,VN,card
P009920,2026-04-19T22:49:00,C0008,in,3691.34,Rallo Pravinenko,JP,wire
P007822,2026-04-19T23:12:00,C0052,out,423.80,Vetas Boskoyenko,KR,card
P004952,2026-04-19T23:38:00,C0233,in,2477.65,Nisriel Pravinar,FR,wire
P006853,2026-04-19T23:55:00,C0169,out,1724.46,Ostnek Boskoyan,FR,card
P002075,2026-04-20T00:00:00,C0369,in,1185.16,Morriel Ivaskenko,VN,wire
P001538,2026-04-20T00:04:00,C0047,in,433.04,Grevriel Lundraitz,GB,wire
P006319,2026-04-20T00:08:00,C0055,out,7737.80,Veren Ivaskov,AU,wire
P000577,2026-04-20T00:14:00,C0287,in,246.06,Raltas Jorelyan,JP,wire
P005336,2026-04-20T00:17:00,C0201,out,4758.49,Sevtas Boskoar,MY,wire
P005335,2026-04-20T00:22:00,C0116,in,605.87,Grevnek Boskoul,GB,wire
P002925,2026-04-20T00:40:00,C0137,out,1222.33,Grevdan Lundraul,VN,card
P007798,2026-04-20T00:49:00,C0194,out,1535.45,Zarmir Davreov,SG,card
P003561,2026-04-20T00:50:00,C0015,out,1682.41,Tallo Farelar,GB,wire
P010152,2026-04-20T00:53:00,C0012,out,509.54,Branren Davreul,DE,wire
P008288,2026-04-20T01:13:00,C0117,out,712.71,Ostriel Aldreov,AU,wire
P004281,2026-04-20T01:21:00,C0320,in,1121.93,Kamir Enkoyan,SG,wire
P002469,2026-04-20T01:23:00,C0206,out,5831.29,Vedan Cernaski,GB,cash
P002696,2026-04-20T01:33:00,C0030,out,1552.16,Sevren Farelul,XC,card
P009159,2026-04-20T01:37:00,C0283,out,1411.96,Ralnek Hanreenko,AU,wire
P010459,2026-04-20T01:37:00,C0243,in,1272.60,Vemir Boskoul,VN,wire
P005726,2026-04-20T01:43:00,C0116,in,666.00,Zarvic Boskoyan,FR,wire
P008752,2026-04-20T02:04:00,C0188,out,319.57,Morriel Krevoski,AU,wire
P009679,2026-04-20T02:13:00,C0314,in,700.83,Talren Lundrayan,JP,wire
P002739,2026-04-20T02:53:00,C0383,in,846.42,Morlo Cernaitz,KR,card
P008731,2026-04-20T03:07:00,C0230,in,654.33,Ralmir Jorelenko,VN,cash
P011669,2026-04-20T03:11:00,C0313,in,1826.70,Branriel Lundraenko,GB,wire
P005530,2026-04-20T03:12:00,C0031,out,3514.75,Henriel Cernaes,US,cash
P004212,2026-04-20T03:21:00,C0376,out,174.66,Kavic Lundraenko,GB,wire
P005857,2026-04-20T04:09:00,C0304,in,83.87,Nismir Krevoar,FR,card
P002562,2026-04-20T04:19:00,C0280,out,804.12,Branvic Krevoski,MY,wire
P004757,2026-04-20T04:29:00,C0124,out,4036.70,Umitas Davreyan,AU,wire
P005210,2026-04-20T04:48:00,C0340,out,1327.82,Nisnek Boskoenko,XC,wire
P007366,2026-04-20T05:05:00,C0018,out,440.75,Ilymir Krevoenko,US,wire
P009189,2026-04-20T05:38:00,C0255,out,265.16,Zarriel Krevoitz,FR,wire
P007389,2026-04-20T05:47:00,C0172,in,1384.26,Grevnek Boskoul,FR,wire
P001858,2026-04-20T05:57:00,C0098,out,1104.72,Ralmir Jorelenko,VN,wire
P004131,2026-04-20T06:04:00,C0315,in,2225.59,Zarriel Ivaskitz,GB,wire
P005957,2026-04-20T06:21:00,C0044,out,381.17,Ralren Lundraes,MY,wire
P006837,2026-04-20T06:28:00,C0387,out,837.59,Dorriel Nevicitz,DE,wire
P004196,2026-04-20T06:52:00,C0297,in,1740.69,Ostriel Boskoitz,GB,wire
P001429,2026-04-20T07:11:00,C0213,in,891.06,Zartas Ivaskul,JP,wire
P002843,2026-04-20T07:14:00,C0341,out,1239.51,Ilydan Krevoes,VN,wire
P005748,2026-04-20T07:19:00,C0248,out,474.43,Grevnek Hanreenko,AU,cash
P005111,2026-04-20T07:34:00,C0149,out,132.59,Hennek Davreski,US,cash
P004523,2026-04-20T07:36:00,C0101,in,1508.02,Zarlo Pravinyan,JP,wire
P003782,2026-04-20T07:39:00,C0175,out,838.28,Ralriel Aldrees,JP,wire
P003763,2026-04-20T07:44:00,C0019,out,3863.88,Grevriel Lundraitz,AU,wire
P002632,2026-04-20T07:55:00,C0294,in,2511.31,Taldan Boskoenko,US,wire
P010214,2026-04-20T08:05:00,C0105,in,114.63,Branmir Hanrees,VN,cash
P001305,2026-04-20T08:10:00,C0270,out,3337.96,Osttas Enkoul,MY,cash
P001815,2026-04-20T08:34:00,C0390,out,1089.33,Mormir Jorelyan,AU,card
P002402,2026-04-20T08:42:00,C0357,in,208.60,Umiriel Cernaski,GB,card
P008708,2026-04-20T08:52:00,C0375,out,4774.50,Ostmir Boskoar,DE,wire
P005849,2026-04-20T09:05:00,C0214,out,281.51,Zarlo Pravinyan,KR,wire
P006290,2026-04-20T09:16:00,C0094,out,102.87,Nislo Krevoul,DE,wire
P000310,2026-04-20T09:19:00,C0294,out,477.39,Henvic Ivaskski,JP,card
P006587,2026-04-20T09:22:00,C0397,in,9692.82,Ostriel Davreitz,MY,wire
P000114,2026-04-20T09:25:00,C0203,in,676.58,Zarnek Ivaskul,DE,wire
P011188,2026-04-20T09:25:00,C0280,in,3993.68,Kamir Orzekar,DE,card
P006147,2026-04-20T09:26:00,C0038,out,555.77,Umilo Gostynienko,SG,wire
P000514,2026-04-20T09:34:00,C0081,out,7832.08,Dornek Nevicitz,VN,card
P011416,2026-04-20T09:41:00,C0106,out,1873.77,Dorvic Farelenko,JP,wire
P012015,2026-04-20T10:00:00,C0301,in,9409.57,Morlo Enkoov,US,cash
P010777,2026-04-20T10:13:00,C0363,in,291.66,Zarren Ivaskul,JP,wire
P010710,2026-04-20T10:29:00,C0151,in,2794.78,Henlo Krevoov,DE,card
P010133,2026-04-20T10:48:00,C0043,out,1604.88,Umimir Ivaskul,AU,wire
P010564,2026-04-20T11:23:00,C0250,in,626.48,Umimir Pravinul,DE,wire
P009526,2026-04-20T11:25:00,C0222,in,5717.45,Henlo Marosenko,JP,card
P004751,2026-04-20T11:29:00,C0382,out,1694.71,Zartas Enkoar,FR,wire
P011682,2026-04-20T11:32:00,C0344,in,660.88,Nislo Jorelyan,KR,wire
P001759,2026-04-20T11:34:00,C0171,in,1646.09,Kalo Pravinski,FR,wire
P011944,2026-04-20T12:07:00,C0109,out,191.09,Nisdan Farelenko,AU,wire
P003450,2026-04-20T12:12:00,C0006,out,3165.21,Zarnek Ivaskul,SG,wire
P002141,2026-04-20T12:21:00,C0202,out,1732.84,Morriel Ivaskyan,VN,wire
P011017,2026-04-20T12:22:00,C0071,in,392.36,Feldan Lundraes,FR,cash
P008483,2026-04-20T12:45:00,C0102,out,1680.21,Grevvic Gostynenko,MY,wire
P003448,2026-04-20T12:48:00,C0269,in,516.54,Grevriel Lundraitz,SG,wire
P005497,2026-04-20T12:52:00,C0355,in,1120.90,Hentas Davreitz,XC,wire
P000277,2026-04-20T13:32:00,C0231,in,1052.35,Ralriel Lundraov,FR,card
P010590,2026-04-20T13:52:00,C0270,in,489.03,Sevdan Lundraenko,VN,wire
P003288,2026-04-20T13:53:00,C0276,in,992.11,Grevmir Cernaov,DE,wire
P006302,2026-04-20T13:55:00,C0008,in,395.44,Ralren Davreski,VN,wire
P006763,2026-04-20T14:00:00,C0095,in,6308.91,Talvic Farelul,GB,card
P004273,2026-04-20T14:03:00,C0050,in,1770.33,Veren Hanrear,JP,card
P004518,2026-04-20T14:21:00,C0116,out,3393.13,Kariel Orzekski,JP,wire
P011113,2026-04-20T14:21:00,C0087,out,6532.55,Karen Enkoski,SG,cash
P001723,2026-04-20T14:24:00,C0118,out,776.37,Zarvic Enkoitz,SG,card
P006054,2026-04-20T14:30:00,C0190,out,3086.40,Zarriel Krevoitz,US,wire
P000686,2026-04-20T14:55:00,C0080,out,1679.22,Nisdan Cernaenko,SG,cash
P000948,2026-04-20T15:06:00,C0015,in,9513.61,Mortas Lundrayan,KR,wire
P003739,2026-04-20T15:11:00,C0140,out,4315.36,Ostlo Pravinski,XB,cash
P008418,2026-04-20T15:22:00,C0175,in,1218.04,Branren Lundrayan,MY,wire
P008846,2026-04-20T15:31:00,C0319,in,106.83,Taldan Hanreski,US,wire
P007791,2026-04-20T15:33:00,C0257,in,1770.35,Ilyriel Jorelar,XB,cash
P009065,2026-04-20T15:45:00,C0361,out,1498.71,Talvic Farelul,KR,wire
P000907,2026-04-20T15:56:00,C0275,in,837.84,Grevvic Farelitz,VN,wire
P005160,2026-04-20T16:01:00,C0094,out,255.69,Grevnek Aldrees,VN,card
P004770,2026-04-20T16:30:00,C0023,out,633.03,Kanek Boskoyan,SG,wire
P006539,2026-04-20T16:47:00,C0312,out,10418.52,Morlo Pravinenko,VN,wire
P011569,2026-04-20T16:56:00,C0249,out,250.96,Henren Ivaskski,VN,wire
P008634,2026-04-20T17:01:00,C0318,out,2575.25,Kadan Davrees,VN,wire
P011524,2026-04-20T17:08:00,C0097,in,305.17,Dortas Joreles,KR,card
P000818,2026-04-20T17:18:00,C0014,in,1042.94,Dordan Lundraar,US,cash
P004979,2026-04-20T17:30:00,C0282,out,377.36,Kariel Orzekski,JP,card
P011400,2026-04-20T17:37:00,C0137,in,272.94,Tallo Jorelov,US,cash
P011464,2026-04-20T17:37:00,C0075,in,774.35,Raltas Orzekes,MY,card
P009521,2026-04-20T18:08:00,C0358,out,1103.94,Kavic Nevicitz,FR,wire
P009056,2026-04-20T18:41:00,C0130,in,715.70,Kavic Aldreul,GB,card
P006794,2026-04-20T18:44:00,C0379,in,1737.33,Henren Cernayan,AU,wire
P011141,2026-04-20T18:51:00,C0138,out,260.35,Talmir Maroses,FR,wire
P002085,2026-04-20T18:58:00,C0079,in,212.06,Vetas Boskoul,DE,wire
P001754,2026-04-20T19:08:00,C0346,in,123.29,Dormir Ivaskar,VN,card
P001997,2026-04-20T19:10:00,C0252,in,130.45,Mordan Gostynenko,GB,cash
P005096,2026-04-20T19:14:00,C0144,out,532.49,Grevriel Lundraitz,SG,wire
P009075,2026-04-20T19:20:00,C0322,out,2361.68,Felren Ivaskes,AU,wire
P004260,2026-04-20T19:34:00,C0107,out,1468.81,Ilyren Davreitz,GB,card
P005831,2026-04-20T20:10:00,C0183,in,2964.42,Veren Farelitz,GB,wire
P003482,2026-04-20T20:17:00,C0172,in,229.20,Tallo Farelenko,JP,wire
P000609,2026-04-20T20:25:00,C0145,in,1407.72,Talren Nevicov,GB,wire
P011081,2026-04-20T20:28:00,C0059,out,3219.18,Ostnek Pravinitz,KR,wire
P004669,2026-04-20T20:42:00,C0179,out,1542.44,Ilytas Hanreski,JP,card
P006836,2026-04-20T20:46:00,C0351,out,803.53,Felriel Lundraski,JP,wire
P008381,2026-04-20T21:26:00,C0044,out,5706.31,Vedan Hanreov,DE,wire
P007529,2026-04-20T21:30:00,C0100,in,378.26,Talmir Joreles,VN,wire
P009785,2026-04-20T21:37:00,C0149,out,1751.38,Vevic Boskoyan,VN,wire
P010754,2026-04-20T22:18:00,C0179,in,5553.86,Nisriel Cernayan,MY,wire
P002956,2026-04-20T22:21:00,C0047,out,1378.69,Zarnek Krevoitz,FR,card
P009456,2026-04-20T22:24:00,C0013,in,517.06,Vevic Lundraitz,US,wire
P007373,2026-04-20T22:30:00,C0172,in,1295.41,Sevriel Enkoes,KR,wire
P006503,2026-04-20T22:32:00,C0006,out,2626.03,Nislo Farelitz,AU,card
P009776,2026-04-20T22:37:00,C0293,out,2600.27,Umiriel Cernaski,FR,wire
P000213,2026-04-20T23:01:00,C0036,in,1572.89,Kavic Gostynski,GB,wire
P001527,2026-04-20T23:10:00,C0310,out,1959.14,Branren Boskoenko,GB,wire
P008223,2026-04-20T23:17:00,C0098,in,2283.43,Henren Ivaskski,VN,wire
P001894,2026-04-20T23:21:00,C0119,in,311.14,Grevdan Aldrear,FR,wire
P001092,2026-04-20T23:31:00,C0112,out,105.52,Henriel Orzekenko,JP,wire
P006545,2026-04-20T23:47:00,C0026,out,2107.59,Henren Enkoitz,XC,wire
P008712,2026-04-20T23:54:00,C0030,in,288.70,Ostren Farelenko,GB,wire
P001709,2026-04-20T23:57:00,C0196,out,337.84,Talmir Orzekes,SG,wire
P007702,2026-04-21T00:16:00,C0015,in,5487.09,Grevdan Krevoski,SG,wire
P008086,2026-04-21T00:19:00,C0042,in,1680.86,Umiren Pravinitz,DE,wire
P007758,2026-04-21T00:47:00,C0086,out,533.70,Vedan Jorelov,US,wire
P006286,2026-04-21T00:51:00,C0324,out,495.21,Ostriel Orzekenko,US,wire
P002640,2026-04-21T00:52:00,C0149,out,2311.87,Kavic Gostynski,FR,wire
P010267,2026-04-21T00:54:00,C0131,out,2842.51,Grevnek Boskoul,VN,wire
P001293,2026-04-21T00:57:00,C0321,out,401.30,Morlo Cernaitz,KR,wire
P005231,2026-04-21T00:57:00,C0004,in,446.60,Nisren Aldreski,JP,wire
P003909,2026-04-21T01:02:00,C0233,in,115.63,Zarnek Marosar,JP,card
P000294,2026-04-21T01:25:00,C0209,out,2296.21,Grevlo Krevoar,GB,cash
P005105,2026-04-21T01:34:00,C0104,out,358.85,Mornek Davreenko,MY,card
P004928,2026-04-21T01:50:00,C0149,in,4184.97,Zardan Cernaes,AU,cash
P002687,2026-04-21T02:21:00,C0006,in,1081.14,Zarlo Gostynyan,US,wire
P005739,2026-04-21T02:27:00,C0034,in,1544.20,Ilynek Orzekitz,MY,wire
P005641,2026-04-21T02:33:00,C0272,in,2082.47,Kalo Boskosenko,US,wire
P010747,2026-04-21T02:45:00,C0146,in,3186.33,Hentas Krevoul,KR,wire
P006767,2026-04-21T02:51:00,C0302,out,174.95,Ostdan Farelski,SG,wire
P000939,2026-04-21T03:25:00,C0324,in,1752.22,Grevdan Hanreov,US,card
P003831,2026-04-21T03:34:00,C0391,in,2660.51,Branmir Ivaskul,MY,card
P008842,2026-04-21T03:39:00,C0284,out,2632.98,Sevtas Pravinski,KR,wire
P000055,2026-04-21T03:41:00,C0202,out,1149.56,Sevmir Farelov,DE,wire
P005229,2026-04-21T03:46:00,C0189,out,1088.80,Ilymir Jorelar,US,wire
P006414,2026-04-21T03:51:00,C0060,in,285.13,Sevdan Ivaskitz,MY,wire
P004276,2026-04-21T03:52:00,C0388,out,799.38,Henmir Marosenko,FR,wire
P009363,2026-04-21T04:06:00,C0378,in,376.75,Ralren Nevicar,XA,wire
P002205,2026-04-21T04:12:00,C0198,out,673.33,Talren Lundrayan,KR,wire
P004450,2026-04-21T04:32:00,C0288,out,3129.68,Dorlo Boskoitz,DE,wire
P008678,2026-04-21T04:35:00,C0321,out,12436.57,Felriel Aldreov,FR,wire
P010496,2026-04-21T04:35:00,C0126,in,1673.52,Zarnek Davrear,XB,wire
P006009,2026-04-21T04:46:00,C0256,out,1419.69,Vevic Orzekul,FR,wire
P011164,2026-04-21T04:51:00,C0385,out,2803.65,Branlo Boskoes,JP,card
P009036,2026-04-21T04:56:00,C0287,in,656.20,Grevdan Pravinul,VN,wire
P003709,2026-04-21T05:34:00,C0011,out,241.49,Ostriel Jorelul,XC,wire
P003300,2026-04-21T06:03:00,C0292,out,106.97,Raltas Marosov,VN,wire
P001142,2026-04-21T06:07:00,C0186,in,1535.73,Ilynek Fareles,XA,wire
P001074,2026-04-21T06:08:00,C0035,in,129.06,Henren Gostynski,AU,cash
P000610,2026-04-21T06:11:00,C0229,out,1362.22,Venek Hanreenko,VN,wire
P003821,2026-04-21T06:39:00,C0214,out,705.63,Talmir Maroses,FR,wire
P000421,2026-04-21T07:30:00,C0282,in,332.00,Ostren Farelski,FR,wire
P010358,2026-04-21T07:32:00,C0028,out,557.95,Kariel Ivaskenko,MY,card
P011518,2026-04-21T07:35:00,C0207,in,440.37,Talren Lundraar,KR,wire
P001003,2026-04-21T08:14:00,C0015,out,1810.61,Zarriel Farelyan,KR,wire
P010604,2026-04-21T08:17:00,C0030,out,8382.08,Ostdan Krevoul,VN,card
P005967,2026-04-21T08:22:00,C0215,out,3434.49,Hendan Ivaskenko,AU,cash
P001687,2026-04-21T08:29:00,C0030,in,302.40,Hendan Hanreski,VN,wire
P004304,2026-04-21T08:32:00,C0351,out,442.90,Kavic Gostynski,GB,wire
P009600,2026-04-21T08:46:00,C0074,out,7895.42,Ilyvic Orzekul,DE,wire
P006524,2026-04-21T08:49:00,C0087,out,407.97,Feltas Ivaskenko,JP,wire
P004679,2026-04-21T08:58:00,C0246,in,5535.55,Felmir Jorelul,DE,wire
P012055,2026-04-21T09:00:00,C0350,in,41326.85,Vetas Farelyan,DE,wire
P011958,2026-04-21T09:01:00,C0128,in,3543.25,Mormir Aldrear,FR,cash
P007957,2026-04-21T09:07:00,C0378,in,2764.10,Sevtas Enkoitz,FR,card
P000201,2026-04-21T09:21:00,C0097,in,444.90,Zardan Gostynyan,SG,wire
P007416,2026-04-21T09:34:00,C0382,out,494.05,Ralriel Krevoitz,VN,wire
P003582,2026-04-21T09:39:00,C0362,out,626.03,Nislo Nevicov,VN,wire
P010473,2026-04-21T09:51:00,C0284,in,189.49,Osttas Hanreov,JP,wire
P006703,2026-04-21T09:56:00,C0078,in,1890.29,Felnek Enkoar,GB,wire
P001113,2026-04-21T09:57:00,C0247,in,324.92,Hentas Krevoul,GB,card
P012016,2026-04-21T10:00:00,C0301,in,9245.06,Felren Hanreov,US,cash
P004710,2026-04-21T10:23:00,C0237,in,1537.05,Ostlo Jorelenko,SG,wire
P010825,2026-04-21T10:25:00,C0103,out,1974.72,Vedan Pravinenko,VN,wire
P000446,2026-04-21T10:32:00,C0144,in,2083.04,Branren Lundrayan,AU,wire
P011373,2026-04-21T10:45:00,C0128,out,2188.59,Kariel Orzekski,DE,card
P010625,2026-04-21T10:52:00,C0246,in,459.70,Katas Gostynenko,DE,wire
P010937,2026-04-21T10:55:00,C0374,in,8960.78,Ilytas Hanreski,US,wire
P005546,2026-04-21T11:08:00,C0264,out,1607.78,Zarlo Gostynyan,GB,wire
P010501,2026-04-21T11:12:00,C0014,out,1584.74,Sevdan Gostynski,JP,wire
P011792,2026-04-21T11:24:00,C0270,in,214.93,Zartas Pravinenko,VN,card
P003283,2026-04-21T11:55:00,C0095,in,963.64,Hennek Gostynitz,US,wire
P003497,2026-04-21T12:00:00,C0058,in,197.99,Sevren Jorelenko,SG,wire
P000405,2026-04-21T12:17:00,C0301,out,2490.36,Zartas Farelyan,SG,wire
P005284,2026-04-21T12:19:00,C0290,in,2282.99,Veriel Jorelenko,KR,wire
P001654,2026-04-21T12:34:00,C0329,in,875.75,Mormir Gostynenko,AU,wire
P009797,2026-04-21T12:47:00,C0174,in,369.13,Raltas Enkoenko,SG,wire
P004590,2026-04-21T12:55:00,C0277,out,1666.85,Dorvic Lundraov,KR,wire
P012056,2026-04-21T13:00:00,C0350,out,12697.91,Mortas Aldreov,XB,wire
P004953,2026-04-21T13:02:00,C0163,out,1778.33,Sevren Orzekar,DE,card
P002768,2026-04-21T13:06:00,C0026,in,2958.03,Grevdan Jorelar,AU,cash
P005387,2026-04-21T13:07:00,C0109,out,1906.57,Rallo Pravinenko,US,wire
P001122,2026-04-21T13:29:00,C0244,in,1373.74,Ostmir Aldrees,JP,card
P006125,2026-04-21T13:29:00,C0104,out,5071.34,Mordan Cernaul,FR,card
P001190,2026-04-21T13:32:00,C0056,out,862.85,Kavic Boskoitz,FR,cash
P002060,2026-04-21T13:37:00,C0364,in,2179.59,Kalo Davreski,XB,wire
P010394,2026-04-21T13:44:00,C0050,out,5150.58,Ostmir Boskoar,JP,wire
P007312,2026-04-21T13:56:00,C0291,in,4301.20,Henriel Jorelyan,US,card
P000718,2026-04-21T13:59:00,C0164,out,4050.29,Nisdan Pravinyan,XC,wire
P002654,2026-04-21T14:14:00,C0105,in,1496.39,Kadan Nevicov,KR,cash
P007021,2026-04-21T14:16:00,C0375,in,1620.63,Vemir Jorelenko,US,card
P002160,2026-04-21T14:26:00,C0353,in,214.47,Ostriel Davreitz,DE,wire
P011090,2026-04-21T14:28:00,C0249,out,183.32,Vemir Boskoul,FR,wire
P007537,2026-04-21T14:29:00,C0158,in,439.59,Ralmir Orzekul,DE,cash
P008268,2026-04-21T14:31:00,C0223,in,571.59,Zarlo Gostynyan,DE,card
P004594,2026-04-21T14:33:00,C0160,in,82.22,Ostmir Lundraski,KR,cash
P004340,2026-04-21T14:34:00,C0379,out,335.84,Umimir Lundrayan,US,card
P000853,2026-04-21T14:39:00,C0186,in,316.84,Rallo Krevoov,US,wire
P001389,2026-04-21T14:40:00,C0330,in,1493.34,Kanek Boskoyan,XB,wire
P009486,2026-04-21T14:40:00,C0095,in,1072.03,Zarlo Gostynyan,KR,card
P007620,2026-04-21T15:15:00,C0379,in,2628.88,Zartas Ivaskul,US,wire
P008080,2026-04-21T15:17:00,C0034,out,443.89,Hennek Davreski,DE,card
P011798,2026-04-21T15:23:00,C0030,in,177.24,Nismir Ivaskenko,US,card
P007257,2026-04-21T15:24:00,C0314,out,2431.36,Dorvic Krevoenko,KR,wire
P007545,2026-04-21T15:55:00,C0296,in,356.10,Umimir Boskoenko,SG,card
P009063,2026-04-21T15:56:00,C0025,in,5326.62,Kanek Davreski,KR,wire
P009991,2026-04-21T15:56:00,C0280,in,480.85,Ostmir Lundraski,JP,wire
P012045,2026-04-21T16:00:00,C0207,in,9503.86,Ralmir Hanreenko,US,cash
P006586,2026-04-21T16:09:00,C0153,out,4520.03,Branmir Ivaskul,JP,wire
P003857,2026-04-21T16:15:00,C0255,out,656.26,Sevren Orzekar,VN,wire
P002193,2026-04-21T16:20:00,C0260,out,404.11,Zartas Ivaskul,KR,wire
P009442,2026-04-21T16:24:00,C0373,in,1118.47,Zarnek Jorelitz,AU,wire
P000212,2026-04-21T16:52:00,C0162,in,134.50,Umiren Hanreul,US,wire
P000318,2026-04-21T17:04:00,C0329,in,1448.30,Velo Hanreski,AU,card
P008910,2026-04-21T17:04:00,C0239,out,623.66,Hennek Aldreenko,MY,wire
P011894,2026-04-21T17:30:00,C0216,in,994.72,Kalo Pravinski,US,card
P005139,2026-04-21T17:33:00,C0029,out,271.72,Rallo Krevoov,AU,card
P003176,2026-04-21T17:43:00,C0230,out,2144.55,Kavic Nevicul,GB,wire
P005747,2026-04-21T17:45:00,C0172,in,484.05,Morvic Boskoul,JP,wire
P005277,2026-04-21T17:53:00,C0364,out,2836.47,Umimir Lundrayan,VN,card
P002466,2026-04-21T17:56:00,C0240,in,1648.20,Ostmir Boskoar,VN,wire
P003790,2026-04-21T17:59:00,C0242,out,1648.00,Mornek Davreenko,VN,wire
P010584,2026-04-21T18:00:00,C0397,out,558.42,Branlo Marosyan,MY,card
P012057,2026-04-21T18:00:00,C0350,out,12697.91,Kavic Cernaitz,XB,wire
P008934,2026-04-21T18:12:00,C0256,out,617.06,Ilydan Cernaes,KR,wire
P002389,2026-04-21T18:19:00,C0046,out,297.93,Taldan Boskoenko,SG,wire
P011851,2026-04-21T18:30:00,C0044,out,1238.44,Felriel Hanreov,KR,wire
P010525,2026-04-21T18:36:00,C0355,out,704.28,Ostren Farelski,US,wire
P010783,2026-04-21T18:42:00,C0075,out,117.20,Talren Nevicov,JP,wire
P000969,2026-04-21T19:18:00,C0206,in,4509.42,Morlo Jorelenko,DE,wire
P008230,2026-04-21T19:24:00,C0051,in,2329.44,Ilynek Orzekitz,JP,cash
P000127,2026-04-21T19:31:00,C0330,in,1243.77,Ilyvic Orzekul,US,wire
P007540,2026-04-21T19:31:00,C0204,in,515.40,Ostriel Davreski,XA,wire
P007384,2026-04-21T19:32:00,C0299,in,2638.45,Henren Hanreov,MY,cash
P010325,2026-04-21T19:39:00,C0023,out,1387.41,Sevren Ivaskienko,GB,cash
P008348,2026-04-21T19:41:00,C0241,in,2777.95,Dorren Hanrear,FR,wire
P011745,2026-04-21T20:26:00,C0291,out,2037.04,Ostriel Davreitz,VN,wire
P004792,2026-04-21T20:28:00,C0351,out,2431.81,Dormir Farelski,US,wire
P003669,2026-04-21T20:30:00,C0349,out,343.17,Uminek Aldreul,SG,wire
P009315,2026-04-21T20:31:00,C0322,in,3580.06,Taldan Boskoenko,VN,wire
P011847,2026-04-21T21:03:00,C0128,in,3223.21,Morriel Aldreyan,VN,cash
P003495,2026-04-21T21:04:00,C0166,in,963.01,Ostdan Krevoul,US,wire
P001798,2026-04-21T21:14:00,C0296,in,11345.90,Grevvic Gostynenko,FR,card
P001437,2026-04-21T21:16:00,C0382,out,2295.46,Veriel Lundraar,AU,wire
P003471,2026-04-21T21:23:00,C0135,out,4871.08,Mormir Jorelyan,DE,card
P008531,2026-04-21T21:25:00,C0317,out,467.61,Ostriel Davreitz,FR,wire
P008375,2026-04-21T21:47:00,C0340,in,199.00,Brantas Boskoar,FR,wire
P007935,2026-04-21T22:04:00,C0342,out,430.57,Dorren Ivaskyan,SG,wire
P005265,2026-04-21T22:05:00,C0279,out,6741.38,Ostdan Ivaskov,MY,wire
P008071,2026-04-21T22:12:00,C0366,in,1621.66,Branlo Boskoes,JP,wire
P007272,2026-04-21T22:28:00,C0045,in,601.78,Henvic Cernaov,FR,wire
P006017,2026-04-21T22:31:00,C0021,in,647.10,Kariel Nevicul,JP,wire
P000848,2026-04-21T22:33:00,C0334,in,4766.75,Umivic Lundraes,AU,cash
P009912,2026-04-21T22:33:00,C0320,out,1952.90,Velo Joreles,US,wire
P005023,2026-04-21T22:36:00,C0062,in,854.44,Ralriel Gostynov,MY,wire
P003560,2026-04-21T22:49:00,C0155,in,1360.83,Mortas Orzekyan,XB,card
P003149,2026-04-21T22:59:00,C0184,out,352.13,Karen Aldreul,KR,cash
P012058,2026-04-21T23:00:00,C0350,out,12697.91,Rallo Davrear,XA,wire
P005805,2026-04-21T23:09:00,C0038,in,1990.57,Ralren Fareles,GB,wire
P002081,2026-04-21T23:24:00,C0155,out,528.55,Tallo Hanreenko,MY,wire
P001413,2026-04-21T23:39:00,C0024,in,269.48,Hennek Enkoitz,XB,wire
P003793,2026-04-21T23:49:00,C0347,in,885.96,Felnek Enkoar,VN,card
P008836,2026-04-21T23:49:00,C0293,out,589.22,Talvic Ivaskitz,DE,wire
P006072,2026-04-22T00:14:00,C0137,in,557.19,Talmir Lundraes,JP,wire
P010431,2026-04-22T00:16:00,C0159,in,456.63,Umiren Hanreski,MY,wire
P008914,2026-04-22T00:17:00,C0124,in,3568.80,Zartas Farelyan,US,cash
P007360,2026-04-22T00:24:00,C0131,in,114.73,Ilynek Fareles,XA,wire
P003939,2026-04-22T00:34:00,C0344,in,846.24,Umimir Ivaskul,DE,card
P008798,2026-04-22T00:40:00,C0355,out,336.69,Grevlo Orzekski,GB,wire
P000094,2026-04-22T00:43:00,C0245,in,503.91,Sevriel Davreski,US,wire
P000068,2026-04-22T01:02:00,C0268,out,376.74,Nismir Ivaskenko,AU,wire
P005719,2026-04-22T01:16:00,C0106,in,2140.35,Talren Pravinar,XA,cash
P002385,2026-04-22T01:30:00,C0383,in,1579.01,Talren Lundraar,FR,card
P011484,2026-04-22T01:34:00,C0056,out,7493.64,Osttas Lundraar,JP,card
P002809,2026-04-22T01:44:00,C0256,out,3960.22,Kalo Cernaes,SG,wire
P011549,2026-04-22T01:58:00,C0236,out,2942.15,Ilymir Davrear,US,wire
P004699,2026-04-22T02:52:00,C0099,in,2413.42,Taldan Pravines,GB,wire
P004140,2026-04-22T02:57:00,C0359,in,1230.31,Mortas Davreenko,DE,wire
P004226,2026-04-22T03:07:00,C0144,in,5670.94,Umimir Lundrayan,SG,wire
P001117,2026-04-22T03:17:00,C0135,out,255.90,Henvic Nevicitz,US,cash
P004068,2026-04-22T03:20:00,C0183,in,677.96,Nislo Gostynitz,JP,card
P010577,2026-04-22T03:30:00,C0360,in,5485.60,Nislo Jorelyan,KR,card
P010653,2026-04-22T03:52:00,C0327,in,293.62,Henmir Krevoes,AU,wire
P006852,2026-04-22T03:54:00,C0357,out,997.67,Vetas Krevoov,XA,wire
P007743,2026-04-22T03:57:00,C0061,out,1076.51,Nismir Hanreov,KR,cash
P006316,2026-04-22T03:58:00,C0209,in,372.98,Nismir Aldrear,AU,wire
P001301,2026-04-22T04:15:00,C0060,out,219.51,Sevnek Ivaskar,DE,wire
P011072,2026-04-22T04:42:00,C0207,in,771.28,Nismir Krevoar,XA,cash
P002076,2026-04-22T04:55:00,C0154,out,1063.34,Henlo Marosenko,FR,cash
P002101,2026-04-22T04:59:00,C0013,out,11128.35,Grevdan Aldrear,VN,wire
P011381,2026-04-22T05:08:00,C0262,in,300.04,Nisren Boskoenko,MY,card
P007687,2026-04-22T05:13:00,C0038,out,2419.92,Sevlo Aldreenko,AU,cash
P009970,2026-04-22T05:14:00,C0264,out,1426.89,Taldan Hanreski,VN,wire
P002312,2026-04-22T05:43:00,C0284,in,1491.09,Karen Aldreul,SG,wire
P010025,2026-04-22T05:54:00,C0063,in,1875.68,Ilydan Marositz,GB,wire
P000204,2026-04-22T05:57:00,C0234,in,218.77,Dorvic Krevoenko,FR,card
P010606,2026-04-22T06:04:00,C0397,in,1991.54,Henvic Ivaskski,KR,card
P002420,2026-04-22T06:29:00,C0006,out,172.21,Ostmir Lundraski,KR,card
P001485,2026-04-22T07:01:00,C0351,out,562.74,Dortas Boskoov,JP,wire
P003444,2026-04-22T07:01:00,C0065,out,385.88,Nisren Boskoenko,JP,card
P006034,2026-04-22T07:34:00,C0199,out,3736.39,Zarvic Ivaskyan,SG,cash
P002199,2026-04-22T07:48:00,C0381,in,248.70,Henmir Davrear,JP,card
P005752,2026-04-22T07:49:00,C0250,out,216.40,Felren Davreenko,US,wire
P000695,2026-04-22T07:56:00,C0370,out,628.30,Ostvic Aldreski,DE,wire
P006656,2026-04-22T08:10:00,C0162,out,4172.87,Kanek Davreenko,GB,card
P002321,2026-04-22T08:15:00,C0250,out,1394.22,Umiren Pravinitz,US,wire
P003394,2026-04-22T08:18:00,C0054,out,600.53,Brandan Hanreitz,MY,card
P006035,2026-04-22T08:27:00,C0011,out,443.08,Zarren Pravinitz,MY,wire
P006618,2026-04-22T08:41:00,C0307,out,705.19,Hendan Ivaskenko,JP,wire
P005438,2026-04-22T08:55:00,C0116,out,830.40,Dorlo Boskoski,FR,cash
P004423,2026-04-22T09:07:00,C0262,in,1671.49,Mornek Gostynski,VN,card
P001461,2026-04-22T09:27:00,C0024,out,1390.24,Grevren Lundrayan,JP,wire
P000429,2026-04-22T09:38:00,C0039,in,1951.24,Hentas Nevicenko,DE,wire
P008894,2026-04-22T09:42:00,C0283,out,276.41,Ralren Hanreyan,AU,card
P006919,2026-04-22T10:09:00,C0255,in,1672.05,Ostnek Gostynov,SG,cash
P004974,2026-04-22T10:18:00,C0223,in,2295.30,Ralvic Jorelitz,SG,card
P001658,2026-04-22T10:40:00,C0099,out,195.46,Mordan Enkoes,GB,wire
P006749,2026-04-22T10:40:00,C0254,out,296.56,Talmir Davrear,FR,wire
P007970,2026-04-22T10:42:00,C0217,out,788.40,Branlo Farelar,XC,card
P010397,2026-04-22T11:00:00,C0186,out,419.88,Sevvic Jorelski,KR,wire
P012017,2026-04-22T11:00:00,C0301,in,9123.14,Umiren Pravinar,US,cash
P007993,2026-04-22T11:05:00,C0265,in,6815.13,Grevnek Aldrees,XA,wire
P008841,2026-04-22T11:10:00,C0270,out,299.28,Umilo Davreitz,GB,cash
P001483,2026-04-22T11:15:00,C0006,in,1139.47,Zarriel Ivaskitz,DE,wire
P009152,2026-04-22T11:18:00,C0384,in,2514.54,Zarmir Aldrees,XC,wire
P004427,2026-04-22T11:30:00,C0135,in,1911.10,Ostmir Gostynenko,FR,wire
P011719,2026-04-22T11:31:00,C0314,out,473.68,Nismir Krevoar,VN,wire
P003466,2026-04-22T11:43:00,C0163,in,7702.15,Felren Ivaskes,SG,wire
P010447,2026-04-22T11:49:00,C0366,in,636.60,Zarnek Ivaskul,MY,wire
P000316,2026-04-22T11:57:00,C0087,in,328.57,Veriel Lundraenko,MY,wire
P010914,2026-04-22T12:12:00,C0295,in,1027.64,Ostmir Boskoar,GB,card
P011265,2026-04-22T12:12:00,C0012,in,3530.40,Veriel Jorelenko,FR,wire
P003920,2026-04-22T12:15:00,C0163,in,1584.63,Venek Boskoyan,GB,card
P010261,2026-04-22T12:18:00,C0183,in,475.82,Sevriel Farelenko,GB,wire
P001507,2026-04-22T12:52:00,C0179,in,465.23,Kariel Gostynul,KR,wire
P006218,2026-04-22T12:52:00,C0224,in,128.23,Branren Davreyan,VN,wire
P009352,2026-04-22T12:52:00,C0203,out,146.58,Henmir Krevoyan,US,wire
P004585,2026-04-22T13:08:00,C0324,out,2633.86,Sevriel Joreles,XB,wire
P006603,2026-04-22T13:11:00,C0395,out,11599.96,Umivic Cernaov,GB,wire
P010799,2026-04-22T13:14:00,C0189,out,1203.70,Henvic Nevicitz,FR,card
P000711,2026-04-22T13:22:00,C0156,in,4214.53,Nisnek Krevoitz,SG,wire
P000082,2026-04-22T13:47:00,C0100,in,807.33,Sevren Ivaskienko,GB,card
P001178,2026-04-22T13:47:00,C0125,in,1381.73,Venek Hanrear,AU,wire
P006102,2026-04-22T13:47:00,C0174,out,567.72,Sevren Jorelenko,MY,wire
P010943,2026-04-22T14:07:00,C0399,out,464.39,Ostriel Davreitz,DE,cash
P008332,2026-04-22T14:18:00,C0028,in,3177.07,Grevmir Farelar,VN,wire
P003854,2026-04-22T14:19:00,C0121,in,2650.07,Sevriel Farelenko,US,wire
P010570,2026-04-22T14:19:00,C0196,out,1668.32,Talriel Boskoski,JP,wire
P002007,2026-04-22T14:35:00,C0155,out,3017.64,Sevriel Davrear,GB,card
P000376,2026-04-22T14:44:00,C0359,out,4540.90,Vedan Farelar,DE,cash
P000563,2026-04-22T15:02:00,C0090,in,4009.49,Hennek Davreov,XB,cash
P011379,2026-04-22T15:04:00,C0181,in,1255.17,Ostvic Lundraenko,US,card
P005429,2026-04-22T15:19:00,C0364,in,839.58,Ostnek Nevicenko,GB,card
P001412,2026-04-22T15:29:00,C0037,out,2126.16,Uminek Hanrees,GB,cash
P010867,2026-04-22T15:54:00,C0264,in,2239.41,Henren Farelitz,AU,wire
P009387,2026-04-22T16:13:00,C0273,out,6182.46,Vedan Farelar,KR,wire
P012006,2026-04-22T16:13:00,C0119,out,6770.96,Marositz Ostlo,XB,wire
P007339,2026-04-22T16:19:00,C0265,in,3265.02,Henriel Cernaes,VN,wire
P009078,2026-04-22T16:31:00,C0061,in,1180.76,Ostlo Jorelar,DE,wire
P010607,2026-04-22T16:44:00,C0019,in,1410.37,Raldan Marosyan,VN,wire
P000622,2026-04-22T17:23:00,C0125,in,453.39,Sevmir Ivaskyan,JP,wire
P009909,2026-04-22T17:25:00,C0205,in,1279.77,Grevlo Ivaskes,VN,wire
P011137,2026-04-22T17:43:00,C0071,out,333.97,Kanek Lundraes,US,cash
P009135,2026-04-22T17:47:00,C0196,out,281.56,Ostdan Gostynov,DE,wire
P008618,2026-04-22T17:52:00,C0223,in,344.01,Veren Hanrear,US,wire
P004401,2026-04-22T17:53:00,C0050,out,366.48,Ralnek Maroses,JP,cash
P000192,2026-04-22T17:55:00,C0209,in,139.71,Zarvic Enkoes,KR,wire
P002246,2026-04-22T18:02:00,C0027,in,2038.59,Zarlo Nevicyan,KR,card
P006828,2026-04-22T18:07:00,C0241,in,1676.40,Zarren Pravinitz,FR,card
P004106,2026-04-22T18:49:00,C0201,in,1016.92,Grevvic Farelitz,FR,wire
P001161,2026-04-22T19:08:00,C0098,out,231.58,Zarvic Orzekenko,KR,card
P008049,2026-04-22T19:11:00,C0375,in,717.01,Felvic Ivaskitz,MY,wire
P004967,2026-04-22T19:14:00,C0319,out,552.35,Kadan Ivaskul,DE,wire
P006631,2026-04-22T19:23:00,C0299,out,5867.76,Vedan Nevicyan,GB,wire
P001701,2026-04-22T19:35:00,C0287,out,535.20,Ralren Fareles,DE,wire
P003637,2026-04-22T19:44:00,C0364,out,458.17,Sevlo Davreenko,AU,wire
P010132,2026-04-22T20:26:00,C0241,out,18500.61,Felmir Gostynyan,FR,wire
P007041,2026-04-22T20:38:00,C0187,in,1417.84,Dorvic Marosar,US,wire
P004253,2026-04-22T20:39:00,C0165,in,2975.17,Grevvic Gostynenko,AU,cash
P002576,2026-04-22T20:44:00,C0000,out,337.66,Ilyren Davreitz,US,wire
P008330,2026-04-22T20:51:00,C0179,out,998.39,Ilylo Krevoul,VN,cash
P009917,2026-04-22T20:54:00,C0019,in,478.84,Zarlo Pravinyan,VN,wire
P001043,2026-04-22T20:59:00,C0176,in,439.46,Kavic Hanreenko,FR,wire
P006932,2026-04-22T21:19:00,C0254,in,2710.07,Ilymir Davrear,MY,wire
P003678,2026-04-22T21:35:00,C0120,in,584.33,Umilo Enkoski,MY,wire
P007747,2026-04-22T21:46:00,C0309,out,3198.90,Ilytas Enkoski,DE,cash
P004788,2026-04-22T21:48:00,C0086,out,3956.73,Ilydan Ivasksenko,AU,cash
P005401,2026-04-22T22:04:00,C0291,in,1614.76,Ostriel Davreski,VN,card
P003999,2026-04-22T22:09:00,C0324,in,376.73,Nislo Jorelyan,FR,wire
P009545,2026-04-22T22:11:00,C0189,in,1579.14,Branmir Farelski,SG,wire
P006805,2026-04-22T22:24:00,C0022,out,1962.95,Zarmir Orzekyan,GB,wire
P007184,2026-04-22T22:44:00,C0234,in,980.58,Morriel Farelenko,MY,card
P005262,2026-04-22T22:50:00,C0062,out,226.58,Nisnek Nevicul,KR,wire
P006212,2026-04-22T23:31:00,C0087,out,1444.27,Henvic Ivaskski,SG,wire
P006993,2026-04-22T23:43:00,C0103,out,1059.42,Sevlo Aldrees,SG,wire
P002080,2026-04-22T23:44:00,C0056,out,1189.09,Branren Gostynyan,VN,wire
P010622,2026-04-22T23:54:00,C0127,out,248.01,Kanek Krevoski,AU,wire
P000654,2026-04-23T00:03:00,C0186,out,1505.70,Taltas Davreyan,FR,card
P006459,2026-04-23T00:29:00,C0137,out,2478.12,Kariel Nevicitz,MY,wire
P006105,2026-04-23T00:40:00,C0367,in,1528.64,Mordan Davreitz,AU,wire
P007642,2026-04-23T01:03:00,C0150,in,163.18,Nislo Nevicov,GB,card
P008087,2026-04-23T01:11:00,C0341,out,297.36,Nisren Orzekov,JP,cash
P001660,2026-04-23T01:30:00,C0358,in,488.74,Ralnek Enkoyan,US,wire
P005940,2026-04-23T01:39:00,C0197,out,5290.78,Raltas Joreles,US,wire
P009608,2026-04-23T02:35:00,C0077,in,247.12,Veren Maroses,US,wire
P002362,2026-04-23T02:42:00,C0141,out,1346.66,Ilyriel Pravinenko,JP,wire
P004559,2026-04-23T03:13:00,C0290,in,2554.88,Sevriel Enkoes,US,wire
P007307,2026-04-23T03:13:00,C0071,out,459.47,Mormir Hanreov,SG,wire
P004314,2026-04-23T03:47:00,C0250,in,484.99,Branlo Farelar,VN,wire
P006904,2026-04-23T03:49:00,C0350,out,2387.49,Kadan Boskoov,MY,card
P009301,2026-04-23T03:49:00,C0157,out,309.66,Henmir Hanreyan,US,cash
P005784,2026-04-23T03:53:00,C0132,in,778.02,Morriel Krevoski,SG,wire
P004052,2026-04-23T04:03:00,C0053,out,1443.71,Grevvic Farelitz,VN,cash
P003791,2026-04-23T04:32:00,C0197,in,1996.81,Uminek Enkoski,SG,wire
P004915,2026-04-23T04:33:00,C0031,out,7815.50,Zarnek Hanrear,MY,card
P003758,2026-04-23T04:36:00,C0334,out,1121.12,Ostriel Boskoitz,JP,wire
P005085,2026-04-23T04:38:00,C0093,in,209.13,Ostnek Lundrayenko,KR,wire
P002971,2026-04-23T04:43:00,C0095,in,1085.56,Mormir Gostynenko,GB,wire
P005227,2026-04-23T05:18:00,C0394,in,852.32,Sevmir Pravinov,VN,card
P008958,2026-04-23T05:19:00,C0228,out,1202.80,Grevdan Jorelar,MY,wire
P000390,2026-04-23T05:25:00,C0110,out,1815.18,Ralmir Orzekul,VN,card
P009501,2026-04-23T05:27:00,C0054,in,935.07,Branriel Enkoul,KR,wire
P003354,2026-04-23T05:39:00,C0308,out,680.35,Osttas Lundraar,FR,wire
P005197,2026-04-23T05:46:00,C0063,in,191.28,Ralnek Maroses,SG,wire
P003264,2026-04-23T06:10:00,C0389,in,1250.30,Branlo Cernaenko,XB,wire
P004294,2026-04-23T06:33:00,C0214,out,488.95,Nisriel Cernayan,VN,wire
P007369,2026-04-23T06:56:00,C0375,out,1647.88,Dorren Hanrear,SG,cash
P000419,2026-04-23T06:58:00,C0227,in,1190.35,Ralriel Krevoitz,JP,card
P006620,2026-04-23T07:01:00,C0257,out,9772.74,Velo Hanreski,KR,card
P006350,2026-04-23T07:10:00,C0201,in,6666.07,Zartas Gostynar,DE,wire
P009730,2026-04-23T07:12:00,C0014,in,353.12,Hennek Enkoar,JP,card
P002095,2026-04-23T07:18:00,C0306,in,439.78,Ilyvic Davreenko,JP,wire
P010797,2026-04-23T07:28:00,C0262,in,843.87,Umitas Orzekenko,MY,cash
P004027,2026-04-23T07:34:00,C0286,out,748.13,Zarriel Ivaskitz,AU,card
P007902,2026-04-23T07:48:00,C0284,out,1541.90,Zardan Cernaes,JP,card
P000703,2026-04-23T07:57:00,C0243,in,1647.09,Henvic Cernaov,US,card
P004096,2026-04-23T08:22:00,C0066,in,227.39,Ilydan Ivasksenko,JP,wire
P010479,2026-04-23T08:30:00,C0191,in,5901.28,Umilo Aldreul,VN,card
P001496,2026-04-23T08:57:00,C0319,in,175.51,Mortas Marosski,GB,card
P006744,2026-04-23T09:06:00,C0102,out,882.23,Ilyvic Hanreul,MY,card
P011157,2026-04-23T09:09:00,C0204,in,1401.83,Ilytas Ivaskitz,FR,wire
P007974,2026-04-23T09:15:00,C0139,in,340.01,Vevic Boskoyan,GB,wire
P010839,2026-04-23T09:19:00,C0221,in,753.47,Mormir Hanreov,MY,card
P009195,2026-04-23T09:40:00,C0273,out,3794.05,Vedan Pravinenko,SG,wire
P003111,2026-04-23T09:45:00,C0162,out,2198.40,Ralriel Krevoitz,FR,wire
P010640,2026-04-23T09:47:00,C0098,in,353.77,Nisnek Orzekar,US,wire
P011092,2026-04-23T09:48:00,C0236,out,13773.08,Zarlo Pravinyan,FR,wire
P009556,2026-04-23T10:02:00,C0011,in,338.83,Zardan Boskoar,FR,wire
P010727,2026-04-23T10:04:00,C0126,out,836.60,Veren Hanrear,AU,wire
P009253,2026-04-23T10:06:00,C0276,in,3052.55,Ilymir Nevicov,VN,wire
P008733,2026-04-23T10:07:00,C0093,out,919.19,Henren Krevoitz,SG,wire
P001431,2026-04-23T10:08:00,C0198,in,979.19,Veren Hanrear,JP,wire
P004943,2026-04-23T10:10:00,C0328,out,249.87,Kalo Boskosenko,KR,wire
P007670,2026-04-23T10:42:00,C0051,in,883.28,Rallo Krevoov,SG,wire
P005013,2026-04-23T10:51:00,C0159,in,228.89,Ostvic Boskoski,US,wire
P004886,2026-04-23T10:53:00,C0296,in,3420.55,Branren Davreenko,JP,card
P000477,2026-04-23T11:34:00,C0091,out,395.35,Zartas Pravinenko,KR,cash
P006970,2026-04-23T12:08:00,C0116,in,674.98,Mordan Davreitz,DE,wire
P007763,2026-04-23T12:12:00,C0147,out,138.70,Branriel Lundraenko,FR,wire
P007885,2026-04-23T12:19:00,C0325,in,504.83,Mortas Gostynski,MY,wire
P001063,2026-04-23T12:35:00,C0334,out,1511.27,Henren Krevoitz,AU,wire
P011995,2026-04-23T12:49:00,C0069,in,1084.77,Rallo Enkoar,SG,wire
P006505,2026-04-23T12:57:00,C0374,out,1467.25,Mormir Aldrear,KR,wire
P006115,2026-04-23T13:10:00,C0034,out,1569.76,Zarren Pravinitz,VN,wire
P011310,2026-04-23T13:13:00,C0331,in,404.28,Zarlo Gostynenko,MY,wire
P005132,2026-04-23T13:15:00,C0029,in,1080.76,Ostriel Orzekenko,FR,wire
P001372,2026-04-23T13:27:00,C0267,in,3324.17,Umitas Orzekenko,MY,card
P010929,2026-04-23T13:44:00,C0331,out,4128.40,Zardan Cernaes,FR,wire
P001212,2026-04-23T13:55:00,C0271,out,445.43,Veren Hanrear,VN,wire
P011465,2026-04-23T13:58:00,C0188,in,4167.04,Tallo Hanreenko,DE,card
P012044,2026-04-23T14:00:00,C0206,in,9261.35,Henlo Krevoov,US,cash
P002817,2026-04-23T14:14:00,C0378,in,619.08,Ostdan Ivaskov,SG,cash
P006169,2026-04-23T14:26:00,C0188,out,1029.23,Umiren Nevicitz,US,wire
P004733,2026-04-23T14:41:00,C0149,out,2243.47,Ostdan Ivaskov,GB,card
P009254,2026-04-23T14:47:00,C0113,out,546.00,Ilymir Nevicov,VN,wire
P012046,2026-04-23T15:00:00,C0207,in,9822.73,Grevdan Aldreov,US,cash
P010209,2026-04-23T15:04:00,C0223,in,1964.21,Zarmir Aldrees,FR,wire
P005314,2026-04-23T15:24:00,C0336,out,551.21,Zarlo Orzekes,MY,wire
P003389,2026-04-23T15:28:00,C0164,in,777.40,Nisnek Orzekar,FR,wire
P008349,2026-04-23T15:36:00,C0363,out,815.89,Talmir Nevicsenko,US,cash
P005908,2026-04-23T15:37:00,C0056,in,462.83,Grevvic Farelitz,KR,card
P001927,2026-04-23T15:40:00,C0196,out,1632.19,Hentas Hanreul,MY,card
P007900,2026-04-23T15:43:00,C0245,in,7947.44,Veren Gostynar,DE,cash
P001472,2026-04-23T15:53:00,C0115,in,1637.48,Grevriel Cernaes,MY,wire
P004383,2026-04-23T15:53:00,C0334,in,3687.55,Zarvic Marosyan,MY,wire
P003305,2026-04-23T15:56:00,C0202,out,811.31,Nisnek Boskoenko,KR,cash
P006548,2026-04-23T15:56:00,C0270,in,8610.60,Mornek Ivaskyan,DE,wire
P004223,2026-04-23T15:57:00,C0161,in,391.20,Talriel Boskoski,JP,card
P011521,2026-04-23T16:06:00,C0186,in,1774.63,Sevlo Krevoes,KR,wire
P001054,2026-04-23T16:13:00,C0309,out,5587.50,Grevren Enkoitz,DE,wire
P003154,2026-04-23T16:31:00,C0201,in,268.22,Grevmir Boskoenko,JP,wire
P005010,2026-04-23T16:31:00,C0131,in,229.84,Morren Lundraul,JP,wire
P007873,2026-04-23T16:47:00,C0007,out,950.31,Sevren Jorelenko,VN,wire
P006863,2026-04-23T16:51:00,C0219,out,898.97,Sevlo Gostynov,JP,wire
P005613,2026-04-23T16:57:00,C0330,out,538.49,Hentas Nevicenko,GB,wire
P003492,2026-04-23T17:05:00,C0083,in,588.47,Hentas Nevicenko,VN,wire
P003680,2026-04-23T17:41:00,C0322,in,988.50,Raltas Gostynitz,GB,card
P008012,2026-04-23T17:44:00,C0375,in,1460.78,Zarlo Davreenko,VN,card
P002931,2026-04-23T18:00:00,C0274,in,260.93,Kanek Boskoyan,US,wire
P008856,2026-04-23T18:38:00,C0314,in,2190.06,Hentas Hanreul,FR,wire
P006540,2026-04-23T19:02:00,C0194,out,1538.66,Felren Ivaskov,US,wire
P006733,2026-04-23T19:06:00,C0101,out,1771.25,Grevlo Boskoitz,MY,wire
P010171,2026-04-23T19:13:00,C0234,out,4337.80,Sevdan Pravinenko,SG,cash
P001224,2026-04-23T20:30:00,C0346,in,129.61,Dorvic Gostynov,XA,wire
P000592,2026-04-23T20:34:00,C0100,out,338.09,Umilo Hanrear,XA,wire
P010374,2026-04-23T20:48:00,C0001,in,1016.53,Taltas Hanreov,GB,wire
P010499,2026-04-23T20:53:00,C0017,out,2938.16,Grevren Enkoitz,DE,cash
P010847,2026-04-23T21:01:00,C0367,in,942.03,Ilydan Marositz,FR,wire
P006596,2026-04-23T21:03:00,C0094,out,2127.96,Talmir Maroses,VN,wire
P011930,2026-04-23T21:03:00,C0234,out,1409.86,Raltas Gostynitz,AU,card
P009372,2026-04-23T21:18:00,C0029,in,1046.44,Ralmir Jorelenko,DE,wire
P011279,2026-04-23T21:24:00,C0226,in,1241.33,Talmir Nevicsenko,MY,cash
P007785,2026-04-23T21:25:00,C0362,in,1078.99,Nisren Gostynes,MY,wire
P001546,2026-04-23T21:55:00,C0338,in,2576.16,Ilylo Krevoul,AU,wire
P001958,2026-04-23T22:13:00,C0049,out,1290.99,Feltas Ivaskenko,US,wire
P010208,2026-04-23T22:19:00,C0218,in,1327.99,Felren Ivaskes,MY,wire
P011112,2026-04-23T22:32:00,C0292,in,152.84,Nislo Nevicov,US,wire
P003385,2026-04-23T22:36:00,C0110,out,1853.72,Ilytas Enkoski,US,card
P006482,2026-04-23T22:41:00,C0149,in,2783.09,Hennek Gostynitz,GB,card
P005648,2026-04-23T22:45:00,C0384,out,575.82,Dorriel Jorelenko,US,wire
P010918,2026-04-23T22:50:00,C0068,in,301.67,Dordan Lundraar,VN,card
P005503,2026-04-23T23:01:00,C0113,in,243.46,Dortas Jorelyan,GB,wire
P004274,2026-04-23T23:21:00,C0018,in,1288.81,Ilymir Cernaul,AU,card
P002908,2026-04-23T23:50:00,C0165,in,1152.80,Felmir Ivaskenko,FR,wire
P004626,2026-04-24T00:12:00,C0217,out,510.00,Sevriel Davreski,GB,wire
P011447,2026-04-24T00:32:00,C0318,in,86.34,Kavic Nevicul,KR,card
P000084,2026-04-24T00:42:00,C0112,in,254.23,Branren Davreenko,SG,wire
P002527,2026-04-24T01:00:00,C0367,out,165.47,Dormir Aldreyan,KR,cash
P002051,2026-04-24T01:07:00,C0000,in,1745.08,Nislo Krevoul,KR,wire
P007470,2026-04-24T01:30:00,C0244,in,728.36,Nistas Orzekski,JP,cash
P007531,2026-04-24T01:41:00,C0126,out,230.38,Morvic Aldrear,KR,card
P011823,2026-04-24T01:50:00,C0027,out,6920.49,Grevren Hanreov,VN,card
P002905,2026-04-24T02:01:00,C0067,out,743.48,Ostnek Boskoitz,MY,wire
P006040,2026-04-24T02:20:00,C0035,out,348.39,Nisren Boskoenko,MY,cash
P000867,2026-04-24T02:23:00,C0220,in,1307.95,Zarvic Enkoitz,GB,wire
P001321,2026-04-24T02:27:00,C0223,in,1287.14,Sevren Ivaskienko,DE,card
P004204,2026-04-24T02:31:00,C0359,out,563.15,Ralnek Lundraenko,XC,card
P004921,2026-04-24T02:31:00,C0076,out,1264.71,Sevvic Pravinenko,FR,cash
P007889,2026-04-24T02:38:00,C0151,out,2179.10,Hentas Davreitz,AU,cash
P004918,2026-04-24T02:39:00,C0026,in,7186.22,Ilynek Krevoski,GB,wire
P000788,2026-04-24T02:40:00,C0173,out,2955.31,Velo Hanreski,DE,cash
P004044,2026-04-24T02:41:00,C0302,in,4495.10,Raltas Farelitz,SG,wire
P008216,2026-04-24T03:13:00,C0187,out,936.96,Felmir Jorelul,AU,wire
P006261,2026-04-24T03:15:00,C0340,out,312.16,Ralnek Farelski,XC,wire
P004470,2026-04-24T03:26:00,C0041,in,1290.72,Sevren Nevicyan,XC,wire
P008090,2026-04-24T03:34:00,C0244,in,14927.51,Raltas Marosov,DE,wire
P003047,2026-04-24T03:52:00,C0320,in,318.80,Ostdan Marositz,JP,wire
P010093,2026-04-24T04:00:00,C0296,out,604.98,Ilyvic Orzekul,US,wire
P005847,2026-04-24T04:16:00,C0303,in,1674.73,Taltas Pravinul,FR,wire
P008417,2026-04-24T04:30:00,C0076,out,463.89,Kariel Ivaskenko,AU,card
P010258,2026-04-24T04:32:00,C0115,out,1484.23,Hentas Davreitz,JP,wire
P009228,2026-04-24T04:35:00,C0014,in,1242.03,Henren Ivaskes,JP,wire
P011439,2026-04-24T04:35:00,C0103,out,534.19,Mortas Marosski,SG,wire
P006977,2026-04-24T04:47:00,C0312,out,1526.86,Ralren Nevicar,KR,wire
P002279,2026-04-24T05:08:00,C0365,in,807.37,Henren Boskoyan,SG,card
P004538,2026-04-24T05:17:00,C0195,in,475.27,Dornek Nevicitz,DE,wire
P005286,2026-04-24T05:49:00,C0028,out,2808.06,Branriel Jorelul,KR,wire
P004186,2026-04-24T05:52:00,C0145,out,401.21,Dornek Nevicitz,MY,wire
P006031,2026-04-24T05:58:00,C0073,in,8049.54,Mortas Aldrear,AU,cash
P009333,2026-04-24T06:14:00,C0231,out,941.89,Dorvic Gostynov,AU,wire
P005630,2026-04-24T06:19:00,C0232,in,3980.78,Nisriel Krevoitz,KR,wire
P003783,2026-04-24T06:30:00,C0038,in,1315.33,Branriel Enkoul,VN,card
P002676,2026-04-24T06:36:00,C0210,out,1824.19,Dornek Krevoov,MY,card
P006737,2026-04-24T06:36:00,C0089,out,2537.37,Sevvic Jorelski,JP,wire
P001903,2026-04-24T06:44:00,C0153,in,1687.55,Nisren Orzekov,AU,card
P003009,2026-04-24T06:46:00,C0382,out,1239.93,Zardan Boskoar,GB,card
P004149,2026-04-24T06:48:00,C0054,out,1599.08,Mornek Cernayan,DE,wire
P010229,2026-04-24T06:53:00,C0076,in,451.90,Nisnek Boskoitz,AU,wire
P010695,2026-04-24T06:54:00,C0085,out,6667.92,Rallo Krevoov,MY,wire
P005903,2026-04-24T06:55:00,C0296,in,106.86,Kalo Ivaskenko,FR,wire
P008919,2026-04-24T07:03:00,C0354,in,1107.21,Umiren Hanreul,MY,wire
P004627,2026-04-24T07:06:00,C0146,in,125.18,Feltas Aldreyan,VN,wire
P011216,2026-04-24T07:08:00,C0360,in,1177.87,Feltas Aldrear,DE,wire
P010946,2026-04-24T07:14:00,C0124,out,1116.90,Kalo Pravinov,AU,wire
P003270,2026-04-24T07:21:00,C0263,out,4304.98,Morriel Nevicar,XB,wire
P006604,2026-04-24T07:23:00,C0313,out,126.09,Grevnek Boskoul,US,card
P007258,2026-04-24T07:33:00,C0390,in,408.45,Ostriel Aldreov,JP,card
P007518,2026-04-24T07:37:00,C0043,in,19443.79,Uminek Cernaski,KR,card
P000423,2026-04-24T07:51:00,C0268,in,2412.63,Henmir Davreov,GB,card
P009503,2026-04-24T07:57:00,C0157,out,2320.24,Dormir Farelski,KR,wire
P005893,2026-04-24T08:07:00,C0381,out,387.06,Ostlo Aldrees,US,wire
P005424,2026-04-24T08:08:00,C0171,out,3483.37,Henmir Jorelul,AU,wire
P003967,2026-04-24T08:17:00,C0349,out,4301.24,Grevlo Ivaskes,JP,wire
P003776,2026-04-24T08:35:00,C0232,in,2294.14,Zarnek Krevoyan,US,card
P009093,2026-04-24T08:53:00,C0190,in,741.09,Zarlo Fareles,MY,wire
P004498,2026-04-24T09:04:00,C0291,out,1531.56,Mortas Aldrear,US,card
P005616,2026-04-24T09:13:00,C0398,in,858.56,Branren Gostynyan,MY,wire
P009432,2026-04-24T09:34:00,C0017,in,3049.35,Ostriel Jorelul,US,wire
P010031,2026-04-24T09:40:00,C0384,out,1856.04,Morlo Cernaitz,AU,wire
P011364,2026-04-24T09:41:00,C0334,in,664.07,Grevtas Jorelitz,MY,wire
P005140,2026-04-24T09:48:00,C0082,out,181.99,Ilymir Enkoar,JP,wire
P009543,2026-04-24T09:48:00,C0254,out,318.71,Nisren Lundrayan,XA,wire
P009744,2026-04-24T09:50:00,C0309,in,305.24,Sevnek Orzekar,JP,card
P007668,2026-04-24T10:37:00,C0334,out,668.52,Nislo Krevoul,GB,card
P004084,2026-04-24T10:44:00,C0179,out,9462.67,Kavic Nevicitz,AU,wire
P010940,2026-04-24T10:44:00,C0186,out,1164.05,Sevtas Enkoitz,XA,wire
P007844,2026-04-24T11:05:00,C0076,out,1549.19,Nisdan Cernaenko,XC,wire
P005458,2026-04-24T11:16:00,C0005,out,894.40,Hentas Gostynitz,JP,card
P000803,2026-04-24T11:41:00,C0362,in,610.18,Grevdan Krevoski,GB,wire
P004192,2026-04-24T11:47:00,C0079,out,2162.24,Rallo Krevoov,FR,wire
P005001,2026-04-24T12:14:00,C0029,out,360.69,Brannek Boskoov,AU,wire
P005585,2026-04-24T12:19:00,C0105,in,813.55,Henmir Hanreyan,DE,card
P008043,2026-04-24T12:22:00,C0103,out,1067.99,Mordan Cernaul,AU,wire
P000175,2026-04-24T12:35:00,C0007,in,864.17,Talmir Davrear,DE,wire
P011614,2026-04-24T12:57:00,C0264,out,931.60,Raltas Aldreenko,KR,wire
P011892,2026-04-24T13:00:00,C0208,in,6640.83,Nisnek Orzekar,US,card
P009182,2026-04-24T13:02:00,C0182,in,5522.53,Kariel Ivaskenko,VN,wire
P002703,2026-04-24T14:19:00,C0167,in,489.01,Talvic Boskoov,MY,wire
P008524,2026-04-24T14:26:00,C0263,out,368.03,Zarlo Pravinyan,US,cash
P003590,2026-04-24T14:28:00,C0093,out,703.43,Zarvic Enkoitz,DE,card
P002217,2026-04-24T14:46:00,C0354,in,1306.21,Talriel Farelul,SG,cash
P004648,2026-04-24T14:54:00,C0154,in,252.09,Sevren Jorelenko,VN,wire
P005020,2026-04-24T15:05:00,C0040,out,3164.30,Grevmir Boskoenko,JP,wire
P002013,2026-04-24T15:14:00,C0289,in,12154.63,Ostriel Davreitz,US,card
P002592,2026-04-24T15:19:00,C0123,out,779.26,Grevdan Krevoski,KR,card
P008514,2026-04-24T15:57:00,C0102,in,1179.73,Grevriel Cernaes,GB,wire
P005380,2026-04-24T16:00:00,C0114,out,1564.26,Grevriel Cernaes,SG,wire
P005850,2026-04-24T16:09:00,C0368,out,897.66,Ralren Hanreyan,GB,wire
P005378,2026-04-24T16:16:00,C0062,out,6059.79,Zarlo Pravinyan,JP,wire
P004255,2026-04-24T16:22:00,C0128,in,455.53,Grevren Hanreov,KR,wire
P009984,2026-04-24T16:31:00,C0071,out,646.20,Ralriel Aldrees,US,wire
P005412,2026-04-24T16:46:00,C0254,out,1012.36,Ostdan Fareles,KR,wire
P001684,2026-04-24T17:01:00,C0346,in,1034.58,Sevmir Farelov,GB,wire
P008600,2026-04-24T17:45:00,C0346,out,593.71,Zardan Gostynyan,MY,card
P010446,2026-04-24T17:57:00,C0184,out,968.42,Zarvic Boskoyan,JP,card
P003336,2026-04-24T18:03:00,C0181,in,2727.07,Talriel Ivaskski,DE,wire
P000692,2026-04-24T18:17:00,C0082,in,536.51,Kalo Boskosenko,VN,card
P008374,2026-04-24T18:48:00,C0095,out,308.93,Rallo Ivaskenko,KR,card
P009833,2026-04-24T18:54:00,C0228,in,2344.61,Zarnek Davrear,GB,wire
P009539,2026-04-24T18:58:00,C0027,out,3506.12,Grevvic Gostynenko,SG,wire
P004189,2026-04-24T19:11:00,C0329,in,490.11,Zarvic Marosyan,GB,card
P009871,2026-04-24T19:12:00,C0005,out,27420.27,Hennek Davreski,VN,card
P011591,2026-04-24T19:26:00,C0319,out,638.88,Ilydan Marositz,KR,wire
P010665,2026-04-24T19:30:00,C0127,out,1094.91,Uminek Lundraitz,JP,wire
P001044,2026-04-24T19:39:00,C0221,in,2067.43,Branlo Ivaskenko,GB,wire
P009743,2026-04-24T19:41:00,C0237,in,780.03,Grevren Lundraul,VN,cash
P008893,2026-04-24T19:54:00,C0081,in,309.99,Katas Orzekov,KR,wire
P004902,2026-04-24T20:06:00,C0013,in,833.52,Sevnek Orzekar,JP,wire
P010475,2026-04-24T20:34:00,C0218,in,335.30,Kavic Nevicul,VN,wire
P007691,2026-04-24T20:35:00,C0329,in,2560.03,Kariel Enkoov,DE,wire
P002743,2026-04-24T20:53:00,C0276,out,1853.69,Taldan Boskoenko,KR,card
P005191,2026-04-24T20:53:00,C0065,out,1477.68,Vedan Marosar,US,wire
P010022,2026-04-24T20:53:00,C0130,out,5998.03,Ilyriel Jorelar,VN,cash
P008686,2026-04-24T20:55:00,C0189,in,1106.68,Rallo Lundraul,MY,cash
P006269,2026-04-24T20:59:00,C0230,out,4857.72,Zarren Nevicenko,US,wire
P005611,2026-04-24T21:04:00,C0377,out,2146.27,Branvic Lundraar,JP,wire
P007390,2026-04-24T21:05:00,C0062,in,1169.11,Dortas Jorelyan,JP,wire
P010903,2026-04-24T21:08:00,C0302,in,4041.93,Ostmir Jorelov,SG,wire
P000726,2026-04-24T21:13:00,C0300,in,794.42,Umimir Lundrayan,DE,wire
P002841,2026-04-24T21:33:00,C0244,in,367.59,Vetas Farelenko,GB,wire
P011417,2026-04-24T21:37:00,C0333,in,11547.08,Rallo Gostynitz,MY,wire
P009736,2026-04-24T21:50:00,C0304,in,647.18,Dordan Orzekitz,VN,wire
P000176,2026-04-24T22:00:00,C0021,out,2161.01,Nisriel Pravinar,VN,wire
P002846,2026-04-24T22:01:00,C0125,out,1301.00,Katas Pravines,FR,wire
P007459,2026-04-24T22:41:00,C0154,out,1001.90,Henren Boskoes,AU,card
P004652,2026-04-24T23:07:00,C0225,out,198.27,Brandan Pravinul,AU,wire
P006964,2026-04-24T23:27:00,C0247,in,254.09,Hentas Krevoov,DE,card
P004486,2026-04-24T23:28:00,C0052,in,2748.96,Ostlo Pravinski,FR,wire
P010311,2026-04-24T23:48:00,C0217,in,492.26,Morriel Farelenko,MY,wire
P002566,2026-04-24T23:51:00,C0304,in,822.76,Nisren Boskoenko,KR,wire
P008805,2026-04-24T23:54:00,C0246,out,1276.31,Zarvic Nevicov,KR,wire
P008218,2026-04-25T00:23:00,C0205,out,2607.14,Sevriel Farelenko,AU,card
P003654,2026-04-25T00:31:00,C0017,out,1852.14,Sevlo Aldrees,MY,cash
P005246,2026-04-25T00:35:00,C0048,in,3166.47,Ilyren Krevoov,AU,cash
P001693,2026-04-25T00:42:00,C0242,out,395.03,Talmir Davrear,GB,wire
P001996,2026-04-25T00:44:00,C0310,in,3662.36,Kamir Orzekes,JP,card
P000167,2026-04-25T01:06:00,C0139,in,1333.63,Ralren Fareles,KR,cash
P000266,2026-04-25T01:27:00,C0236,in,696.07,Grevlo Farelitz,GB,wire
P000851,2026-04-25T01:47:00,C0193,in,2998.14,Henmir Krevoes,KR,wire
P006424,2026-04-25T01:52:00,C0103,in,158.52,Nisvic Aldreul,MY,wire
P003308,2026-04-25T01:58:00,C0099,in,12610.08,Grevren Enkoitz,VN,wire
P000338,2026-04-25T02:17:00,C0106,out,1760.57,Brandan Hanreitz,KR,wire
P006127,2026-04-25T02:18:00,C0364,in,327.63,Ostvic Marosar,GB,card
P001219,2026-04-25T02:24:00,C0123,out,3024.73,Veriel Lundraar,FR,wire
P005576,2026-04-25T02:27:00,C0150,in,115.49,Kalo Davreski,DE,cash
P008825,2026-04-25T02:27:00,C0197,in,2678.67,Dormir Aldreyan,US,wire
P003966,2026-04-25T03:02:00,C0117,out,420.96,Nisren Gostynes,GB,wire
P008028,2026-04-25T03:21:00,C0128,in,2180.19,Nisriel Krevoitz,VN,wire
P006126,2026-04-25T03:29:00,C0012,in,3459.31,Branren Nevices,JP,wire
P006627,2026-04-25T03:45:00,C0333,out,798.60,Sevmir Orzekitz,MY,cash
P011705,2026-04-25T03:45:00,C0003,out,5387.71,Zarvic Orzekenko,AU,cash
P003115,2026-04-25T03:48:00,C0110,out,2577.05,Umiriel Pravinitz,DE,cash
P008369,2026-04-25T03:59:00,C0255,in,640.21,Zarmir Krevoski,VN,wire
P003601,2026-04-25T04:01:00,C0035,out,3088.04,Mornek Ivaskyan,US,wire
P002555,2026-04-25T04:28:00,C0026,in,344.60,Hendan Gostynov,JP,cash
P005966,2026-04-25T04:54:00,C0138,out,811.95,Henmir Hanreul,AU,card
P005377,2026-04-25T05:04:00,C0129,in,1100.17,Zarnek Marosar,SG,cash
P000085,2026-04-25T05:15:00,C0094,out,2769.87,Kavic Nevicitz,MY,wire
P005306,2026-04-25T05:20:00,C0197,in,631.05,Zarlo Hanreov,KR,cash
P002620,2026-04-25T05:29:00,C0162,out,1370.43,Nismir Ivaskenko,FR,cash
P002104,2026-04-25T05:35:00,C0009,in,7288.32,Hendan Ivaskenko,US,wire
P011200,2026-04-25T05:38:00,C0204,out,1548.07,Umilo Orzekyan,VN,wire
P011454,2026-04-25T05:39:00,C0326,in,2397.46,Umitas Davreski,MY,card
P011036,2026-04-25T05:46:00,C0221,in,2307.66,Nismir Nevicenko,AU,wire
P000188,2026-04-25T06:03:00,C0091,in,2422.72,Felriel Hanreov,FR,wire
P006798,2026-04-25T06:32:00,C0327,in,3344.86,Zartas Ivaskul,SG,cash
P011150,2026-04-25T06:34:00,C0341,out,2042.78,Felren Ivaskes,JP,card
P004495,2026-04-25T06:55:00,C0270,out,6881.10,Kadan Lundraes,FR,wire
P007018,2026-04-25T07:17:00,C0232,out,610.20,Mornek Cernayan,US,wire
P008387,2026-04-25T07:52:00,C0102,in,1718.48,Nisnek Cernaov,FR,cash
P000927,2026-04-25T07:56:00,C0108,in,1525.27,Mortas Aldrear,US,wire
P007255,2026-04-25T07:56:00,C0091,in,187.77,Kariel Orzekski,VN,wire
P000232,2026-04-25T08:02:00,C0053,in,2728.21,Morvic Pravines,GB,wire
P000740,2026-04-25T08:06:00,C0107,out,1991.27,Raltas Gostynitz,FR,wire
P005724,2026-04-25T08:13:00,C0364,in,267.32,Zarvic Orzekenko,JP,wire
P000888,2026-04-25T08:15:00,C0377,out,331.49,Ilymir Marosar,MY,wire
P000658,2026-04-25T08:22:00,C0294,in,4017.95,Vemir Farelyan,SG,wire
P009778,2026-04-25T08:28:00,C0368,out,352.64,Dorren Hanreyan,FR,cash
P009314,2026-04-25T08:29:00,C0092,in,1966.48,Kavic Enkoov,VN,card
P003662,2026-04-25T08:33:00,C0295,in,719.53,Morriel Aldreyan,US,card
P007446,2026-04-25T08:33:00,C0229,out,1281.73,Henmir Marosenko,JP,card
P004119,2026-04-25T08:44:00,C0075,in,382.46,Talriel Farelar,KR,wire
P008270,2026-04-25T08:44:00,C0198,out,425.54,Zartas Pravinenko,VN,cash
P007516,2026-04-25T08:58:00,C0290,out,5528.88,Raltas Gostynitz,KR,wire
P012024,2026-04-25T09:00:00,C0302,in,9708.56,Dorren Hanrees,US,cash
P002921,2026-04-25T09:03:00,C0312,out,2279.09,Raltas Nevicitz,JP,wire
P008032,2026-04-25T09:57:00,C0076,in,1564.16,Kavic Gostynski,US,wire
P011525,2026-04-25T10:10:00,C0155,out,933.47,Umivic Boskoov,MY,card
P008281,2026-04-25T10:12:00,C0371,out,358.47,Taltas Hanreov,FR,wire
P006867,2026-04-25T10:22:00,C0009,out,899.28,Ralriel Aldrees,AU,card
P010101,2026-04-25T10:41:00,C0359,in,1157.18,Nislo Nevicov,US,cash
P011481,2026-04-25T10:53:00,C0303,out,1962.50,Branlo Marosyan,MY,card
P007577,2026-04-25T11:12:00,C0259,out,386.79,Felnek Enkoar,FR,cash
P006273,2026-04-25T11:18:00,C0334,out,6346.42,Nisdan Farelenko,FR,wire
P010764,2026-04-25T11:40:00,C0074,in,659.43,Ilynek Orzekitz,FR,cash
P005136,2026-04-25T11:51:00,C0368,out,741.67,Mortas Lundraenko,US,wire
P005360,2026-04-25T11:56:00,C0086,in,684.06,Dorren Ivaskenko,US,wire
P008048,2026-04-25T11:59:00,C0287,in,2829.22,Felmir Gostynyan,FR,wire
P012019,2026-04-25T12:00:00,C0302,in,9834.91,Henlo Krevoitz,US,cash
P001387,2026-04-25T13:24:00,C0090,out,284.88,Zarmir Aldrees,DE,wire
P005037,2026-04-25T13:59:00,C0021,in,1145.23,Grevren Enkoenko,XA,wire
P002356,2026-04-25T14:06:00,C0182,in,551.98,Morriel Krevoski,DE,wire
P003052,2026-04-25T14:08:00,C0319,out,1075.32,Ostriel Davreitz,US,cash
P008249,2026-04-25T14:12:00,C0223,in,5432.35,Nislo Davresenko,GB,wire
P000770,2026-04-25T14:38:00,C0296,out,765.55,Henmir Krevoyan,FR,wire
P002884,2026-04-25T14:50:00,C0329,out,258.68,Zarnek Jorelitz,DE,wire
P002699,2026-04-25T15:14:00,C0084,out,2356.94,Kavic Nevicitz,GB,wire
P010429,2026-04-25T15:14:00,C0211,out,751.12,Umitas Orzekenko,JP,wire
P005875,2026-04-25T15:15:00,C0029,out,4230.47,Sevdan Farelitz,AU,wire
P007325,2026-04-25T15:21:00,C0183,out,50.47,Umitas Orzekar,XA,card
P007502,2026-04-25T15:23:00,C0302,out,1397.15,Katas Krevoar,MY,cash
P001635,2026-04-25T15:25:00,C0170,out,1280.07,Morlo Pravinenko,MY,cash
P006224,2026-04-25T15:32:00,C0161,out,399.87,Ilydan Krevoes,XC,wire
P004332,2026-04-25T15:41:00,C0130,out,289.18,Ralvic Jorelenko,MY,wire
P010715,2026-04-25T15:49:00,C0006,out,609.56,Zarnek Krevoyan,SG,card
P007819,2026-04-25T16:00:00,C0374,out,1487.75,Grevriel Krevoenko,KR,wire
P003891,2026-04-25T16:18:00,C0112,in,511.51,Umiriel Pravinitz,JP,wire
P004512,2026-04-25T16:19:00,C0342,out,779.10,Sevren Jorelyan,AU,cash
P002888,2026-04-25T16:24:00,C0360,out,170.73,Tallo Jorelar,US,cash
P004076,2026-04-25T16:31:00,C0122,in,1243.37,Grevren Nevicienko,GB,wire
P011766,2026-04-25T17:00:00,C0236,out,1533.11,Ilyren Krevoyan,JP,wire
P007872,2026-04-25T17:20:00,C0012,out,8068.35,Ostriel Hanreitz,DE,wire
P002641,2026-04-25T17:40:00,C0362,out,2220.48,Nisnek Krevoitz,MY,wire
P005212,2026-04-25T17:43:00,C0231,in,2185.47,Umiren Marosar,US,card
P006369,2026-04-25T18:09:00,C0356,in,1020.76,Veren Marosar,SG,wire
P006903,2026-04-25T18:13:00,C0193,out,277.80,Umiriel Pravinitz,JP,cash
P002368,2026-04-25T18:29:00,C0251,in,509.50,Sevtas Boskoar,FR,wire
P007178,2026-04-25T18:35:00,C0307,out,2280.55,Talren Lundraar,KR,card
P001441,2026-04-25T18:47:00,C0153,out,597.13,Zarvic Davreul,DE,wire
P011824,2026-04-25T18:55:00,C0028,in,1574.21,Zarnek Ivaskov,SG,wire
P009218,2026-04-25T19:08:00,C0156,out,587.97,Grevdan Krevoar,US,card
P009325,2026-04-25T19:36:00,C0270,in,470.82,Dormir Lundraes,DE,wire
P000871,2026-04-25T19:48:00,C0034,out,464.55,Branlo Enkoyan,KR,cash
P010312,2026-04-25T19:49:00,C0118,out,3613.21,Henmir Hanreyan,VN,card
P003299,2026-04-25T19:55:00,C0107,out,930.99,Osttas Pravinitz,AU,card
P002749,2026-04-25T20:09:00,C0028,in,1011.72,Raldan Farelyan,MY,wire
P009300,2026-04-25T20:11:00,C0205,out,5350.53,Kadan Marosul,JP,wire
P007953,2026-04-25T20:16:00,C0072,out,712.70,Morren Cernayan,KR,wire
P010324,2026-04-25T20:29:00,C0169,out,1328.81,Ilynek Orzekitz,US,wire
P005395,2026-04-25T20:30:00,C0354,out,606.53,Talvic Boskoov,AU,wire
P005267,2026-04-25T20:37:00,C0081,out,855.94,Grevlo Orzekar,FR,wire
P001206,2026-04-25T20:43:00,C0267,in,2083.87,Nistas Pravinenko,JP,wire
P006233,2026-04-25T20:46:00,C0242,out,530.60,Talriel Farelul,AU,wire
P007297,2026-04-25T20:49:00,C0134,in,1158.69,Branren Nevices,MY,wire
P010589,2026-04-25T20:49:00,C0357,in,542.53,Hentas Davreitz,AU,wire
P011949,2026-04-25T20:49:00,C0289,out,1209.08,Hentas Hanreul,GB,wire
P000553,2026-04-25T20:54:00,C0010,out,334.14,Venek Boskoyan,SG,wire
P009897,2026-04-25T21:07:00,C0242,out,1147.39,Hentas Boskoul,US,wire
P004184,2026-04-25T21:08:00,C0049,out,218.66,Vedan Hanreov,SG,wire
P003256,2026-04-25T21:12:00,C0359,in,646.35,Mortas Gostynski,KR,wire
P011307,2026-04-25T21:23:00,C0097,out,527.66,Mortas Davreenko,US,wire
P009767,2026-04-25T21:47:00,C0280,in,1654.74,Henren Cernayan,JP,wire
P006945,2026-04-25T21:57:00,C0074,in,247.89,Nisren Gostynes,VN,wire
P000980,2026-04-25T22:12:00,C0235,out,584.93,Ralvic Jorelenko,AU,wire
P008579,2026-04-25T22:15:00,C0159,out,255.56,Ralren Lundraes,AU,wire
P005294,2026-04-25T22:19:00,C0250,in,70.94,Felren Krevoar,GB,cash
P002045,2026-04-25T22:20:00,C0247,in,967.15,Nisriel Pravinenko,KR,wire
P011746,2026-04-25T22:39:00,C0354,in,7477.90,Grevren Enkoitz,JP,wire
P007976,2026-04-25T22:54:00,C0088,in,1050.06,Ostmir Gostynenko,FR,card
P010669,2026-04-25T23:06:00,C0012,in,4351.32,Sevdan Lundraenko,DE,wire
P008461,2026-04-25T23:21:00,C0356,out,263.81,Henmir Marosenko,VN,wire
P000087,2026-04-25T23:28:00,C0294,out,352.41,Zarnek Cernasenko,VN,card
P006722,2026-04-26T00:20:00,C0319,out,1791.85,Ilytas Hanreski,DE,wire
P004771,2026-04-26T00:44:00,C0075,in,1520.02,Grevnek Hanreenko,DE,cash
P004194,2026-04-26T00:57:00,C0162,out,8030.33,Ralnek Farelski,VN,wire
P010885,2026-04-26T00:57:00,C0358,out,162.40,Ilyriel Pravinenko,GB,wire
P007187,2026-04-26T01:26:00,C0119,out,519.85,Feltas Ivaskenko,JP,card
P010899,2026-04-26T01:40:00,C0146,in,1869.85,Vedan Hanreov,JP,wire
P010043,2026-04-26T02:09:00,C0169,in,645.49,Brantas Enkoov,KR,wire
P010470,2026-04-26T02:10:00,C0251,in,418.04,Vevic Hanreul,MY,wire
P006444,2026-04-26T02:30:00,C0031,out,1378.73,Ilyren Marosyan,JP,wire
P002842,2026-04-26T02:32:00,C0061,in,4363.57,Tallo Ivaskitz,US,wire
P004875,2026-04-26T02:36:00,C0132,in,696.40,Henvic Fareles,US,wire
P005855,2026-04-26T02:47:00,C0050,in,1254.06,Kavic Cernaitz,DE,wire
P006647,2026-04-26T03:06:00,C0303,out,197.33,Morren Lundraul,SG,wire
P009034,2026-04-26T03:11:00,C0147,in,910.08,Felmir Ivaskenko,GB,wire
P005658,2026-04-26T03:13:00,C0220,in,843.13,Zarren Ivaskul,FR,wire
P006826,2026-04-26T03:42:00,C0347,in,448.61,Vetas Boskoul,GB,card
P005463,2026-04-26T03:47:00,C0176,out,3070.02,Ilylo Krevoul,VN,card
P007213,2026-04-26T03:55:00,C0389,out,62.08,Sevren Jorelenko,MY,wire
P010994,2026-04-26T03:59:00,C0006,in,138.47,Morlo Davreov,SG,card
P003195,2026-04-26T04:37:00,C0194,out,1131.83,Kavic Nevicul,DE,card
P008334,2026-04-26T04:46:00,C0166,in,103.85,Kamir Cernaar,KR,cash
P005651,2026-04-26T04:49:00,C0076,out,377.87,Rallo Pravinenko,SG,wire
P009258,2026-04-26T05:01:00,C0395,out,652.19,Felmir Gostynyan,GB,wire
P007381,2026-04-26T05:17:00,C0197,out,2340.85,Dornek Krevoov,KR,card
P009558,2026-04-26T05:32:00,C0224,out,409.47,Taldan Marosov,AU,wire
P005228,2026-04-26T05:33:00,C0081,out,1770.05,Grevvic Farelitz,MY,wire
P004995,2026-04-26T05:34:00,C0073,out,1887.83,Umilo Boskoenko,KR,card
P008619,2026-04-26T05:39:00,C0177,in,460.42,Nisren Lundrayan,SG,card
P002659,2026-04-26T05:44:00,C0051,in,1344.07,Ostriel Boskoenko,DE,card
P002484,2026-04-26T06:03:00,C0012,out,1758.86,Branriel Lundraenko,KR,wire
P002879,2026-04-26T06:20:00,C0040,in,1923.93,Grevnek Hanreenko,MY,wire
P000682,2026-04-26T06:28:00,C0326,in,8042.76,Umiren Hanreul,US,wire
P001753,2026-04-26T06:31:00,C0124,out,512.27,Tallo Farelar,KR,wire
P006048,2026-04-26T06:36:00,C0073,out,2217.60,Kariel Gostynul,GB,wire
P002006,2026-04-26T06:57:00,C0319,out,1254.76,Kavic Nevicitz,DE,cash
P011639,2026-04-26T07:06:00,C0100,in,312.09,Raltas Farelitz,FR,wire
P001838,2026-04-26T07:09:00,C0219,out,2036.43,Henren Cernayan,VN,wire
P009825,2026-04-26T07:11:00,C0140,out,446.50,Morlo Jorelenko,DE,wire
P001271,2026-04-26T07:21:00,C0162,out,2652.17,Umidan Hanreenko,KR,wire
P004674,2026-04-26T07:33:00,C0318,in,2192.25,Ilyriel Pravinenko,MY,cash
P004174,2026-04-26T07:36:00,C0014,in,269.19,Ralvic Pravinyan,KR,card
P002157,2026-04-26T07:37:00,C0184,in,1512.19,Branren Davreenko,GB,wire
P008493,2026-04-26T07:41:00,C0293,in,1178.52,Morlo Jorelenko,SG,cash
P000970,2026-04-26T07:45:00,C0023,out,2596.56,Grevlo Krevoar,KR,wire
P001616,2026-04-26T07:56:00,C0020,in,1641.19,Rallo Gostynitz,JP,card
P000231,2026-04-26T07:58:00,C0296,in,272.81,Grevren Nevicienko,FR,wire
P003649,2026-04-26T08:06:00,C0268,in,1665.66,Henvic Cernaov,GB,wire
P003833,2026-04-26T08:21:00,C0301,in,531.56,Branlo Marosyan,US,cash
P007843,2026-04-26T08:28:00,C0119,out,204.20,Talriel Cernaov,KR,card
P001966,2026-04-26T08:37:00,C0017,in,1429.69,Umiren Pravinitz,JP,wire
P008130,2026-04-26T08:51:00,C0332,in,238.86,Osttas Enkoul,JP,card
P011168,2026-04-26T08:53:00,C0128,out,1023.12,Mormir Hanreov,JP,wire
P007557,2026-04-26T09:19:00,C0289,out,663.06,Henren Ivaskes,GB,wire
P008272,2026-04-26T09:25:00,C0125,out,359.94,Talvic Davrees,XC,wire
P001740,2026-04-26T09:29:00,C0366,in,215.31,Nisdan Davrees,DE,wire
P000367,2026-04-26T10:00:00,C0205,out,220.60,Ralriel Ivaskenko,SG,wire
P005741,2026-04-26T10:03:00,C0329,in,333.21,Ostriel Orzekenko,AU,cash
P009968,2026-04-26T10:06:00,C0152,out,389.86,Umiren Lundraski,KR,wire
P003699,2026-04-26T10:26:00,C0018,in,1050.73,Nisdan Farelenko,AU,wire
P004582,2026-04-26T10:31:00,C0009,in,146.19,Zarlo Fareles,JP,card
P011921,2026-04-26T10:32:00,C0114,in,904.80,Ostmir Jorelov,GB,wire
P003472,2026-04-26T10:39:00,C0113,out,30553.58,Dortas Boskoov,US,wire
P003485,2026-04-26T10:46:00,C0018,out,6522.24,Talren Enkoar,DE,wire
P007806,2026-04-26T10:49:00,C0047,out,1679.83,Nisriel Gostynar,DE,wire
P009129,2026-04-26T10:54:00,C0364,in,1062.84,Nislo Davresenko,MY,wire
P012020,2026-04-26T11:00:00,C0302,in,9618.59,Ilyren Gostynitz,US,cash
P007142,2026-04-26T11:33:00,C0064,out,313.06,Kalo Pravinski,FR,card
P006615,2026-04-26T11:37:00,C0037,in,269.00,Talmir Krevoul,US,wire
P002651,2026-04-26T12:27:00,C0266,out,1838.88,Branmir Marosenko,SG,wire
P008832,2026-04-26T12:51:00,C0274,in,570.50,Brandan Pravinul,JP,card
P001636,2026-04-26T12:52:00,C0309,out,1907.97,Uminek Cernaski,JP,card
P001449,2026-04-26T12:54:00,C0147,in,1797.09,Raldan Farelyan,DE,card
P000627,2026-04-26T12:56:00,C0203,out,3099.70,Umilo Hanrear,JP,wire
P005890,2026-04-26T13:04:00,C0263,in,507.34,Nisdan Davrees,JP,wire
P008697,2026-04-26T13:06:00,C0364,out,646.20,Henren Krevoitz,DE,wire
P005339,2026-04-26T13:07:00,C0135,in,936.84,Mormir Boskoes,JP,wire
P011149,2026-04-26T13:11:00,C0338,out,501.19,Zarriel Krevoul,FR,cash
P007377,2026-04-26T13:30:00,C0384,out,14018.98,Kavic Hanreenko,SG,wire
P001382,2026-04-26T13:31:00,C0145,in,1033.73,Ilymir Orzeksenko,GB,wire
P003697,2026-04-26T13:42:00,C0274,in,1020.51,Grevdan Lundraul,JP,card
P007164,2026-04-26T13:51:00,C0255,out,1246.91,Talvic Lundraov,JP,card
P011865,2026-04-26T13:56:00,C0006,out,872.83,Ilylo Gostynski,SG,card
P003614,2026-04-26T14:07:00,C0128,out,2154.70,Henren Enkoitz,MY,card
P001283,2026-04-26T14:16:00,C0042,out,2253.37,Branlo Ivaskenko,US,card
P005104,2026-04-26T14:32:00,C0016,out,1186.72,Katas Ivaskov,JP,wire
P000220,2026-04-26T15:02:00,C0283,out,932.52,Henren Enkoitz,XB,wire
P006707,2026-04-26T15:03:00,C0005,in,507.05,Ostdan Krevoul,KR,card
P001722,2026-04-26T15:19:00,C0047,in,401.16,Zardan Cernaes,MY,wire
P001725,2026-04-26T15:34:00,C0163,out,217.77,Sevlo Krevoes,SG,card
P002503,2026-04-26T15:41:00,C0394,out,1683.45,Kalo Ivaskenko,DE,wire
P004404,2026-04-26T15:48:00,C0270,out,317.48,Henmir Enkoski,VN,wire
P002050,2026-04-26T15:50:00,C0282,out,218.67,Vetas Farelenko,KR,card
P011557,2026-04-26T15:50:00,C0364,out,606.94,Taldan Lundraes,SG,wire
P011357,2026-04-26T15:52:00,C0399,out,2760.74,Ilylo Enkoenko,MY,wire
P004554,2026-04-26T16:08:00,C0269,in,41.12,Umilo Hanrear,GB,wire
P007084,2026-04-26T16:21:00,C0009,out,6484.92,Kamir Farelul,MY,cash
P001420,2026-04-26T16:29:00,C0216,in,721.93,Dornek Nevicitz,VN,card
P005492,2026-04-26T16:59:00,C0370,in,1670.55,Katas Cernayan,FR,wire
P006312,2026-04-26T17:13:00,C0330,in,619.12,Hendan Ivaskenko,FR,wire
P008615,2026-04-26T17:23:00,C0016,in,1248.24,Taltas Jorelar,JP,wire
P000783,2026-04-26T17:25:00,C0010,in,2324.53,Grevriel Davreyan,US,wire
P000343,2026-04-26T17:48:00,C0245,out,337.37,Umilo Orzekyan,US,wire
P009276,2026-04-26T18:27:00,C0185,in,2785.34,Umitas Jorelitz,FR,card
P006862,2026-04-26T18:28:00,C0213,out,189.62,Grevvic Davreski,XC,card
P007677,2026-04-26T18:28:00,C0212,out,4330.42,Zarnek Boskoul,DE,wire
P010239,2026-04-26T18:30:00,C0084,out,12012.89,Rallo Krevoov,KR,wire
P008582,2026-04-26T18:35:00,C0156,in,606.22,Umivic Boskoes,SG,wire
P008929,2026-04-26T18:38:00,C0290,out,1017.82,Umimir Boskoenko,AU,card
P000753,2026-04-26T18:53:00,C0171,out,5581.90,Kanek Lundraes,DE,card
P011270,2026-04-26T18:53:00,C0149,in,700.44,Hentas Nevicenko,DE,wire
P005352,2026-04-26T18:54:00,C0346,in,1247.97,Ilytas Hanreski,VN,wire
P006906,2026-04-26T18:57:00,C0277,in,6591.66,Talriel Boskoski,SG,wire
P001306,2026-04-26T19:00:00,C0174,out,1056.13,Sevdan Farelitz,KR,card
P007738,2026-04-26T19:00:00,C0374,in,133.37,Brantas Boskoar,KR,wire
P006588,2026-04-26T19:06:00,C0269,out,117.86,Ralriel Aldrees,GB,wire
P007982,2026-04-26T19:23:00,C0136,in,127.87,Umiren Lundraski,US,wire
P001209,2026-04-26T19:34:00,C0203,out,143.85,Grevdan Aldrear,SG,wire
P010077,2026-04-26T19:34:00,C0389,out,164.04,Katas Lundraenko,SG,cash
P008593,2026-04-26T19:35:00,C0300,in,4102.31,Grevren Enkoitz,US,wire
P005925,2026-04-26T19:38:00,C0076,out,463.29,Zarvic Enkoar,MY,card
P010766,2026-04-26T19:54:00,C0277,out,4844.12,Veren Ivaskov,FR,wire
P005517,2026-04-26T20:20:00,C0080,in,1060.08,Vevic Orzekul,US,wire
P007896,2026-04-26T20:22:00,C0226,in,465.89,Umimir Pravinov,AU,wire
P000841,2026-04-26T20:26:00,C0378,out,2574.58,Zarlo Nevicski,GB,card
P002137,2026-04-26T20:29:00,C0061,out,263.07,Talmir Davreitz,SG,card
P003915,2026-04-26T20:30:00,C0217,out,1156.20,Ilyvic Davreenko,VN,wire
P008643,2026-04-26T20:33:00,C0282,out,164.25,Umimir Pravinul,AU,wire
P008680,2026-04-26T20:42:00,C0126,in,424.36,Grevlo Ivaskenko,SG,wire
P000709,2026-04-26T20:47:00,C0014,out,2221.98,Ostriel Aldreov,XC,wire
P010534,2026-04-26T21:23:00,C0141,in,1521.60,Morren Farelul,FR,card
P000467,2026-04-26T22:26:00,C0053,in,2804.04,Sevmir Ivaskyan,JP,card
P008726,2026-04-26T22:47:00,C0130,in,497.50,Grevnek Hanreenko,DE,wire
P007876,2026-04-26T22:50:00,C0138,out,3428.49,Zarnek Marosar,SG,card
P003729,2026-04-26T23:41:00,C0296,in,466.35,Nisdan Davrees,VN,wire
P001365,2026-04-26T23:44:00,C0082,out,710.19,Sevdan Gostynski,MY,wire
P001144,2026-04-26T23:51:00,C0230,out,1566.62,Felren Ivaskov,DE,wire
P011476,2026-04-26T23:55:00,C0198,out,2512.10,Ilyvic Orzekul,XB,wire
P009079,2026-04-27T00:02:00,C0204,in,1546.56,Umidan Hanreenko,JP,wire
P009990,2026-04-27T00:03:00,C0273,out,139.69,Branren Lundrayan,JP,wire
P003541,2026-04-27T00:05:00,C0089,out,958.90,Henlo Krevoov,GB,card
P010338,2026-04-27T00:19:00,C0140,out,342.96,Grevlo Gostynes,KR,wire
P001516,2026-04-27T00:31:00,C0143,in,369.52,Hendan Hanreski,AU,card
P003647,2026-04-27T00:31:00,C0154,in,457.35,Brandan Pravinul,XC,cash
P010116,2026-04-27T00:37:00,C0302,out,493.15,Feltas Aldrear,GB,wire
P006729,2026-04-27T00:38:00,C0250,out,262.58,Ilyriel Jorelar,FR,wire
P003894,2026-04-27T00:39:00,C0189,out,587.55,Talren Boskoski,AU,wire
P003086,2026-04-27T01:18:00,C0274,in,1086.77,Umiren Nevicitz,JP,card
P009020,2026-04-27T01:32:00,C0020,out,896.65,Zarnek Krevoitz,KR,wire
P011268,2026-04-27T01:52:00,C0097,in,165.01,Ostriel Jorelul,SG,wire
P005785,2026-04-27T02:07:00,C0239,in,1137.27,Grevren Enkoitz,JP,wire
P009023,2026-04-27T02:11:00,C0310,out,157.96,Ilymir Davrear,KR,card
P000667,2026-04-27T02:14:00,C0095,in,7673.67,Henvic Nevicitz,US,card
P011254,2026-04-27T02:16:00,C0360,in,579.15,Nisriel Pravinenko,DE,wire
P009580,2026-04-27T02:24:00,C0136,in,1107.29,Zarlo Nevicyan,XA,wire
P006509,2026-04-27T02:29:00,C0154,out,1251.83,Sevren Nevicyan,FR,wire
P007115,2026-04-27T02:35:00,C0227,in,5023.34,Henriel Cernaes,VN,wire
P010854,2026-04-27T02:40:00,C0063,out,639.50,Henvic Cernaov,FR,wire
P000535,2026-04-27T03:04:00,C0338,out,2231.42,Veren Ivaskov,KR,card
P009213,2026-04-27T03:39:00,C0214,in,429.60,Dorriel Nevicitz,VN,wire
P001513,2026-04-27T03:46:00,C0123,out,2432.79,Ostdan Fareles,KR,wire
P007082,2026-04-27T03:49:00,C0377,out,330.06,Branriel Jorelul,GB,card
P006343,2026-04-27T03:55:00,C0222,out,6405.62,Nisnek Boskoitz,MY,card
P005371,2026-04-27T03:59:00,C0198,out,2101.26,Grevlo Orzekski,DE,wire
P009475,2026-04-27T04:10:00,C0153,in,710.86,Henren Cernayan,KR,wire
P005389,2026-04-27T04:26:00,C0196,out,1254.58,Nistas Orzekski,GB,card
P007111,2026-04-27T04:26:00,C0026,out,1022.09,Zarriel Gostynar,GB,wire
P004977,2026-04-27T04:30:00,C0286,in,304.24,Morlo Davreov,AU,card
P010107,2026-04-27T04:30:00,C0300,in,4399.69,Karen Aldreul,AU,cash
P006042,2026-04-27T04:31:00,C0315,out,672.80,Ostlo Boskoul,DE,wire
P009537,2026-04-27T04:31:00,C0159,in,2705.06,Mortas Orzekyan,GB,wire
P011242,2026-04-27T04:45:00,C0096,out,692.29,Vedan Farelar,GB,wire
P001619,2026-04-27T04:46:00,C0005,out,2332.18,Ilyren Krevoyan,MY,wire
P011961,2026-04-27T04:59:00,C0110,out,267.90,Umivic Lundraes,MY,wire
P004077,2026-04-27T05:02:00,C0347,out,256.02,Branvic Ivaskitz,DE,wire
P000526,2026-04-27T05:10:00,C0342,out,8257.90,Branren Lundrayan,AU,wire
P000304,2026-04-27T05:14:00,C0295,in,264.39,Grevmir Farelenko,AU,wire
P008420,2026-04-27T05:18:00,C0368,in,983.00,Ilyren Marosyan,VN,wire
P008659,2026-04-27T05:22:00,C0085,in,17972.99,Brannek Pravinenko,GB,wire
P004435,2026-04-27T05:30:00,C0137,in,4707.05,Tallo Ivaskitz,SG,wire
P011401,2026-04-27T05:31:00,C0330,out,4500.61,Hentas Boskoul,US,wire
P000399,2026-04-27T05:56:00,C0354,out,797.60,Zarnek Marosar,DE,wire
P004867,2026-04-27T06:01:00,C0391,out,1520.17,Umitas Davreski,FR,wire
P001366,2026-04-27T06:05:00,C0289,in,1294.89,Brannek Hanreyan,DE,wire
P011107,2026-04-27T06:08:00,C0345,out,1044.41,Ostnek Gostynov,DE,wire
P000400,2026-04-27T06:24:00,C0290,in,572.17,Grevlo Gostynes,JP,card
P001154,2026-04-27T06:30:00,C0391,out,3921.88,Kariel Gostynul,AU,wire
P002697,2026-04-27T06:53:00,C0325,out,1960.09,Raltas Enkoenko,MY,wire
P004359,2026-04-27T07:04:00,C0005,in,3024.20,Ostnek Boskoitz,KR,card
P000650,2026-04-27T07:11:00,C0243,out,918.22,Kadan Aldreov,JP,wire
P002331,2026-04-27T07:18:00,C0265,out,378.35,Tallo Farelar,MY,wire
P003677,2026-04-27T07:28:00,C0151,in,433.62,Taldan Farelar,KR,wire
P008525,2026-04-27T07:31:00,C0225,in,563.25,Henvic Fareles,AU,card
P003830,2026-04-27T07:37:00,C0356,out,620.07,Sevren Jorelenko,SG,wire
P009733,2026-04-27T07:41:00,C0020,in,507.63,Feldan Lundraes,US,card
P003801,2026-04-27T07:52:00,C0343,out,620.55,Talriel Farelul,JP,wire
P001539,2026-04-27T08:03:00,C0203,out,214.85,Osttas Farelitz,MY,wire
P005110,2026-04-27T08:04:00,C0020,out,719.73,Branlo Ivaskenko,SG,card
P003199,2026-04-27T08:13:00,C0285,out,480.06,Grevvic Joreles,MY,wire
P003980,2026-04-27T08:21:00,C0329,in,1767.07,Branlo Farelar,GB,cash
P008405,2026-04-27T08:23:00,C0129,in,793.53,Vetas Gostynenko,MY,wire
P011182,2026-04-27T08:40:00,C0241,out,1655.93,Ilynek Jorelitz,MY,wire
P002704,2026-04-27T08:52:00,C0142,in,195.50,Nislo Jorelyan,XA,card
P003931,2026-04-27T09:17:00,C0101,in,1443.19,Morriel Farelenko,GB,wire
P001891,2026-04-27T09:21:00,C0170,out,2000.71,Vedan Jorelov,XA,wire
P006154,2026-04-27T09:24:00,C0397,in,1595.03,Felmir Ivaskenko,MY,card
P005749,2026-04-27T09:28:00,C0169,in,1551.04,Uminek Orzekul,DE,card
P011146,2026-04-27T09:31:00,C0216,in,235.60,Mortas Lundrayan,JP,cash
P008519,2026-04-27T09:44:00,C0387,out,2449.11,Ostriel Boskoitz,VN,card
P008460,2026-04-27T09:54:00,C0228,out,1473.67,Kanek Krevoski,DE,card
P010281,2026-04-27T09:57:00,C0242,out,295.04,Branvic Cernaski,SG,cash
P009450,2026-04-27T10:00:00,C0067,out,402.26,Vetas Gostynenko,XA,wire
P003189,2026-04-27T10:33:00,C0025,out,1112.42,Umimir Lundrayan,KR,wire
P001680,2026-04-27T10:41:00,C0294,out,277.76,Zarnek Ivaskul,JP,card
P011520,2026-04-27T11:04:00,C0064,in,10118.74,Ilydan Gostynski,VN,wire
P006283,2026-04-27T11:08:00,C0192,out,692.93,Ilynek Jorelitz,SG,wire
P006985,2026-04-27T11:14:00,C0102,in,1570.72,Talriel Cernaov,JP,wire
P003721,2026-04-27T11:25:00,C0154,in,938.45,Sevtas Lundraitz,DE,wire
P003259,2026-04-27T11:32:00,C0322,in,1974.67,Zarnek Krevoyan,GB,wire
P003323,2026-04-27T11:47:00,C0121,out,6907.99,Kavic Aldreul,GB,wire
P009781,2026-04-27T11:50:00,C0130,out,2645.77,Morriel Marositz,JP,card
P011282,2026-04-27T12:13:00,C0242,in,213.80,Ilydan Cernaes,JP,wire
P005215,2026-04-27T12:34:00,C0180,out,4634.03,Raldan Marosyan,US,wire
P006288,2026-04-27T12:42:00,C0242,out,10771.89,Nistas Pravinenko,XA,wire
P008295,2026-04-27T12:44:00,C0026,out,806.74,Ralvic Jorelitz,FR,cash
P012021,2026-04-27T13:00:00,C0302,in,9407.64,Kadan Orzekov,US,cash
P004032,2026-04-27T13:05:00,C0380,in,501.14,Kamir Hanreyan,AU,wire
P008447,2026-04-27T13:05:00,C0209,out,359.40,Umitas Orzekar,AU,card
P010251,2026-04-27T13:14:00,C0216,out,3515.41,Veren Ivaskov,AU,card
P007093,2026-04-27T13:41:00,C0280,in,3177.19,Ralriel Orzekyan,FR,wire
P003826,2026-04-27T13:46:00,C0363,out,449.44,Raltas Aldreenko,MY,card
P001440,2026-04-27T13:49:00,C0357,out,397.94,Karen Aldreul,AU,wire
P000409,2026-04-27T14:06:00,C0154,in,3087.34,Zartas Jorelov,DE,wire
P008541,2026-04-27T14:12:00,C0300,out,1327.95,Rallo Lundraul,MY,wire
P010027,2026-04-27T14:15:00,C0193,in,1614.29,Ilyvic Hanreul,XA,card
P003718,2026-04-27T14:27:00,C0349,out,4637.02,Ilyriel Jorelar,GB,wire
P001893,2026-04-27T14:36:00,C0228,in,4518.35,Hentas Nevicenko,MY,wire
P003896,2026-04-27T14:46:00,C0323,in,4266.02,Sevdan Pravinenko,VN,cash
P007748,2026-04-27T14:51:00,C0200,in,696.30,Fello Cernaitz,GB,wire
P003037,2026-04-27T14:58:00,C0271,out,1536.17,Morriel Krevoski,JP,cash
P000630,2026-04-27T15:10:00,C0018,out,867.12,Branriel Ivaskenko,US,wire
P003698,2026-04-27T15:16:00,C0105,in,2379.74,Hendan Hanreski,JP,card
P001444,2026-04-27T15:31:00,C0379,in,857.36,Grevvic Orzekul,AU,wire
P008653,2026-04-27T15:35:00,C0192,out,410.62,Osttas Farelitz,DE,card
P009642,2026-04-27T15:51:00,C0099,in,3487.80,Sevren Nevicyan,US,wire
P008119,2026-04-27T15:56:00,C0074,in,2062.34,Ilyren Krevoov,FR,wire
P008127,2026-04-27T16:08:00,C0011,out,494.72,Nisren Jorelyan,AU,card
P011985,2026-04-27T16:15:00,C0171,in,4143.73,Brantas Boskoitz,FR,wire
P009408,2026-04-27T16:22:00,C0270,in,3353.43,Sevmir Farelov,JP,wire
P009391,2026-04-27T16:29:00,C0353,out,2181.00,Ostvic Marosar,MY,card
P011582,2026-04-27T16:30:00,C0353,in,3738.22,Zardan Gostynyan,XC,wire
P004719,2026-04-27T16:34:00,C0182,out,758.97,Grevlo Orzekar,AU,cash
P005615,2026-04-27T16:36:00,C0359,out,4942.12,Sevriel Hanreul,US,wire
P011829,2026-04-27T16:51:00,C0059,out,2610.50,Sevlo Davreenko,AU,cash
P010053,2026-04-27T16:55:00,C0381,in,851.85,Veren Cernaenko,MY,card
P011839,2026-04-27T17:18:00,C0319,in,1611.95,Dornek Boskoski,MY,wire
P006280,2026-04-27T17:52:00,C0083,in,1527.02,Ostlo Jorelar,DE,wire
P009445,2026-04-27T17:59:00,C0260,out,96.36,Kadan Lundraes,GB,card
P011398,2026-04-27T18:05:00,C0178,in,198.92,Dorlo Boskoitz,VN,card
P000634,2026-04-27T18:35:00,C0007,out,464.82,Zarlo Orzekes,VN,card
P006518,2026-04-27T18:35:00,C0300,out,117660.91,Zarlo Hanreov,AU,wire
P003501,2026-04-27T18:36:00,C0399,out,955.97,Morriel Marositz,GB,wire
P011480,2026-04-27T19:07:00,C0329,in,818.04,Sevnek Orzekski,US,card
P004376,2026-04-27T19:12:00,C0317,out,13261.96,Ostdan Krevoul,JP,wire
P002026,2026-04-27T19:19:00,C0111,out,7632.75,Osttas Hanreov,XC,card
P000734,2026-04-27T19:28:00,C0375,in,378.53,Ilylo Enkoenko,KR,wire
P001813,2026-04-27T19:29:00,C0005,in,293.29,Nismir Hanreov,FR,cash
P011634,2026-04-27T19:34:00,C0258,out,626.53,Talmir Orzekes,MY,wire
P003508,2026-04-27T19:57:00,C0091,out,348.11,Nislo Nevicov,GB,card
P011956,2026-04-27T19:58:00,C0212,out,1391.24,Kamir Enkoyan,DE,wire
P002728,2026-04-27T19:59:00,C0120,in,969.59,Ralnek Farelski,SG,card
P006132,2026-04-27T20:02:00,C0316,out,2358.10,Uminek Enkoski,GB,cash
P011975,2026-04-27T20:09:00,C0015,in,227.79,Ilymir Marosar,DE,wire
P005781,2026-04-27T20:16:00,C0368,in,2844.79,Taldan Pravines,FR,wire
P003869,2026-04-27T20:18:00,C0224,in,905.91,Brantas Enkoov,XC,wire
P002653,2026-04-27T20:29:00,C0106,in,247.86,Henren Lundraul,GB,wire
P002327,2026-04-27T20:53:00,C0246,out,1322.50,Felren Orzekul,GB,wire
P005350,2026-04-27T21:22:00,C0278,out,382.90,Uminek Hanrees,GB,wire
P005454,2026-04-27T21:38:00,C0235,out,2953.03,Feldan Cernaitz,AU,cash
P000492,2026-04-27T21:45:00,C0287,in,476.59,Ostren Jorelski,AU,card
P002762,2026-04-27T21:57:00,C0377,in,2053.34,Branlo Krevoenko,SG,wire
P000756,2026-04-27T22:10:00,C0078,in,361.74,Umilo Aldreul,JP,card
P001540,2026-04-27T22:16:00,C0101,in,1411.11,Ilyren Ivaskar,FR,cash
P003733,2026-04-27T22:53:00,C0235,in,3492.18,Henlo Joreles,AU,wire
P008786,2026-04-27T22:54:00,C0155,in,361.94,Henriel Krevoitz,FR,wire
P006330,2026-04-27T23:11:00,C0047,out,529.43,Grevlo Boskoski,US,card
P001290,2026-04-27T23:15:00,C0113,in,344.20,Grevdan Krevoski,SG,card
P010162,2026-04-27T23:21:00,C0251,in,173.89,Grevtas Jorelitz,AU,wire
P005437,2026-04-27T23:37:00,C0234,out,374.45,Henmir Hanreul,AU,wire
P001937,2026-04-27T23:39:00,C0285,out,180.98,Sevdan Gostynski,AU,card
P008380,2026-04-27T23:40:00,C0342,in,1487.94,Grevren Enkoenko,FR,card
P010702,2026-04-27T23:42:00,C0138,in,422.31,Ostdan Fareles,VN,cash
P003357,2026-04-27T23:43:00,C0391,in,759.37,Branlo Krevoenko,MY,wire
P011845,2026-04-27T23:45:00,C0002,in,3372.04,Umitas Orzekenko,US,wire
P001579,2026-04-27T23:51:00,C0231,in,2475.74,Ilylo Krevoul,DE,wire
P001831,2026-04-27T23:51:00,C0306,out,1578.13,Grevdan Aldrear,MY,card
P004994,2026-04-28T00:29:00,C0093,in,146.53,Hendan Aldreski,DE,cash
P001755,2026-04-28T00:44:00,C0020,out,434.46,Kavic Aldreul,DE,wire
P008550,2026-04-28T01:01:00,C0359,out,1533.52,Branvic Boskoitz,FR,cash
P001641,2026-04-28T01:19:00,C0106,in,1209.06,Zarvic Enkoar,SG,wire
P010049,2026-04-28T01:19:00,C0251,out,1783.96,Sevlo Gostynov,VN,wire
P007948,2026-04-28T01:30:00,C0063,out,656.12,Ralvic Jorelenko,US,card
P009138,2026-04-28T01:31:00,C0161,out,4474.96,Kalo Krevoar,US,wire
P003159,2026-04-28T02:02:00,C0180,out,407.06,Henren Farelitz,SG,cash
P003065,2026-04-28T02:35:00,C0196,in,6432.34,Ostmir Boskoar,JP,card
P008728,2026-04-28T02:37:00,C0080,in,6117.31,Umilo Enkoski,JP,card
P000655,2026-04-28T03:06:00,C0025,in,852.05,Kariel Pravinul,SG,card
P005127,2026-04-28T03:22:00,C0150,in,572.08,Umivic Cernaov,FR,wire
P008073,2026-04-28T03:39:00,C0097,in,143.43,Ostnek Pravinitz,US,wire
P009278,2026-04-28T03:49:00,C0388,in,572.26,Ralriel Ivaskenko,GB,wire
P002611,2026-04-28T04:19:00,C0190,out,701.78,Talriel Farelar,VN,wire
P005902,2026-04-28T04:27:00,C0040,out,464.55,Tallo Jorelov,FR,card
P002996,2026-04-28T04:41:00,C0260,out,547.57,Dornek Boskoski,AU,wire
P001285,2026-04-28T05:01:00,C0293,in,11170.32,Nisriel Pravinenko,JP,wire
P001073,2026-04-28T05:08:00,C0284,in,953.03,Ilytas Davreenko,XA,cash
P002686,2026-04-28T05:47:00,C0154,out,347.03,Ilynek Cernaar,FR,wire
P004514,2026-04-28T06:22:00,C0204,out,815.83,Nisren Jorelyan,JP,wire
P000693,2026-04-28T06:38:00,C0321,in,371.28,Zarnek Jorelitz,MY,card
P004041,2026-04-28T06:43:00,C0341,out,206.33,Umimir Pravinyan,KR,card
P007281,2026-04-28T06:43:00,C0335,out,684.15,Rallo Enkoar,DE,wire
P002061,2026-04-28T07:09:00,C0087,in,612.34,Talriel Farelul,SG,cash
P010936,2026-04-28T07:15:00,C0293,in,592.01,Sevren Jorelyan,FR,card
P009444,2026-04-28T07:16:00,C0169,out,3524.88,Kariel Krevoenko,AU,card
P004658,2026-04-28T07:21:00,C0146,in,708.85,Nisnek Krevoitz,VN,wire
P009535,2026-04-28T07:28:00,C0310,in,993.37,Grevdan Enkoes,GB,card
P005344,2026-04-28T07:29:00,C0159,out,431.90,Grevriel Aldreitz,FR,card
P004497,2026-04-28T07:36:00,C0345,in,381.79,Kadan Nevicov,US,wire
P007611,2026-04-28T07:44:00,C0198,out,1709.63,Henvic Jorelitz,DE,wire
P011860,2026-04-28T07:46:00,C0102,out,390.21,Zartas Ivaskul,JP,wire
P011538,2026-04-28T07:50:00,C0359,in,629.43,Uminek Lundraitz,VN,wire
P002673,2026-04-28T07:51:00,C0303,out,2610.53,Ostdan Gostynov,DE,wire
P005914,2026-04-28T08:26:00,C0090,in,11259.85,Dormir Farelski,JP,card
P008537,2026-04-28T08:31:00,C0399,in,828.09,Branlo Farelar,GB,card
P005930,2026-04-28T08:37:00,C0019,out,161.17,Felmir Gostynyan,JP,card
P011884,2026-04-28T08:38:00,C0069,in,3160.20,Raltas Joreles,US,cash
P008089,2026-04-28T08:42:00,C0325,out,477.72,Taldan Hanreski,US,card
P000248,2026-04-28T08:48:00,C0274,out,1041.88,Katas Aldreitz,AU,wire
P004672,2026-04-28T09:07:00,C0104,in,386.23,Nislo Krevoul,FR,wire
P004231,2026-04-28T09:09:00,C0029,in,1304.16,Zarriel Marositz,AU,wire
P006401,2026-04-28T09:22:00,C0283,out,240.43,Vemir Jorelenko,JP,wire
P008837,2026-04-28T09:40:00,C0211,out,6209.68,Grevdan Krevoar,MY,card
P010579,2026-04-28T09:46:00,C0270,out,308.05,Taltas Jorelar,GB,card
P007050,2026-04-28T09:51:00,C0303,in,382.52,Taltas Jorelar,SG,cash
P002071,2026-04-28T10:08:00,C0008,out,4275.57,Branvic Krevoski,VN,card
P004846,2026-04-28T10:25:00,C0200,in,475.44,Umivic Orzekski,FR,card
P006106,2026-04-28T10:46:00,C0240,out,3220.03,Zarmir Hanreyan,XA,wire
P002586,2026-04-28T10:47:00,C0357,out,137.21,Zarlo Hanreov,DE,card
P004305,2026-04-28T10:52:00,C0224,out,637.33,Branriel Enkoul,XA,cash
P012022,2026-04-28T11:00:00,C0302,in,9884.48,Morren Cernaes,US,cash
P006062,2026-04-28T11:25:00,C0309,out,1767.85,Dorriel Krevoyan,SG,cash
P010130,2026-04-28T11:38:00,C0236,out,2161.12,Henren Farelitz,KR,wire
P011490,2026-04-28T11:49:00,C0073,in,2569.64,Sevvic Ivaskes,MY,wire
P007080,2026-04-28T11:53:00,C0116,out,3948.04,Morriel Cernaenko,JP,card
P004467,2026-04-28T11:55:00,C0195,out,612.38,Zarriel Farelenko,KR,wire
P000972,2026-04-28T12:03:00,C0017,out,11397.53,Ralren Hanreyan,KR,cash
P004445,2026-04-28T12:03:00,C0108,in,1118.90,Rallo Pravinenko,FR,cash
P005534,2026-04-28T12:15:00,C0169,in,431.17,Sevren Orzekar,DE,wire
P007506,2026-04-28T12:18:00,C0157,out,653.82,Felren Ivaskov,FR,card
P004805,2026-04-28T12:20:00,C0018,in,988.14,Branmir Ivaskul,US,wire
P006346,2026-04-28T12:33:00,C0032,out,589.19,Grevriel Aldreitz,DE,card
P009455,2026-04-28T12:41:00,C0368,in,252.13,Sevren Ivaskienko,GB,cash
P002106,2026-04-28T12:58:00,C0354,out,4551.16,Ostnek Nevicenko,DE,card
P006172,2026-04-28T13:04:00,C0158,in,4767.16,Zartas Pravinenko,GB,wire
P009859,2026-04-28T13:52:00,C0169,out,1756.54,Fello Krevoov,US,card
P011731,2026-04-28T13:53:00,C0362,in,1596.68,Branriel Cernaov,FR,card
P002536,2026-04-28T14:07:00,C0195,out,1664.03,Ilymir Cernaul,AU,wire
P004907,2026-04-28T14:09:00,C0047,out,8243.65,Umiren Hanreski,AU,cash
P003377,2026-04-28T14:21:00,C0179,in,1411.41,Katas Boskoar,US,card
P008384,2026-04-28T14:28:00,C0308,out,264.33,Osttas Boskoyan,VN,wire
P001047,2026-04-28T14:36:00,C0203,out,560.30,Felren Gostynul,DE,cash
P002923,2026-04-28T14:43:00,C0036,in,513.78,Kavic Lundraenko,GB,wire
P009963,2026-04-28T14:45:00,C0299,out,1772.90,Veren Farelitz,VN,cash
P000105,2026-04-28T14:52:00,C0338,in,311.41,Henmir Enkoski,SG,wire
P002412,2026-04-28T14:57:00,C0182,out,2924.33,Karen Ivaskyan,FR,card
P003479,2026-04-28T14:59:00,C0033,out,1389.62,Henmir Enkoski,AU,wire
P010580,2026-04-28T14:59:00,C0253,out,3609.18,Feltas Aldrear,DE,cash
P009350,2026-04-28T15:05:00,C0143,out,1121.73,Ralvic Jorelenko,MY,card
P000938,2026-04-28T15:10:00,C0046,in,1858.75,Felriel Lundraski,AU,card
P001712,2026-04-28T15:11:00,C0276,in,468.56,Veren Davreul,JP,wire
P007098,2026-04-28T15:23:00,C0092,in,7269.04,Raldan Farelyan,US,cash
P003121,2026-04-28T15:34:00,C0348,in,915.60,Nisren Aldreski,US,wire
P002210,2026-04-28T15:51:00,C0077,in,321.03,Raltas Nevicitz,SG,wire
P003846,2026-04-28T16:00:00,C0293,out,2982.65,Vedan Nevicyan,AU,wire
P003091,2026-04-28T16:09:00,C0134,in,455.37,Nislo Gostynitz,VN,wire
P006537,2026-04-28T16:10:00,C0272,out,391.57,Sevtas Pravinski,AU,wire
P008441,2026-04-28T16:17:00,C0074,out,300.54,Ilydan Nevicenko,SG,card
P004342,2026-04-28T16:39:00,C0224,out,1303.75,Grevren Lundrayan,VN,wire
P006143,2026-04-28T17:04:00,C0129,in,2575.30,Ilymir Marosar,VN,cash
P000140,2026-04-28T17:09:00,C0303,out,573.94,Fello Cernaitz,AU,wire
P009670,2026-04-28T17:12:00,C0045,in,652.52,Ilylo Gostynski,US,card
P001424,2026-04-28T17:15:00,C0170,out,3919.26,Kavic Nevicitz,AU,wire
P006845,2026-04-28T17:33:00,C0165,out,339.57,Taltas Hanreov,JP,wire
P010272,2026-04-28T17:36:00,C0283,in,8750.33,Branren Nevices,KR,wire
P001633,2026-04-28T17:41:00,C0058,out,1504.47,Sevriel Farelul,KR,card
P000508,2026-04-28T17:43:00,C0391,out,1823.31,Ostdan Farelski,DE,wire
P006359,2026-04-28T17:53:00,C0083,in,393.46,Henriel Orzekenko,SG,cash
P001661,2026-04-28T17:58:00,C0297,out,157.08,Velo Hanreski,KR,card
P010254,2026-04-28T18:13:00,C0354,in,2546.85,Katas Aldreitz,KR,wire
P005499,2026-04-28T18:21:00,C0135,out,2756.85,Umilo Enkoski,MY,card
P009123,2026-04-28T18:41:00,C0209,in,1692.95,Vetas Gostynenko,FR,wire
P010061,2026-04-28T19:01:00,C0347,in,5262.60,Kavic Lundraenko,MY,wire
P010494,2026-04-28T19:02:00,C0028,out,2023.68,Katas Farelul,FR,wire
P009690,2026-04-28T19:06:00,C0109,out,1541.65,Dorvic Gostynov,JP,card
P001733,2026-04-28T19:29:00,C0179,out,3036.24,Veren Marosar,DE,wire
P004864,2026-04-28T19:42:00,C0248,out,263.02,Henmir Marosenko,DE,wire
P001201,2026-04-28T19:50:00,C0278,out,3057.37,Branren Cernaenko,FR,wire
P007144,2026-04-28T19:57:00,C0351,in,6210.85,Nislo Davresenko,FR,card
P002239,2026-04-28T19:58:00,C0092,in,2334.98,Zarvic Davreul,GB,wire
P005436,2026-04-28T19:58:00,C0290,in,278.21,Felvic Ivaskitz,US,card
P010450,2026-04-28T20:04:00,C0045,out,99.56,Umivic Nevicenko,DE,wire
P000781,2026-04-28T20:09:00,C0033,out,1343.67,Dorriel Nevicitz,KR,card
P000962,2026-04-28T20:27:00,C0083,out,3164.46,Kamir Pravinar,MY,wire
P008078,2026-04-28T20:33:00,C0185,in,627.37,Ilymir Enkoar,US,wire
P007921,2026-04-28T21:10:00,C0109,in,1170.79,Henriel Jorelyan,MY,wire
P011116,2026-04-28T21:13:00,C0384,out,2247.98,Grevdan Krevoar,AU,wire
P002631,2026-04-28T21:20:00,C0014,in,1996.50,Branmir Orzekul,KR,wire
P008801,2026-04-28T21:20:00,C0339,out,1176.21,Umilo Marosyan,DE,card
P007334,2026-04-28T21:39:00,C0092,out,423.13,Sevtas Davreyan,SG,wire
P001853,2026-04-28T21:44:00,C0378,in,156.52,Veren Cernaenko,FR,card
P002282,2026-04-28T21:46:00,C0236,in,1079.63,Mornek Ivaskyan,AU,wire
P010245,2026-04-28T21:46:00,C0177,in,602.63,Ostren Farelski,US,wire
P010029,2026-04-28T21:54:00,C0363,out,187.13,Kariel Ivaskenko,AU,wire
P001938,2026-04-28T21:56:00,C0060,in,1155.94,Kalo Pravinov,GB,card
P011572,2026-04-28T21:56:00,C0277,out,2314.68,Raltas Aldreenko,KR,wire
P002122,2026-04-28T22:08:00,C0212,in,4230.64,Nisdan Cernaenko,JP,wire
P004221,2026-04-28T22:57:00,C0081,in,1468.39,Sevlo Gostynov,SG,wire
P004207,2026-04-28T23:12:00,C0266,in,4715.26,Sevmir Enkoienko,MY,cash
P005877,2026-04-28T23:20:00,C0096,in,1668.72,Osttas Enkoul,GB,wire
P002604,2026-04-28T23:36:00,C0352,out,4401.57,Taldan Lundraes,DE,wire
P009705,2026-04-29T00:17:00,C0293,out,1414.04,Mordan Davreitz,VN,wire
P006323,2026-04-29T00:20:00,C0151,in,1049.12,Umilo Orzekar,MY,wire
P011632,2026-04-29T00:20:00,C0193,in,1104.02,Grevtas Jorelitz,MY,wire
P008314,2026-04-29T00:27:00,C0027,in,698.69,Branlo Ivaskenko,FR,card
P003234,2026-04-29T00:55:00,C0104,in,853.66,Veren Gostynar,SG,card
P000164,2026-04-29T00:57:00,C0114,in,564.09,Zarnek Boskoul,DE,wire
P003659,2026-04-29T01:21:00,C0313,in,2283.07,Nislo Farelitz,SG,wire
P008872,2026-04-29T02:16:00,C0147,in,554.75,Henlo Joreles,FR,wire
P010965,2026-04-29T02:18:00,C0077,out,687.08,Henlo Ivaskski,DE,wire
P006700,2026-04-29T02:20:00,C0240,out,408.89,Henriel Cernaes,GB,cash
P009899,2026-04-29T02:34:00,C0212,out,2802.67,Kalo Boskosenko,JP,wire
P001090,2026-04-29T02:43:00,C0051,out,248.92,Zarren Ivaskul,DE,wire
P008448,2026-04-29T03:00:00,C0009,out,6558.54,Vevic Boskoyan,SG,card
P006558,2026-04-29T03:12:00,C0008,out,364.03,Grevriel Krevoenko,KR,cash
P000433,2026-04-29T03:25:00,C0183,out,843.78,Mornek Davreski,KR,wire
P000543,2026-04-29T03:48:00,C0338,out,5952.45,Sevdan Pravinitz,VN,wire
P001482,2026-04-29T03:48:00,C0172,in,329.75,Kanek Lundraes,KR,wire
P003880,2026-04-29T04:21:00,C0296,in,218.77,Morriel Marositz,SG,wire
P009180,2026-04-29T04:27:00,C0025,out,6685.91,Brannek Davreov,FR,wire
P001187,2026-04-29T04:32:00,C0041,out,2566.23,Kanek Krevoski,GB,card
P003455,2026-04-29T04:35:00,C0123,in,1302.85,Sevdan Hanreyan,KR,wire
P005505,2026-04-29T04:40:00,C0111,out,4580.06,Veren Pravinyan,VN,cash
P005065,2026-04-29T04:53:00,C0164,in,1468.40,Taltas Aldreov,KR,wire
P005844,2026-04-29T05:23:00,C0319,out,721.78,Feltas Aldrear,AU,wire
P009042,2026-04-29T05:32:00,C0050,in,3158.50,Morriel Krevoski,JP,wire
P006010,2026-04-29T05:37:00,C0186,out,342.30,Nistas Krevoar,KR,wire
P010089,2026-04-29T05:55:00,C0143,in,557.84,Felnek Enkoar,AU,card
P003433,2026-04-29T06:20:00,C0145,in,612.87,Zarriel Gostynar,US,wire
P010644,2026-04-29T07:04:00,C0035,out,865.14,Zartas Ivaskul,SG,card
P000900,2026-04-29T07:07:00,C0113,in,362.56,Vevic Lundraitz,MY,wire
P006322,2026-04-29T07:26:00,C0026,in,2602.39,Ostren Farelenko,US,card
P003451,2026-04-29T07:28:00,C0374,out,29039.79,Talren Lundraar,DE,wire
P003973,2026-04-29T07:35:00,C0369,out,5251.45,Ostlo Boskoul,AU,wire
P004261,2026-04-29T07:35:00,C0376,out,508.87,Katas Gostynenko,GB,wire
P004001,2026-04-29T07:41:00,C0159,in,530.26,Uminek Aldreul,KR,wire
P003947,2026-04-29T08:34:00,C0164,out,513.54,Nisvic Aldreul,FR,wire
P011680,2026-04-29T08:43:00,C0025,in,431.74,Katas Orzekov,AU,wire
P000067,2026-04-29T09:04:00,C0171,out,702.96,Kavic Lundraenko,XB,wire
P008774,2026-04-29T09:23:00,C0025,in,2775.16,Grevren Gostynes,DE,wire
P009553,2026-04-29T09:25:00,C0215,out,668.35,Kariel Ivaskenko,KR,wire
P010951,2026-04-29T09:37:00,C0078,out,239.32,Kalo Pravinski,VN,wire
P005919,2026-04-29T09:40:00,C0175,out,2236.30,Mornek Nevicenko,VN,wire
P002831,2026-04-29T09:42:00,C0022,in,463.47,Felnek Enkoitz,US,wire
P005838,2026-04-29T09:42:00,C0182,in,8259.34,Ostvic Aldreski,JP,card
P007248,2026-04-29T09:43:00,C0375,out,2106.02,Talmir Davrear,FR,card
P008583,2026-04-29T09:48:00,C0102,in,2152.04,Felmir Ivaskenko,FR,wire
P010310,2026-04-29T09:56:00,C0171,in,1928.65,Brannek Davreov,VN,cash
P003467,2026-04-29T09:58:00,C0148,in,659.46,Ilydan Ivasksenko,JP,wire
P005316,2026-04-29T10:05:00,C0087,in,1437.09,Dordan Lundraar,SG,wire
P007365,2026-04-29T10:23:00,C0033,out,7490.51,Veren Boskoitz,FR,wire
P008532,2026-04-29T10:48:00,C0041,in,1343.34,Sevren Nevicyan,GB,wire
P002769,2026-04-29T10:59:00,C0256,in,656.72,Ilyren Krevoov,FR,wire
P008478,2026-04-29T11:22:00,C0172,in,364.31,Felvic Gostynyan,MY,cash
P002688,2026-04-29T11:25:00,C0275,out,853.64,Sevtas Boskoar,AU,wire
P009436,2026-04-29T11:31:00,C0141,out,397.09,Nismir Nevicenko,US,cash
P001145,2026-04-29T11:41:00,C0199,out,1618.44,Felmir Jorelul,AU,wire
P012023,2026-04-29T12:00:00,C0302,in,9484.95,Ralvic Farelitz,US,cash
P010421,2026-04-29T12:03:00,C0319,out,586.93,Umimir Pravinul,JP,wire
P006293,2026-04-29T12:24:00,C0131,out,1110.66,Velo Joreles,FR,wire
P010371,2026-04-29T12:37:00,C0308,in,918.39,Ralriel Hanreenko,MY,wire
P006128,2026-04-29T12:45:00,C0172,in,6777.04,Branvic Ivaskitz,AU,wire
P002607,2026-04-29T13:17:00,C0314,in,998.10,Dorlo Maroses,VN,wire
P011176,2026-04-29T13:36:00,C0385,out,750.81,Felmir Ivaskenko,AU,wire
P003226,2026-04-29T13:45:00,C0266,out,2535.45,Ilymir Krevoenko,KR,wire
P005732,2026-04-29T14:00:00,C0314,in,9918.17,Ostriel Boskoenko,US,wire
P010875,2026-04-29T14:10:00,C0050,out,957.19,Umilo Marosyan,JP,wire
P011853,2026-04-29T14:30:00,C0004,out,4045.86,Hentas Krevoul,KR,wire
P002254,2026-04-29T14:43:00,C0009,in,1302.01,Ostlo Orzekar,FR,card
P005709,2026-04-29T14:47:00,C0374,in,1205.59,Mortas Gostynski,MY,card
P000214,2026-04-29T14:56:00,C0339,out,933.12,Ilylo Farelov,FR,wire
P010046,2026-04-29T15:06:00,C0012,in,1135.91,Kavic Cernaitz,JP,wire
P000985,2026-04-29T15:11:00,C0265,out,1020.61,Zarlo Fareles,VN,card
P007067,2026-04-29T15:14:00,C0280,in,5158.06,Henmir Krevoes,KR,wire
P007866,2026-04-29T15:21:00,C0003,in,2298.24,Ilydan Davreul,MY,wire
P006473,2026-04-29T15:24:00,C0117,in,554.20,Branren Nevicyan,US,card
P000185,2026-04-29T15:25:00,C0183,in,2671.33,Hennek Enkoar,VN,card
P011979,2026-04-29T15:32:00,C0244,in,113.48,Raltas Gostynes,DE,wire
P005532,2026-04-29T15:51:00,C0189,out,2642.42,Mortas Marosski,US,wire
P003038,2026-04-29T16:04:00,C0313,in,702.59,Nismir Boskoski,AU,wire
P007838,2026-04-29T16:16:00,C0048,out,983.53,Ostnek Boskoyan,VN,wire
P001244,2026-04-29T16:22:00,C0064,out,396.78,Taldan Lundraes,KR,wire
P004932,2026-04-29T16:26:00,C0296,in,23299.89,Sevlo Aldreenko,VN,card
P003681,2026-04-29T16:27:00,C0085,out,1235.05,Nisnek Boskoenko,XB,cash
P004622,2026-04-29T16:36:00,C0136,out,601.60,Veren Pravinyan,SG,card
P003952,2026-04-29T17:17:00,C0220,in,1248.71,Grevdan Pravinul,DE,cash
P008286,2026-04-29T17:33:00,C0285,in,418.72,Sevmir Krevoitz,AU,wire
P004836,2026-04-29T17:35:00,C0069,out,1749.89,Kadan Lundraes,GB,wire
P003194,2026-04-29T17:46:00,C0369,out,883.66,Dorriel Jorelenko,AU,wire
P007886,2026-04-29T17:58:00,C0099,out,3946.33,Felren Davreov,MY,wire
P000362,2026-04-29T18:12:00,C0192,in,625.86,Kadan Boskoul,GB,card
P003872,2026-04-29T18:14:00,C0096,in,4236.86,Umilo Boskoenko,XC,card
P011162,2026-04-29T18:33:00,C0153,in,2117.29,Velo Hanreski,DE,cash
P003711,2026-04-29T18:54:00,C0264,in,366.87,Brannek Hanreyan,MY,wire
P009647,2026-04-29T18:58:00,C0391,out,4431.64,Nismir Aldrear,XB,card
P005080,2026-04-29T19:18:00,C0067,out,1208.28,Velo Lundrayan,AU,wire
P002055,2026-04-29T19:24:00,C0195,out,852.94,Talnek Lundrayan,VN,wire
P011637,2026-04-29T19:26:00,C0064,out,1171.51,Henvic Ivaskski,VN,card
P009108,2026-04-29T19:43:00,C0231,in,312.14,Veren Boskoitz,DE,wire
P001084,2026-04-29T19:52:00,C0374,out,1378.77,Ilyren Krevoov,AU,cash
P004651,2026-04-29T19:53:00,C0381,in,9854.07,Taldan Marosov,US,cash
P002553,2026-04-29T20:07:00,C0239,out,6450.45,Hendan Boskoul,SG,card
P007554,2026-04-29T20:10:00,C0339,in,1881.30,Ilymir Nevicov,DE,wire
P011787,2026-04-29T20:20:00,C0019,in,1262.28,Sevdan Davreitz,VN,wire
P010749,2026-04-29T20:29:00,C0221,out,3686.60,Umiriel Davreitz,AU,wire
P007396,2026-04-29T20:51:00,C0316,out,249.65,Raldan Nevicul,JP,card
P006418,2026-04-29T20:57:00,C0276,out,1730.76,Mornek Davreenko,JP,wire
P005871,2026-04-29T21:03:00,C0263,out,1463.41,Henren Hanreov,XC,cash
P010608,2026-04-29T21:21:00,C0072,out,5662.94,Henmir Enkoski,AU,wire
P009470,2026-04-29T21:36:00,C0045,in,5727.37,Dortas Joreles,MY,wire
P008891,2026-04-29T21:52:00,C0361,in,2682.92,Hennek Davreov,MY,card
P011505,2026-04-29T22:02:00,C0126,out,223.10,Branvic Krevoski,JP,wire
P006462,2026-04-29T22:03:00,C0044,out,11608.39,Ostvic Marosar,SG,wire
P005973,2026-04-29T22:08:00,C0224,in,1544.95,Grevlo Orzekar,KR,wire
P005278,2026-04-29T22:26:00,C0249,in,228.94,Kavic Enkoov,KR,card
P001348,2026-04-29T22:45:00,C0126,in,2167.10,Nislo Gostynitz,MY,wire
P010609,2026-04-29T22:45:00,C0021,in,365.42,Mordan Enkoes,JP,wire
P011837,2026-04-29T22:49:00,C0024,in,1159.99,Grevnek Boskoul,KR,wire
P003815,2026-04-29T23:07:00,C0277,in,107.42,Sevlo Krevoes,MY,wire
P007367,2026-04-29T23:18:00,C0225,in,7870.85,Nisdan Aldreul,AU,wire
P006090,2026-04-29T23:20:00,C0152,in,3422.25,Branren Aldreitz,FR,cash
P002844,2026-04-29T23:24:00,C0215,in,5447.65,Umiren Marosar,KR,wire
P000270,2026-04-29T23:32:00,C0007,in,238.92,Umimir Lundrayan,GB,wire
P004355,2026-04-29T23:33:00,C0152,out,1446.38,Zarmir Krevoov,SG,wire
P007719,2026-04-29T23:51:00,C0141,in,3123.12,Dorvic Farelenko,SG,wire
P004225,2026-04-29T23:54:00,C0219,in,692.05,Raltas Marosov,KR,wire
P000659,2026-04-30T00:14:00,C0099,out,7958.41,Ilydan Cernaes,MY,card
P011926,2026-04-30T00:27:00,C0174,in,359.39,Raldan Farelyan,JP,card
P010691,2026-04-30T00:40:00,C0118,in,456.82,Umivic Boskoenko,GB,card
P005803,2026-04-30T00:41:00,C0176,out,1613.72,Ralvic Jorelenko,SG,wire
P000966,2026-04-30T00:46:00,C0055,in,1988.20,Branren Boskoenko,AU,wire
P006644,2026-04-30T00:54:00,C0344,in,989.33,Talmir Davreitz,US,wire
P004767,2026-04-30T01:11:00,C0163,in,1920.76,Talvic Ivaskitz,JP,wire
P009525,2026-04-30T01:21:00,C0027,in,3514.24,Talmir Davrear,DE,cash
P007675,2026-04-30T01:28:00,C0255,in,1946.55,Kavic Nevicitz,KR,wire
P010840,2026-04-30T01:42:00,C0218,out,10531.41,Umilo Cernaski,VN,wire
P002816,2026-04-30T01:54:00,C0120,in,3961.97,Zartas Enkoar,DE,wire
P002731,2026-04-30T01:57:00,C0068,out,664.13,Vedan Hanreov,US,wire
P003272,2026-04-30T02:00:00,C0118,out,1489.60,Umilo Cernaski,US,card
P003513,2026-04-30T02:17:00,C0382,in,518.26,Fello Hanreul,US,cash
P005027,2026-04-30T02:17:00,C0111,out,53.93,Grevmir Boskoenko,FR,wire
P011460,2026-04-30T02:18:00,C0316,out,479.11,Feltas Ivaskenko,DE,cash
P004081,2026-04-30T02:24:00,C0166,out,198.80,Katas Cernayan,DE,wire
P000317,2026-04-30T02:29:00,C0011,in,1875.14,Grevvic Joreles,DE,wire
P001728,2026-04-30T02:32:00,C0007,out,637.78,Nismir Aldrear,JP,cash
P010158,2026-04-30T02:40:00,C0083,in,3100.16,Umimir Boskoenko,FR,wire
P005685,2026-04-30T02:50:00,C0361,out,1496.30,Katas Gostynenko,KR,wire
P002850,2026-04-30T02:51:00,C0279,out,226.11,Katas Ivaskov,FR,card
P005580,2026-04-30T02:59:00,C0169,out,1303.51,Mordan Boskoski,MY,wire
P009425,2026-04-30T03:03:00,C0369,in,203.34,Sevtas Pravinski,US,card
P003734,2026-04-30T03:05:00,C0065,out,1380.81,Zarnek Hanrear,DE,cash
P008529,2026-04-30T03:21:00,C0064,in,964.58,Raltas Farelitz,GB,wire
P009752,2026-04-30T03:41:00,C0292,out,253.76,Veren Davreul,JP,wire
P007037,2026-04-30T03:45:00,C0387,out,178.74,Umiriel Pravinitz,JP,wire
P009340,2026-04-30T04:12:00,C0257,in,999.90,Dorlo Enkoski,JP,wire
P005009,2026-04-30T04:17:00,C0058,in,280.18,Henmir Jorelul,VN,wire
P010323,2026-04-30T04:38:00,C0354,in,1228.03,Katas Krevoar,KR,wire
P007493,2026-04-30T04:40:00,C0198,out,527.90,Sevriel Hanreul,JP,wire
P002719,2026-04-30T04:58:00,C0114,in,381.82,Zarnek Hanrear,KR,card
P000143,2026-04-30T05:30:00,C0156,in,706.58,Dortas Nevicul,AU,cash
P003335,2026-04-30T05:59:00,C0206,in,386.88,Talmir Maroses,KR,wire
P001565,2026-04-30T06:00:00,C0168,out,3866.77,Dorvic Krevoenko,VN,wire
P008716,2026-04-30T06:11:00,C0072,in,912.66,Feltas Aldrear,US,card
P002381,2026-04-30T06:34:00,C0277,out,9375.22,Nisren Gostynes,FR,wire
P011420,2026-04-30T06:44:00,C0243,in,1146.91,Felmir Ivaskenko,GB,wire
P009156,2026-04-30T06:51:00,C0157,in,1062.56,Grevtas Jorelitz,JP,wire
P011016,2026-04-30T07:12:00,C0104,out,342.71,Katas Farelul,FR,wire
P008806,2026-04-30T07:35:00,C0195,out,7354.30,Uminek Orzekul,SG,wire
P005220,2026-04-30T07:40:00,C0286,out,279.89,Grevlo Krevoar,VN,wire
P010998,2026-04-30T07:47:00,C0194,out,1036.34,Veren Farelul,VN,wire
P008211,2026-04-30T07:48:00,C0192,in,1348.85,Grevdan Hanreov,KR,wire
P011967,2026-04-30T07:51:00,C0054,in,196.06,Zarvic Enkoes,FR,wire
P003020,2026-04-30T08:07:00,C0372,in,419.14,Henriel Krevoitz,GB,wire
P002786,2026-04-30T08:10:00,C0223,out,2014.08,Grevlo Boskoski,GB,wire
P009474,2026-04-30T08:11:00,C0220,in,2284.42,Kamir Cernaar,FR,wire
P009239,2026-04-30T08:19:00,C0134,in,413.66,Katas Gostynenko,DE,wire
P007541,2026-04-30T08:25:00,C0082,out,5844.12,Sevlo Aldrees,DE,wire
P007742,2026-04-30T08:35:00,C0240,out,173.15,Sevtas Boskoar,JP,wire
P007034,2026-04-30T08:45:00,C0294,in,3073.48,Ostvic Aldreski,MY,wire
P011542,2026-04-30T08:58:00,C0253,in,180.73,Talren Lundraar,FR,wire
P012059,2026-04-30T09:00:00,C0351,in,50231.44,Nisvic Boskoitz,GB,wire
P010964,2026-04-30T09:28:00,C0191,in,3765.73,Dortas Lundraul,KR,wire
P000113,2026-04-30T09:32:00,C0347,out,668.15,Ralnek Hanreul,GB,card
P003719,2026-04-30T09:50:00,C0391,out,163.01,Brannek Boskoov,XA,wire
P007864,2026-04-30T09:57:00,C0339,out,418.39,Talvic Davrees,MY,wire
P000395,2026-04-30T10:02:00,C0192,out,3577.77,Ostdan Hanreenko,JP,wire
P002486,2026-04-30T10:27:00,C0173,in,2735.33,Ilydan Pravinski,MY,wire
P007097,2026-04-30T10:38:00,C0335,out,502.87,Veren Cernaenko,KR,card
P003887,2026-04-30T10:40:00,C0128,out,82.42,Ostlo Marosienko,JP,card
P006663,2026-04-30T10:44:00,C0057,in,4120.15,Henriel Jorelyan,GB,card
P004910,2026-04-30T10:57:00,C0360,in,5352.35,Vedan Davreul,MY,wire
P002159,2026-04-30T11:18:00,C0275,in,207.24,Talriel Farelul,SG,wire
P000629,2026-04-30T11:27:00,C0278,out,1355.46,Henvic Jorelitz,KR,cash
P005453,2026-04-30T11:41:00,C0290,out,2165.82,Ralren Lundraes,VN,cash
P002171,2026-04-30T11:52:00,C0192,out,1332.43,Umivic Orzekski,AU,card
P008426,2026-04-30T12:02:00,C0054,out,291.61,Umivic Boskoenko,SG,wire
P007397,2026-04-30T12:47:00,C0123,out,379.92,Sevtas Davreyan,JP,wire
P012060,2026-04-30T13:00:00,C0351,out,15563.83,Zarnek Hanrear,XC,wire
P003368,2026-04-30T13:02:00,C0011,in,1844.19,Sevriel Davrear,SG,wire
P005443,2026-04-30T13:11:00,C0145,in,3658.51,Veriel Jorelenko,AU,wire
P011057,2026-04-30T13:11:00,C0172,in,1623.16,Hennek Enkoar,KR,wire
P005894,2026-04-30T13:19:00,C0160,in,79.13,Morvic Farelyan,FR,card
P011622,2026-04-30T13:27:00,C0054,in,1252.99,Branren Davreyan,SG,wire
P005824,2026-04-30T13:54:00,C0094,out,305.33,Grevmir Boskoenko,GB,card
P012041,2026-04-30T14:00:00,C0205,in,9067.42,Taldan Pravinov,US,cash
P002073,2026-04-30T14:12:00,C0235,out,1257.43,Ralmir Orzekul,DE,wire
P011773,2026-04-30T14:16:00,C0296,out,3843.54,Hennek Aldreenko,US,wire
P000860,2026-04-30T14:24:00,C0005,in,676.50,Ilymir Jorelar,GB,wire
P004639,2026-04-30T14:25:00,C0027,out,925.56,Sevlo Cernaitz,JP,card
P011579,2026-04-30T14:34:00,C0282,out,747.63,Umiriel Jorelul,GB,wire
P005678,2026-04-30T14:39:00,C0058,in,373.47,Mortas Lundrayan,JP,card
P010773,2026-04-30T14:51:00,C0294,out,7112.03,Ilylo Gostynski,KR,wire
P003241,2026-04-30T15:01:00,C0301,out,738.57,Mortas Gostynski,AU,wire
P008100,2026-04-30T15:08:00,C0135,in,697.54,Dortas Lundraul,JP,wire
P008141,2026-04-30T15:18:00,C0088,in,3960.75,Grevdan Enkoes,JP,wire
P004746,2026-04-30T15:19:00,C0196,out,597.43,Mordan Jorelyan,MY,cash
P011384,2026-04-30T15:32:00,C0309,out,345.57,Felmir Nevicitz,SG,wire
P001350,2026-04-30T15:38:00,C0184,out,485.16,Henlo Marosenko,US,card
P003907,2026-04-30T15:48:00,C0255,out,625.63,Branren Nevices,JP,wire
P006915,2026-04-30T16:05:00,C0284,out,1585.82,Dorlo Farelar,VN,wire
P011285,2026-04-30T16:06:00,C0278,in,1749.37,Dorvic Farelenko,US,card
P001965,2026-04-30T16:13:00,C0266,in,1039.41,Sevtas Davreyan,VN,wire
P008042,2026-04-30T16:13:00,C0302,out,2050.25,Mordan Cernaul,MY,card
P008978,2026-04-30T16:25:00,C0105,in,847.43,Hennek Davreov,JP,wire
P005230,2026-04-30T16:53:00,C0160,in,635.75,Rallo Enkoar,XB,wire
P008818,2026-04-30T17:31:00,C0107,out,7251.33,Ostdan Gostynov,VN,wire
P012061,2026-04-30T18:00:00,C0351,out,15563.83,Branvic Boskoski,XC,wire
P002678,2026-04-30T18:32:00,C0124,in,3788.16,Katas Farelul,US,wire
P001667,2026-04-30T18:37:00,C0115,out,843.60,Mortas Davreenko,US,wire
P003184,2026-04-30T18:39:00,C0127,out,704.83,Grevvic Marosov,GB,wire
P011170,2026-04-30T18:43:00,C0281,out,1902.93,Mormir Hanreov,KR,wire
P009051,2026-04-30T19:00:00,C0380,in,162.11,Talren Nevicov,FR,wire
P010237,2026-04-30T19:12:00,C0260,out,1191.34,Hentas Gostynitz,DE,wire
P008008,2026-04-30T19:14:00,C0136,in,566.45,Branvic Ivaskitz,FR,wire
P009174,2026-04-30T19:21:00,C0069,in,308.61,Zarvic Enkoar,KR,wire
P006488,2026-04-30T19:41:00,C0192,out,1095.37,Kamir Orzekar,SG,cash
P007835,2026-04-30T19:42:00,C0017,in,471.77,Veren Maroses,VN,wire
P003794,2026-04-30T19:47:00,C0231,out,3524.31,Sevriel Nevicar,GB,card
P000450,2026-04-30T19:51:00,C0125,out,2853.20,Mortas Gostynski,KR,wire
P004993,2026-04-30T19:58:00,C0230,in,804.20,Ralriel Ivaskenko,GB,wire
P007680,2026-04-30T20:08:00,C0135,out,1234.97,Sevnek Davreienko,AU,card
P008298,2026-04-30T20:08:00,C0301,out,897.20,Felren Davreov,DE,cash
P002957,2026-04-30T20:18:00,C0302,out,314.30,Nisdan Pravinyan,KR,card
P011924,2026-04-30T20:20:00,C0059,in,927.33,Veren Davreul,AU,wire
P009249,2026-04-30T20:41:00,C0309,in,258.42,Ostren Lundraitz,US,card
P008768,2026-04-30T20:42:00,C0151,out,479.44,Feldan Cernaitz,VN,wire
P003297,2026-04-30T21:22:00,C0186,in,854.11,Grevnek Aldrees,US,cash
P003242,2026-04-30T21:32:00,C0315,in,3072.64,Henren Hanreov,MY,cash
P000354,2026-04-30T21:41:00,C0394,in,17805.07,Sevtas Davreyan,US,cash
P010221,2026-04-30T21:50:00,C0017,in,6312.76,Vetas Boskoyenko,MY,wire
P011450,2026-04-30T21:56:00,C0024,in,1933.16,Hentas Nevicenko,US,wire
P008205,2026-04-30T22:07:00,C0377,in,139.14,Grevren Lundraul,US,wire
P005470,2026-04-30T22:11:00,C0303,in,710.33,Kalo Pravinski,US,card
P010843,2026-04-30T22:16:00,C0076,in,433.70,Talren Enkoar,DE,card
P006197,2026-04-30T22:33:00,C0331,out,178.24,Ralnek Enkoyan,US,wire
P010835,2026-04-30T22:37:00,C0332,in,1409.08,Ilyren Davreitz,US,card
P006969,2026-04-30T22:48:00,C0014,in,343.99,Grevmir Cernaov,SG,wire
P009348,2026-04-30T22:59:00,C0344,in,6428.85,Hentas Nevicenko,SG,wire
P012062,2026-04-30T23:00:00,C0351,out,15563.83,Kanek Jorelul,XC,wire
P005408,2026-04-30T23:24:00,C0128,out,3651.96,Hendan Aldreski,AU,wire
P001769,2026-04-30T23:52:00,C0226,in,644.50,Henren Lundraul,GB,card
P007737,2026-04-30T23:52:00,C0194,in,1395.11,Felnek Pravinenko,MY,card
P001216,2026-04-30T23:55:00,C0105,in,933.10,Dortas Joreles,SG,wire
P006038,2026-05-01T00:28:00,C0140,out,2097.72,Branmir Hanrees,AU,wire
P011054,2026-05-01T00:33:00,C0337,out,2258.60,Taltas Pravinul,AU,wire
P009012,2026-05-01T01:06:00,C0354,out,989.48,Henlo Krevoov,GB,cash
P002277,2026-05-01T01:16:00,C0100,out,804.17,Ostlo Jorelar,FR,wire
P007294,2026-05-01T01:32:00,C0352,out,616.70,Sevriel Enkoes,GB,wire
P000452,2026-05-01T01:34:00,C0074,out,4930.21,Zarren Davreov,MY,wire
P008253,2026-05-01T02:05:00,C0320,in,886.80,Nisren Jorelyan,SG,card
P000565,2026-05-01T02:09:00,C0073,out,1141.27,Mordan Enkoes,MY,wire
P003334,2026-05-01T02:14:00,C0239,out,2116.59,Umivic Nevicenko,JP,wire
P000411,2026-05-01T02:31:00,C0036,out,921.79,Zarlo Gostynyan,KR,wire
P008400,2026-05-01T02:40:00,C0227,out,2409.04,Kamir Gostynov,KR,wire
P003452,2026-05-01T02:49:00,C0198,in,975.44,Branmir Orzekul,JP,wire
P004612,2026-05-01T02:54:00,C0287,out,3043.01,Veren Davreul,AU,cash
P009716,2026-05-01T02:57:00,C0249,in,4267.46,Grevlo Jorelar,DE,card
P003168,2026-05-01T03:41:00,C0374,out,1526.35,Talmir Lundraes,US,wire
P002133,2026-05-01T03:54:00,C0169,out,329.84,Branren Nevices,KR,card
P001386,2026-05-01T04:29:00,C0319,in,3209.94,Sevriel Nevicar,KR,card
P000078,2026-05-01T04:37:00,C0072,out,17263.73,Vedan Jorelov,FR,cash
P006140,2026-05-01T04:38:00,C0293,in,530.66,Morriel Nevicar,AU,card
P000086,2026-05-01T05:25:00,C0071,in,544.55,Ralvic Jorelenko,SG,card
P007574,2026-05-01T05:29:00,C0088,in,647.04,Umivic Nevicenko,GB,wire
P004181,2026-05-01T05:33:00,C0360,in,1021.20,Osttas Farelitz,DE,wire
P011429,2026-05-01T05:44:00,C0204,out,1510.51,Henmir Davreov,XC,wire
P003500,2026-05-01T05:49:00,C0160,in,15825.59,Veren Lundraar,SG,wire
P005675,2026-05-01T06:15:00,C0366,out,2419.23,Branriel Cernaov,GB,wire
P002518,2026-05-01T07:01:00,C0026,out,1365.50,Fello Hanreul,US,wire
P004278,2026-05-01T07:01:00,C0334,in,1652.12,Kariel Ivaskenko,FR,wire
P010369,2026-05-01T07:18:00,C0381,out,8179.61,Hendan Gostynov,FR,cash
P007349,2026-05-01T07:42:00,C0291,out,308.22,Velo Joreles,AU,wire
P004544,2026-05-01T07:46:00,C0275,in,15306.82,Ilymir Nevicov,DE,wire
P002448,2026-05-01T07:56:00,C0280,out,1153.09,Ilyren Krevoyan,GB,wire
P006409,2026-05-01T08:00:00,C0033,out,6510.05,Umimir Pravinov,FR,wire
P006252,2026-05-01T08:01:00,C0025,out,7614.39,Ostlo Aldrees,MY,wire
P000967,2026-05-01T08:09:00,C0080,in,638.80,Zartas Pravinenko,MY,wire
P003766,2026-05-01T08:16:00,C0113,out,4396.41,Grevlo Boskoitz,GB,card
P009687,2026-05-01T08:17:00,C0009,in,908.05,Kalo Davreski,US,wire
P001845,2026-05-01T08:30:00,C0131,out,2075.14,Dortas Krevoul,FR,wire
P002140,2026-05-01T08:34:00,C0079,in,15133.47,Branren Farelski,GB,card
P002150,2026-05-01T08:46:00,C0191,out,817.35,Venek Boskoyan,MY,wire
P008980,2026-05-01T08:54:00,C0321,out,1670.16,Zardan Boskoar,FR,wire
P000013,2026-05-01T08:58:00,C0319,in,1848.60,Sevnek Nevicul,AU,wire
P005266,2026-05-01T08:59:00,C0029,in,2850.83,Zarriel Marositz,DE,wire
P010175,2026-05-01T09:14:00,C0200,out,4708.12,Talren Krevoyan,AU,card
P007011,2026-05-01T09:16:00,C0047,out,856.80,Morlo Davreov,VN,wire
P001490,2026-05-01T09:20:00,C0007,in,457.46,Ostlo Marosienko,US,wire
P004483,2026-05-01T09:36:00,C0199,out,658.15,Henvic Nevicitz,FR,wire
P009007,2026-05-01T09:46:00,C0299,in,4667.62,Felriel Lundraski,MY,wire
P010389,2026-05-01T09:51:00,C0380,out,740.23,Nistas Krevoar,MY,card
P005117,2026-05-01T10:16:00,C0201,out,710.03,Vevic Lundraitz,AU,wire
P008777,2026-05-01T10:24:00,C0162,out,3181.48,Ilydan Cernaes,DE,wire
P001537,2026-05-01T10:30:00,C0131,out,627.06,Katas Farelul,AU,wire
P010972,2026-05-01T10:49:00,C0030,in,289.61,Vedan Nevicyan,KR,wire
P010140,2026-05-01T11:00:00,C0026,in,4069.52,Ostvic Marosar,MY,card
P006327,2026-05-01T11:28:00,C0220,out,3833.01,Osttas Boskoyan,KR,wire
P000586,2026-05-01T11:29:00,C0334,out,1208.36,Ilymir Marosar,SG,cash
P004883,2026-05-01T11:46:00,C0051,in,160.86,Henmir Marosenko,SG,wire
P004426,2026-05-01T11:58:00,C0028,out,4241.03,Karen Aldreul,SG,card
P005181,2026-05-01T12:06:00,C0023,in,558.34,Nislo Davresenko,SG,wire
P011206,2026-05-01T12:07:00,C0275,out,822.70,Dortas Lundraul,MY,wire
P008284,2026-05-01T12:13:00,C0061,in,279.04,Ilymir Orzeksenko,XA,card
P005659,2026-05-01T12:24:00,C0152,out,1510.01,Mornek Ivaskyan,DE,card
P004976,2026-05-01T12:29:00,C0360,out,356.49,Vevic Boskoyan,JP,wire
P002722,2026-05-01T12:44:00,C0055,out,1869.72,Dornek Boskoski,AU,cash
P000098,2026-05-01T13:06:00,C0055,in,491.40,Zarriel Gostynar,AU,wire
P001946,2026-05-01T13:21:00,C0283,out,1392.18,Feltas Aldrear,KR,cash
P009403,2026-05-01T13:33:00,C0274,out,319.30,Venek Hanrear,KR,wire
P005881,2026-05-01T13:38:00,C0055,out,1307.94,Osttas Boskoyan,FR,cash
P000089,2026-05-01T13:44:00,C0205,out,838.03,Zarlo Davreenko,VN,wire
P004247,2026-05-01T13:57:00,C0256,out,672.09,Taltas Pravinul,VN,wire
P000370,2026-05-01T14:58:00,C0111,in,9387.84,Raldan Aldrear,SG,wire
P007654,2026-05-01T15:58:00,C0302,in,237.26,Ilynek Orzekitz,AU,wire
P008003,2026-05-01T16:25:00,C0073,in,8362.14,Morren Farelul,SG,card
P006485,2026-05-01T16:31:00,C0057,in,3626.34,Hendan Boskoul,KR,card
P008308,2026-05-01T16:34:00,C0135,in,1525.44,Kanek Krevoski,SG,wire
P010203,2026-05-01T16:40:00,C0222,out,3919.84,Mornek Jorelitz,MY,wire
P009560,2026-05-01T16:46:00,C0011,out,258.04,Nisvic Enkoitz,US,card
P001643,2026-05-01T17:02:00,C0197,in,2038.25,Morvic Aldrear,FR,cash
P004475,2026-05-01T17:02:00,C0001,in,1409.20,Nismir Krevoar,VN,wire
P002016,2026-05-01T17:14:00,C0239,out,494.00,Branlo Marosyan,VN,wire
P001799,2026-05-01T17:20:00,C0250,out,432.14,Nisdan Cernaenko,KR,wire
P004386,2026-05-01T17:35:00,C0002,in,3302.41,Ilymir Orzeksenko,DE,wire
P001213,2026-05-01T17:43:00,C0031,in,962.48,Fello Boskoitz,US,card
P004889,2026-05-01T17:45:00,C0057,in,1694.85,Grevdan Marosar,DE,wire
P004644,2026-05-01T18:01:00,C0002,in,2418.38,Sevmir Orzekitz,AU,wire
P001675,2026-05-01T18:07:00,C0363,in,3234.40,Nislo Davresenko,SG,wire
P011869,2026-05-01T18:20:00,C0198,in,1053.87,Uminek Cernaski,US,wire
P003403,2026-05-01T18:22:00,C0059,out,809.04,Katas Ivaskov,JP,wire
P003337,2026-05-01T18:40:00,C0097,out,253.36,Dortas Boskoov,VN,wire
P008901,2026-05-01T18:46:00,C0236,in,169.98,Morren Lundraul,DE,wire
P011929,2026-05-01T18:51:00,C0026,out,1442.47,Vevic Boskoyan,KR,card
P008132,2026-05-01T18:57:00,C0173,out,4357.61,Branren Nevicyan,GB,card
P009054,2026-05-01T19:02:00,C0381,in,7860.61,Velo Pravinenko,SG,wire
P000625,2026-05-01T19:04:00,C0138,out,436.88,Henlo Joreles,KR,card
P003279,2026-05-01T19:22:00,C0141,out,1759.34,Zarriel Marositz,US,cash
P009835,2026-05-01T19:22:00,C0131,in,3136.47,Branvic Krevoski,KR,wire
P011655,2026-05-01T19:22:00,C0379,in,240.41,Feldan Hanreov,VN,wire
P010668,2026-05-01T19:24:00,C0245,in,552.33,Grevren Enkoenko,JP,cash
P007469,2026-05-01T19:30:00,C0061,out,145.30,Kadan Boskoul,MY,wire
P008046,2026-05-01T19:43:00,C0383,in,1510.12,Zarvic Lundraar,VN,wire
P002115,2026-05-01T19:51:00,C0121,out,949.20,Ostriel Aldreov,AU,wire
P002639,2026-05-01T19:51:00,C0308,out,11002.55,Raltas Farelitz,US,cash
P000525,2026-05-01T20:08:00,C0263,in,2813.24,Umidan Pravinenko,GB,wire
P000737,2026-05-01T20:12:00,C0227,in,1883.23,Nisdan Cernaenko,GB,wire
P007022,2026-05-01T20:12:00,C0254,in,278.48,Mortas Aldrear,US,wire
P011289,2026-05-01T20:26:00,C0061,out,5262.12,Mornek Cernayan,MY,cash
P006698,2026-05-01T20:27:00,C0147,out,1883.28,Morren Farelul,US,wire
P006994,2026-05-01T20:28:00,C0241,out,1475.34,Sevren Jorelyan,US,wire
P000929,2026-05-01T20:41:00,C0147,in,318.54,Henmir Hanreyan,SG,wire
P002363,2026-05-01T21:13:00,C0307,in,1572.23,Veren Cernaar,SG,card
P011826,2026-05-01T21:37:00,C0081,in,72.69,Grevtas Pravinul,SG,card
P001772,2026-05-01T21:52:00,C0322,out,3298.85,Taldan Pravines,US,wire
P009104,2026-05-01T22:05:00,C0287,out,505.15,Hentas Boskoul,XC,cash
P002559,2026-05-01T22:23:00,C0015,out,2119.78,Vemir Boskoul,AU,cash
P009494,2026-05-01T22:33:00,C0187,in,3621.44,Karen Aldreul,US,wire
P011601,2026-05-01T22:38:00,C0109,in,4245.67,Grevmir Boskoenko,US,wire
P000541,2026-05-01T22:56:00,C0039,in,80.99,Mormir Aldrear,JP,wire
P002270,2026-05-01T23:02:00,C0170,out,3072.76,Felren Ivaskov,GB,wire
P008924,2026-05-01T23:25:00,C0395,in,1653.74,Uminek Aldreul,JP,wire
P008943,2026-05-01T23:31:00,C0310,in,4010.02,Nismir Ivaskenko,FR,wire
P005313,2026-05-01T23:39:00,C0384,in,3666.65,Vedan Nevicyan,SG,wire
P000438,2026-05-01T23:44:00,C0024,out,808.94,Feltas Orzekski,US,wire
P009735,2026-05-01T23:45:00,C0385,in,3147.06,Ralvic Jorelitz,GB,card
P007532,2026-05-02T00:00:00,C0055,in,671.48,Kavic Hanreenko,SG,card
P011131,2026-05-02T00:30:00,C0242,out,1550.04,Katas Boskoar,KR,wire
P004206,2026-05-02T00:34:00,C0017,in,3113.98,Ostriel Orzekenko,KR,wire
P006583,2026-05-02T00:34:00,C0210,out,145.31,Morren Cernayan,KR,card
P007959,2026-05-02T00:40:00,C0043,out,1318.12,Kavic Gostynyan,US,wire
P003220,2026-05-02T00:43:00,C0194,in,2757.67,Umiriel Boskoes,AU,wire
P001501,2026-05-02T00:50:00,C0390,out,1126.69,Ilydan Nevicenko,MY,wire
P001291,2026-05-02T00:59:00,C0150,in,571.05,Talren Enkoar,DE,wire
P003774,2026-05-02T01:05:00,C0128,out,171.27,Branriel Marosenko,KR,wire
P003183,2026-05-02T01:08:00,C0328,out,3621.33,Vedan Davreul,JP,wire
P008333,2026-05-02T01:18:00,C0203,out,577.30,Grevlo Krevoar,JP,wire
P002173,2026-05-02T01:30:00,C0183,out,1913.63,Veren Ivaskov,FR,card
P010196,2026-05-02T01:31:00,C0167,in,152.16,Ilydan Gostynski,FR,wire
P001596,2026-05-02T01:33:00,C0093,in,1403.62,Feldan Lundraes,AU,wire
P010030,2026-05-02T01:36:00,C0214,in,6850.74,Nisriel Cernaski,SG,wire
P000182,2026-05-02T01:42:00,C0351,in,5465.61,Ilytas Hanreski,VN,cash
P003843,2026-05-02T01:48:00,C0145,in,113.36,Mortas Aldrear,KR,cash
P003875,2026-05-02T01:59:00,C0332,out,821.48,Ilytas Aldrear,GB,wire
P005569,2026-05-02T02:08:00,C0088,out,2076.06,Zarlo Gostynyan,AU,card
P006654,2026-05-02T02:08:00,C0088,in,732.14,Vedan Davreul,US,cash
P010405,2026-05-02T02:08:00,C0264,out,546.26,Zarvic Enkoitz,KR,wire
P006413,2026-05-02T02:12:00,C0013,in,294.81,Ilytas Davreenko,FR,wire
P002179,2026-05-02T02:16:00,C0378,out,1269.13,Umilo Cernaski,AU,wire
P003375,2026-05-02T02:18:00,C0327,in,806.21,Vevic Hanreul,US,card
P003391,2026-05-02T02:28:00,C0159,in,519.29,Henren Boskoes,FR,wire
P004224,2026-05-02T02:56:00,C0021,in,2234.16,Veren Maroses,MY,wire
P007048,2026-05-02T03:01:00,C0119,out,779.40,Ostnek Boskoyan,US,card
P008109,2026-05-02T03:09:00,C0279,out,6328.75,Branvic Boskoitz,JP,wire
P001029,2026-05-02T03:10:00,C0280,in,1058.82,Zarnek Hanrear,AU,card
P011312,2026-05-02T03:32:00,C0081,out,1254.47,Ostlo Krevoes,KR,card
P005082,2026-05-02T03:37:00,C0245,out,821.44,Ralmir Orzekul,FR,card
P006377,2026-05-02T04:13:00,C0146,in,741.19,Ostlo Aldrees,XC,card
P006443,2026-05-02T04:33:00,C0285,out,2381.49,Morriel Ivaskenko,FR,wire
P000146,2026-05-02T05:06:00,C0192,out,523.23,Henmir Hanreyan,AU,wire
P010178,2026-05-02T05:08:00,C0108,out,3126.42,Ostlo Marosienko,VN,wire
P006709,2026-05-02T05:10:00,C0349,in,362.55,Morvic Gostynenko,KR,wire
P002439,2026-05-02T05:24:00,C0040,out,29189.21,Kadan Marosul,KR,wire
P007779,2026-05-02T05:26:00,C0109,in,215.45,Zartas Farelyan,XA,cash
P002275,2026-05-02T05:31:00,C0345,in,257.98,Henmir Marosenko,JP,cash
P011984,2026-05-02T05:32:00,C0175,in,2997.23,Nismir Aldrear,MY,wire
P004449,2026-05-02T05:36:00,C0119,out,1254.42,Nislo Nevicov,FR,wire
P001503,2026-05-02T05:49:00,C0362,in,621.25,Felriel Hanreov,FR,wire
P011764,2026-05-02T05:50:00,C0290,out,1696.63,Veren Gostynar,AU,wire
P002677,2026-05-02T05:53:00,C0021,out,892.32,Mortas Davreenko,KR,card
P001208,2026-05-02T06:07:00,C0183,in,202.87,Felnek Enkoitz,GB,wire
P008359,2026-05-02T06:29:00,C0382,out,1347.39,Umilo Enkoski,AU,cash
P010253,2026-05-02T06:35:00,C0093,in,354.92,Grevvic Joreles,FR,wire
P005368,2026-05-02T07:00:00,C0351,out,4729.81,Ostriel Jorelul,GB,cash
P001791,2026-05-02T07:13:00,C0170,in,2075.66,Fello Cernaitz,SG,card
P006052,2026-05-02T07:57:00,C0173,out,658.76,Ostvic Marosar,JP,card
P006526,2026-05-02T08:07:00,C0074,out,529.95,Ilylo Cernaar,FR,cash
P004381,2026-05-02T08:26:00,C0364,in,86.23,Nisriel Gostynar,AU,card
P001977,2026-05-02T08:28:00,C0200,in,3342.10,Felren Orzekul,MY,card
P003527,2026-05-02T08:33:00,C0284,out,2117.42,Branren Gostynyan,DE,wire
P004608,2026-05-02T08:42:00,C0311,out,8638.67,Kavic Hanreenko,KR,wire
P003913,2026-05-02T08:45:00,C0082,in,1010.23,Velo Ivaskar,KR,card
P006731,2026-05-02T09:03:00,C0071,out,663.50,Ilydan Aldrear,JP,wire
P007385,2026-05-02T09:11:00,C0397,in,8887.68,Nisriel Cernayan,FR,card
P008256,2026-05-02T09:26:00,C0358,out,813.20,Sevlo Maroses,JP,card
P011742,2026-05-02T09:39:00,C0053,in,800.13,Talmir Davreitz,GB,wire
P001128,2026-05-02T09:54:00,C0198,out,1791.90,Nismir Hanreov,XA,wire
P001477,2026-05-02T09:57:00,C0315,out,4073.26,Kalo Pravinski,US,wire
P009579,2026-05-02T10:30:00,C0264,in,458.68,Henren Lundraul,FR,wire
P003057,2026-05-02T10:36:00,C0341,out,508.76,Mormir Hanreov,SG,wire
P003595,2026-05-02T10:44:00,C0277,in,13701.32,Ilyvic Davreenko,FR,wire
P012042,2026-05-02T11:00:00,C0205,in,9247.83,Umivic Orzekul,US,cash
P010748,2026-05-02T11:05:00,C0237,in,331.08,Feldan Lundraes,VN,cash
P003923,2026-05-02T11:24:00,C0307,in,1057.38,Katas Orzekov,XC,wire
P004964,2026-05-02T11:25:00,C0128,out,2567.17,Dordan Cernaes,US,cash
P000174,2026-05-02T12:58:00,C0249,in,8037.09,Branlo Ivaskenko,SG,wire
P004922,2026-05-02T13:02:00,C0195,in,2487.51,Morriel Marositz,DE,wire
P002829,2026-05-02T13:06:00,C0338,out,1402.41,Sevlo Aldreenko,US,wire
P005515,2026-05-02T13:13:00,C0333,in,1444.46,Feldan Cernaitz,MY,wire
P003306,2026-05-02T13:23:00,C0010,out,1670.22,Raltas Nevicitz,GB,cash
P005332,2026-05-02T13:34:00,C0203,in,5325.31,Branvic Lundraar,MY,cash
P000436,2026-05-02T13:37:00,C0275,in,646.19,Talren Krevoenko,FR,wire
P005703,2026-05-02T13:38:00,C0351,out,2018.82,Ilytas Aldrear,GB,card
P004164,2026-05-02T13:41:00,C0240,out,8841.14,Grevmir Farelar,MY,wire
P000073,2026-05-02T13:55:00,C0233,out,674.01,Umimir Lundrayan,GB,wire
P008431,2026-05-02T14:06:00,C0366,out,534.44,Branlo Boskoes,KR,card
P010916,2026-05-02T14:10:00,C0043,out,1572.89,Vedan Cernaski,AU,cash
P011862,2026-05-02T14:11:00,C0261,out,1321.49,Nismir Hanreov,US,card
P009913,2026-05-02T14:22:00,C0067,out,3525.86,Grevtas Jorelitz,US,wire
P001035,2026-05-02T14:43:00,C0397,in,885.97,Rallo Enkoar,KR,wire
P005775,2026-05-02T14:50:00,C0096,out,3231.69,Zarnek Ivaskov,JP,wire
P001398,2026-05-02T14:59:00,C0307,out,1586.42,Morriel Aldreyan,SG,wire
P009799,2026-05-02T15:27:00,C0035,in,603.29,Grevvic Marosov,AU,wire
P007492,2026-05-02T15:49:00,C0363,in,12766.98,Morvic Hanreitz,MY,wire
P011421,2026-05-02T15:49:00,C0064,in,166.45,Mormir Hanreov,MY,card
P011281,2026-05-02T15:56:00,C0357,out,5100.03,Ostmir Jorelov,KR,wire
P004516,2026-05-02T16:02:00,C0371,in,543.42,Grevdan Enkoes,MY,wire
P004447,2026-05-02T16:26:00,C0111,in,1687.11,Raldan Marosyan,DE,wire
P008309,2026-05-02T16:28:00,C0296,out,908.23,Sevdan Ivaskitz,JP,wire
P006619,2026-05-02T16:35:00,C0030,out,666.51,Hennek Lundraov,GB,wire
P003655,2026-05-02T16:38:00,C0138,out,459.38,Zarriel Marositz,KR,wire
P004429,2026-05-02T16:44:00,C0381,out,19343.01,Branlo Cernaenko,SG,wire
P000885,2026-05-02T16:46:00,C0314,out,5168.25,Branvic Pravinyan,MY,wire
P008605,2026-05-02T16:53:00,C0252,in,831.56,Tallo Ivaskitz,DE,card
P002243,2026-05-02T16:54:00,C0308,out,681.43,Sevdan Gostynski,JP,wire
P012025,2026-05-02T17:00:00,C0303,in,9110.41,Zarlo Krevoar,US,cash
P012030,2026-05-02T17:00:00,C0303,in,9822.94,Branmir Lundraenko,US,cash
P010141,2026-05-02T17:06:00,C0284,in,655.65,Grevriel Aldreitz,VN,cash
P006498,2026-05-02T17:15:00,C0342,out,999.64,Henlo Lundraes,KR,card
P009627,2026-05-02T17:19:00,C0020,in,573.44,Branlo Ivaskenko,DE,wire
P006765,2026-05-02T17:24:00,C0317,out,4774.23,Ralmir Cernaski,GB,wire
P010712,2026-05-02T17:36:00,C0026,in,1841.97,Mordan Cernaul,US,card
P011533,2026-05-02T17:47:00,C0038,out,3587.28,Sevdan Ivaskitz,MY,wire
P007917,2026-05-02T17:53:00,C0065,in,833.31,Zarriel Ivaskitz,JP,card
P007215,2026-05-02T18:01:00,C0176,out,349.19,Umimir Pravinyan,US,cash
P002874,2026-05-02T18:03:00,C0092,in,749.39,Felren Ivaskes,MY,wire
P009996,2026-05-02T18:38:00,C0390,in,431.21,Velo Joreles,JP,wire
P005186,2026-05-02T18:53:00,C0189,out,1971.32,Dortas Jorelyan,JP,card
P011923,2026-05-02T18:59:00,C0023,in,762.39,Rallo Gostynitz,KR,wire
P005725,2026-05-02T19:05:00,C0330,out,228.64,Henvic Fareles,GB,wire
P009487,2026-05-02T19:14:00,C0129,out,1889.46,Sevmir Orzekitz,DE,wire
P011192,2026-05-02T19:17:00,C0309,out,539.72,Zarlo Hanreov,FR,wire
P011873,2026-05-02T19:42:00,C0373,in,564.74,Uminek Lundraitz,SG,wire
P008954,2026-05-02T19:43:00,C0142,out,1039.10,Nistas Orzekski,AU,wire
P000184,2026-05-02T19:54:00,C0304,out,883.66,Sevlo Krevoes,GB,card
P001438,2026-05-02T20:21:00,C0042,out,1660.86,Umilo Boskoenko,AU,wire
P002934,2026-05-02T20:23:00,C0390,out,469.98,Zarlo Jorelar,SG,wire
P002613,2026-05-02T20:28:00,C0040,out,2794.44,Feldan Boskoov,GB,wire
P005404,2026-05-02T20:34:00,C0003,out,242.60,Zarnek Hanreyan,US,wire
P000462,2026-05-02T21:03:00,C0314,in,164.15,Dorlo Boskoitz,FR,wire
P010909,2026-05-02T21:11:00,C0258,in,494.41,Sevlo Orzekenko,FR,wire
P001060,2026-05-02T21:13:00,C0295,out,791.34,Kamir Davreitz,FR,cash
P003603,2026-05-02T21:42:00,C0212,in,89.34,Zarnek Cernasenko,DE,wire
P001276,2026-05-02T21:44:00,C0086,in,1550.62,Ilyren Davreitz,FR,card
P007777,2026-05-02T21:56:00,C0367,out,2303.10,Talnek Marosyan,AU,wire
P007904,2026-05-02T21:56:00,C0104,in,529.81,Hentas Nevicenko,JP,cash
P010591,2026-05-02T22:06:00,C0278,in,4093.75,Ostmir Hanrees,KR,wire
P003192,2026-05-02T22:08:00,C0129,in,636.50,Sevriel Nevicar,JP,wire
P008305,2026-05-02T22:10:00,C0295,out,4906.48,Kadan Boskoul,GB,wire
P009866,2026-05-02T22:23:00,C0270,out,1601.73,Branmir Hanrees,FR,cash
P006608,2026-05-02T22:29:00,C0341,in,787.52,Veriel Krevoitz,XA,wire
P007612,2026-05-02T22:33:00,C0027,out,556.09,Sevvic Ivaskes,KR,wire
P000519,2026-05-02T22:37:00,C0085,out,1758.70,Grevlo Krevoar,MY,wire
P002558,2026-05-02T22:45:00,C0075,out,1331.70,Branvic Pravinyan,MY,card
P006362,2026-05-02T22:58:00,C0158,in,532.75,Nisren Gostynes,JP,wire
P005949,2026-05-02T23:08:00,C0175,in,205.77,Henlo Lundraes,DE,wire
P009922,2026-05-02T23:16:00,C0103,in,7144.10,Henmir Enkoski,AU,wire
P006960,2026-05-02T23:30:00,C0284,out,13203.38,Umilo Aldreul,SG,wire
P008814,2026-05-02T23:33:00,C0227,out,1697.12,Zarmir Orzekar,JP,wire
P007155,2026-05-02T23:52:00,C0232,in,225.64,Raltas Farelitz,GB,cash
P011733,2026-05-02T23:56:00,C0103,in,14961.59,Grevdan Marosar,MY,wire
P010657,2026-05-02T23:58:00,C0208,out,1962.50,Kanek Davreski,XB,wire
P005680,2026-05-03T00:08:00,C0231,in,844.05,Grevren Enkoitz,FR,wire
P001995,2026-05-03T00:10:00,C0269,in,489.72,Sevnek Orzekitz,JP,wire
P005005,2026-05-03T00:14:00,C0187,in,214.00,Veren Marosar,VN,wire
P006564,2026-05-03T00:22:00,C0338,out,496.25,Ostmir Hanrees,DE,wire
P010393,2026-05-03T01:03:00,C0372,out,27499.40,Nisdan Davrees,JP,cash
P001289,2026-05-03T01:40:00,C0235,in,1696.12,Sevnek Ivaskar,US,wire
P007714,2026-05-03T01:42:00,C0301,out,420.24,Veren Ivaskov,JP,card
P009183,2026-05-03T02:10:00,C0355,out,2194.63,Umilo Orzekar,GB,wire
P003722,2026-05-03T02:23:00,C0106,in,2114.06,Zarren Pravinitz,MY,wire
P011205,2026-05-03T02:23:00,C0115,out,2552.80,Henlo Ivaskski,MY,wire
P003005,2026-05-03T02:28:00,C0158,out,3047.38,Ostmir Gostynenko,AU,card
P004963,2026-05-03T03:38:00,C0222,in,1816.18,Nisren Orzekov,FR,wire
P003252,2026-05-03T03:51:00,C0303,out,1129.60,Zarren Ivaskul,JP,card
P003523,2026-05-03T04:16:00,C0277,in,1387.26,Nistas Pravinenko,SG,wire
P010159,2026-05-03T04:20:00,C0077,in,3906.17,Morlo Cernaitz,AU,wire
P010795,2026-05-03T04:44:00,C0380,in,243.62,Grevvic Gostynenko,SG,wire
P003788,2026-05-03T04:53:00,C0343,in,3487.44,Kamir Enkoyan,GB,card
P000876,2026-05-03T05:03:00,C0393,in,334.96,Grevnek Hanreenko,SG,card
P002991,2026-05-03T05:15:00,C0153,out,619.60,Zartas Pravinenko,MY,wire
P005118,2026-05-03T05:36:00,C0111,out,645.15,Vedan Marosar,DE,card
P003596,2026-05-03T05:44:00,C0147,in,2279.30,Veren Cernaar,XC,card
P005373,2026-05-03T06:11:00,C0124,out,222.78,Dorlo Gostynar,US,wire
P002963,2026-05-03T06:13:00,C0318,in,8139.09,Ralriel Farelski,GB,wire
P010719,2026-05-03T06:18:00,C0224,in,823.40,Sevdan Hanreyan,JP,wire
P011232,2026-05-03T06:33:00,C0337,out,2016.37,Morriel Krevoski,AU,wire
P005738,2026-05-03T06:53:00,C0236,out,241.95,Ostlo Boskoul,GB,wire
P007241,2026-05-03T06:56:00,C0049,out,903.35,Grevmir Cernayan,SG,card
P011819,2026-05-03T07:21:00,C0377,out,2446.57,Ostvic Marosar,MY,card
P003457,2026-05-03T07:34:00,C0202,in,309.32,Vevic Boskoyan,FR,wire
P005343,2026-05-03T07:34:00,C0082,out,380.82,Ilytas Hanreski,XB,wire
P010548,2026-05-03T08:18:00,C0320,in,11906.45,Sevmir Farelov,AU,wire
P007887,2026-05-03T08:30:00,C0212,out,4013.24,Nisren Marositz,GB,wire
P006997,2026-05-03T08:36:00,C0349,out,268.95,Zarvic Enkoar,US,wire
P006708,2026-05-03T09:03:00,C0278,out,6344.95,Taltas Hanreov,AU,wire
P008310,2026-05-03T09:27:00,C0358,in,2205.47,Felren Ivaskov,GB,wire
P008513,2026-05-03T09:30:00,C0179,out,2408.75,Umiren Hanreul,SG,wire
P011635,2026-05-03T09:31:00,C0180,in,4383.62,Sevlo Orzekenko,VN,wire
P009298,2026-05-03T10:20:00,C0092,in,1040.93,Talvic Boskoov,US,wire
P006928,2026-05-03T10:33:00,C0389,in,858.33,Talvic Lundraov,DE,card
P003361,2026-05-03T10:42:00,C0205,in,1758.87,Ostmir Jorelov,VN,card
P001543,2026-05-03T10:48:00,C0051,out,1016.82,Talren Krevoyan,VN,wire
P012026,2026-05-03T11:00:00,C0303,in,9584.14,Sevdan Pravines,US,cash
P009824,2026-05-03T11:09:00,C0289,in,258.11,Henriel Orzekenko,VN,card
P002325,2026-05-03T11:20:00,C0393,out,495.94,Felvic Ivaskitz,JP,wire
P010428,2026-05-03T12:36:00,C0230,out,420.25,Zardan Farelitz,MY,wire
P000660,2026-05-03T12:39:00,C0088,out,3003.24,Grevmir Cernaov,SG,wire
P000878,2026-05-03T12:39:00,C0340,in,2527.67,Grevvic Davreski,AU,wire
P006225,2026-05-03T13:10:00,C0273,in,944.71,Zarriel Gostynar,VN,wire
P008995,2026-05-03T13:10:00,C0383,in,3963.30,Nistas Krevoar,JP,cash
P003015,2026-05-03T13:30:00,C0050,out,3232.45,Rallo Lundraul,US,wire
P006633,2026-05-03T13:42:00,C0074,in,682.39,Ostriel Davreski,AU,wire
P009264,2026-05-03T13:49:00,C0275,out,673.56,Talriel Cernaov,MY,wire
P007068,2026-05-03T14:39:00,C0146,out,2257.21,Grevlo Ivaskes,KR,card
P003023,2026-05-03T14:59:00,C0223,out,608.83,Henren Krevoitz,MY,wire
P003644,2026-05-03T15:00:00,C0382,in,203.52,Umiriel Cernaski,FR,wire
P010742,2026-05-03T15:00:00,C0229,out,2508.35,Ilytas Davreov,VN,cash
P010217,2026-05-03T15:08:00,C0004,in,3540.69,Veren Davreul,SG,cash
P000225,2026-05-03T15:11:00,C0150,out,1208.67,Ostriel Hanreitz,US,wire
P005241,2026-05-03T15:13:00,C0281,in,617.15,Rallo Gostynitz,FR,wire
P008401,2026-05-03T15:25:00,C0350,out,83.16,Dorlo Enkoski,VN,wire
P002453,2026-05-03T15:59:00,C0328,in,3057.18,Grevdan Krevoski,KR,wire
P009918,2026-05-03T16:05:00,C0006,in,878.85,Vetas Boskoyenko,SG,wire
P010846,2026-05-03T16:12:00,C0006,out,874.88,Ostren Farelski,KR,wire
P004589,2026-05-03T16:16:00,C0149,out,1998.31,Brannek Boskoov,US,wire
P005964,2026-05-03T16:26:00,C0224,in,1856.55,Dormir Lundraes,VN,card
P004950,2026-05-03T16:49:00,C0082,in,1707.62,Nislo Jorelyan,XB,wire
P003624,2026-05-03T16:57:00,C0398,out,146.68,Velo Pravinenko,SG,wire
P005144,2026-05-03T16:57:00,C0317,in,5374.60,Ilylo Gostynski,US,card
P008860,2026-05-03T17:05:00,C0266,out,1208.31,Dorlo Boskoski,DE,wire
P001253,2026-05-03T17:06:00,C0019,in,371.77,Mordan Enkoyan,MY,card
P006018,2026-05-03T17:08:00,C0262,in,4066.62,Nisnek Boskoitz,JP,wire
P001843,2026-05-03T17:18:00,C0114,in,1269.91,Mormir Hanreov,DE,card
P006918,2026-05-03T17:46:00,C0087,out,1630.32,Ostmir Gostynenko,JP,card
P003613,2026-05-03T17:47:00,C0358,out,672.88,Zarvic Davreul,XC,wire
P000953,2026-05-03T17:53:00,C0191,out,3797.90,Vedan Jorelov,AU,wire
P003397,2026-05-03T18:04:00,C0169,in,183.29,Ilynek Cernaar,US,cash
P007306,2026-05-03T18:16:00,C0047,out,604.32,Dormir Farelski,VN,wire
P005978,2026-05-03T18:20:00,C0037,in,482.43,Nistas Krevoar,KR,cash
P005657,2026-05-03T18:33:00,C0053,out,539.90,Osttas Enkoul,JP,card
P007759,2026-05-03T18:39:00,C0346,out,931.05,Mornek Davreenko,FR,wire
P005430,2026-05-03T18:51:00,C0374,out,465.61,Zartas Farelyan,VN,wire
P003845,2026-05-03T19:07:00,C0152,out,820.47,Zarren Pravinitz,GB,wire
P007888,2026-05-03T19:22:00,C0312,in,1040.41,Zarren Fareles,VN,wire
P009168,2026-05-03T19:23:00,C0068,out,717.72,Zarnek Cernasenko,AU,wire
P009327,2026-05-03T19:24:00,C0275,in,1372.82,Feldan Hanreov,DE,wire
P007266,2026-05-03T19:25:00,C0022,out,842.29,Taltas Hanreov,SG,wire
P011100,2026-05-03T19:28:00,C0157,out,3316.96,Hendan Boskoul,SG,wire
P000044,2026-05-03T19:37:00,C0252,in,1285.13,Henmir Krevoes,US,wire
P000862,2026-05-03T19:40:00,C0023,out,1636.98,Fello Cernaitz,US,wire
P011694,2026-05-03T19:43:00,C0346,in,1681.87,Grevtas Pravinul,AU,cash
P011955,2026-05-03T19:43:00,C0093,out,4847.10,Grevren Lundrayan,GB,wire
P002812,2026-05-03T19:47:00,C0020,out,2653.78,Brantas Boskoar,DE,card
P007562,2026-05-03T19:54:00,C0035,in,1942.82,Ralvic Pravinyan,VN,cash
P005602,2026-05-03T19:58:00,C0302,out,267.62,Veriel Krevoitz,SG,wire
P004393,2026-05-03T19:59:00,C0363,out,1229.48,Uminek Hanrees,KR,card
P011431,2026-05-03T20:00:00,C0271,out,849.90,Grevriel Krevoenko,KR,card
P000009,2026-05-03T20:06:00,C0204,out,13261.87,Tallo Jorelar,DE,wire
P000470,2026-05-03T20:11:00,C0006,out,552.01,Ostren Farelenko,GB,wire
P004689,2026-05-03T20:23:00,C0211,in,1289.37,Sevtas Enkoar,SG,wire
P004970,2026-05-03T20:39:00,C0133,out,164.76,Kadan Marositz,DE,wire
P004663,2026-05-03T20:40:00,C0015,out,8697.79,Umivic Boskoenko,JP,wire
P009823,2026-05-03T20:43:00,C0195,out,2555.59,Zarriel Farelyan,AU,cash
P008721,2026-05-03T21:05:00,C0102,out,1062.57,Grevren Hanreov,MY,wire
P000568,2026-05-03T22:21:00,C0070,in,869.87,Felriel Lundraski,MY,cash
P004505,2026-05-03T22:24:00,C0086,in,516.75,Kariel Ivaskenko,US,wire
P009959,2026-05-03T22:36:00,C0107,out,1877.56,Morvic Farelyan,MY,card
P011360,2026-05-03T22:43:00,C0067,out,1393.55,Kariel Enkoov,KR,wire
P010444,2026-05-03T22:57:00,C0141,in,1187.22,Mormir Boskoes,SG,wire
P010327,2026-05-03T22:58:00,C0080,in,914.14,Umitas Davreski,VN,card
P002726,2026-05-03T23:11:00,C0218,out,1847.77,Dorren Ivaskyan,XB,wire
P006821,2026-05-03T23:19:00,C0175,in,14808.19,Branriel Cernaov,JP,wire
P003953,2026-05-03T23:23:00,C0016,out,1371.58,Branmir Ivaskul,JP,card
P010075,2026-05-03T23:33:00,C0358,in,663.61,Mortas Orzekyan,VN,wire
P005751,2026-05-03T23:54:00,C0009,out,960.81,Tallo Jorelov,US,card
P002311,2026-05-04T00:16:00,C0144,in,612.24,Nisren Davrear,VN,wire
P002442,2026-05-04T00:18:00,C0233,out,2392.45,Zarriel Farelenko,KR,wire
P008367,2026-05-04T00:25:00,C0173,in,379.59,Nisriel Pravinar,MY,card
P000314,2026-05-04T00:50:00,C0135,in,216.96,Branvic Cernaski,FR,wire
P011809,2026-05-04T01:10:00,C0086,in,4477.29,Taltas Jorelar,JP,cash
P009620,2026-05-04T01:17:00,C0302,in,1131.55,Grevlo Orzekitz,DE,card
P001258,2026-05-04T01:19:00,C0371,in,318.52,Sevlo Aldrees,XA,wire
P006672,2026-05-04T01:58:00,C0012,out,337.13,Katas Krevoar,MY,cash
P002461,2026-05-04T02:11:00,C0370,out,583.42,Dorren Hanrear,KR,wire
P001114,2026-05-04T02:15:00,C0336,out,1186.12,Nisdan Aldreul,MY,card
P003982,2026-05-04T02:33:00,C0007,in,897.80,Nisnek Cernaov,DE,cash
P010179,2026-05-04T02:53:00,C0177,out,1924.67,Hentas Krevoul,AU,wire
P007452,2026-05-04T02:55:00,C0316,in,2515.41,Kanek Davreski,JP,wire
P008429,2026-05-04T02:55:00,C0245,out,1197.30,Sevtas Davreyan,JP,wire
P009624,2026-05-04T03:03:00,C0017,in,5878.24,Umitas Davreski,XB,wire
P009755,2026-05-04T03:14:00,C0013,in,5109.88,Velo Lundrayan,SG,cash
P007250,2026-05-04T03:27:00,C0087,out,403.41,Branren Cernaenko,DE,cash
P003538,2026-05-04T03:55:00,C0288,out,307.32,Raltas Aldreenko,JP,wire
P010234,2026-05-04T03:57:00,C0382,out,768.02,Ostriel Aldreov,JP,card
P002523,2026-05-04T04:06:00,C0398,in,731.46,Felmir Nevicitz,MY,wire
P010180,2026-05-04T04:06:00,C0216,in,2421.78,Tallo Farelenko,SG,wire
P006755,2026-05-04T04:07:00,C0096,in,1177.28,Velo Ivaskar,VN,wire
P008022,2026-05-04T04:13:00,C0394,in,3007.86,Nisren Jorelyan,VN,wire
P001071,2026-05-04T04:18:00,C0161,in,2437.18,Umitas Orzekenko,GB,wire
P008504,2026-05-04T04:45:00,C0133,out,829.00,Vevic Hanreul,FR,card
P008391,2026-05-04T04:51:00,C0393,out,1397.19,Branren Aldreitz,AU,wire
P003100,2026-05-04T04:54:00,C0138,out,204.47,Ostmir Gostynenko,GB,card
P003116,2026-05-04T04:54:00,C0121,out,352.43,Henlo Davreul,DE,wire
P006885,2026-05-04T05:29:00,C0370,out,322.73,Hennek Davrees,FR,wire
P011203,2026-05-04T05:33:00,C0383,in,1129.44,Grevnek Hanreenko,JP,wire
P009695,2026-05-04T05:42:00,C0228,out,660.30,Raltas Farelitz,FR,wire
P010614,2026-05-04T05:42:00,C0076,in,382.42,Vedan Cernaski,VN,card
P011962,2026-05-04T05:46:00,C0279,in,1244.30,Karen Ivaskyan,JP,card
P005290,2026-05-04T05:55:00,C0299,out,1543.88,Sevvic Ivaskes,GB,wire
P001615,2026-05-04T06:02:00,C0373,out,462.36,Ralvic Jorelenko,XC,wire
P006059,2026-05-04T06:19:00,C0360,out,733.24,Hendan Hanreski,AU,wire
P008107,2026-05-04T06:25:00,C0304,out,4947.47,Henvic Cernaov,AU,card
P003400,2026-05-04T06:36:00,C0074,out,17214.34,Ralren Davreski,MY,wire
P005033,2026-05-04T06:46:00,C0223,in,3685.81,Kamir Pravinar,US,wire
P003198,2026-05-04T06:47:00,C0290,in,289.58,Sevtas Boskoar,JP,wire
P009062,2026-05-04T06:56:00,C0211,in,570.54,Umilo Marosyan,MY,wire
P001405,2026-05-04T07:04:00,C0363,in,67.61,Ilydan Marositz,US,cash
P008406,2026-05-04T07:07:00,C0076,out,660.48,Brannek Hanreyan,KR,card
P007707,2026-05-04T07:28:00,C0041,out,1231.19,Umimir Pravinyan,SG,wire
P003152,2026-05-04T07:34:00,C0172,out,10303.59,Raltas Farelitz,XA,wire
P003545,2026-05-04T07:39:00,C0086,in,4066.11,Kadan Boskoul,VN,card
P002005,2026-05-04T07:58:00,C0061,out,416.02,Sevdan Ivaskitz,JP,card
P006335,2026-05-04T08:03:00,C0105,in,3006.98,Dorlo Farelar,MY,wire
P005124,2026-05-04T08:10:00,C0387,out,956.64,Ostriel Boskoitz,AU,card
P000760,2026-05-04T08:20:00,C0214,out,1504.90,Osttas Enkoul,VN,cash
P010880,2026-05-04T08:24:00,C0382,in,8915.03,Nismir Hanreov,US,wire
P009028,2026-05-04T08:46:00,C0297,out,408.51,Ilylo Farelov,GB,card
P011383,2026-05-04T08:50:00,C0247,out,551.65,Zarlo Davreenko,GB,cash
P000949,2026-05-04T09:02:00,C0372,in,14052.37,Umiren Pravinul,GB,wire
P002386,2026-05-04T09:03:00,C0106,out,416.50,Nisdan Aldreul,DE,wire
P011544,2026-05-04T09:08:00,C0329,out,4377.70,Ostdan Marositz,VN,cash
P002814,2026-05-04T09:12:00,C0029,in,1462.09,Henmir Jorelul,MY,cash
P003123,2026-05-04T09:28:00,C0063,in,1847.08,Ostdan Ivaskov,AU,wire
P004102,2026-05-04T09:28:00,C0233,out,1639.30,Grevlo Jorelar,US,wire
P005646,2026-05-04T09:41:00,C0243,in,666.13,Grevmir Ivaskul,FR,card
P012027,2026-05-04T10:00:00,C0303,in,9285.81,Ostdan Aldreski,US,cash
P003900,2026-05-04T10:18:00,C0160,in,1913.10,Ostdan Hanreenko,KR,wire
P009335,2026-05-04T10:31:00,C0165,in,263.44,Ostren Lundraitz,VN,wire
P008507,2026-05-04T10:36:00,C0372,in,146.41,Dormir Aldreyan,VN,wire
P005579,2026-05-04T10:38:00,C0064,in,2895.55,Raldan Farelyan,DE,cash
P008146,2026-05-04T10:43:00,C0122,in,3857.13,Grevmir Farelar,MY,card
P005619,2026-05-04T11:14:00,C0309,in,2538.07,Ralriel Lundraov,JP,wire
P009976,2026-05-04T11:19:00,C0095,out,1376.16,Dornek Boskoski,MY,wire
P002041,2026-05-04T11:21:00,C0005,in,1224.48,Grevriel Krevoenko,DE,wire
P004870,2026-05-04T11:26:00,C0209,in,1740.51,Veriel Lundraenko,XB,wire
P010518,2026-05-04T12:00:00,C0163,out,5192.67,Grevvic Joreles,DE,wire
P005235,2026-05-04T12:07:00,C0300,out,433.79,Tallo Jorelov,XA,wire
P010675,2026-05-04T12:35:00,C0310,in,701.51,Ralren Lundraes,MY,wire
P000291,2026-05-04T12:40:00,C0230,out,419.51,Sevnek Orzekar,VN,card
P006934,2026-05-04T12:47:00,C0398,out,902.20,Ostren Farelski,JP,card
P008280,2026-05-04T12:52:00,C0170,in,468.46,Mortas Davreenko,US,wire
P006597,2026-05-04T12:53:00,C0181,out,401.08,Sevtas Enkoar,DE,wire
P004740,2026-05-04T13:23:00,C0022,in,369.45,Ilydan Ivasksenko,US,wire
P001184,2026-05-04T13:43:00,C0095,out,953.56,Tallo Jorelar,US,wire
P009567,2026-05-04T14:00:00,C0353,in,303.13,Zarmir Krevoov,MY,wire
P010210,2026-05-04T14:25:00,C0398,in,377.38,Venek Boskoyan,GB,cash
P006900,2026-05-04T14:29:00,C0290,out,3447.68,Grevvic Joreles,US,wire
P005688,2026-05-04T14:39:00,C0184,in,335.89,Ralriel Lundraov,DE,wire
P005610,2026-05-04T14:49:00,C0105,out,743.14,Raltas Gostynes,US,card
P003544,2026-05-04T14:50:00,C0056,in,699.12,Rallo Gostynitz,DE,card
P003378,2026-05-04T15:06:00,C0203,out,4646.14,Taldan Lundraes,KR,wire
P006310,2026-05-04T15:10:00,C0283,out,98.15,Dormir Ivaskar,GB,wire
P001494,2026-05-04T15:16:00,C0335,in,9292.75,Uminek Aldreul,FR,wire
P001792,2026-05-04T15:34:00,C0090,in,2002.36,Nisriel Cernaski,KR,wire
P008771,2026-05-04T15:37:00,C0132,out,180.00,Fello Hanreul,GB,wire
P003261,2026-05-04T15:54:00,C0250,in,442.94,Nisren Marositz,FR,wire
P001866,2026-05-04T16:10:00,C0307,in,3199.04,Sevnek Orzekitz,XC,wire
P010507,2026-05-04T16:15:00,C0247,out,1146.95,Grevmir Farelar,JP,card
P002487,2026-05-04T16:40:00,C0366,in,895.22,Vedan Hanreov,FR,wire
P004665,2026-05-04T16:46:00,C0276,out,1964.25,Kanek Krevoski,US,wire
P002542,2026-05-04T16:50:00,C0339,in,276.51,Zarnek Hanrear,SG,card
P004694,2026-05-04T16:52:00,C0394,out,704.66,Kadan Marosul,VN,card
P010262,2026-05-04T16:53:00,C0061,out,36.50,Ostriel Lundraul,MY,wire
P004156,2026-05-04T16:54:00,C0140,out,728.90,Felnek Pravinenko,MY,card
P001674,2026-05-04T16:56:00,C0172,in,4972.16,Grevmir Boskoenko,XC,wire
P003658,2026-05-04T16:57:00,C0006,in,5483.00,Mortas Marosski,US,wire
P006217,2026-05-04T16:57:00,C0268,in,437.78,Brandan Gostynitz,DE,card
P007538,2026-05-04T17:19:00,C0168,out,2649.13,Grevren Nevicienko,XC,wire
P005175,2026-05-04T18:28:00,C0009,in,6612.64,Talmir Krevoul,DE,cash
P004162,2026-05-04T18:30:00,C0040,out,743.52,Grevvic Hanreitz,US,wire
P003512,2026-05-04T18:35:00,C0168,in,2299.45,Sevdan Nevicul,MY,wire
P008528,2026-05-04T18:38:00,C0262,out,972.65,Umiren Pravinul,FR,wire
P008052,2026-05-04T18:45:00,C0192,out,831.23,Dorlo Enkoski,US,wire
P011303,2026-05-04T18:45:00,C0117,in,1314.59,Zarlo Cernaar,GB,card
P008155,2026-05-04T18:47:00,C0061,out,226.06,Umivic Boskoov,FR,wire
P007152,2026-05-04T19:03:00,C0283,in,6113.13,Talmir Orzekes,KR,card
P011561,2026-05-04T19:13:00,C0283,out,331.49,Uminek Aldreul,DE,card
P000026,2026-05-04T19:17:00,C0348,out,734.67,Umiriel Cernaski,VN,wire
P008396,2026-05-04T19:36:00,C0053,out,3020.02,Sevlo Boskoov,US,wire
P007852,2026-05-04T19:51:00,C0351,out,981.33,Grevlo Krevoar,DE,wire
P004897,2026-05-04T20:10:00,C0365,in,622.50,Ilydan Davreul,DE,card
P006007,2026-05-04T20:23:00,C0076,in,2386.03,Branlo Cernaenko,MY,wire
P008219,2026-05-04T20:47:00,C0060,out,325.93,Ilydan Davreul,GB,wire
P011864,2026-05-04T20:48:00,C0173,out,391.13,Grevvic Orzekul,GB,card
P011215,2026-05-04T20:58:00,C0352,in,431.08,Henvic Ivaskski,SG,card
P000999,2026-05-04T21:15:00,C0383,in,2020.17,Ostren Farelski,SG,cash
P010282,2026-05-04T21:23:00,C0247,out,1308.53,Vetas Boskoul,KR,wire
P001225,2026-05-04T21:36:00,C0025,out,176.05,Ostmir Aldrees,US,wire
P004862,2026-05-04T21:36:00,C0205,in,4180.08,Branmir Ivaskul,JP,wire
P007072,2026-05-04T21:37:00,C0323,out,1680.01,Ilymir Orzeksenko,MY,wire
P004793,2026-05-04T21:38:00,C0351,out,853.43,Dormir Davreul,KR,wire
P008673,2026-05-04T21:38:00,C0033,out,443.60,Felren Davreyan,AU,wire
P003937,2026-05-04T21:46:00,C0326,out,624.44,Ilyvic Davreenko,US,wire
P011875,2026-05-04T22:09:00,C0368,out,124.12,Nismir Krevoar,MY,wire
P002257,2026-05-04T22:42:00,C0004,in,757.31,Taltas Hanreov,SG,wire
P006250,2026-05-04T23:00:00,C0319,out,491.79,Talmir Joreles,KR,wire
P005562,2026-05-04T23:03:00,C0238,out,1880.21,Taldan Boskoenko,MY,wire
P005846,2026-05-04T23:09:00,C0120,in,953.91,Kavic Lundraenko,AU,cash
P003386,2026-05-04T23:11:00,C0366,out,1213.62,Nisren Orzekov,DE,wire
P000435,2026-05-04T23:14:00,C0113,out,1060.43,Grevren Enkoitz,SG,wire
P004575,2026-05-04T23:44:00,C0210,in,521.09,Taldan Pravines,KR,card
P007741,2026-05-05T00:25:00,C0047,in,689.97,Vedan Pravinenko,JP,wire
P002096,2026-05-05T00:27:00,C0224,out,788.67,Ostriel Davreski,FR,wire
P009424,2026-05-05T00:36:00,C0377,out,1374.64,Veren Gostynar,US,wire
P005084,2026-05-05T00:55:00,C0265,in,1962.73,Brandan Pravinul,XB,wire
P007939,2026-05-05T00:55:00,C0216,in,2417.19,Ilytas Enkoski,SG,cash
P010396,2026-05-05T01:03:00,C0204,out,1371.11,Nisdan Farelar,XC,wire
P006173,2026-05-05T01:04:00,C0091,out,3362.15,Branlo Enkoyan,FR,wire
P005937,2026-05-05T01:07:00,C0222,in,348.66,Hentas Krevoul,DE,card
P004961,2026-05-05T01:11:00,C0398,out,217.15,Grevdan Jorelar,AU,wire
P011636,2026-05-05T01:19:00,C0301,in,1153.50,Raltas Gostynitz,AU,wire
P007218,2026-05-05T01:20:00,C0121,in,803.52,Henren Farelitz,KR,wire
P010770,2026-05-05T01:40:00,C0273,in,847.94,Ostmir Aldrees,GB,wire
P008993,2026-05-05T01:52:00,C0014,in,1325.61,Dordan Pravinov,FR,card
P004371,2026-05-05T01:53:00,C0234,in,1309.84,Ilymir Jorelar,SG,card
P002495,2026-05-05T01:56:00,C0107,in,11677.62,Talmir Nevicsenko,XA,wire
P010959,2026-05-05T01:58:00,C0164,out,268.52,Sevlo Aldrees,DE,wire
P010445,2026-05-05T02:05:00,C0046,out,809.81,Ilymir Orzeksenko,US,wire
P011603,2026-05-05T02:10:00,C0325,out,14315.61,Zarvic Enkoar,VN,wire
P002838,2026-05-05T02:14:00,C0270,in,1122.88,Kadan Davrees,SG,cash
P003632,2026-05-05T02:14:00,C0194,in,451.41,Dorlo Boskoitz,FR,card
P004647,2026-05-05T02:54:00,C0289,out,2425.77,Kadan Davrees,GB,card
P002754,2026-05-05T03:06:00,C0334,out,1648.01,Umiren Pravinitz,FR,card
P008811,2026-05-05T03:25:00,C0042,in,3385.16,Brandan Pravinul,DE,card
P000363,2026-05-05T03:30:00,C0125,in,1113.00,Nisdan Farelar,GB,wire
P005860,2026-05-05T03:37:00,C0139,out,636.69,Dorvic Gostynov,SG,wire
P004165,2026-05-05T03:47:00,C0092,out,1797.51,Henmir Hanreyan,JP,wire
P011574,2026-05-05T03:55:00,C0326,in,50.30,Kanek Davreski,VN,card
P004825,2026-05-05T04:05:00,C0194,out,535.67,Sevriel Cernaes,KR,wire
P002806,2026-05-05T04:06:00,C0268,in,763.98,Morvic Farelyan,KR,wire
P003352,2026-05-05T04:50:00,C0174,in,552.51,Henlo Davreul,DE,cash
P004254,2026-05-05T04:53:00,C0380,in,1704.00,Felren Orzekul,MY,wire
P008292,2026-05-05T04:58:00,C0194,in,1815.23,Felmir Ivaskenko,MY,wire
P005155,2026-05-05T05:08:00,C0172,out,1326.13,Taltas Davreyan,VN,wire
P005538,2026-05-05T05:17:00,C0004,in,1044.75,Hennek Enkoitz,GB,card
P005772,2026-05-05T05:28:00,C0122,in,569.74,Hentas Davreitz,VN,card
P007965,2026-05-05T05:34:00,C0089,in,2064.84,Raltas Orzekes,DE,wire
P007216,2026-05-05T05:57:00,C0363,out,736.27,Mornek Davreski,DE,wire
P007141,2026-05-05T05:58:00,C0083,out,472.06,Morvic Boskoul,VN,wire
P002450,2026-05-05T06:31:00,C0333,out,1228.20,Morren Farelul,SG,wire
P007313,2026-05-05T06:31:00,C0216,in,4717.29,Ilydan Nevicenko,JP,wire
P009826,2026-05-05T06:49:00,C0165,out,1441.90,Henlo Lundraes,JP,card
P003263,2026-05-05T06:57:00,C0081,out,174.73,Umivic Orzekski,US,card
P003486,2026-05-05T06:57:00,C0035,out,3198.10,Brandan Pravinul,FR,wire
P002610,2026-05-05T07:01:00,C0192,in,1975.46,Ralriel Aldrees,DE,wire
P011679,2026-05-05T07:03:00,C0050,in,2373.46,Raltas Lundraitz,AU,wire
P007451,2026-05-05T07:45:00,C0241,out,1259.52,Ostriel Aldreov,KR,wire
P008785,2026-05-05T08:03:00,C0383,out,698.49,Nisvic Enkoitz,JP,card
P006195,2026-05-05T08:12:00,C0084,out,848.97,Henren Krevoitz,GB,card
P005943,2026-05-05T08:30:00,C0076,in,7518.02,Brannek Pravinenko,JP,wire
P004502,2026-05-05T08:38:00,C0347,out,1343.46,Dortas Jorelyan,AU,wire
P001011,2026-05-05T08:40:00,C0113,in,435.85,Veren Farelul,FR,wire
P009122,2026-05-05T08:48:00,C0194,out,2720.21,Branren Nevices,GB,wire
P004728,2026-05-05T08:58:00,C0063,in,4042.18,Ostlo Marosienko,JP,wire
P010853,2026-05-05T08:59:00,C0288,in,889.20,Grevlo Ivaskenko,SG,wire
P012028,2026-05-05T09:00:00,C0303,in,9030.00,Kadan Cernaul,US,cash
P003217,2026-05-05T09:30:00,C0359,in,1533.93,Nismir Ivaskenko,SG,wire
P004028,2026-05-05T09:57:00,C0305,out,170.79,Brannek Davreov,DE,wire
P010177,2026-05-05T10:12:00,C0328,out,11343.43,Ostmir Hanrees,SG,wire
P005166,2026-05-05T10:14:00,C0311,in,1293.80,Zarvic Orzekenko,MY,cash
P009947,2026-05-05T10:27:00,C0109,out,4267.81,Branren Aldreitz,XC,card
P003376,2026-05-05T11:17:00,C0109,in,1383.73,Sevriel Hanreul,KR,wire
P010832,2026-05-05T11:29:00,C0290,out,4225.86,Ilytas Davreenko,SG,wire
P003072,2026-05-05T11:30:00,C0304,in,126.95,Zarren Nevicenko,SG,cash
P009528,2026-05-05T11:41:00,C0325,out,499.69,Felren Gostynul,DE,wire
P007057,2026-05-05T11:48:00,C0089,out,313.50,Mormir Jorelyan,XA,card
P001172,2026-05-05T11:57:00,C0059,out,2209.39,Vetas Hanreov,VN,wire
P009309,2026-05-05T12:09:00,C0180,out,1422.70,Katas Krevoar,JP,card
P004807,2026-05-05T12:53:00,C0045,out,1719.77,Talriel Ivaskski,JP,wire
P001981,2026-05-05T12:54:00,C0104,out,3027.81,Grevren Lundraul,US,card
P000472,2026-05-05T12:57:00,C0267,out,3223.61,Kalo Pravinov,FR,cash
P000054,2026-05-05T13:22:00,C0390,out,3415.50,Uminek Cernaski,AU,cash
P010378,2026-05-05T13:36:00,C0033,out,779.69,Vetas Farelenko,AU,wire
P007244,2026-05-05T13:44:00,C0081,in,983.40,Umiriel Pravinitz,MY,cash
P000576,2026-05-05T14:00:00,C0004,in,3144.03,Grevriel Krevoenko,AU,wire
P003908,2026-05-05T14:04:00,C0325,out,6278.54,Nisdan Davrees,SG,wire
P010811,2026-05-05T14:09:00,C0205,out,1071.70,Sevren Farelul,AU,cash
P006557,2026-05-05T14:40:00,C0336,out,889.07,Grevdan Lundraul,VN,wire
P005257,2026-05-05T14:46:00,C0004,out,412.58,Hentas Nevicenko,DE,card
P003773,2026-05-05T14:53:00,C0256,in,5624.37,Taldan Hanreski,KR,wire
P007690,2026-05-05T15:09:00,C0317,in,4226.72,Kadan Boskoov,FR,wire
P004153,2026-05-05T15:18:00,C0175,out,194.97,Umivic Boskoov,XC,wire
P004584,2026-05-05T15:23:00,C0330,in,1363.75,Ostnek Nevicenko,US,wire
P007318,2026-05-05T15:34:00,C0018,out,843.14,Kavic Boskoitz,MY,wire
P000056,2026-05-05T15:43:00,C0273,out,998.12,Ralriel Gostynov,US,wire
P009574,2026-05-05T15:44:00,C0154,in,3159.71,Osttas Hanreov,GB,wire
P004676,2026-05-05T15:48:00,C0025,in,862.74,Taltas Jorelar,JP,cash
P002637,2026-05-05T15:55:00,C0257,in,1079.66,Sevtas Lundraitz,SG,wire
P003126,2026-05-05T15:58:00,C0091,out,643.88,Henren Hanreov,AU,wire
P009845,2026-05-05T15:58:00,C0214,out,582.22,Nisdan Aldreul,MY,cash
P001743,2026-05-05T16:16:00,C0076,in,9745.58,Hendan Ivaskenko,DE,wire
P000598,2026-05-05T16:20:00,C0376,out,1478.43,Mordan Cernaul,SG,wire
P002969,2026-05-05T16:49:00,C0145,in,540.28,Dorlo Farelar,AU,wire
P003033,2026-05-05T17:33:00,C0246,out,3200.10,Ilytas Ivaskitz,SG,wire
P000959,2026-05-05T17:43:00,C0226,out,5431.17,Umiren Pravinitz,XB,wire
P000752,2026-05-05T17:45:00,C0270,in,3576.91,Henlo Marosenko,SG,card
P005200,2026-05-05T17:46:00,C0358,out,240.82,Talvic Davrees,MY,wire
P007237,2026-05-05T17:46:00,C0103,out,364.20,Karen Aldreul,FR,cash
P009621,2026-05-05T17:54:00,C0370,out,3376.93,Ilylo Farelov,GB,card
P002544,2026-05-05T18:11:00,C0089,out,116.03,Kanek Krevoski,DE,wire
P004535,2026-05-05T18:28:00,C0195,out,638.20,Kariel Krevoenko,JP,wire
P008323,2026-05-05T18:33:00,C0111,in,2009.22,Kadan Nevicov,US,card
P002691,2026-05-05T19:08:00,C0275,out,99.90,Zarnek Boskoul,AU,card
P004315,2026-05-05T19:15:00,C0006,out,631.45,Grevdan Pravinul,XB,card
P010461,2026-05-05T19:38:00,C0271,in,2088.44,Fello Cernaitz,KR,cash
P006309,2026-05-05T19:41:00,C0184,out,2009.01,Zarvic Enkoes,VN,wire
P004748,2026-05-05T20:28:00,C0387,out,1404.84,Tallo Farelenko,US,wire
P007268,2026-05-05T20:39:00,C0124,in,542.07,Nislo Gostynitz,JP,wire
P005213,2026-05-05T20:54:00,C0121,out,308.80,Ostmir Aldrees,VN,wire
P009971,2026-05-05T21:19:00,C0298,in,686.15,Nisriel Cernaski,GB,wire
P000110,2026-05-05T21:25:00,C0207,in,207.13,Henren Cernayan,AU,cash
P001082,2026-05-05T21:27:00,C0282,out,1690.19,Sevriel Nevicar,DE,card
P009999,2026-05-05T21:29:00,C0348,out,151.10,Sevtas Davreyan,DE,wire
P005121,2026-05-05T21:30:00,C0076,out,657.33,Veren Ivaskul,KR,wire
P005597,2026-05-05T21:34:00,C0283,out,11801.04,Ilytas Davreov,GB,wire
P001902,2026-05-05T21:54:00,C0322,in,2573.23,Zarmir Davreov,FR,cash
P011185,2026-05-05T22:07:00,C0056,in,2862.40,Ilyren Krevoyan,JP,wire
P005869,2026-05-05T22:43:00,C0204,in,418.27,Grevlo Boskoitz,KR,wire
P009727,2026-05-05T22:50:00,C0091,out,2792.24,Sevriel Davreski,XA,cash
P007418,2026-05-05T23:01:00,C0246,out,271.94,Veren Cernaenko,AU,wire
P009476,2026-05-05T23:25:00,C0043,out,168.95,Nisdan Davrees,MY,wire
P003129,2026-05-06T00:17:00,C0141,in,1961.58,Ilymir Enkoar,GB,wire
P007189,2026-05-06T00:22:00,C0252,in,527.75,Zarmir Orzekyan,JP,wire
P005149,2026-05-06T00:23:00,C0382,in,2973.16,Ostriel Jorelul,KR,cash
P000021,2026-05-06T00:26:00,C0362,in,149.24,Branren Lundrayan,DE,cash
P001443,2026-05-06T00:45:00,C0223,in,2189.69,Felnek Enkoitz,AU,wire
P001416,2026-05-06T01:00:00,C0102,out,525.96,Mortas Lundrayan,FR,wire
P007587,2026-05-06T01:03:00,C0327,in,2715.99,Fello Hanreul,AU,wire
P010322,2026-05-06T01:48:00,C0256,in,2028.26,Ilylo Farelyan,KR,wire
P000369,2026-05-06T01:54:00,C0202,in,275.66,Grevlo Krevoar,DE,cash
P009502,2026-05-06T02:11:00,C0320,in,798.78,Ilytas Enkoski,KR,wire
P011965,2026-05-06T02:16:00,C0110,out,355.62,Henmir Davreov,VN,card
P005194,2026-05-06T02:25:00,C0192,in,968.56,Zartas Ivaskul,JP,wire
P011368,2026-05-06T02:40:00,C0258,in,919.06,Mortas Lundraenko,VN,wire
P010493,2026-05-06T03:06:00,C0264,in,572.26,Branlo Boskoes,XA,cash
P008829,2026-05-06T03:08:00,C0385,in,1957.74,Talriel Farelul,XC,wire
P000517,2026-05-06T03:09:00,C0267,in,2538.04,Raltas Joreles,DE,wire
P004416,2026-05-06T03:17:00,C0386,in,2764.99,Nisnek Krevoitz,KR,wire
P000764,2026-05-06T03:28:00,C0299,out,960.25,Henlo Ivaskski,GB,wire
P011475,2026-05-06T03:39:00,C0227,out,6040.90,Grevdan Enkoes,KR,wire
P005760,2026-05-06T03:40:00,C0194,in,1520.58,Branren Boskoenko,XC,card
P001533,2026-05-06T03:48:00,C0034,out,373.47,Sevriel Enkoes,VN,wire
P003339,2026-05-06T03:51:00,C0381,out,384.24,Zardan Farelitz,SG,wire
P008542,2026-05-06T04:00:00,C0097,out,2300.84,Umivic Cernaov,VN,wire
P010412,2026-05-06T04:21:00,C0060,in,435.12,Vetas Farelenko,AU,cash
P003898,2026-05-06T04:32:00,C0321,out,531.28,Umiren Pravinitz,FR,wire
P001100,2026-05-06T04:37:00,C0291,in,92.68,Umimir Davreenko,VN,card
P005839,2026-05-06T04:38:00,C0003,out,237.95,Brantas Boskoar,GB,wire
P010938,2026-05-06T05:16:00,C0106,out,2484.29,Kanek Davreenko,MY,wire
P009775,2026-05-06T05:33:00,C0234,in,552.33,Mornek Davreenko,FR,cash
P005578,2026-05-06T05:47:00,C0248,in,3375.45,Ralnek Maroses,FR,card
P006690,2026-05-06T06:16:00,C0351,in,1594.04,Morriel Ivaskenko,DE,wire
P009365,2026-05-06T06:27:00,C0181,out,207.42,Branmir Orzekul,US,card
P010128,2026-05-06T06:29:00,C0092,out,220.49,Sevnek Cernaar,MY,wire
P001717,2026-05-06T06:34:00,C0190,out,2203.00,Branlo Enkoyan,AU,wire
P001296,2026-05-06T06:43:00,C0134,in,1548.94,Umivic Cernaov,KR,wire
P002231,2026-05-06T06:53:00,C0147,out,3245.42,Sevnek Orzekski,SG,wire
P001916,2026-05-06T06:56:00,C0329,in,525.84,Veren Marosar,AU,wire
P005417,2026-05-06T06:59:00,C0387,in,1150.47,Dordan Lundraar,US,wire
P010474,2026-05-06T07:01:00,C0394,out,757.27,Morlo Krevoenko,FR,wire
P002498,2026-05-06T07:10:00,C0142,out,670.63,Kavic Gostynyan,DE,wire
P011720,2026-05-06T07:25:00,C0388,out,2581.74,Ostmir Hanrees,VN,card
P002845,2026-05-06T07:33:00,C0362,out,106.84,Morlo Krevoenko,VN,card
P000681,2026-05-06T07:44:00,C0386,out,3201.01,Sevtas Boskoar,MY,wire
P003841,2026-05-06T08:29:00,C0248,in,834.16,Mornek Gostynski,KR,cash
P007450,2026-05-06T08:42:00,C0240,out,488.48,Umilo Cernaski,MY,card
P005409,2026-05-06T08:48:00,C0160,in,4374.48,Sevdan Pravinenko,FR,cash
P001750,2026-05-06T08:49:00,C0156,in,586.24,Morriel Marositz,SG,wire
P004316,2026-05-06T09:03:00,C0068,out,514.83,Umimir Boskoenko,JP,card
P005742,2026-05-06T10:05:00,C0014,in,101.37,Zarren Ivaskul,DE,wire
P004506,2026-05-06T10:25:00,C0258,out,201.88,Felnek Boskoov,GB,card
P001345,2026-05-06T10:30:00,C0317,in,1284.56,Umitas Davreski,SG,wire
P008118,2026-05-06T10:33:00,C0104,in,299.56,Vetas Krevoov,KR,card
P011371,2026-05-06T10:48:00,C0239,in,1142.68,Zarlo Orzekes,US,card
P007261,2026-05-06T10:53:00,C0286,in,1036.14,Zarnek Jorelitz,VN,wire
P003761,2026-05-06T11:04:00,C0153,out,1002.06,Mornek Davreski,JP,card
P005809,2026-05-06T11:05:00,C0143,out,959.49,Sevlo Aldreenko,US,wire
P007174,2026-05-06T11:15:00,C0273,in,1383.36,Hentas Hanreul,SG,card
P004596,2026-05-06T11:26:00,C0052,out,2605.74,Dorlo Farelar,VN,wire
P006133,2026-05-06T11:30:00,C0351,out,808.86,Talvic Lundraov,KR,card
P006425,2026-05-06T11:35:00,C0040,out,1726.96,Feltas Aldreyan,JP,wire
P001417,2026-05-06T11:48:00,C0208,in,193.99,Henmir Davreov,JP,card
P006234,2026-05-06T12:06:00,C0096,in,1618.40,Nisren Aldreski,AU,wire
P006570,2026-05-06T12:17:00,C0281,out,371.54,Branvic Krevoski,JP,wire
P005392,2026-05-06T12:22:00,C0007,out,3807.53,Branlo Krevoenko,US,card
P000669,2026-05-06T12:26:00,C0367,in,325.39,Hennek Davreov,JP,wire
P001088,2026-05-06T12:28:00,C0267,out,1335.23,Kanek Davreenko,FR,cash
P009881,2026-05-06T12:28:00,C0280,out,662.87,Henvic Cernaov,XA,wire
P001990,2026-05-06T12:54:00,C0070,out,456.66,Ilynek Orzekitz,FR,wire
P006465,2026-05-06T13:12:00,C0045,out,1046.75,Fello Cernaitz,KR,wire
P006247,2026-05-06T13:39:00,C0352,in,633.20,Zarvic Enkoitz,JP,wire
P002218,2026-05-06T13:58:00,C0313,out,2783.51,Branren Cernaenko,SG,card
P011784,2026-05-06T14:11:00,C0012,out,419.27,Dorriel Nevicitz,GB,wire
P000235,2026-05-06T14:12:00,C0149,out,394.71,Sevtas Boskoar,AU,card
P001450,2026-05-06T14:12:00,C0389,out,1512.93,Henmir Davrear,AU,wire
P005730,2026-05-06T14:18:00,C0244,in,515.64,Katas Gostynenko,AU,wire
P008484,2026-05-06T14:42:00,C0001,in,1589.70,Ilymir Enkoar,JP,card
P004855,2026-05-06T14:50:00,C0018,out,3504.66,Ilyren Marosyan,SG,card
P012029,2026-05-06T15:00:00,C0303,in,9557.92,Grevvic Pravinenko,US,cash
P006491,2026-05-06T15:03:00,C0080,in,3321.96,Nismir Krevoar,XC,cash
P010441,2026-05-06T15:08:00,C0150,in,648.75,Ilymir Orzeksenko,KR,wire
P008918,2026-05-06T15:23:00,C0325,out,591.46,Umivic Lundraes,XB,wire
P011660,2026-05-06T15:55:00,C0199,in,1527.14,Umiren Davreov,GB,wire
P004709,2026-05-06T16:01:00,C0035,out,3709.58,Umimir Ivaskul,GB,wire
P000534,2026-05-06T16:05:00,C0107,in,615.65,Sevmir Orzekitz,FR,wire
P003587,2026-05-06T16:08:00,C0143,out,7640.87,Nisriel Jorelar,KR,wire
P005174,2026-05-06T16:16:00,C0265,in,2119.31,Nismir Farelar,GB,wire
P004116,2026-05-06T16:23:00,C0317,in,880.04,Ilylo Farelov,DE,card
P001851,2026-05-06T16:26:00,C0274,in,1629.85,Mordan Enkoes,SG,wire
P002281,2026-05-06T16:31:00,C0122,out,2631.72,Ostmir Lundraski,KR,wire
P007200,2026-05-06T16:37:00,C0167,out,797.10,Morriel Ivaskenko,AU,wire
P002836,2026-05-06T16:38:00,C0011,out,332.82,Grevtas Pravinul,DE,wire
P005087,2026-05-06T16:55:00,C0361,out,1458.30,Zarnek Ivaskul,SG,wire
P012033,2026-05-06T17:00:00,C0201,in,9849.29,Hendan Enkoov,US,cash
P002222,2026-05-06T17:02:00,C0184,out,3619.30,Nisnek Boskoenko,JP,wire
P007681,2026-05-06T17:02:00,C0232,out,904.72,Zartas Gostynar,JP,wire
P002932,2026-05-06T17:19:00,C0037,out,2400.83,Zartas Marosski,AU,wire
P011855,2026-05-06T18:15:00,C0077,in,416.58,Ilyren Krevoov,MY,wire
P011657,2026-05-06T18:17:00,C0313,out,2200.64,Talren Lundraar,AU,wire
P000572,2026-05-06T18:23:00,C0188,in,1326.74,Brannek Davreov,JP,cash
P004144,2026-05-06T18:24:00,C0360,out,716.23,Talvic Farelul,JP,card
P002823,2026-05-06T18:37:00,C0218,out,12464.26,Dorlo Boskoski,SG,wire
P003670,2026-05-06T18:48:00,C0121,in,1588.88,Kanek Krevoski,DE,card
P008439,2026-05-06T18:49:00,C0082,out,2742.44,Grevnek Hanreenko,JP,wire
P008277,2026-05-06T18:53:00,C0286,in,277.98,Dorren Hanreyan,VN,cash
P001925,2026-05-06T19:11:00,C0390,out,458.06,Mormir Aldrear,MY,wire
P006771,2026-05-06T19:17:00,C0283,in,1197.64,Veren Cernaenko,GB,wire
P005397,2026-05-06T19:23:00,C0302,in,4167.53,Hentas Nevicenko,US,wire
P004129,2026-05-06T19:29:00,C0211,out,1417.69,Sevvic Ivaskes,AU,cash
P003569,2026-05-06T19:33:00,C0237,in,134.45,Ralvic Jorelitz,DE,wire
P003571,2026-05-06T20:07:00,C0351,out,3795.56,Ralnek Jorelitz,DE,card
P002002,2026-05-06T21:45:00,C0090,out,1554.57,Grevtas Jorelitz,AU,wire
P011065,2026-05-06T22:05:00,C0087,out,172.63,Zarnek Lundrayan,JP,wire
P011350,2026-05-06T22:34:00,C0149,in,230.04,Ralmir Jorelenko,MY,wire
P008185,2026-05-06T22:47:00,C0231,out,514.18,Brantas Cernaar,MY,wire
P000891,2026-05-06T22:53:00,C0071,in,277.85,Veriel Nevicov,JP,card
P001457,2026-05-06T22:53:00,C0175,in,564.98,Vedan Davreul,AU,wire
P005330,2026-05-06T23:05:00,C0346,out,551.22,Zardan Farelitz,AU,wire
P003442,2026-05-06T23:15:00,C0371,out,12449.81,Ilyvic Davreenko,US,wire
P009634,2026-05-06T23:17:00,C0337,in,3235.67,Ostriel Aldreov,VN,wire
P006061,2026-05-06T23:34:00,C0371,in,213.34,Kadan Marosul,MY,wire
P007012,2026-05-06T23:45:00,C0240,in,565.19,Veriel Nevicov,MY,wire
P004482,2026-05-06T23:47:00,C0294,in,1308.72,Ostmir Boskoar,SG,cash
P009765,2026-05-07T00:00:00,C0264,out,1338.47,Hennek Jorelyan,SG,wire
P011942,2026-05-07T00:03:00,C0208,out,749.35,Umidan Pravinenko,MY,cash
P010904,2026-05-07T00:15:00,C0173,out,2875.83,Kamir Jorelitz,DE,wire
P009092,2026-05-07T00:16:00,C0295,out,1724.21,Veriel Nevicov,FR,wire
P004579,2026-05-07T00:20:00,C0273,out,2163.02,Talren Enkoar,SG,wire
P006265,2026-05-07T00:34:00,C0124,in,7328.80,Sevren Ivaskienko,VN,card
P003787,2026-05-07T00:40:00,C0211,out,218.84,Zarlo Cernaar,JP,wire
P005830,2026-05-07T00:52:00,C0034,in,2188.97,Grevlo Ivaskes,MY,wire
P007947,2026-05-07T01:08:00,C0298,out,2057.46,Ostlo Jorelar,KR,card
P008449,2026-05-07T01:12:00,C0061,in,699.03,Sevren Jorelyan,AU,card
P002861,2026-05-07T01:28:00,C0034,in,233.42,Ralmir Jorelov,AU,wire
P003552,2026-05-07T01:35:00,C0392,out,2670.71,Nisnek Gostynul,AU,wire
P000552,2026-05-07T01:44:00,C0301,in,374.60,Grevren Ivaskar,SG,wire
P001824,2026-05-07T01:50:00,C0281,in,1142.01,Umimir Pravinul,FR,wire
P006022,2026-05-07T01:54:00,C0185,out,339.29,Felriel Aldreov,FR,wire
P006008,2026-05-07T01:56:00,C0006,in,3479.63,Morvic Gostynenko,KR,wire
P002782,2026-05-07T01:58:00,C0000,out,1142.22,Felmir Nevicitz,US,card
P006242,2026-05-07T02:09:00,C0122,out,4395.94,Sevdan Nevicul,GB,wire
P007530,2026-05-07T02:12:00,C0329,out,1168.87,Raldan Aldrear,FR,wire
P011663,2026-05-07T02:17:00,C0048,out,7823.50,Ilymir Krevoenko,AU,card
P010594,2026-05-07T02:20:00,C0207,in,402.29,Henmir Marosenko,GB,cash
P001874,2026-05-07T02:25:00,C0222,out,1369.97,Ilymir Enkoar,DE,wire
P005416,2026-05-07T02:26:00,C0245,out,233.21,Katas Ivaskov,MY,card
P004629,2026-05-07T02:41:00,C0371,out,303.70,Ostvic Davrear,KR,wire
P006560,2026-05-07T02:45:00,C0127,out,669.04,Kariel Gostynul,US,card
P005203,2026-05-07T02:53:00,C0171,in,558.01,Branmir Farelski,DE,cash
P005288,2026-05-07T02:57:00,C0258,out,611.31,Grevtas Jorelitz,KR,wire
P009193,2026-05-07T02:58:00,C0277,out,1006.94,Morvic Farelyan,MY,cash
P011021,2026-05-07T03:12:00,C0358,out,306.20,Morvic Aldrear,JP,card
P003714,2026-05-07T03:14:00,C0292,in,2055.30,Grevmir Farelar,KR,wire
P003326,2026-05-07T03:16:00,C0293,out,820.83,Sevdan Hanreyan,JP,wire
P002977,2026-05-07T03:36:00,C0297,in,844.63,Mordan Enkoes,US,wire
P007499,2026-05-07T03:44:00,C0254,in,435.45,Henren Enkoitz,MY,wire
P000290,2026-05-07T03:45:00,C0242,out,1305.73,Veren Farelul,GB,wire
P003303,2026-05-07T03:48:00,C0364,out,2045.69,Kamir Lundraul,JP,card
P002108,2026-05-07T03:53:00,C0157,in,554.12,Grevlo Jorelar,AU,card
P004177,2026-05-07T03:56:00,C0285,in,10250.72,Kadan Aldreov,GB,cash
P007999,2026-05-07T04:00:00,C0127,in,1101.84,Taltas Aldreov,VN,cash
P010201,2026-05-07T04:04:00,C0324,out,1393.12,Veren Farelitz,US,wire
P004396,2026-05-07T04:10:00,C0023,out,975.29,Ilytas Hanreski,XB,wire
P010222,2026-05-07T04:10:00,C0224,out,13235.41,Ilyren Ivaskar,MY,wire
P009141,2026-05-07T04:23:00,C0109,out,3262.72,Vetas Boskoyenko,SG,wire
P002891,2026-05-07T04:54:00,C0363,out,3542.71,Ilytas Ivaskitz,JP,card
P007485,2026-05-07T05:21:00,C0259,in,112.39,Ilylo Enkoenko,MY,wire
P007033,2026-05-07T05:24:00,C0262,out,2378.92,Sevlo Gostynov,SG,card
P005763,2026-05-07T05:32:00,C0042,out,1172.03,Grevdan Enkoes,SG,card
P010166,2026-05-07T05:35:00,C0026,out,979.37,Branren Farelski,AU,cash
P004037,2026-05-07T05:55:00,C0225,out,1985.53,Kavic Gostynski,GB,wire
P001828,2026-05-07T05:58:00,C0393,out,4108.16,Brantas Boskoar,GB,card
P005045,2026-05-07T06:08:00,C0223,out,379.00,Talvic Boskoov,AU,wire
P011240,2026-05-07T06:26:00,C0192,out,860.47,Grevlo Orzekar,MY,card
P004022,2026-05-07T06:28:00,C0324,in,304.37,Grevvic Marosov,JP,wire
P010986,2026-05-07T06:32:00,C0275,out,5969.78,Dorriel Jorelenko,DE,card
P007165,2026-05-07T06:40:00,C0165,out,1392.19,Ralnek Farelski,AU,card
P010481,2026-05-07T06:40:00,C0172,in,1246.54,Umitas Orzekenko,US,card
P006525,2026-05-07T06:49:00,C0084,out,675.50,Dorren Hanrear,VN,cash
P008415,2026-05-07T07:04:00,C0342,out,1589.56,Morvic Hanreitz,VN,card
P007054,2026-05-07T07:21:00,C0391,out,1351.94,Dorlo Gostynar,GB,card
P000173,2026-05-07T07:30:00,C0370,out,1608.80,Veren Maroses,DE,wire
P003360,2026-05-07T07:43:00,C0137,out,1545.70,Ilyriel Boskoenko,US,wire
P009915,2026-05-07T07:46:00,C0047,out,588.75,Henren Lundraul,MY,wire
P007434,2026-05-07T08:15:00,C0257,in,690.69,Zarmir Orzekyan,JP,wire
P011208,2026-05-07T08:15:00,C0362,out,1527.13,Ilyriel Jorelar,FR,wire
P010775,2026-05-07T08:17:00,C0399,in,7865.48,Zartas Jorelov,KR,wire
P006814,2026-05-07T08:35:00,C0043,out,681.58,Dormir Ivaskar,VN,wire
P009452,2026-05-07T08:56:00,C0044,out,5118.74,Rallo Enkoar,KR,wire
P007652,2026-05-07T09:01:00,C0281,out,2407.04,Morriel Ivaskyan,JP,wire
P011797,2026-05-07T09:03:00,C0356,out,1078.80,Branlo Marosyan,SG,cash
P007310,2026-05-07T09:12:00,C0209,out,2320.95,Dormir Farelski,AU,wire
P001479,2026-05-07T09:21:00,C0157,in,1839.38,Zarvic Enkoar,DE,cash
P000797,2026-05-07T09:29:00,C0139,out,1994.20,Sevriel Davreski,KR,wire
P006366,2026-05-07T09:31:00,C0258,in,2817.12,Brannek Krevoski,GB,wire
P007963,2026-05-07T09:46:00,C0000,in,2895.19,Zarriel Gostynar,VN,wire
P003770,2026-05-07T09:52:00,C0093,out,1987.83,Umivic Boskoenko,DE,card
P006456,2026-05-07T09:58:00,C0386,in,216.76,Ilylo Farelyan,VN,card
P007769,2026-05-07T10:20:00,C0210,out,1903.83,Zarnek Ivaskov,DE,wire
P002763,2026-05-07T10:33:00,C0187,out,69.24,Zartas Gostynar,VN,wire
P006623,2026-05-07T10:40:00,C0325,out,925.09,Talvic Farelul,JP,wire
P001351,2026-05-07T10:47:00,C0295,out,474.24,Grevlo Krevoar,XB,card
P005696,2026-05-07T10:50:00,C0054,in,1150.69,Grevdan Enkoes,AU,wire
P006854,2026-05-07T10:52:00,C0022,out,1631.78,Zartas Marosski,MY,card
P001018,2026-05-07T10:53:00,C0181,in,9387.55,Hendan Hanreski,VN,wire
P006582,2026-05-07T10:58:00,C0035,out,281.35,Mordan Davreitz,VN,wire
P006675,2026-05-07T11:15:00,C0107,out,1127.84,Talren Lundrayan,DE,wire
P005714,2026-05-07T11:34:00,C0332,in,1808.38,Katas Boskoar,KR,wire
P007776,2026-05-07T11:36:00,C0276,out,772.56,Ostriel Nevicski,SG,wire
P009771,2026-05-07T11:51:00,C0274,in,3921.25,Grevdan Hanreov,US,card
P001009,2026-05-07T12:26:00,C0363,in,624.64,Ostriel Boskoitz,DE,wire
P006047,2026-05-07T12:26:00,C0036,out,372.77,Ilyren Boskoyan,MY,wire
P009757,2026-05-07T12:34:00,C0364,in,4014.09,Tallo Farelenko,GB,wire
P002602,2026-05-07T12:36:00,C0062,out,615.40,Talmir Lundraes,MY,wire
P005947,2026-05-07T12:36:00,C0027,out,756.47,Dorvic Krevoenko,JP,wire
P004525,2026-05-07T12:39:00,C0211,out,1276.58,Sevren Jorelyan,FR,cash
P003605,2026-05-07T12:45:00,C0052,in,1020.05,Ralnek Lundraenko,US,cash
P003125,2026-05-07T12:55:00,C0263,in,1252.34,Ilyriel Jorelar,FR,card
P005829,2026-05-07T13:03:00,C0288,in,164.71,Branriel Enkoul,XC,wire
P006445,2026-05-07T13:12:00,C0236,in,1655.84,Kanek Krevoski,FR,cash
P008696,2026-05-07T13:17:00,C0226,in,2713.41,Ostriel Nevicski,XA,wire
P010900,2026-05-07T13:21:00,C0219,in,488.18,Dortas Krevoul,KR,wire
P000326,2026-05-07T13:27:00,C0373,in,3963.99,Zarlo Davreenko,XA,wire
P010641,2026-05-07T13:35:00,C0079,out,456.90,Talren Pravinar,DE,wire
P008208,2026-05-07T13:39:00,C0208,out,1212.43,Felren Krevoar,SG,wire
P003707,2026-05-07T13:41:00,C0381,out,1217.73,Kamir Gostynov,VN,cash
P006313,2026-05-07T13:42:00,C0100,in,10899.94,Dortas Nevicul,DE,card
P011801,2026-05-07T13:46:00,C0387,out,657.49,Talmir Davreitz,JP,wire
P005816,2026-05-07T14:00:00,C0345,out,1235.58,Nisnek Gostynul,GB,card
P010197,2026-05-07T14:09:00,C0038,out,1797.11,Sevlo Cernaitz,VN,wire
P002044,2026-05-07T14:23:00,C0001,in,2316.58,Ilymir Enkoar,KR,wire
P004169,2026-05-07T14:47:00,C0021,in,4851.83,Sevlo Cernaul,US,wire
P006667,2026-05-07T15:02:00,C0015,in,1927.46,Felmir Nevicitz,FR,wire
P008788,2026-05-07T15:02:00,C0114,in,5800.01,Nislo Farelitz,DE,wire
P004832,2026-05-07T15:06:00,C0072,in,1889.26,Zarnek Cernasenko,FR,card
P006783,2026-05-07T15:37:00,C0238,out,889.88,Ralren Davreski,AU,card
P004476,2026-05-07T15:47:00,C0177,in,644.86,Veriel Krevoitz,DE,wire
P008645,2026-05-07T15:49:00,C0154,out,7140.62,Taldan Lundraes,AU,wire
P002712,2026-05-07T16:04:00,C0218,out,1268.34,Henlo Marosenko,DE,card
P001620,2026-05-07T16:09:00,C0331,in,1375.71,Umivic Nevicenko,FR,wire
P000138,2026-05-07T16:31:00,C0133,in,7028.27,Vedan Cernaski,DE,wire
P002175,2026-05-07T16:40:00,C0202,in,2147.86,Ostdan Ivaskov,AU,wire
P003135,2026-05-07T16:43:00,C0340,out,791.16,Ilyriel Jorelar,AU,wire
P010424,2026-05-07T16:52:00,C0202,out,7162.75,Talren Lundraar,AU,wire
P008206,2026-05-07T17:26:00,C0151,out,2890.43,Kamir Farelul,SG,card
P005077,2026-05-07T17:30:00,C0309,in,545.96,Talriel Ivaskski,FR,wire
P011590,2026-05-07T17:34:00,C0060,in,831.04,Nisnek Cernaov,MY,wire
P009322,2026-05-07T17:45:00,C0302,in,1603.95,Branriel Marosenko,KR,wire
P006830,2026-05-07T17:46:00,C0119,out,11266.85,Venek Hanreenko,JP,wire
P007346,2026-05-07T18:23:00,C0304,out,936.90,Brandan Gostynitz,AU,wire
P000002,2026-05-07T19:12:00,C0282,in,186.56,Dornek Hanreenko,FR,wire
P001560,2026-05-07T19:40:00,C0281,in,475.35,Talriel Farelar,JP,wire
P001217,2026-05-07T19:53:00,C0120,out,10565.82,Kariel Pravinul,AU,wire
P004038,2026-05-07T20:02:00,C0199,out,10119.77,Nistas Orzekski,GB,card
P008214,2026-05-07T20:02:00,C0290,out,1914.43,Vedan Davreul,GB,card
P006251,2026-05-07T20:03:00,C0222,out,954.01,Ilyriel Jorelar,KR,cash
P011972,2026-05-07T20:03:00,C0061,in,1074.83,Ilylo Cernaar,JP,wire
P006831,2026-05-07T20:16:00,C0130,in,5414.36,Kavic Cernaitz,SG,wire
P008864,2026-05-07T20:35:00,C0265,in,1318.94,Umivic Cernaov,AU,wire
P001849,2026-05-07T20:42:00,C0352,out,412.29,Zarnek Davrear,VN,card
P002778,2026-05-07T20:44:00,C0171,out,432.88,Sevnek Davreienko,KR,wire
P005822,2026-05-07T20:57:00,C0160,in,1437.30,Zarvic Lundraar,MY,wire
P007657,2026-05-07T21:07:00,C0058,in,2078.64,Henriel Aldreyan,SG,wire
P005073,2026-05-07T21:12:00,C0026,in,3253.49,Nisdan Ivaskyan,US,wire
P007300,2026-05-07T21:12:00,C0041,in,565.45,Dorlo Boskoski,AU,wire
P007357,2026-05-07T21:14:00,C0315,in,4290.59,Mornek Nevicenko,SG,card
P000432,2026-05-07T21:19:00,C0063,out,10226.64,Branvic Cernaski,AU,wire
P008102,2026-05-07T21:21:00,C0048,out,447.79,Zarmir Aldrees,VN,wire
P007005,2026-05-07T21:24:00,C0387,in,8735.13,Brannek Krevoski,JP,card
P009784,2026-05-07T21:24:00,C0039,out,1533.54,Sevnek Orzekar,DE,card
P005524,2026-05-07T21:43:00,C0184,out,1764.03,Hennek Enkoitz,MY,cash
P008552,2026-05-07T22:01:00,C0313,out,1829.18,Morvic Pravines,VN,wire
P007905,2026-05-07T23:14:00,C0135,in,4519.85,Felvic Ivaskitz,FR,wire
P003740,2026-05-07T23:20:00,C0271,out,2226.52,Feltas Ivaskenko,SG,wire
P010826,2026-05-07T23:21:00,C0040,out,5730.74,Grevlo Farelitz,SG,cash
P009192,2026-05-07T23:45:00,C0059,in,3640.19,Umilo Marosyan,JP,card
P002720,2026-05-07T23:47:00,C0084,in,625.34,Branmir Hanrees,VN,wire
P010834,2026-05-07T23:57:00,C0371,out,3824.21,Branmir Marosenko,XC,cash
P005165,2026-05-08T00:21:00,C0286,out,124.20,Ostnek Boskoyan,FR,wire
P004457,2026-05-08T00:27:00,C0028,out,14170.69,Kamir Cernaar,US,wire
P011039,2026-05-08T00:28:00,C0161,in,470.92,Talmir Davrear,DE,wire
P002189,2026-05-08T00:35:00,C0147,out,1502.69,Ostdan Hanreenko,AU,wire
P005933,2026-05-08T00:37:00,C0106,out,1344.07,Sevren Jorelenko,KR,cash
P000679,2026-05-08T00:41:00,C0305,in,3346.36,Mortas Davreenko,AU,wire
P002865,2026-05-08T01:05:00,C0372,in,3071.68,Branvic Boskoitz,SG,wire
P000028,2026-05-08T01:14:00,C0139,in,1456.35,Ralriel Krevoitz,KR,card
P002774,2026-05-08T02:33:00,C0118,in,612.65,Katas Farelul,KR,wire
P010430,2026-05-08T02:38:00,C0277,out,185.76,Kadan Boskoov,JP,card
P002188,2026-05-08T02:45:00,C0048,out,746.43,Dortas Jorelyan,JP,wire
P008925,2026-05-08T03:05:00,C0177,out,601.04,Brantas Enkoov,GB,wire
P003676,2026-05-08T03:06:00,C0396,in,2777.64,Zarvic Orzekenko,GB,wire
P010693,2026-05-08T03:09:00,C0232,out,1157.67,Vedan Davreul,MY,wire
P007175,2026-05-08T03:18:00,C0020,out,2940.88,Ilymir Nevicov,JP,wire
P002775,2026-05-08T03:20:00,C0358,out,1835.87,Ralriel Farelski,US,card
P004135,2026-05-08T03:21:00,C0281,out,1158.99,Zarmir Orzekar,XA,wire
P008371,2026-05-08T03:27:00,C0231,in,1899.98,Kadan Boskoul,FR,wire
P001857,2026-05-08T03:29:00,C0384,in,3742.30,Zardan Boskoar,GB,card
P009329,2026-05-08T04:06:00,C0388,out,333.33,Kamir Orzekes,AU,cash
P009058,2026-05-08T04:21:00,C0304,out,1640.60,Kariel Ivaskenko,JP,wire
P011966,2026-05-08T04:23:00,C0222,out,361.42,Brantas Enkoov,GB,wire
P008019,2026-05-08T04:46:00,C0223,in,570.73,Zarnek Marosar,MY,wire
P011029,2026-05-08T05:01:00,C0096,out,325.21,Sevnek Orzekar,DE,card
P007370,2026-05-08T05:13:00,C0312,in,814.80,Grevnek Boskoul,GB,wire
P010241,2026-05-08T05:20:00,C0094,out,63.41,Branlo Farelski,XA,card
P005800,2026-05-08T05:32:00,C0299,out,643.80,Branlo Krevoenko,AU,cash
P001388,2026-05-08T05:34:00,C0171,in,149.26,Dorvic Marosar,JP,card
P002974,2026-05-08T05:34:00,C0315,out,1783.56,Veren Boskoitz,MY,wire
P000141,2026-05-08T05:36:00,C0034,in,474.27,Nisriel Pravinar,GB,wire
P008045,2026-05-08T05:41:00,C0005,in,5132.43,Ilydan Marositz,VN,wire
P005393,2026-05-08T06:15:00,C0371,out,801.68,Veren Gostynar,US,wire
P002575,2026-05-08T06:28:00,C0251,out,1884.11,Mortas Aldrear,DE,cash
P010147,2026-05-08T06:28:00,C0116,out,502.57,Talmir Krevoul,JP,wire
P003702,2026-05-08T06:45:00,C0116,in,1327.67,Nisnek Cernaov,SG,cash
P009431,2026-05-08T06:57:00,C0281,in,1263.77,Kanek Krevoski,FR,wire
P001734,2026-05-08T06:58:00,C0230,out,13508.30,Nisnek Orzekar,KR,wire
P002480,2026-05-08T07:12:00,C0285,out,4277.30,Brannek Krevoski,DE,card
P002788,2026-05-08T07:15:00,C0105,in,797.20,Grevlo Krevoar,US,wire
P004507,2026-05-08T07:29:00,C0199,in,921.25,Kavic Cernaitz,JP,card
P011319,2026-05-08T07:41:00,C0120,in,3720.16,Veren Ivaskul,XB,wire
P003122,2026-05-08T07:49:00,C0299,out,885.31,Ilytas Enkoski,GB,card
P005362,2026-05-08T07:55:00,C0142,in,3709.94,Grevmir Ivaskul,FR,wire
P007287,2026-05-08T08:06:00,C0113,out,1344.76,Hendan Boskoul,SG,wire
P006905,2026-05-08T08:12:00,C0371,out,10853.26,Nisren Gostynes,AU,wire
P003847,2026-05-08T08:15:00,C0338,out,331.34,Kavic Gostynyan,FR,wire
P009317,2026-05-08T08:15:00,C0395,in,3456.30,Talmir Nevicsenko,VN,wire
P003227,2026-05-08T08:22:00,C0160,in,944.41,Kanek Boskoyan,DE,wire
P000424,2026-05-08T08:42:00,C0245,in,1777.61,Ilymir Jorelar,AU,wire
P001192,2026-05-08T08:51:00,C0330,out,423.48,Talvic Davrees,JP,wire
P009405,2026-05-08T09:07:00,C0331,in,1466.79,Zarlo Nevicski,SG,wire
P006402,2026-05-08T09:19:00,C0298,in,677.75,Sevlo Gostynov,JP,card
P006913,2026-05-08T09:19:00,C0244,out,2877.61,Sevvic Pravinenko,FR,wire
P005864,2026-05-08T10:03:00,C0301,in,7808.06,Dormir Ivaskar,US,wire
P007077,2026-05-08T10:09:00,C0063,in,168.12,Talren Nevicov,KR,card
P002151,2026-05-08T10:15:00,C0204,out,1095.49,Raltas Orzekes,DE,card
P003727,2026-05-08T10:40:00,C0157,out,623.80,Sevnek Davreienko,KR,wire
P007794,2026-05-08T10:44:00,C0258,in,1618.69,Nislo Gostynitz,DE,cash
P007827,2026-05-08T10:44:00,C0339,in,890.22,Talmir Davreitz,KR,wire
P009364,2026-05-08T11:08:00,C0031,in,2374.46,Branlo Boskoes,FR,wire
P010667,2026-05-08T11:29:00,C0246,out,1552.77,Henriel Jorelyan,KR,wire
P001640,2026-05-08T11:36:00,C0100,out,1191.24,Raldan Aldrear,MY,wire
P003345,2026-05-08T12:04:00,C0164,in,170.47,Nisren Lundrayan,JP,wire
P011294,2026-05-08T12:17:00,C0004,in,459.16,Sevmir Orzekitz,MY,wire
P010259,2026-05-08T12:24:00,C0014,in,362.87,Hentas Krevoov,US,card
P003747,2026-05-08T12:30:00,C0174,in,3161.65,Fello Krevoov,KR,card
P009796,2026-05-08T12:33:00,C0308,out,1957.08,Morvic Gostynenko,JP,card
P009668,2026-05-08T12:44:00,C0329,in,1059.71,Vedan Davreul,JP,cash
P009145,2026-05-08T12:48:00,C0385,out,1495.91,Osttas Farelul,XB,wire
P011891,2026-05-08T12:53:00,C0339,in,1172.26,Nistas Krevoar,KR,wire
P003138,2026-05-08T12:59:00,C0038,out,3133.50,Umiren Lundraski,JP,cash
P001308,2026-05-08T13:09:00,C0206,in,586.08,Talriel Ivaskski,VN,wire
P002304,2026-05-08T13:22:00,C0116,out,124.88,Sevriel Cernaes,VN,wire
P005374,2026-05-08T13:37:00,C0090,in,694.89,Ralriel Aldrees,GB,wire
P007103,2026-05-08T14:33:00,C0328,in,2413.98,Branlo Farelar,GB,wire
P002370,2026-05-08T14:48:00,C0108,out,293.57,Branren Davreenko,JP,wire
P004630,2026-05-08T14:51:00,C0000,out,499.89,Kadan Aldreov,GB,wire
P007940,2026-05-08T14:53:00,C0053,in,631.85,Nisren Davrear,AU,wire
P010912,2026-05-08T14:57:00,C0250,out,253.09,Brannek Davreov,FR,wire
P006096,2026-05-08T15:02:00,C0297,out,3288.14,Vevic Hanreul,AU,wire
P009320,2026-05-08T15:04:00,C0051,out,303.55,Brannek Krevoski,GB,card
P010822,2026-05-08T15:11:00,C0218,in,2206.64,Umivic Nevicenko,XB,card
P010414,2026-05-08T15:27:00,C0092,out,1051.76,Henlo Lundraes,GB,wire
P000593,2026-05-08T15:36:00,C0195,out,1132.09,Umimir Lundrayan,SG,wire
P002847,2026-05-08T15:49:00,C0251,out,367.72,Katas Gostynenko,AU,wire
P011269,2026-05-08T16:01:00,C0059,in,770.81,Sevnek Orzekar,SG,wire
P004588,2026-05-08T16:07:00,C0134,in,6984.54,Nisriel Gostynar,DE,wire
P006844,2026-05-08T16:11:00,C0370,out,4032.95,Raldan Marosyan,XA,wire
P009295,2026-05-08T16:15:00,C0097,out,1136.56,Henren Krevoitz,KR,wire
P009930,2026-05-08T16:16:00,C0001,in,2310.54,Hentas Hanreul,KR,card
P005433,2026-05-08T17:01:00,C0225,out,2732.72,Branmir Marosenko,XC,card
P009316,2026-05-08T17:01:00,C0354,out,467.11,Velo Hanreski,GB,wire
P006124,2026-05-08T17:10:00,C0112,in,1292.65,Grevdan Krevoski,DE,card
P005064,2026-05-08T17:46:00,C0394,out,13946.93,Nislo Gostynitz,FR,wire
P009836,2026-05-08T18:08:00,C0309,in,1034.97,Ostdan Hanreenko,MY,card
P011408,2026-05-08T18:08:00,C0271,in,398.62,Felren Orzekul,XA,card
P004374,2026-05-08T18:11:00,C0374,in,1026.49,Zardan Cernaes,DE,wire
P009850,2026-05-08T18:13:00,C0226,out,2215.98,Venek Hanreenko,KR,wire
P012000,2026-05-08T18:19:00,C0327,out,2909.75,Nislo Davreski,XC,wire
P008941,2026-05-08T18:39:00,C0353,in,9936.08,Ilydan Davreul,JP,cash
P010678,2026-05-08T18:54:00,C0100,in,4210.33,Grevren Lundraul,US,wire
P010561,2026-05-08T18:59:00,C0185,out,193.45,Henmir Davreov,US,wire
P003073,2026-05-08T19:16:00,C0154,out,608.93,Kanek Boskoyan,FR,wire
P005486,2026-05-08T19:22:00,C0006,in,1391.98,Hennek Enkoitz,VN,wire
P007632,2026-05-08T19:51:00,C0013,in,263.51,Sevlo Gostynov,JP,cash
P005691,2026-05-08T19:58:00,C0389,in,654.01,Umiriel Boskoes,MY,card
P002511,2026-05-08T20:01:00,C0362,in,718.27,Rallo Krevoov,US,card
P002387,2026-05-08T20:03:00,C0037,out,8022.68,Talren Krevoenko,MY,wire
P001478,2026-05-08T20:26:00,C0279,in,702.19,Branriel Jorelul,KR,wire
P003151,2026-05-08T21:02:00,C0363,in,1497.10,Veren Gostynar,VN,card
P005251,2026-05-08T21:03:00,C0093,in,108.49,Grevvic Orzekul,JP,wire
P000297,2026-05-08T21:14:00,C0036,in,1072.10,Osttas Boskoyan,XC,wire
P001032,2026-05-08T21:15:00,C0005,in,1405.13,Nismir Hanreov,XB,card
P006680,2026-05-08T21:20:00,C0130,in,4407.40,Umiriel Davreitz,JP,wire
P002446,2026-05-08T21:22:00,C0288,out,4006.96,Ilylo Gostynski,GB,wire
P004472,2026-05-08T21:23:00,C0075,in,490.94,Nisriel Cernaski,JP,wire
P009303,2026-05-08T21:26:00,C0154,out,625.87,Raltas Lundraitz,SG,wire
P009722,2026-05-08T21:36:00,C0049,out,404.37,Morvic Aldrear,AU,wire
P003981,2026-05-08T21:41:00,C0208,out,100.83,Umiriel Pravinitz,JP,wire
P011740,2026-05-08T21:49:00,C0109,out,225.60,Sevlo Cernaul,GB,card
P003461,2026-05-08T21:52:00,C0030,in,1655.13,Raldan Nevicul,AU,wire
P001617,2026-05-08T21:53:00,C0324,in,319.49,Henmir Krevoyan,JP,card
P006104,2026-05-08T22:03:00,C0005,out,943.95,Sevtas Boskoar,GB,wire
P011842,2026-05-08T22:16:00,C0164,out,987.94,Veren Maroses,MY,card
P006415,2026-05-08T22:22:00,C0085,in,576.86,Nisren Marosov,VN,card
P005328,2026-05-08T22:55:00,C0198,in,1472.91,Kadan Marositz,AU,cash
P000301,2026-05-08T23:07:00,C0275,in,1710.55,Sevmir Krevoitz,JP,wire
P000480,2026-05-08T23:11:00,C0361,out,366.21,Ralnek Orzekul,GB,wire
P001768,2026-05-08T23:14:00,C0348,in,545.97,Branren Nevicyan,GB,wire
P004887,2026-05-08T23:45:00,C0353,out,1088.27,Ilyren Davreitz,GB,card
P008138,2026-05-08T23:49:00,C0315,out,2238.12,Ralnek Enkoyan,DE,card
P000513,2026-05-09T00:21:00,C0280,in,683.22,Mordan Jorelyan,VN,wire
P007894,2026-05-09T00:36:00,C0179,out,2715.49,Umivic Boskoes,KR,wire
P001356,2026-05-09T00:46:00,C0251,out,521.02,Morriel Krevoski,MY,wire
P000965,2026-05-09T00:56:00,C0305,out,535.10,Veren Hanrear,DE,wire
P004382,2026-05-09T01:01:00,C0170,out,273.56,Ostdan Hanreenko,GB,wire
P010785,2026-05-09T01:07:00,C0082,out,279.21,Umitas Orzekar,KR,card
P000562,2026-05-09T01:14:00,C0232,in,605.61,Talren Lundrayan,DE,wire
P008511,2026-05-09T01:14:00,C0274,out,839.50,Uminek Orzekul,GB,wire
P011878,2026-05-09T01:28:00,C0129,in,904.34,Branlo Enkoyan,JP,wire
P009724,2026-05-09T01:32:00,C0286,in,725.28,Morlo Cernaitz,MY,card
P002163,2026-05-09T01:36:00,C0379,in,435.51,Ostnek Lundrayenko,SG,wire
P002485,2026-05-09T01:44:00,C0190,in,2072.52,Ostdan Hanreenko,DE,wire
P007496,2026-05-09T01:55:00,C0007,in,899.02,Uminek Orzekul,KR,wire
P003041,2026-05-09T01:56:00,C0201,in,1085.94,Zarnek Hanreyan,SG,cash
P004752,2026-05-09T02:19:00,C0193,out,4278.93,Grevdan Lundraul,FR,wire
P005435,2026-05-09T02:26:00,C0054,out,1171.54,Venek Hanreenko,GB,wire
P011117,2026-05-09T02:26:00,C0356,out,1251.45,Zarnek Ivaskov,VN,card
P008622,2026-05-09T02:31:00,C0012,out,94.19,Nismir Aldrear,AU,wire
P010819,2026-05-09T02:47:00,C0044,in,1143.98,Branlo Krevoenko,JP,card
P010170,2026-05-09T02:53:00,C0344,out,1322.25,Sevnek Ivaskitz,DE,wire
P009449,2026-05-09T03:09:00,C0293,in,237.22,Feldan Boskoov,GB,wire
P010045,2026-05-09T03:25:00,C0362,out,538.30,Fello Boskoitz,AU,card
P003520,2026-05-09T03:27:00,C0338,out,6862.08,Dormir Davreul,AU,wire
P006510,2026-05-09T03:40:00,C0021,in,1872.74,Sevriel Farelul,FR,wire
P002065,2026-05-09T03:51:00,C0330,out,5272.33,Ralnek Lundraenko,SG,wire
P001157,2026-05-09T03:52:00,C0256,out,192.06,Ostmir Boskoar,US,wire
P001939,2026-05-09T03:59:00,C0271,in,215.79,Osttas Farelitz,KR,wire
P009862,2026-05-09T04:24:00,C0176,out,1191.36,Hennek Aldreenko,SG,wire
P006777,2026-05-09T04:35:00,C0232,out,1050.19,Ostriel Lundraul,XC,wire
P011918,2026-05-09T04:37:00,C0061,out,359.85,Ralnek Lundraenko,VN,wire
P003688,2026-05-09T04:44:00,C0353,in,1858.27,Ilyren Davreitz,SG,wire
P008434,2026-05-09T04:48:00,C0237,out,310.76,Sevriel Pravinar,JP,wire
P004201,2026-05-09T05:05:00,C0025,out,379.93,Morvic Pravines,VN,wire
P003338,2026-05-09T05:08:00,C0329,out,2304.16,Fello Krevoov,VN,cash
P011313,2026-05-09T05:08:00,C0158,out,14668.42,Ilydan Marositz,AU,wire
P011990,2026-05-09T05:08:00,C0128,out,2708.25,Brantas Cernaar,SG,wire
P007166,2026-05-09T05:14:00,C0059,in,861.32,Talnek Lundrayan,KR,card
P007445,2026-05-09T05:16:00,C0099,in,911.62,Zarnek Marosar,JP,wire
P011253,2026-05-09T05:19:00,C0228,in,811.63,Zarlo Davreenko,GB,wire
P009719,2026-05-09T05:24:00,C0191,out,5040.22,Hennek Jorelyan,GB,card
P007379,2026-05-09T05:25:00,C0090,out,529.40,Sevriel Pravinar,MY,card
P008505,2026-05-09T05:36:00,C0250,in,2186.43,Dornek Nevicitz,VN,wire
P004570,2026-05-09T06:02:00,C0192,out,2498.15,Ostren Farelenko,FR,card
P010293,2026-05-09T06:06:00,C0103,out,247.51,Ilyriel Pravinenko,VN,card
P011050,2026-05-09T06:12:00,C0339,in,577.98,Sevriel Farelul,XC,wire
P011133,2026-05-09T06:57:00,C0170,in,348.24,Ilymir Nevicov,US,wire
P007108,2026-05-09T07:12:00,C0030,out,1104.99,Zartas Gostynar,SG,cash
P008321,2026-05-09T07:33:00,C0153,out,356.42,Talvic Farelul,KR,wire
P008328,2026-05-09T07:43:00,C0013,out,5040.88,Ostnek Pravinitz,XB,cash
P002078,2026-05-09T08:33:00,C0240,out,1419.21,Vedan Cernaski,US,card
P009591,2026-05-09T08:35:00,C0332,out,1125.36,Mortas Marosski,KR,card
P005207,2026-05-09T08:36:00,C0304,in,235.15,Tallo Ivaskitz,MY,wire
P004556,2026-05-09T08:48:00,C0135,in,1237.64,Nisren Orzekov,KR,wire
P000956,2026-05-09T09:00:00,C0270,out,1883.04,Ostnek Pravinitz,DE,wire
P012063,2026-05-09T09:00:00,C0352,in,53858.19,Zarlo Maroses,VN,wire
P005044,2026-05-09T09:08:00,C0151,in,666.47,Mortas Lundraenko,AU,wire
P000532,2026-05-09T09:33:00,C0056,in,1176.21,Umivic Cernaov,MY,card
P002828,2026-05-09T09:36:00,C0110,in,2638.37,Hennek Enkoar,JP,card
P007952,2026-05-09T09:38:00,C0277,in,384.36,Umiren Hanreul,KR,card
P006378,2026-05-09T09:42:00,C0040,in,1704.68,Felren Orzekul,SG,wire
P000149,2026-05-09T09:50:00,C0039,in,2687.03,Ralnek Hanreenko,SG,wire
P010361,2026-05-09T10:00:00,C0364,in,1004.88,Vedan Hanreov,FR,wire
P005974,2026-05-09T10:14:00,C0107,out,1563.44,Ilylo Farelov,AU,cash
P008792,2026-05-09T10:49:00,C0304,in,1031.79,Nislo Gostynitz,VN,wire
P008282,2026-05-09T11:09:00,C0057,in,207.33,Mordan Davreitz,VN,wire
P004473,2026-05-09T11:18:00,C0391,out,2316.39,Talriel Farelar,VN,card
P007474,2026-05-09T11:24:00,C0399,in,497.81,Vedan Davreul,DE,card
P001531,2026-05-09T11:28:00,C0377,in,749.17,Branvic Boskoitz,AU,wire
P005950,2026-05-09T11:29:00,C0113,in,6094.69,Katas Boskoar,GB,wire
P011850,2026-05-09T11:33:00,C0027,in,7802.08,Ralriel Gostynov,SG,wire
P007724,2026-05-09T11:39:00,C0357,out,2029.95,Umilo Orzekar,JP,wire
P001957,2026-05-09T11:42:00,C0140,in,1168.54,Nislo Davresenko,DE,card
P001659,2026-05-09T12:44:00,C0309,out,732.63,Branren Aldreitz,VN,wire
P009858,2026-05-09T12:49:00,C0395,in,543.76,Katas Krevoar,KR,wire
P007100,2026-05-09T12:59:00,C0183,in,775.83,Sevlo Boskoov,US,wire
P012064,2026-05-09T13:00:00,C0352,out,16731.72,Brantas Jorelov,XC,wire
P001329,2026-05-09T13:16:00,C0375,out,9727.74,Sevlo Krevoes,AU,wire
P000858,2026-05-09T13:17:00,C0102,out,276.31,Henren Cernayan,KR,wire
P009091,2026-05-09T13:33:00,C0133,in,87.06,Zarnek Hanreyan,SG,wire
P011048,2026-05-09T13:35:00,C0302,in,591.94,Kariel Krevoenko,VN,wire
P000159,2026-05-09T13:37:00,C0057,out,5630.01,Grevren Nevicienko,SG,wire
P003301,2026-05-09T13:40:00,C0364,out,2686.30,Rallo Krevoov,DE,cash
P004308,2026-05-09T13:53:00,C0304,in,348.73,Zarnek Hanreyan,US,wire
P001710,2026-05-09T13:55:00,C0203,in,940.71,Veren Ivaskul,AU,card
P007169,2026-05-09T13:55:00,C0197,in,2184.69,Brantas Cernaar,US,card
P001852,2026-05-09T13:59:00,C0166,out,924.58,Veriel Lundraenko,XB,cash
P005592,2026-05-09T14:02:00,C0280,in,1220.59,Velo Lundrayan,FR,card
P005812,2026-05-09T14:04:00,C0096,out,427.84,Henriel Jorelyan,AU,card
P006501,2026-05-09T14:13:00,C0056,out,1471.74,Hennek Davreov,FR,cash
P008835,2026-05-09T14:39:00,C0022,out,2241.07,Rallo Krevoov,GB,wire
P009703,2026-05-09T14:52:00,C0197,in,294.35,Ilydan Pravinski,VN,wire
P005761,2026-05-09T15:01:00,C0059,in,547.31,Dornek Hanreenko,VN,card
P000066,2026-05-09T15:05:00,C0134,in,1248.55,Dortas Jorelyan,FR,wire
P007066,2026-05-09T15:07:00,C0328,out,3346.38,Mordan Jorelyan,US,cash
P004501,2026-05-09T15:16:00,C0161,in,657.34,Mornek Davreenko,DE,wire
P007563,2026-05-09T15:28:00,C0276,out,2543.48,Umivic Lundraes,DE,wire
P011604,2026-05-09T15:58:00,C0394,out,7495.94,Vedan Pravinenko,DE,card
P003143,2026-05-09T16:34:00,C0370,in,1864.02,Talmir Joreles,JP,wire
P007359,2026-05-09T16:35:00,C0089,in,306.81,Tallo Ivaskitz,JP,wire
P008204,2026-05-09T16:50:00,C0213,in,107.88,Feltas Ivaskenko,GB,wire
P012051,2026-05-09T17:00:00,C0210,in,9281.71,Henren Nevicski,US,cash
P005489,2026-05-09T17:16:00,C0338,out,4397.20,Rallo Lundraul,SG,card
P007399,2026-05-09T17:22:00,C0237,in,472.32,Rallo Pravinenko,FR,card
P004003,2026-05-09T17:28:00,C0238,in,5711.50,Umiren Nevicitz,AU,wire
P011105,2026-05-09T17:42:00,C0329,in,629.17,Grevmir Boskoenko,MY,wire
P005076,2026-05-09T17:47:00,C0112,in,2509.30,Zartas Jorelov,AU,card
P004362,2026-05-09T17:50:00,C0209,out,984.73,Velo Ivaskar,US,wire
P012065,2026-05-09T18:00:00,C0352,out,16731.72,Nistas Marosenko,XC,wire
P007429,2026-05-09T18:08:00,C0302,in,82.76,Henmir Hanreyan,SG,wire
P000466,2026-05-09T18:09:00,C0369,in,1491.32,Venek Hanrear,GB,wire
P007603,2026-05-09T18:14:00,C0009,out,1400.86,Kamir Cernaar,SG,wire
P009355,2026-05-09T18:19:00,C0162,out,410.96,Dormir Lundraes,AU,card
P004517,2026-05-09T18:28:00,C0079,in,269.98,Sevriel Davrear,GB,wire
P011120,2026-05-09T18:40:00,C0056,out,419.45,Kamir Hanreyan,AU,wire
P009641,2026-05-09T18:48:00,C0171,out,523.88,Ilynek Krevoski,VN,wire
P001115,2026-05-09T19:27:00,C0043,in,2443.80,Veren Maroses,SG,cash
P005553,2026-05-09T19:31:00,C0054,in,3591.64,Kavic Hanreenko,MY,wire
P007017,2026-05-09T19:43:00,C0012,out,12328.15,Veriel Lundraar,SG,wire
P002303,2026-05-09T19:47:00,C0277,in,714.82,Taldan Lundraes,AU,wire
P002942,2026-05-09T19:48:00,C0085,in,1390.92,Taldan Pravines,AU,card
P003581,2026-05-09T20:01:00,C0001,out,2086.56,Zarren Pravinitz,XC,wire
P008187,2026-05-09T20:29:00,C0222,in,763.28,Nistas Pravinenko,DE,card
P001196,2026-05-09T20:38:00,C0362,in,1160.00,Grevlo Gostynes,XB,wire
P006592,2026-05-09T20:50:00,C0170,in,562.26,Hentas Krevoov,FR,wire
P002522,2026-05-09T20:59:00,C0122,in,6074.00,Kalo Davreski,VN,wire
P007051,2026-05-09T21:19:00,C0171,in,2179.14,Feldan Lundraes,DE,wire
P001123,2026-05-09T21:53:00,C0111,in,6394.55,Zarvic Enkoes,DE,wire
P006669,2026-05-09T22:40:00,C0244,out,777.31,Sevriel Joreles,XB,wire
P003062,2026-05-09T22:53:00,C0030,in,1786.43,Ilylo Farelyan,FR,wire
P012066,2026-05-09T23:00:00,C0352,out,16731.72,Branlo Boskoitz,XB,wire
P005323,2026-05-09T23:07:00,C0167,out,800.41,Umilo Boskoenko,DE,wire
P010613,2026-05-09T23:31:00,C0297,out,4539.04,Kavic Lundraenko,US,cash
P006933,2026-05-09T23:42:00,C0163,in,1107.95,Veren Farelitz,GB,wire
P011856,2026-05-10T00:31:00,C0128,out,2758.26,Henren Lundraul,AU,wire
P010502,2026-05-10T00:34:00,C0066,out,1560.03,Branren Nevices,JP,card
P008331,2026-05-10T01:21:00,C0284,in,4339.53,Sevlo Cernaul,SG,card
P004969,2026-05-10T01:34:00,C0366,in,7992.92,Mornek Ivaskyan,KR,wire
P005182,2026-05-10T01:44:00,C0020,in,1426.02,Ostdan Fareles,SG,wire
P009131,2026-05-10T01:44:00,C0243,in,2070.76,Felvic Ivaskitz,VN,wire
P004624,2026-05-10T01:53:00,C0146,in,493.12,Ralren Nevicar,KR,wire
P007744,2026-05-10T02:07:00,C0207,out,410.00,Ostmir Hanrees,AU,card
P008458,2026-05-10T02:19:00,C0269,in,4696.30,Branriel Marosenko,VN,wire
P001604,2026-05-10T02:22:00,C0112,out,760.94,Grevdan Jorelar,VN,wire
P004508,2026-05-10T02:34:00,C0061,in,221.12,Sevmir Ivaskyan,SG,wire
P009895,2026-05-10T02:39:00,C0136,out,2967.04,Brantas Boskoar,AU,wire
P010808,2026-05-10T02:50:00,C0046,in,562.34,Dorvic Enkoul,DE,wire
P006629,2026-05-10T02:51:00,C0213,out,615.36,Dornek Krevoov,JP,card
P003673,2026-05-10T02:52:00,C0100,in,626.57,Ilylo Enkoenko,US,cash
P011418,2026-05-10T02:52:00,C0192,out,735.19,Morren Cernayan,MY,wire
P009888,2026-05-10T03:22:00,C0155,out,2792.45,Zarvic Marosyan,AU,card
P005560,2026-05-10T03:28:00,C0393,in,286.74,Morlo Jorelenko,JP,card
P007596,2026-05-10T03:33:00,C0201,in,1282.87,Grevriel Krevoenko,MY,card
P000863,2026-05-10T03:36:00,C0153,in,938.98,Osttas Farelitz,JP,wire
P001826,2026-05-10T03:40:00,C0021,out,1945.64,Ilytas Hanreski,US,card
P004602,2026-05-10T03:45:00,C0093,in,2949.40,Branriel Enkoar,US,card
P008386,2026-05-10T04:00:00,C0069,in,446.64,Morlo Davreov,XA,wire
P007655,2026-05-10T04:18:00,C0322,out,3561.16,Zarriel Farelyan,US,wire
P010793,2026-05-10T04:27:00,C0247,in,1322.67,Nisren Aldreski,GB,wire
P002011,2026-05-10T04:47:00,C0301,out,3733.33,Zarriel Krevoul,JP,wire
P009155,2026-05-10T05:01:00,C0065,in,9302.65,Ostlo Boskoul,FR,wire
P008822,2026-05-10T05:06:00,C0257,out,4020.21,Zartas Pravinenko,MY,wire
P011908,2026-05-10T05:13:00,C0192,in,2057.29,Mornek Nevicenko,DE,wire
P001261,2026-05-10T05:21:00,C0366,out,740.76,Ostdan Hanreenko,US,cash
P010873,2026-05-10T05:26:00,C0026,out,477.99,Dorvic Enkoul,AU,wire
P006263,2026-05-10T05:37:00,C0227,out,487.41,Talren Nevicov,VN,wire
P007456,2026-05-10T05:50:00,C0074,in,429.30,Branren Nevices,AU,wire
P004760,2026-05-10T06:00:00,C0285,out,2699.63,Ilylo Gostynski,DE,cash
P003273,2026-05-10T06:24:00,C0063,in,224.15,Henmir Krevoyan,FR,wire
P010151,2026-05-10T06:30:00,C0297,out,901.48,Dorlo Enkoski,VN,cash
P001752,2026-05-10T07:05:00,C0300,out,829.61,Morlo Jorelenko,US,wire
P003755,2026-05-10T07:22:00,C0276,in,163.25,Hennek Davreov,KR,card
P003540,2026-05-10T07:35:00,C0326,in,735.08,Henriel Jorelyan,US,cash
P005662,2026-05-10T07:35:00,C0172,out,425.26,Morriel Krevoski,AU,wire
P009677,2026-05-10T07:38:00,C0340,in,169.29,Dormir Davreul,MY,wire
P000623,2026-05-10T07:42:00,C0033,out,2419.74,Grevriel Davreyan,MY,wire
P004649,2026-05-10T07:46:00,C0377,in,7194.09,Zarriel Farelenko,FR,wire
P003665,2026-05-10T08:15:00,C0204,out,1404.73,Nisriel Gostynar,KR,wire
P008015,2026-05-10T08:22:00,C0367,in,1524.16,Grevdan Aldrear,DE,wire
P006720,2026-05-10T09:03:00,C0264,out,2279.36,Raldan Marosyan,MY,wire
P006021,2026-05-10T09:10:00,C0150,in,765.81,Tallo Hanreenko,SG,wire
P007788,2026-05-10T09:26:00,C0155,out,1308.26,Feldan Hanreov,AU,cash
P008487,2026-05-10T09:35:00,C0155,in,3498.89,Vevic Boskoyan,SG,wire
P011727,2026-05-10T09:38:00,C0302,in,1120.00,Felren Davreyan,DE,wire
P004999,2026-05-10T09:54:00,C0014,in,337.27,Sevriel Farelul,DE,card
P010768,2026-05-10T10:01:00,C0389,out,6588.40,Ralriel Orzekyan,DE,wire
P001727,2026-05-10T10:03:00,C0072,in,361.25,Vedan Davreul,GB,wire
P005638,2026-05-10T10:03:00,C0070,in,2150.02,Morriel Marositz,VN,wire
P011122,2026-05-10T10:25:00,C0112,in,1524.50,Henren Gostynski,FR,card
P002906,2026-05-10T10:28:00,C0163,in,792.09,Kariel Nevicitz,US,wire
P008134,2026-05-10T10:37:00,C0370,out,479.92,Feldan Hanreov,AU,wire
P010530,2026-05-10T10:57:00,C0081,in,1706.75,Hennek Jorelyan,FR,wire
P009489,2026-05-10T10:58:00,C0057,in,300.75,Grevdan Lundraul,KR,wire
P012034,2026-05-10T11:00:00,C0201,in,9177.42,Umiriel Gostynitz,US,cash
P000311,2026-05-10T11:08:00,C0010,out,2383.82,Rallo Pravinenko,DE,wire
P009803,2026-05-10T11:08:00,C0095,in,4041.04,Mordan Enkoes,SG,wire
P003112,2026-05-10T11:43:00,C0071,out,4611.70,Henren Farelitz,US,card
P010723,2026-05-10T11:45:00,C0267,in,246.92,Kamir Hanreyan,GB,cash
P003738,2026-05-10T12:01:00,C0010,out,1332.87,Grevlo Boskoitz,MY,wire
P003610,2026-05-10T12:10:00,C0111,out,5834.03,Grevtas Pravinul,VN,wire
P009576,2026-05-10T13:24:00,C0223,in,4231.14,Talmir Lundraes,DE,card
P006404,2026-05-10T13:25:00,C0178,in,1678.72,Dornek Krevoov,SG,wire
P004614,2026-05-10T14:09:00,C0237,out,4027.71,Zarren Pravinitz,KR,wire
P005913,2026-05-10T14:17:00,C0119,out,135.38,Henriel Cernaes,MY,cash
P006506,2026-05-10T14:29:00,C0308,out,514.45,Henriel Jorelyan,AU,wire
P005828,2026-05-10T14:49:00,C0067,out,1123.45,Raltas Enkoenko,JP,card
P004166,2026-05-10T14:50:00,C0035,out,3024.46,Kanek Boskoyan,AU,wire
P004756,2026-05-10T14:51:00,C0018,in,623.81,Ilyriel Boskoenko,FR,wire
P000656,2026-05-10T14:54:00,C0286,in,1859.69,Ilynek Jorelitz,SG,card
P006205,2026-05-10T14:59:00,C0322,in,3021.92,Morlo Krevoenko,AU,wire
P006092,2026-05-10T15:08:00,C0020,out,229.91,Sevren Jorelenko,VN,wire
P009144,2026-05-10T15:31:00,C0189,in,3465.26,Hentas Gostynitz,JP,wire
P010860,2026-05-10T15:44:00,C0215,out,1412.45,Ilydan Krevoes,US,wire
P009795,2026-05-10T15:50:00,C0096,out,672.87,Zarlo Jorelar,KR,wire
P000199,2026-05-10T16:04:00,C0139,in,1994.34,Grevmir Farelenko,JP,wire
P004869,2026-05-10T16:05:00,C0149,out,466.85,Mordan Enkoes,DE,wire
P006431,2026-05-10T16:10:00,C0258,in,1459.94,Umimir Pravinul,KR,wire
P008821,2026-05-10T16:25:00,C0353,in,1716.06,Felren Davreov,KR,wire
P011089,2026-05-10T16:49:00,C0195,in,2034.34,Uminek Cernaski,MY,card
P002807,2026-05-10T16:51:00,C0130,in,1685.37,Morvic Pravines,VN,wire
P008322,2026-05-10T16:53:00,C0342,out,1189.82,Dorren Hanrear,SG,card
P008373,2026-05-10T16:56:00,C0326,in,283.71,Morriel Ivaskenko,JP,wire
P009013,2026-05-10T16:56:00,C0379,in,746.07,Brandan Hanreitz,KR,wire
P003216,2026-05-10T17:01:00,C0247,in,4042.69,Henmir Enkoski,FR,card
P004712,2026-05-10T17:05:00,C0162,out,779.49,Dortas Jorelyan,JP,wire
P005384,2026-05-10T17:07:00,C0164,in,5371.00,Feltas Aldrear,MY,wire
P006741,2026-05-10T17:22:00,C0008,in,663.00,Velo Pravinenko,GB,wire
P002211,2026-05-10T17:28:00,C0195,in,911.25,Zarmir Orzekyan,VN,card
P007978,2026-05-10T17:29:00,C0343,in,14114.91,Ilymir Orzeksenko,JP,wire
P010408,2026-05-10T17:33:00,C0338,in,3345.56,Nisdan Pravinyan,DE,card
P009227,2026-05-10T17:41:00,C0354,in,3141.93,Vevic Lundraitz,FR,wire
P006365,2026-05-10T17:51:00,C0082,out,1492.62,Talren Lundrayan,US,wire
P008432,2026-05-10T17:57:00,C0320,out,16828.38,Ralmir Orzekul,XB,wire
P001381,2026-05-10T18:13:00,C0029,out,908.78,Branlo Ivaskenko,GB,card
P008213,2026-05-10T18:38:00,C0082,in,1097.48,Ralmir Orzekul,JP,wire
P010744,2026-05-10T18:42:00,C0360,out,2240.95,Branlo Ivaskenko,MY,wire
P008192,2026-05-10T18:44:00,C0331,out,3383.41,Vedan Pravinenko,MY,cash
P003162,2026-05-10T18:51:00,C0107,out,3197.40,Kanek Krevoski,MY,wire
P006725,2026-05-10T19:06:00,C0040,out,1287.05,Sevmir Farelov,JP,wire
P010862,2026-05-10T19:14:00,C0144,in,1179.16,Kadan Aldreov,DE,cash
P006936,2026-05-10T19:19:00,C0149,in,2122.40,Nismir Aldrear,KR,wire
P001833,2026-05-10T19:27:00,C0324,in,200.95,Felriel Lundraski,DE,wire
P008464,2026-05-10T19:29:00,C0099,out,547.22,Branren Farelski,AU,wire
P005959,2026-05-10T19:34:00,C0211,in,1195.76,Zarlo Orzekes,FR,wire
P006920,2026-05-10T19:36:00,C0023,in,12921.00,Vetas Hanreov,SG,wire
P009390,2026-05-10T19:54:00,C0158,in,3196.47,Nisriel Pravinar,KR,wire
P001502,2026-05-10T20:08:00,C0176,in,367.28,Hendan Gostynov,MY,wire
P011197,2026-05-10T20:18:00,C0085,in,2454.19,Veren Gostynar,MY,wire
P004008,2026-05-10T20:23:00,C0319,out,2346.46,Ralren Hanreyan,JP,wire
P009597,2026-05-10T20:28:00,C0369,out,1571.59,Dordan Pravinov,SG,wire
P003269,2026-05-10T20:46:00,C0391,in,432.00,Ralnek Farelski,MY,wire
P000398,2026-05-10T20:53:00,C0050,in,545.98,Ostmir Aldrees,GB,card
P009393,2026-05-10T20:54:00,C0347,in,197.83,Vetas Boskoyenko,FR,card
P011613,2026-05-10T21:30:00,C0263,out,1969.42,Vemir Farelyan,KR,wire
P002978,2026-05-10T21:33:00,C0320,out,1795.05,Branlo Farelar,XB,cash
P002627,2026-05-10T21:34:00,C0065,in,185.56,Ostdan Farelski,US,wire
P007405,2026-05-10T21:36:00,C0129,in,289.87,Vedan Nevicyan,KR,wire
P011224,2026-05-10T21:36:00,C0295,in,81.46,Velo Hanreski,KR,card
P007296,2026-05-10T21:46:00,C0349,out,1864.80,Nisnek Krevoitz,MY,cash
P003307,2026-05-10T22:15:00,C0170,out,248.58,Feldan Boskoov,VN,card
P011835,2026-05-10T22:16:00,C0264,in,2513.12,Veren Cernaenko,US,card
P001263,2026-05-10T22:47:00,C0006,in,552.43,Ostvic Aldreski,JP,card
P000014,2026-05-10T22:51:00,C0244,in,1065.62,Sevlo Cernaitz,SG,wire
P000979,2026-05-10T22:59:00,C0007,in,482.72,Sevlo Boskoov,DE,wire
P010135,2026-05-10T23:18:00,C0247,out,807.32,Henren Farelitz,MY,cash
P004064,2026-05-10T23:21:00,C0317,out,2455.09,Zarlo Orzekes,AU,wire
P011461,2026-05-10T23:44:00,C0377,in,662.74,Mortas Aldrear,KR,wire
P010020,2026-05-10T23:56:00,C0211,in,2230.35,Grevnek Hanreenko,DE,wire
P007710,2026-05-11T00:35:00,C0074,out,2848.96,Zarren Nevicenko,FR,cash
P001130,2026-05-11T00:48:00,C0180,in,1540.64,Ostriel Aldreov,KR,wire
P001391,2026-05-11T01:08:00,C0284,in,1538.34,Taldan Boskoenko,GB,wire
P003379,2026-05-11T01:21:00,C0078,in,1861.56,Nisnek Nevicul,MY,wire
P002852,2026-05-11T01:24:00,C0212,in,228.92,Dorlo Maroses,US,wire
P002577,2026-05-11T01:26:00,C0235,in,567.65,Sevmir Pravinov,VN,wire
P008964,2026-05-11T01:35:00,C0270,in,1508.56,Grevlo Orzekski,US,cash
P010868,2026-05-11T01:36:00,C0313,out,2730.36,Sevdan Ivaskitz,SG,wire
P011003,2026-05-11T01:44:00,C0039,in,268.48,Katas Pravines,US,card
P008830,2026-05-11T01:46:00,C0349,out,275.33,Talren Krevoenko,AU,cash
P001056,2026-05-11T01:53:00,C0358,in,1148.74,Felriel Hanreov,GB,wire
P009661,2026-05-11T02:01:00,C0205,out,20657.68,Dornek Hanreenko,AU,wire
P002289,2026-05-11T02:11:00,C0170,in,332.90,Veren Pravinyan,FR,wire
P002513,2026-05-11T02:22:00,C0396,out,1698.21,Talren Pravinar,US,wire
P000379,2026-05-11T02:48:00,C0195,out,786.62,Dormir Ivaskar,XB,wire
P010023,2026-05-11T02:50:00,C0244,in,4777.77,Veren Davreul,US,card
P010348,2026-05-11T02:56:00,C0372,out,3192.42,Umilo Aldreul,GB,wire
P007489,2026-05-11T03:00:00,C0173,in,358.03,Felmir Gostynyan,VN,card
P007094,2026-05-11T03:09:00,C0342,out,165.19,Raltas Jorelyan,FR,wire
P006734,2026-05-11T03:10:00,C0314,out,738.26,Sevmir Enkoienko,DE,wire
P001007,2026-05-11T03:15:00,C0092,in,97.81,Nisren Marositz,KR,wire
P007669,2026-05-11T03:45:00,C0127,out,1651.25,Grevren Ivaskar,FR,wire
P007062,2026-05-11T03:52:00,C0337,out,4932.93,Sevtas Pravinski,KR,card
P011651,2026-05-11T03:54:00,C0122,out,303.19,Branvic Boskoitz,VN,wire
P004925,2026-05-11T03:57:00,C0363,out,375.91,Tallo Jorelar,MY,wire
P008817,2026-05-11T04:05:00,C0370,in,4529.73,Nisriel Cernayan,DE,card
P007578,2026-05-11T04:11:00,C0090,in,270.92,Sevren Nevicyan,GB,card
P010535,2026-05-11T04:12:00,C0001,out,1648.36,Mordan Jorelyan,FR,wire
P004005,2026-05-11T04:17:00,C0266,out,275.26,Zarnek Hanreyan,AU,cash
P000638,2026-05-11T04:41:00,C0349,in,445.56,Nislo Davresenko,DE,cash
P011477,2026-05-11T04:52:00,C0283,out,5355.14,Venek Hanrear,SG,wire
P007665,2026-05-11T05:04:00,C0021,in,2567.84,Velo Ivaskar,XC,cash
P011539,2026-05-11T05:24:00,C0137,out,904.63,Umiren Davreov,AU,wire
P001057,2026-05-11T05:33:00,C0093,in,3655.69,Nismir Krevoar,SG,wire
P001696,2026-05-11T05:40:00,C0171,in,366.85,Felren Davreyan,GB,wire
P004755,2026-05-11T05:51:00,C0078,in,4075.19,Sevren Farelul,MY,card
P002684,2026-05-11T06:32:00,C0252,in,3791.10,Ralriel Aldreenko,AU,wire
P000975,2026-05-11T06:40:00,C0062,in,348.79,Grevnek Hanreenko,VN,wire
P003594,2026-05-11T06:47:00,C0354,in,13663.20,Dortas Jorelyan,MY,card
P005728,2026-05-11T06:53:00,C0098,out,6584.86,Zardan Farelitz,DE,wire
P001876,2026-05-11T06:54:00,C0382,in,5048.34,Ilyriel Pravinenko,VN,wire
P003190,2026-05-11T07:05:00,C0055,in,852.65,Ilytas Davreenko,AU,wire
P006256,2026-05-11T07:31:00,C0155,in,97.94,Ilydan Pravinski,XA,wire
P008548,2026-05-11T07:33:00,C0011,in,1974.99,Taldan Marosov,AU,wire
P011346,2026-05-11T08:25:00,C0345,in,1208.37,Grevmir Farelenko,VN,wire
P010539,2026-05-11T08:30:00,C0145,in,92.23,Ostdan Pravinyan,SG,cash
P011295,2026-05-11T08:30:00,C0061,out,555.10,Ilydan Ivasksenko,MY,wire
P011540,2026-05-11T09:13:00,C0398,out,202.94,Mordan Enkoyan,AU,wire
P000041,2026-05-11T09:14:00,C0316,in,908.90,Umiriel Pravinitz,MY,wire
P004341,2026-05-11T09:14:00,C0294,in,289.92,Zarmir Krevoov,MY,card
P010489,2026-05-11T09:16:00,C0003,in,208.47,Zarmir Orzekar,DE,wire
P001448,2026-05-11T09:35:00,C0128,in,1169.05,Hentas Krevoul,VN,wire
P007692,2026-05-11T09:40:00,C0138,in,863.71,Sevlo Cernaitz,US,wire
P002419,2026-05-11T09:57:00,C0148,in,1565.42,Ilymir Enkoar,DE,wire
P006929,2026-05-11T09:59:00,C0189,out,1188.80,Ostriel Orzekenko,US,card
P008228,2026-05-11T10:04:00,C0231,in,1546.72,Ilylo Krevoul,VN,wire
P004468,2026-05-11T10:26:00,C0337,in,2071.17,Henren Enkoitz,AU,card
P005071,2026-05-11T11:05:00,C0132,in,335.83,Henvic Fareles,KR,card
P006578,2026-05-11T11:06:00,C0091,out,1347.74,Vevic Orzekul,VN,wire
P003007,2026-05-11T11:18:00,C0062,in,1445.50,Talnek Pravines,AU,wire
P009226,2026-05-11T11:36:00,C0220,out,3442.17,Kalo Cernaes,SG,cash
P009869,2026-05-11T12:07:00,C0084,out,4261.53,Sevriel Cernaes,AU,wire
P000385,2026-05-11T12:18:00,C0092,out,1389.34,Taltas Hanrees,AU,wire
P000366,2026-05-11T12:33:00,C0139,in,2738.22,Fello Boskoitz,SG,wire
P001169,2026-05-11T12:36:00,C0327,out,701.53,Grevlo Farelitz,AU,wire
P001237,2026-05-11T12:46:00,C0177,in,3373.44,Ostnek Nevicenko,GB,wire
P007415,2026-05-11T12:55:00,C0149,in,977.77,Umiriel Cernaski,MY,wire
P010418,2026-05-11T13:06:00,C0184,in,536.37,Veren Ivaskov,US,card
P002125,2026-05-11T13:12:00,C0262,out,205.08,Branren Lundrayan,VN,wire
P000494,2026-05-11T13:44:00,C0228,out,330.15,Morlo Cernaitz,JP,wire
P010223,2026-05-11T13:53:00,C0180,in,1224.48,Felmir Nevicitz,MY,wire
P000958,2026-05-11T14:00:00,C0010,in,918.54,Raltas Gostynitz,FR,cash
P009237,2026-05-11T14:08:00,C0046,in,2260.42,Grevvic Marosov,GB,wire
P002467,2026-05-11T14:20:00,C0063,out,6232.78,Dormir Lundraes,FR,wire
P011066,2026-05-11T14:22:00,C0048,in,7228.53,Felren Ivaskes,VN,card
P007330,2026-05-11T14:26:00,C0091,in,264.63,Ostriel Lundraul,KR,wire
P007427,2026-05-11T14:43:00,C0085,in,455.89,Umivic Orzekski,KR,card
P008111,2026-05-11T14:44:00,C0333,out,2605.37,Ilytas Enkoski,DE,card
P005440,2026-05-11T14:48:00,C0221,in,591.70,Sevtas Davreyan,GB,card
P009942,2026-05-11T14:49:00,C0386,out,1316.59,Zarnek Ivaskul,FR,wire
P006384,2026-05-11T14:50:00,C0359,in,876.35,Zarvic Nevicov,FR,wire
P008975,2026-05-11T14:52:00,C0243,out,1178.50,Sevtas Pravinski,SG,wire
P009305,2026-05-11T15:03:00,C0019,out,747.68,Talriel Farelar,AU,wire
P008145,2026-05-11T15:08:00,C0088,out,314.47,Kadan Aldreov,FR,wire
P009549,2026-05-11T15:11:00,C0368,in,386.64,Grevlo Boskoitz,DE,wire
P007494,2026-05-11T15:13:00,C0298,in,174.01,Grevmir Cernayan,XA,wire
P001930,2026-05-11T15:26:00,C0365,out,206.00,Henmir Krevoyan,JP,cash
P000830,2026-05-11T15:32:00,C0017,out,2847.42,Felnek Enkoitz,FR,card
P007419,2026-05-11T15:39:00,C0034,out,980.17,Nislo Krevoul,FR,wire
P010458,2026-05-11T15:58:00,C0188,out,3077.19,Talriel Cernaov,AU,card
P010841,2026-05-11T16:08:00,C0154,in,1265.28,Branren Lundrayan,MY,wire
P001953,2026-05-11T16:25:00,C0337,in,1870.21,Dormir Farelski,XC,card
P003030,2026-05-11T16:27:00,C0115,in,153.11,Morvic Gostynenko,MY,wire
P005519,2026-05-11T16:27:00,C0397,in,513.23,Ralnek Farelski,KR,wire
P004768,2026-05-11T16:29:00,C0164,in,3369.34,Dorren Marosenko,FR,card
P007609,2026-05-11T16:38:00,C0152,in,1341.96,Umiren Nevicitz,MY,card
P001989,2026-05-11T16:42:00,C0024,out,811.99,Ostlo Boskoul,SG,wire
P003972,2026-05-11T16:42:00,C0163,out,375.33,Brantas Cernaar,XA,wire
P012052,2026-05-11T17:00:00,C0210,in,9013.64,Talriel Ivaskitz,US,cash
P001014,2026-05-11T17:24:00,C0157,out,2826.90,Zardan Farelitz,FR,wire
P002877,2026-05-11T17:28:00,C0115,out,1530.45,Grevlo Farelitz,VN,wire
P011898,2026-05-11T17:41:00,C0092,out,633.39,Mormir Gostynenko,XA,wire
P002860,2026-05-11T17:52:00,C0041,out,1600.20,Ostnek Lundrayenko,VN,wire
P003460,2026-05-11T17:54:00,C0034,out,389.41,Raltas Farelitz,XA,wire
P005573,2026-05-11T17:58:00,C0144,out,1358.29,Felriel Lundraski,DE,wire
P009756,2026-05-11T18:07:00,C0176,out,1380.90,Grevtas Jorelitz,GB,wire
P002853,2026-05-11T18:12:00,C0322,out,5578.52,Grevvic Hanreitz,GB,card
P004920,2026-05-11T18:56:00,C0127,in,1119.68,Talmir Lundraes,AU,wire
P007831,2026-05-11T19:13:00,C0230,in,1303.84,Hentas Nevicenko,VN,cash
P009570,2026-05-11T19:24:00,C0167,in,2512.62,Ralnek Maroses,SG,cash
P008884,2026-05-11T19:32:00,C0353,in,2967.69,Zarnek Jorelitz,US,wire
P004543,2026-05-11T19:33:00,C0312,in,1557.58,Ralnek Lundraenko,AU,wire
P004134,2026-05-11T19:37:00,C0372,in,1715.60,Tallo Jorelov,AU,cash
P005196,2026-05-11T19:41:00,C0026,in,6554.75,Tallo Farelar,GB,wire
P011302,2026-05-11T19:49:00,C0104,in,82.14,Branren Nevicyan,MY,wire
P002261,2026-05-11T20:01:00,C0084,out,1715.68,Ilytas Enkoski,XA,wire
P010355,2026-05-11T20:39:00,C0348,out,206.71,Henren Cernayan,JP,wire
P005041,2026-05-11T20:49:00,C0092,in,2915.30,Feldan Boskoov,FR,wire
P000733,2026-05-11T20:52:00,C0251,in,351.45,Ostriel Boskoitz,VN,wire
P005300,2026-05-11T21:02:00,C0276,in,1765.60,Sevdan Davreitz,FR,wire
P008789,2026-05-11T21:04:00,C0136,in,2753.94,Venek Aldreov,AU,wire
P011907,2026-05-11T21:38:00,C0227,in,987.44,Branlo Marosyan,US,wire
P009760,2026-05-11T21:53:00,C0054,out,3270.71,Mornek Jorelitz,SG,cash
P000130,2026-05-11T21:57:00,C0116,in,435.29,Talren Pravinar,GB,wire
P007495,2026-05-11T22:10:00,C0086,in,975.80,Dorren Marosenko,KR,card
P005835,2026-05-11T22:28:00,C0239,out,806.05,Morriel Farelenko,SG,wire
P004202,2026-05-11T22:38:00,C0189,out,2017.90,Morriel Ivaskenko,MY,wire
P009379,2026-05-11T22:54:00,C0156,in,3000.36,Dorlo Enkoski,VN,wire
P004159,2026-05-11T23:18:00,C0273,out,996.85,Ralren Pravines,KR,wire
P004673,2026-05-11T23:37:00,C0287,out,436.86,Ilyriel Jorelar,FR,wire
P009421,2026-05-11T23:37:00,C0383,out,5901.81,Mormir Jorelyan,SG,cash
P001315,2026-05-12T00:00:00,C0294,in,117.40,Umiriel Davrear,AU,wire
P005669,2026-05-12T00:32:00,C0349,out,802.37,Sevriel Davreski,JP,card
P011725,2026-05-12T00:38:00,C0162,in,9891.73,Hennek Gostynitz,DE,wire
P002187,2026-05-12T00:46:00,C0003,in,4574.34,Zarlo Cernaar,DE,wire
P002361,2026-05-12T01:10:00,C0320,in,2515.86,Nisren Aldreski,US,cash
P009513,2026-05-12T01:12:00,C0149,in,4224.70,Felriel Aldreov,US,wire
P007431,2026-05-12T01:19:00,C0361,in,821.83,Mordan Davreitz,JP,wire
P003867,2026-05-12T01:34:00,C0291,in,7339.70,Talvic Davrees,SG,wire
P011339,2026-05-12T01:37:00,C0065,out,12024.93,Mortas Orzekyan,FR,wire
P004754,2026-05-12T01:47:00,C0300,out,4757.18,Umimir Nevicov,AU,wire
P000351,2026-05-12T02:03:00,C0130,in,55.34,Morren Cernayan,JP,wire
P010242,2026-05-12T02:17:00,C0177,out,3526.11,Ostmir Gostynenko,JP,wire
P005000,2026-05-12T02:44:00,C0064,in,423.64,Henren Cernaitz,XB,wire
P005081,2026-05-12T02:44:00,C0109,in,221.15,Grevdan Pravinul,VN,wire
P009978,2026-05-12T02:46:00,C0234,in,534.05,Ilymir Krevoenko,VN,card
P008930,2026-05-12T02:54:00,C0344,in,4785.88,Dornek Krevoov,MY,card
P005022,2026-05-12T02:56:00,C0090,in,3179.66,Talmir Maroses,VN,card
P000838,2026-05-12T03:18:00,C0220,out,1716.34,Nislo Davresenko,MY,cash
P008285,2026-05-12T03:23:00,C0261,out,171.24,Dorren Ivaskitz,FR,wire
P001706,2026-05-12T03:24:00,C0155,out,1630.97,Ralriel Orzekyan,FR,wire
P009496,2026-05-12T03:42:00,C0082,out,1615.17,Raltas Aldreenko,MY,wire
P009196,2026-05-12T03:52:00,C0250,in,5945.59,Brannek Davreov,MY,wire
P005789,2026-05-12T04:02:00,C0095,in,356.06,Ilydan Ivasksenko,FR,wire
P002434,2026-05-12T04:03:00,C0234,out,3640.21,Ostren Lundraitz,US,card
P002456,2026-05-12T04:17:00,C0302,in,2507.22,Zarvic Ivaskyan,AU,wire
P008732,2026-05-12T04:24:00,C0261,out,905.40,Ostlo Boskoul,AU,wire
P002736,2026-05-12T04:32:00,C0155,in,2901.23,Dorriel Jorelenko,SG,wire
P010671,2026-05-12T04:42:00,C0280,out,307.99,Morvic Gostynenko,VN,card
P002849,2026-05-12T04:50:00,C0105,out,8948.30,Mortas Lundraenko,US,wire
P004421,2026-05-12T05:09:00,C0162,out,507.08,Uminek Orzekul,AU,wire
P006165,2026-05-12T05:25:00,C0202,out,292.40,Branren Gostynyan,US,card
P008612,2026-05-12T05:28:00,C0069,out,383.39,Branren Davreyan,KR,wire
P010635,2026-05-12T05:29:00,C0272,in,3519.94,Vetas Hanreov,KR,cash
P009588,2026-05-12T05:40:00,C0048,out,2607.77,Karen Ivaskyan,XA,wire
P011830,2026-05-12T06:02:00,C0099,out,3644.50,Felvic Gostynyan,GB,wire
P002398,2026-05-12T06:09:00,C0000,in,2640.73,Sevlo Maroses,GB,wire
P001663,2026-05-12T06:26:00,C0324,out,1097.51,Umitas Davreyan,DE,card
P000456,2026-05-12T06:29:00,C0013,in,901.98,Branvic Ivaskitz,SG,wire
P000039,2026-05-12T06:35:00,C0145,out,188.75,Grevlo Orzekar,GB,card
P009362,2026-05-12T06:38:00,C0091,in,1115.98,Ilyren Marosyan,XA,wire
P005715,2026-05-12T06:41:00,C0284,out,824.88,Umiriel Boskoes,KR,wire
P006470,2026-05-12T06:55:00,C0021,out,197.33,Nislo Gostynitz,JP,wire
P011608,2026-05-12T06:55:00,C0155,out,1247.20,Branren Nevicyan,DE,wire
P010706,2026-05-12T07:19:00,C0372,in,737.69,Kalo Pravinski,US,wire
P000241,2026-05-12T07:26:00,C0316,in,4941.19,Zartas Ivaskul,VN,card
P004958,2026-05-12T07:26:00,C0114,out,1879.21,Felnek Pravinenko,US,card
P000295,2026-05-12T07:39:00,C0254,out,640.55,Brandan Hanreitz,XA,wire
P010911,2026-05-12T07:42:00,C0329,in,1609.13,Kamir Orzekar,SG,wire
P006745,2026-05-12T07:45:00,C0206,out,2709.43,Vevic Hanreul,JP,wire
P002590,2026-05-12T08:05:00,C0048,out,1342.45,Kavic Aldreul,XA,wire
P008477,2026-05-12T08:06:00,C0212,in,1433.23,Henren Ivaskski,KR,wire
P010115,2026-05-12T08:18:00,C0369,in,503.13,Kamir Orzekes,JP,cash
P003606,2026-05-12T08:23:00,C0048,in,787.10,Ralnek Maroses,AU,wire
P007387,2026-05-12T08:42:00,C0292,out,459.05,Ostdan Marositz,US,wire
P005948,2026-05-12T08:53:00,C0083,out,4168.19,Branren Nevices,KR,wire
P000881,2026-05-12T09:01:00,C0172,in,1283.42,Nismir Aldrear,MY,wire
P005015,2026-05-12T09:15:00,C0193,in,508.81,Branren Nevices,KR,wire
P011588,2026-05-12T09:24:00,C0021,out,569.89,Grevmir Cernaov,DE,wire
P006895,2026-05-12T09:42:00,C0059,in,971.21,Felriel Hanreov,JP,cash
P011248,2026-05-12T10:10:00,C0321,in,308.26,Umilo Orzekyan,GB,card
P008857,2026-05-12T10:13:00,C0187,in,1182.21,Dorlo Boskoski,GB,wire
P008126,2026-05-12T10:23:00,C0151,in,730.75,Dorriel Jorelenko,GB,card
P010059,2026-05-12T10:25:00,C0270,in,108.49,Grevmir Cernaov,SG,cash
P003984,2026-05-12T10:32:00,C0041,in,1484.98,Henren Krevoitz,DE,wire
P004503,2026-05-12T10:33:00,C0197,in,1687.87,Ostdan Farelski,KR,wire
P008769,2026-05-12T10:38:00,C0057,out,1591.95,Henmir Hanreul,MY,wire
P001573,2026-05-12T10:49:00,C0127,in,3568.09,Osttas Hanreov,FR,card
P005382,2026-05-12T10:57:00,C0157,out,666.95,Uminek Lundraitz,GB,card
P004251,2026-05-12T11:09:00,C0349,in,627.20,Nismir Krevoar,XC,wire
P002936,2026-05-12T11:22:00,C0323,out,863.57,Vedan Davreul,XC,wire
P010368,2026-05-12T11:34:00,C0143,in,1396.13,Kadan Marositz,VN,wire
P000613,2026-05-12T11:39:00,C0277,in,8146.51,Henlo Ivaskski,US,card
P011903,2026-05-12T12:14:00,C0118,in,7186.13,Kamir Davreitz,US,card
P007109,2026-05-12T12:33:00,C0010,out,791.96,Mordan Davreitz,KR,wire
P008629,2026-05-12T12:33:00,C0266,out,398.07,Grevvic Gostynenko,SG,card
P003643,2026-05-12T13:00:00,C0235,out,828.15,Sevdan Pravinitz,JP,cash
P010922,2026-05-12T13:05:00,C0251,in,372.93,Hennek Gostynitz,AU,wire
P011697,2026-05-12T13:06:00,C0153,in,771.76,Ostdan Marositz,VN,wire
P008168,2026-05-12T13:07:00,C0165,out,672.72,Nisriel Gostynar,KR,card
P010505,2026-05-12T13:13:00,C0265,in,1114.14,Zarmir Davreov,GB,wire
P004122,2026-05-12T13:21:00,C0024,out,2730.50,Ralnek Enkoyan,DE,card
P011252,2026-05-12T14:06:00,C0168,out,2584.39,Nismir Hanreov,SG,wire
P002885,2026-05-12T14:44:00,C0382,out,571.89,Grevren Lundraul,VN,wire
P004326,2026-05-12T15:08:00,C0105,in,3700.14,Zarlo Nevicyan,SG,wire
P003346,2026-05-12T15:36:00,C0136,out,440.19,Brandan Gostynitz,JP,wire
P007608,2026-05-12T15:38:00,C0238,in,1959.74,Mordan Jorelyan,JP,wire
P003837,2026-05-12T16:16:00,C0307,in,592.59,Grevlo Ivaskenko,SG,wire
P000261,2026-05-12T16:33:00,C0310,out,342.45,Hentas Gostynitz,GB,card
P008665,2026-05-12T16:37:00,C0340,out,556.50,Grevlo Krevoar,AU,wire
P006032,2026-05-12T16:55:00,C0042,in,491.61,Sevriel Davreski,FR,card
P003175,2026-05-12T17:33:00,C0294,in,405.10,Morlo Pravinenko,GB,wire
P008079,2026-05-12T17:39:00,C0388,out,4740.14,Ostmir Lundraski,SG,wire
P009714,2026-05-12T18:12:00,C0221,out,3336.11,Felriel Lundraski,MY,wire
P011035,2026-05-12T18:14:00,C0004,out,1544.03,Grevvic Marosov,JP,wire
P005880,2026-05-12T18:24:00,C0268,out,2744.29,Nisriel Pravinar,MY,wire
P009564,2026-05-12T18:24:00,C0031,in,713.18,Talnek Pravines,VN,wire
P002457,2026-05-12T18:32:00,C0114,out,908.50,Mordan Cernaul,AU,wire
P003324,2026-05-12T18:38:00,C0135,in,1280.05,Grevlo Boskoitz,JP,wire
P000460,2026-05-12T18:46:00,C0133,out,817.30,Morriel Krevoski,SG,wire
P009053,2026-05-12T19:37:00,C0321,in,539.45,Tallo Hanreenko,VN,wire
P002464,2026-05-12T19:51:00,C0023,in,223.94,Zarren Davreov,SG,cash
P011910,2026-05-12T20:13:00,C0244,out,3301.53,Sevmir Krevoitz,FR,card
P005944,2026-05-12T20:17:00,C0316,out,300.31,Rallo Krevoov,MY,card
P009604,2026-05-12T20:17:00,C0017,out,5766.72,Dorlo Boskoski,AU,wire
P005568,2026-05-12T20:30:00,C0323,out,5521.35,Ralren Pravines,GB,card
P002226,2026-05-12T20:46:00,C0335,out,147.83,Grevmir Farelenko,SG,wire
P010794,2026-05-12T20:46:00,C0138,in,2171.24,Dormir Ivaskar,FR,wire
P001784,2026-05-12T21:03:00,C0318,in,3258.96,Morvic Aldrear,KR,wire
P001095,2026-05-12T21:22:00,C0020,out,1416.99,Branren Davreyan,MY,wire
P001207,2026-05-12T21:45:00,C0302,out,246.76,Henvic Cernaov,MY,wire
P007089,2026-05-12T22:16:00,C0258,out,262.53,Raltas Farelitz,AU,wire
P002027,2026-05-12T22:24:00,C0050,out,5575.14,Kamir Farelul,GB,wire
P007226,2026-05-12T22:56:00,C0317,in,2817.80,Ostriel Boskoenko,VN,wire
P009471,2026-05-12T23:17:00,C0023,in,578.17,Veren Ivaskov,US,wire
P004060,2026-05-12T23:19:00,C0211,in,1110.44,Katas Krevoar,JP,wire
P002223,2026-05-12T23:25:00,C0354,in,373.81,Dormir Ivaskar,GB,wire
P005690,2026-05-12T23:27:00,C0047,in,4832.12,Henriel Krevoitz,US,wire
P005285,2026-05-12T23:28:00,C0068,out,259.48,Nisdan Farelar,VN,card
P011118,2026-05-12T23:36:00,C0187,in,4223.15,Sevlo Aldreenko,US,wire
P004448,2026-05-12T23:37:00,C0331,in,1632.27,Branmir Marosenko,JP,wire
P002667,2026-05-12T23:38:00,C0172,out,82.99,Kariel Enkoov,MY,card
P011209,2026-05-12T23:43:00,C0292,in,2343.63,Kalo Cernaes,MY,wire
P010486,2026-05-12T23:44:00,C0364,in,2407.19,Branlo Ivaskenko,DE,card
P005465,2026-05-12T23:59:00,C0110,out,2663.31,Sevnek Orzekar,SG,wire
P009356,2026-05-13T00:17:00,C0299,in,3257.61,Zarlo Gostynyan,US,wire
P010144,2026-05-13T00:20:00,C0037,in,1114.09,Ostlo Jorelar,AU,card
P002077,2026-05-13T00:23:00,C0125,out,973.30,Kamir Davreitz,VN,wire
P001010,2026-05-13T00:31:00,C0309,out,512.03,Raltas Gostynes,DE,wire
P009190,2026-05-13T00:55:00,C0064,out,301.86,Ilyren Davreitz,DE,wire
P003329,2026-05-13T01:10:00,C0112,out,129.15,Veren Hanrear,SG,wire
P008151,2026-05-13T01:14:00,C0260,out,165.99,Ralnek Lundraul,FR,wire
P001639,2026-05-13T01:21:00,C0285,out,775.12,Talren Nevicov,AU,wire
P002862,2026-05-13T02:03:00,C0061,out,800.34,Mormir Jorelyan,JP,wire
P003785,2026-05-13T02:13:00,C0239,out,266.95,Kavic Aldreul,AU,wire
P010557,2026-05-13T02:33:00,C0074,out,8541.91,Dorren Marosenko,FR,wire
P001055,2026-05-13T02:41:00,C0205,out,1170.37,Branlo Boskoes,JP,wire
P005414,2026-05-13T02:48:00,C0393,out,634.82,Dordan Orzekitz,US,cash
P003618,2026-05-13T02:52:00,C0257,in,481.43,Umiren Davreov,MY,wire
P002406,2026-05-13T02:59:00,C0012,in,2455.37,Ralren Nevicar,AU,wire
P000934,2026-05-13T03:13:00,C0099,in,339.07,Zardan Cernaes,DE,wire
P006847,2026-05-13T03:14:00,C0351,in,2219.08,Brannek Hanreyan,GB,cash
P008641,2026-05-13T03:32:00,C0108,out,5096.94,Felmir Nevicitz,GB,wire
P010920,2026-05-13T04:11:00,C0000,out,4373.80,Ralmir Cernaski,KR,wire
P003206,2026-05-13T04:14:00,C0268,in,4496.10,Henvic Ivaskski,VN,wire
P002119,2026-05-13T04:17:00,C0039,out,784.67,Zarmir Orzekyan,KR,card
P000554,2026-05-13T04:20:00,C0225,out,2962.32,Vetas Boskoyenko,VN,wire
P007804,2026-05-13T04:27:00,C0044,out,1296.57,Ostriel Boskoenko,SG,wire
P004063,2026-05-13T04:35:00,C0047,out,1315.74,Zarmir Orzekyan,GB,wire
P009807,2026-05-13T04:49:00,C0298,in,445.57,Feltas Ivaskenko,DE,card
P010098,2026-05-13T04:56:00,C0081,in,77.33,Osttas Enkoul,AU,wire
P004492,2026-05-13T05:13:00,C0257,in,1502.24,Uminek Aldreul,JP,wire
P001718,2026-05-13T05:37:00,C0254,out,4719.67,Nisdan Farelenko,FR,cash
P009780,2026-05-13T05:38:00,C0108,out,1115.05,Taltas Aldreov,MY,wire
P009117,2026-05-13T05:46:00,C0307,out,4114.90,Ostren Aldreov,MY,wire
P010996,2026-05-13T05:58:00,C0155,in,3020.06,Ralvic Pravinyan,FR,wire
P003859,2026-05-13T06:12:00,C0279,out,738.82,Ilytas Davreenko,FR,cash
P011685,2026-05-13T06:43:00,C0398,out,4706.85,Ilytas Enkoski,SG,cash
P001330,2026-05-13T06:50:00,C0023,in,2751.34,Brandan Boskoski,FR,wire
P006282,2026-05-13T06:53:00,C0036,in,2237.95,Ilylo Farelyan,US,wire
P004042,2026-05-13T06:56:00,C0094,out,4500.22,Dorlo Maroses,KR,wire
P001368,2026-05-13T07:01:00,C0369,in,7808.62,Kariel Orzekski,FR,cash
P002091,2026-05-13T07:17:00,C0076,out,655.92,Grevren Lundrayan,US,wire
P005836,2026-05-13T07:18:00,C0347,in,1322.36,Mordan Enkoes,DE,wire
P001984,2026-05-13T07:31:00,C0040,in,1137.67,Veriel Nevicov,VN,wire
P010126,2026-05-13T08:17:00,C0043,in,1057.09,Talnek Pravines,GB,wire
P003944,2026-05-13T08:20:00,C0014,in,1083.99,Kavic Gostynski,VN,wire
P007127,2026-05-13T08:32:00,C0156,out,420.28,Henvic Cernaov,VN,card
P006786,2026-05-13T09:05:00,C0203,out,2682.97,Henriel Cernaes,AU,wire
P011397,2026-05-13T09:08:00,C0206,in,2015.39,Ilytas Enkoski,SG,card
P009887,2026-05-13T09:23:00,C0118,out,1488.23,Feldan Cernaitz,AU,wire
P011388,2026-05-13T09:30:00,C0005,out,7414.47,Sevvic Jorelski,US,wire
P009896,2026-05-13T09:36:00,C0186,out,1001.77,Henren Enkoitz,MY,wire
P001287,2026-05-13T09:38:00,C0143,out,1526.22,Rallo Lundraul,JP,wire
P004945,2026-05-13T09:50:00,C0354,out,446.45,Ilyren Ivaskyenko,MY,wire
P009611,2026-05-13T09:53:00,C0353,out,334.01,Sevriel Farelenko,GB,card
P011726,2026-05-13T10:19:00,C0043,in,15347.41,Vetas Hanreov,KR,wire
P007083,2026-05-13T10:44:00,C0126,in,3915.12,Talnek Pravines,XB,card
P009969,2026-05-13T10:58:00,C0384,in,1385.95,Ilyriel Boskoenko,KR,wire
P008681,2026-05-13T11:14:00,C0115,out,1404.39,Henriel Orzekenko,SG,card
P004282,2026-05-13T11:17:00,C0035,in,194.38,Sevren Ivaskienko,DE,wire
P008027,2026-05-13T11:51:00,C0331,in,16912.05,Veriel Lundraar,MY,wire
P006051,2026-05-13T11:57:00,C0200,out,1980.41,Dormir Aldreyan,GB,wire
P000112,2026-05-13T12:00:00,C0071,in,1826.01,Ostlo Aldrees,VN,wire
P004562,2026-05-13T12:09:00,C0198,in,2010.77,Zarriel Marositz,GB,card
P011589,2026-05-13T12:14:00,C0278,out,1679.86,Dorvic Gostynov,JP,wire
P002866,2026-05-13T12:33:00,C0090,out,168.87,Talren Boskoski,MY,card
P002208,2026-05-13T12:34:00,C0062,in,376.42,Umiren Pravinul,VN,wire
P005918,2026-05-13T12:54:00,C0272,in,604.63,Ralren Davreski,FR,cash
P011322,2026-05-13T12:59:00,C0168,out,651.26,Sevlo Gostynov,FR,card
P004567,2026-05-13T13:17:00,C0141,in,396.94,Ostdan Ivaskov,JP,wire
P006544,2026-05-13T13:22:00,C0089,out,795.13,Kadan Aldreov,GB,wire
P008974,2026-05-13T13:35:00,C0317,out,2195.05,Osttas Lundraar,US,wire
P011392,2026-05-13T13:38:00,C0366,in,418.10,Kavic Lundraenko,VN,wire
P011623,2026-05-13T13:48:00,C0040,out,955.06,Sevmir Ivaskyan,GB,wire
P010827,2026-05-13T13:53:00,C0361,in,3118.15,Veren Ivaskov,KR,wire
P008350,2026-05-13T14:02:00,C0131,in,1211.27,Dorren Hanreyan,MY,card
P009170,2026-05-13T14:03:00,C0242,out,4618.72,Ostlo Krevoes,DE,wire
P004818,2026-05-13T14:22:00,C0016,in,10206.79,Ostmir Gostynenko,JP,wire
P000499,2026-05-13T14:23:00,C0363,in,1492.93,Velo Pravinenko,JP,wire
P003182,2026-05-13T14:27:00,C0058,out,345.43,Hentas Krevoov,DE,wire
P005400,2026-05-13T15:22:00,C0226,out,325.20,Umilo Enkoski,US,card
P000826,2026-05-13T15:26:00,C0267,out,690.11,Henren Cernaitz,MY,cash
P005796,2026-05-13T15:32:00,C0326,out,116.42,Henren Cernaitz,DE,card
P003028,2026-05-13T15:35:00,C0082,out,258.42,Umivic Cernaov,DE,wire
P004642,2026-05-13T15:57:00,C0013,out,1742.68,Kadan Marositz,FR,wire
P003205,2026-05-13T15:58:00,C0044,in,2587.61,Sevlo Aldrees,JP,card
P002305,2026-05-13T16:02:00,C0314,in,247.12,Ostlo Jorelenko,KR,wire
P002293,2026-05-13T16:16:00,C0104,out,151.27,Felren Gostynul,AU,wire
P007386,2026-05-13T16:20:00,C0190,out,3630.00,Mornek Ivaskyan,AU,wire
P007380,2026-05-13T16:26:00,C0263,out,670.69,Ilydan Krevoes,GB,card
P002615,2026-05-13T16:46:00,C0370,in,2127.88,Felren Gostynul,XB,wire
P000856,2026-05-13T16:48:00,C0178,out,540.03,Zarlo Davreenko,GB,card
P003631,2026-05-13T16:49:00,C0137,out,1907.74,Umitas Orzekar,DE,cash
P005261,2026-05-13T17:21:00,C0227,in,207.16,Fello Cernaitz,JP,card
P006621,2026-05-13T17:29:00,C0285,in,419.67,Ralnek Maroses,DE,card
P006804,2026-05-13T17:30:00,C0382,in,1562.69,Sevriel Nevicar,JP,wire
P010626,2026-05-13T17:36:00,C0382,out,2227.88,Felnek Boskoov,JP,cash
P001066,2026-05-13T17:39:00,C0013,in,850.10,Ilyren Boskoyan,VN,cash
P008557,2026-05-13T17:41:00,C0316,out,579.53,Ilytas Davreenko,FR,wire
P003511,2026-05-13T17:59:00,C0026,in,3183.88,Zarmir Krevoov,US,wire
P009939,2026-05-13T18:06:00,C0360,out,4164.15,Kariel Nevicitz,FR,wire
P007729,2026-05-13T18:36:00,C0030,in,943.88,Branriel Enkoul,MY,card
P004014,2026-05-13T18:40:00,C0317,out,1596.87,Zarriel Gostynar,DE,wire
P004611,2026-05-13T18:48:00,C0241,out,2757.11,Vedan Jorelov,DE,cash
P005862,2026-05-13T18:48:00,C0154,in,1256.39,Hendan Aldreski,JP,wire
P011941,2026-05-13T18:52:00,C0027,in,1674.74,Dorren Hanrear,FR,wire
P009055,2026-05-13T19:03:00,C0293,out,602.39,Nisriel Krevoitz,GB,wire
P001557,2026-05-13T19:18:00,C0230,in,1405.62,Kamir Davreitz,AU,wire
P007534,2026-05-13T19:18:00,C0323,out,1937.35,Umiren Lundraski,KR,wire
P005234,2026-05-13T19:22:00,C0187,in,731.92,Branlo Ivaskenko,MY,wire
P011644,2026-05-13T19:30:00,C0022,out,2387.51,Veriel Lundraar,XB,cash
P002397,2026-05-13T19:40:00,C0328,out,2054.53,Vetas Boskoul,SG,wire
P011382,2026-05-13T19:43:00,C0346,out,1551.72,Rallo Lundraul,SG,wire
P007295,2026-05-13T19:48:00,C0204,out,2253.84,Umitas Orzekar,FR,wire
P011102,2026-05-13T20:01:00,C0340,out,891.27,Ralriel Orzekyan,AU,wire
P000883,2026-05-13T20:51:00,C0227,in,9438.22,Umimir Lundrayan,SG,card
P006060,2026-05-13T20:54:00,C0196,out,4336.76,Hendan Aldreski,MY,wire
P000755,2026-05-13T20:56:00,C0222,out,3189.95,Ralnek Orzekul,FR,card
P003449,2026-05-13T20:58:00,C0259,in,1142.58,Sevdan Lundraenko,AU,wire
P005459,2026-05-13T21:04:00,C0322,out,686.22,Zardan Gostynyan,XC,wire
P006609,2026-05-13T21:04:00,C0314,in,1344.97,Zarvic Orzekenko,KR,cash
P007311,2026-05-13T21:27:00,C0108,in,1086.97,Grevren Gostynes,XA,wire
P010517,2026-05-13T21:28:00,C0017,in,653.94,Hentas Krevoov,VN,cash
P004463,2026-05-13T21:32:00,C0221,in,1149.40,Ostmir Boskoar,AU,cash
P007076,2026-05-13T22:34:00,C0050,in,1255.72,Felriel Aldreov,GB,wire
P006190,2026-05-13T23:04:00,C0358,out,1822.02,Veren Farelul,FR,cash
P007209,2026-05-13T23:32:00,C0367,in,2379.69,Grevdan Pravinul,SG,card
P008203,2026-05-13T23:32:00,C0287,in,387.44,Henvic Ivaskski,XC,card
P011226,2026-05-13T23:36:00,C0342,in,353.09,Sevtas Boskoar,JP,card
P006148,2026-05-13T23:44:00,C0083,out,124.34,Sevtas Davreyan,SG,wire
P010813,2026-05-14T00:11:00,C0189,out,377.19,Nisren Marositz,GB,card
P010299,2026-05-14T00:17:00,C0077,out,3586.82,Henren Ivaskski,FR,cash
P000118,2026-05-14T00:31:00,C0056,in,558.95,Grevriel Krevoenko,AU,wire
P007870,2026-05-14T00:31:00,C0113,in,3802.51,Mornek Ivaskyan,AU,wire
P004779,2026-05-14T01:08:00,C0156,in,456.24,Zartas Ivaskul,VN,wire
P005639,2026-05-14T01:11:00,C0120,in,219.09,Morriel Ivaskenko,GB,cash
P002772,2026-05-14T01:19:00,C0049,out,1436.98,Vevic Boskoyan,GB,card
P007625,2026-05-14T01:46:00,C0127,out,4674.78,Vedan Davreul,FR,wire
P002345,2026-05-14T01:48:00,C0299,in,1289.72,Morren Farelul,DE,wire
P009458,2026-05-14T02:05:00,C0188,in,4305.65,Nislo Farelitz,SG,wire
P005161,2026-05-14T02:09:00,C0197,out,144.50,Zardan Marosski,KR,wire
P001860,2026-05-14T02:25:00,C0275,in,268.35,Umimir Pravinov,MY,wire
P004035,2026-05-14T02:40:00,C0201,in,3452.38,Zarriel Ivaskitz,GB,card
P011458,2026-05-14T02:47:00,C0314,in,2866.29,Nismir Hanreov,SG,wire
P004151,2026-05-14T02:57:00,C0111,in,942.14,Grevlo Boskoski,SG,wire
P002666,2026-05-14T03:52:00,C0293,out,384.05,Kariel Nevicul,MY,card
P008221,2026-05-14T03:52:00,C0116,out,855.20,Talren Boskoski,US,wire
P007907,2026-05-14T04:03:00,C0044,in,254.06,Morvic Pravines,FR,cash
P000431,2026-05-14T04:21:00,C0188,in,522.88,Vemir Farelyan,VN,wire
P001955,2026-05-14T04:21:00,C0234,out,1013.39,Veriel Jorelenko,GB,cash
P007511,2026-05-14T04:24:00,C0153,out,676.33,Nisren Orzekov,SG,wire
P002534,2026-05-14T04:28:00,C0234,out,1916.65,Ilynek Jorelitz,GB,wire
P006634,2026-05-14T04:38:00,C0158,out,968.86,Zartas Enkoar,SG,wire
P009382,2026-05-14T05:24:00,C0214,out,1770.60,Branvic Boskoitz,JP,wire
P000177,2026-05-14T05:25:00,C0248,out,1761.02,Nisren Aldreski,MY,card
P000873,2026-05-14T05:50:00,C0033,in,3697.98,Ostvic Marosar,VN,wire
P005527,2026-05-14T06:14:00,C0040,out,13190.27,Branlo Enkoyan,JP,wire
P000763,2026-05-14T06:32:00,C0188,in,338.19,Mornek Nevicenko,SG,wire
P001367,2026-05-14T06:33:00,C0367,out,1114.26,Mormir Hanreov,KR,card
P002876,2026-05-14T06:33:00,C0349,out,2405.54,Rallo Gostynitz,MY,wire
P008338,2026-05-14T06:34:00,C0212,in,5912.62,Nisriel Cernayan,FR,card
P004753,2026-05-14T06:44:00,C0128,out,1219.06,Morriel Aldreyan,AU,wire
P007196,2026-05-14T06:48:00,C0266,out,313.01,Zarlo Cernaar,GB,wire
P011951,2026-05-14T06:48:00,C0207,in,278.06,Talriel Boskoski,GB,wire
P010255,2026-05-14T06:50:00,C0223,in,1611.25,Ostmir Lundraski,JP,wire
P011846,2026-05-14T07:29:00,C0076,in,2080.29,Grevren Enkoitz,JP,wire
P003413,2026-05-14T07:30:00,C0314,in,2013.23,Grevren Gostynes,VN,card
P002178,2026-05-14T08:03:00,C0323,out,3320.24,Sevriel Cernaes,XC,wire
P009271,2026-05-14T08:24:00,C0177,out,1534.18,Osttas Enkoul,DE,card
P008006,2026-05-14T08:26:00,C0122,out,430.84,Ostdan Hanreenko,DE,wire
P000471,2026-05-14T08:34:00,C0361,out,326.90,Henmir Krevoyan,FR,cash
P001409,2026-05-14T08:36:00,C0117,out,1131.17,Mornek Davreski,GB,card
P004227,2026-05-14T08:38:00,C0094,out,212.55,Raltas Gostynitz,GB,wire
P005112,2026-05-14T08:39:00,C0303,out,2182.31,Umilo Boskoenko,FR,wire
P001690,2026-05-14T08:43:00,C0129,out,495.33,Grevdan Krevoar,VN,wire
P009844,2026-05-14T09:01:00,C0322,out,1214.64,Zartas Pravinenko,AU,wire
P009805,2026-05-14T09:06:00,C0134,in,6204.61,Dorriel Krevoyan,VN,wire
P000713,2026-05-14T09:09:00,C0270,in,401.92,Kalo Krevoar,GB,wire
P009941,2026-05-14T09:19:00,C0123,out,1446.51,Grevren Ivaskar,JP,cash
P008770,2026-05-14T09:28:00,C0240,in,2962.45,Felmir Jorelul,JP,wire
P005405,2026-05-14T09:54:00,C0316,in,665.63,Dortas Boskoov,AU,wire
P000307,2026-05-14T09:58:00,C0327,in,480.02,Ilylo Gostynski,DE,wire
P006599,2026-05-14T10:08:00,C0340,in,820.37,Ralren Lundraes,DE,wire
P011474,2026-05-14T10:22:00,C0349,out,3778.70,Veren Pravinyan,MY,wire
P006085,2026-05-14T10:33:00,C0316,in,389.79,Grevlo Orzekar,KR,wire
P003415,2026-05-14T10:38:00,C0019,in,371.17,Tallo Farelar,DE,cash
P005156,2026-05-14T10:56:00,C0355,out,715.65,Umilo Boskoenko,AU,cash
P002909,2026-05-14T11:01:00,C0116,out,361.21,Grevriel Krevoenko,VN,wire
P005620,2026-05-14T11:03:00,C0397,out,484.36,Vevic Orzekul,MY,wire
P001800,2026-05-14T11:18:00,C0361,out,798.92,Ilymir Krevoenko,GB,wire
P004954,2026-05-14T11:49:00,C0362,in,4305.43,Sevriel Davrear,VN,wire
P005381,2026-05-14T12:05:00,C0149,out,7105.98,Grevnek Aldrees,FR,cash
P005379,2026-05-14T12:10:00,C0158,out,1086.74,Ilydan Davreul,MY,wire
P004571,2026-05-14T12:11:00,C0110,out,1125.75,Ralnek Farelski,JP,wire
P009373,2026-05-14T12:50:00,C0123,in,4062.83,Sevriel Cernaes,FR,card
P008056,2026-05-14T13:17:00,C0253,in,156.46,Umilo Orzekyan,MY,card
P002690,2026-05-14T13:34:00,C0288,in,36.60,Zarlo Davreenko,DE,wire
P000859,2026-05-14T13:57:00,C0147,in,1627.37,Umimir Boskoenko,US,wire
P009886,2026-05-14T14:08:00,C0072,out,265.35,Ilyriel Pravinenko,DE,cash
P010761,2026-05-14T14:14:00,C0337,in,5076.76,Zarnek Boskoul,GB,wire
P011256,2026-05-14T14:15:00,C0254,in,537.76,Mordan Cernaul,FR,wire
P007767,2026-05-14T14:23:00,C0058,out,818.18,Uminek Hanrees,AU,card
P009701,2026-05-14T14:28:00,C0040,out,216.66,Kavic Cernaitz,VN,cash
P002451,2026-05-14T14:46:00,C0174,out,2314.35,Kamir Gostynov,GB,wire
P006255,2026-05-14T14:46:00,C0011,in,282.71,Ilydan Marositz,DE,wire
P008517,2026-05-14T14:49:00,C0271,out,6867.80,Vevic Boskoyan,US,card
P004981,2026-05-14T14:52:00,C0155,out,12901.65,Grevnek Aldrees,US,wire
P006407,2026-05-14T14:58:00,C0216,out,2031.73,Dorlo Maroses,VN,wire
P011068,2026-05-14T15:13:00,C0325,out,232.08,Ostriel Aldreov,DE,wire
P004209,2026-05-14T15:17:00,C0226,out,593.95,Grevlo Farelitz,JP,wire
P011342,2026-05-14T15:42:00,C0129,in,516.10,Grevvic Joreles,JP,wire
P003131,2026-05-14T16:17:00,C0365,in,2265.95,Kavic Aldreul,DE,wire
P001933,2026-05-14T16:36:00,C0313,out,89.73,Talriel Ivaskski,XC,wire
P001234,2026-05-14T16:40:00,C0338,out,3471.54,Kavic Enkoov,AU,wire
P006607,2026-05-14T17:16:00,C0174,in,1282.65,Henvic Cernaov,FR,card
P005421,2026-05-14T17:34:00,C0178,out,243.24,Veren Cernaenko,MY,wire
P007865,2026-05-14T17:41:00,C0333,in,179.83,Sevtas Pravinski,MY,card
P008526,2026-05-14T17:46:00,C0051,in,324.56,Velo Farelski,VN,wire
P001252,2026-05-14T17:47:00,C0110,out,283.55,Kariel Enkoov,FR,wire
P000991,2026-05-14T17:54:00,C0192,out,2612.14,Grevvic Marosov,FR,wire
P007882,2026-05-14T18:13:00,C0174,out,602.56,Ilyren Krevoov,SG,card
P011920,2026-05-14T18:57:00,C0222,in,28.40,Hentas Davreitz,GB,card
P003290,2026-05-14T18:59:00,C0238,out,3917.71,Henmir Krevoes,VN,wire
P002161,2026-05-14T19:04:00,C0199,out,2291.12,Ilytas Davreov,VN,wire
P002390,2026-05-14T19:08:00,C0019,in,939.69,Sevriel Davreski,XA,wire
P004095,2026-05-14T19:17:00,C0040,out,299.49,Umiren Hanreul,DE,cash
P000153,2026-05-14T19:21:00,C0067,in,1478.83,Dorlo Gostynar,GB,card
P011098,2026-05-14T19:22:00,C0234,in,2160.60,Umiriel Pravinitz,KR,wire
P002624,2026-05-14T19:25:00,C0313,out,3740.51,Uminek Orzekul,GB,wire
P000978,2026-05-14T19:28:00,C0214,in,897.90,Ilymir Orzeksenko,US,wire
P004801,2026-05-14T19:37:00,C0122,in,540.23,Grevlo Krevoar,JP,wire
P009725,2026-05-14T19:42:00,C0359,in,8321.60,Nismir Ivaskenko,GB,wire
P011768,2026-05-14T19:50:00,C0145,out,101.47,Sevlo Boskoov,GB,cash
P005528,2026-05-14T20:15:00,C0345,in,584.10,Felren Ivaskov,SG,cash
P001583,2026-05-14T20:16:00,C0390,out,4695.35,Ostren Jorelski,AU,card
P007977,2026-05-14T20:17:00,C0244,out,952.45,Mortas Aldrear,DE,card
P008715,2026-05-14T20:32:00,C0346,in,3985.39,Zarlo Gostynyan,KR,wire
P008795,2026-05-14T20:48:00,C0076,in,947.40,Kalo Pravinov,KR,wire
P000916,2026-05-14T20:54:00,C0199,in,456.26,Umiriel Boskoes,AU,cash
P003537,2026-05-14T21:03:00,C0177,in,2962.33,Branren Aldreitz,JP,wire
P009937,2026-05-14T21:35:00,C0317,in,777.27,Grevtas Jorelitz,SG,wire
P007388,2026-05-14T21:49:00,C0285,out,841.40,Morvic Hanreitz,MY,card
P007424,2026-05-14T21:58:00,C0078,out,391.52,Ostvic Davrear,US,wire
P011015,2026-05-14T22:05:00,C0147,in,861.93,Sevlo Maroses,DE,wire
P007553,2026-05-14T22:10:00,C0187,in,2546.12,Ralnek Hanreenko,US,wire
P011674,2026-05-14T23:20:00,C0377,in,606.06,Ostlo Krevoes,JP,wire
P000604,2026-05-14T23:25:00,C0377,out,4861.15,Dorvic Marosar,US,cash
P002010,2026-05-14T23:25:00,C0210,out,1172.64,Sevvic Pravinenko,FR,wire
P003992,2026-05-15T00:14:00,C0222,in,242.00,Nistas Orzekski,JP,cash
P009417,2026-05-15T00:32:00,C0328,in,435.93,Henriel Cernaes,US,card
P010910,2026-05-15T00:35:00,C0320,out,372.34,Umidan Hanreenko,VN,wire
P009420,2026-05-15T01:04:00,C0068,out,1518.21,Kalo Pravinski,GB,card
P001514,2026-05-15T01:06:00,C0177,in,405.13,Venek Aldreov,XC,card
P004257,2026-05-15T01:06:00,C0394,out,4013.29,Sevlo Boskoov,GB,wire
P008496,2026-05-15T01:15:00,C0068,out,1398.83,Sevtas Lundraitz,KR,card
P009974,2026-05-15T01:19:00,C0140,in,2361.99,Ostriel Boskoitz,US,card
P011606,2026-05-15T01:40:00,C0060,out,2202.80,Ralnek Lundraenko,FR,wire
P007279,2026-05-15T01:50:00,C0171,out,5371.66,Katas Ivaskov,JP,card
P009878,2026-05-15T01:54:00,C0236,out,1344.53,Branmir Ivaskul,US,card
P003002,2026-05-15T01:55:00,C0025,out,1096.55,Nislo Gostynitz,AU,wire
P011026,2026-05-15T02:00:00,C0078,in,1497.13,Zarvic Boskoyan,XB,wire
P007317,2026-05-15T02:30:00,C0262,out,935.31,Talvic Lundraov,AU,wire
P011991,2026-05-15T02:35:00,C0201,out,1135.38,Dorriel Krevoyan,DE,wire
P004015,2026-05-15T02:58:00,C0241,in,244.66,Ostvic Aldreski,KR,wire
P011769,2026-05-15T03:01:00,C0296,out,1813.17,Dortas Joreles,US,card
P011440,2026-05-15T03:09:00,C0391,out,3027.73,Sevtas Lundraitz,JP,cash
P004821,2026-05-15T03:10:00,C0279,in,1307.88,Ostmir Hanrees,VN,cash
P011363,2026-05-15T03:16:00,C0169,out,880.13,Sevdan Gostynski,KR,wire
P008949,2026-05-15T03:35:00,C0023,in,335.90,Taldan Hanreski,KR,wire
P003543,2026-05-15T04:00:00,C0295,in,406.32,Branvic Boskoitz,VN,wire
P005932,2026-05-15T04:10:00,C0121,out,3839.19,Ostmir Boskoar,KR,wire
P007229,2026-05-15T04:28:00,C0265,out,54.68,Hennek Gostynitz,MY,card
P004546,2026-05-15T04:32:00,C0087,out,658.10,Vedan Farelar,SG,wire
P010252,2026-05-15T04:46:00,C0299,out,848.61,Umidan Hanreenko,XB,wire
P002947,2026-05-15T05:01:00,C0145,in,257.33,Mortas Aldrear,JP,wire
P004249,2026-05-15T05:20:00,C0031,in,641.42,Hentas Gostynitz,JP,cash
P009491,2026-05-15T05:22:00,C0102,out,1983.90,Ralnek Farelski,AU,cash
P009842,2026-05-15T05:30:00,C0285,out,4247.90,Raltas Nevicitz,US,wire
P011010,2026-05-15T05:40:00,C0148,in,468.00,Taldan Hanreski,FR,card
P001580,2026-05-15T05:49:00,C0116,in,3459.92,Uminek Orzekul,MY,wire
P005095,2026-05-15T05:54:00,C0019,in,761.24,Zardan Boskoar,AU,card
P002248,2026-05-15T06:12:00,C0398,in,3155.46,Zarmir Krevoski,XC,cash
P009418,2026-05-15T06:12:00,C0225,out,1891.72,Sevren Orzekar,JP,wire
P009696,2026-05-15T06:17:00,C0358,in,277.62,Hentas Gostynitz,SG,wire
P005320,2026-05-15T06:31:00,C0239,in,93.63,Osttas Enkoul,FR,wire
P010700,2026-05-15T07:05:00,C0028,out,1027.53,Zardan Marosski,GB,wire
P008927,2026-05-15T07:12:00,C0391,out,1401.57,Grevmir Ivaskul,DE,wire
P004700,2026-05-15T07:19:00,C0259,in,191.77,Venek Hanreenko,SG,wire
P007550,2026-05-15T07:22:00,C0315,in,1549.38,Ralriel Aldreenko,DE,wire
P008215,2026-05-15T07:49:00,C0251,in,2157.09,Grevdan Marosar,SG,card
P000898,2026-05-15T07:58:00,C0016,out,1967.70,Feldan Lundraes,GB,wire
P003411,2026-05-15T08:01:00,C0096,in,1180.95,Grevren Enkoitz,US,wire
P005915,2026-05-15T08:12:00,C0023,in,606.62,Zartas Gostynar,FR,wire
P001013,2026-05-15T08:27:00,C0043,out,673.76,Ilymir Marosar,VN,wire
P001726,2026-05-15T08:49:00,C0227,in,1405.42,Hendan Gostynov,US,wire
P001522,2026-05-15T08:51:00,C0294,in,1227.74,Sevvic Pravinenko,DE,card
P000203,2026-05-15T08:53:00,C0140,out,818.15,Nisnek Krevoitz,MY,card
P008735,2026-05-15T09:09:00,C0177,in,5259.32,Sevdan Lundraenko,AU,wire
P006387,2026-05-15T09:11:00,C0198,out,1521.67,Ilyren Ivaskar,JP,card
P006857,2026-05-15T09:57:00,C0004,in,1199.78,Ostriel Boskoitz,US,card
P001469,2026-05-15T10:07:00,C0189,in,492.08,Ilyvic Hanreul,AU,wire
P001606,2026-05-15T10:08:00,C0349,out,2222.93,Raldan Nevicul,AU,card
P002973,2026-05-15T10:14:00,C0395,out,3198.10,Mornek Ivaskyan,XB,wire
P010915,2026-05-15T10:14:00,C0340,out,2062.98,Umitas Davreyan,VN,wire
P002813,2026-05-15T10:33:00,C0221,in,2447.27,Tallo Hanreenko,KR,card
P006500,2026-05-15T10:56:00,C0180,out,802.05,Sevlo Maroses,MY,wire
P002900,2026-05-15T11:07:00,C0040,in,1008.66,Ostvic Boskoski,AU,wire
P008062,2026-05-15T11:07:00,C0196,in,159.94,Kadan Boskoov,MY,wire
P011264,2026-05-15T11:16:00,C0170,in,2683.82,Sevlo Davreenko,FR,wire
P003701,2026-05-15T11:43:00,C0248,out,784.36,Nisdan Davrees,KR,wire
P005523,2026-05-15T11:47:00,C0092,in,876.46,Dormir Ivaskar,US,wire
P008110,2026-05-15T12:01:00,C0120,in,761.79,Dornek Boskoski,KR,wire
P007453,2026-05-15T12:23:00,C0320,in,3313.98,Brandan Boskoski,SG,wire
P004551,2026-05-15T12:30:00,C0038,in,445.68,Sevtas Davreyan,JP,wire
P009801,2026-05-15T12:57:00,C0229,out,34633.56,Kavic Lundraenko,FR,card
P006379,2026-05-15T13:00:00,C0390,in,2663.46,Grevriel Davreyan,GB,wire
P001165,2026-05-15T13:02:00,C0221,in,522.09,Henlo Joreles,VN,wire
P003914,2026-05-15T13:30:00,C0361,out,1731.66,Henvic Ivaskski,FR,wire
P002422,2026-05-15T13:37:00,C0036,in,1922.26,Zarlo Nevicski,KR,wire
P011566,2026-05-15T13:41:00,C0051,out,235.19,Ilytas Aldrear,SG,wire
P003487,2026-05-15T14:31:00,C0319,out,3131.87,Henren Hanreov,AU,wire
P010642,2026-05-15T14:38:00,C0025,out,4046.49,Ilydan Davreul,KR,cash
P007512,2026-05-15T14:43:00,C0223,out,4538.77,Dortas Jorelyan,XA,wire
P007138,2026-05-15T14:45:00,C0140,out,926.65,Sevriel Pravinar,VN,cash
P006916,2026-05-15T14:51:00,C0268,out,288.76,Talren Pravinar,KR,wire
P010732,2026-05-15T14:57:00,C0124,in,4443.88,Nisriel Jorelar,VN,wire
P008614,2026-05-15T14:59:00,C0035,out,256.16,Mormir Aldrear,FR,wire
P003296,2026-05-15T15:02:00,C0067,out,3415.75,Dormir Davreul,AU,wire
P005058,2026-05-15T15:15:00,C0047,in,1617.21,Zarvic Davreul,MY,cash
P006512,2026-05-15T15:46:00,C0325,out,309.11,Nisnek Gostynul,US,wire
P003756,2026-05-15T15:56:00,C0170,out,5940.51,Kamir Farelul,GB,wire
P011390,2026-05-15T15:57:00,C0172,out,407.91,Morvic Aldrear,JP,card
P001492,2026-05-15T16:00:00,C0162,out,2366.20,Kavic Boskoitz,JP,card
P011629,2026-05-15T16:18:00,C0049,in,5168.77,Dorvic Gostynov,FR,wire
P011166,2026-05-15T16:20:00,C0157,in,2831.19,Ralnek Enkoyan,AU,wire
P007438,2026-05-15T16:25:00,C0245,in,278.77,Veriel Lundraitz,US,wire
P011594,2026-05-15T16:32:00,C0291,out,1687.93,Dortas Krevoul,FR,wire
P007877,2026-05-15T17:03:00,C0219,out,215.07,Dorvic Krevoenko,FR,wire
P001747,2026-05-15T17:18:00,C0026,out,1817.87,Kariel Gostynul,FR,wire
P002135,2026-05-15T17:19:00,C0333,out,797.60,Zarmir Krevoski,SG,wire
P005457,2026-05-15T17:24:00,C0396,out,548.18,Grevnek Boskoul,VN,wire
P009114,2026-05-15T17:31:00,C0096,out,944.86,Branren Lundrayan,FR,card
P008050,2026-05-15T17:39:00,C0116,out,5951.35,Katas Krevoar,VN,wire
P004067,2026-05-15T17:43:00,C0078,in,893.95,Henren Boskoyan,DE,wire
P007630,2026-05-15T17:43:00,C0013,out,1697.19,Kalo Pravinski,MY,wire
P000581,2026-05-15T18:13:00,C0005,in,8053.34,Veren Marosar,AU,card
P005059,2026-05-15T18:18:00,C0105,in,320.79,Osttas Nevicenko,VN,wire
P008435,2026-05-15T18:32:00,C0037,in,194.17,Karen Aldreul,AU,wire
P010969,2026-05-15T18:49:00,C0135,out,549.09,Branriel Enkoar,KR,wire
P005571,2026-05-15T18:50:00,C0305,out,141.73,Nisnek Nevicul,MY,wire
P005668,2026-05-15T18:51:00,C0216,in,2985.99,Henriel Cernaes,JP,wire
P006594,2026-05-15T19:12:00,C0227,in,36.04,Dorlo Boskoitz,DE,wire
P011950,2026-05-15T19:17:00,C0144,out,9083.57,Morriel Ivaskenko,KR,wire
P001934,2026-05-15T19:52:00,C0361,in,1149.54,Mornek Jorelitz,SG,wire
P008586,2026-05-15T20:05:00,C0399,out,3827.84,Vedan Davreul,JP,wire
P004681,2026-05-15T20:41:00,C0333,out,2647.72,Rallo Enkoar,FR,card
P006718,2026-05-15T20:42:00,C0091,in,1767.31,Grevriel Aldreitz,US,card
P011816,2026-05-15T21:01:00,C0187,in,820.60,Raldan Farelyan,JP,wire
P008423,2026-05-15T21:02:00,C0152,in,1147.99,Zarnek Hanrear,GB,wire
P011775,2026-05-15T21:12:00,C0025,out,1387.07,Felmir Ivaskenko,SG,wire
P002183,2026-05-15T21:17:00,C0272,in,906.67,Vemir Jorelenko,FR,wire
P011734,2026-05-15T21:17:00,C0200,out,222.42,Ralvic Jorelitz,SG,wire
P011888,2026-05-15T21:25:00,C0161,out,605.10,Taldan Hanreski,MY,wire
P000732,2026-05-15T21:31:00,C0394,in,292.76,Kavic Aldreul,VN,cash
P008060,2026-05-15T21:42:00,C0125,in,536.08,Dortas Boskoov,JP,wire
P005886,2026-05-15T21:57:00,C0144,out,168.29,Ostlo Aldrees,MY,cash
P008044,2026-05-15T22:10:00,C0174,out,1044.39,Venek Hanreenko,AU,wire
P011858,2026-05-15T22:15:00,C0211,in,10146.18,Branriel Ivaskenko,US,cash
P005837,2026-05-15T22:16:00,C0184,out,4192.84,Ralnek Farelski,KR,wire
P003950,2026-05-15T22:36:00,C0218,out,4008.81,Ostdan Hanreenko,SG,wire
P004351,2026-05-15T23:02:00,C0274,out,402.34,Nisnek Boskoenko,VN,wire
P008668,2026-05-15T23:17:00,C0279,out,779.33,Henlo Davreul,JP,wire
P007322,2026-05-15T23:20:00,C0042,in,5188.07,Ilydan Pravinski,VN,wire
P009633,2026-05-15T23:29:00,C0095,in,5846.89,Grevlo Farelitz,DE,wire
P004703,2026-05-15T23:32:00,C0024,out,1074.02,Zardan Cernaes,DE,wire
P007443,2026-05-15T23:33:00,C0357,out,1088.67,Dormir Aldreyan,FR,wire
P009073,2026-05-15T23:34:00,C0355,out,503.31,Ralren Fareles,VN,wire
P009737,2026-05-15T23:34:00,C0153,out,1662.33,Umilo Orzekyan,US,wire
P008719,2026-05-15T23:38:00,C0142,out,304.08,Brannek Pravinenko,FR,wire
P008628,2026-05-15T23:42:00,C0154,in,1668.62,Nismir Farelar,KR,cash
P008761,2026-05-15T23:44:00,C0255,in,333.09,Kadan Ivaskul,US,card
P000202,2026-05-15T23:49:00,C0259,out,2951.36,Zarlo Gostynenko,VN,wire
P009291,2026-05-15T23:56:00,C0180,out,245.73,Katas Lundraenko,SG,wire
P000555,2026-05-16T00:00:00,C0332,in,3257.95,Umilo Marosyan,DE,card
P006591,2026-05-16T00:04:00,C0249,out,1271.59,Umiren Hanreski,SG,wire
P004704,2026-05-16T00:08:00,C0312,out,3702.84,Feltas Orzekski,JP,card
P008031,2026-05-16T00:08:00,C0247,out,5691.19,Dorlo Enkoski,AU,wire
P004510,2026-05-16T00:11:00,C0077,in,416.72,Mordan Davreitz,JP,wire
P006081,2026-05-16T00:19:00,C0237,out,3165.47,Dornek Boskoski,GB,wire
P010111,2026-05-16T00:35:00,C0051,out,499.20,Sevriel Nevicar,GB,wire
P002741,2026-05-16T00:37:00,C0137,in,1794.34,Veren Lundraar,AU,card
P005695,2026-05-16T00:44:00,C0378,in,353.90,Ralmir Cernaski,FR,wire
P010154,2026-05-16T00:53:00,C0149,in,211.14,Feltas Aldreyan,VN,card
P011250,2026-05-16T00:54:00,C0128,in,4503.98,Henren Cernaitz,MY,wire
P006678,2026-05-16T00:58:00,C0033,in,782.53,Grevdan Aldrear,VN,wire
P007458,2026-05-16T01:08:00,C0332,out,791.56,Talmir Lundraes,MY,wire
P002058,2026-05-16T01:43:00,C0293,out,734.97,Rallo Ivaskenko,US,cash
P000152,2026-05-16T01:47:00,C0238,out,1228.62,Umiren Pravinul,SG,wire
P003882,2026-05-16T01:48:00,C0351,out,397.08,Grevlo Orzekski,JP,wire
P004136,2026-05-16T02:17:00,C0214,out,3368.39,Sevren Jorelyan,US,wire
P004615,2026-05-16T02:17:00,C0334,in,1096.79,Kanek Davreenko,US,card
P011974,2026-05-16T02:23:00,C0200,in,932.64,Dormir Aldreyan,MY,wire
P001401,2026-05-16T02:28:00,C0104,out,159.10,Ilytas Davreov,GB,card
P011519,2026-05-16T02:32:00,C0326,out,2623.16,Sevriel Joreles,DE,cash
P007120,2026-05-16T02:34:00,C0325,out,273.77,Kariel Nevicitz,VN,wire
P004795,2026-05-16T02:39:00,C0055,out,992.83,Sevnek Cernaar,DE,wire
P010010,2026-05-16T02:54:00,C0099,out,4528.09,Grevdan Lundraul,MY,wire
P001880,2026-05-16T03:03:00,C0117,out,9185.83,Hendan Hanreski,VN,cash
P011396,2026-05-16T03:09:00,C0384,out,795.18,Sevriel Pravinar,VN,wire
P001025,2026-05-16T03:12:00,C0131,out,1022.55,Talmir Davrear,US,wire
P007933,2026-05-16T03:22:00,C0077,out,1115.89,Sevtas Boskoar,FR,wire
P008084,2026-05-16T03:37:00,C0382,in,438.37,Taldan Boskoenko,AU,wire
P007113,2026-05-16T03:53:00,C0016,out,2699.25,Sevriel Davrear,GB,wire
P005867,2026-05-16T04:01:00,C0359,in,380.47,Kavic Gostynski,MY,wire
P003602,2026-05-16T04:13:00,C0051,out,63.76,Branren Aldreitz,KR,wire
P008181,2026-05-16T04:34:00,C0102,out,1249.67,Nisdan Farelar,US,wire
P010375,2026-05-16T05:02:00,C0334,out,2356.49,Zarriel Krevoul,GB,wire
P004283,2026-05-16T05:06:00,C0158,out,7703.55,Dornek Krevoov,FR,wire
P008923,2026-05-16T05:13:00,C0143,in,1441.48,Nisnek Krevoitz,AU,wire
P007941,2026-05-16T05:24:00,C0222,in,2269.38,Zarren Davreov,JP,card
P003911,2026-05-16T05:38:00,C0229,out,385.53,Nismir Krevoar,FR,card
P002548,2026-05-16T06:20:00,C0318,out,1496.37,Nisriel Krevoitz,DE,wire
P009598,2026-05-16T06:20:00,C0374,out,3782.66,Grevdan Marosar,US,wire
P005941,2026-05-16T06:25:00,C0191,in,1187.86,Kamir Lundraul,AU,card
P009358,2026-05-16T07:08:00,C0317,in,1294.72,Veren Gostynar,JP,wire
P006117,2026-05-16T07:26:00,C0344,out,883.75,Umivic Boskoov,MY,card
P000422,2026-05-16T07:28:00,C0228,in,527.04,Branlo Farelar,JP,wire
P010409,2026-05-16T07:28:00,C0052,out,5519.86,Kariel Nevicitz,FR,card
P001621,2026-05-16T07:45:00,C0088,in,68.19,Grevren Enkoitz,AU,card
P010705,2026-05-16T08:17:00,C0369,in,1348.94,Grevlo Orzekar,XB,wire
P000124,2026-05-16T08:19:00,C0303,in,984.12,Katas Orzekov,DE,wire
P008843,2026-05-16T08:22:00,C0117,in,567.86,Zarren Davreov,DE,card
P004002,2026-05-16T08:29:00,C0221,in,616.19,Zarnek Cernasenko,KR,wire
P001804,2026-05-16T08:56:00,C0024,in,1144.42,Kalo Davreski,GB,cash
P010080,2026-05-16T09:01:00,C0280,in,6318.19,Ralnek Hanreul,SG,wire
P006694,2026-05-16T09:03:00,C0279,out,3566.16,Talren Boskoski,AU,wire
P009203,2026-05-16T09:12:00,C0251,in,8299.52,Zarnek Krevoitz,FR,wire
P011126,2026-05-16T09:20:00,C0239,in,662.40,Sevdan Gostynski,DE,wire
P002827,2026-05-16T09:36:00,C0374,out,191.87,Branren Cernaenko,GB,wire
P008252,2026-05-16T09:43:00,C0268,out,5120.29,Umivic Orzekski,KR,wire
P011817,2026-05-16T09:47:00,C0268,out,124.25,Nisriel Cernayan,DE,wire
P005778,2026-05-16T09:55:00,C0114,in,968.60,Umivic Orzekski,MY,wire
P005531,2026-05-16T10:04:00,C0112,in,3676.97,Nisren Davrear,FR,wire
P010048,2026-05-16T10:05:00,C0387,in,431.46,Talriel Cernaov,GB,card
P008714,2026-05-16T10:11:00,C0246,in,2040.16,Sevmir Ivaskyan,FR,wire
P004233,2026-05-16T10:15:00,C0075,in,1005.14,Feltas Aldreyan,FR,wire
P001079,2026-05-16T10:39:00,C0381,out,1506.49,Grevmir Ivaskul,VN,wire
P012001,2026-05-16T10:59:00,C0103,out,6557.47,KATAS GOSTYNOV,XA,wire
P007912,2026-05-16T11:11:00,C0052,out,5107.79,Raltas Enkoenko,VN,wire
P006055,2026-05-16T11:42:00,C0215,out,694.68,Dornek Boskoski,US,card
P011074,2026-05-16T11:48:00,C0165,out,2309.64,Ostren Lundraitz,GB,cash
P011387,2026-05-16T12:01:00,C0180,out,1654.45,Katas Krevoar,US,card
P003517,2026-05-16T12:06:00,C0328,out,1264.64,Grevtas Pravinul,KR,wire
P001033,2026-05-16T12:09:00,C0000,out,290.53,Dorren Hanrear,SG,wire
P004749,2026-05-16T12:11:00,C0018,out,604.17,Dorren Ivaskyan,JP,wire
P005520,2026-05-16T12:15:00,C0045,in,994.51,Ilynek Orzekitz,KR,card
P002020,2026-05-16T12:18:00,C0269,in,978.29,Sevnek Orzekar,US,cash
P003749,2026-05-16T12:18:00,C0047,in,819.37,Nismir Hanreov,JP,wire
P001642,2026-05-16T12:37:00,C0065,out,2450.34,Vetas Farelenko,AU,wire
P008887,2026-05-16T12:43:00,C0210,in,369.74,Dornek Boskoski,JP,wire
P002645,2026-05-16T12:45:00,C0385,in,584.97,Ilyvic Hanreul,FR,card
P000973,2026-05-16T12:46:00,C0294,in,2220.63,Vedan Marosar,GB,wire
P006658,2026-05-16T12:48:00,C0287,out,1007.88,Sevlo Aldrees,GB,card
P009217,2026-05-16T12:50:00,C0270,in,465.58,Mormir Aldrear,GB,wire
P000032,2026-05-16T12:52:00,C0094,in,3634.81,Henmir Davrear,FR,wire
P011624,2026-05-16T12:57:00,C0099,in,225.02,Branlo Krevoenko,DE,wire
P006041,2026-05-16T13:07:00,C0374,out,1041.80,Talren Krevoyan,GB,card
P009116,2026-05-16T13:09:00,C0007,in,1680.88,Grevlo Orzekar,VN,card
P008311,2026-05-16T13:14:00,C0319,in,427.54,Venek Hanrear,FR,wire
P008702,2026-05-16T13:15:00,C0146,out,2941.10,Rallo Gostynitz,JP,wire
P005055,2026-05-16T13:28:00,C0139,out,576.14,Taltas Jorelar,SG,wire
P006338,2026-05-16T13:32:00,C0357,out,108.21,Felriel Jorelski,KR,wire
P004094,2026-05-16T13:41:00,C0096,in,514.93,Brannek Boskoov,SG,wire
P001357,2026-05-16T13:43:00,C0286,in,6707.73,Brannek Boskoov,GB,card
P007653,2026-05-16T13:45:00,C0049,out,191.00,Velo Lundrayan,DE,card
P004641,2026-05-16T13:46:00,C0336,in,602.71,Mornek Davreenko,VN,card
P007391,2026-05-16T13:46:00,C0137,out,226.79,Mormir Boskoes,SG,wire
P004092,2026-05-16T13:51:00,C0135,in,1426.92,Branlo Krevoenko,FR,wire
P003388,2026-05-16T13:52:00,C0351,out,1796.73,Zardan Gostynyan,US,wire
P004980,2026-05-16T13:56:00,C0021,in,792.26,Henmir Marosenko,US,wire
P009443,2026-05-16T14:09:00,C0034,in,472.19,Ostmir Aldrees,GB,cash
P005195,2026-05-16T14:17:00,C0008,out,8396.98,Fello Boskoitz,GB,wire
P007746,2026-05-16T14:24:00,C0381,out,452.23,Sevren Orzekar,SG,cash
P000820,2026-05-16T14:47:00,C0230,in,495.37,Kariel Enkoov,SG,wire
P004074,2026-05-16T14:53:00,C0178,out,3611.32,Branren Nevices,GB,wire
P005293,2026-05-16T15:00:00,C0160,in,2078.98,Katas Orzekov,JP,wire
P007840,2026-05-16T15:42:00,C0105,out,459.57,Branmir Marosenko,AU,cash
P004336,2026-05-16T15:43:00,C0283,out,368.69,Talvic Farelul,KR,wire
P001101,2026-05-16T16:05:00,C0156,out,701.56,Taltas Hanreov,SG,card
P004146,2026-05-16T16:11:00,C0051,out,2888.05,Zarriel Gostynar,DE,wire
P008362,2026-05-16T16:26:00,C0079,out,358.64,Ilymir Krevoenko,GB,wire
P011274,2026-05-16T16:34:00,C0331,out,1149.67,Morriel Cernaenko,SG,wire
P000172,2026-05-16T16:35:00,C0205,out,752.82,Dormir Aldreyan,AU,card
P007973,2026-05-16T16:56:00,C0000,out,589.93,Sevlo Aldrees,GB,wire
P011404,2026-05-16T16:57:00,C0334,out,1085.24,Ilyriel Pravinenko,GB,wire
P009179,2026-05-16T17:07:00,C0031,in,689.20,Zarnek Ivaskov,MY,wire
P002394,2026-05-16T17:30:00,C0072,out,7653.14,Katas Farelul,VN,wire
P004182,2026-05-16T17:40:00,C0018,out,832.80,Dortas Krevoul,JP,wire
P005271,2026-05-16T17:48:00,C0061,out,438.01,Sevvic Jorelski,AU,wire
P008762,2026-05-16T17:50:00,C0060,in,2271.32,Zarlo Gostynyan,MY,wire
P010859,2026-05-16T17:51:00,C0083,in,1039.81,Branlo Enkoyan,AU,card
P000298,2026-05-16T17:58:00,C0059,out,1792.12,Ilyren Krevoyan,US,wire
P005307,2026-05-16T17:58:00,C0337,out,6656.36,Mortas Marosski,VN,wire
P009683,2026-05-16T18:04:00,C0142,in,9051.76,Hendan Boskoul,FR,wire
P011976,2026-05-16T18:04:00,C0314,in,762.84,Felriel Aldreov,DE,wire
P009149,2026-05-16T18:06:00,C0049,out,5264.34,Morriel Krevoski,XC,wire
P006053,2026-05-16T18:29:00,C0372,in,2717.95,Ralren Pravines,JP,wire
P011870,2026-05-16T18:29:00,C0278,out,646.02,Ostmir Gostynenko,JP,wire
P000566,2026-05-16T19:24:00,C0238,out,203.28,Ilyren Krevoov,DE,wire
P001780,2026-05-16T19:27:00,C0367,out,7214.77,Vedan Pravinenko,AU,wire
P002997,2026-05-16T19:33:00,C0026,out,1172.52,Branren Lundrayan,JP,wire
P005016,2026-05-16T20:02:00,C0252,in,4922.44,Sevtas Davreyan,MY,wire
P007177,2026-05-16T20:03:00,C0383,out,325.02,Ilyriel Jorelar,KR,wire
P009729,2026-05-16T20:21:00,C0062,in,1853.40,Zarmir Krevoov,GB,cash
P001652,2026-05-16T20:25:00,C0354,in,246.62,Ralvic Pravinyan,SG,wire
P002556,2026-05-16T21:07:00,C0111,in,3517.99,Nisriel Pravinenko,JP,wire
P011500,2026-05-16T21:08:00,C0374,in,8680.65,Zarren Pravinitz,GB,cash
P001442,2026-05-16T21:12:00,C0057,in,723.99,Zartas Enkoar,KR,wire
P008327,2026-05-16T21:14:00,C0152,out,1057.64,Umilo Hanrear,DE,wire
P005021,2026-05-16T21:17:00,C0133,out,419.20,Mortas Marosski,JP,wire
P003809,2026-05-16T21:22:00,C0388,out,13239.46,Osttas Farelitz,SG,wire
P004494,2026-05-16T22:29:00,C0046,out,2832.88,Branlo Marosyan,XB,cash
P004406,2026-05-16T22:53:00,C0132,in,925.37,Zarvic Ivaskyan,DE,wire
P002708,2026-05-16T22:59:00,C0121,in,2897.37,Velo Hanreski,KR,cash
P009747,2026-05-16T23:16:00,C0258,out,1747.04,Sevlo Orzekenko,JP,wire
P000007,2026-05-16T23:18:00,C0043,out,58.36,Kavic Hanreenko,FR,wire
P005128,2026-05-16T23:21:00,C0326,out,1345.95,Hennek Jorelyan,DE,wire
P003027,2026-05-16T23:31:00,C0065,out,1765.41,Veriel Lundraar,FR,wire
P003779,2026-05-17T00:38:00,C0309,out,2274.74,Ralmir Jorelenko,FR,card
P006167,2026-05-17T00:46:00,C0268,in,117.99,Grevvic Gostynenko,FR,wire
P011526,2026-05-17T01:02:00,C0121,out,2527.20,Sevlo Cernaitz,MY,wire
P008564,2026-05-17T01:11:00,C0287,in,3999.57,Mormir Hanreov,DE,wire
P000448,2026-05-17T01:16:00,C0201,out,224.32,Dorren Ivaskitz,SG,card
P003353,2026-05-17T01:24:00,C0348,in,804.42,Henvic Ivaskski,KR,wire
P007023,2026-05-17T01:31:00,C0146,in,470.49,Grevlo Ivaskes,JP,wire
P002067,2026-05-17T01:41:00,C0369,in,2754.95,Osttas Hanreov,SG,cash
P004913,2026-05-17T02:10:00,C0387,out,3275.81,Dormir Aldreyan,GB,wire
P008133,2026-05-17T02:12:00,C0074,out,1385.28,Umimir Pravinyan,XB,wire
P005722,2026-05-17T02:20:00,C0076,in,1304.45,Talnek Pravines,VN,wire
P004650,2026-05-17T02:37:00,C0369,out,3734.15,Taldan Hanreski,JP,wire
P001038,2026-05-17T03:15:00,C0346,in,187.37,Velo Ivaskar,VN,wire
P008555,2026-05-17T03:53:00,C0310,in,733.28,Felren Gostynul,VN,wire
P008193,2026-05-17T04:13:00,C0334,out,737.75,Vetas Gostynenko,MY,card
P009414,2026-05-17T04:36:00,C0346,in,585.73,Ostdan Pravinyan,FR,wire
P005472,2026-05-17T04:48:00,C0394,in,1535.82,Morriel Farelenko,VN,wire
P011428,2026-05-17T04:53:00,C0372,out,2550.92,Nisren Lundrayan,US,cash
P005660,2026-05-17T05:17:00,C0088,out,1119.63,Ilydan Marositz,XA,wire
P006666,2026-05-17T05:24:00,C0327,out,276.68,Dorlo Boskoski,AU,wire
P005162,2026-05-17T05:28:00,C0328,out,1636.49,Kalo Davreski,KR,card
P000614,2026-05-17T05:56:00,C0187,out,1400.64,Ilylo Gostynski,KR,card
P006451,2026-05-17T06:03:00,C0240,out,252.14,Dorvic Lundraov,KR,wire
P007289,2026-05-17T06:19:00,C0193,out,340.02,Ilymir Orzeksenko,FR,wire
P006015,2026-05-17T06:25:00,C0120,in,4415.01,Grevmir Cernaov,FR,wire
P001908,2026-05-17T06:36:00,C0165,in,2201.43,Dormir Davreul,MY,wire
P009359,2026-05-17T06:51:00,C0322,in,4465.26,Kamir Jorelitz,VN,wire
P010997,2026-05-17T07:03:00,C0230,in,484.91,Zarlo Fareles,MY,wire
P011762,2026-05-17T07:07:00,C0302,in,498.42,Vedan Cernaski,JP,wire
P008700,2026-05-17T07:10:00,C0264,in,2932.57,Nisriel Gostynar,US,card
P005854,2026-05-17T07:17:00,C0115,out,554.40,Sevmir Enkoienko,MY,wire
P001104,2026-05-17T07:27:00,C0135,out,832.40,Vetas Gostynenko,SG,wire
P006799,2026-05-17T07:38:00,C0137,in,74.94,Ralmir Jorelenko,FR,wire
P008982,2026-05-17T07:41:00,C0058,out,1387.09,Morriel Cernaenko,MY,cash
P004488,2026-05-17T07:45:00,C0269,out,274.32,Felvic Ivaskitz,US,wire
P007987,2026-05-17T07:45:00,C0132,in,557.80,Ilydan Cernaes,JP,wire
P001875,2026-05-17T07:54:00,C0053,in,643.86,Tallo Hanreenko,AU,card
P009738,2026-05-17T07:59:00,C0357,in,1600.55,Grevvic Joreles,JP,wire
P004115,2026-05-17T08:07:00,C0078,in,1160.01,Nislo Gostynitz,FR,wire
P001797,2026-05-17T08:26:00,C0364,out,1183.97,Hennek Davrees,US,wire
P001956,2026-05-17T08:30:00,C0133,out,1183.56,Grevlo Orzekitz,GB,wire
P010686,2026-05-17T09:03:00,C0233,in,2261.09,Raltas Lundraitz,DE,wire
P008922,2026-05-17T09:11:00,C0109,in,414.36,Hennek Enkoitz,AU,wire
P009506,2026-05-17T09:24:00,C0350,in,2973.95,Zarnek Davrear,DE,card
P001968,2026-05-17T09:27:00,C0018,out,1141.81,Kadan Marosul,VN,wire
P001049,2026-05-17T09:32:00,C0314,out,689.18,Zartas Marosski,DE,wire
P000036,2026-05-17T09:57:00,C0130,out,6168.18,Katas Orzekov,GB,card
P005494,2026-05-17T10:20:00,C0052,in,451.78,Mornek Jorelitz,JP,wire
P002130,2026-05-17T10:27:00,C0304,out,1003.09,Morriel Farelenko,MY,card
P002142,2026-05-17T10:29:00,C0395,in,4717.97,Osttas Farelitz,XC,wire
P009096,2026-05-17T10:32:00,C0352,in,2102.73,Feltas Ivaskenko,SG,wire
P011706,2026-05-17T10:35:00,C0100,out,1142.03,Ilyren Marosyan,GB,wire
P005214,2026-05-17T10:39:00,C0282,out,10438.04,Veren Ivaskul,FR,wire
P004248,2026-05-17T10:57:00,C0169,out,2846.73,Ilytas Davreenko,SG,card
P004244,2026-05-17T11:00:00,C0037,out,878.47,Ostvic Davrear,JP,wire
P003506,2026-05-17T11:04:00,C0053,in,551.34,Osttas Nevicenko,DE,wire
P002781,2026-05-17T11:18:00,C0067,in,1260.66,Zarvic Marosyan,XA,wire
P009605,2026-05-17T11:50:00,C0179,out,3019.68,Zarnek Ivaskov,DE,wire
P008165,2026-05-17T12:08:00,C0313,out,3724.37,Kadan Boskoov,SG,wire
P000320,2026-05-17T12:14:00,C0039,in,1137.21,Katas Orzekov,SG,wire
P001919,2026-05-17T12:19:00,C0385,out,1426.20,Zarnek Cernasenko,SG,card
P001036,2026-05-17T12:22:00,C0352,out,2260.72,Umiriel Davreitz,VN,wire
P000665,2026-05-17T12:25:00,C0345,in,1026.59,Veren Marosar,KR,card
P004133,2026-05-17T12:25:00,C0330,in,4383.88,Ostriel Boskoenko,SG,wire
P005275,2026-05-17T12:49:00,C0175,out,2046.50,Velo Farelski,JP,wire
P009601,2026-05-17T12:49:00,C0222,in,1958.22,Ostriel Hanreitz,GB,wire
P007895,2026-05-17T12:51:00,C0357,out,1037.96,Ralren Lundraes,KR,card
P002675,2026-05-17T13:13:00,C0175,in,593.50,Ilytas Davreenko,SG,wire
P004803,2026-05-17T13:15:00,C0296,out,3299.06,Felren Ivaskov,MY,cash
P006374,2026-05-17T13:49:00,C0251,in,3511.89,Dormir Aldreyan,SG,wire
P008743,2026-05-17T13:53:00,C0355,out,524.11,Brannek Davreov,VN,wire
P011211,2026-05-17T14:16:00,C0271,out,1450.02,Talmir Nevicsenko,VN,card
P007782,2026-05-17T14:18:00,C0109,in,1436.66,Nisriel Cernaski,MY,wire
P004946,2026-05-17T14:22:00,C0155,in,207.50,Dormir Farelski,DE,wire
P002910,2026-05-17T14:38:00,C0341,out,992.64,Raltas Joreles,VN,wire
P010533,2026-05-17T14:45:00,C0067,in,558.89,Ostmir Gostynenko,FR,wire
P003286,2026-05-17T15:32:00,C0307,out,666.44,Katas Cernayan,AU,card
P008990,2026-05-17T15:36:00,C0142,out,510.21,Brantas Boskoar,VN,wire
P002851,2026-05-17T15:37:00,C0068,out,404.81,Taltas Aldreov,VN,wire
P002622,2026-05-17T15:44:00,C0016,in,479.35,Branlo Boskoes,XB,wire
P006973,2026-05-17T15:50:00,C0222,out,835.31,Ralriel Farelski,JP,wire
P009779,2026-05-17T15:53:00,C0260,in,2313.67,Branren Davreenko,KR,cash
P004432,2026-05-17T15:59:00,C0077,out,389.47,Ostmir Gostynenko,SG,wire
P009448,2026-05-17T16:05:00,C0034,in,1280.48,Sevdan Farelitz,FR,wire
P011815,2026-05-17T16:08:00,C0208,out,890.78,Dortas Joreles,AU,wire
P006868,2026-05-17T16:10:00,C0028,in,326.04,Raltas Joreles,JP,wire
P002531,2026-05-17T16:16:00,C0001,in,1285.43,Branvic Ivaskitz,JP,card
P008296,2026-05-17T16:19:00,C0166,in,1078.83,Henmir Hanreul,SG,wire
P004021,2026-05-17T16:29:00,C0038,out,11190.38,Sevtas Aldreov,US,wire
P002094,2026-05-17T16:46:00,C0367,in,1735.22,Katas Lundraenko,XB,wire
P008414,2026-05-17T17:17:00,C0257,in,1104.71,Sevren Nevicyan,MY,card
P008057,2026-05-17T17:43:00,C0016,out,403.63,Taltas Pravinul,JP,wire
P000754,2026-05-17T17:48:00,C0222,out,599.04,Branren Gostynyan,AU,wire
P003816,2026-05-17T17:52:00,C0118,out,713.61,Taldan Farelar,AU,cash
P002767,2026-05-17T17:56:00,C0058,in,1112.56,Hennek Enkoitz,AU,wire
P004724,2026-05-17T18:12:00,C0267,out,70.89,Vetas Farelenko,AU,card
P008720,2026-05-17T18:25:00,C0255,out,330.40,Raltas Jorelyan,AU,card
P001741,2026-05-17T18:27:00,C0113,in,2167.59,Talren Pravinar,FR,card
P009207,2026-05-17T18:36:00,C0265,out,975.13,Kadan Boskoul,MY,wire
P010103,2026-05-17T18:43:00,C0384,in,1078.06,Branren Cernaenko,DE,wire
P005699,2026-05-17T18:50:00,C0263,in,1042.56,Talmir Krevoul,US,wire
P000914,2026-05-17T18:51:00,C0398,out,4013.61,Sevriel Cernaes,DE,wire
P001233,2026-05-17T18:52:00,C0071,out,21298.22,Zardan Boskoar,FR,card
P000890,2026-05-17T19:09:00,C0148,out,2473.57,Dorriel Nevicitz,KR,wire
P006516,2026-05-17T19:13:00,C0069,out,158.75,Osttas Pravinitz,DE,wire
P003696,2026-05-17T19:45:00,C0257,out,7899.73,Sevnek Ivaskitz,SG,wire
P001670,2026-05-17T19:47:00,C0031,out,583.55,Grevmir Farelenko,GB,card
P003128,2026-05-17T19:54:00,C0325,out,2075.96,Dorren Ivaskitz,AU,wire
P009119,2026-05-17T20:12:00,C0007,in,803.69,Zarnek Jorelitz,MY,wire
P004089,2026-05-17T20:13:00,C0260,out,2279.65,Ralmir Jorelov,GB,card
P006711,2026-05-17T20:13:00,C0363,in,886.34,Ilytas Davreenko,AU,wire
P007739,2026-05-17T20:42:00,C0370,out,141.77,Grevdan Enkoes,GB,wire
P003274,2026-05-17T20:46:00,C0386,out,1993.00,Kariel Gostynul,DE,wire
P009349,2026-05-17T20:50:00,C0161,out,1459.50,Felmir Nevicitz,VN,card
P008351,2026-05-17T20:57:00,C0333,out,1470.36,Morvic Boskoul,JP,cash
P006014,2026-05-17T21:15:00,C0303,in,2199.82,Taltas Hanrees,GB,wire
P002986,2026-05-17T21:28:00,C0006,out,1415.55,Raltas Aldreenko,VN,wire
P006496,2026-05-17T21:31:00,C0320,in,2742.10,Grevriel Davreyan,VN,wire
P005176,2026-05-17T21:59:00,C0307,in,1083.64,Sevtas Davreyan,DE,wire
P010674,2026-05-17T22:06:00,C0017,out,583.43,Branriel Cernaov,DE,card
P003441,2026-05-17T22:09:00,C0045,in,876.54,Osttas Hanreov,SG,wire
P003046,2026-05-17T22:20:00,C0176,out,381.17,Feltas Orzekski,KR,wire
P004407,2026-05-17T22:23:00,C0174,in,536.24,Grevlo Orzekski,AU,wire
P004176,2026-05-17T22:41:00,C0218,in,697.81,Kalo Boskosenko,US,wire
P002500,2026-05-17T22:55:00,C0255,out,4135.88,Sevlo Cernaul,KR,cash
P011263,2026-05-17T22:55:00,C0297,out,3869.58,Feldan Hanreov,FR,card
P008059,2026-05-17T23:07:00,C0266,in,186.17,Henlo Lundraes,US,card
P006861,2026-05-17T23:13:00,C0255,out,1079.77,Ostriel Jorelul,FR,wire
P004774,2026-05-17T23:18:00,C0181,out,683.08,Ilydan Krevoes,JP,wire
P002941,2026-05-17T23:21:00,C0283,in,1222.25,Grevdan Lundraul,KR,cash
P011560,2026-05-17T23:24:00,C0227,in,2099.82,Kavic Hanreenko,VN,wire
P003050,2026-05-17T23:34:00,C0178,out,2471.88,Dornek Boskoski,GB,cash
P002982,2026-05-17T23:48:00,C0045,in,1201.09,Sevlo Aldrees,US,card
P000688,2026-05-17T23:51:00,C0051,out,4066.53,Talmir Orzekes,MY,wire
P004268,2026-05-17T23:54:00,C0260,in,494.53,Dorlo Gostynar,GB,cash
P009933,2026-05-18T00:09:00,C0012,in,1151.33,Mordan Enkoes,US,wire
P003546,2026-05-18T00:10:00,C0211,in,316.30,Osttas Farelitz,DE,cash
P010334,2026-05-18T00:10:00,C0183,out,433.66,Talren Lundrayan,VN,card
P008816,2026-05-18T00:35:00,C0063,in,492.94,Kanek Boskoyan,SG,wire
P004908,2026-05-18T00:37:00,C0126,out,421.59,Brandan Boskoski,GB,card
P003212,2026-05-18T01:04:00,C0250,in,8141.30,Dorren Hanreyan,SG,wire
P008854,2026-05-18T01:14:00,C0126,out,1021.63,Ostren Farelenko,SG,cash
P002826,2026-05-18T01:22:00,C0127,in,864.72,Morvic Pravines,AU,wire
P011607,2026-05-18T01:30:00,C0174,out,4155.76,Nislo Krevoul,KR,wire
P000852,2026-05-18T01:31:00,C0322,out,889.25,Umimir Lundrayan,MY,wire
P001756,2026-05-18T02:02:00,C0234,in,865.08,Zarmir Orzekyan,XC,wire
P001077,2026-05-18T02:16:00,C0217,out,4136.46,Dortas Boskoov,FR,wire
P004363,2026-05-18T02:25:00,C0256,in,2904.57,Nisnek Krevoitz,DE,card
P003827,2026-05-18T02:32:00,C0362,out,541.86,Ostvic Marosar,SG,wire
P007143,2026-05-18T02:42:00,C0328,out,6573.82,Sevdan Ivaskitz,SG,wire
P009208,2026-05-18T02:43:00,C0121,in,338.84,Veren Ivaskul,AU,wire
P001613,2026-05-18T03:07:00,C0204,in,1190.32,Talriel Ivaskski,GB,wire
P002710,2026-05-18T03:15:00,C0159,in,677.43,Kanek Lundraes,GB,cash
P007301,2026-05-18T03:18:00,C0230,out,1088.94,Zarriel Gostynar,FR,wire
P000771,2026-05-18T03:26:00,C0334,out,923.26,Tallo Farelar,SG,wire
P001672,2026-05-18T03:30:00,C0147,in,83.46,Grevvic Marosov,DE,card
P004277,2026-05-18T03:43:00,C0157,out,7585.74,Sevriel Joreles,VN,wire
P000355,2026-05-18T04:07:00,C0069,in,402.63,Grevren Nevicienko,JP,cash
P006541,2026-05-18T04:08:00,C0117,out,2445.06,Ralren Davreski,SG,wire
P001042,2026-05-18T04:16:00,C0352,out,1932.77,Sevnek Orzekski,US,wire
P006614,2026-05-18T04:45:00,C0245,out,3795.54,Talnek Marosyan,KR,card
P007837,2026-05-18T05:10:00,C0231,out,1186.51,Zardan Farelitz,DE,wire
P001979,2026-05-18T05:26:00,C0369,out,271.69,Zarriel Farelenko,SG,wire
P011703,2026-05-18T06:40:00,C0312,out,3092.86,Grevvic Farelitz,FR,wire
P003636,2026-05-18T06:41:00,C0389,out,3909.16,Veren Ivaskov,DE,wire
P008904,2026-05-18T06:51:00,C0095,in,1392.15,Kalo Krevoar,FR,wire
P004333,2026-05-18T07:08:00,C0264,in,408.27,Kalo Boskosenko,GB,wire
P000135,2026-05-18T07:11:00,C0260,in,4309.41,Hentas Gostynitz,GB,wire
P005264,2026-05-18T07:22:00,C0001,in,2071.17,Feltas Aldreyan,AU,wire
P007599,2026-05-18T07:55:00,C0017,out,262.51,Dortas Nevicul,XA,wire
P001918,2026-05-18T08:03:00,C0342,out,476.01,Velo Hanreski,DE,wire
P009121,2026-05-18T08:10:00,C0246,in,4395.51,Sevmir Pravinov,VN,card
P002796,2026-05-18T08:21:00,C0355,in,1017.09,Nisdan Farelenko,FR,cash
P010244,2026-05-18T08:31:00,C0222,in,3620.47,Ralnek Lundraul,FR,wire
P010954,2026-05-18T08:31:00,C0151,in,107.80,Zarvic Enkoes,GB,card
P006779,2026-05-18T08:32:00,C0111,in,11384.89,Branriel Enkoul,MY,wire
P008303,2026-05-18T08:32:00,C0399,out,139.04,Veren Maroses,SG,cash
P003036,2026-05-18T08:43:00,C0274,out,336.17,Umitas Davreyan,AU,wire
P000341,2026-05-18T08:49:00,C0066,in,647.08,Umilo Gostynienko,SG,wire
P007086,2026-05-18T09:03:00,C0107,in,16653.90,Nisren Lundrayan,GB,wire
P007256,2026-05-18T09:13:00,C0347,in,375.74,Talren Nevicov,GB,card
P010315,2026-05-18T09:33:00,C0136,out,1547.23,Kamir Hanreyan,AU,wire
P003018,2026-05-18T09:35:00,C0059,out,508.46,Morriel Farelenko,VN,wire
P001688,2026-05-18T09:47:00,C0005,in,1826.69,Henren Cernayan,MY,wire
P006123,2026-05-18T10:02:00,C0304,in,4827.97,Zarnek Hanreyan,KR,wire
P002458,2026-05-18T10:03:00,C0029,in,318.76,Raltas Joreles,AU,wire
P000993,2026-05-18T10:06:00,C0168,out,3097.26,Ostriel Aldreov,KR,wire
P000371,2026-05-18T10:12:00,C0013,in,4806.45,Talriel Ivaskski,SG,card
P010380,2026-05-18T10:12:00,C0258,out,8365.29,Nistas Pravinenko,AU,wire
P011939,2026-05-18T10:19:00,C0177,out,1187.56,Branren Boskoenko,KR,wire
P008462,2026-05-18T10:31:00,C0397,out,663.00,Ilymir Krevoenko,AU,cash
P004743,2026-05-18T10:32:00,C0355,out,576.13,Kamir Hanreyan,FR,wire
P010616,2026-05-18T10:41:00,C0188,in,1680.81,Branriel Cernaov,KR,wire
P004572,2026-05-18T10:52:00,C0239,in,749.70,Talvic Davrees,FR,wire
P009902,2026-05-18T10:52:00,C0155,out,9336.73,Nislo Krevoul,GB,card
P002662,2026-05-18T11:05:00,C0149,out,183.27,Uminek Lundraitz,VN,wire
P004031,2026-05-18T11:14:00,C0086,out,4079.02,Nismir Krevoar,KR,wire
P001195,2026-05-18T11:40:00,C0311,in,1487.57,Grevren Gostynes,AU,wire
P005490,2026-05-18T12:13:00,C0366,in,657.48,Morriel Cernaenko,KR,wire
P006345,2026-05-18T12:19:00,C0291,out,283.51,Mornek Davreski,FR,wire
P011883,2026-05-18T12:19:00,C0187,in,347.51,Grevtas Jorelitz,US,wire
P009087,2026-05-18T12:22:00,C0288,out,1872.43,Talmir Nevicsenko,US,card
P005018,2026-05-18T12:29:00,C0112,out,168.29,Umiren Davreov,US,wire
P002870,2026-05-18T12:33:00,C0216,in,842.62,Grevvic Gostynenko,KR,wire
P003910,2026-05-18T12:36:00,C0034,out,1236.38,Ralvic Jorelitz,SG,cash
P003350,2026-05-18T12:52:00,C0360,out,2234.96,Morriel Cernaenko,US,wire
P000473,2026-05-18T13:01:00,C0022,out,111.40,Sevdan Ivaskitz,FR,card
P008372,2026-05-18T13:04:00,C0236,in,714.68,Dorren Hanrear,KR,wire
P005916,2026-05-18T13:18:00,C0028,in,1039.96,Sevriel Enkoes,SG,wire
P006026,2026-05-18T13:23:00,C0298,out,146.79,Dorren Ivaskyan,US,wire
P005226,2026-05-18T13:42:00,C0339,out,6415.78,Ilydan Marositz,SG,cash
P002295,2026-05-18T13:54:00,C0029,out,633.50,Umiren Pravinul,FR,wire
P003423,2026-05-18T14:02:00,C0222,in,921.80,Zardan Marosski,GB,wire
P009994,2026-05-18T14:03:00,C0306,in,2997.30,Ilyren Ivaskyenko,JP,cash
P003402,2026-05-18T14:13:00,C0088,in,2312.49,Grevnek Boskoul,MY,cash
P011020,2026-05-18T14:18:00,C0193,in,422.44,Felnek Enkoitz,JP,wire
P009402,2026-05-18T14:26:00,C0380,in,897.44,Felvic Gostynyan,DE,wire
P011897,2026-05-18T14:41:00,C0123,out,2909.73,Sevlo Aldreenko,US,cash
P003260,2026-05-18T14:43:00,C0065,in,3379.58,Karen Enkoski,US,card
P004731,2026-05-18T14:49:00,C0001,in,1060.80,Tallo Jorelov,VN,wire
P002917,2026-05-18T15:20:00,C0116,in,2195.04,Ostdan Krevoul,FR,wire
P008790,2026-05-18T15:23:00,C0014,out,2085.89,Ostlo Boskoul,GB,wire
P002964,2026-05-18T15:33:00,C0389,out,427.45,Ilymir Enkoar,XA,cash
P007463,2026-05-18T15:39:00,C0234,out,1106.33,Vedan Nevicyan,FR,wire
P008098,2026-05-18T15:47:00,C0077,out,751.92,Ostnek Gostynov,DE,wire
P001646,2026-05-18T15:58:00,C0041,out,2039.35,Katas Boskoar,VN,card
P004786,2026-05-18T15:59:00,C0291,out,1097.37,Uminek Hanrees,FR,wire
P007228,2026-05-18T16:25:00,C0369,in,2106.45,Talren Nevicov,AU,wire
P001370,2026-05-18T16:30:00,C0089,out,289.02,Nisren Marositz,SG,wire
P003656,2026-05-18T16:37:00,C0381,out,1377.82,Ralren Nevicar,KR,wire
P010871,2026-05-18T16:55:00,C0058,out,1810.70,Nisriel Pravinenko,JP,wire
P007766,2026-05-18T17:10:00,C0303,in,2380.17,Zarvic Boskoyan,JP,wire
P002672,2026-05-18T17:27:00,C0169,in,3398.97,Sevdan Farelitz,SG,card
P011811,2026-05-18T17:32:00,C0248,out,13222.94,Felmir Nevicitz,JP,wire
P005883,2026-05-18T17:51:00,C0011,in,1670.97,Dorren Marosenko,MY,wire
P003592,2026-05-18T18:00:00,C0000,in,1356.50,Ralriel Aldrees,AU,card
P006457,2026-05-18T18:04:00,C0110,out,721.33,Kariel Pravinul,JP,wire
P001764,2026-05-18T18:12:00,C0096,in,509.92,Ilylo Cernaar,US,wire
P005164,2026-05-18T18:29:00,C0125,in,1430.26,Sevnek Orzekitz,VN,cash
P010007,2026-05-18T18:30:00,C0003,in,589.71,Uminek Hanrees,GB,wire
P000328,2026-05-18T19:07:00,C0078,in,1228.82,Umivic Nevicenko,VN,wire
P006971,2026-05-18T19:13:00,C0033,out,2541.14,Dorren Hanreyan,JP,wire
P004191,2026-05-18T19:31:00,C0167,in,3053.98,Kavic Hanreenko,XC,wire
P004858,2026-05-18T19:44:00,C0032,out,633.53,Zarlo Gostynenko,VN,wire
P007855,2026-05-18T19:45:00,C0071,out,1219.88,Nismir Farelar,KR,card
P008115,2026-05-18T19:48:00,C0028,out,399.65,Ilydan Aldrear,DE,wire
P000364,2026-05-18T19:51:00,C0369,in,16513.13,Zarriel Marositz,KR,wire
P008601,2026-05-18T20:39:00,C0335,in,654.77,Katas Orzekov,MY,wire
P009261,2026-05-18T21:10:00,C0218,in,595.08,Nislo Jorelyan,KR,wire
P011427,2026-05-18T21:14:00,C0357,out,964.01,Talnek Marosyan,GB,cash
P006747,2026-05-18T21:22:00,C0109,in,1759.75,Umimir Davreenko,JP,wire
P002854,2026-05-18T21:28:00,C0226,out,1642.85,Hennek Jorelyan,MY,wire
P000119,2026-05-18T21:29:00,C0311,in,3223.30,Ralriel Gostynov,SG,wire
P011821,2026-05-18T21:44:00,C0365,in,1187.44,Venek Hanrear,SG,card
P007486,2026-05-18T21:52:00,C0234,out,533.67,Zarmir Orzekyan,MY,card
P003120,2026-05-18T21:55:00,C0352,out,2713.10,Mormir Aldrear,DE,wire
P011323,2026-05-18T22:17:00,C0049,in,1401.73,Ilylo Cernaar,DE,wire
P005676,2026-05-18T22:26:00,C0363,out,880.51,Ralren Hanreyan,GB,wire
P007269,2026-05-18T22:39:00,C0391,in,755.20,Vedan Jorelov,DE,wire
P008463,2026-05-18T22:40:00,C0203,in,171.84,Kariel Ivaskenko,SG,wire
P001460,2026-05-18T22:50:00,C0293,in,7399.16,Nisdan Ivaskyan,DE,wire
P006561,2026-05-18T23:10:00,C0027,out,1551.38,Talren Lundrayan,GB,wire
P005088,2026-05-18T23:13:00,C0016,in,1331.89,Ralnek Jorelitz,MY,wire
P007580,2026-05-18T23:21:00,C0270,out,1016.68,Taltas Pravinul,MY,card
P000449,2026-05-18T23:49:00,C0393,in,1069.33,Kavic Nevicul,AU,wire
P009461,2026-05-18T23:51:00,C0162,out,582.20,Morriel Ivaskenko,KR,wire
P008238,2026-05-19T00:11:00,C0025,out,96.98,Kadan Lundraes,MY,wire
P004093,2026-05-19T00:23:00,C0279,out,202.07,Hendan Ivaskenko,DE,wire
P002633,2026-05-19T00:41:00,C0246,in,143.02,Ilydan Gostynski,SG,wire
P006306,2026-05-19T00:42:00,C0038,in,3456.36,Dornek Boskoski,XC,card
P001631,2026-05-19T00:50:00,C0365,out,1892.59,Talvic Lundraov,VN,card
P003381,2026-05-19T00:58:00,C0020,out,697.81,Kavic Gostynski,XA,wire
P011049,2026-05-19T01:02:00,C0158,in,567.02,Ostdan Ivaskov,XC,wire
P003554,2026-05-19T01:03:00,C0299,in,2858.95,Grevnek Aldrees,KR,card
P011425,2026-05-19T01:10:00,C0010,in,2606.75,Branmir Orzekul,US,cash
P010550,2026-05-19T01:13:00,C0394,in,538.43,Grevvic Hanreitz,DE,wire
P009499,2026-05-19T01:48:00,C0113,out,439.68,Rallo Gostynitz,SG,wire
P005482,2026-05-19T01:49:00,C0003,out,1768.81,Kariel Orzekski,FR,wire
P003638,2026-05-19T01:50:00,C0317,out,117.26,Felriel Jorelski,GB,wire
P011372,2026-05-19T01:54:00,C0274,in,434.76,Dorlo Boskoski,KR,cash
P008509,2026-05-19T02:21:00,C0294,in,765.63,Branmir Marosenko,MY,wire
P000324,2026-05-19T02:38:00,C0193,in,404.49,Ralnek Orzekul,AU,wire
P004996,2026-05-19T02:40:00,C0035,out,131.27,Umitas Orzekenko,JP,wire
P007731,2026-05-19T02:55:00,C0350,in,409.36,Feldan Hanreov,DE,wire
P001585,2026-05-19T03:04:00,C0390,out,690.47,Feldan Cernaitz,FR,card
P009289,2026-05-19T03:05:00,C0000,out,145.89,Grevdan Marosar,DE,wire
P008587,2026-05-19T03:21:00,C0269,in,1494.46,Grevmir Farelar,GB,wire
P000389,2026-05-19T03:46:00,C0038,in,1682.04,Sevmir Pravinov,AU,wire
P008758,2026-05-19T03:50:00,C0015,in,4508.77,Ilydan Cernaes,GB,card
P002192,2026-05-19T04:30:00,C0128,in,368.77,Grevtas Pravinul,GB,wire
P000743,2026-05-19T04:31:00,C0120,out,1010.74,Kamir Orzekar,KR,wire
P005067,2026-05-19T04:33:00,C0142,in,1341.60,Kavic Lundraenko,MY,card
P006927,2026-05-19T04:37:00,C0137,in,723.22,Henmir Jorelul,KR,wire
P011937,2026-05-19T04:38:00,C0107,in,787.20,Kalo Cernaes,JP,wire
P001228,2026-05-19T04:47:00,C0038,out,1069.96,Zarren Davreov,XB,wire
P003530,2026-05-19T05:01:00,C0144,in,512.74,Ostren Aldreov,US,wire
P009520,2026-05-19T05:47:00,C0062,out,707.79,Henlo Krevoov,VN,wire
P006226,2026-05-19T05:58:00,C0308,in,4306.38,Zarvic Orzekenko,SG,wire
P011641,2026-05-19T06:08:00,C0393,in,4016.28,Ostdan Ivaskov,US,wire
P009423,2026-05-19T06:13:00,C0068,in,1596.78,Felmir Gostynyan,JP,card
P002152,2026-05-19T06:14:00,C0114,out,15227.18,Karen Enkoski,KR,wire
P010384,2026-05-19T06:22:00,C0121,in,1278.25,Umidan Pravinenko,MY,wire
P009199,2026-05-19T06:24:00,C0100,out,1002.44,Nislo Gostynitz,MY,wire
P007183,2026-05-19T06:45:00,C0013,out,7235.44,Dorlo Maroses,VN,wire
P004711,2026-05-19T06:47:00,C0387,in,5267.47,Talmir Orzekes,XA,cash
P001445,2026-05-19T06:54:00,C0245,out,3011.59,Branren Davreyan,JP,wire
P009269,2026-05-19T07:30:00,C0191,out,9310.73,Umimir Nevicov,VN,wire
P009468,2026-05-19T07:44:00,C0189,in,1595.24,Henmir Marosenko,KR,card
P009302,2026-05-19T07:51:00,C0352,in,8864.53,Morren Lundraul,AU,cash
P011617,2026-05-19T08:14:00,C0308,out,528.17,Feltas Orzekski,MY,cash
P009167,2026-05-19T08:17:00,C0226,out,1185.09,Branvic Lundraar,US,wire
P000724,2026-05-19T08:33:00,C0274,in,2142.76,Ostdan Ivaskov,KR,cash
P000674,2026-05-19T08:39:00,C0285,in,1061.90,Ralmir Orzekul,DE,wire
P010188,2026-05-19T08:56:00,C0240,out,3326.66,Umilo Cernaski,US,card
P007408,2026-05-19T09:15:00,C0218,in,13963.64,Nisnek Cernaov,AU,card
P009204,2026-05-19T09:19:00,C0315,out,7846.70,Ostriel Davreitz,SG,wire
P005322,2026-05-19T09:28:00,C0207,in,702.22,Morvic Gostynenko,MY,wire
P008366,2026-05-19T09:28:00,C0256,out,2801.05,Kariel Pravinul,GB,cash
P004137,2026-05-19T09:30:00,C0208,in,4482.81,Nislo Davresenko,KR,wire
P002100,2026-05-19T09:47:00,C0376,in,2504.39,Uminek Cernaski,AU,wire
P011064,2026-05-19T10:18:00,C0038,in,196.93,Ilytas Ivaskitz,JP,wire
P011347,2026-05-19T10:31:00,C0260,in,817.94,Zarriel Farelyan,XB,wire
P005311,2026-05-19T10:41:00,C0192,out,136.73,Sevmir Krevoitz,KR,wire
P006682,2026-05-19T10:57:00,C0220,in,2818.75,Grevlo Farelitz,AU,card
P007468,2026-05-19T11:21:00,C0245,in,1758.02,Ostren Aldreov,FR,wire
P001657,2026-05-19T11:30:00,C0042,in,605.63,Veriel Jorelenko,GB,wire
P008596,2026-05-19T11:49:00,C0259,out,17557.36,Ostmir Jorelov,JP,wire
P006574,2026-05-19T12:00:00,C0393,in,364.57,Nisnek Nevicul,DE,wire
P002742,2026-05-19T12:13:00,C0111,in,5476.56,Branvic Krevoski,JP,cash
P001987,2026-05-19T12:38:00,C0016,out,1334.38,Umiriel Boskoes,DE,wire
P010917,2026-05-19T12:44:00,C0021,out,262.96,Zarlo Davreenko,VN,wire
P000694,2026-05-19T13:22:00,C0385,in,763.03,Ilylo Cernaar,AU,wire
P003109,2026-05-19T13:31:00,C0228,out,382.10,Branmir Ivaskul,US,wire
P001582,2026-05-19T13:39:00,C0059,out,6287.79,Zarvic Ivaskyan,VN,wire
P011336,2026-05-19T13:46:00,C0370,out,2174.59,Ralnek Lundraul,SG,card
P002284,2026-05-19T13:59:00,C0202,in,1656.37,Ilymir Davrear,US,wire
P000163,2026-05-19T14:00:00,C0121,out,1718.00,Dorlo Gostynar,AU,wire
P001846,2026-05-19T14:09:00,C0203,out,686.32,Ostdan Ivaskov,JP,wire
P004020,2026-05-19T14:10:00,C0325,out,2608.37,Veren Gostynar,DE,wire
P000502,2026-05-19T14:37:00,C0366,in,3800.91,Umilo Marosyan,AU,card
P003566,2026-05-19T14:38:00,C0088,out,1242.63,Mornek Davreski,DE,wire
P002204,2026-05-19T15:07:00,C0056,out,623.65,Grevren Ivaskar,GB,wire
P011097,2026-05-19T15:14:00,C0107,in,2081.72,Zarmir Orzekyan,XB,wire
P007150,2026-05-19T15:40:00,C0197,in,631.07,Nisriel Pravinar,KR,wire
P003720,2026-05-19T15:51:00,C0195,in,9126.15,Ralnek Lundraul,XC,cash
P004410,2026-05-19T15:57:00,C0053,out,2458.62,Umivic Boskoov,GB,card
P010084,2026-05-19T16:26:00,C0194,out,1433.67,Grevren Hanreov,KR,wire
P011353,2026-05-19T16:37:00,C0251,out,123.10,Felmir Ivaskenko,XB,wire
P009966,2026-05-19T16:43:00,C0351,in,868.99,Morlo Cernaitz,SG,wire
P005570,2026-05-19T17:04:00,C0109,out,2234.95,Ilylo Cernaar,MY,wire
P007927,2026-05-19T17:11:00,C0074,out,2376.64,Katas Pravines,AU,wire
P012004,2026-05-19T17:15:00,C0207,out,6346.13,MR Branriel Lundraul,XA,wire
P003124,2026-05-19T17:44:00,C0078,out,720.02,Henmir Davrear,FR,wire
P000714,2026-05-19T17:52:00,C0293,in,744.87,Mordan Boskoski,FR,wire
P001787,2026-05-19T18:03:00,C0190,out,1986.39,Vedan Jorelov,KR,wire
P010117,2026-05-19T18:07:00,C0161,out,1279.58,Umiren Hanreul,DE,wire
P003017,2026-05-19T18:17:00,C0240,in,3633.40,Uminek Orzekul,KR,wire
P004835,2026-05-19T18:30:00,C0200,in,552.33,Hentas Krevoov,DE,cash
P006416,2026-05-19T18:43:00,C0222,in,163.38,Henriel Jorelyan,US,card
P010017,2026-05-19T18:48:00,C0237,in,456.15,Ostdan Marositz,SG,cash
P002881,2026-05-19T18:56:00,C0008,in,3108.64,Ostnek Boskoitz,US,card
P007842,2026-05-19T19:28:00,C0239,out,583.77,Umilo Orzekyan,GB,wire
P008479,2026-05-19T19:33:00,C0004,in,1010.48,Dorren Ivaskitz,FR,wire
P003955,2026-05-19T19:50:00,C0339,out,717.93,Ilydan Marositz,MY,wire
P008779,2026-05-19T19:52:00,C0121,out,2137.62,Branriel Enkoul,JP,wire
P007332,2026-05-19T20:10:00,C0246,out,598.02,Grevvic Gostynenko,JP,wire
P009413,2026-05-19T20:14:00,C0069,out,6804.30,Ilynek Cernaar,SG,card
P010663,2026-05-19T20:23:00,C0094,out,498.75,Fello Hanreul,AU,wire
P007871,2026-05-19T20:34:00,C0338,in,2826.23,Umivic Cernaov,JP,card
P006103,2026-05-19T20:35:00,C0015,out,2685.30,Ostren Aldreov,MY,wire
P000076,2026-05-19T20:39:00,C0049,out,608.46,Morlo Krevoenko,KR,wire
P008717,2026-05-19T20:55:00,C0171,in,187.66,Hentas Krevoul,MY,wire
P000347,2026-05-19T20:58:00,C0064,in,814.07,Ilytas Aldrear,MY,wire
P006772,2026-05-19T21:32:00,C0302,out,219.64,Umiren Pravinul,DE,wire
P004438,2026-05-19T21:39:00,C0184,in,782.01,Nismir Krevoar,VN,wire
P002408,2026-05-19T21:41:00,C0352,in,2766.56,Vevic Hanreul,FR,card
P006311,2026-05-19T21:43:00,C0109,out,122.74,Raldan Nevicul,MY,card
P006235,2026-05-19T22:12:00,C0039,in,2401.86,Velo Farelski,SG,wire
P008339,2026-05-19T22:19:00,C0119,out,2966.36,Dormir Farelski,KR,cash
P005431,2026-05-19T22:20:00,C0023,out,486.52,Dorriel Jorelenko,VN,card
P009376,2026-05-19T23:00:00,C0155,out,1290.34,Ilydan Nevicenko,VN,wire
P003781,2026-05-19T23:07:00,C0120,out,268.92,Nismir Farelar,KR,wire
P008010,2026-05-19T23:15:00,C0233,in,1642.61,Henmir Krevoyan,JP,wire
P010288,2026-05-19T23:22:00,C0282,out,1018.52,Talriel Cernaov,KR,card
P010989,2026-05-19T23:30:00,C0052,out,6248.69,Henren Ivaskes,VN,wire
P011592,2026-05-19T23:31:00,C0391,out,1999.33,Katas Aldreitz,FR,card
P004764,2026-05-19T23:36:00,C0001,out,1206.30,Ralnek Hanreul,GB,wire
P004776,2026-05-19T23:36:00,C0248,out,2454.19,Branlo Farelski,VN,cash
P006643,2026-05-20T00:02:00,C0116,in,1288.68,Talriel Boskoski,JP,wire
P004519,2026-05-20T00:06:00,C0178,out,457.90,Taltas Jorelar,DE,wire
P009555,2026-05-20T00:35:00,C0315,out,8316.21,Nisdan Davrees,MY,card
P008101,2026-05-20T00:47:00,C0262,out,622.09,Branlo Farelski,VN,cash
P011761,2026-05-20T00:59:00,C0178,in,1261.25,Sevren Jorelyan,KR,wire
P002902,2026-05-20T01:12:00,C0195,out,832.10,Branmir Hanrees,SG,card
P007784,2026-05-20T01:32:00,C0152,in,71.23,Sevren Jorelenko,MY,cash
P007648,2026-05-20T01:35:00,C0087,in,2023.78,Zarriel Farelyan,GB,wire
P009243,2026-05-20T01:42:00,C0134,out,1187.35,Kamir Enkoyan,KR,wire
P006453,2026-05-20T01:49:00,C0394,in,907.15,Osttas Hanreov,AU,card
P001568,2026-05-20T02:01:00,C0151,in,3535.03,Ralnek Maroses,KR,card
P004765,2026-05-20T02:06:00,C0199,out,1680.31,Zarlo Jorelar,FR,wire
P006121,2026-05-20T02:32:00,C0239,out,11246.50,Kalo Boskosenko,AU,cash
P000481,2026-05-20T02:36:00,C0121,in,352.66,Grevren Enkoitz,SG,wire
P010803,2026-05-20T02:40:00,C0361,in,1138.17,Henlo Krevoov,DE,wire
P004053,2026-05-20T02:47:00,C0200,out,2874.28,Ralren Pravines,DE,wire
P005673,2026-05-20T03:05:00,C0280,in,7786.23,Feltas Aldreyan,JP,wire
P002489,2026-05-20T03:10:00,C0026,out,668.84,Branlo Boskoes,US,wire
P006514,2026-05-20T03:23:00,C0057,out,2683.54,Ostmir Jorelov,JP,wire
P010344,2026-05-20T03:35:00,C0288,in,3708.66,Nismir Krevoar,KR,wire
P001016,2026-05-20T03:36:00,C0111,in,4629.76,Sevmir Krevoitz,FR,wire
P003938,2026-05-20T03:38:00,C0025,in,3288.47,Branren Davreul,DE,wire
P009181,2026-05-20T03:56:00,C0329,out,48.40,Grevmir Farelenko,GB,card
P000745,2026-05-20T04:00:00,C0338,out,404.62,Ralriel Lundraov,GB,wire
P002256,2026-05-20T04:02:00,C0283,out,1699.91,Ilymir Jorelar,DE,wire
P001554,2026-05-20T04:32:00,C0197,in,293.36,Tallo Farelenko,JP,cash
P007316,2026-05-20T04:49:00,C0138,out,831.58,Sevtas Enkoitz,FR,card
P004241,2026-05-20T05:00:00,C0273,in,206.89,Branvic Cernaski,GB,card
P004837,2026-05-20T05:04:00,C0210,out,474.62,Grevlo Farelitz,AU,wire
P006159,2026-05-20T05:19:00,C0180,out,1067.19,Felren Orzekul,JP,card
P000383,2026-05-20T05:22:00,C0223,in,1435.85,Felnek Pravinenko,SG,card
P001392,2026-05-20T05:43:00,C0059,out,573.97,Zardan Farelitz,VN,card
P010024,2026-05-20T05:47:00,C0389,out,1425.85,Zarnek Marosar,AU,wire
P001566,2026-05-20T05:55:00,C0180,in,716.54,Branriel Cernaov,DE,wire
P003904,2026-05-20T06:00:00,C0253,in,429.35,Kavic Gostynyan,KR,wire
P012002,2026-05-20T06:01:00,C0173,out,1698.27,"Orzekski, Ilymir",XB,wire
P003551,2026-05-20T06:15:00,C0113,in,737.38,Branlo Farelski,JP,wire
P008175,2026-05-20T06:21:00,C0297,out,372.60,Zarlo Davreenko,AU,wire
P001931,2026-05-20T06:24:00,C0280,out,1266.48,Kadan Boskoul,AU,cash
P002724,2026-05-20T06:25:00,C0376,in,1099.46,Vemir Farelyan,US,card
P001439,2026-05-20T06:30:00,C0214,in,514.21,Felmir Gostynyan,GB,card
P003612,2026-05-20T06:38:00,C0088,in,1095.24,Ilynek Jorelitz,FR,wire
P009750,2026-05-20T06:38:00,C0172,in,380.20,Raltas Jorelyan,GB,wire
P003026,2026-05-20T07:01:00,C0355,out,168.52,Nisdan Pravinyan,SG,wire
P010002,2026-05-20T07:34:00,C0145,out,263.87,Sevriel Pravinar,US,wire
P006662,2026-05-20T07:52:00,C0379,in,2080.75,Henvic Jorelitz,VN,wire
P005868,2026-05-20T08:08:00,C0179,in,3009.44,Sevriel Joreles,DE,wire
P006174,2026-05-20T08:19:00,C0313,out,862.16,Ilytas Davreenko,VN,cash
P010160,2026-05-20T08:20:00,C0296,out,4712.37,Grevnek Aldrees,KR,card
P003187,2026-05-20T08:36:00,C0192,out,625.42,Sevmir Farelov,MY,wire
P001993,2026-05-20T08:50:00,C0304,out,491.38,Umiren Pravinul,AU,card
P005786,2026-05-20T09:00:00,C0075,in,284.90,Sevriel Davreski,FR,wire
P001151,2026-05-20T09:15:00,C0167,in,305.63,Sevriel Joreles,SG,card
P000925,2026-05-20T09:21:00,C0039,out,1391.03,Tallo Hanreenko,DE,wire
P001509,2026-05-20T09:21:00,C0113,in,289.97,Ilynek Jorelitz,GB,wire
P000705,2026-05-20T09:30:00,C0345,in,955.73,Zarvic Enkoar,US,wire
P006349,2026-05-20T09:47:00,C0333,out,443.48,Branlo Marosyan,AU,wire
P010662,2026-05-20T09:48:00,C0371,out,2467.26,Ilymir Cernaul,AU,cash
P007631,2026-05-20T09:50:00,C0314,in,1219.92,Dorren Ivaskyan,AU,card
P005674,2026-05-20T10:11:00,C0374,in,126.34,Nisvic Aldreul,MY,wire
P010125,2026-05-20T10:24:00,C0130,in,1603.21,Brantas Cernaar,GB,wire
P008014,2026-05-20T10:26:00,C0232,out,5655.35,Ilymir Orzeksenko,AU,wire
P008560,2026-05-20T10:30:00,C0144,in,360.33,Veren Pravinyan,AU,cash
P003313,2026-05-20T10:39:00,C0213,out,1586.48,Sevnek Cernaar,DE,cash
P007342,2026-05-20T10:45:00,C0127,out,540.03,Katas Ivaskov,SG,cash
P000896,2026-05-20T10:46:00,C0196,out,550.34,Brantas Enkoov,FR,card
P006593,2026-05-20T10:56:00,C0328,in,1159.39,Henren Krevoitz,US,wire
P008471,2026-05-20T11:00:00,C0042,in,638.74,Morlo Krevoenko,US,card
P002349,2026-05-20T11:32:00,C0192,out,8217.95,Branriel Marosenko,DE,wire
P002383,2026-05-20T11:37:00,C0358,in,355.99,Mordan Boskoski,GB,wire
P003922,2026-05-20T11:55:00,C0291,in,3551.85,Dorlo Maroses,AU,wire
P002195,2026-05-20T12:08:00,C0145,out,268.03,Zarriel Farelenko,MY,wire
P010708,2026-05-20T12:43:00,C0019,in,5109.77,Felren Ivaskes,KR,card
P007903,2026-05-20T12:54:00,C0185,in,116.70,Grevdan Lundraul,US,wire
P007954,2026-05-20T12:58:00,C0027,in,2410.29,Zarriel Farelenko,US,wire
P011968,2026-05-20T13:26:00,C0356,out,1497.45,Grevriel Aldreitz,JP,wire
P001971,2026-05-20T13:42:00,C0340,out,625.78,Venek Aldreov,FR,wire
P002962,2026-05-20T13:44:00,C0350,out,272.08,Branmir Farelski,KR,wire
P006214,2026-05-20T13:58:00,C0221,out,1623.13,Talriel Farelul,JP,wire
P010824,2026-05-20T14:03:00,C0135,in,850.16,Talriel Ivaskski,KR,wire
P007308,2026-05-20T14:07:00,C0391,out,639.89,Kariel Nevicitz,FR,wire
P000920,2026-05-20T14:17:00,C0339,out,1595.16,Raldan Nevicul,AU,wire
P004873,2026-05-20T14:26:00,C0066,in,396.63,Ostriel Boskoitz,MY,cash
P001268,2026-05-20T14:29:00,C0157,out,3310.08,Umidan Pravinenko,SG,wire
P005787,2026-05-20T14:41:00,C0380,in,2102.68,Felvic Ivaskitz,FR,wire
P006735,2026-05-20T14:42:00,C0013,out,3080.09,Talren Krevoenko,DE,wire
P001052,2026-05-20T14:59:00,C0281,out,558.42,Talmir Joreles,XB,wire
P004851,2026-05-20T15:08:00,C0095,in,604.16,Umitas Davreyan,US,wire
P002287,2026-05-20T15:38:00,C0318,out,460.94,Sevdan Davreitz,KR,wire
P009867,2026-05-20T15:39:00,C0196,out,4299.66,Kalo Pravinov,DE,wire
P000165,2026-05-20T15:40:00,C0098,in,984.87,Nisriel Pravinar,VN,wire
P002413,2026-05-20T15:40:00,C0368,in,5022.08,Morren Cernayan,GB,cash
P004266,2026-05-20T15:45:00,C0002,in,957.27,Rallo Pravinenko,GB,card
P003233,2026-05-20T15:49:00,C0183,in,423.54,Umiren Hanreul,JP,wire
P006628,2026-05-20T16:13:00,C0116,in,1482.60,Morren Cernayan,VN,wire
P008952,2026-05-20T16:17:00,C0367,out,106.12,Sevnek Cernaar,VN,card
P009950,2026-05-20T16:30:00,C0103,out,3794.41,Brandan Pravinul,DE,wire
P004948,2026-05-20T17:01:00,C0177,out,2872.99,Grevlo Boskoitz,SG,wire
P007525,2026-05-20T17:09:00,C0003,in,214.31,Kavic Lundraenko,SG,card
P008664,2026-05-20T17:11:00,C0292,out,245.86,Ostriel Davreski,SG,wire
P010096,2026-05-20T17:20:00,C0249,out,2486.67,Ostvic Lundraenko,FR,wire
P004959,2026-05-20T17:22:00,C0053,out,402.67,Ilynek Krevoski,GB,wire
P010314,2026-05-20T17:31:00,C0354,out,149.25,Ostriel Davreski,JP,cash
P007074,2026-05-20T17:34:00,C0380,in,8806.30,Talmir Maroses,US,wire
P004845,2026-05-20T17:45:00,C0005,out,2898.70,Grevren Enkoenko,VN,wire
P010680,2026-05-20T17:50:00,C0366,in,844.27,Zarmir Orzekyan,SG,cash
P000912,2026-05-20T18:01:00,C0023,out,2888.21,Ostmir Hanrees,DE,wire
P001679,2026-05-20T18:01:00,C0031,in,525.96,Morlo Krevoenko,MY,card
P008036,2026-05-20T18:07:00,C0228,out,648.66,Mordan Boskoski,US,wire
P001960,2026-05-20T18:09:00,C0039,in,1559.91,Kariel Nevicul,AU,wire
P009753,2026-05-20T18:09:00,C0188,out,2194.30,Taldan Boskoenko,FR,wire
P004558,2026-05-20T18:44:00,C0016,in,3214.54,Zarnek Hanrear,VN,card
P009209,2026-05-20T19:18:00,C0169,in,138.93,Ilyren Ivaskar,GB,card
P003108,2026-05-20T19:31:00,C0026,out,1673.64,Henren Gostynski,MY,wire
P000915,2026-05-20T19:32:00,C0166,out,270.91,Kavic Nevicitz,VN,cash
P010277,2026-05-20T19:33:00,C0362,out,77.70,Feltas Aldrear,GB,cash
P000031,2026-05-20T19:37:00,C0188,in,1399.24,Sevriel Farelenko,KR,card
P004109,2026-05-20T20:07:00,C0370,out,6738.42,Zarlo Pravinyan,XC,wire
P004466,2026-05-20T20:14:00,C0339,out,1779.72,Ostlo Orzekar,DE,cash
P004844,2026-05-20T20:41:00,C0238,out,3717.69,Umiriel Cernaski,SG,wire
P001951,2026-05-20T20:51:00,C0384,out,207.87,Henlo Lundraes,AU,wire
P006636,2026-05-20T21:00:00,C0388,out,317.96,Hennek Davreov,GB,card
P004813,2026-05-20T21:02:00,C0100,in,692.02,Vetas Farelenko,DE,wire
P005253,2026-05-20T21:09:00,C0368,in,282.27,Mordan Boskoski,GB,card
P008998,2026-05-20T21:17:00,C0195,in,129.03,Sevmir Farelov,GB,card
P006421,2026-05-20T21:18:00,C0209,in,2330.46,Raltas Enkoenko,US,card
P002883,2026-05-20T21:24:00,C0287,out,969.53,Felmir Gostynyan,JP,wire
P006019,2026-05-20T21:47:00,C0329,in,3897.36,Nislo Gostynitz,KR,cash
P003412,2026-05-20T21:54:00,C0145,out,1929.38,Umimir Ivaskul,GB,wire
P004635,2026-05-20T21:57:00,C0133,out,573.25,Ralmir Jorelenko,FR,cash
P009563,2026-05-20T22:17:00,C0104,in,553.51,Kariel Gostynul,GB,wire
P003684,2026-05-20T22:22:00,C0230,in,138.59,Kavic Nevicul,XB,wire
P006157,2026-05-20T22:26:00,C0052,out,1131.58,Sevvic Jorelski,DE,wire
P001164,2026-05-20T22:29:00,C0029,out,383.65,Zarren Nevicenko,GB,wire
P010073,2026-05-20T23:02:00,C0134,in,589.19,Ilynek Krevoski,FR,card
P011171,2026-05-20T23:10:00,C0356,out,10622.22,Zarlo Davreenko,AU,card
P003374,2026-05-20T23:49:00,C0174,out,2262.92,Morlo Jorelenko,FR,wire
P001707,2026-05-21T00:20:00,C0117,in,1327.44,Hennek Aldreenko,KR,wire
P011789,2026-05-21T00:20:00,C0180,in,589.22,Ostren Jorelski,AU,wire
P009720,2026-05-21T00:22:00,C0055,out,796.67,Brandan Gostynitz,JP,wire
P009739,2026-05-21T00:44:00,C0082,out,415.64,Henvic Ivaskski,AU,card
P010467,2026-05-21T00:53:00,C0297,out,2332.05,Hentas Krevoov,JP,wire
P003398,2026-05-21T00:59:00,C0257,in,753.25,Branvic Lundraar,SG,wire
P009251,2026-05-21T01:26:00,C0194,out,590.88,Zartas Jorelov,XC,card
P000459,2026-05-21T01:36:00,C0252,in,1402.01,Kavic Nevicul,MY,wire
P011857,2026-05-21T01:40:00,C0361,out,382.57,Rallo Lundraul,GB,wire
P007260,2026-05-21T01:44:00,C0126,in,3295.94,Raltas Gostynes,KR,wire
P008707,2026-05-21T01:44:00,C0278,in,1098.99,Grevmir Cernayan,GB,wire
P009351,2026-05-21T01:46:00,C0232,in,2332.21,Veren Cernaar,US,card
P000029,2026-05-21T01:59:00,C0377,in,486.37,Veren Gostynar,VN,cash
P000895,2026-05-21T02:05:00,C0009,in,13606.96,Nisriel Jorelar,JP,card
P004705,2026-05-21T02:19:00,C0385,out,4617.66,Umiren Davreov,KR,wire
P006602,2026-05-21T02:27:00,C0011,in,1656.48,Sevdan Farelitz,VN,wire
P004339,2026-05-21T02:28:00,C0394,out,958.69,Grevmir Cernaov,KR,wire
P010731,2026-05-21T02:29:00,C0166,out,5091.59,Dortas Joreles,FR,wire
P001887,2026-05-21T02:32:00,C0173,out,1159.70,Osttas Hanreov,KR,wire
P004808,2026-05-21T02:49:00,C0377,in,5587.90,Kamir Lundraul,SG,card
P010066,2026-05-21T02:50:00,C0162,in,636.29,Brantas Enkoov,US,card
P005304,2026-05-21T02:57:00,C0225,out,2968.07,Henren Cernaitz,VN,card
P004185,2026-05-21T02:58:00,C0092,out,318.49,Grevdan Enkoes,AU,wire
P011643,2026-05-21T03:06:00,C0211,out,2413.68,Kadan Lundraes,US,cash
P008577,2026-05-21T03:15:00,C0051,in,2891.68,Morlo Cernaitz,US,wire
P011343,2026-05-21T03:31:00,C0062,out,679.30,Taldan Lundraes,JP,wire
P002855,2026-05-21T03:40:00,C0185,out,489.13,Ralren Davreski,KR,wire
P001021,2026-05-21T03:51:00,C0376,in,767.09,Sevriel Davrear,FR,wire
P001624,2026-05-21T03:52:00,C0203,out,2665.36,Mornek Davreenko,SG,card
P007047,2026-05-21T04:20:00,C0225,in,1563.67,Ilymir Cernaul,SG,wire
P010340,2026-05-21T04:20:00,C0176,out,1339.75,Ilymir Nevicov,DE,wire
P003514,2026-05-21T04:28:00,C0151,out,466.06,Vevic Hanreul,FR,wire
P011558,2026-05-21T04:32:00,C0269,in,1169.90,Henlo Marosenko,MY,wire
P000587,2026-05-21T04:47:00,C0101,in,1257.75,Mordan Enkoyan,KR,wire
P002054,2026-05-21T04:54:00,C0211,in,2058.32,Grevlo Orzekski,KR,wire
P006773,2026-05-21T05:08:00,C0197,out,1885.19,Sevvic Ivaskes,GB,card
P009257,2026-05-21T05:23:00,C0149,out,269.49,Henren Cernayan,MY,wire
P007676,2026-05-21T05:42:00,C0205,out,2062.56,Brannek Krevoski,AU,wire
P011777,2026-05-21T06:20:00,C0344,in,4629.86,Dormir Ivaskar,US,wire
P001622,2026-05-21T06:30:00,C0373,out,2151.26,Sevdan Lundraenko,FR,wire
P001135,2026-05-21T06:31:00,C0263,in,277.78,Henlo Davreul,GB,wire
P002516,2026-05-21T06:34:00,C0288,in,1008.81,Nislo Gostynitz,XC,wire
P007234,2026-05-21T06:57:00,C0289,in,162.03,Talmir Nevicsenko,DE,card
P001317,2026-05-21T07:11:00,C0159,out,577.70,Raltas Gostynes,GB,wire
P007539,2026-05-21T07:19:00,C0172,in,444.11,Mortas Aldrear,FR,wire
P007552,2026-05-21T07:35:00,C0177,in,2805.57,Branren Nevices,FR,wire
P000988,2026-05-21T07:53:00,C0024,in,2070.96,Felren Krevoar,DE,wire
P009299,2026-05-21T07:59:00,C0213,in,303.05,Ostdan Hanreenko,FR,wire
P009326,2026-05-21T08:35:00,C0060,out,740.64,Branmir Hanrees,GB,card
P002103,2026-05-21T08:42:00,C0380,out,148.29,Mornek Ivaskyan,MY,wire
P006730,2026-05-21T08:45:00,C0070,out,217.58,Zarvic Davreul,KR,wire
P011088,2026-05-21T08:46:00,C0195,out,277.97,Brandan Pravinul,FR,wire
P008535,2026-05-21T08:53:00,C0187,in,3727.76,Kadan Aldreov,MY,wire
P006182,2026-05-21T08:54:00,C0114,out,310.55,Ostlo Jorelar,JP,wire
P010774,2026-05-21T09:03:00,C0238,in,4833.25,Umimir Pravinul,JP,wire
P007841,2026-05-21T09:04:00,C0371,out,1401.15,Zarlo Gostynyan,JP,card
P006880,2026-05-21T09:06:00,C0169,out,5696.74,Henvic Nevicitz,US,wire
P001610,2026-05-21T09:12:00,C0282,out,711.09,Sevdan Pravinitz,MY,wire
P002180,2026-05-21T09:19:00,C0062,out,3887.61,Dorriel Krevoyan,JP,cash
P001272,2026-05-21T09:28:00,C0040,in,82.74,Henren Ivaskes,VN,cash
P006497,2026-05-21T09:33:00,C0286,in,372.15,Ilymir Cernaul,XC,cash
P004530,2026-05-21T09:46:00,C0315,in,882.13,Morvic Boskoul,KR,card
P008004,2026-05-21T09:58:00,C0262,out,778.21,Ilydan Krevoes,GB,wire
P004745,2026-05-21T10:19:00,C0340,in,5978.19,Uminek Orzekul,AU,cash
P001473,2026-05-21T10:21:00,C0300,out,1802.14,Ilynek Krevoski,US,wire
P003623,2026-05-21T10:30:00,C0146,out,379.71,Raldan Marosyan,GB,wire
P003935,2026-05-21T10:37:00,C0226,in,826.10,Raldan Aldrear,DE,card
P005134,2026-05-21T10:39:00,C0246,out,295.53,Ralnek Maroses,AU,wire
P001515,2026-05-21T10:56:00,C0141,out,890.30,Dormir Lundraes,KR,wire
P003113,2026-05-21T11:17:00,C0271,out,864.16,Zarvic Enkoar,MY,wire
P011163,2026-05-21T11:28:00,C0073,out,1987.26,Hendan Hanreski,MY,cash
P001943,2026-05-21T12:11:00,C0240,in,749.30,Branriel Marosenko,SG,wire
P004655,2026-05-21T12:17:00,C0280,in,1538.77,Branlo Farelski,FR,wire
P000132,2026-05-21T12:30:00,C0397,out,292.98,Dorlo Enkoski,GB,wire
P004783,2026-05-21T12:31:00,C0008,out,542.62,Talmir Krevoul,JP,wire
P003633,2026-05-21T12:41:00,C0278,out,1249.32,Sevdan Lundraenko,KR,card
P010153,2026-05-21T12:53:00,C0240,out,312.16,Grevdan Krevoski,AU,cash
P010676,2026-05-21T12:57:00,C0387,in,108.82,Sevlo Aldrees,AU,cash
P010681,2026-05-21T13:14:00,C0332,out,2418.24,Grevdan Hanreov,SG,wire
P011348,2026-05-21T13:19:00,C0195,out,1843.70,Talren Krevoyan,AU,card
P000003,2026-05-21T13:53:00,C0343,out,4334.37,Grevmir Cernaov,FR,card
P010851,2026-05-21T13:54:00,C0151,out,162.63,Grevriel Davreyan,JP,card
P005342,2026-05-21T13:55:00,C0330,out,6053.82,Mordan Boskoski,VN,card
P009232,2026-05-21T14:14:00,C0116,out,3831.86,Mordan Davreitz,VN,wire
P001394,2026-05-21T14:27:00,C0316,out,366.11,Rallo Gostynitz,SG,wire
P003664,2026-05-21T14:27:00,C0160,out,630.55,Veriel Jorelenko,MY,wire
P001590,2026-05-21T14:42:00,C0204,out,1131.74,Ostriel Nevicski,US,wire
P008609,2026-05-21T14:56:00,C0243,in,817.53,Sevvic Ivaskes,GB,cash
P007713,2026-05-21T15:02:00,C0376,in,998.84,Ostren Farelenko,DE,wire
P008823,2026-05-21T15:10:00,C0362,out,805.89,Raltas Nevicitz,AU,wire
P002798,2026-05-21T15:22:00,C0045,out,3294.89,Hentas Krevoul,SG,wire
P009288,2026-05-21T15:32:00,C0296,in,2391.62,Ostriel Davreski,DE,wire
P002985,2026-05-21T15:40:00,C0075,out,3876.64,Kamir Orzekes,FR,wire
P004018,2026-05-21T15:50:00,C0337,in,1148.89,Sevmir Orzekitz,MY,card
P009488,2026-05-21T15:53:00,C0080,in,1153.72,Kavic Boskoitz,JP,wire
P009713,2026-05-21T15:54:00,C0385,out,914.18,Grevren Ivaskar,AU,wire
P011030,2026-05-21T16:05:00,C0051,in,1094.61,Henmir Jorelul,XA,cash
P004047,2026-05-21T16:09:00,C0314,in,683.03,Umilo Boskoenko,VN,wire
P003371,2026-05-21T16:21:00,C0363,in,343.85,Grevlo Orzekski,GB,card
P003106,2026-05-21T16:28:00,C0102,out,618.15,Branren Davreul,JP,card
P002572,2026-05-21T16:33:00,C0092,out,2177.77,Umilo Hanrear,KR,cash
P002373,2026-05-21T16:45:00,C0266,in,946.21,Sevnek Orzekski,VN,card
P007073,2026-05-21T16:47:00,C0255,in,74.77,Umiren Lundraski,VN,wire
P004986,2026-05-21T16:59:00,C0011,in,934.98,Sevriel Farelul,FR,wire
P011111,2026-05-21T17:08:00,C0074,in,188.77,Grevren Gostynes,MY,wire
P002911,2026-05-21T17:37:00,C0280,out,2979.06,Nislo Farelitz,GB,card
P005863,2026-05-21T17:37:00,C0081,in,1142.66,Umitas Orzekar,AU,card
P011022,2026-05-21T17:53:00,C0312,in,730.97,Hendan Gostynov,VN,wire
P000464,2026-05-21T18:03:00,C0233,in,242.67,Talvic Ivaskitz,XB,wire
P005399,2026-05-21T18:14:00,C0081,in,1843.59,Kamir Jorelitz,SG,wire
P000330,2026-05-21T18:18:00,C0199,in,398.55,Zarmir Krevoov,MY,wire
P007376,2026-05-21T18:35:00,C0313,out,1045.06,Sevlo Davreenko,SG,card
P007602,2026-05-21T19:11:00,C0222,in,218.90,Ostvic Boskoski,JP,wire
P001488,2026-05-21T19:20:00,C0346,out,327.88,Umilo Boskoenko,MY,cash
P006381,2026-05-21T19:21:00,C0394,in,296.06,Katas Pravines,DE,wire
P011167,2026-05-21T19:28:00,C0299,out,1152.73,Feltas Aldreyan,FR,wire
P001175,2026-05-21T19:30:00,C0192,in,1561.36,Talmir Nevicsenko,MY,cash
P001223,2026-05-21T19:34:00,C0101,in,726.62,Sevlo Cernaul,FR,wire
P007956,2026-05-21T19:40:00,C0097,in,898.69,Hendan Boskoul,MY,wire
P010971,2026-05-21T19:42:00,C0029,in,4181.72,Kadan Aldreov,US,card
P003917,2026-05-21T19:48:00,C0383,out,301.83,Ralvic Jorelenko,KR,wire
P002120,2026-05-21T19:51:00,C0376,out,354.51,Vedan Pravinenko,FR,cash
P010978,2026-05-21T19:56:00,C0138,in,493.68,Grevdan Jorelar,VN,wire
P001614,2026-05-21T20:01:00,C0269,out,2057.86,Umilo Orzekyan,XC,wire
P003635,2026-05-21T20:11:00,C0062,out,2034.35,Branlo Enkoyan,JP,card
P011678,2026-05-21T20:22:00,C0187,in,534.48,Dormir Ivaskar,KR,wire
P009429,2026-05-21T20:23:00,C0182,out,401.13,Morriel Ivaskenko,FR,wire
P005299,2026-05-21T20:45:00,C0198,out,1358.48,Felmir Nevicitz,GB,card
P008167,2026-05-21T20:46:00,C0258,out,3061.11,Umitas Davreyan,US,wire
P011130,2026-05-21T21:10:00,C0025,in,5918.79,Ilyriel Jorelar,DE,wire
P001062,2026-05-21T21:14:00,C0135,in,2152.21,Grevdan Enkoes,SG,wire
P007430,2026-05-21T21:34:00,C0394,out,498.03,Taldan Farelar,AU,wire
P007595,2026-05-21T21:34:00,C0271,in,1653.08,Felren Davreov,SG,wire
P010289,2026-05-21T21:40:00,C0094,in,465.65,Zarnek Boskoul,US,cash
P009306,2026-05-21T21:47:00,C0333,in,3323.87,Uminek Enkoski,FR,card
P010248,2026-05-21T21:49:00,C0207,in,1747.13,Henmir Jorelul,GB,wire
P011492,2026-05-21T22:21:00,C0149,out,664.78,Sevmir Krevoitz,SG,wire
P002405,2026-05-21T22:22:00,C0321,in,795.41,Dordan Cernaes,AU,cash
P009137,2026-05-21T22:27:00,C0346,in,186.33,Zarnek Ivaskul,AU,wire
P003726,2026-05-21T22:29:00,C0153,in,2504.40,Sevlo Gostynov,MY,cash
P005461,2026-05-21T22:37:00,C0370,out,371.14,Ralren Nevicar,VN,cash
P003652,2026-05-21T22:50:00,C0138,in,4210.50,Ralnek Lundraenko,VN,wire
P006568,2026-05-21T22:50:00,C0231,out,2723.10,Vemir Jorelenko,MY,card
P000813,2026-05-21T23:48:00,C0147,out,836.42,Branvic Cernaski,MY,card
P004892,2026-05-22T00:01:00,C0308,out,2956.53,Feldan Boskoov,SG,wire
P001134,2026-05-22T00:03:00,C0065,in,719.01,Talren Lundrayan,AU,cash
P010684,2026-05-22T00:13:00,C0128,out,452.87,Morlo Davreov,VN,wire
P000485,2026-05-22T00:18:00,C0180,out,2110.22,Zarlo Nevicski,JP,wire
P003760,2026-05-22T00:19:00,C0187,in,2064.15,Ilymir Orzeksenko,VN,wire
P008394,2026-05-22T00:33:00,C0284,out,83.00,Dornek Hanreenko,JP,wire
P004688,2026-05-22T00:36:00,C0392,in,387.89,Dorvic Marosar,US,wire
P004127,2026-05-22T00:45:00,C0336,in,3229.68,Zarmir Davreov,FR,card
P001497,2026-05-22T00:57:00,C0328,out,685.67,Umimir Pravinov,US,card
P001820,2026-05-22T01:12:00,C0189,in,1174.20,Dorren Hanreyan,MY,wire
P006221,2026-05-22T01:15:00,C0082,out,348.68,Talriel Ivaskski,US,wire
P007355,2026-05-22T01:19:00,C0148,out,1384.10,Grevmir Cernayan,KR,card
P009103,2026-05-22T01:27:00,C0151,in,1669.65,Nisdan Davrees,KR,wire
P001970,2026-05-22T01:43:00,C0291,in,3223.59,Ralnek Orzekul,MY,wire
P011078,2026-05-22T02:15:00,C0220,out,1012.74,Uminek Cernaski,FR,cash
P003731,2026-05-22T02:33:00,C0020,out,932.37,Talnek Lundrayan,KR,card
P009631,2026-05-22T02:33:00,C0119,in,1151.76,Vedan Marosar,FR,wire
P002233,2026-05-22T02:37:00,C0104,in,1510.08,Dorvic Marosar,MY,card
P006385,2026-05-22T03:07:00,C0035,out,1198.85,Kadan Aldreov,KR,cash
P005955,2026-05-22T03:29:00,C0278,in,347.43,Umiren Pravinitz,JP,wire
P002528,2026-05-22T03:30:00,C0377,in,930.02,Zarvic Marosyan,VN,wire
P011508,2026-05-22T04:00:00,C0013,in,1023.94,Nisren Orzekov,MY,wire
P006953,2026-05-22T04:03:00,C0289,out,2927.87,Umidan Pravinenko,DE,wire
P001270,2026-05-22T04:25:00,C0083,out,733.31,Henlo Joreles,JP,wire
P000276,2026-05-22T04:28:00,C0207,out,392.78,Mornek Ivaskyan,DE,card
P001719,2026-05-22T05:00:00,C0375,in,816.44,Grevmir Ivaskul,DE,card
P001275,2026-05-22T05:08:00,C0058,out,1391.49,Mordan Boskoski,FR,card
P004659,2026-05-22T05:10:00,C0363,in,10677.62,Taldan Marosov,JP,wire
P004392,2026-05-22T05:21:00,C0383,out,2105.58,Ralnek Farelski,US,wire
P010398,2026-05-22T05:24:00,C0020,out,477.45,Umimir Nevicov,SG,wire
P002541,2026-05-22T05:41:00,C0247,in,662.17,Nisdan Pravinyan,XA,card
P001008,2026-05-22T05:42:00,C0336,out,334.61,Velo Hanreski,US,wire
P005011,2026-05-22T06:04:00,C0049,out,1094.14,Kalo Cernaes,AU,wire
P007247,2026-05-22T06:16:00,C0216,in,1547.43,Grevlo Boskoitz,XA,card
P004782,2026-05-22T06:32:00,C0142,out,507.63,Nistas Pravinenko,XC,cash
P006715,2026-05-22T06:33:00,C0307,in,2513.66,Mortas Marosski,GB,card
P006113,2026-05-22T06:57:00,C0279,out,734.08,Mormir Aldrear,AU,wire
P006494,2026-05-22T07:03:00,C0198,in,7065.18,Velo Joreles,KR,wire
P001094,2026-05-22T07:04:00,C0342,in,7290.78,Raldan Marosyan,JP,wire
P004879,2026-05-22T07:11:00,C0185,out,622.47,Ralmir Cernaski,SG,card
P010370,2026-05-22T07:14:00,C0201,in,7067.51,Talren Krevoenko,FR,wire
P000992,2026-05-22T07:22:00,C0029,in,3386.01,Umilo Orzekyan,KR,wire
P008942,2026-05-22T07:24:00,C0325,out,214.54,Kadan Marosul,DE,wire
P001697,2026-05-22T07:34:00,C0188,in,2151.85,Sevmir Farelov,AU,wire
P007185,2026-05-22T07:36:00,C0305,in,1774.86,Branvic Pravinyan,DE,wire
P009568,2026-05-22T07:40:00,C0324,out,586.19,Talren Pravinar,MY,wire
P003383,2026-05-22T07:41:00,C0301,in,322.31,Henlo Krevoov,US,card
P007116,2026-05-22T07:43:00,C0208,in,3009.01,Brandan Ivaskski,DE,wire
P010945,2026-05-22T07:48:00,C0164,out,5698.16,Ralriel Orzekar,AU,wire
P005801,2026-05-22T07:58:00,C0219,in,222.16,Dornek Krevoov,MY,cash
P009353,2026-05-22T07:59:00,C0180,out,3224.41,Henriel Krevoitz,MY,cash
P008103,2026-05-22T08:33:00,C0079,in,1530.31,Ostdan Pravinyan,FR,wire
P009660,2026-05-22T08:36:00,C0015,in,2478.23,Umilo Aldreul,DE,card
P007674,2026-05-22T08:38:00,C0161,out,31280.48,Taldan Lundraes,JP,wire
P004424,2026-05-22T08:39:00,C0024,out,2888.17,Raltas Gostynitz,AU,wire
P006299,2026-05-22T08:42:00,C0368,in,718.63,Umilo Gostynienko,US,wire
P008793,2026-05-22T08:51:00,C0023,out,837.52,Kavic Boskoitz,XA,card
P011154,2026-05-22T09:03:00,C0037,out,638.52,Ostnek Boskoyan,VN,card
P000137,2026-05-22T09:05:00,C0102,out,395.88,Ralnek Lundraenko,AU,cash
P002057,2026-05-22T09:22:00,C0284,out,301.11,Mordan Boskoski,MY,card
P006393,2026-05-22T09:23:00,C0173,out,406.58,Ilylo Farelov,AU,wire
P010167,2026-05-22T09:31:00,C0020,in,2701.50,Zarlo Davreenko,AU,cash
P005888,2026-05-22T09:36:00,C0035,in,998.92,Kamir Gostynov,JP,card
P000879,2026-05-22T09:48:00,C0138,out,2030.85,Veren Lundraar,MY,wire
P007962,2026-05-22T10:04:00,C0182,in,2955.52,Rallo Ivaskenko,VN,wire
P006815,2026-05-22T10:18:00,C0137,out,4982.23,Brandan Pravinul,SG,wire
P008736,2026-05-22T10:33:00,C0108,in,1672.18,Henmir Hanreul,VN,wire
P009140,2026-05-22T10:45:00,C0167,out,53.14,Ilymir Davrear,JP,wire
P008148,2026-05-22T11:10:00,C0271,in,1764.08,Ilytas Davreenko,AU,wire
P001896,2026-05-22T11:18:00,C0354,in,3271.89,Sevlo Krevoes,JP,wire
P006719,2026-05-22T11:20:00,C0011,out,247.87,Ostdan Krevoul,MY,wire
P003580,2026-05-22T11:32:00,C0310,in,851.83,Nisnek Cernaov,VN,card
P004697,2026-05-22T11:48:00,C0150,out,650.74,Felren Davreenko,DE,wire
P011596,2026-05-22T11:58:00,C0149,in,2495.33,Umiren Hanreski,MY,wire
P003344,2026-05-22T12:07:00,C0089,in,90.93,Kariel Krevoenko,MY,wire
P004378,2026-05-22T12:17:00,C0240,in,193.56,Hentas Krevoov,MY,wire
P007732,2026-05-22T12:20:00,C0321,out,3577.12,Kariel Krevoenko,KR,wire
P001564,2026-05-22T12:41:00,C0346,out,220.05,Talriel Farelul,MY,cash
P005361,2026-05-22T12:44:00,C0087,out,176.68,Karen Enkoski,MY,wire
P005647,2026-05-22T12:56:00,C0295,out,411.78,Brannek Pravinenko,VN,wire
P011577,2026-05-22T13:13:00,C0067,out,2616.28,Grevtas Jorelitz,GB,wire
P006396,2026-05-22T13:15:00,C0271,in,317.60,Taldan Marosov,MY,wire
P004606,2026-05-22T13:23:00,C0352,out,1203.79,Uminek Orzekul,KR,card
P006101,2026-05-22T13:29:00,C0309,in,1753.21,Ilynek Krevoski,KR,cash
P006795,2026-05-22T13:33:00,C0190,out,487.82,Zarnek Krevoitz,MY,wire
P005887,2026-05-22T13:53:00,C0086,out,126.90,Talren Boskoski,US,wire
P006098,2026-05-22T13:56:00,C0300,out,1053.07,Dorlo Farelar,FR,card
P006091,2026-05-22T14:15:00,C0324,out,294.13,Venek Hanrear,JP,wire
P011491,2026-05-22T14:17:00,C0341,in,3486.37,Zarvic Ivaskyan,GB,wire
P011042,2026-05-22T14:24:00,C0344,out,6888.43,Grevdan Krevoar,AU,wire
P008120,2026-05-22T14:27:00,C0257,out,127.17,Zartas Jorelov,AU,wire
P004259,2026-05-22T14:36:00,C0149,out,452.52,Hendan Hanreski,JP,wire
P004143,2026-05-22T14:38:00,C0100,out,415.87,Felriel Aldreov,JP,cash
P011142,2026-05-22T14:40:00,C0082,out,1401.15,Nismir Krevoar,SG,wire
P009446,2026-05-22T14:46:00,C0350,in,2502.90,Veren Lundraar,GB,wire
P002430,2026-05-22T14:56:00,C0362,in,928.41,Umiriel Cernaski,JP,card
P006420,2026-05-22T14:59:00,C0150,in,763.26,Kariel Orzekski,AU,wire
P011834,2026-05-22T15:25:00,C0256,in,1759.88,Zartas Ivaskul,MY,card
P010578,2026-05-22T15:35:00,C0318,in,1123.93,Henmir Hanreul,SG,wire
P003271,2026-05-22T15:36:00,C0098,in,1203.05,Sevlo Gostynov,DE,wire
P008886,2026-05-22T15:43:00,C0065,in,487.37,Felnek Boskoov,GB,wire
P005471,2026-05-22T15:44:00,C0008,out,6292.84,Morren Cernayan,AU,wire
P004123,2026-05-22T16:02:00,C0300,out,681.68,Kadan Boskoul,VN,cash
P002880,2026-05-22T16:06:00,C0138,out,1847.55,Ralriel Krevoitz,GB,wire
P005425,2026-05-22T16:06:00,C0031,in,504.74,Mordan Enkoes,JP,wire
P006965,2026-05-22T16:37:00,C0393,out,699.45,Veriel Jorelenko,GB,wire
P002134,2026-05-22T17:17:00,C0301,in,240.15,Sevnek Orzekar,FR,card
P008440,2026-05-22T17:22:00,C0327,in,1742.60,Grevlo Orzekitz,GB,wire
P001292,2026-05-22T17:28:00,C0372,out,1452.08,Ralriel Hanreenko,KR,wire
P009786,2026-05-22T17:46:00,C0058,in,1649.05,Zarmir Orzekar,AU,wire
P002517,2026-05-22T18:08:00,C0353,in,4151.40,Sevren Nevicyan,AU,wire
P003752,2026-05-22T18:11:00,C0292,out,817.08,Mormir Aldrear,KR,card
P008360,2026-05-22T18:35:00,C0326,in,1673.96,Branren Davreyan,MY,cash
P002581,2026-05-22T18:36:00,C0008,in,1835.81,Ostdan Gostynov,FR,wire
P008065,2026-05-22T18:39:00,C0067,in,2826.04,Taldan Farelar,KR,wire
P011833,2026-05-22T18:45:00,C0366,out,717.63,Ralvic Pravinyan,FR,cash
P001944,2026-05-22T18:54:00,C0053,in,1956.99,Grevren Ivaskar,AU,wire
P007201,2026-05-22T19:05:00,C0370,out,206.68,Dorlo Gostynar,AU,card
P007934,2026-05-22T19:08:00,C0328,in,212.08,Henlo Lundraes,AU,wire
P006077,2026-05-22T19:20:00,C0356,out,4353.14,Rallo Enkoar,FR,wire
P005116,2026-05-22T19:25:00,C0096,in,329.42,Henmir Krevoes,GB,wire
P006039,2026-05-22T19:35:00,C0013,out,1629.78,Sevtas Davreyan,AU,card
P009102,2026-05-22T19:42:00,C0311,in,342.24,Nisren Aldreski,GB,wire
P001920,2026-05-22T19:45:00,C0382,in,616.15,Kamir Lundraul,AU,wire
P008149,2026-05-22T19:57:00,C0317,out,1847.04,Talren Krevoenko,MY,wire
P003570,2026-05-22T20:40:00,C0328,out,1305.06,Talren Krevoenko,MY,card
P011611,2026-05-22T20:44:00,C0398,in,1354.08,Branlo Enkoyan,SG,wire
P002820,2026-05-22T20:54:00,C0108,out,606.45,Mordan Gostynenko,US,cash
P003850,2026-05-22T21:07:00,C0280,in,210.59,Ralriel Ivaskenko,FR,wire
P005240,2026-05-22T21:13:00,C0204,out,6037.03,Branren Aldreitz,JP,wire
P001215,2026-05-22T21:24:00,C0338,out,1476.51,Dordan Orzekitz,KR,cash
P006974,2026-05-22T21:33:00,C0111,out,2038.51,Talren Lundraar,VN,wire
P002685,2026-05-22T21:34:00,C0075,out,312.57,Zardan Cernaes,KR,wire
P008501,2026-05-22T21:43:00,C0070,out,2827.31,Umivic Nevicenko,FR,card
P011402,2026-05-22T21:43:00,C0109,in,1650.08,Sevriel Pravinar,FR,card
P008023,2026-05-22T22:13:00,C0257,out,1119.32,Vevic Hanreul,DE,wire
P003576,2026-05-22T22:20:00,C0249,in,1121.76,Dormir Farelski,SG,card
P005551,2026-05-22T22:29:00,C0196,in,154.44,Ostren Farelski,GB,card
P000619,2026-05-22T22:33:00,C0189,in,641.93,Zarlo Orzekes,US,cash
P011711,2026-05-22T22:51:00,C0119,out,487.29,Felmir Ivaskenko,SG,card
P008882,2026-05-22T23:07:00,C0122,out,2899.87,Branren Nevicyan,VN,wire
P007775,2026-05-22T23:10:00,C0036,out,14397.54,Grevvic Joreles,XA,wire
P011191,2026-05-22T23:13:00,C0239,out,1105.32,Nisren Orzekov,AU,wire
P010796,2026-05-22T23:23:00,C0153,out,441.65,Nisdan Pravinyan,US,card
P004444,2026-05-22T23:26:00,C0271,out,1361.46,Brandan Ivaskski,US,wire
P001068,2026-05-22T23:34:00,C0153,out,259.39,Kamir Cernaar,SG,cash
P010313,2026-05-22T23:52:00,C0209,out,2933.83,Umiren Hanreul,GB,wire
P008948,2026-05-23T00:14:00,C0015,in,139.64,Kamir Orzekar,DE,wire
P010415,2026-05-23T00:16:00,C0226,out,1335.85,Henlo Joreles,GB,card
P000904,2026-05-23T00:21:00,C0017,out,4458.89,Branriel Enkoul,DE,wire
P011494,2026-05-23T00:53:00,C0148,out,323.27,Talvic Ivaskitz,DE,wire
P003178,2026-05-23T00:55:00,C0338,out,4841.43,Zarmir Orzekyan,SG,wire
P004377,2026-05-23T00:56:00,C0097,in,17553.30,Ilytas Davreenko,GB,wire
P004422,2026-05-23T01:09:00,C0040,out,554.16,Ostriel Lundraul,US,card
P005297,2026-05-23T01:25:00,C0361,out,350.94,Morlo Jorelenko,GB,wire
P005347,2026-05-23T01:27:00,C0087,in,2011.06,Kariel Krevoenko,KR,wire
P000633,2026-05-23T01:41:00,C0178,in,377.02,Dormir Farelski,JP,wire
P011189,2026-05-23T01:42:00,C0085,out,1813.18,Sevtas Aldreov,VN,wire
P010342,2026-05-23T01:55:00,C0210,in,1626.58,Ilymir Nevicov,GB,wire
P005713,2026-05-23T02:00:00,C0148,out,1172.68,Sevnek Orzekski,AU,wire
P007897,2026-05-23T02:07:00,C0349,out,4488.33,Mormir Gostynenko,DE,wire
P004860,2026-05-23T02:08:00,C0037,in,2326.65,Sevriel Cernaes,GB,wire
P000580,2026-05-23T02:10:00,C0363,out,3654.93,Talriel Cernaov,US,cash
P008054,2026-05-23T02:18:00,C0118,out,262.92,Ilydan Gostynski,JP,card
P003089,2026-05-23T02:45:00,C0259,in,4244.33,Sevmir Krevoitz,US,wire
P002519,2026-05-23T02:48:00,C0365,in,2784.94,Feltas Orzekski,MY,card
P006840,2026-05-23T02:53:00,C0032,out,547.73,Kamir Orzekes,FR,card
P003164,2026-05-23T02:56:00,C0343,out,1852.46,Umilo Davreitz,DE,card
P001247,2026-05-23T03:01:00,C0282,out,191.91,Branren Farelski,AU,wire
P009370,2026-05-23T03:21:00,C0183,in,1127.47,Talren Krevoyan,SG,card
P007733,2026-05-23T03:25:00,C0319,out,2768.56,Talriel Ivaskski,DE,wire
P010902,2026-05-23T03:33:00,C0327,out,2542.29,Ilynek Krevoski,DE,card
P008512,2026-05-23T03:42:00,C0173,out,1159.89,Kanek Lundraes,FR,wire
P008142,2026-05-23T03:55:00,C0143,in,910.75,Umiriel Pravinitz,VN,wire
P009829,2026-05-23T03:57:00,C0025,out,719.02,Zarnek Boskoul,MY,wire
P008241,2026-05-23T04:08:00,C0338,out,283.21,Umidan Hanreenko,KR,wire
P010633,2026-05-23T04:46:00,C0255,in,1710.29,Tallo Hanreenko,GB,card
P000523,2026-05-23T04:54:00,C0191,in,3050.73,Zarriel Marositz,MY,cash
P005810,2026-05-23T05:09:00,C0218,in,1189.87,Felren Davreyan,KR,cash
P000356,2026-05-23T05:10:00,C0265,out,2149.05,Mornek Ivaskyan,MY,wire
P004905,2026-05-23T05:16:00,C0203,in,408.95,Ostren Farelski,GB,wire
P003893,2026-05-23T05:44:00,C0052,out,6618.94,Felriel Lundraski,FR,wire
P010913,2026-05-23T06:07:00,C0169,out,6544.25,Nisnek Cernaov,MY,wire
P011370,2026-05-23T06:09:00,C0303,in,1223.01,Veriel Lundraar,KR,wire
P000720,2026-05-23T06:39:00,C0215,out,2583.25,Nistas Pravinenko,KR,card
P005818,2026-05-23T06:46:00,C0239,out,2570.04,Kadan Ivaskul,MY,card
P011202,2026-05-23T07:15:00,C0106,out,284.46,Nislo Farelitz,DE,wire
P007106,2026-05-23T07:36:00,C0030,out,795.91,Fello Cernaitz,US,wire
P010032,2026-05-23T07:45:00,C0382,in,720.32,Ilymir Davrear,US,wire
P009960,2026-05-23T07:51:00,C0108,out,118.92,Ilymir Jorelar,US,wire
P007335,2026-05-23T08:01:00,C0043,out,1501.26,Zarmir Krevoov,JP,wire
P005889,2026-05-23T08:19:00,C0335,out,564.02,Morriel Ivaskenko,SG,wire
P008140,2026-05-23T08:29:00,C0204,out,2706.26,Brannek Boskoov,DE,wire
P002609,2026-05-23T08:31:00,C0387,in,1338.81,Kariel Pravinul,FR,wire
P004789,2026-05-23T08:37:00,C0142,out,739.69,Taldan Pravines,AU,wire
P007685,2026-05-23T08:39:00,C0392,out,1284.10,Talren Boskoski,US,card
P003408,2026-05-23T08:42:00,C0320,out,432.53,Henmir Hanreul,MY,wire
P004537,2026-05-23T08:48:00,C0177,in,392.58,Hennek Gostynitz,VN,card
P000550,2026-05-23T08:53:00,C0081,out,2259.10,Grevren Lundrayan,VN,wire
P002761,2026-05-23T08:59:00,C0264,in,1647.28,Dorlo Gostynar,AU,wire
P010988,2026-05-23T08:59:00,C0092,out,2421.54,Dorlo Gostynar,AU,wire
P002616,2026-05-23T09:13:00,C0268,out,394.18,Umivic Boskoov,AU,cash
P010373,2026-05-23T09:18:00,C0298,out,224.25,Ostnek Boskoitz,DE,wire
P004804,2026-05-23T09:20:00,C0229,out,1218.41,Sevdan Davreitz,GB,wire
P009644,2026-05-23T09:25:00,C0118,in,5321.81,Umivic Cernaov,MY,wire
P000045,2026-05-23T09:26:00,C0160,out,913.50,Dortas Nevicul,US,cash
P011046,2026-05-23T09:35:00,C0067,in,195.21,Henvic Jorelitz,JP,wire
P007060,2026-05-23T09:39:00,C0369,in,2412.44,Zarnek Ivaskov,AU,wire
P002744,2026-05-23T09:44:00,C0094,out,5616.67,Umilo Enkoski,US,wire
P002404,2026-05-23T09:46:00,C0332,out,2799.60,Henmir Krevoes,US,wire
P001320,2026-05-23T10:06:00,C0129,out,333.96,Zarvic Boskoyan,AU,wire
P011997,2026-05-23T10:08:00,C0351,out,807.54,Ostnek Boskoyan,SG,wire
P010238,2026-05-23T10:22:00,C0222,in,648.12,Kadan Lundraes,GB,wire
P006790,2026-05-23T10:28:00,C0259,in,218.44,Henren Ivaskes,US,wire
P005137,2026-05-23T10:39:00,C0174,out,1922.17,Talnek Pravines,GB,cash
P009321,2026-05-23T10:42:00,C0255,in,6526.48,Felriel Hanreov,JP,wire
P005244,2026-05-23T10:48:00,C0333,in,425.63,Nislo Jorelyan,GB,wire
P005845,2026-05-23T10:50:00,C0338,in,208.08,Vemir Jorelenko,XB,wire
P008763,2026-05-23T11:04:00,C0319,out,2956.81,Sevren Jorelyan,AU,cash
P011158,2026-05-23T11:08:00,C0050,out,761.35,Ralvic Pravinyan,DE,card
P004175,2026-05-23T11:19:00,C0013,out,765.88,Branren Davreul,VN,wire
P007040,2026-05-23T11:28:00,C0370,in,2994.52,Mornek Davreenko,KR,card
P011876,2026-05-23T11:44:00,C0106,in,548.28,Brandan Boskoski,FR,wire
P010694,2026-05-23T11:56:00,C0076,out,600.17,Zarvic Enkoar,SG,wire
P001499,2026-05-23T12:17:00,C0000,out,1783.79,Sevlo Cernaitz,MY,wire
P008880,2026-05-23T12:36:00,C0039,out,155.90,Vedan Marosar,US,card
P011223,2026-05-23T12:51:00,C0238,out,243.04,Taldan Boskoenko,SG,wire
P000136,2026-05-23T12:52:00,C0114,in,159.85,Sevmir Enkoienko,GB,wire
P011803,2026-05-23T12:54:00,C0232,out,1628.37,Felren Orzekul,GB,wire
P002811,2026-05-23T12:57:00,C0084,in,650.87,Talren Nevicov,AU,cash
P003703,2026-05-23T12:57:00,C0225,in,551.32,Grevnek Boskoul,KR,card
P011755,2026-05-23T13:08:00,C0156,out,174.68,Henvic Jorelitz,FR,wire
P001699,2026-05-23T13:25:00,C0162,out,57.74,Zarmir Orzekyan,VN,card
P005979,2026-05-23T13:31:00,C0007,out,7925.01,Dorlo Boskoitz,AU,cash
P001458,2026-05-23T13:42:00,C0062,in,2359.01,Grevlo Boskoski,AU,wire
P004061,2026-05-23T13:50:00,C0167,out,1620.87,Ostlo Krevoes,JP,wire
P004645,2026-05-23T14:33:00,C0334,in,867.01,Ostren Farelenko,FR,wire
P000511,2026-05-23T15:10:00,C0377,in,410.72,Ralriel Hanreenko,SG,wire
P011528,2026-05-23T15:27:00,C0091,out,547.70,Ralnek Hanreul,FR,cash
P010102,2026-05-23T15:32:00,C0272,in,383.72,Ralnek Hanreul,SG,wire
P010720,2026-05-23T15:36:00,C0361,out,1906.62,Umiren Hanreul,FR,wire
P011261,2026-05-23T15:54:00,C0345,out,166.77,Ilyren Ivaskyenko,DE,card
P000412,2026-05-23T16:01:00,C0032,in,1287.06,Henlo Marosenko,MY,wire
P009589,2026-05-23T16:08:00,C0197,out,901.02,Umidan Pravinenko,KR,card
P007931,2026-05-23T16:15:00,C0192,in,1667.88,Morlo Cernaitz,US,wire
P008570,2026-05-23T16:25:00,C0372,out,880.56,Hennek Davreov,US,cash
P003510,2026-05-23T16:30:00,C0120,in,5739.73,Henvic Cernaov,GB,wire
P011258,2026-05-23T16:30:00,C0201,in,310.58,Grevmir Cernaov,AU,card
P009324,2026-05-23T16:34:00,C0263,out,1519.24,Ostvic Marosar,MY,cash
P008994,2026-05-23T16:53:00,C0231,out,932.60,Zarlo Fareles,DE,wire
P011198,2026-05-23T16:55:00,C0133,in,337.40,Raltas Gostynes,GB,wire
P001738,2026-05-23T17:04:00,C0338,in,2045.79,Grevnek Boskoul,AU,card
P001295,2026-05-23T17:05:00,C0307,in,81.48,Talriel Farelul,FR,wire
P011361,2026-05-23T17:46:00,C0014,in,1914.32,Dortas Boskoov,JP,wire
P007500,2026-05-23T17:55:00,C0068,in,660.25,Grevvic Farelitz,DE,cash
P010264,2026-05-23T17:58:00,C0251,in,241.34,Nisvic Enkoitz,US,wire
P006337,2026-05-23T18:34:00,C0106,in,1199.80,Umimir Davreenko,US,card
P007778,2026-05-23T18:40:00,C0155,out,831.31,Kavic Cernaitz,JP,card
P004633,2026-05-23T18:46:00,C0276,in,531.60,Talriel Farelar,GB,cash
P009925,2026-05-23T18:56:00,C0265,out,251.75,Ralnek Lundraul,KR,wire
P001254,2026-05-23T19:04:00,C0389,out,1098.85,Dorvic Marosar,US,cash
P011882,2026-05-23T19:04:00,C0093,out,2980.30,Ralriel Gostynov,JP,wire
P003134,2026-05-23T19:10:00,C0255,out,913.36,Dorren Hanreyan,AU,card
P003278,2026-05-23T19:22:00,C0148,out,1447.10,Vevic Orzekul,GB,card
P005557,2026-05-23T19:28:00,C0024,in,902.84,Nisdan Farelar,MY,wire
P011344,2026-05-23T19:29:00,C0045,in,1463.25,Morvic Gostynenko,MY,wire
P003574,2026-05-23T19:42:00,C0370,in,447.34,Sevriel Enkoes,VN,wire
P007679,2026-05-23T19:53:00,C0397,out,786.86,Umiren Hanreul,GB,wire
P001807,2026-05-23T20:07:00,C0339,out,1815.69,Ostlo Orzekar,JP,cash
P003474,2026-05-23T20:19:00,C0247,in,1881.21,Sevriel Hanreul,AU,cash
P009710,2026-05-23T20:24:00,C0237,out,1920.51,Zarlo Fareles,VN,wire
P004083,2026-05-23T20:30:00,C0198,out,4202.10,Veriel Lundraar,MY,card
P011670,2026-05-23T20:56:00,C0241,out,315.78,Raltas Nevicitz,DE,wire
P001076,2026-05-23T21:01:00,C0171,in,496.29,Umivic Nevicenko,VN,card
P007647,2026-05-23T21:02:00,C0278,in,1216.43,Ostvic Aldreski,SG,wire
P002360,2026-05-23T21:06:00,C0250,out,497.93,Ilyriel Boskoenko,VN,wire
P008711,2026-05-23T21:19:00,C0074,out,5510.96,Mornek Ivaskyan,VN,wire
P003765,2026-05-23T21:25:00,C0331,out,5281.84,Ostlo Aldrees,FR,card
P000402,2026-05-23T21:27:00,C0076,out,837.42,Ilyren Krevoov,SG,card
P011426,2026-05-23T21:31:00,C0176,out,1226.11,Vedan Marosar,KR,wire
P011249,2026-05-23T21:33:00,C0368,out,477.19,Vevic Orzekul,KR,cash
P005804,2026-05-23T21:39:00,C0093,out,579.49,Umiriel Davreitz,VN,wire
P003987,2026-05-23T21:51:00,C0155,out,2521.24,Umitas Davreyan,US,wire
P004691,2026-05-23T22:05:00,C0031,in,2231.89,Kariel Pravinul,FR,cash
P006681,2026-05-23T22:09:00,C0140,in,2200.93,Umilo Marosyan,DE,card
P005649,2026-05-23T22:16:00,C0005,out,1122.83,Kavic Cernaitz,GB,cash
P011129,2026-05-23T22:22:00,C0333,out,133.69,Henmir Marosenko,GB,wire
P009559,2026-05-23T22:36:00,C0355,in,668.95,Morriel Aldreyan,VN,wire
P010306,2026-05-23T23:02:00,C0059,out,1842.48,Sevmir Pravinov,KR,wire
P009074,2026-05-23T23:19:00,C0311,out,524.36,Branlo Cernaenko,FR,wire
P002713,2026-05-23T23:22:00,C0368,in,537.61,Grevlo Ivaskenko,MY,wire
P010831,2026-05-23T23:33:00,C0028,in,2871.58,Grevmir Ivaskul,DE,wire
P006471,2026-05-23T23:45:00,C0124,out,7124.83,Felren Ivaskes,VN,wire
P003132,2026-05-23T23:54:00,C0276,in,433.08,Umivic Lundraes,US,wire
P004930,2026-05-23T23:56:00,C0136,out,311.34,Zarnek Jorelitz,KR,cash
P002714,2026-05-24T00:23:00,C0192,in,586.31,Ilymir Krevoenko,KR,wire
P010952,2026-05-24T00:28:00,C0195,out,1363.82,Zarmir Orzekar,VN,wire
P011443,2026-05-24T00:45:00,C0227,out,1027.91,Vetas Gostynenko,VN,card
P011441,2026-05-24T00:47:00,C0300,in,5052.97,Katas Ivaskov,JP,wire
P011136,2026-05-24T00:50:00,C0245,out,102.60,Zarvic Marosyan,GB,card
P009040,2026-05-24T00:52:00,C0352,in,3795.36,Grevren Lundrayan,SG,wire
P001166,2026-05-24T01:18:00,C0356,in,288.02,Vetas Boskoyenko,MY,wire
P003975,2026-05-24T01:18:00,C0329,out,1000.08,Zarriel Gostynar,GB,wire
P006013,2026-05-24T01:25:00,C0118,in,2203.54,Taltas Hanrees,AU,card
P002201,2026-05-24T01:29:00,C0059,out,575.99,Grevvic Farelitz,FR,card
P004504,2026-05-24T01:45:00,C0206,in,267.90,Sevnek Orzekar,US,wire
P008485,2026-05-24T02:02:00,C0127,in,323.06,Feltas Orzekski,DE,wire
P009105,2026-05-24T02:08:00,C0194,in,1620.07,Mormir Boskoes,DE,card
P007290,2026-05-24T02:20:00,C0298,in,600.64,Raltas Lundraitz,JP,wire
P001963,2026-05-24T02:33:00,C0083,in,1660.83,Branmir Farelski,AU,wire
P001335,2026-05-24T02:34:00,C0097,out,343.04,Henriel Aldreyan,US,wire
P005411,2026-05-24T02:42:00,C0389,in,1182.99,Ralnek Maroses,SG,wire
P004916,2026-05-24T02:47:00,C0256,in,187.58,Hentas Boskoul,JP,wire
P004762,2026-05-24T02:50:00,C0349,out,2046.72,Morvic Hanreitz,GB,cash
P005700,2026-05-24T02:57:00,C0122,in,395.49,Ralren Davreski,AU,card
P010367,2026-05-24T03:00:00,C0142,in,259.72,Ilymir Jorelar,KR,wire
P002630,2026-05-24T03:09:00,C0270,out,390.46,Kamir Farelul,KR,wire
P001048,2026-05-24T03:14:00,C0175,in,640.68,Ilyren Ivaskyenko,DE,card
P002132,2026-05-24T03:32:00,C0189,out,2628.64,Sevlo Gostynov,VN,wire
P002436,2026-05-24T03:32:00,C0259,in,2943.25,Sevtas Enkoar,GB,wire
P002265,2026-05-24T03:55:00,C0339,out,120.40,Ostdan Marositz,GB,wire
P009262,2026-05-24T03:57:00,C0347,out,827.77,Felvic Ivaskitz,FR,wire
P002247,2026-05-24T04:06:00,C0099,in,1450.50,Branlo Enkoyan,GB,wire
P008838,2026-05-24T04:06:00,C0261,out,1264.99,Kariel Orzekski,JP,wire
P010192,2026-05-24T04:09:00,C0089,in,252.32,Zarriel Ivaskitz,DE,wire
P008231,2026-05-24T04:27:00,C0007,in,4250.99,Sevriel Joreles,AU,wire
P000484,2026-05-24T04:37:00,C0102,out,338.47,Taltas Hanreov,XC,wire
P007910,2026-05-24T04:50:00,C0247,out,6523.57,Umitas Davreyan,SG,wire
P011751,2026-05-24T04:56:00,C0156,out,912.28,Ilymir Orzeksenko,MY,card
P010593,2026-05-24T05:14:00,C0047,out,640.25,Zarlo Gostynyan,AU,cash
P002294,2026-05-24T05:25:00,C0012,in,1838.42,Umilo Boskoenko,JP,wire
P005222,2026-05-24T05:30:00,C0087,out,916.64,Ilydan Pravinski,FR,wire
P000606,2026-05-24T05:36:00,C0357,out,1152.85,Kariel Nevicitz,US,wire
P006045,2026-05-24T05:36:00,C0134,in,3095.06,Morlo Pravinenko,JP,wire
P003723,2026-05-24T05:43:00,C0209,out,3457.09,Sevnek Cernaar,US,card
P004881,2026-05-24T05:58:00,C0397,in,7245.76,Umiriel Cernaski,DE,wire
P006484,2026-05-24T06:41:00,C0221,out,636.92,Feltas Aldreyan,US,wire
P009831,2026-05-24T06:45:00,C0329,out,486.73,Dorvic Marosar,MY,cash
P003130,2026-05-24T06:46:00,C0107,out,689.55,Nisren Marosov,DE,card
P002549,2026-05-24T07:02:00,C0057,out,686.13,Ralnek Hanreul,JP,wire
P006355,2026-05-24T07:06:00,C0182,out,451.84,Umivic Orzekski,KR,wire
P010391,2026-05-24T07:31:00,C0126,out,943.09,Grevnek Aldrees,KR,wire
P006058,2026-05-24T07:40:00,C0371,in,359.45,Branren Davreyan,DE,cash
P005004,2026-05-24T07:44:00,C0386,in,605.91,Zardan Farelitz,GB,wire
P011452,2026-05-24T07:54:00,C0260,in,159.14,Henmir Davreov,KR,card
P009342,2026-05-24T08:17:00,C0227,out,2367.01,Nisren Davrear,KR,wire
P000677,2026-05-24T08:49:00,C0057,in,706.57,Raltas Lundraitz,GB,card
P006834,2026-05-24T09:00:00,C0131,out,6370.41,Umiriel Jorelul,VN,wire
P009083,2026-05-24T09:07:00,C0186,out,410.25,Sevriel Farelul,DE,wire
P002035,2026-05-24T09:08:00,C0259,in,837.91,Nismir Farelar,GB,card
P003653,2026-05-24T09:12:00,C0181,out,1205.20,Ilytas Davreenko,GB,wire
P000955,2026-05-24T09:18:00,C0051,in,3303.83,Vedan Farelar,MY,card
P000292,2026-05-24T09:43:00,C0201,out,413.59,Rallo Lundraul,VN,card
P010935,2026-05-24T10:02:00,C0176,in,1043.67,Ralnek Farelski,VN,card
P008212,2026-05-24T10:20:00,C0195,in,839.27,Umimir Ivaskul,US,card
P011409,2026-05-24T10:26:00,C0223,out,2182.75,Ilydan Marositz,MY,wire
P009263,2026-05-24T10:34:00,C0242,in,242.65,Zarriel Farelyan,DE,wire
P006789,2026-05-24T10:36:00,C0312,out,440.50,Osttas Hanreov,JP,wire
P010850,2026-05-24T10:39:00,C0163,out,2346.15,Zarriel Farelenko,FR,card
P008011,2026-05-24T10:40:00,C0050,out,1589.15,Ralmir Jorelenko,VN,card
P010781,2026-05-24T10:51:00,C0328,in,1215.59,Vevic Hanreul,US,wire
P004735,2026-05-24T10:55:00,C0007,out,71.75,Ostnek Lundrayenko,AU,wire
P000260,2026-05-24T11:01:00,C0046,in,1490.57,Zarvic Nevicov,DE,wire
P002459,2026-05-24T11:04:00,C0206,in,278.88,Talriel Cernaov,SG,wire
P008117,2026-05-24T11:24:00,C0277,in,1263.76,Felnek Boskoov,MY,wire
P000075,2026-05-24T11:32:00,C0399,out,216.78,Veren Maroses,VN,wire
P011881,2026-05-24T11:34:00,C0128,in,150.45,Kadan Aldreov,GB,wire
P006962,2026-05-24T11:43:00,C0155,in,1384.86,Sevlo Aldrees,US,wire
P005493,2026-05-24T11:48:00,C0361,in,343.52,Nistas Pravinenko,FR,wire
P000950,2026-05-24T11:51:00,C0396,in,1597.30,Ostriel Aldreov,FR,card
P000618,2026-05-24T11:55:00,C0385,out,1323.59,Dorvic Enkoul,JP,cash
P006910,2026-05-24T11:55:00,C0291,in,1207.29,Hendan Ivaskenko,FR,wire
P003014,2026-05-24T12:04:00,C0048,out,1347.01,Taldan Marosov,MY,card
P011043,2026-05-24T12:25:00,C0210,out,1163.42,Umiren Pravinul,FR,wire
P000527,2026-05-24T12:34:00,C0155,out,1202.02,Ralnek Enkoyan,VN,wire
P007172,2026-05-24T12:37:00,C0218,out,351.75,Veren Ivaskul,AU,wire
P003039,2026-05-24T12:40:00,C0002,out,1631.13,Mordan Gostynenko,XA,wire
P001260,2026-05-24T12:43:00,C0047,out,1211.55,Dortas Lundraul,SG,cash
P002594,2026-05-24T12:45:00,C0182,out,1861.11,Ilydan Pravinski,AU,wire
P005218,2026-05-24T12:58:00,C0330,out,4167.87,Branlo Enkoyan,JP,wire
P000418,2026-05-24T13:02:00,C0133,out,5425.37,Veriel Nevicov,JP,wire
P008566,2026-05-24T13:08:00,C0115,in,1014.21,Nisren Marosov,KR,wire
P000166,2026-05-24T13:16:00,C0125,out,704.96,Nisriel Krevoitz,VN,cash
P011031,2026-05-24T13:17:00,C0170,in,1098.35,Umilo Davreitz,US,wire
P000632,2026-05-24T13:26:00,C0069,out,420.96,Vetas Boskoyenko,MY,card
P001373,2026-05-24T13:27:00,C0182,out,3372.56,Dortas Lundraul,DE,card
P008658,2026-05-24T13:40:00,C0343,in,1037.93,Kariel Nevicul,VN,wire
P008713,2026-05-24T13:59:00,C0028,in,838.57,Branriel Enkoar,SG,wire
P008782,2026-05-24T14:21:00,C0318,out,1515.69,Hentas Gostynitz,GB,wire
P004592,2026-05-24T14:24:00,C0207,in,1858.39,Branvic Pravinyan,FR,wire
P006774,2026-05-24T14:27:00,C0351,in,1088.06,Sevlo Maroses,VN,wire
P011999,2026-05-24T14:28:00,C0170,out,235.95,Velo Joreles,VN,wire
P006093,2026-05-24T14:41:00,C0008,out,941.83,Ilymir Krevoenko,US,card
P010513,2026-05-24T14:53:00,C0221,in,3794.71,Veriel Jorelenko,JP,wire
P006375,2026-05-24T14:58:00,C0053,out,262.57,Dornek Boskoski,VN,wire
P009538,2026-05-24T15:10:00,C0323,in,785.69,Brannek Davreov,US,cash
P010692,2026-05-24T15:12:00,C0373,out,6991.57,Dornek Boskoski,US,cash
P011277,2026-05-24T15:14:00,C0173,out,1432.75,Ostlo Orzekar,VN,wire
P004458,2026-05-24T15:16:00,C0237,out,2161.09,Nismir Farelar,KR,wire
P003258,2026-05-24T15:28:00,C0373,in,942.31,Feltas Orzekski,KR,wire
P011230,2026-05-24T15:37:00,C0317,in,1251.74,Umimir Pravinov,GB,card
P005168,2026-05-24T16:01:00,C0023,out,2002.51,Zarlo Orzekes,KR,wire
P007601,2026-05-24T16:12:00,C0229,out,317.82,Ilyren Boskoyan,AU,wire
P008650,2026-05-24T16:18:00,C0185,in,340.46,Vemir Farelyan,DE,wire
P010627,2026-05-24T16:28:00,C0135,out,2394.30,Vedan Nevicyan,XA,wire
P000721,2026-05-24T16:39:00,C0075,in,1332.06,Umivic Nevicenko,US,card
P003813,2026-05-24T17:04:00,C0218,in,675.12,Ralvic Jorelitz,MY,wire
P000715,2026-05-24T17:12:00,C0264,in,9118.73,Brandan Hanreitz,GB,wire
P001593,2026-05-24T17:21:00,C0060,in,434.99,Taldan Farelar,SG,wire
P005177,2026-05-24T17:44:00,C0245,out,6498.05,Raldan Marosyan,JP,wire
P007217,2026-05-24T17:53:00,C0253,in,1471.21,Ilymir Orzeksenko,KR,wire
P009422,2026-05-24T18:08:00,C0031,in,1868.30,Brannek Boskoov,GB,wire
P005702,2026-05-24T18:09:00,C0038,in,619.92,Mornek Cernayan,SG,wire
P005788,2026-05-24T18:14:00,C0260,out,1153.56,Zarvic Enkoar,JP,wire
P004722,2026-05-24T18:34:00,C0032,in,2746.03,Branren Gostynyan,DE,wire
P003526,2026-05-24T18:53:00,C0179,in,1879.50,Sevnek Nevicul,XC,cash
P002286,2026-05-24T19:10:00,C0315,out,600.56,Umilo Marosyan,KR,wire
P000269,2026-05-24T19:15:00,C0094,out,3313.66,Nisnek Nevicul,DE,wire
P004114,2026-05-24T19:19:00,C0048,in,794.31,Ostren Farelski,JP,wire
P010792,2026-05-24T19:23:00,C0024,in,60.74,Taltas Davreyan,VN,wire
P006632,2026-05-24T19:31:00,C0184,out,2397.16,Zarren Davreov,MY,wire
P004155,2026-05-24T19:34:00,C0086,in,464.81,Vedan Marosar,JP,wire
P006931,2026-05-24T19:40:00,C0271,out,1455.47,Zarmir Hanreyan,KR,wire
P009534,2026-05-24T19:45:00,C0340,out,608.27,Henren Enkoitz,FR,card
P004643,2026-05-24T20:03:00,C0068,out,1614.62,Kamir Farelul,AU,wire
P000179,2026-05-24T20:08:00,C0058,in,1268.15,Felren Krevoar,US,wire
P009021,2026-05-24T21:12:00,C0128,in,2534.26,Umilo Gostynienko,AU,wire
P005069,2026-05-24T21:21:00,C0110,out,4808.23,Henriel Jorelyan,FR,wire
P011514,2026-05-24T21:32:00,C0249,in,1083.58,Felnek Pravinenko,DE,wire
P003995,2026-05-24T21:49:00,C0034,out,3247.43,Kamir Lundraul,XA,wire
P004442,2026-05-24T21:55:00,C0090,in,694.57,Ralnek Maroses,MY,wire
P000353,2026-05-24T21:59:00,C0166,out,344.42,Mormir Jorelyan,JP,wire
P005007,2026-05-24T22:14:00,C0262,out,1321.50,Ilytas Davreov,KR,wire
P004354,2026-05-24T22:22:00,C0361,out,920.83,Kariel Pravinul,JP,card
P001491,2026-05-24T22:28:00,C0010,out,1836.41,Dortas Krevoul,AU,wire
P009649,2026-05-24T22:47:00,C0126,in,3336.61,Kamir Gostynov,MY,cash
P007867,2026-05-24T23:08:00,C0187,out,859.31,Veriel Lundraenko,GB,wire
P007288,2026-05-24T23:17:00,C0305,in,560.01,Henren Boskoyan,KR,wire
P003832,2026-05-24T23:22:00,C0153,in,1485.15,Zarmir Aldrees,AU,card
P005274,2026-05-24T23:26:00,C0325,out,5042.85,Feldan Boskoov,AU,wire
P006440,2026-05-24T23:48:00,C0293,out,2976.36,Kanek Davreski,VN,cash
P001402,2026-05-25T00:11:00,C0091,out,254.94,Tallo Farelenko,KR,wire
P000019,2026-05-25T00:20:00,C0065,out,4710.43,Hendan Boskoul,DE,wire
P010968,2026-05-25T00:27:00,C0197,in,2563.34,Mordan Gostynenko,FR,wire
P003764,2026-05-25T00:41:00,C0223,in,849.66,Dorvic Enkoul,FR,wire
P004200,2026-05-25T00:45:00,C0051,in,1275.52,Ilydan Krevoes,GB,wire
P005038,2026-05-25T00:53:00,C0013,in,4769.36,Katas Aldreitz,AU,wire
P009229,2026-05-25T00:57:00,C0184,in,378.48,Uminek Orzekul,SG,card
P002191,2026-05-25T01:15:00,C0307,out,991.20,Branmir Farelski,MY,cash
P011662,2026-05-25T01:15:00,C0160,out,80.61,Zartas Jorelov,FR,wire
P007220,2026-05-25T01:28:00,C0141,out,2337.55,Talvic Davrees,GB,wire
P002565,2026-05-25T01:29:00,C0125,out,5295.07,Henlo Krevoov,FR,wire
P011547,2026-05-25T01:41:00,C0112,out,885.78,Zarnek Davrear,AU,card
P010071,2026-05-25T01:56:00,C0157,out,3873.02,Sevtas Davreyan,JP,wire
P003751,2026-05-25T02:11:00,C0190,out,939.59,Sevmir Enkoienko,US,card
P005716,2026-05-25T02:18:00,C0302,out,863.25,Nisren Jorelyan,KR,wire
P002573,2026-05-25T02:56:00,C0143,in,3262.69,Umivic Boskoov,AU,cash
P000768,2026-05-25T02:59:00,C0104,out,683.94,Sevmir Krevoitz,JP,cash
P002504,2026-05-25T03:22:00,C0119,in,4428.26,Sevnek Ivaskitz,MY,wire
P002483,2026-05-25T03:34:00,C0367,in,810.11,Grevvic Joreles,AU,wire
P001638,2026-05-25T03:44:00,C0367,in,247.80,Uminek Cernaski,KR,wire
P003522,2026-05-25T03:48:00,C0365,out,3179.96,Sevren Farelul,AU,wire
P008865,2026-05-25T03:52:00,C0370,out,1364.11,Ilyvic Davreenko,VN,wire
P004390,2026-05-25T03:57:00,C0053,in,666.79,Ilytas Ivaskitz,SG,wire
P006865,2026-05-25T04:54:00,C0216,out,452.19,Morriel Ivaskyan,MY,wire
P007503,2026-05-25T04:56:00,C0368,out,13575.97,Brannek Hanreyan,MY,wire
P007395,2026-05-25T05:11:00,C0378,in,398.82,Grevriel Aldreitz,AU,wire
P007995,2026-05-25T05:17:00,C0235,out,1142.60,Kariel Enkoov,FR,wire
P002718,2026-05-25T05:19:00,C0363,in,942.85,Ilytas Aldrear,US,card
P000531,2026-05-25T05:38:00,C0175,in,2585.22,Umiriel Boskoes,US,wire
P007960,2026-05-25T05:42:00,C0044,out,734.31,Sevren Jorelenko,SG,card
P004356,2026-05-25T05:47:00,C0132,out,3854.59,Kariel Ivaskenko,FR,card
P002701,2026-05-25T05:49:00,C0294,out,12660.54,Henren Krevoitz,GB,wire
P007802,2026-05-25T05:52:00,C0116,out,575.78,Dormir Lundraes,FR,card
P007160,2026-05-25T05:53:00,C0002,in,8511.82,Dormir Aldreyan,VN,card
P009169,2026-05-25T06:21:00,C0213,in,1480.42,Zarnek Lundrayan,MY,card
P009270,2026-05-25T06:22:00,C0263,out,423.29,Zarren Fareles,SG,card
P002369,2026-05-25T06:36:00,C0253,in,1361.96,Kamir Pravinar,SG,wire
P009540,2026-05-25T06:44:00,C0124,out,633.50,Veren Boskoitz,AU,card
P003577,2026-05-25T07:08:00,C0371,out,1902.89,Umimir Pravinyan,FR,wire
P006978,2026-05-25T07:37:00,C0100,out,2437.36,Osttas Boskoyan,KR,cash
P010528,2026-05-25T07:54:00,C0136,in,1160.68,Zarriel Gostynar,AU,card
P011435,2026-05-25T07:54:00,C0379,in,1982.74,Ilydan Ivasksenko,VN,cash
P000710,2026-05-25T07:55:00,C0111,in,6053.04,Umilo Boskoenko,KR,card
P006950,2026-05-25T07:58:00,C0200,out,5311.06,Ilyren Krevoov,VN,wire
P006907,2026-05-25T07:59:00,C0037,in,4064.62,Ostdan Pravinyan,GB,wire
P008190,2026-05-25T08:05:00,C0023,in,309.94,Dorvic Enkoul,VN,card
P001153,2026-05-25T08:11:00,C0216,in,1509.42,Fello Krevoov,JP,wire
P007441,2026-05-25T08:18:00,C0011,out,1649.09,Ilymir Nevicov,DE,wire
P001888,2026-05-25T08:29:00,C0214,out,13137.32,Sevnek Orzekski,KR,wire
P000345,2026-05-25T09:30:00,C0270,out,767.62,Kadan Davrees,SG,wire
P005552,2026-05-25T09:32:00,C0217,in,3798.86,Mordan Davreitz,FR,card
P010484,2026-05-25T09:36:00,C0198,in,521.79,Kalo Boskosenko,FR,wire
P010750,2026-05-25T09:37:00,C0126,in,454.07,Talvic Farelul,JP,wire
P011204,2026-05-25T09:58:00,C0236,out,322.08,Nisren Orzekov,GB,wire
P004499,2026-05-25T10:00:00,C0267,out,134.98,Sevdan Davreitz,MY,wire
P005426,2026-05-25T10:01:00,C0066,in,8230.30,Sevren Orzekar,DE,wire
P004553,2026-05-25T10:06:00,C0115,out,1604.14,Zarlo Nevicski,SG,wire
P002228,2026-05-25T10:07:00,C0074,in,2994.86,Dortas Joreles,GB,wire
P009511,2026-05-25T10:21:00,C0013,in,246.64,Ilytas Hanreski,SG,wire
P005595,2026-05-25T10:56:00,C0032,in,879.86,Veren Ivaskov,FR,wire
P006955,2026-05-25T11:05:00,C0277,out,4152.22,Grevtas Pravinul,GB,cash
P003687,2026-05-25T11:14:00,C0021,out,2202.09,Henmir Davrear,SG,cash
P004039,2026-05-25T11:19:00,C0134,out,8151.46,Taltas Jorelar,VN,card
P011806,2026-05-25T11:19:00,C0283,in,524.75,Raltas Aldreenko,AU,wire
P005298,2026-05-25T11:23:00,C0187,out,3030.54,Umivic Boskoov,MY,cash
P002770,2026-05-25T11:26:00,C0398,out,479.67,Zarmir Aldrees,SG,card
P000815,2026-05-25T11:27:00,C0059,in,2261.47,Zarren Pravinitz,MY,wire
P003559,2026-05-25T11:38:00,C0236,in,2222.08,Morlo Pravinenko,FR,wire
P007627,2026-05-25T12:06:00,C0278,in,613.27,Henren Krevoitz,GB,card
P009255,2026-05-25T12:34:00,C0360,in,1987.12,Zarvic Davreul,KR,card
P002652,2026-05-25T12:35:00,C0335,in,1327.41,Katas Ivaskov,VN,card
P003682,2026-05-25T12:37:00,C0203,in,2541.26,Taldan Farelar,VN,card
P003373,2026-05-25T12:49:00,C0005,in,2070.28,Vedan Hanreov,DE,wire
P005961,2026-05-25T13:13:00,C0159,in,4631.74,Henmir Hanreyan,US,wire
P001080,2026-05-25T13:23:00,C0002,out,3536.25,Grevlo Orzekski,SG,wire
P000941,2026-05-25T13:35:00,C0167,out,575.87,Taldan Boskoenko,JP,wire
P004732,2026-05-25T13:39:00,C0393,in,1246.51,Ralmir Jorelenko,FR,wire
P001181,2026-05-25T13:53:00,C0384,in,685.58,Mormir Gostynenko,FR,wire
P005693,2026-05-25T14:03:00,C0303,out,933.96,Ralnek Orzekul,DE,cash
P009879,2026-05-25T14:16:00,C0306,in,418.90,Talmir Nevicsenko,AU,wire
P011945,2026-05-25T14:20:00,C0218,in,1655.62,Felmir Gostynyan,JP,wire
P010955,2026-05-25T14:28:00,C0149,out,608.16,Grevdan Marosar,KR,card
P010515,2026-05-25T14:49:00,C0267,out,261.70,Zartas Marosski,JP,cash
P010468,2026-05-25T15:02:00,C0289,out,1107.06,Henren Boskoes,US,wire
P003798,2026-05-25T15:30:00,C0144,in,143.17,Nisnek Boskoitz,US,card
P010407,2026-05-25T15:34:00,C0167,in,2432.17,Talvic Farelul,GB,wire
P004431,2026-05-25T15:47:00,C0318,in,1103.29,Sevlo Davreenko,SG,card
P005773,2026-05-25T16:25:00,C0123,out,1513.81,Umivic Lundraes,SG,wire
P005866,2026-05-25T16:44:00,C0256,out,352.93,Nismir Krevoar,VN,card
P008195,2026-05-25T16:50:00,C0201,out,2050.11,Branren Gostynyan,GB,wire
P002147,2026-05-25T17:01:00,C0114,out,2310.14,Hennek Enkoitz,DE,card
P011419,2026-05-25T17:05:00,C0079,out,430.37,Kavic Nevicitz,DE,wire
P000574,2026-05-25T17:20:00,C0344,out,7210.72,Taltas Pravinul,XC,wire
P006800,2026-05-25T17:38:00,C0083,in,230.98,Taldan Lundraes,JP,wire
P009926,2026-05-25T17:39:00,C0115,in,6330.93,Talmir Nevicsenko,US,wire
P004210,2026-05-25T17:52:00,C0239,out,8561.96,Sevvic Pravinenko,JP,wire
P011901,2026-05-25T18:01:00,C0310,out,1157.86,Ilytas Ivaskitz,AU,card
P005556,2026-05-25T18:53:00,C0193,in,622.10,Sevlo Davreenko,GB,wire
P003221,2026-05-25T18:54:00,C0306,in,23848.48,Talmir Davrear,SG,cash
P002618,2026-05-25T19:00:00,C0330,out,717.43,Sevdan Davreitz,VN,wire
P006136,2026-05-25T19:06:00,C0215,in,2200.21,Nismir Boskoski,SG,wire
P000416,2026-05-25T19:31:00,C0189,out,1545.56,Kamir Gostynov,AU,wire
P006005,2026-05-25T19:42:00,C0123,out,794.53,Nisdan Ivaskyan,JP,wire
P003370,2026-05-25T19:50:00,C0353,out,1143.58,Ilytas Davreenko,DE,wire
P000744,2026-05-25T19:55:00,C0385,in,1213.86,Felnek Enkoitz,DE,card
P006534,2026-05-25T20:05:00,C0259,out,1770.93,Felren Gostynul,KR,wire
P011712,2026-05-25T20:10:00,C0025,out,497.91,Brandan Hanreitz,AU,wire
P001352,2026-05-25T20:19:00,C0347,in,354.13,Talriel Ivaskski,GB,wire
P006164,2026-05-25T20:50:00,C0169,out,140.48,Ralriel Krevoitz,GB,wire
P001766,2026-05-25T21:15:00,C0387,in,1120.07,Nislo Davresenko,US,wire
P003169,2026-05-25T21:18:00,C0333,out,1480.65,Karen Ivaskyan,US,wire
P002646,2026-05-25T21:26:00,C0306,in,719.13,Ilymir Cernaul,KR,wire
P010343,2026-05-25T21:31:00,C0071,out,3397.88,Ostdan Fareles,AU,wire
P010983,2026-05-25T21:31:00,C0362,out,405.61,Zarren Ivaskul,SG,wire
P001952,2026-05-25T21:51:00,C0243,in,513.53,Umivic Boskoenko,MY,card
P006438,2026-05-25T22:00:00,C0311,in,3290.74,Dorlo Gostynar,VN,card
P005029,2026-05-25T22:38:00,C0397,out,1037.24,Grevdan Marosar,GB,card
P011038,2026-05-25T22:45:00,C0272,in,2655.52,Ilydan Cernaes,DE,wire
P001859,2026-05-25T22:49:00,C0103,in,861.62,Zarlo Fareles,VN,wire
P010575,2026-05-25T22:53:00,C0260,out,668.33,Umiren Davreov,KR,wire
P011616,2026-05-25T23:00:00,C0082,in,5468.78,Kamir Davreitz,KR,wire
P008467,2026-05-25T23:32:00,C0323,out,3559.59,Venek Aldreov,SG,card
P002551,2026-05-25T23:53:00,C0315,out,1752.57,Nisnek Cernaov,JP,card
P002099,2026-05-26T00:26:00,C0030,out,1125.80,Dorriel Krevoyan,DE,card
P001020,2026-05-26T00:58:00,C0322,out,360.61,Feldan Boskoov,KR,card
P005734,2026-05-26T00:58:00,C0223,in,295.93,Branren Nevices,AU,wire
P002953,2026-05-26T01:03:00,C0360,out,276.81,Ilytas Enkoski,FR,wire
P004790,2026-05-26T01:03:00,C0062,out,1826.76,Grevlo Farelitz,KR,wire
P010357,2026-05-26T01:05:00,C0143,in,7998.36,Grevdan Jorelar,KR,cash
P008562,2026-05-26T01:22:00,C0125,out,1926.33,Felriel Hanreov,KR,wire
P001637,2026-05-26T01:27:00,C0337,in,2623.48,Zarlo Hanreov,SG,cash
P008235,2026-05-26T01:27:00,C0149,out,1353.37,Nisriel Gostynar,FR,wire
P009344,2026-05-26T01:41:00,C0371,in,15805.76,Kanek Lundraes,VN,wire
P003597,2026-05-26T01:53:00,C0361,in,959.53,Kavic Nevicul,JP,wire
P011217,2026-05-26T01:56:00,C0106,out,7726.13,Dorvic Lundraov,DE,card
P007514,2026-05-26T02:01:00,C0265,in,1412.20,Nismir Krevoar,FR,wire
P001923,2026-05-26T02:04:00,C0211,out,1590.84,Sevmir Pravinov,FR,wire
P007400,2026-05-26T02:19:00,C0380,out,839.22,Rallo Enkoar,US,card
P001676,2026-05-26T02:27:00,C0264,out,3563.46,Vevic Hanreul,FR,wire
P000596,2026-05-26T02:31:00,C0037,in,415.33,Felnek Enkoitz,VN,card
P004178,2026-05-26T02:39:00,C0171,out,864.74,Dornek Hanreenko,US,wire
P007787,2026-05-26T02:55:00,C0181,out,1526.33,Nislo Farelitz,DE,cash
P006176,2026-05-26T02:57:00,C0368,out,1564.50,Ostnek Pravinitz,VN,wire
P009188,2026-05-26T02:59:00,C0252,out,750.50,Grevlo Orzekar,AU,wire
P002928,2026-05-26T03:24:00,C0384,in,1078.99,Kalo Pravinski,SG,card
P009473,2026-05-26T03:32:00,C0245,out,1702.51,Umimir Pravinyan,DE,card
P001506,2026-05-26T03:38:00,C0107,in,298.28,Ilydan Pravinski,SG,card
P007283,2026-05-26T03:50:00,C0023,in,797.21,Hendan Hanreski,DE,wire
P009280,2026-05-26T04:06:00,C0295,in,522.10,Ilyren Krevoyan,KR,card
P001570,2026-05-26T04:18:00,C0195,in,4769.01,Grevvic Orzekul,SG,wire
P005736,2026-05-26T04:22:00,C0197,out,393.64,Sevriel Pravinar,JP,wire
P011399,2026-05-26T04:41:00,C0390,in,646.81,Ilydan Marositz,SG,wire
P005521,2026-05-26T04:42:00,C0239,out,1104.97,Ostlo Boskoul,VN,wire
P011739,2026-05-26T04:57:00,C0289,out,908.30,Zartas Ivaskul,KR,wire
P010649,2026-05-26T05:03:00,C0388,out,264.94,Grevvic Hanreitz,AU,wire
P004312,2026-05-26T05:05:00,C0255,in,1654.57,Zarmir Orzekyan,GB,wire
P000420,2026-05-26T05:19:00,C0385,in,939.24,Nisnek Boskoitz,MY,wire
P001584,2026-05-26T05:25:00,C0083,out,395.63,Ilylo Farelyan,AU,wire
P002848,2026-05-26T05:36:00,C0096,out,568.18,Zarnek Ivaskul,FR,cash
P003080,2026-05-26T05:47:00,C0065,out,870.42,Dormir Davreul,US,wire
P003861,2026-05-26T05:53:00,C0346,in,49.55,Umilo Hanrear,DE,cash
P001030,2026-05-26T05:54:00,C0062,in,6503.25,Zartas Pravinenko,FR,wire
P005057,2026-05-26T05:58:00,C0317,in,1541.59,Kamir Pravinar,KR,cash
P011014,2026-05-26T06:13:00,C0292,in,3316.44,Umilo Enkoski,DE,wire
P004328,2026-05-26T06:14:00,C0230,in,151.51,Nistas Orzekski,SG,wire
P008427,2026-05-26T06:26:00,C0268,out,1966.26,Umimir Davreenko,SG,wire
P002310,2026-05-26T06:29:00,C0190,in,1347.13,Branren Boskoenko,JP,wire
P002943,2026-05-26T07:04:00,C0074,out,1575.95,Hennek Davreov,SG,wire
P004560,2026-05-26T07:09:00,C0354,in,5752.36,Ilytas Davreenko,VN,wire
P005046,2026-05-26T07:25:00,C0266,in,2591.61,Branlo Farelski,FR,wire
P002738,2026-05-26T07:40:00,C0325,out,910.41,Veren Gostynar,US,card
P002805,2026-05-26T07:44:00,C0213,in,1568.90,Dorlo Boskoitz,VN,wire
P000053,2026-05-26T07:47:00,C0173,in,966.22,Umiren Marosar,MY,wire
P010204,2026-05-26T08:20:00,C0324,out,317.16,Brandan Gostynitz,JP,wire
P010182,2026-05-26T08:49:00,C0151,out,3372.18,Zarlo Pravinyan,JP,wire
P007136,2026-05-26T08:52:00,C0168,in,18727.07,Henlo Ivaskski,SG,wire
P007543,2026-05-26T08:59:00,C0027,out,741.43,Brannek Boskoov,KR,wire
P008831,2026-05-26T09:01:00,C0094,in,223.33,Henren Krevoitz,VN,wire
P002899,2026-05-26T09:08:00,C0328,in,2096.08,Hennek Davreov,VN,wire
P003818,2026-05-26T09:10:00,C0290,out,693.32,Branmir Ivaskul,JP,card
P008539,2026-05-26T09:10:00,C0254,in,2545.25,Brandan Gostynitz,DE,wire
P008522,2026-05-26T09:11:00,C0282,out,417.99,Sevriel Joreles,GB,wire
P005496,2026-05-26T09:13:00,C0220,out,548.22,Kamir Pravinar,DE,wire
P000162,2026-05-26T09:24:00,C0212,in,1357.92,Sevdan Pravinenko,VN,wire
P005047,2026-05-26T09:30:00,C0381,in,1857.17,Zarvic Orzekenko,SG,card
P003214,2026-05-26T09:38:00,C0317,in,939.79,Nisren Marosov,FR,wire
P006841,2026-05-26T09:40:00,C0369,in,10699.64,Branmir Orzekul,FR,card
P009107,2026-05-26T09:41:00,C0030,in,1742.19,Sevdan Gostynski,JP,wire
P010654,2026-05-26T09:48:00,C0386,in,1110.73,Vevic Boskoyan,AU,cash
P008592,2026-05-26T09:59:00,C0342,in,1152.10,Grevmir Cernaov,DE,card
P003097,2026-05-26T10:26:00,C0176,in,106.51,Umiren Pravinul,JP,wire
P005477,2026-05-26T10:39:00,C0365,in,1411.53,Sevnek Cernaar,MY,wire
P006222,2026-05-26T10:40:00,C0196,in,2370.44,Hendan Hanreski,GB,wire
P008569,2026-05-26T10:47:00,C0124,out,995.42,Grevlo Boskoitz,AU,wire
P000183,2026-05-26T11:13:00,C0074,out,275.77,Ralnek Orzekul,DE,wire
P008361,2026-05-26T11:18:00,C0148,in,200.89,Ostren Farelenko,AU,wire
P011653,2026-05-26T11:29:00,C0020,out,433.47,Henren Boskoyan,GB,card
P003679,2026-05-26T11:55:00,C0034,in,2569.15,Kalo Ivaskenko,SG,card
P004849,2026-05-26T11:59:00,C0032,out,2043.94,Rallo Lundraul,FR,card
P004686,2026-05-26T12:39:00,C0237,in,1998.51,Umimir Pravinyan,GB,card
P011638,2026-05-26T12:42:00,C0230,out,2869.62,Umimir Pravinov,MY,wire
P008489,2026-05-26T12:45:00,C0087,in,946.52,Nisnek Gostynul,MY,wire
P000081,2026-05-26T13:01:00,C0133,in,616.88,Umilo Orzekar,JP,card
P011073,2026-05-26T13:38:00,C0389,out,3323.65,Ostnek Boskoitz,GB,wire
P003929,2026-05-26T13:43:00,C0041,out,605.04,Sevlo Aldrees,US,wire
P007085,2026-05-26T13:46:00,C0093,in,899.67,Zarnek Boskoul,VN,wire
P003588,2026-05-26T13:51:00,C0189,out,89.04,Grevren Gostynes,FR,cash
P005206,2026-05-26T14:20:00,C0127,out,28906.35,Grevlo Krevoar,US,wire
P003848,2026-05-26T14:23:00,C0136,out,1032.54,Morlo Davreov,GB,wire
P001012,2026-05-26T14:24:00,C0284,out,203.57,Sevlo Cernaitz,JP,wire
P010169,2026-05-26T14:38:00,C0243,in,841.43,Taldan Pravines,MY,wire
P010064,2026-05-26T15:22:00,C0248,in,1676.13,Ilyvic Hanreul,AU,wire
P003079,2026-05-26T16:29:00,C0186,out,7033.85,Rallo Enkoar,AU,wire
P009715,2026-05-26T16:40:00,C0338,out,1114.18,Dormir Farelski,VN,cash
P004794,2026-05-26T17:06:00,C0001,out,5757.72,Brandan Hanreitz,JP,card
P003443,2026-05-26T17:09:00,C0120,in,10663.13,Ostnek Gostynov,AU,wire
P002306,2026-05-26T17:13:00,C0184,in,1113.90,Zarlo Jorelar,MY,cash
P008808,2026-05-26T17:19:00,C0353,in,7354.17,Kamir Farelul,JP,wire
P000447,2026-05-26T17:27:00,C0060,out,1108.20,Umitas Davreski,MY,cash
P003627,2026-05-26T17:28:00,C0398,in,887.52,Dorriel Krevoyan,KR,cash
P006689,2026-05-26T17:35:00,C0095,in,1020.37,Ilymir Enkoar,DE,wire
P003200,2026-05-26T17:40:00,C0182,out,1819.74,Kamir Cernaar,VN,wire
P001336,2026-05-26T17:43:00,C0134,out,1042.91,Feltas Aldrear,MY,wire
P003365,2026-05-26T17:44:00,C0231,out,1088.80,Henren Hanreov,SG,wire
P000807,2026-05-26T18:02:00,C0180,out,937.90,Sevren Ivaskienko,AU,cash
P003888,2026-05-26T18:36:00,C0391,in,4071.89,Nisnek Orzekar,US,card
P011854,2026-05-26T18:45:00,C0139,out,934.23,Talren Nevicov,FR,card
P007153,2026-05-26T18:48:00,C0399,in,3323.83,Nisnek Boskoitz,AU,cash
P004785,2026-05-26T19:07:00,C0307,out,13615.10,Felmir Jorelul,MY,wire
P009175,2026-05-26T19:11:00,C0080,in,508.59,Ostlo Boskoul,JP,wire
P000038,2026-05-26T19:17:00,C0005,in,5140.50,Kavic Boskoitz,MY,cash
P010602,2026-05-26T19:56:00,C0330,out,8368.01,Nismir Boskoski,VN,card
P008991,2026-05-26T20:01:00,C0232,in,1345.97,Ilymir Marosar,US,wire
P006611,2026-05-26T20:07:00,C0135,in,1848.43,Veriel Krevoitz,FR,cash
P002463,2026-05-26T20:11:00,C0236,in,836.44,Sevnek Davreienko,AU,wire
P010982,2026-05-26T20:31:00,C0309,in,4019.90,Grevren Lundraul,KR,cash
P008804,2026-05-26T20:42:00,C0042,in,637.19,Hentas Nevicenko,XC,wire
P010483,2026-05-26T20:52:00,C0126,in,673.03,Zarvic Davreul,JP,wire
P001476,2026-05-26T21:02:00,C0188,in,1627.11,Feldan Boskoov,US,wire
P011044,2026-05-26T21:04:00,C0160,in,778.70,Ilyriel Boskoenko,SG,wire
P000690,2026-05-26T21:05:00,C0003,in,10406.83,Kavic Enkoov,DE,card
P004439,2026-05-26T21:09:00,C0216,out,2259.21,Sevdan Hanreyan,VN,wire
P008378,2026-05-26T21:46:00,C0182,in,549.81,Mornek Nevicenko,VN,cash
P004531,2026-05-26T21:50:00,C0347,in,222.20,Talnek Lundrayan,GB,wire
P003712,2026-05-26T21:53:00,C0231,in,2203.06,Grevnek Boskoul,DE,wire
P004852,2026-05-26T22:20:00,C0273,out,714.61,Morvic Boskoul,GB,wire
P001698,2026-05-26T22:40:00,C0057,in,1001.84,Henriel Aldreyan,VN,card
P004275,2026-05-26T22:59:00,C0287,in,242.19,Ilylo Krevoul,US,wire
P000061,2026-05-26T23:03:00,C0143,out,473.31,Branmir Orzekul,KR,cash
P008437,2026-05-26T23:17:00,C0330,in,693.91,Raltas Farelitz,US,wire
P001736,2026-05-26T23:28:00,C0018,out,500.41,Felren Gostynul,MY,wire
P011079,2026-05-26T23:37:00,C0120,in,199.19,Vetas Krevoov,KR,wire
P006170,2026-05-26T23:42:00,C0182,out,1111.46,Rallo Ivaskenko,VN,wire
P001015,2026-05-26T23:43:00,C0129,in,1937.32,Vedan Jorelov,JP,card
P006551,2026-05-26T23:47:00,C0195,out,981.48,Katas Krevoar,MY,card
P002194,2026-05-26T23:57:00,C0228,in,1220.16,Sevmir Ivaskyan,DE,wire
P001186,2026-05-27T00:04:00,C0335,out,4113.06,Raltas Gostynes,SG,wire
P010658,2026-05-27T00:16:00,C0048,out,7464.53,Ostdan Krevoul,DE,wire
P008129,2026-05-27T00:40:00,C0249,in,2340.63,Feltas Ivaskenko,GB,card
P009602,2026-05-27T00:52:00,C0159,in,906.66,Grevnek Boskoul,US,wire
P010225,2026-05-27T01:21:00,C0390,out,1477.18,Henlo Davreul,SG,wire
P002403,2026-05-27T01:28:00,C0208,out,313.11,Ostdan Krevoul,DE,wire
P005151,2026-05-27T01:43:00,C0312,out,326.81,Branmir Ivaskul,VN,wire
P008255,2026-05-27T01:52:00,C0069,out,17145.53,Nisnek Nevicul,GB,card
P008937,2026-05-27T01:52:00,C0381,in,3002.93,Ilyren Krevoyan,US,wire
P004284,2026-05-27T02:12:00,C0079,out,584.17,Talriel Ivaskski,FR,wire
P010330,2026-05-27T02:18:00,C0375,in,804.96,Umilo Boskoenko,AU,wire
P007394,2026-05-27T02:24:00,C0004,in,1608.85,Ralmir Jorelenko,KR,wire
P009957,2026-05-27T02:51:00,C0232,in,2112.92,Sevtas Boskoar,GB,wire
P010690,2026-05-27T02:51:00,C0011,in,376.42,Hentas Krevoul,AU,wire
P006569,2026-05-27T02:53:00,C0134,out,811.00,Sevvic Ivaskes,DE,card
P010120,2026-05-27T02:55:00,C0387,out,837.32,Katas Boskoar,FR,wire
P011989,2026-05-27T03:06:00,C0016,in,1670.82,Ralriel Hanreenko,SG,cash
P005024,2026-05-27T03:07:00,C0122,in,817.36,Ilyriel Boskoenko,DE,wire
P009993,2026-05-27T03:26:00,C0362,out,1122.34,Uminek Cernaski,JP,wire
P002746,2026-05-27T03:29:00,C0244,out,1976.89,Dorlo Gostynar,JP,card
P009025,2026-05-27T04:01:00,C0147,in,2057.20,Zartas Jorelov,KR,wire
P010864,2026-05-27T04:16:00,C0357,in,474.93,Grevdan Enkoes,GB,cash
P003849,2026-05-27T04:24:00,C0138,in,715.93,Ilyren Krevoov,US,cash
P001489,2026-05-27T04:26:00,C0046,in,912.90,Ostren Farelenko,GB,wire
P009852,2026-05-27T04:37:00,C0042,in,754.37,Taltas Hanreov,DE,wire
P003499,2026-05-27T04:44:00,C0242,in,1137.98,Morlo Jorelenko,US,wire
P006067,2026-05-27T04:50:00,C0299,out,521.84,Morlo Cernaitz,AU,wire
P011047,2026-05-27T04:56:00,C0278,out,1271.07,Ilyvic Davreenko,JP,wire
P003593,2026-05-27T05:12:00,C0372,in,98.43,Umiren Lundraski,SG,wire
P011796,2026-05-27T05:33:00,C0332,in,206.62,Nistas Pravinenko,JP,wire
P007121,2026-05-27T05:38:00,C0202,out,7230.99,Sevtas Davreyan,DE,card
P005559,2026-05-27T05:48:00,C0025,in,670.55,Dorlo Boskoski,MY,wire
P011983,2026-05-27T05:54:00,C0221,in,1002.18,Vedan Jorelov,KR,wire
P010303,2026-05-27T06:05:00,C0082,in,150.41,Grevdan Lundraul,JP,wire
P002329,2026-05-27T06:16:00,C0111,in,3480.43,Veriel Nevicov,GB,card
P005420,2026-05-27T06:23:00,C0331,out,2424.56,Branlo Boskoes,DE,wire
P004269,2026-05-27T06:28:00,C0128,in,382.17,Henmir Enkoski,FR,wire
P005900,2026-05-27T06:38:00,C0287,in,286.53,Nisriel Pravinar,GB,cash
P000257,2026-05-27T06:43:00,C0268,out,203.79,Zarnek Marosar,US,wire
P004919,2026-05-27T06:43:00,C0136,out,721.15,Ilynek Jorelitz,KR,wire
P000672,2026-05-27T06:49:00,C0101,in,502.41,Ostlo Jorelenko,VN,cash
P000931,2026-05-27T06:52:00,C0118,out,314.42,Zarnek Ivaskov,FR,wire
P008229,2026-05-27T07:08:00,C0279,in,1192.95,Veren Farelul,GB,card
P009938,2026-05-27T07:08:00,C0196,in,16160.99,Dorren Ivaskenko,MY,wire
P008755,2026-05-27T07:12:00,C0017,in,756.87,Zarmir Krevoski,US,card
P009225,2026-05-27T07:15:00,C0145,in,701.35,Sevtas Aldreov,JP,wire
P010386,2026-05-27T07:23:00,C0163,out,1179.86,Henmir Davrear,US,wire
P000798,2026-05-27T07:30:00,C0116,out,715.61,Nisren Gostynes,SG,wire
P001222,2026-05-27T07:31:00,C0381,out,715.56,Kamir Gostynov,DE,wire
P009531,2026-05-27T07:38:00,C0119,in,3880.97,Sevdan Lundraenko,SG,card
P010395,2026-05-27T07:40:00,C0211,out,1763.26,Taltas Hanrees,US,wire
P000027,2026-05-27T07:44:00,C0254,in,4482.90,Ilyren Boskoyan,MY,wire
P004152,2026-05-27T07:46:00,C0158,out,834.63,Ostriel Hanreitz,GB,wire
P000035,2026-05-27T07:56:00,C0306,out,1115.51,Dorren Hanreyan,SG,wire
P002665,2026-05-27T07:59:00,C0330,in,1823.54,Nislo Farelitz,SG,card
P009625,2026-05-27T08:11:00,C0375,in,671.02,Morlo Cernaitz,AU,wire
P004188,2026-05-27T08:48:00,C0335,out,412.66,Umilo Marosyan,FR,wire
P005390,2026-05-27T08:49:00,C0215,out,3310.86,Sevren Orzekar,DE,wire
P005480,2026-05-27T09:06:00,C0383,out,635.77,Ilytas Enkoski,KR,wire
P002333,2026-05-27T09:24:00,C0127,out,6041.23,Zarnek Davrear,US,card
P001300,2026-05-27T09:30:00,C0329,out,1706.85,Ostdan Gostynov,KR,wire
P010762,2026-05-27T09:34:00,C0357,out,1204.95,Brandan Pravinul,XB,wire
P003440,2026-05-27T09:38:00,C0042,in,3070.50,Henren Ivaskski,JP,card
P001231,2026-05-27T09:50:00,C0391,in,847.07,Taltas Hanrees,FR,wire
P007302,2026-05-27T10:06:00,C0395,out,1329.18,Ostnek Lundrayenko,MY,wire
P011084,2026-05-27T10:11:00,C0053,in,1939.66,Dordan Orzekitz,KR,wire
P008623,2026-05-27T10:56:00,C0342,in,2309.99,Sevmir Orzekitz,KR,wire
P008558,2026-05-27T11:14:00,C0322,in,1270.38,Sevmir Farelov,AU,wire
P004484,2026-05-27T11:28:00,C0286,out,2488.07,Kalo Cernaes,US,wire
P005052,2026-05-27T11:42:00,C0191,out,2613.83,Grevren Gostynes,GB,wire
P011362,2026-05-27T11:56:00,C0370,out,834.22,Feltas Aldrear,SG,wire
P012047,2026-05-27T12:00:00,C0208,in,9092.50,Vedan Hanreski,US,cash
P011000,2026-05-27T12:09:00,C0366,out,671.90,Ostmir Hanrees,JP,wire
P000676,2026-05-27T12:19:00,C0307,in,2498.88,Sevlo Orzekenko,DE,card
P005968,2026-05-27T12:26:00,C0026,in,977.67,Kamir Enkoyan,GB,card
P009726,2026-05-27T12:26:00,C0183,in,453.34,Henren Cernayan,AU,card
P010872,2026-05-27T12:29:00,C0003,out,1518.46,Branren Nevices,MY,wire
P000415,2026-05-27T12:31:00,C0233,out,2039.94,Ostren Aldreov,SG,card
P005872,2026-05-27T12:37:00,C0354,out,5718.45,Mornek Davreski,AU,wire
P001427,2026-05-27T12:46:00,C0309,out,8785.46,Nismir Hanreov,JP,wire
P003419,2026-05-27T13:21:00,C0231,out,586.53,Ostvic Marosar,VN,card
P004701,2026-05-27T13:22:00,C0329,in,595.07,Vedan Cernaski,GB,wire
P004601,2026-05-27T13:28:00,C0165,out,137.94,Umilo Marosyan,DE,wire
P010070,2026-05-27T13:28:00,C0123,in,2388.80,Zarlo Gostynyan,US,wire
P007672,2026-05-27T13:42:00,C0169,in,2252.03,Kariel Gostynul,SG,wire
P009043,2026-05-27T13:47:00,C0368,out,570.26,Umilo Boskoenko,AU,wire
P008574,2026-05-27T14:09:00,C0221,in,5441.41,Ostnek Lundrayenko,FR,wire
P007426,2026-05-27T14:26:00,C0130,out,497.06,Zartas Marosski,FR,wire
P001337,2026-05-27T15:01:00,C0139,out,394.07,Henriel Cernaes,MY,wire
P002938,2026-05-27T15:12:00,C0096,in,570.30,Ostdan Pravinyan,US,wire
P010274,2026-05-27T15:13:00,C0260,out,161.71,Umiriel Jorelul,XC,cash
P005762,2026-05-27T15:32:00,C0380,out,3933.97,Grevdan Jorelar,MY,wire
P008315,2026-05-27T15:40:00,C0130,out,4460.26,Zartas Gostynar,VN,wire
P001819,2026-05-27T15:46:00,C0314,in,3095.51,Nisriel Krevoitz,FR,wire
P005337,2026-05-27T15:51:00,C0228,in,726.28,Felnek Enkoitz,AU,wire
P004357,2026-05-27T15:55:00,C0208,in,2803.28,Sevvic Jorelski,AU,card
P003807,2026-05-27T16:07:00,C0325,in,873.20,Zarnek Krevoyan,GB,card
P002579,2026-05-27T16:12:00,C0399,in,946.07,Ilymir Jorelar,SG,wire
P004593,2026-05-27T16:16:00,C0256,out,172.03,Branmir Hanrees,AU,wire
P004469,2026-05-27T16:23:00,C0211,in,148.75,Veren Gostynar,US,wire
P000699,2026-05-27T16:29:00,C0320,in,1471.79,Sevtas Davreyan,GB,wire
P004048,2026-05-27T16:29:00,C0383,in,1420.76,Henvic Fareles,KR,wire
P005704,2026-05-27T16:42:00,C0325,out,260.68,Ostnek Lundrayenko,KR,wire
P001112,2026-05-27T16:43:00,C0224,out,874.64,Osttas Boskoyan,FR,wire
P009723,2026-05-27T17:19:00,C0175,in,6945.25,Sevtas Aldreov,KR,wire
P008783,2026-05-27T17:20:00,C0219,in,417.43,Nisdan Ivaskyan,FR,card
P010930,2026-05-27T17:28:00,C0297,in,1401.04,Veriel Lundraar,AU,wire
P005596,2026-05-27T17:52:00,C0127,out,1387.17,Ilymir Nevicov,XB,wire
P009561,2026-05-27T18:00:00,C0378,out,10151.97,Ilylo Gostynski,DE,wire
P010704,2026-05-27T18:16:00,C0319,out,112.26,Sevnek Orzekar,FR,wire
P004441,2026-05-27T18:31:00,C0161,in,1554.81,Nistas Krevoar,KR,wire
P009233,2026-05-27T18:39:00,C0143,in,7234.04,Ostriel Lundraul,KR,wire
P006073,2026-05-27T18:45:00,C0048,in,3845.25,Ilymir Orzeksenko,DE,wire
P002628,2026-05-27T18:50:00,C0350,in,316.95,Ostlo Aldrees,VN,card
P000819,2026-05-27T19:03:00,C0173,in,354.12,Henren Lundraul,AU,wire
P000812,2026-05-27T19:08:00,C0335,out,765.85,Veren Davreul,MY,wire
P006268,2026-05-27T19:12:00,C0043,in,1014.18,Brantas Enkoov,GB,card
P002291,2026-05-27T19:13:00,C0270,out,784.73,Kavic Aldreul,US,wire
P007432,2026-05-27T19:31:00,C0244,out,5062.29,Ralnek Hanreenko,SG,card
P008595,2026-05-27T19:32:00,C0003,out,441.16,Felmir Nevicitz,XB,card
P008158,2026-05-27T19:52:00,C0050,in,6168.87,Ostdan Hanreenko,DE,wire
P006185,2026-05-27T19:55:00,C0373,out,893.95,Umiren Pravinitz,DE,wire
P002994,2026-05-27T20:13:00,C0264,in,1033.17,Umitas Jorelitz,JP,wire
P008730,2026-05-27T20:42:00,C0322,out,188.51,Grevmir Farelar,SG,wire
P006070,2026-05-27T20:51:00,C0241,out,1707.03,Hendan Hanreski,FR,wire
P005423,2026-05-27T21:00:00,C0344,out,8404.41,Sevnek Ivaskitz,JP,wire
P004417,2026-05-27T21:34:00,C0064,out,815.64,Dorlo Maroses,FR,wire
P001767,2026-05-27T22:02:00,C0151,in,205.30,Nisren Marositz,FR,wire
P011446,2026-05-27T22:03:00,C0038,out,6326.13,Grevvic Marosov,US,wire
P011788,2026-05-27T22:13:00,C0253,out,3497.65,Ilyren Ivaskar,GB,card
P007920,2026-05-27T22:19:00,C0089,in,692.32,Taltas Aldreov,MY,wire
P007119,2026-05-27T22:20:00,C0318,in,989.28,Ostlo Orzekar,DE,card
P000286,2026-05-27T22:28:00,C0274,in,235.10,Talvic Farelul,XA,card
P006817,2026-05-27T22:30:00,C0374,out,44.47,Kamir Gostynov,MY,wire
P008139,2026-05-27T22:33:00,C0385,out,774.35,Henlo Ivaskski,AU,wire
P003767,2026-05-27T22:45:00,C0265,in,2574.66,Talvic Ivaskitz,SG,cash
P008775,2026-05-27T22:51:00,C0027,out,987.05,Kamir Orzekes,GB,card
P010054,2026-05-27T23:03:00,C0073,out,428.90,Ostlo Pravinski,KR,wire
P008353,2026-05-27T23:36:00,C0218,out,395.46,Hennek Davreski,AU,wire
P003892,2026-05-28T00:06:00,C0063,in,2219.58,Mormir Hanreov,US,wire
P002660,2026-05-28T00:11:00,C0314,out,739.60,Veren Ivaskov,MY,wire
P003535,2026-05-28T00:13:00,C0234,out,695.95,Mortas Aldrear,DE,card
P002332,2026-05-28T00:18:00,C0260,out,964.04,Kanek Lundraes,MY,wire
P003822,2026-05-28T00:19:00,C0158,out,557.53,Sevdan Pravinenko,GB,wire
P010544,2026-05-28T00:40:00,C0343,out,188.45,Nismir Hanreov,MY,wire
P010882,2026-05-28T00:45:00,C0382,in,1083.36,Branlo Farelar,MY,card
P006474,2026-05-28T00:50:00,C0399,in,113.42,Sevren Farelul,SG,card
P008254,2026-05-28T00:56:00,C0232,out,6077.99,Zarvic Lundraar,KR,wire
P006810,2026-05-28T01:02:00,C0241,in,3177.14,Dorriel Jorelenko,JP,wire
P008112,2026-05-28T01:13:00,C0002,in,264.41,Ostmir Aldrees,MY,wire
P005879,2026-05-28T01:14:00,C0384,in,1050.58,Taltas Pravinul,VN,wire
P008137,2026-05-28T01:29:00,C0112,in,258.58,Grevvic Farelitz,MY,wire
P003093,2026-05-28T01:37:00,C0213,out,212.28,Zartas Enkoar,SG,wire
P004183,2026-05-28T01:58:00,C0127,in,25139.74,Henriel Aldreyan,KR,wire
P003180,2026-05-28T02:09:00,C0059,in,1027.84,Kavic Nevicul,SG,card
P008858,2026-05-28T02:10:00,C0376,out,1470.25,Grevriel Cernaes,MY,wire
P011324,2026-05-28T02:22:00,C0351,out,347.68,Mordan Davreitz,FR,wire
P004978,2026-05-28T02:30:00,C0034,in,412.89,Zarren Ivaskul,US,cash
P004939,2026-05-28T02:37:00,C0267,in,2184.16,Raltas Gostynes,KR,card
P007421,2026-05-28T02:43:00,C0310,out,2421.25,Sevmir Ivaskyan,DE,card
P005383,2026-05-28T02:44:00,C0042,out,11006.61,Velo Ivaskar,AU,wire
P006411,2026-05-28T02:48:00,C0079,in,663.11,Morriel Farelenko,VN,wire
P007658,2026-05-28T02:59:00,C0135,out,610.37,Grevlo Jorelar,SG,wire
P006542,2026-05-28T03:13:00,C0087,out,273.90,Nisdan Pravinyan,SG,wire
P009603,2026-05-28T03:19:00,C0187,in,245.15,Henren Lundraul,JP,card
P008370,2026-05-28T03:47:00,C0153,out,1091.90,Henriel Aldreyan,GB,card
P008944,2026-05-28T03:47:00,C0070,out,2217.71,Raltas Joreles,US,card
P004098,2026-05-28T04:03:00,C0019,out,504.78,Katas Cernayan,XC,wire
P008170,2026-05-28T04:09:00,C0389,out,2993.48,Umilo Davreitz,DE,wire
P010055,2026-05-28T04:10:00,C0357,in,658.44,Mortas Gostynski,MY,wire
P009700,2026-05-28T04:34:00,C0315,in,10988.58,Hentas Davreitz,MY,wire
P009434,2026-05-28T05:01:00,C0375,in,4951.27,Kamir Jorelitz,AU,wire
P000253,2026-05-28T05:03:00,C0071,out,604.74,Veren Pravinyan,MY,card
P000917,2026-05-28T05:04:00,C0258,in,2233.82,Kariel Orzekski,VN,wire
P011778,2026-05-28T05:09:00,C0097,in,880.75,Ostlo Krevoes,MY,cash
P001500,2026-05-28T05:48:00,C0051,out,624.91,Mortas Davreenko,JP,wire
P011311,2026-05-28T05:53:00,C0036,in,5528.77,Katas Pravines,JP,wire
P002168,2026-05-28T05:57:00,C0370,in,368.99,Henvic Fareles,JP,wire
P002857,2026-05-28T06:15:00,C0083,in,626.43,Branlo Farelar,AU,wire
P004403,2026-05-28T06:39:00,C0031,in,704.00,Kamir Hanreyan,VN,cash
P004566,2026-05-28T06:54:00,C0108,in,1190.01,Nisnek Nevicul,FR,card
P000736,2026-05-28T06:58:00,C0270,in,1682.35,Kalo Pravinski,MY,wire
P006478,2026-05-28T07:03:00,C0234,out,586.21,Talvic Farelul,VN,wire
P002216,2026-05-28T07:13:00,C0078,out,517.01,Talriel Farelul,SG,wire
P005636,2026-05-28T07:30:00,C0007,out,2004.48,Branlo Boskoyan,SG,wire
P002873,2026-05-28T07:31:00,C0048,in,1784.46,Grevren Ivaskar,SG,wire
P006766,2026-05-28T07:32:00,C0208,out,328.28,Taltas Jorelar,GB,wire
P000708,2026-05-28T07:42:00,C0248,out,2552.03,Ilyvic Hanreul,AU,wire
P005070,2026-05-28T07:44:00,C0170,in,373.15,Ostdan Pravinyan,FR,wire
P005733,2026-05-28T07:44:00,C0016,in,1034.81,Sevdan Farelitz,XC,wire
P000278,2026-05-28T07:51:00,C0102,in,106.45,Branmir Ivaskul,SG,cash
P002396,2026-05-28T08:01:00,C0369,in,1736.52,Taldan Lundraes,SG,wire
P000547,2026-05-28T08:03:00,C0256,out,4627.54,Grevlo Krevoar,AU,wire
P007079,2026-05-28T08:05:00,C0064,in,1115.60,Kavic Nevicitz,VN,wire
P005481,2026-05-28T08:20:00,C0174,out,2246.70,Kalo Pravinov,DE,card
P000697,2026-05-28T08:24:00,C0306,out,891.65,Dormir Davreul,MY,wire
P000968,2026-05-28T08:25:00,C0009,out,2222.33,Felmir Jorelul,JP,wire
P002012,2026-05-28T08:34:00,C0099,out,712.01,Kamir Orzekes,AU,wire
P004055,2026-05-28T08:49:00,C0166,out,147.68,Kamir Orzekes,MY,cash
P009667,2026-05-28T09:07:00,C0007,out,2910.99,Henren Boskoes,JP,wire
P005367,2026-05-28T09:19:00,C0091,out,4844.83,Morlo Davreov,KR,wire
P007211,2026-05-28T09:20:00,C0197,in,3967.80,Osttas Boskoyan,FR,cash
P011836,2026-05-28T09:34:00,C0254,out,230.09,Henlo Krevoov,DE,wire
P005159,2026-05-28T09:40:00,C0147,in,910.08,Dormir Davreul,MY,wire
P003166,2026-05-28T09:45:00,C0333,out,4351.13,Branlo Krevoenko,KR,card
P011180,2026-05-28T10:01:00,C0048,in,635.11,Zarvic Enkoar,MY,wire
P000923,2026-05-28T10:13:00,C0281,in,547.19,Kamir Cernaar,DE,card
P005163,2026-05-28T10:24:00,C0242,out,1938.48,Ralnek Lundraenko,SG,cash
P010377,2026-05-28T10:51:00,C0341,out,15285.73,Sevriel Hanreul,KR,card
P007056,2026-05-28T11:06:00,C0035,out,1669.33,Hennek Davreov,MY,wire
P006258,2026-05-28T11:21:00,C0277,in,3481.38,Dortas Lundraul,SG,wire
P006239,2026-05-28T11:26:00,C0214,in,2532.50,Zartas Jorelov,US,card
P000121,2026-05-28T11:36:00,C0016,in,1367.03,Talriel Farelar,FR,wire
P011646,2026-05-28T11:44:00,C0147,out,716.38,Ostren Jorelski,FR,wire
P000428,2026-05-28T11:48:00,C0287,out,1132.36,Zarren Pravinitz,FR,card
P009673,2026-05-28T11:49:00,C0074,in,2247.97,Sevmir Farelov,FR,wire
P007031,2026-05-28T11:55:00,C0123,in,38.02,Vemir Jorelenko,VN,card
P011877,2026-05-28T11:59:00,C0075,out,1138.46,Ilyren Krevoyan,US,wire
P011148,2026-05-28T12:01:00,C0026,in,653.26,Kariel Nevicul,MY,wire
P005495,2026-05-28T12:27:00,C0231,out,3500.31,Ostren Aldreov,MY,wire
P008709,2026-05-28T12:41:00,C0188,in,485.73,Sevnek Davreienko,MY,card
P007454,2026-05-28T12:44:00,C0351,in,366.82,Branren Davreyan,DE,wire
P007584,2026-05-28T13:03:00,C0286,out,500.64,Grevmir Ivaskul,JP,wire
P011411,2026-05-28T13:04:00,C0279,in,1597.37,Zarlo Nevicyan,GB,wire
P004313,2026-05-28T13:29:00,C0344,in,132.89,Grevdan Lundraul,XB,wire
P002197,2026-05-28T13:34:00,C0060,in,3827.27,Grevren Lundrayan,JP,wire
P001822,2026-05-28T13:43:00,C0283,in,125.53,Grevnek Aldrees,VN,card
P007689,2026-05-28T13:46:00,C0205,out,3090.54,Branvic Krevoski,MY,wire
P001917,2026-05-28T13:54:00,C0184,out,4037.02,Grevmir Cernayan,DE,card
P007006,2026-05-28T13:56:00,C0133,out,14558.20,Morlo Cernaitz,US,card
P012037,2026-05-28T14:00:00,C0203,in,9298.37,Nisren Nevicov,US,cash
P008316,2026-05-28T14:02:00,C0001,in,131.09,Raltas Joreles,XC,wire
P006357,2026-05-28T14:28:00,C0060,in,3183.86,Uminek Hanrees,FR,wire
P009294,2026-05-28T14:28:00,C0037,out,2045.92,Sevren Nevicyan,VN,wire
P002377,2026-05-28T15:00:00,C0221,in,2107.64,Nisvic Aldreul,AU,card
P000171,2026-05-28T15:02:00,C0095,out,1677.65,Zarlo Nevicski,KR,wire
P009022,2026-05-28T16:04:00,C0018,out,100.03,Vedan Farelar,US,cash
P010597,2026-05-28T16:10:00,C0360,in,3327.60,Umilo Marosyan,JP,wire
P000775,2026-05-28T16:26:00,C0271,out,555.75,Nisriel Cernaski,GB,wire
P009827,2026-05-28T16:27:00,C0135,out,11342.50,Zarren Nevicenko,DE,cash
P010837,2026-05-28T16:29:00,C0004,out,1143.56,Sevnek Orzekar,VN,wire
P006481,2026-05-28T16:42:00,C0238,out,416.36,Hennek Davreski,JP,card
P007277,2026-05-28T16:49:00,C0270,out,906.23,Vemir Boskoul,KR,wire
P001529,2026-05-28T16:50:00,C0139,out,863.63,Brantas Boskoar,AU,card
P009495,2026-05-28T16:52:00,C0009,out,60.02,Talmir Joreles,MY,card
P008136,2026-05-28T17:23:00,C0211,in,494.42,Umitas Jorelitz,DE,card
P002649,2026-05-28T17:38:00,C0066,in,947.04,Nisvic Enkoitz,US,wire
P006889,2026-05-28T17:41:00,C0308,out,202.91,Branren Lundrayan,JP,wire
P008598,2026-05-28T17:58:00,C0014,out,149.55,Sevlo Krevoes,VN,wire
P010632,2026-05-28T18:19:00,C0315,out,3971.36,Henren Ivaskski,FR,wire
P011296,2026-05-28T18:51:00,C0286,out,191.44,Branriel Ivaskenko,VN,card
P007478,2026-05-28T19:00:00,C0368,out,622.25,Felren Davreenko,VN,card
P005600,2026-05-28T19:22:00,C0283,in,1797.74,Nisvic Enkoitz,GB,wire
P004736,2026-05-28T19:23:00,C0124,out,7331.67,Kanek Lundraes,KR,wire
P011805,2026-05-28T19:23:00,C0196,in,566.86,Veren Lundraar,VN,wire
P002319,2026-05-28T19:29:00,C0017,in,553.34,Dormir Davreul,DE,wire
P002822,2026-05-28T19:48:00,C0246,in,332.28,Umilo Enkoski,FR,wire
P009047,2026-05-28T19:48:00,C0315,out,471.68,Branren Davreenko,XB,wire
P004350,2026-05-28T20:01:00,C0052,in,3795.01,Zarmir Aldrees,US,wire
P004780,2026-05-28T20:08:00,C0125,in,182.75,Zartas Marosski,MY,wire
P010442,2026-05-28T20:41:00,C0224,out,232.57,Sevlo Aldrees,GB,wire
P008445,2026-05-28T20:43:00,C0321,in,492.55,Felren Ivaskov,VN,card
P007667,2026-05-28T21:08:00,C0178,in,306.45,Ilytas Hanreski,MY,wire
P000829,2026-05-28T21:50:00,C0234,out,12310.98,Kadan Marosul,KR,wire
P002532,2026-05-28T21:54:00,C0157,out,1960.21,Veren Lundraar,AU,wire
P009279,2026-05-28T22:00:00,C0282,in,134.50,Brantas Boskoitz,GB,card
P002059,2026-05-28T22:22:00,C0387,out,5248.33,Mormir Aldrear,FR,wire
P004100,2026-05-28T22:33:00,C0281,in,1630.95,Grevmir Ivaskul,FR,wire
P002636,2026-05-28T23:12:00,C0033,out,3420.20,Feldan Boskoov,US,card
P005439,2026-05-28T23:57:00,C0358,out,396.69,Nisriel Krevoitz,US,wire
P003750,2026-05-29T00:14:00,C0394,out,3087.60,Kalo Cernaes,MY,wire
P004653,2026-05-29T00:14:00,C0146,in,1791.59,Grevlo Gostynes,KR,card
P004364,2026-05-29T00:24:00,C0264,in,633.72,Ilylo Cernaar,JP,card
P008506,2026-05-29T00:32:00,C0283,in,949.03,Grevlo Krevoar,XC,wire
P011957,2026-05-29T00:45:00,C0190,in,1445.44,Kanek Lundraes,FR,card
P007924,2026-05-29T00:51:00,C0053,out,8496.03,Nisnek Gostynul,US,wire
P001264,2026-05-29T01:07:00,C0074,out,1080.88,Dortas Joreles,JP,card
P000221,2026-05-29T01:11:00,C0339,out,4279.55,Sevriel Davreski,GB,card
P006705,2026-05-29T01:19:00,C0083,in,235.83,Grevlo Ivaskenko,MY,cash
P008336,2026-05-29T01:28:00,C0025,out,596.18,Grevvic Gostynenko,KR,wire
P007762,2026-05-29T01:38:00,C0359,in,234.94,Grevmir Ivaskul,AU,wire
P011094,2026-05-29T01:41:00,C0033,in,2478.05,Dorlo Boskoski,XA,wire
P010961,2026-05-29T02:08:00,C0359,out,344.88,Talvic Boskoov,GB,card
P010887,2026-05-29T02:13:00,C0223,out,1624.39,Nislo Nevicov,MY,card
P008638,2026-05-29T02:16:00,C0392,in,1824.88,Taltas Aldreov,MY,card
P002507,2026-05-29T02:18:00,C0103,out,2307.87,Sevriel Enkoes,DE,wire
P009331,2026-05-29T02:27:00,C0285,out,2860.73,Karen Enkoski,GB,wire
P010088,2026-05-29T02:32:00,C0057,in,890.19,Talnek Pravines,MY,wire
P009565,2026-05-29T02:33:00,C0020,out,474.27,Ostdan Pravinyan,MY,wire
P009599,2026-05-29T02:41:00,C0304,in,991.90,Ostvic Boskoski,US,wire
P004917,2026-05-29T02:45:00,C0247,out,364.02,Ostdan Gostynov,JP,wire
P009927,2026-05-29T02:49:00,C0047,in,151.18,Hentas Hanreul,GB,wire
P000717,2026-05-29T03:02:00,C0034,out,778.54,Nismir Hanreov,US,wire
P008855,2026-05-29T03:14:00,C0171,out,6092.09,Morvic Aldrear,SG,cash
P001950,2026-05-29T03:19:00,C0108,in,1066.83,Umiriel Davreitz,AU,wire
P003528,2026-05-29T03:22:00,C0188,out,241.20,Sevmir Pravinov,VN,wire
P007104,2026-05-29T03:24:00,C0274,out,163.28,Ostlo Krevoes,GB,wire
P003349,2026-05-29T03:36:00,C0271,out,315.09,Veren Davreul,KR,card
P009146,2026-05-29T03:54:00,C0385,in,453.86,Katas Boskoar,MY,wire
P003025,2026-05-29T04:38:00,C0399,in,243.92,Osttas Hanreov,VN,wire
P004218,2026-05-29T05:13:00,C0093,in,1482.29,Kavic Hanreenko,GB,wire
P001806,2026-05-29T05:23:00,C0275,out,631.67,Dorren Ivaskyan,FR,wire
P001140,2026-05-29T05:34:00,C0174,out,335.03,Dorriel Nevicitz,KR,cash
P009819,2026-05-29T05:38:00,C0306,in,1612.28,Sevlo Aldrees,SG,wire
P009711,2026-05-29T05:53:00,C0146,in,4065.64,Grevdan Aldrear,MY,wire
P001983,2026-05-29T06:24:00,C0230,out,5283.69,Vevic Boskoyan,KR,card
P011927,2026-05-29T06:48:00,C0001,out,797.09,Umiren Davreov,SG,wire
P005990,2026-05-29T07:13:00,C0221,out,2218.93,Zarvic Marosyan,KR,wire
P007020,2026-05-29T07:13:00,C0112,in,529.11,Ilyriel Boskoenko,KR,cash
P002102,2026-05-29T07:48:00,C0106,out,248.09,Dorvic Enkoul,SG,wire
P005791,2026-05-29T08:05:00,C0161,out,15241.40,Grevmir Ivaskul,XA,wire
P002433,2026-05-29T08:09:00,C0214,out,1146.81,Sevvic Jorelski,GB,wire
P005654,2026-05-29T08:21:00,C0183,in,1043.57,Taltas Pravinul,SG,wire
P009874,2026-05-29T08:34:00,C0351,in,195.31,Grevdan Enkoes,DE,wire
P009626,2026-05-29T08:35:00,C0334,in,1694.38,Grevnek Boskoul,XB,wire
P011331,2026-05-29T08:35:00,C0200,in,738.93,Ilydan Davreul,DE,card
P001749,2026-05-29T08:39:00,C0178,in,2478.06,Dortas Jorelyan,FR,card
P000252,2026-05-29T08:42:00,C0295,out,1424.67,Uminek Hanrees,KR,wire
P006513,2026-05-29T08:42:00,C0280,in,878.14,Nisren Lundrayan,AU,wire
P001842,2026-05-29T08:45:00,C0107,in,1926.67,Veren Pravinyan,GB,wire
P002427,2026-05-29T08:54:00,C0340,in,1006.60,Ilytas Enkoski,VN,wire
P000256,2026-05-29T09:12:00,C0040,out,796.28,Zarnek Krevoitz,VN,card
P006155,2026-05-29T09:45:00,C0281,out,3282.12,Rallo Krevoov,US,wire
P011040,2026-05-29T09:47:00,C0244,in,338.70,Dorvic Marosar,FR,wire
P002803,2026-05-29T09:50:00,C0341,out,3820.46,Dorvic Krevoenko,SG,card
P006294,2026-05-29T10:00:00,C0098,in,1672.09,Sevriel Cernaes,XA,wire
P000607,2026-05-29T10:06:00,C0172,in,1750.87,Grevmir Farelar,GB,wire
P008226,2026-05-29T10:15:00,C0209,in,1846.94,Talriel Farelul,JP,card
P010155,2026-05-29T10:17:00,C0198,in,1273.29,Sevdan Pravinenko,MY,cash
P001146,2026-05-29T10:28:00,C0164,out,631.46,Morren Cernayan,SG,wire
P009292,2026-05-29T10:28:00,C0145,in,1828.07,Brandan Boskoski,FR,cash
P000989,2026-05-29T10:52:00,C0341,in,988.85,Zarmir Aldrees,US,wire
P009385,2026-05-29T10:54:00,C0389,out,332.03,Vetas Boskoul,FR,card
P010757,2026-05-29T11:01:00,C0206,out,857.71,Raltas Farelitz,US,wire
P011919,2026-05-29T11:23:00,C0167,in,880.67,Zarriel Krevoul,FR,cash
P000107,2026-05-29T11:24:00,C0069,in,1174.23,Brantas Cernaar,GB,wire
P005607,2026-05-29T11:27:00,C0131,out,451.51,Branvic Pravinyan,AU,cash
P010226,2026-05-29T11:38:00,C0145,in,11729.51,Ostriel Hanreitz,VN,wire
P006635,2026-05-29T11:44:00,C0389,in,59.31,Branmir Orzekul,VN,cash
P006432,2026-05-29T12:07:00,C0342,out,6511.81,Ilynek Krevoski,FR,wire
P003572,2026-05-29T12:11:00,C0017,out,88.57,Venek Aldreov,JP,wire
P007252,2026-05-29T12:57:00,C0279,in,676.00,Kalo Davreski,DE,card
P006756,2026-05-29T13:18:00,C0361,in,966.21,Umilo Marosyan,SG,wire
P007845,2026-05-29T13:18:00,C0101,out,4333.46,Henmir Hanreyan,MY,wire
P008556,2026-05-29T13:37:00,C0292,out,4518.04,Ilymir Nevicov,FR,wire
P000321,2026-05-29T13:55:00,C0051,in,991.20,Talren Nevicov,XC,wire
P008772,2026-05-29T14:08:00,C0293,in,469.41,Ostren Lundraitz,SG,cash
P005870,2026-05-29T14:10:00,C0189,in,2000.02,Ilytas Hanreski,FR,wire
P009911,2026-05-29T14:28:00,C0099,in,1147.87,Velo Pravinenko,MY,wire
P007267,2026-05-29T14:30:00,C0369,out,1406.90,Ilylo Enkoenko,VN,wire
P007039,2026-05-29T15:12:00,C0398,in,357.84,Raltas Orzekes,DE,wire
P010173,2026-05-29T15:33:00,C0125,in,1039.77,Ilytas Ivaskitz,VN,wire
P010823,2026-05-29T15:36:00,C0054,in,267.29,Felriel Jorelski,KR,card
P003468,2026-05-29T16:00:00,C0086,in,671.28,Henmir Jorelul,MY,wire
P000810,2026-05-29T16:22:00,C0170,out,1055.65,Umitas Davreski,AU,wire
P008915,2026-05-29T16:30:00,C0104,in,1120.99,Henren Cernayan,GB,wire
P005449,2026-05-29T16:39:00,C0314,in,1223.76,Dortas Nevicul,FR,card
P001552,2026-05-29T16:43:00,C0044,out,609.36,Talriel Boskoski,FR,wire
P012035,2026-05-29T17:00:00,C0202,in,9157.00,Kavic Jorelyan,US,cash
P010718,2026-05-29T17:10:00,C0071,in,2105.98,Brannek Pravinenko,DE,wire
P006410,2026-05-29T17:11:00,C0159,in,525.22,Talvic Ivaskitz,SG,wire
P003481,2026-05-29T17:28:00,C0103,out,72.34,Talnek Lundrayan,MY,wire
P003823,2026-05-29T17:28:00,C0145,out,6571.05,Sevtas Pravinski,JP,cash
P004011,2026-05-29T17:28:00,C0396,out,1121.48,Vemir Boskoul,US,wire
P000981,2026-05-29T17:45:00,C0143,in,6318.89,Umiren Nevicitz,DE,wire
P011247,2026-05-29T17:45:00,C0230,out,534.84,Sevlo Cernaitz,SG,card
P007979,2026-05-29T18:28:00,C0062,out,2360.02,Ostriel Hanreitz,MY,wire
P000964,2026-05-29T18:30:00,C0259,in,555.12,Branlo Farelar,SG,wire
P006740,2026-05-29T18:36:00,C0270,in,1859.37,Ostmir Gostynenko,MY,wire
P009983,2026-05-29T18:39:00,C0165,out,65.06,Ralren Hanreyan,AU,wire
P000987,2026-05-29T19:15:00,C0069,in,752.12,Mortas Lundraenko,US,wire
P007275,2026-05-29T19:16:00,C0347,in,333.94,Talvic Davrees,DE,card
P002172,2026-05-29T19:48:00,C0138,in,908.47,Nisriel Krevoitz,KR,wire
P002753,2026-05-29T19:56:00,C0099,in,3427.99,Umilo Cernaski,SG,wire
P002280,2026-05-29T20:18:00,C0086,in,778.30,Nisren Aldreski,US,wire
P006996,2026-05-29T20:32:00,C0146,in,892.24,Ralriel Lundraov,AU,card
P009746,2026-05-29T20:35:00,C0123,in,931.88,Branvic Krevoski,SG,card
P005589,2026-05-29T20:40:00,C0126,in,529.37,Zarmir Krevoski,VN,wire
P000524,2026-05-29T20:46:00,C0154,in,2966.46,Talmir Davreitz,DE,card
P003529,2026-05-29T20:46:00,C0124,out,9466.87,Morvic Farelyan,JP,wire
P005445,2026-05-29T20:54:00,C0096,in,1092.83,Kavic Hanreenko,MY,wire
P007329,2026-05-29T20:58:00,C0139,out,4772.05,Sevdan Farelitz,SG,card
P006452,2026-05-29T21:37:00,C0143,in,368.94,Felnek Pravinenko,XA,wire
P003840,2026-05-29T21:47:00,C0077,out,220.13,Velo Pravinenko,DE,wire
P003780,2026-05-29T22:03:00,C0226,in,509.36,Talmir Nevicsenko,KR,wire
P011571,2026-05-29T22:10:00,C0111,in,625.17,Kamir Enkoyan,XB,wire
P002209,2026-05-29T22:17:00,C0354,out,768.97,Ralmir Jorelov,KR,wire
P010804,2026-05-29T22:44:00,C0354,in,1084.83,Kavic Nevicul,SG,card
P007981,2026-05-29T22:48:00,C0154,out,57.54,Ilyriel Pravinenko,SG,wire
P005093,2026-05-29T22:55:00,C0189,out,129.72,Veren Cernaar,XB,cash
P002355,2026-05-29T23:13:00,C0356,out,163.82,Dorlo Boskoitz,KR,card
P010033,2026-05-29T23:29:00,C0190,in,1296.50,Veren Farelul,VN,card
P007464,2026-05-29T23:46:00,C0234,in,423.29,Branren Davreenko,FR,card
P011071,2026-05-29T23:51:00,C0321,in,722.14,Kalo Krevoar,AU,wire
P009954,2026-05-30T00:01:00,C0389,in,341.78,Nistas Orzekski,US,wire
P001238,2026-05-30T00:20:00,C0038,out,1275.02,Sevlo Davreenko,MY,wire
P003048,2026-05-30T00:22:00,C0123,out,1272.73,Rallo Pravinenko,AU,wire
P004073,2026-05-30T00:25:00,C0195,out,1986.44,Umivic Lundraes,GB,card
P001508,2026-05-30T01:01:00,C0313,out,495.02,Taldan Boskoenko,SG,wire
P000512,2026-05-30T01:07:00,C0141,in,930.28,Kavic Aldreul,GB,wire
P001107,2026-05-30T01:11:00,C0311,out,2930.96,Umiren Marosar,FR,wire
P001666,2026-05-30T01:18:00,C0024,in,1312.96,Grevlo Orzekski,FR,cash
P002097,2026-05-30T01:29:00,C0115,in,249.14,Sevmir Pravinov,JP,wire
P008655,2026-05-30T01:33:00,C0058,out,1600.28,Henren Boskoes,FR,wire
P004128,2026-05-30T01:38:00,C0298,out,752.33,Ostriel Boskoitz,KR,wire
P009318,2026-05-30T01:38:00,C0012,in,4536.24,Ralnek Lundraul,SG,wire
P010260,2026-05-30T02:06:00,C0253,out,2054.51,Nisren Marosov,GB,card
P002543,2026-05-30T02:29:00,C0110,in,2360.31,Vedan Hanreov,GB,card
P000148,2026-05-30T02:33:00,C0373,out,1742.37,Ralnek Enkoyan,XC,wire
P003625,2026-05-30T02:45:00,C0269,out,3250.58,Morriel Farelenko,GB,wire
P010213,2026-05-30T02:47:00,C0360,out,2831.29,Zarlo Davreenko,FR,wire
P007643,2026-05-30T03:08:00,C0138,in,2599.30,Dormir Farelski,FR,wire
P001758,2026-05-30T03:23:00,C0345,in,977.00,Osttas Enkoul,MY,card
P000822,2026-05-30T03:35:00,C0213,out,2509.43,Grevdan Aldrear,SG,card
P011499,2026-05-30T03:38:00,C0300,in,4794.08,Felren Davreyan,US,card
P001147,2026-05-30T03:47:00,C0214,out,818.94,Mordan Enkoes,DE,wire
P000899,2026-05-30T03:50:00,C0000,out,128.19,Zartas Enkoar,SG,wire
P011647,2026-05-30T04:07:00,C0203,out,969.40,Henren Lundraul,AU,wire
P008908,2026-05-30T04:29:00,C0055,out,2042.16,Katas Krevoar,GB,wire
P011575,2026-05-30T04:37:00,C0335,out,1727.85,Henriel Aldreyan,FR,card
P010879,2026-05-30T04:44:00,C0140,in,404.93,Ilylo Cernaar,VN,cash
P002308,2026-05-30T04:56:00,C0083,in,5646.12,Ostnek Lundrayenko,FR,card
P005190,2026-05-30T05:00:00,C0191,out,2179.34,Dornek Krevoov,SG,card
P003958,2026-05-30T05:01:00,C0123,in,218.87,Zardan Marosski,JP,card
P005075,2026-05-30T05:04:00,C0289,in,1773.75,Kadan Aldreov,US,wire
P006723,2026-05-30T05:08:00,C0216,out,968.79,Ostlo Aldrees,VN,wire
P010925,2026-05-30T05:10:00,C0273,in,20157.73,Zarren Davreov,KR,cash
P008734,2026-05-30T05:15:00,C0012,out,792.38,Talnek Lundrayan,US,card
P011403,2026-05-30T05:25:00,C0272,in,1802.79,Ilyriel Pravinenko,DE,wire
P009187,2026-05-30T05:30:00,C0247,out,1995.54,Mordan Boskoski,FR,wire
P008576,2026-05-30T05:36:00,C0210,in,2968.91,Dornek Hanreenko,JP,cash
P007816,2026-05-30T05:39:00,C0279,out,2204.60,Henmir Krevoes,FR,wire
P000335,2026-05-30T05:43:00,C0096,out,3943.37,Osttas Hanreov,DE,card
P005260,2026-05-30T05:45:00,C0159,in,7366.17,Ilydan Gostynski,AU,wire
P007337,2026-05-30T05:51:00,C0240,out,3598.60,Ralnek Enkoyan,JP,card
P007859,2026-05-30T05:53:00,C0299,in,1149.35,Umimir Pravinul,MY,wire
P001829,2026-05-30T06:00:00,C0190,out,1772.11,Vetas Gostynenko,US,card
P010004,2026-05-30T06:40:00,C0272,out,471.53,Taldan Boskoenko,DE,wire
P001588,2026-05-30T06:41:00,C0345,in,1361.08,Brannek Pravinenko,FR,wire
P003626,2026-05-30T06:47:00,C0032,in,703.06,Vedan Jorelov,VN,card
P004491,2026-05-30T06:51:00,C0067,in,262.87,Ilyren Ivaskar,FR,card
P010328,2026-05-30T07:10:00,C0376,out,1286.84,Dorlo Maroses,JP,wire
P006131,2026-05-30T07:16:00,C0145,out,1686.17,Kanek Davreenko,DE,wire
P011532,2026-05-30T07:31:00,C0224,in,5429.86,Ostmir Aldrees,DE,wire
P006094,2026-05-30T07:32:00,C0180,out,1929.17,Ostmir Boskoar,JP,wire
P008453,2026-05-30T07:32:00,C0073,out,2871.07,Raltas Orzekes,AU,card
P009523,2026-05-30T07:52:00,C0221,in,1758.46,Sevdan Ivaskitz,DE,wire
P007472,2026-05-30T08:08:00,C0035,out,5961.57,Nisdan Farelar,DE,wire
P004583,2026-05-30T08:12:00,C0068,out,5447.28,Ostnek Pravinitz,XB,card
P003387,2026-05-30T08:17:00,C0105,in,4410.27,Zarnek Krevoyan,MY,wire
P009977,2026-05-30T08:29:00,C0020,out,171.09,Hennek Enkoitz,GB,wire
P006668,2026-05-30T08:40:00,C0334,out,2159.96,Ilylo Krevoul,JP,wire
P011196,2026-05-30T09:12:00,C0397,in,14850.28,Morriel Cernaenko,JP,wire
P003870,2026-05-30T09:21:00,C0301,out,70.61,Ilyren Marosyan,SG,wire
P003016,2026-05-30T09:34:00,C0122,in,569.05,Branvic Lundraar,SG,wire
P000689,2026-05-30T09:36:00,C0378,out,2428.51,Umiren Nevicitz,JP,wire
P011708,2026-05-30T09:36:00,C0053,out,2044.50,Karen Ivaskyan,JP,wire
P003692,2026-05-30T09:38:00,C0271,in,3273.85,Zartas Marosski,VN,wire
P000475,2026-05-30T09:51:00,C0220,in,71.98,Zarriel Krevoul,GB,wire
P010301,2026-05-30T10:02:00,C0172,in,811.34,Raldan Marosyan,JP,cash
P005415,2026-05-30T10:07:00,C0171,out,1167.61,Zartas Pravinenko,JP,card
P010352,2026-05-30T10:11:00,C0299,out,2163.96,Zartas Pravinenko,SG,wire
P000666,2026-05-30T10:31:00,C0168,out,92.39,Mordan Enkoyan,DE,wire
P008606,2026-05-30T10:58:00,C0132,out,232.23,Raltas Marosov,VN,wire
P003222,2026-05-30T11:06:00,C0395,out,540.22,Sevriel Joreles,DE,card
P011713,2026-05-30T11:11:00,C0228,out,513.70,Ilylo Cernaar,JP,cash
P011283,2026-05-30T11:14:00,C0212,out,7873.39,Ilydan Cernaes,KR,wire
P002084,2026-05-30T11:19:00,C0083,in,2672.90,Zarvic Marosyan,JP,card
P002378,2026-05-30T11:25:00,C0352,in,517.54,Dorren Hanrear,DE,wire
P011008,2026-05-30T11:33:00,C0167,in,1723.04,Ostvic Aldreski,DE,card
P009585,2026-05-30T11:34:00,C0256,in,1744.39,Sevren Ivaskienko,JP,wire
P003454,2026-05-30T11:56:00,C0047,in,1518.49,Zarriel Farelenko,MY,cash
P006580,2026-05-30T12:03:00,C0395,out,7157.42,Zarnek Lundrayan,JP,card
P005891,2026-05-30T12:06:00,C0006,out,207.61,Veren Marosar,DE,wire
P007922,2026-05-30T12:16:00,C0025,in,2623.30,Talriel Boskoski,MY,wire
P007069,2026-05-30T12:20:00,C0253,out,436.72,Grevlo Farelitz,KR,wire
P005992,2026-05-30T12:21:00,C0161,in,776.91,Zarriel Krevoitz,XA,wire
P009011,2026-05-30T12:27:00,C0315,out,7475.82,Ilymir Krevoenko,US,card
P008121,2026-05-30T12:36:00,C0359,in,631.99,Venek Aldreov,KR,wire
P006274,2026-05-30T12:37:00,C0332,out,1049.06,Umilo Gostynienko,DE,wire
P000765,2026-05-30T12:39:00,C0036,out,6521.51,Grevren Hanreov,FR,cash
P005625,2026-05-30T12:43:00,C0265,out,532.05,Zartas Enkoar,JP,card
P011741,2026-05-30T12:44:00,C0074,in,5156.42,Ostriel Orzekenko,DE,wire
P006111,2026-05-30T12:49:00,C0116,out,1373.42,Venek Boskoyan,SG,wire
P006976,2026-05-30T12:49:00,C0141,out,644.01,Hennek Lundraov,US,wire
P010516,2026-05-30T12:51:00,C0242,out,622.34,Ilytas Enkoski,US,cash
P006441,2026-05-30T13:12:00,C0381,in,589.23,Veren Farelul,JP,wire
P010984,2026-05-30T13:18:00,C0363,in,500.65,Ostlo Jorelenko,KR,wire
P008656,2026-05-30T13:34:00,C0144,in,74.86,Kamir Lundraul,VN,card
P011759,2026-05-30T13:35:00,C0165,out,2500.16,Kadan Marositz,KR,card
P005498,2026-05-30T13:50:00,C0138,in,234.66,Sevren Ivaskienko,XC,wire
P002989,2026-05-30T13:51:00,C0100,in,6846.05,Zartas Pravinenko,AU,wire
P004620,2026-05-30T13:55:00,C0171,out,2436.29,Branlo Boskoes,VN,wire
P004112,2026-05-30T13:56:00,C0164,out,5901.81,Umiriel Pravinitz,GB,wire
P009721,2026-05-30T13:57:00,C0354,out,6836.53,Veren Cernaenko,JP,card
P001316,2026-05-30T14:16:00,C0360,in,1693.83,Sevmir Ivaskyan,XB,cash
P007181,2026-05-30T14:24:00,C0199,out,4080.44,Kamir Gostynov,MY,wire
P001520,2026-05-30T14:31:00,C0211,in,1573.15,Mornek Davreski,MY,wire
P010848,2026-05-30T14:38:00,C0059,out,423.38,Karen Ivaskyan,AU,wire
P006958,2026-05-30T14:51:00,C0159,out,488.01,Feltas Aldreyan,XA,wire
P006676,2026-05-30T14:52:00,C0277,in,382.74,Zarvic Marosyan,SG,wire
P001251,2026-05-30T15:13:00,C0062,in,1163.67,Felriel Jorelski,GB,wire
P007498,2026-05-30T15:41:00,C0229,in,3871.08,Ralren Fareles,JP,wire
P006033,2026-05-30T15:48:00,C0016,out,723.92,Ilydan Marositz,JP,wire
P008575,2026-05-30T15:52:00,C0245,out,446.76,Mordan Enkoyan,DE,cash
P007407,2026-05-30T15:55:00,C0163,in,839.30,Umilo Enkoski,FR,wire
P010699,2026-05-30T16:17:00,C0167,out,1386.05,Dortas Boskoov,SG,wire
P006650,2026-05-30T16:18:00,C0026,out,1144.24,Felnek Boskoov,US,wire
P000716,2026-05-30T17:23:00,C0094,out,2501.31,Ralriel Aldreenko,US,wire
P006954,2026-05-30T17:26:00,C0071,out,3809.07,Rallo Enkoar,US,wire
P009162,2026-05-30T17:29:00,C0349,out,454.48,Sevmir Enkoienko,SG,wire
P011214,2026-05-30T17:49:00,C0330,in,700.64,Nisvic Aldreul,JP,card
P009581,2026-05-30T18:10:00,C0165,in,1305.82,Ralren Davreski,US,wire
P011410,2026-05-30T18:11:00,C0186,out,302.37,Nisnek Boskoitz,AU,wire
P008585,2026-05-30T18:17:00,C0254,out,2344.83,Grevdan Aldrear,GB,wire
P000319,2026-05-30T18:19:00,C0120,out,584.87,Zardan Cernaes,JP,wire
P004822,2026-05-30T18:44:00,C0356,out,4201.76,Morvic Gostynenko,AU,card
P009273,2026-05-30T18:59:00,C0046,out,333.48,Umilo Boskoenko,AU,wire
P004004,2026-05-30T19:00:00,C0144,out,534.94,Dormir Aldreyan,DE,wire
P005043,2026-05-30T19:22:00,C0096,in,2309.72,Sevmir Pravinov,KR,wire
P004890,2026-05-30T19:29:00,C0368,out,3778.16,Umivic Boskoov,DE,wire
P006982,2026-05-30T19:29:00,C0218,out,1389.85,Zarvic Ivaskyan,JP,card
P002501,2026-05-30T19:43:00,C0097,in,1163.59,Nisdan Cernaenko,DE,wire
P000844,2026-05-30T19:51:00,C0279,out,2343.83,Felnek Boskoov,MY,wire
P009809,2026-05-30T19:53:00,C0253,out,8234.35,Nismir Krevoar,VN,wire
P000342,2026-05-30T20:14:00,C0114,out,1418.69,Sevriel Farelenko,US,wire
P004490,2026-05-30T20:15:00,C0346,out,2434.16,Morlo Cernaitz,DE,card
P006693,2026-05-30T20:18:00,C0003,in,2211.85,Talmir Joreles,JP,wire
P003434,2026-05-30T20:41:00,C0265,out,3865.03,Henmir Davrear,MY,wire
P002794,2026-05-30T20:47:00,C0048,out,3466.04,Ostdan Gostynov,SG,wire
P005040,2026-05-30T21:05:00,C0397,in,1642.10,Mordan Enkoes,DE,cash
P004657,2026-05-30T21:20:00,C0229,out,412.30,Tallo Jorelov,FR,wire
P006728,2026-05-30T21:24:00,C0007,out,208.11,Veren Ivaskov,VN,wire
P007605,2026-05-30T21:34:00,C0089,out,728.43,Henmir Davrear,JP,wire
P004338,2026-05-30T21:39:00,C0245,in,6242.90,Karen Aldreul,AU,wire
P003420,2026-05-30T21:41:00,C0091,out,680.53,Dortas Nevicul,AU,card
P011413,2026-05-30T21:48:00,C0112,out,947.66,Ilytas Davreenko,VN,wire
P011140,2026-05-30T21:55:00,C0036,in,610.47,Zarlo Pravinyan,US,wire
P003629,2026-05-30T22:05:00,C0372,out,103.77,Henvic Cernaov,MY,wire
P010554,2026-05-30T22:15:00,C0396,in,254.53,Ralriel Orzekar,GB,card
P000567,2026-05-30T22:18:00,C0294,out,720.81,Ostvic Lundraenko,SG,wire
P003556,2026-05-30T22:18:00,C0120,in,406.63,Ralriel Aldrees,AU,wire
P005442,2026-05-30T22:59:00,C0208,out,2997.10,Taltas Jorelar,KR,wire
P009763,2026-05-30T23:09:00,C0023,out,160.84,Zarlo Hanreov,GB,wire
P003993,2026-05-30T23:14:00,C0397,out,362.51,Nismir Ivaskenko,JP,wire
P008051,2026-05-30T23:22:00,C0161,out,4481.95,Kamir Lundraul,VN,wire
P000776,2026-05-30T23:26:00,C0350,out,239.80,Mordan Cernaul,KR,wire
P004911,2026-05-30T23:32:00,C0125,out,689.93,Zarren Nevicenko,JP,wire
P004989,2026-05-30T23:34:00,C0175,out,3621.38,Ostriel Davreitz,DE,wire
P001418,2026-05-30T23:58:00,C0271,in,4575.98,Feltas Aldreyan,VN,cash
P003589,2026-05-30T23:59:00,C0117,out,3435.34,Sevdan Pravinitz,KR,card
P009732,2026-05-30T23:59:00,C0108,in,753.51,Ilynek Orzekitz,VN,card
P010924,2026-05-31T00:19:00,C0110,in,472.13,Umiriel Pravinitz,SG,wire
P003878,2026-05-31T00:27:00,C0092,in,139.59,Ostriel Aldreov,SG,wire
P011630,2026-05-31T00:56:00,C0291,out,2267.64,Felriel Hanreov,MY,cash
P000790,2026-05-31T01:00:00,C0095,out,728.28,Katas Cernayan,GB,card
P000274,2026-05-31T01:12:00,C0381,out,1431.27,Vedan Davreul,MY,card
P005539,2026-05-31T01:13:00,C0080,out,1075.06,Kamir Orzekes,MY,wire
P011222,2026-05-31T01:15:00,C0048,out,829.14,Talriel Boskoski,MY,wire
P002680,2026-05-31T01:17:00,C0177,in,1240.34,Branmir Farelski,JP,wire
P001805,2026-05-31T01:22:00,C0177,in,179.80,Ostlo Boskoul,XB,wire
P010721,2026-05-31T01:31:00,C0235,out,2242.15,Dortas Lundraul,GB,card
P001746,2026-05-31T01:45:00,C0257,out,1526.02,Sevtas Boskoar,VN,card
P001410,2026-05-31T02:01:00,C0243,in,10621.76,Grevriel Krevoenko,JP,wire
P001193,2026-05-31T02:25:00,C0122,in,1302.96,Dortas Krevoul,GB,cash
P011649,2026-05-31T02:26:00,C0010,in,2249.10,Henren Ivaskes,AU,wire
P004772,2026-05-31T02:55:00,C0216,out,895.07,Talriel Ivaskski,DE,wire
P004349,2026-05-31T03:09:00,C0230,in,403.48,Dorren Hanreyan,GB,wire
P004750,2026-05-31T03:10:00,C0393,out,6320.05,Zarlo Orzekes,JP,cash
P008184,2026-05-31T03:13:00,C0149,in,541.64,Katas Aldreitz,US,wire
P006483,2026-05-31T03:31:00,C0295,out,2468.06,Ralriel Ivaskenko,XB,card
P010062,2026-05-31T03:42:00,C0358,in,1590.20,Zarren Fareles,GB,card
P004769,2026-05-31T03:50:00,C0397,out,153.56,Zarlo Nevicski,FR,wire
P009082,2026-05-31T03:50:00,C0379,in,1724.71,Zarvic Enkoar,VN,card
P010631,2026-05-31T03:53:00,C0046,in,99.28,Katas Gostynenko,GB,wire
P009272,2026-05-31T04:14:00,C0317,in,830.40,Sevren Orzekar,SG,wire
P010425,2026-05-31T05:02:00,C0302,out,379.43,Kanek Lundraes,AU,wire
P005852,2026-05-31T05:05:00,C0011,in,1394.23,Nisvic Enkoitz,KR,cash
P006624,2026-05-31T05:07:00,C0239,in,203.96,Grevdan Hanreov,MY,wire
P006186,2026-05-31T05:20:00,C0032,in,176.03,Raltas Gostynes,DE,wire
P004692,2026-05-31T05:37:00,C0377,out,1425.05,Branriel Enkoar,MY,wire
P009834,2026-05-31T05:39:00,C0267,out,3091.19,Ralnek Lundraenko,VN,wire
P010331,2026-05-31T05:55:00,C0338,out,731.06,Felriel Hanreov,SG,wire
P001763,2026-05-31T06:07:00,C0353,in,3132.67,Hennek Enkoitz,VN,wire
P010973,2026-05-31T06:11:00,C0363,in,1798.19,Mormir Boskoes,VN,wire
P008063,2026-05-31T06:17:00,C0097,in,9905.87,Umimir Nevicov,US,cash
P006499,2026-05-31T06:37:00,C0312,out,1235.83,Felren Ivaskov,DE,wire
P006754,2026-05-31T06:53:00,C0118,in,1224.44,Sevriel Farelul,SG,card
P010464,2026-05-31T06:53:00,C0253,in,1766.51,Sevlo Boskoov,MY,wire
P000255,2026-05-31T06:55:00,C0247,out,1422.46,Talnek Lundrayan,US,cash
P011053,2026-05-31T07:13:00,C0015,out,30.28,Brannek Krevoski,JP,wire
P011702,2026-05-31T07:17:00,C0189,in,468.73,Uminek Enkoski,SG,wire
P002220,2026-05-31T07:21:00,C0216,out,648.66,Kavic Lundraenko,FR,wire
P001319,2026-05-31T07:22:00,C0222,out,831.26,Dornek Hanreenko,FR,wire
P002030,2026-05-31T07:22:00,C0051,out,3392.39,Morvic Pravines,XC,cash
P009665,2026-05-31T07:48:00,C0206,out,867.04,Zarvic Enkoitz,KR,wire
P011175,2026-05-31T07:52:00,C0105,out,2250.72,Zarnek Cernasenko,MY,card
P002935,2026-05-31T08:42:00,C0125,in,4871.22,Henmir Marosenko,VN,card
P006207,2026-05-31T08:56:00,C0047,in,215.69,Branren Davreyan,JP,wire
P004924,2026-05-31T09:45:00,C0391,in,2781.48,Kadan Davrees,MY,wire
P010336,2026-05-31T10:08:00,C0320,out,1464.29,Ilylo Gostynski,FR,wire
P004698,2026-05-31T10:16:00,C0074,out,747.03,Umilo Cernaski,SG,wire
P007660,2026-05-31T10:27:00,C0107,in,1051.53,Nisnek Orzekar,FR,wire
P008125,2026-05-31T10:36:00,C0088,out,1733.60,Feltas Aldreyan,FR,wire
P005056,2026-05-31T10:42:00,C0131,in,812.96,Ostmir Aldrees,GB,card
P011087,2026-05-31T10:46:00,C0352,in,3890.65,Grevlo Orzekski,FR,card
P004680,2026-05-31T10:50:00,C0146,out,407.38,Ilydan Pravinski,SG,card
P001288,2026-05-31T10:51:00,C0236,out,626.30,Morriel Farelenko,FR,wire
P009791,2026-05-31T10:59:00,C0314,out,1556.97,Veren Cernaar,KR,wire
P003879,2026-05-31T11:06:00,C0256,in,485.90,Brannek Hanreyan,AU,wire
P010439,2026-05-31T11:10:00,C0338,out,5939.55,Ralvic Pravinyan,MY,wire
P011186,2026-05-31T11:19:00,C0384,out,1038.26,Vedan Hanreov,SG,wire
P003410,2026-05-31T11:24:00,C0008,in,215.48,Hentas Krevoul,AU,wire
P009459,2026-05-31T11:27:00,C0308,out,348.85,Feltas Aldrear,US,wire
P004563,2026-05-31T11:36:00,C0051,out,3272.34,Vevic Boskoyan,SG,wire
P003957,2026-05-31T11:40:00,C0350,out,409.13,Kariel Krevoenko,DE,wire
P003628,2026-05-31T11:49:00,C0084,out,2825.80,Veren Ivaskov,SG,wire
P005547,2026-05-31T11:54:00,C0136,in,547.06,Mortas Davreenko,AU,wire
P006180,2026-05-31T11:57:00,C0157,out,6091.27,Kamir Lundraul,DE,wire
P000299,2026-05-31T12:11:00,C0259,in,470.82,Talmir Davreitz,AU,wire
P007637,2026-05-31T12:16:00,C0252,out,163.33,Umiren Pravinul,KR,wire
P010488,2026-05-31T12:16:00,C0062,out,1422.93,Hendan Boskoul,MY,wire
P006135,2026-05-31T12:23:00,C0339,in,1281.11,Rallo Krevoov,JP,card
P009997,2026-05-31T12:27:00,C0273,in,2968.60,Sevriel Hanreul,SG,wire
P004933,2026-05-31T12:29:00,C0274,in,755.65,Velo Lundrayan,SG,wire
P002167,2026-05-31T12:35:00,C0164,in,2075.05,Umiren Davreov,US,wire
P003006,2026-05-31T12:36:00,C0165,in,235.45,Ostriel Davreski,FR,wire
P007590,2026-05-31T12:47:00,C0296,in,605.92,Ostmir Hanrees,SG,wire
P005609,2026-05-31T13:34:00,C0058,in,21705.31,Felren Davreov,VN,wire
P007105,2026-05-31T13:38:00,C0155,out,248.03,Talriel Ivaskski,AU,card
P002017,2026-05-31T13:57:00,C0073,in,786.12,Nisriel Pravinenko,SG,wire
P010784,2026-05-31T14:10:00,C0031,in,7278.19,Ostdan Marositz,AU,wire
P004270,2026-05-31T14:20:00,C0245,in,9314.54,Sevnek Nevicul,US,wire
P007497,2026-05-31T14:25:00,C0056,out,923.02,Ilyren Ivaskyenko,US,wire
P003918,2026-05-31T14:31:00,C0112,in,227.92,Nisriel Pravinar,JP,wire
P010390,2026-05-31T14:35:00,C0201,in,2498.93,Branren Cernaenko,FR,wire
P005858,2026-05-31T14:52:00,C0055,in,1820.64,Morriel Cernaenko,FR,wire
P004640,2026-05-31T15:11:00,C0127,out,1378.65,Tallo Farelenko,KR,wire
P010942,2026-05-31T15:19:00,C0109,in,2321.26,Ilymir Orzeksenko,US,card
P010526,2026-05-31T15:24:00,C0267,out,133.46,Kanek Krevoski,JP,wire
P005682,2026-05-31T15:33:00,C0213,in,1508.97,Grevdan Krevoar,GB,wire
P007781,2026-05-31T15:43:00,C0127,in,1082.58,Grevmir Ivaskul,US,cash
P001598,2026-05-31T15:45:00,C0284,out,1789.26,Feltas Orzekski,AU,wire
P001802,2026-05-31T15:57:00,C0154,in,337.79,Mortas Aldrear,US,card
P004430,2026-05-31T15:59:00,C0304,in,1110.76,Grevdan Krevoski,US,cash
P005582,2026-05-31T15:59:00,C0186,in,194.46,Felmir Jorelul,AU,wire
P009507,2026-05-31T15:59:00,C0130,out,1541.23,Brannek Boskoov,US,card
P011843,2026-05-31T16:37:00,C0085,out,119.95,Kadan Marositz,FR,card
P010220,2026-05-31T16:49:00,C0182,in,879.40,Ostvic Marosar,FR,wire
P012048,2026-05-31T17:00:00,C0208,in,9125.76,Karen Boskoenko,US,cash
P002343,2026-05-31T17:03:00,C0101,out,1489.58,Umitas Orzekenko,DE,wire
P004833,2026-05-31T17:26:00,C0016,out,2952.57,Umivic Boskoes,JP,wire
P007353,2026-05-31T17:32:00,C0191,in,1127.16,Ilydan Cernaes,MY,wire
P004118,2026-05-31T17:35:00,C0270,in,8162.41,Mormir Boskoes,VN,wire
P004568,2026-05-31T17:39:00,C0338,in,760.03,Sevnek Orzekski,VN,wire
P009849,2026-05-31T17:49:00,C0018,out,1166.65,Dordan Cernaes,DE,wire
P009872,2026-05-31T17:50:00,C0349,out,1377.41,Henvic Nevicitz,MY,wire
P008108,2026-05-31T18:05:00,C0245,in,2052.21,Umivic Boskoes,JP,wire
P007139,2026-05-31T18:34:00,C0131,out,4110.46,Osttas Enkoul,SG,wire
P003921,2026-05-31T18:35:00,C0192,out,1447.03,Kamir Farelul,AU,card
P011827,2026-05-31T18:41:00,C0026,in,380.38,Dorlo Enkoski,VN,wire
P003689,2026-05-31T18:58:00,C0253,in,2339.91,Brannek Boskoov,AU,wire
P001611,2026-05-31T19:03:00,C0140,in,3336.16,Veren Hanrear,XC,cash
P005247,2026-05-31T19:06:00,C0137,in,426.07,Uminek Lundraitz,VN,wire
P005565,2026-05-31T19:23:00,C0306,out,100.35,Dorvic Enkoul,VN,wire
P007607,2026-05-31T19:26:00,C0249,out,15040.97,Umilo Hanrear,GB,wire
P009334,2026-05-31T19:29:00,C0320,out,2659.67,Grevlo Farelitz,DE,wire
P010275,2026-05-31T19:30:00,C0306,out,2200.29,Vedan Jorelov,GB,wire
P004893,2026-05-31T19:38:00,C0006,out,2012.68,Mortas Davreenko,FR,wire
P003932,2026-05-31T20:09:00,C0136,out,399.90,Kadan Davrees,MY,wire
P003084,2026-05-31T20:17:00,C0182,out,391.38,Umilo Marosyan,JP,wire
P008416,2026-05-31T20:25:00,C0040,out,777.54,Kariel Enkoov,FR,wire
P011996,2026-05-31T20:28:00,C0091,in,1910.38,Umimir Pravinyan,VN,wire
P007696,2026-05-31T20:35:00,C0320,out,754.31,Feltas Ivaskenko,DE,wire
P001313,2026-05-31T20:42:00,C0198,out,528.76,Ilylo Enkoenko,AU,card
P007064,2026-05-31T20:57:00,C0143,in,1043.66,Dorlo Boskoitz,GB,cash
P006266,2026-05-31T21:12:00,C0387,out,5107.18,Nisren Davrear,DE,wire
P010645,2026-05-31T21:23:00,C0028,out,2998.80,Velo Lundrayan,VN,wire
P007382,2026-05-31T21:29:00,C0290,out,1038.41,Ostriel Boskoitz,SG,wire
P001098,2026-05-31T21:51:00,C0149,out,512.16,Umiriel Boskoes,JP,wire
P001739,2026-05-31T21:55:00,C0226,out,207.15,Kamir Lundraul,DE,card
P002477,2026-05-31T21:57:00,C0254,out,8052.55,Ralnek Lundraul,US,wire
P011138,2026-05-31T21:59:00,C0304,in,493.66,Ralriel Aldreenko,FR,wire
P010454,2026-05-31T22:00:00,C0031,out,1267.69,Morvic Hanreitz,US,cash
P005970,2026-05-31T22:53:00,C0271,out,257.03,Ostdan Ivaskov,XB,cash
P005507,2026-05-31T23:03:00,C0226,in,858.35,Branren Boskoenko,VN,wire
P009613,2026-05-31T23:05:00,C0399,in,591.37,Dortas Joreles,SG,wire
P011978,2026-05-31T23:05:00,C0075,out,881.80,Umiriel Jorelul,KR,card
P002526,2026-05-31T23:14:00,C0319,in,888.17,Nisdan Aldreul,JP,cash
P003088,2026-05-31T23:37:00,C0149,out,896.89,Talriel Cernaov,SG,card
P011838,2026-05-31T23:49:00,C0221,out,1228.37,Kamir Lundraul,SG,wire
P006043,2026-06-01T00:26:00,C0267,out,882.88,Ilydan Cernaes,JP,card
P006995,2026-06-01T00:47:00,C0091,in,645.30,Dornek Krevoov,KR,wire
P002318,2026-06-01T00:52:00,C0175,out,1760.89,Branriel Marosenko,SG,wire
P011006,2026-06-01T00:52:00,C0060,out,2218.28,Ilyren Krevoyan,JP,wire
P012003,2026-06-01T01:39:00,C0203,out,6628.77,Branren Boscoul,XA,wire
P007646,2026-06-01T01:41:00,C0100,in,1241.12,Zarnek Ivaskov,VN,wire
P007556,2026-06-01T01:47:00,C0004,out,240.81,Umimir Nevicov,FR,card
P005603,2026-06-01T02:06:00,C0030,out,7954.84,Branvic Cernaski,JP,wire
P008646,2026-06-01T02:34:00,C0010,out,3756.52,Zarriel Farelyan,JP,card
P010583,2026-06-01T02:35:00,C0204,in,3333.99,Henren Lundraul,US,card
P007358,2026-06-01T02:42:00,C0220,in,285.37,Kadan Davrees,FR,wire
P002929,2026-06-01T02:46:00,C0390,out,1100.11,Grevdan Jorelar,GB,wire
P009772,2026-06-01T02:53:00,C0335,out,1308.59,Nisnek Cernaov,FR,wire
P003490,2026-06-01T03:02:00,C0277,in,2328.82,Velo Hanreski,JP,wire
P010001,2026-06-01T03:05:00,C0000,out,2170.17,Branriel Lundraenko,FR,wire
P004334,2026-06-01T03:13:00,C0029,out,706.15,Morlo Krevoenko,FR,card
P009907,2026-06-01T03:13:00,C0394,in,366.77,Kavic Gostynski,FR,card
P008988,2026-06-01T03:17:00,C0037,out,2793.59,Branlo Ivaskenko,GB,wire
P004335,2026-06-01T03:21:00,C0236,out,96.58,Zarnek Marosar,GB,wire
P011019,2026-06-01T03:28:00,C0038,out,5950.03,Dornek Hanreenko,DE,card
P003971,2026-06-01T03:45:00,C0394,out,5176.96,Sevdan Nevicul,XC,card
P008521,2026-06-01T03:46:00,C0321,in,3656.50,Taltas Davreyan,AU,wire
P008341,2026-06-01T03:48:00,C0169,in,434.23,Tallo Farelenko,GB,wire
P009176,2026-06-01T03:48:00,C0043,out,2179.52,Henriel Krevoitz,KR,wire
P006480,2026-06-01T04:05:00,C0298,out,1927.22,Zarren Fareles,US,wire
P008675,2026-06-01T04:06:00,C0362,in,1404.94,Ilyren Boskoyan,DE,wire
P006447,2026-06-01T04:16:00,C0171,out,2799.66,Ralriel Farelski,AU,card
P004415,2026-06-01T04:18:00,C0289,in,568.57,Ostdan Marositz,JP,cash
P010145,2026-06-01T04:23:00,C0058,in,890.43,Ralnek Hanreul,DE,cash
P004443,2026-06-01T04:33:00,C0250,in,1096.69,Velo Ivaskar,JP,wire
P007666,2026-06-01T04:34:00,C0247,out,6052.80,Ostdan Gostynov,FR,wire
P009143,2026-06-01T04:53:00,C0345,out,11002.06,Kamir Hanreyan,DE,wire
P008516,2026-06-01T04:59:00,C0284,out,494.11,Branren Davreyan,US,card
P000559,2026-06-01T05:12:00,C0168,in,1161.79,Grevlo Ivaskes,MY,wire
P004878,2026-06-01T05:13:00,C0294,out,2686.95,Kamir Davreitz,SG,card
P002432,2026-06-01T05:16:00,C0385,out,1927.10,Dorriel Nevicitz,AU,cash
P006275,2026-06-01T05:46:00,C0021,in,764.61,Tallo Farelenko,XC,card
P008567,2026-06-01T05:49:00,C0326,in,826.12,Morvic Boskoul,DE,wire
P008236,2026-06-01T06:06:00,C0392,in,1187.86,Zarriel Farelenko,GB,wire
P009632,2026-06-01T06:21:00,C0040,out,1407.87,Osttas Boskoyan,DE,cash
P002730,2026-06-01T06:44:00,C0089,in,563.39,Zarlo Gostynenko,MY,wire
P010063,2026-06-01T07:02:00,C0291,out,1065.34,Kariel Nevicitz,DE,cash
P007192,2026-06-01T07:03:00,C0133,in,404.08,Ilydan Aldrear,JP,card
P002009,2026-06-01T07:34:00,C0332,in,943.61,Sevmir Farelov,FR,wire
P009401,2026-06-01T07:41:00,C0345,out,989.49,Henlo Ivaskski,MY,cash
P008220,2026-06-01T07:42:00,C0234,out,338.32,Zarren Fareles,SG,wire
P006838,2026-06-01T07:43:00,C0068,out,1068.46,Branmir Orzekul,US,wire
P009250,2026-06-01T07:50:00,C0347,out,1450.90,Grevdan Krevoski,US,wire
P009629,2026-06-01T07:59:00,C0019,in,62.50,Henren Lundraul,FR,wire
P006565,2026-06-01T08:08:00,C0168,out,2504.39,Karen Aldreul,FR,wire
P005031,2026-06-01T08:28:00,C0272,in,878.62,Talmir Davreitz,JP,wire
P005028,2026-06-01T08:31:00,C0384,in,381.67,Katas Ivaskov,VN,cash
P002338,2026-06-01T08:42:00,C0323,in,3806.38,Mordan Cernaul,AU,wire
P004065,2026-06-01T08:44:00,C0203,in,1776.09,Talmir Davreitz,JP,wire
P009153,2026-06-01T08:44:00,C0163,in,285.48,Mornek Gostynski,SG,wire
P001022,2026-06-01T08:48:00,C0311,out,24015.10,Sevtas Pravinski,JP,cash
P003663,2026-06-01T08:51:00,C0065,out,546.47,Ostren Lundraitz,FR,wire
P001023,2026-06-01T08:54:00,C0079,out,5445.63,Zarren Nevicenko,KR,wire
P007203,2026-06-01T08:56:00,C0160,in,73.05,Kadan Boskoov,MY,wire
P010809,2026-06-01T09:22:00,C0260,out,7745.65,Zarriel Krevoitz,FR,card
P005512,2026-06-01T09:39:00,C0012,in,1868.38,Morvic Gostynenko,KR,card
P009544,2026-06-01T10:01:00,C0044,out,1018.59,Karen Enkoski,MY,wire
P006082,2026-06-01T10:26:00,C0256,out,248.17,Branren Lundrayan,US,wire
P010563,2026-06-01T10:30:00,C0323,in,192.51,Talmir Joreles,GB,card
P004428,2026-06-01T11:06:00,C0209,in,1168.81,Branlo Boskoes,MY,wire
P008500,2026-06-01T11:18:00,C0108,in,1648.11,Ostvic Aldreski,VN,wire
P003092,2026-06-01T11:19:00,C0263,in,1453.94,Dornek Krevoov,SG,wire
P011259,2026-06-01T11:20:00,C0199,in,406.18,Umitas Davreyan,US,wire
P007820,2026-06-01T11:36:00,C0222,out,1148.58,Ilyriel Pravinenko,JP,card
P004545,2026-06-01T11:48:00,C0127,out,506.65,Nisren Jorelyan,FR,cash
P011765,2026-06-01T12:00:00,C0182,in,1263.85,Talren Lundrayan,US,wire
P012053,2026-06-01T12:00:00,C0211,in,9797.87,Zarnek Enkoski,US,cash
P008651,2026-06-01T12:03:00,C0382,in,308.27,Branriel Jorelul,DE,card
P005989,2026-06-01T12:09:00,C0032,in,2700.38,Henriel Orzekenko,KR,wire
P008963,2026-06-01T12:09:00,C0145,out,390.52,Hennek Davreov,FR,wire
P005897,2026-06-01T12:15:00,C0368,out,558.36,Sevlo Cernaul,SG,wire
P000219,2026-06-01T12:28:00,C0104,out,297.41,Zarvic Orzekenko,US,wire
P011699,2026-06-01T12:28:00,C0065,in,2051.64,Felren Krevoar,DE,wire
P002945,2026-06-01T12:50:00,C0067,out,1848.50,Veren Hanrear,JP,wire
P012038,2026-06-01T13:00:00,C0203,in,9729.88,Feltas Davrear,US,cash
P011333,2026-06-01T13:18:00,C0384,in,500.29,Ralnek Orzekul,SG,wire
P002785,2026-06-01T13:24:00,C0384,in,23198.69,Ralriel Aldrees,KR,wire
P005797,2026-06-01T13:42:00,C0029,out,1215.57,Branvic Pravinyan,VN,wire
P002121,2026-06-01T13:46:00,C0093,out,1809.32,Umitas Orzekenko,SG,wire
P001019,2026-06-01T13:57:00,C0135,in,1522.31,Vetas Boskoul,SG,wire
P006946,2026-06-01T13:57:00,C0263,out,3561.39,Ralren Fareles,AU,wire
P000840,2026-06-01T14:11:00,C0191,in,1330.51,Felriel Jorelski,GB,cash
P007110,2026-06-01T14:17:00,C0005,in,954.36,Osttas Hanreov,DE,wire
P003104,2026-06-01T14:29:00,C0217,out,1021.98,Vedan Nevicyan,VN,card
P003954,2026-06-01T14:30:00,C0227,in,2436.28,Grevlo Ivaskes,KR,wire
P004548,2026-06-01T14:32:00,C0208,in,7564.85,Talvic Ivaskitz,VN,wire
P003318,2026-06-01T14:40:00,C0379,out,4034.43,Ralnek Maroses,MY,wire
P009861,2026-06-01T14:41:00,C0016,in,1060.04,Zarmir Orzekyan,AU,wire
P008169,2026-06-01T14:58:00,C0257,out,869.86,Hennek Gostynitz,SG,cash
P000738,2026-06-01T15:01:00,C0249,out,571.95,Ostmir Jorelov,AU,wire
P002317,2026-06-01T15:08:00,C0348,out,307.12,Umivic Lundraes,AU,wire
P001363,2026-06-01T15:29:00,C0360,out,386.74,Zarlo Cernaar,JP,wire
P010521,2026-06-01T15:31:00,C0108,in,729.77,Zarlo Cernaar,DE,card
P006856,2026-06-01T15:40:00,C0088,in,1757.40,Grevlo Orzekar,FR,card
P002198,2026-06-01T15:41:00,C0241,out,415.50,Ilytas Hanreski,SG,card
P008491,2026-06-01T15:57:00,C0367,in,1930.91,Sevnek Davreienko,KR,card
P005628,2026-06-01T16:10:00,C0216,out,3379.11,Dortas Krevoul,KR,wire
P007813,2026-06-01T16:12:00,C0224,out,247.08,Umiriel Jorelul,VN,card
P002965,2026-06-01T16:14:00,C0248,out,6137.29,Dornek Boskoski,GB,wire
P001109,2026-06-01T16:49:00,C0291,out,123.56,Ostdan Marositz,XA,card
P000458,2026-06-01T16:54:00,C0254,in,529.53,Ilymir Marosar,KR,wire
P008642,2026-06-01T17:17:00,C0172,in,1928.73,Dorren Hanreyan,MY,wire
P000801,2026-06-01T17:24:00,C0307,in,2525.84,Vedan Marosar,FR,card
P004046,2026-06-01T17:46:00,C0205,in,784.83,Mornek Jorelitz,KR,wire
P000887,2026-06-01T17:50:00,C0191,out,131.47,Ilynek Cernaar,VN,wire
P005407,2026-06-01T17:58:00,C0169,out,538.11,Felmir Gostynyan,DE,wire
P005255,2026-06-01T18:01:00,C0313,in,400.10,Ostriel Lundraul,AU,wire
P009332,2026-06-01T18:03:00,C0093,out,127.23,Zardan Cernaes,VN,card
P008013,2026-06-01T18:28:00,C0249,out,510.13,Morriel Ivaskenko,VN,wire
P009508,2026-06-01T18:38:00,C0297,out,1231.79,Zarren Ivaskul,VN,wire
P009587,2026-06-01T18:40:00,C0070,out,3260.29,Nisren Lundrayan,KR,wire
P010026,2026-06-01T18:41:00,C0230,out,1456.83,Raltas Nevicitz,DE,wire
P007923,2026-06-01T19:01:00,C0147,in,1087.91,Zarren Fareles,DE,wire
P004289,2026-06-01T19:34:00,C0229,in,1927.08,Talmir Lundraes,MY,card
P011159,2026-06-01T19:45:00,C0335,out,821.29,Zartas Jorelov,VN,wire
P007092,2026-06-01T19:58:00,C0229,in,757.53,Grevlo Orzekar,JP,card
P000995,2026-06-01T20:00:00,C0083,in,440.40,Henmir Davrear,VN,card
P003941,2026-06-01T20:01:00,C0014,in,2608.08,Zarnek Boskoul,AU,card
P010072,2026-06-01T20:09:00,C0192,in,1358.23,Dortas Joreles,GB,wire
P009569,2026-06-01T20:17:00,C0344,in,3370.75,Zarlo Nevicyan,VN,wire
P001821,2026-06-01T20:41:00,C0349,in,174.13,Ostvic Boskoski,JP,wire
P001512,2026-06-01T20:42:00,C0172,in,2095.32,Zartas Pravinenko,US,wire
P005807,2026-06-01T20:43:00,C0362,in,2071.43,Sevvic Pravinenko,KR,cash
P002015,2026-06-01T20:47:00,C0274,in,1157.62,Umiren Pravinul,AU,wire
P001481,2026-06-01T20:49:00,C0262,in,1025.97,Fello Krevoov,VN,wire
P002447,2026-06-01T21:11:00,C0146,in,504.72,Talriel Boskoski,KR,wire
P008966,2026-06-01T21:11:00,C0074,in,456.17,Dorvic Farelenko,MY,wire
P009004,2026-06-01T21:11:00,C0110,out,1203.62,Sevtas Boskoar,FR,cash
P002583,2026-06-01T21:24:00,C0181,out,1282.10,Sevdan Davreitz,FR,wire
P004234,2026-06-01T21:32:00,C0023,in,2055.14,Zardan Marosski,SG,wire
P000611,2026-06-01T21:33:00,C0334,in,388.79,Nisdan Aldreul,SG,wire
P002014,2026-06-01T21:41:00,C0176,in,924.54,Kamir Hanreyan,FR,wire
P002271,2026-06-01T21:49:00,C0263,out,856.34,Brantas Cernaar,AU,wire
P009252,2026-06-01T22:11:00,C0153,in,1692.65,Ilynek Jorelitz,MY,cash
P003997,2026-06-01T22:12:00,C0079,out,1478.79,Kariel Pravinul,FR,wire
P008588,2026-06-01T22:14:00,C0278,in,2142.26,Karen Enkoski,MY,wire
P004800,2026-06-01T23:13:00,C0323,out,338.04,Zarmir Aldrees,DE,cash
P010735,2026-06-01T23:15:00,C0129,out,1755.29,Henvic Nevicitz,JP,wire
P009751,2026-06-01T23:20:00,C0351,out,133.67,Morlo Jorelenko,MY,cash
P010138,2026-06-01T23:44:00,C0396,out,2972.88,Veren Farelitz,FR,wire
P001210,2026-06-01T23:54:00,C0141,out,1343.06,Ostdan Gostynov,FR,wire
P001532,2026-06-01T23:57:00,C0059,in,3372.04,Kariel Ivaskenko,JP,wire
P006825,2026-06-02T00:01:00,C0360,in,3166.68,Ralnek Hanreul,VN,wire
P002776,2026-06-02T00:04:00,C0205,in,3001.85,Ostriel Davreski,US,wire
P003777,2026-06-02T00:16:00,C0271,out,504.93,Ostlo Orzekar,FR,wire
P006340,2026-06-02T00:41:00,C0170,in,1277.69,Ilymir Enkoar,GB,wire
P006116,2026-06-02T00:53:00,C0198,in,2327.49,Branmir Hanrees,GB,wire
P003824,2026-06-02T00:58:00,C0377,out,1327.97,Uminek Cernaski,GB,wire
P006314,2026-06-02T01:01:00,C0047,in,1084.72,Sevdan Pravinitz,XC,wire
P007333,2026-06-02T01:07:00,C0136,out,949.61,Ostnek Boskoyan,KR,card
P011780,2026-06-02T01:13:00,C0255,out,687.63,Sevriel Davrear,VN,wire
P002416,2026-06-02T01:23:00,C0321,in,404.34,Umiren Hanreul,MY,wire
P008907,2026-06-02T01:53:00,C0372,out,736.25,Ostdan Krevoul,US,wire
P007711,2026-06-02T02:08:00,C0109,out,224.09,Branvic Lundraar,VN,wire
P009848,2026-06-02T02:08:00,C0098,in,171.90,Nistas Pravinenko,FR,cash
P010866,2026-06-02T02:27:00,C0201,in,547.19,Vedan Davreul,KR,card
P011668,2026-06-02T02:36:00,C0244,out,1567.72,Hennek Lundraov,AU,wire
P011424,2026-06-02T02:42:00,C0056,in,3502.97,Henvic Fareles,VN,wire
P006417,2026-06-02T02:47:00,C0186,out,214.52,Umimir Nevicov,MY,card
P006406,2026-06-02T03:08:00,C0158,in,2760.95,Felnek Pravinenko,JP,wire
P007789,2026-06-02T03:08:00,C0055,out,4269.57,Morvic Boskoul,DE,wire
P002619,2026-06-02T03:23:00,C0119,in,2895.55,Raltas Enkoenko,MY,card
P008780,2026-06-02T03:38:00,C0207,in,303.86,Tallo Ivaskitz,KR,wire
P001407,2026-06-02T03:47:00,C0367,out,4543.65,Hendan Boskoul,VN,wire
P008202,2026-06-02T03:47:00,C0248,in,539.64,Sevlo Maroses,US,wire
P001702,2026-06-02T04:08:00,C0169,out,107.09,Ilyriel Pravinenko,GB,wire
P006080,2026-06-02T04:08:00,C0317,in,1359.96,Sevdan Pravinitz,AU,wire
P005640,2026-06-02T04:13:00,C0293,out,1708.42,Hentas Boskoul,US,wire
P001523,2026-06-02T04:18:00,C0131,in,903.28,Zarren Fareles,DE,card
P008392,2026-06-02T04:20:00,C0207,in,395.01,Ostnek Lundrayenko,JP,wire
P000151,2026-06-02T04:40:00,C0370,in,1031.45,Grevdan Enkoes,VN,cash
P002949,2026-06-02T04:41:00,C0004,in,4686.68,Umiren Davreov,DE,wire
P003277,2026-06-02T04:43:00,C0032,out,882.70,Veren Ivaskov,SG,wire
P008183,2026-06-02T04:59:00,C0321,in,4170.54,Ostriel Hanreitz,MY,wire
P000096,2026-06-02T05:05:00,C0042,out,481.28,Branren Davreenko,KR,card
P007704,2026-06-02T05:08:00,C0158,out,140.79,Taltas Jorelar,XA,wire
P004684,2026-06-02T05:13:00,C0082,out,1031.03,Ralmir Jorelenko,GB,wire
P000237,2026-06-02T05:22:00,C0063,in,2402.13,Kariel Nevicitz,US,wire
P000265,2026-06-02T05:23:00,C0032,in,785.12,Sevmir Orzekitz,DE,wire
P005283,2026-06-02T05:24:00,C0381,out,3293.97,Ostriel Boskoitz,JP,wire
P005126,2026-06-02T05:31:00,C0165,in,804.81,Vetas Boskoul,VN,card
P002224,2026-06-02T06:07:00,C0336,in,1707.47,Zarvic Enkoar,AU,wire
P000875,2026-06-02T06:15:00,C0316,in,288.78,Mornek Cernayan,VN,wire
P010884,2026-06-02T06:18:00,C0395,out,752.57,Ilymir Orzeksenko,GB,wire
P001530,2026-06-02T06:40:00,C0238,out,890.89,Sevlo Cernaul,AU,wire
P006768,2026-06-02T06:42:00,C0292,out,1237.37,Katas Pravines,SG,wire
P009115,2026-06-02T07:05:00,C0301,in,1734.49,Mornek Nevicenko,FR,cash
P009095,2026-06-02T07:18:00,C0242,out,963.03,Grevren Nevicienko,FR,wire
P008674,2026-06-02T07:45:00,C0153,in,1397.41,Hentas Gostynitz,JP,wire
P005388,2026-06-02T07:46:00,C0062,out,537.54,Ostdan Hanreenko,DE,cash
P000139,2026-06-02T07:54:00,C0096,in,12510.88,Henmir Davreov,MY,card
P001786,2026-06-02T08:07:00,C0013,in,1827.12,Mordan Gostynenko,SG,wire
P008636,2026-06-02T08:29:00,C0193,in,1573.66,Grevmir Boskoenko,GB,wire
P001850,2026-06-02T08:53:00,C0337,out,6407.30,Zarvic Enkoes,MY,wire
P005623,2026-06-02T08:55:00,C0271,out,9903.57,Henvic Nevicitz,SG,card
P002625,2026-06-02T09:00:00,C0042,out,1260.82,Umitas Orzekar,DE,wire
P010726,2026-06-02T09:07:00,C0247,in,1940.71,Fello Hanreul,DE,wire
P011791,2026-06-02T09:09:00,C0101,out,191.32,Vedan Jorelov,GB,cash
P000495,2026-06-02T09:20:00,C0023,in,187.79,Sevren Farelul,FR,card
P003340,2026-06-02T09:28:00,C0356,in,1686.05,Grevdan Marosar,AU,wire
P010305,2026-06-02T09:29:00,C0378,out,4699.88,Henlo Krevoov,VN,wire
P012036,2026-06-02T10:00:00,C0202,in,9147.82,Umimir Orzekar,US,cash
P010830,2026-06-02T10:07:00,C0025,in,123.19,Dorlo Gostynar,KR,card
P009304,2026-06-02T10:08:00,C0018,in,936.80,Zarriel Marositz,SG,wire
P001961,2026-06-02T10:22:00,C0326,out,366.59,Sevtas Pravinski,US,wire
P005917,2026-06-02T10:30:00,C0164,out,1905.53,Grevriel Lundraitz,VN,card
P004240,2026-06-02T10:35:00,C0196,in,1054.79,Dordan Lundraar,US,wire
P003095,2026-06-02T10:38:00,C0039,out,5109.77,Veren Ivaskov,SG,card
P002882,2026-06-02T10:44:00,C0332,in,435.89,Feldan Hanreov,MY,cash
P002276,2026-06-02T10:56:00,C0368,out,5163.32,Felriel Hanreov,FR,wire
P001380,2026-06-02T10:58:00,C0132,out,2863.89,Ilymir Cernaul,XA,wire
P008397,2026-06-02T11:00:00,C0219,out,518.64,Feldan Cernaitz,SG,wire
P002663,2026-06-02T11:09:00,C0314,out,670.08,Sevtas Pravinski,DE,wire
P002313,2026-06-02T11:15:00,C0138,out,1396.37,Felnek Pravinenko,GB,wire
P007606,2026-06-02T11:17:00,C0088,out,616.55,Nismir Hanreov,FR,card
P004366,2026-06-02T11:43:00,C0230,out,178.56,Grevdan Marosar,GB,card
P007364,2026-06-02T11:47:00,C0017,out,376.20,Sevren Nevicyan,KR,cash
P003384,2026-06-02T11:55:00,C0158,out,969.81,Ostnek Nevicenko,KR,card
P009583,2026-06-02T11:57:00,C0341,out,3845.60,Nisriel Pravinar,VN,card
P004872,2026-06-02T12:34:00,C0231,out,7750.01,Ralmir Jorelenko,US,wire
P009052,2026-06-02T12:52:00,C0309,in,4925.81,Felnek Pravinenko,KR,wire
P005740,2026-06-02T13:01:00,C0311,in,716.31,Veren Ivaskul,FR,card
P009163,2026-06-02T13:23:00,C0113,in,466.53,Vedan Nevicyan,MY,wire
P008067,2026-06-02T13:29:00,C0375,in,5107.10,Ilymir Nevicov,GB,wire
P006881,2026-06-02T13:46:00,C0293,in,8839.66,Talvic Davrees,KR,wire
P006692,2026-06-02T13:53:00,C0054,out,1568.79,Talnek Marosyan,DE,wire
P008905,2026-06-02T14:13:00,C0065,in,446.14,Henlo Ivaskski,GB,wire
P011998,2026-06-02T14:14:00,C0218,out,992.99,Umimir Pravinul,XA,wire
P000461,2026-06-02T14:19:00,C0159,out,5487.18,Raltas Gostynitz,JP,wire
P011255,2026-06-02T14:32:00,C0294,in,339.27,Mordan Davreitz,VN,card
P000779,2026-06-02T14:33:00,C0338,in,545.51,Mormir Hanreov,MY,cash
P007906,2026-06-02T14:38:00,C0197,in,1472.60,Ostvic Boskoski,SG,card
P004019,2026-06-02T14:48:00,C0025,in,283.70,Sevriel Joreles,DE,wire
P001685,2026-06-02T14:51:00,C0311,in,6350.02,Grevdan Marosar,AU,cash
P004239,2026-06-02T15:01:00,C0147,in,247.37,Grevmir Cernayan,US,wire
P009041,2026-06-02T15:38:00,C0379,out,4273.03,Talriel Farelul,JP,wire
P002429,2026-06-02T15:39:00,C0155,in,333.48,Mornek Jorelitz,MY,wire
P001872,2026-06-02T15:47:00,C0286,out,432.37,Dorvic Enkoul,JP,wire
P001954,2026-06-02T15:49:00,C0182,in,2188.10,Dorren Ivaskenko,SG,wire
P005325,2026-06-02T15:55:00,C0028,in,357.34,Raldan Marosyan,DE,cash
P003732,2026-06-02T16:53:00,C0251,in,338.06,Kariel Gostynul,US,wire
P011299,2026-06-02T17:30:00,C0011,out,7085.34,Umilo Orzekar,MY,wire
P009030,2026-06-02T17:47:00,C0236,in,646.14,Kariel Pravinul,SG,wire
P010051,2026-06-02T17:58:00,C0175,in,992.91,Sevnek Davreienko,FR,wire
P007053,2026-06-02T18:14:00,C0217,in,5151.92,Kamir Orzekar,VN,wire
P003728,2026-06-02T19:02:00,C0187,out,544.11,Katas Ivaskov,KR,wire
P002955,2026-06-02T19:06:00,C0065,out,381.48,Dornek Nevicitz,KR,wire
P008041,2026-06-02T19:06:00,C0186,out,1140.86,Umivic Boskoov,US,wire
P000510,2026-06-02T19:08:00,C0234,in,2576.26,Venek Boskoyan,MY,wire
P008161,2026-06-02T19:16:00,C0351,out,389.88,Nismir Ivaskenko,JP,card
P008745,2026-06-02T19:20:00,C0165,out,771.37,Umitas Davreyan,KR,wire
P003292,2026-06-02T19:49:00,C0307,in,5271.75,Ilydan Nevicenko,US,wire
P009908,2026-06-02T19:50:00,C0129,out,4097.76,Zarvic Enkoes,VN,wire
P007911,2026-06-02T19:57:00,C0325,in,1624.88,Henmir Davrear,JP,card
P009584,2026-06-02T19:59:00,C0132,out,1158.97,Dorvic Lundraov,GB,card
P009409,2026-06-02T20:08:00,C0392,in,840.01,Nislo Farelitz,KR,wire
P008297,2026-06-02T20:12:00,C0104,out,1046.04,Kalo Boskosenko,SG,card
P009211,2026-06-02T20:26:00,C0088,in,2957.01,Vedan Nevicyan,KR,card
P002348,2026-06-02T20:28:00,C0270,out,328.41,Raldan Farelyan,KR,wire
P000392,2026-06-02T21:02:00,C0010,in,1894.04,Nisdan Farelenko,GB,wire
P003959,2026-06-02T21:11:00,C0068,out,1642.66,Zarriel Farelyan,SG,wire
P011570,2026-06-02T21:14:00,C0183,in,1622.07,Branmir Ivaskul,JP,wire
P011445,2026-06-02T21:45:00,C0149,in,2477.44,Kalo Ivaskenko,US,wire
P006150,2026-06-02T22:02:00,C0024,out,384.06,Umilo Gostynienko,AU,wire
P009435,2026-06-02T22:10:00,C0141,out,1733.98,Umiren Davreov,MY,wire
P007501,2026-06-02T22:11:00,C0043,in,633.60,Sevvic Pravinenko,FR,wire
P002032,2026-06-02T22:17:00,C0071,out,609.36,Vemir Boskoul,JP,cash
P005896,2026-06-02T22:33:00,C0155,in,769.66,Sevriel Pravinar,VN,wire
P011086,2026-06-02T22:33:00,C0332,out,1112.35,Taldan Lundraes,FR,wire
P000190,2026-06-02T22:40:00,C0341,in,652.81,Raltas Jorelyan,FR,wire
P005321,2026-06-02T22:40:00,C0271,out,2430.14,Branriel Enkoul,US,wire
P011507,2026-06-02T22:40:00,C0002,in,1301.87,Umilo Davreitz,US,wire
P002589,2026-06-02T22:46:00,C0391,in,1144.94,Nistas Orzekski,AU,card
P001000,2026-06-02T22:54:00,C0115,out,2715.73,Vetas Farelenko,MY,wire
P004167,2026-06-02T23:13:00,C0303,out,921.21,Felren Krevoar,GB,card
P006296,2026-06-02T23:16:00,C0272,out,7921.74,Raltas Nevicitz,GB,wire
P002444,2026-06-02T23:35:00,C0313,out,241.97,Henren Hanreov,US,wire
P005533,2026-06-02T23:57:00,C0129,in,579.64,Branriel Marosenko,JP,card
P006297,2026-06-03T00:12:00,C0237,in,1828.43,Grevlo Gostynes,MY,wire
P008291,2026-06-03T00:22:00,C0272,out,91.81,Dorlo Enkoski,DE,wire
P009533,2026-06-03T00:43:00,C0003,in,2090.03,Zarlo Gostynenko,XA,wire
P001789,2026-06-03T00:49:00,C0153,out,219.79,Uminek Orzekul,SG,card
P002255,2026-06-03T01:02:00,C0258,out,7338.64,Vetas Hanreov,GB,card
P000062,2026-06-03T01:19:00,C0223,in,2898.30,Talvic Boskoov,VN,wire
P004880,2026-06-03T01:23:00,C0004,out,1588.38,Ostdan Hanreenko,KR,cash
P010302,2026-06-03T01:31:00,C0170,out,2203.77,Morriel Aldreyan,US,wire
P005171,2026-06-03T01:49:00,C0139,in,1395.37,Henmir Krevoyan,JP,card
P010318,2026-06-03T02:06:00,C0255,out,858.14,Brandan Hanreitz,SG,card
P010763,2026-06-03T02:20:00,C0262,out,1591.96,Veren Ivaskov,KR,wire
P001751,2026-06-03T02:32:00,C0179,out,175.24,Zarriel Marositz,KR,cash
P010844,2026-06-03T02:32:00,C0004,in,717.14,Nisren Marosov,KR,card
P001816,2026-06-03T02:43:00,C0222,out,2041.59,Branriel Jorelul,FR,wire
P009717,2026-06-03T02:47:00,C0076,out,6054.25,Sevtas Enkoar,US,wire
P002674,2026-06-03T02:48:00,C0308,in,1215.29,Felvic Ivaskitz,US,wire
P008694,2026-06-03T02:54:00,C0186,in,2077.24,Ostvic Marosar,MY,wire
P009515,2026-06-03T03:05:00,C0020,in,1268.51,Mordan Jorelyan,KR,wire
P003235,2026-06-03T03:06:00,C0052,in,1635.59,Taltas Hanrees,SG,card
P008009,2026-06-03T03:07:00,C0073,in,3993.05,Veriel Jorelenko,VN,wire
P008722,2026-06-03T03:16:00,C0327,in,8763.14,Sevmir Ivaskyan,FR,card
P009197,2026-06-03T03:46:00,C0338,in,326.07,Sevtas Enkoitz,MY,wire
P008757,2026-06-03T03:53:00,C0109,out,5485.18,Dormir Farelski,US,card
P001051,2026-06-03T04:37:00,C0383,out,193.92,Zarmir Orzekar,VN,card
P007508,2026-06-03T04:37:00,C0095,out,2652.60,Morren Cernayan,VN,card
P008265,2026-06-03T04:38:00,C0267,in,1065.34,Sevriel Davrear,FR,card
P003099,2026-06-03T04:47:00,C0116,out,435.84,Nislo Farelitz,MY,wire
P003509,2026-06-03T04:47:00,C0384,out,75.00,Brandan Hanreitz,AU,wire
P010290,2026-06-03T04:49:00,C0106,out,332.10,Umiriel Boskoes,GB,cash
P007488,2026-06-03T04:54:00,C0009,out,2235.83,Sevdan Hanreyan,VN,wire
P002725,2026-06-03T05:16:00,C0008,out,393.14,Taltas Aldreov,SG,wire
P005661,2026-06-03T05:20:00,C0096,out,962.61,Ostlo Orzekar,VN,wire
P010366,2026-06-03T05:34:00,C0249,out,935.40,Nisriel Jorelar,FR,card
P011332,2026-06-03T05:43:00,C0221,in,555.27,Kamir Gostynov,KR,wire
P010717,2026-06-03T05:48:00,C0113,in,1955.03,Talren Pravinar,XB,cash
P005026,2026-06-03T06:00:00,C0270,in,15206.35,Ostnek Gostynov,VN,card
P002833,2026-06-03T06:12:00,C0398,out,2905.74,Ostren Farelenko,DE,wire
P011195,2026-06-03T06:12:00,C0257,in,146.15,Henlo Krevoov,JP,wire
P004130,2026-06-03T06:15:00,C0136,out,1035.18,Raltas Jorelyan,GB,wire
P003746,2026-06-03T06:22:00,C0385,in,445.32,Branvic Pravinyan,KR,wire
P001325,2026-06-03T06:48:00,C0249,in,4912.22,Zarlo Cernaar,AU,wire
P003675,2026-06-03T07:10:00,C0164,out,1289.90,Kalo Ivaskenko,KR,card
P002903,2026-06-03T07:24:00,C0004,in,2372.69,Ilylo Farelyan,AU,wire
P006579,2026-06-03T07:45:00,C0373,out,392.86,Zartas Enkoar,US,cash
P000817,2026-06-03T07:50:00,C0151,out,2994.93,Sevriel Davrear,JP,cash
P002984,2026-06-03T07:53:00,C0015,in,761.43,Raltas Gostynitz,FR,card
P004715,2026-06-03T07:55:00,C0112,out,394.50,Henmir Krevoyan,JP,card
P001653,2026-06-03T08:01:00,C0262,in,1949.95,Henren Gostynski,DE,wire
P003040,2026-06-03T08:07:00,C0137,out,2438.29,Branriel Enkoar,FR,cash
P006160,2026-06-03T08:08:00,C0081,out,2262.56,Ilylo Farelyan,JP,wire
P010335,2026-06-03T08:22:00,C0376,out,107.74,Talriel Farelar,VN,wire
P010443,2026-06-03T08:40:00,C0100,in,8625.03,Feltas Ivaskenko,SG,wire
P002647,2026-06-03T09:18:00,C0398,out,893.47,Brantas Boskoar,KR,card
P006324,2026-06-03T09:18:00,C0030,out,13469.06,Umitas Davreyan,US,wire
P001864,2026-06-03T09:22:00,C0120,out,2274.66,Veriel Jorelenko,FR,wire
P008299,2026-06-03T09:26:00,C0087,out,1141.90,Grevriel Davreyan,SG,wire
P002824,2026-06-03T09:27:00,C0191,in,580.32,Dortas Boskoov,AU,wire
P006714,2026-06-03T09:35:00,C0074,out,1249.36,Henren Boskoyan,AU,wire
P007291,2026-06-03T09:54:00,C0057,in,1579.82,Branvic Cernaski,MY,wire
P012039,2026-06-03T10:00:00,C0204,in,9608.97,Katas Joreles,US,cash
P007212,2026-06-03T10:35:00,C0099,in,1217.65,Dorriel Krevoyan,JP,card
P007824,2026-06-03T10:35:00,C0356,in,414.77,Talriel Farelul,KR,wire
P006925,2026-06-03T10:47:00,C0084,out,313.47,Brannek Krevoski,KR,wire
P011563,2026-06-03T10:48:00,C0381,in,4378.22,Umilo Enkoski,FR,card
P007271,2026-06-03T10:54:00,C0237,out,1641.83,Zarmir Davreov,FR,wire
P001256,2026-06-03T11:02:00,C0088,out,340.06,Ilyren Krevoov,MY,wire
P003470,2026-06-03T11:13:00,C0199,in,523.78,Kalo Pravinov,VN,wire
P011917,2026-06-03T12:44:00,C0245,out,3285.94,Ralren Davreski,KR,card
P006547,2026-06-03T13:00:00,C0219,out,3023.04,Dordan Pravinov,KR,card
P000072,2026-06-03T13:16:00,C0341,out,3178.59,Ostmir Aldrees,US,wire
P004347,2026-06-03T13:45:00,C0013,in,1354.53,Felriel Hanreov,US,wire
P010992,2026-06-03T13:46:00,C0027,out,10812.91,Zarlo Nevicyan,VN,wire
P011556,2026-06-03T13:51:00,C0330,in,464.15,Grevlo Jorelar,US,wire
P006605,2026-06-03T14:20:00,C0239,out,326.64,Rallo Ivaskenko,JP,card
P005153,2026-06-03T14:33:00,C0271,out,173.38,Felvic Gostynyan,DE,card
P001865,2026-06-03T14:39:00,C0112,in,2137.70,Nisriel Jorelar,AU,wire
P006108,2026-06-03T14:48:00,C0188,in,1214.99,Raltas Gostynes,GB,wire
P012054,2026-06-03T15:00:00,C0211,in,9395.49,Ralnek Marosul,US,cash
P010993,2026-06-03T15:03:00,C0229,in,2544.06,Tallo Jorelar,KR,wire
P010999,2026-06-03T15:03:00,C0203,out,1177.62,Vevic Boskoyan,US,wire
P002886,2026-06-03T15:29:00,C0380,out,15550.10,Dornek Nevicitz,MY,wire
P010838,2026-06-03T15:30:00,C0138,out,682.91,Umimir Ivaskul,XB,cash
P003421,2026-06-03T15:34:00,C0055,in,2016.27,Umiriel Jorelul,KR,card
P011600,2026-06-03T15:37:00,C0144,in,455.87,Branriel Enkoul,JP,wire
P000030,2026-06-03T16:05:00,C0017,out,1411.20,Zarlo Jorelar,AU,card
P010817,2026-06-03T16:14:00,C0159,in,372.90,Ilyren Davreitz,GB,wire
P003515,2026-06-03T16:19:00,C0170,out,1272.89,Mordan Enkoes,JP,card
P001569,2026-06-03T16:25:00,C0237,out,2407.89,Nisren Jorelyan,DE,wire
P004330,2026-06-03T16:26:00,C0343,in,3422.17,Kadan Nevicov,JP,wire
P009643,2026-06-03T16:34:00,C0319,out,640.99,Henren Ivaskski,GB,wire
P002240,2026-06-03T16:35:00,C0022,out,836.91,Ilydan Davreul,SG,wire
P008017,2026-06-03T16:36:00,C0388,in,670.03,Umitas Davreski,JP,card
P009609,2026-06-03T16:39:00,C0041,in,919.38,Henriel Jorelyan,VN,wire
P000746,2026-06-03T17:07:00,C0081,in,1164.20,Branren Davreyan,DE,wire
P006937,2026-06-03T17:18:00,C0043,out,3352.42,Ilytas Hanreski,AU,wire
P004675,2026-06-03T17:37:00,C0322,out,233.09,Veren Marosar,GB,wire
P007140,2026-06-03T17:47:00,C0356,in,563.32,Grevvic Orzekul,DE,wire
P006151,2026-06-03T17:49:00,C0179,in,1205.58,Hentas Boskoul,FR,card
P003852,2026-06-03T17:55:00,C0285,in,1530.08,Zarvic Orzekenko,GB,wire
P007112,2026-06-03T18:07:00,C0221,out,2132.74,Zarvic Enkoes,GB,wire
P009126,2026-06-03T18:15:00,C0095,in,599.97,Zarvic Enkoitz,AU,wire
P005184,2026-06-03T18:29:00,C0181,in,1933.76,Grevriel Krevoenko,AU,wire
P005356,2026-06-03T18:31:00,C0015,out,711.27,Kavic Cernaitz,GB,cash
P008444,2026-06-03T18:54:00,C0221,out,42227.55,Sevmir Krevoitz,US,wire
P000792,2026-06-03T19:15:00,C0091,out,297.01,Umilo Hanrear,GB,wire
P002946,2026-06-03T19:21:00,C0390,out,11338.20,Ostlo Jorelar,AU,card
P008892,2026-06-03T19:21:00,C0042,in,3403.63,Branlo Farelar,US,wire
P007703,2026-06-03T19:36:00,C0057,out,363.23,Taltas Hanrees,AU,card
P009692,2026-06-03T19:43:00,C0149,in,7376.54,Nisren Orzekov,US,wire
P007990,2026-06-03T19:59:00,C0266,out,153.62,Ilyren Krevoov,XC,wire
P001141,2026-06-03T20:09:00,C0034,in,334.50,Katas Ivaskov,VN,wire
P007455,2026-06-03T20:13:00,C0270,in,7482.75,Zarvic Marosyan,MY,wire
P002346,2026-06-03T20:23:00,C0363,out,868.74,Mortas Marosski,MY,wire
P008767,2026-06-03T20:29:00,C0261,out,552.75,Zarvic Nevicov,KR,wire
P000766,2026-06-03T20:36:00,C0030,in,1069.04,Mormir Gostynenko,SG,wire
P008551,2026-06-03T20:38:00,C0336,out,742.27,Sevmir Ivaskyan,US,card
P011693,2026-06-03T21:05:00,C0056,in,288.30,Morlo Pravinenko,JP,wire
P000280,2026-06-03T21:12:00,C0348,out,306.09,Sevriel Davrear,GB,wire
P004988,2026-06-03T21:22:00,C0031,out,348.48,Kariel Nevicitz,VN,wire
P009607,2026-06-03T22:04:00,C0359,out,402.81,Dorriel Krevoyan,AU,wire
P001338,2026-06-03T22:05:00,C0113,in,17885.31,Sevriel Farelul,AU,card
P009244,2026-06-03T22:09:00,C0224,in,2960.91,Umitas Jorelitz,GB,wire
P009811,2026-06-03T22:14:00,C0371,in,981.06,Fello Hanreul,KR,card
P010416,2026-06-03T22:14:00,C0180,out,944.92,Grevdan Marosar,KR,wire
P008890,2026-06-03T22:21:00,C0220,in,5221.19,Sevnek Orzekitz,DE,card
P009274,2026-06-03T22:34:00,C0228,out,951.55,Grevlo Orzekski,MY,wire
P001737,2026-06-03T22:56:00,C0394,in,2072.40,Grevvic Farelitz,DE,wire
P008408,2026-06-03T23:06:00,C0381,in,259.24,Vedan Nevicyan,AU,card
P008407,2026-06-03T23:09:00,C0117,in,3632.49,Henren Farelitz,VN,wire
P001452,2026-06-03T23:28:00,C0006,in,158.87,Ostvic Marosar,MY,wire
P003253,2026-06-03T23:28:00,C0362,out,930.39,Branriel Cernaov,MY,wire
P005312,2026-06-03T23:43:00,C0351,in,1282.06,Katas Krevoar,GB,wire
P008866,2026-06-03T23:50:00,C0216,in,1327.56,Dorlo Farelar,GB,cash
P001152,2026-06-04T00:34:00,C0364,out,433.16,Nisren Marositz,JP,card
P002732,2026-06-04T00:36:00,C0249,out,1047.28,Veriel Lundraitz,DE,card
P003568,2026-06-04T00:51:00,C0284,in,4490.94,Nistas Orzekski,MY,wire
P004301,2026-06-04T00:54:00,C0038,in,384.94,Katas Aldreitz,GB,wire
P007265,2026-06-04T01:17:00,C0291,out,581.55,Brannek Hanreyan,US,wire
P004815,2026-06-04T01:49:00,C0152,in,12465.75,Felnek Enkoar,XA,wire
P007640,2026-06-04T01:59:00,C0105,out,2904.30,Sevriel Enkoes,GB,wire
P005777,2026-06-04T02:03:00,C0028,out,234.76,Ilynek Cernaar,KR,wire
P007099,2026-06-04T02:04:00,C0221,in,1635.73,Grevvic Farelitz,KR,wire
P008766,2026-06-04T02:12:00,C0082,in,2858.95,Ralnek Enkoyan,DE,wire
P009973,2026-06-04T02:24:00,C0334,in,699.88,Felren Krevoar,US,wire
P011871,2026-06-04T02:33:00,C0211,in,1348.79,Grevtas Jorelitz,MY,wire
P008868,2026-06-04T02:34:00,C0112,in,499.87,Nisdan Ivaskyan,XA,wire
P003974,2026-06-04T03:03:00,C0114,out,1749.33,Ostdan Hanreenko,MY,card
P007003,2026-06-04T03:04:00,C0081,out,1611.69,Nislo Farelitz,XB,wire
P002438,2026-06-04T03:13:00,C0270,out,3521.74,Ilydan Marositz,JP,wire
P006504,2026-06-04T03:16:00,C0330,in,5307.24,Venek Hanreenko,JP,wire
P008476,2026-06-04T03:35:00,C0176,out,255.33,Umivic Orzekski,JP,wire
P001085,2026-06-04T03:41:00,C0321,in,675.05,Osttas Hanreov,JP,wire
P000539,2026-06-04T03:53:00,C0352,out,2332.40,Grevlo Orzekar,KR,wire
P009219,2026-06-04T03:56:00,C0132,out,3739.11,Henren Boskoyan,DE,card
P001266,2026-06-04T04:00:00,C0338,out,4870.24,Nismir Ivaskenko,MY,cash
P008920,2026-06-04T04:09:00,C0309,out,558.93,Felren Orzekul,SG,card
P006820,2026-06-04T04:28:00,C0228,in,618.02,Dordan Orzekitz,DE,cash
P005969,2026-06-04T04:50:00,C0179,in,288.81,Grevmir Boskoenko,DE,card
P004298,2026-06-04T05:17:00,C0330,out,144.71,Taltas Hanreov,SG,wire
P006336,2026-06-04T06:00:00,C0214,in,771.68,Zarnek Ivaskov,MY,card
P002643,2026-06-04T06:01:00,C0276,out,785.46,Branlo Farelar,US,wire
P001050,2026-06-04T06:05:00,C0204,out,331.14,Nisriel Pravinar,GB,wire
P010801,2026-06-04T06:08:00,C0177,in,3633.65,Umitas Davreski,FR,wire
P004228,2026-06-04T06:14:00,C0141,in,1163.09,Fello Cernaitz,DE,wire
P007188,2026-06-04T06:26:00,C0369,out,502.63,Zarvic Orzekenko,SG,wire
P009205,2026-06-04T06:37:00,C0119,in,3715.82,Sevmir Pravinov,DE,wire
P003074,2026-06-04T07:00:00,C0088,in,1608.65,Kadan Nevicov,US,card
P011800,2026-06-04T07:07:00,C0305,in,324.31,Nistas Krevoar,MY,wire
P008275,2026-06-04T07:19:00,C0017,in,898.11,Dortas Jorelyan,AU,card
P002967,2026-06-04T07:28:00,C0231,out,537.03,Zarlo Pravinyan,US,wire
P011841,2026-06-04T07:36:00,C0249,out,147.50,Henlo Joreles,JP,wire
P008621,2026-06-04T07:38:00,C0089,in,535.65,Brantas Boskoar,KR,wire
P009594,2026-06-04T07:50:00,C0070,out,1371.88,Branlo Ivaskenko,KR,cash
P000093,2026-06-04T07:55:00,C0289,in,1348.73,Zarlo Hanreov,AU,card
P005301,2026-06-04T07:56:00,C0039,out,375.94,Umiriel Pravinitz,JP,wire
P009851,2026-06-04T08:00:00,C0266,out,1906.36,Nisnek Nevicul,FR,wire
P001905,2026-06-04T08:13:00,C0319,out,3029.77,Ralnek Enkoyan,FR,card
P006850,2026-06-04T08:17:00,C0138,out,2071.30,Ostdan Pravinyan,GB,card
P002366,2026-06-04T08:22:00,C0078,out,609.38,Branren Nevices,KR,cash
P005242,2026-06-04T08:26:00,C0229,out,118.98,Sevlo Boskoov,KR,wire
P005637,2026-06-04T08:27:00,C0387,in,340.30,Dorren Ivaskenko,FR,card
P003213,2026-06-04T08:31:00,C0074,out,1229.77,Raltas Nevicitz,AU,wire
P006816,2026-06-04T08:44:00,C0353,out,3690.53,Ilynek Jorelitz,SG,wire
P011550,2026-06-04T08:52:00,C0159,out,2349.79,Branlo Cernaenko,AU,wire
P005309,2026-06-04T09:08:00,C0040,in,1874.73,Feldan Lundraes,DE,wire
P005422,2026-06-04T09:11:00,C0388,out,1975.81,Hennek Enkoitz,FR,wire
P004607,2026-06-04T10:00:00,C0348,in,234.45,Kavic Nevicitz,GB,card
P010466,2026-06-04T10:01:00,C0292,out,1321.08,Felren Davreyan,MY,wire
P000361,2026-06-04T10:16:00,C0254,in,597.97,Ostlo Krevoes,XA,wire
P010052,2026-06-04T10:25:00,C0343,out,680.75,Henmir Hanreul,DE,wire
P002705,2026-06-04T10:29:00,C0265,out,3034.15,Sevtas Boskoar,GB,wire
P003390,2026-06-04T10:36:00,C0308,out,11681.88,Feltas Aldreyan,FR,wire
P002580,2026-06-04T10:41:00,C0147,in,1521.97,Ilynek Cernaar,VN,card
P001422,2026-06-04T11:01:00,C0389,in,4181.05,Karen Enkoski,US,card
P005543,2026-06-04T11:16:00,C0276,in,3280.00,Dornek Krevoov,VN,wire
P010157,2026-06-04T11:18:00,C0055,in,765.82,Veren Farelul,JP,wire
P009885,2026-06-04T11:31:00,C0123,out,812.12,Mormir Boskoes,GB,wire
P000538,2026-06-04T11:36:00,C0182,in,1472.26,Zarnek Davrear,US,cash
P008438,2026-06-04T11:59:00,C0194,out,1313.33,Umitas Jorelitz,AU,wire
P007231,2026-06-04T12:15:00,C0107,out,895.85,Veren Farelul,VN,wire
P002818,2026-06-04T12:30:00,C0255,in,2412.48,Nisnek Orzekar,FR,wire
P000558,2026-06-04T12:38:00,C0328,in,2134.39,Umitas Jorelitz,FR,wire
P011115,2026-06-04T12:44:00,C0148,out,672.01,Ilylo Enkoenko,FR,wire
P010321,2026-06-04T13:10:00,C0166,in,2085.75,Ostriel Orzekenko,FR,cash
P000930,2026-06-04T13:14:00,C0254,in,2892.83,Grevriel Davreyan,US,wire
P007860,2026-06-04T13:20:00,C0210,out,227.82,Venek Hanreenko,KR,card
P005358,2026-06-04T13:37:00,C0235,out,1496.84,Zarriel Krevoul,MY,wire
P007168,2026-06-04T13:37:00,C0269,out,685.26,Mordan Gostynenko,KR,wire
P011831,2026-06-04T13:51:00,C0362,out,156.77,Henriel Jorelyan,GB,wire
P002760,2026-06-04T13:54:00,C0338,out,210.64,Zardan Gostynyan,US,wire
P004526,2026-06-04T14:01:00,C0168,in,1591.06,Zarlo Jorelar,DE,cash
P007728,2026-06-04T14:06:00,C0339,in,2556.77,Raltas Marosov,DE,wire
P003147,2026-06-04T14:16:00,C0014,out,4004.13,Mortas Gostynski,SG,card
P009497,2026-06-04T14:21:00,C0186,out,432.04,Felren Gostynul,AU,card
P008765,2026-06-04T14:43:00,C0103,in,2531.32,Ilydan Davreul,US,wire
P011199,2026-06-04T15:07:00,C0070,in,6985.07,Ilyvic Hanreul,VN,wire
P004145,2026-06-04T15:20:00,C0181,out,363.50,Nistas Krevoar,AU,wire
P001623,2026-06-04T15:39:00,C0102,in,1789.47,Talren Boskoski,VN,card
P010772,2026-06-04T15:52:00,C0024,out,1589.21,Sevmir Pravinov,KR,wire
P006064,2026-06-04T15:54:00,C0187,out,2046.22,Umiren Hanreul,DE,card
P001435,2026-06-04T16:07:00,C0301,out,5626.63,Felmir Jorelul,DE,wire
P004610,2026-06-04T16:15:00,C0102,out,714.83,Branmir Hanrees,VN,wire
P001708,2026-06-04T16:19:00,C0211,out,893.27,Zarvic Davreul,XA,wire
P003945,2026-06-04T16:37:00,C0172,in,5021.82,Talriel Farelar,XB,cash
P005586,2026-06-04T16:46:00,C0320,out,5405.27,Felnek Pravinenko,FR,card
P007087,2026-06-04T16:50:00,C0163,out,1917.71,Dortas Joreles,KR,card
P011516,2026-06-04T16:51:00,C0124,out,6484.65,Vedan Pravinenko,VN,wire
P002476,2026-06-04T16:56:00,C0361,out,1110.50,Raltas Orzekes,AU,card
P006277,2026-06-04T16:59:00,C0322,in,2119.42,Sevlo Cernaitz,AU,cash
P004730,2026-06-04T17:03:00,C0398,in,4027.67,Ilydan Gostynski,US,card
P005996,2026-06-04T17:06:00,C0230,in,734.63,Katas Gostynenko,KR,wire
P009220,2026-06-04T17:24:00,C0080,out,450.61,Veriel Lundraenko,FR,wire
P008393,2026-06-04T17:25:00,C0179,out,1106.64,Taltas Jorelar,FR,wire
P010921,2026-06-04T17:37:00,C0312,in,7746.41,Umilo Boskoenko,KR,wire
P003583,2026-06-04T17:58:00,C0309,out,3977.70,Ilyvic Davreenko,AU,wire
P004229,2026-06-04T18:00:00,C0162,in,648.58,Dornek Boskoski,MY,wire
P003359,2026-06-04T18:09:00,C0031,in,3562.38,Veren Farelul,US,wire
P007147,2026-06-04T18:16:00,C0210,out,1597.29,Umilo Cernaski,US,card
P000060,2026-06-04T18:25:00,C0368,out,1620.92,Hennek Lundraov,KR,card
P000602,2026-06-04T18:25:00,C0268,in,283.86,Kadan Marositz,SG,wire
P004581,2026-06-04T18:26:00,C0021,in,269.46,Umilo Hanrear,JP,cash
P004998,2026-06-04T18:27:00,C0285,out,4814.10,Ilymir Davrear,FR,wire
P000816,2026-06-04T18:45:00,C0353,out,3778.08,Nislo Farelitz,VN,cash
P002937,2026-06-04T18:52:00,C0303,out,1371.36,Grevdan Krevoar,DE,cash
P004462,2026-06-04T19:02:00,C0396,in,279.31,Felnek Boskoov,MY,wire
P005223,2026-06-04T19:14:00,C0004,in,240.89,Henlo Joreles,AU,card
P008450,2026-06-04T19:18:00,C0383,out,13413.80,Katas Farelul,AU,wire
P010478,2026-06-04T19:19:00,C0358,out,417.57,Nisren Marosov,MY,card
P002599,2026-06-04T19:27:00,C0350,out,99.45,Kavic Aldreul,JP,wire
P011234,2026-06-04T19:27:00,C0291,in,1960.74,Umiriel Pravinitz,US,wire
P009664,2026-06-04T19:36:00,C0152,in,3981.82,Zarvic Orzekenko,KR,card
P001421,2026-06-04T19:37:00,C0165,out,615.99,Ostriel Lundraul,DE,card
P006351,2026-06-04T19:42:00,C0203,out,486.71,Talmir Maroses,JP,wire
P007750,2026-06-04T19:42:00,C0090,in,965.94,Sevdan Ivaskitz,KR,wire
P011695,2026-06-04T19:48:00,C0075,out,652.51,Vetas Hanreov,US,wire
P003054,2026-06-04T20:08:00,C0063,in,221.76,Nisriel Cernaski,DE,wire
P009354,2026-06-04T20:16:00,C0250,out,778.81,Hennek Jorelyan,XC,wire
P000048,2026-06-04T20:21:00,C0016,out,672.75,Katas Gostynenko,SG,card
P002170,2026-06-04T20:24:00,C0340,out,640.73,Raldan Marosyan,US,cash
P011675,2026-06-04T20:43:00,C0333,in,1428.02,Nisnek Cernaov,DE,wire
P008971,2026-06-04T20:50:00,C0361,in,910.85,Ralmir Jorelenko,GB,wire
P009653,2026-06-04T21:05:00,C0213,in,328.92,Zarlo Nevicyan,SG,card
P000191,2026-06-04T21:15:00,C0160,in,937.23,Ostvic Davrear,SG,cash
P004670,2026-06-04T21:18:00,C0212,out,1098.93,Zarmir Krevoski,VN,wire
P010440,2026-06-04T21:27:00,C0025,out,372.73,Branlo Enkoyan,JP,wire
P000104,2026-06-04T21:43:00,C0087,out,692.84,Morvic Hanreitz,KR,wire
P010573,2026-06-04T21:47:00,C0221,in,2194.45,Ostren Aldreov,MY,wire
P003897,2026-06-04T21:57:00,C0145,in,1038.01,Brannek Hanreyan,FR,wire
P000147,2026-06-04T22:17:00,C0309,in,1079.55,Hentas Krevoul,VN,wire
P008597,2026-06-04T22:17:00,C0366,in,85.73,Hennek Enkoitz,GB,cash
P011061,2026-06-04T22:21:00,C0274,in,310.90,Felnek Pravinenko,KR,wire
P010647,2026-06-04T22:38:00,C0373,in,430.95,Dormir Lundraes,JP,wire
P006479,2026-06-04T23:06:00,C0330,in,5407.24,Branren Davreyan,SG,cash
P001574,2026-06-04T23:13:00,C0059,in,6142.84,Ostriel Hanreitz,JP,card
P003691,2026-06-04T23:15:00,C0130,out,854.52,Ilytas Aldrear,US,card
P010829,2026-06-04T23:35:00,C0393,in,560.18,Ostren Lundraitz,GB,wire
P006078,2026-06-04T23:38:00,C0172,in,1620.90,Branlo Krevoenko,SG,wire
P011358,2026-06-05T00:26:00,C0025,in,6648.92,Ostnek Boskoitz,KR,cash
P009894,2026-06-05T00:33:00,C0221,in,606.54,Dordan Lundraar,GB,cash
P007336,2026-06-05T00:40:00,C0247,out,395.35,Kadan Boskoov,FR,wire
P009900,2026-06-05T01:04:00,C0014,out,4407.43,Vevic Orzekul,GB,cash
P000215,2026-06-05T01:06:00,C0211,out,269.84,Henmir Marosenko,DE,card
P009962,2026-06-05T01:15:00,C0219,out,624.48,Hennek Gostynitz,VN,wire
P006888,2026-06-05T01:17:00,C0283,out,2605.08,Talmir Krevoul,AU,wire
P007423,2026-06-05T01:19:00,C0215,in,438.62,Zarvic Nevicov,JP,wire
P010143,2026-06-05T01:31:00,C0025,in,1884.41,Raltas Aldreenko,JP,wire
P002264,2026-06-05T01:40:00,C0258,out,5127.93,Kariel Enkoov,JP,wire
P001167,2026-06-05T01:42:00,C0004,out,459.66,Zarnek Ivaskul,FR,wire
P007205,2026-06-05T01:48:00,C0073,out,608.02,Vetas Hanreov,AU,wire
P002380,2026-06-05T01:49:00,C0002,out,688.78,Grevlo Boskoski,JP,wire
P000937,2026-06-05T01:51:00,C0159,in,114.68,Nisnek Boskoenko,US,card
P002267,2026-06-05T01:58:00,C0226,in,565.15,Kariel Orzekski,DE,wire
P011902,2026-06-05T02:01:00,C0249,out,874.62,Zarlo Jorelar,KR,wire
P009439,2026-06-05T02:10:00,C0091,in,573.59,Felnek Boskoov,MY,card
P009995,2026-06-05T02:45:00,C0138,in,165.10,Ostvic Davrear,VN,wire
P010401,2026-06-05T03:06:00,C0303,out,2111.96,Henren Ivaskes,DE,wire
P000434,2026-06-05T03:13:00,C0332,out,265.69,Sevdan Pravinitz,KR,card
P009124,2026-06-05T03:13:00,C0355,out,3612.95,Sevdan Pravinenko,FR,card
P007420,2026-06-05T03:21:00,C0087,in,412.56,Vedan Farelar,GB,wire
P011822,2026-06-05T03:44:00,C0097,in,1394.78,Dorvic Farelenko,KR,card
P011612,2026-06-05T04:04:00,C0141,out,2159.07,Sevmir Krevoitz,US,wire
P006571,2026-06-05T04:07:00,C0129,in,528.13,Branren Nevicyan,VN,wire
P008881,2026-06-05T04:21:00,C0226,in,898.91,Hendan Boskoul,XC,wire
P008559,2026-06-05T05:02:00,C0007,out,1606.17,Veren Boskoitz,DE,card
P007701,2026-06-05T05:05:00,C0014,in,1649.48,Felriel Aldreov,VN,wire
P008419,2026-06-05T05:08:00,C0316,out,734.16,Kamir Hanreyan,AU,wire
P011504,2026-06-05T05:09:00,C0147,in,2632.18,Mormir Hanreov,VN,wire
P006702,2026-06-05T05:10:00,C0251,in,1304.93,Branvic Cernaski,FR,wire
P003105,2026-06-05T05:25:00,C0285,in,893.13,Dormir Farelski,DE,cash
P007548,2026-06-05T05:34:00,C0240,in,1381.67,Vemir Jorelenko,GB,wire
P010863,2026-06-05T05:35:00,C0132,in,528.37,Nismir Ivaskenko,JP,cash
P000936,2026-06-05T05:48:00,C0097,in,2222.68,Felmir Ivaskenko,GB,card
P005102,2026-06-05T05:51:00,C0286,in,1304.90,Vedan Jorelov,AU,wire
P002734,2026-06-05T06:03:00,C0157,in,987.24,Henlo Davreul,XB,card
P001558,2026-06-05T06:12:00,C0106,out,2193.33,Sevlo Maroses,MY,wire
P005504,2026-06-05T06:14:00,C0386,in,1372.79,Sevren Jorelenko,GB,wire
P001521,2026-06-05T06:33:00,C0095,in,9064.54,Vetas Farelenko,JP,cash
P009516,2026-06-05T06:34:00,C0355,in,1781.24,Velo Pravinenko,GB,wire
P001342,2026-06-05T06:38:00,C0365,out,655.04,Kamir Enkoyan,DE,wire
P005338,2026-06-05T06:52:00,C0331,in,514.09,Kalo Krevoar,JP,cash
P005808,2026-06-05T06:57:00,C0222,in,686.70,Nisriel Cernaski,FR,wire
P003102,2026-06-05T06:59:00,C0271,in,694.87,Ralriel Gostynov,FR,card
P010100,2026-06-05T07:07:00,C0007,in,112.37,Nisren Boskoenko,KR,wire
P008480,2026-06-05T07:20:00,C0250,in,2022.32,Mordan Enkoes,SG,wire
P008794,2026-06-05T07:21:00,C0038,in,1020.76,Sevnek Orzekski,DE,wire
P010091,2026-06-05T07:25:00,C0339,in,1400.15,Ilymir Davrear,DE,wire
P005687,2026-06-05T07:30:00,C0362,in,1503.79,Raltas Farelitz,US,wire
P000403,2026-06-05T07:56:00,C0324,out,4310.42,Dornek Krevoov,FR,card
P005583,2026-06-05T07:57:00,C0034,out,388.28,Veren Cernaar,FR,card
P009662,2026-06-05T08:21:00,C0076,out,1157.81,Dorvic Farelenko,KR,wire
P004857,2026-06-05T08:22:00,C0088,in,424.13,Fello Boskoitz,FR,wire
P000557,2026-06-05T08:36:00,C0295,out,1977.05,Ilyriel Boskoenko,KR,wire
P008815,2026-06-05T08:42:00,C0133,in,478.49,Ilytas Ivaskitz,KR,wire
P002259,2026-06-05T08:54:00,C0125,out,1965.24,Kamir Pravinar,SG,wire
P006199,2026-06-05T08:54:00,C0268,in,2392.19,Talvic Ivaskitz,KR,wire
P009388,2026-06-05T09:21:00,C0378,in,442.32,Hentas Gostynitz,KR,wire
P003817,2026-06-05T09:48:00,C0302,out,578.60,Ralnek Lundraenko,GB,cash
P001873,2026-06-05T09:57:00,C0290,in,218.65,Zarvic Boskoyan,MY,card
P003713,2026-06-05T10:17:00,C0326,in,701.77,Veren Lundraar,DE,wire
P009682,2026-06-05T10:46:00,C0165,out,764.23,Raltas Joreles,DE,wire
P003372,2026-06-05T10:54:00,C0197,in,411.28,Felvic Gostynyan,US,wire
P011812,2026-06-05T10:57:00,C0038,out,3863.91,Morvic Aldrear,GB,card
P002481,2026-06-05T10:59:00,C0062,out,460.51,Umilo Boskoenko,GB,wire
P007598,2026-06-05T11:06:00,C0244,out,1086.41,Sevnek Ivaskar,XC,wire
P007821,2026-06-05T11:10:00,C0123,out,319.32,Hennek Lundraov,MY,wire
P011756,2026-06-05T11:22:00,C0234,in,585.36,Felmir Jorelul,XB,wire
P003013,2026-06-05T11:23:00,C0106,in,1295.12,Kalo Boskosenko,JP,wire
P004595,2026-06-05T11:33:00,C0272,in,2767.54,Osttas Farelul,JP,cash
P006677,2026-06-05T11:37:00,C0289,in,419.46,Grevvic Davreski,SG,wire
P008520,2026-06-05T11:43:00,C0295,in,802.72,Nismir Krevoar,GB,wire
P004830,2026-06-05T11:48:00,C0335,out,457.81,Kariel Enkoov,FR,cash
P003280,2026-06-05T12:21:00,C0025,in,814.79,Dorriel Krevoyan,SG,cash
P009830,2026-06-05T12:49:00,C0374,in,1840.39,Ralnek Lundraenko,VN,wire
P009003,2026-06-05T12:58:00,C0019,in,1040.02,Nisdan Davrees,GB,cash
P010981,2026-06-05T13:21:00,C0167,out,1301.37,Velo Ivaskar,MY,wire
P011987,2026-06-05T13:25:00,C0142,in,1025.91,Grevlo Boskoitz,SG,card
P009438,2026-06-05T13:32:00,C0288,in,619.75,Ostvic Lundraenko,AU,card
P001459,2026-06-05T13:34:00,C0119,out,742.88,Nislo Nevicov,US,wire
P002721,2026-06-05T13:59:00,C0205,out,2223.04,Hentas Krevoul,GB,wire
P006802,2026-06-05T14:37:00,C0106,out,908.60,Ralren Fareles,SG,wire
P000758,2026-06-05T14:38:00,C0247,in,3673.44,Ostriel Davreski,AU,card
P003804,2026-06-05T14:39:00,C0208,in,2176.60,Grevmir Cernaov,JP,wire
P007718,2026-06-05T14:44:00,C0237,in,1180.85,Ostlo Jorelenko,AU,cash
P009398,2026-06-05T14:58:00,C0261,in,2210.53,Brantas Boskoitz,SG,wire
P011940,2026-06-05T15:01:00,C0000,in,2905.83,Nisren Orzekov,DE,wire
P002019,2026-06-05T15:16:00,C0285,in,417.38,Umimir Boskoenko,GB,wire
P009477,2026-06-05T15:45:00,C0280,in,965.47,Ilymir Cernaul,MY,card
P006228,2026-06-05T16:50:00,C0126,out,415.12,Zarriel Marositz,SG,wire
P000222,2026-06-05T16:54:00,C0306,out,424.86,Ralren Hanreyan,DE,card
P007368,2026-06-05T16:54:00,C0202,out,6278.30,Umimir Boskoenko,SG,cash
P008425,2026-06-05T16:55:00,C0233,in,430.43,Ralnek Enkoyan,AU,wire
P000505,2026-06-05T16:59:00,C0132,out,3136.63,Osttas Enkoul,DE,cash
P003963,2026-06-05T17:04:00,C0054,out,4604.99,Talren Nevicov,SG,wire
P005549,2026-06-05T17:19:00,C0146,out,1618.31,Kavic Enkoov,US,wire
P002460,2026-06-05T17:39:00,C0377,out,840.28,Osttas Lundraar,KR,card
P005782,2026-06-05T17:41:00,C0172,out,2483.59,Katas Aldreitz,DE,wire
P006100,2026-06-05T18:00:00,C0154,in,1651.83,Kariel Orzekski,VN,wire
P003427,2026-06-05T18:01:00,C0070,out,5053.33,Dorriel Krevoyan,GB,wire
P008488,2026-06-05T18:10:00,C0065,in,348.57,Osttas Boskoyan,VN,wire
P000864,2026-06-05T18:13:00,C0167,out,220.34,Zarlo Hanreov,KR,card
P005089,2026-06-05T18:33:00,C0182,in,550.35,Zarlo Hanreov,KR,wire
P003321,2026-06-05T18:47:00,C0327,out,953.08,Branriel Lundraenko,AU,wire
P011412,2026-06-05T19:16:00,C0247,in,4324.07,Henren Hanreov,FR,wire
P010979,2026-06-05T19:18:00,C0081,in,218.33,Ostriel Orzekenko,GB,wire
P008669,2026-06-05T19:20:00,C0180,in,297.60,Brandan Hanreitz,VN,cash
P009248,2026-06-05T19:27:00,C0385,in,2970.58,Grevlo Boskoski,MY,card
P009953,2026-06-05T19:33:00,C0318,in,847.24,Veriel Jorelenko,XA,wire
P010845,2026-06-05T19:35:00,C0077,out,669.12,Hennek Davreski,FR,wire
P010758,2026-06-05T19:50:00,C0203,out,664.68,Talnek Pravines,KR,wire
P011567,2026-06-05T19:57:00,C0175,in,1165.78,Umitas Jorelitz,FR,cash
P001307,2026-06-05T20:31:00,C0001,in,288.03,Grevren Lundrayan,KR,wire
P003864,2026-06-05T20:34:00,C0173,out,3074.84,Henlo Davreul,SG,wire
P005960,2026-06-05T20:44:00,C0165,out,581.51,Kavic Gostynski,VN,wire
P000083,2026-06-05T20:49:00,C0154,out,567.54,Grevlo Boskoski,SG,card
P005025,2026-06-05T20:53:00,C0287,in,1192.14,Talren Krevoenko,JP,cash
P007989,2026-06-05T21:03:00,C0147,in,728.00,Vetas Boskoyenko,KR,cash
P009828,2026-06-05T21:04:00,C0140,out,1106.45,Umiriel Davrear,AU,card
P009427,2026-06-05T21:18:00,C0230,in,666.64,Brandan Pravinul,VN,wire
P006259,2026-06-05T21:22:00,C0330,in,1515.93,Ralmir Cernaski,DE,cash
P008472,2026-06-05T21:59:00,C0395,out,2872.17,Ilyriel Jorelar,SG,wire
P005019,2026-06-05T22:01:00,C0109,out,1420.95,Branlo Krevoenko,KR,wire
P007828,2026-06-05T22:13:00,C0378,in,288.32,Kadan Lundraes,KR,card
P002435,2026-06-05T22:26:00,C0344,out,535.05,Zarren Fareles,US,wire
P000217,2026-06-05T22:35:00,C0356,out,439.38,Kalo Cernaes,FR,wire
P008544,2026-06-05T22:37:00,C0350,out,630.84,Umilo Davreitz,KR,wire
P011785,2026-06-05T22:50:00,C0005,out,530.02,Veriel Lundraar,MY,card
P007856,2026-06-05T23:13:00,C0194,in,1208.53,Henlo Davreul,AU,cash
P009951,2026-06-05T23:25:00,C0186,in,1221.76,Grevvic Farelitz,DE,card
P007801,2026-06-05T23:29:00,C0379,out,889.12,Veren Farelul,US,wire
P004245,2026-06-05T23:42:00,C0167,out,909.61,Morren Lundraul,SG,wire
P004405,2026-06-06T00:10:00,C0199,out,1282.19,Kavic Gostynyan,SG,wire
P001630,2026-06-06T00:29:00,C0074,out,301.22,Henmir Marosenko,AU,wire
P008819,2026-06-06T00:39:00,C0158,in,612.09,Dordan Cernaes,GB,wire
P007808,2026-06-06T00:41:00,C0018,out,3375.44,Mortas Gostynski,DE,cash
P003996,2026-06-06T01:02:00,C0136,in,1966.13,Zarren Pravinitz,DE,wire
P009790,2026-06-06T01:02:00,C0232,in,838.19,Morlo Cernaitz,GB,card
P008704,2026-06-06T01:07:00,C0086,out,629.05,Ilymir Enkoar,JP,wire
P000932,2026-06-06T01:09:00,C0002,out,1100.95,Veren Ivaskul,JP,wire
P000961,2026-06-06T01:13:00,C0157,out,1693.33,Feltas Orzekski,DE,wire
P009130,2026-06-06T01:55:00,C0230,out,2694.84,Ralriel Aldrees,FR,wire
P000725,2026-06-06T02:23:00,C0333,in,651.06,Rallo Gostynitz,KR,card
P002052,2026-06-06T02:36:00,C0157,out,476.59,Nisren Davrear,GB,card
P008803,2026-06-06T02:54:00,C0138,out,1219.91,Grevlo Orzekski,US,wire
P004213,2026-06-06T03:12:00,C0108,in,1024.76,Kavic Lundraenko,KR,cash
P002384,2026-06-06T03:16:00,C0024,out,194.45,Branriel Enkoar,GB,wire
P003706,2026-06-06T03:58:00,C0133,out,603.62,Ilytas Davreenko,FR,wire
P000773,2026-06-06T04:23:00,C0372,out,2470.10,Ilynek Jorelitz,VN,wire
P004157,2026-06-06T04:30:00,C0214,in,316.27,Henmir Davreov,US,wire
P000643,2026-06-06T04:38:00,C0285,in,375.22,Zardan Farelitz,US,wire
P002585,2026-06-06T04:45:00,C0175,out,1348.70,Dorren Ivaskyan,VN,card
P008955,2026-06-06T04:49:00,C0253,in,181.13,Henriel Cernaes,US,wire
P009267,2026-06-06T04:50:00,C0339,out,12452.35,Talren Pravinar,JP,wire
P003312,2026-06-06T04:56:00,C0277,out,16309.75,Sevtas Lundraitz,SG,wire
P002954,2026-06-06T05:14:00,C0391,in,5616.85,Zarren Fareles,DE,wire
P005462,2026-06-06T05:28:00,C0331,out,795.40,Ostlo Pravinski,US,wire
P002174,2026-06-06T05:30:00,C0126,out,646.48,Ilymir Nevicov,GB,wire
P008523,2026-06-06T05:30:00,C0174,out,1132.32,Zartas Farelyan,US,card
P010931,2026-06-06T05:30:00,C0106,in,147.00,Zarlo Hanreov,JP,card
P002109,2026-06-06T05:39:00,C0291,in,326.94,Taltas Aldreov,VN,wire
P008992,2026-06-06T06:08:00,C0363,out,147.23,Osttas Farelul,US,card
P006652,2026-06-06T06:10:00,C0177,in,478.91,Rallo Krevoov,XC,wire
P005250,2026-06-06T06:11:00,C0214,out,3212.28,Taldan Lundraes,MY,wire
P002001,2026-06-06T06:14:00,C0297,out,1395.11,Henren Boskoes,MY,card
P003640,2026-06-06T06:27:00,C0159,in,228.95,Dorvic Krevoenko,JP,wire
P005061,2026-06-06T06:42:00,C0275,in,579.85,Taltas Hanrees,MY,wire
P000329,2026-06-06T06:48:00,C0121,in,328.60,Hendan Gostynov,AU,wire
P008248,2026-06-06T07:07:00,C0390,in,674.61,Morriel Marositz,FR,card
P005510,2026-06-06T07:20:00,C0029,in,1060.65,Mornek Ivaskyan,FR,wire
P008581,2026-06-06T07:29:00,C0316,out,384.89,Veren Maroses,US,wire
P008953,2026-06-06T07:30:00,C0230,out,1993.57,Umimir Boskoenko,AU,card
P002980,2026-06-06T07:36:00,C0173,out,1723.98,Felmir Jorelul,JP,wire
P002837,2026-06-06T07:43:00,C0237,out,4562.22,Henlo Ivaskski,MY,wire
P007004,2026-06-06T07:48:00,C0341,out,3077.13,Rallo Krevoov,US,card
P010816,2026-06-06T07:50:00,C0206,in,472.06,Felren Orzekul,DE,wire
P004820,2026-06-06T08:33:00,C0354,out,745.98,Branlo Ivaskenko,AU,wire
P006493,2026-06-06T08:34:00,C0220,out,1647.37,Ralriel Aldrees,MY,wire
P007096,2026-06-06T08:41:00,C0331,out,5954.21,Feldan Lundraes,DE,cash
P010202,2026-06-06T08:44:00,C0020,in,1901.53,Morriel Cernaenko,XB,wire
P005225,2026-06-06T08:46:00,C0348,out,227.74,Brantas Enkoov,MY,wire
P001973,2026-06-06T08:49:00,C0113,out,380.52,Ostlo Jorelar,MY,wire
P008156,2026-06-06T08:53:00,C0028,in,2070.15,Rallo Enkoar,DE,wire
P000129,2026-06-06T08:56:00,C0099,in,2339.08,Grevlo Ivaskes,DE,wire
P004623,2026-06-06T09:02:00,C0034,out,1617.15,Raltas Marosov,DE,card
P008725,2026-06-06T09:08:00,C0202,in,176.26,Grevren Enkoitz,AU,wire
P009072,2026-06-06T09:11:00,C0034,in,211.91,Nisren Marosov,US,wire
P000289,2026-06-06T09:15:00,C0333,in,169.70,Vemir Farelyan,VN,wire
P002008,2026-06-06T09:35:00,C0336,in,686.28,Grevren Gostynes,SG,card
P008259,2026-06-06T09:42:00,C0244,in,7574.66,Ostvic Marosar,MY,wire
P001879,2026-06-06T10:03:00,C0123,out,3607.83,Zarren Pravinitz,FR,card
P006254,2026-06-06T10:12:00,C0009,out,2095.77,Henriel Aldreyan,SG,card
P002212,2026-06-06T10:29:00,C0274,out,1919.21,Feldan Boskoov,US,wire
P007480,2026-06-06T10:40:00,C0395,in,5640.08,Umilo Orzekyan,FR,card
P011330,2026-06-06T10:45:00,C0151,in,243.63,Osttas Nevicenko,FR,wire
P002952,2026-06-06T10:50:00,C0121,out,3448.10,Ostdan Gostynov,FR,card
P008654,2026-06-06T10:55:00,C0172,in,2712.74,Hennek Lundraov,JP,wire
P012040,2026-06-06T11:00:00,C0204,in,9165.26,Felmir Gostynenko,US,cash
P001545,2026-06-06T11:04:00,C0377,out,591.01,Branvic Boskoitz,FR,wire
P001131,2026-06-06T11:14:00,C0095,out,571.29,Morriel Cernaenko,AU,cash
P006271,2026-06-06T11:26:00,C0317,out,545.52,Ostlo Orzekar,FR,card
P006508,2026-06-06T11:51:00,C0302,in,461.33,Ralren Hanreyan,KR,wire
P005224,2026-06-06T11:57:00,C0078,in,9100.51,Dorlo Maroses,FR,wire
P001116,2026-06-06T12:12:00,C0381,out,1486.98,Vedan Hanreov,SG,wire
P008724,2026-06-06T12:38:00,C0241,in,549.31,Ostdan Farelski,US,card
P009929,2026-06-06T12:53:00,C0350,in,1285.14,Veren Farelitz,MY,wire
P001110,2026-06-06T13:11:00,C0372,in,259.45,Ostdan Pravinyan,FR,wire
P006146,2026-06-06T13:13:00,C0127,out,4619.20,Veren Marosar,VN,wire
P003591,2026-06-06T13:21:00,C0022,in,1580.74,Grevdan Hanreov,VN,wire
P000683,2026-06-06T13:29:00,C0212,in,1130.61,Ilymir Marosar,DE,wire
P007522,2026-06-06T13:34:00,C0106,out,775.18,Veren Pravinyan,FR,card
P005232,2026-06-06T13:41:00,C0053,in,483.47,Dorvic Farelenko,VN,wire
P002340,2026-06-06T13:54:00,C0205,out,829.17,Dormir Aldreyan,SG,card
P004139,2026-06-06T14:03:00,C0092,out,6168.84,Osttas Farelitz,AU,wire
P011587,2026-06-06T14:08:00,C0299,in,3835.56,Zardan Marosski,US,wire
P008879,2026-06-06T14:21:00,C0226,out,2166.28,Branren Cernaenko,MY,wire
P009892,2026-06-06T14:56:00,C0199,out,235.29,Osttas Farelitz,SG,wire
P004586,2026-06-06T14:57:00,C0021,in,726.77,Zardan Gostynyan,SG,wire
P002316,2026-06-06T14:58:00,C0341,in,701.63,Dortas Boskoov,JP,wire
P010980,2026-06-06T15:56:00,C0019,out,1916.77,Branmir Ivaskul,SG,wire
P007582,2026-06-06T16:06:00,C0253,in,642.71,Kamir Farelul,DE,card
P010629,2026-06-06T16:17:00,C0027,out,486.29,Nisren Marositz,DE,wire
P011433,2026-06-06T16:32:00,C0162,out,6932.16,Dorvic Farelenko,AU,wire
P007262,2026-06-06T16:46:00,C0135,in,1519.13,Ostriel Hanreitz,KR,wire
P004007,2026-06-06T17:03:00,C0358,in,376.68,Zarren Nevicenko,SG,wire
P006270,2026-06-06T17:05:00,C0057,in,3150.51,Morriel Aldreyan,GB,cash
P010728,2026-06-06T17:05:00,C0186,in,3225.00,Nisnek Krevoitz,FR,wire
P006875,2026-06-06T17:32:00,C0055,in,10936.55,Grevlo Orzekar,SG,cash
P011738,2026-06-06T17:38:00,C0120,out,657.58,Ostnek Nevicenko,AU,cash
P009773,2026-06-06T17:44:00,C0012,out,8360.27,Sevtas Boskoar,VN,card
P003287,2026-06-06T17:55:00,C0059,in,2310.37,Zarmir Orzekar,GB,wire
P006554,2026-06-06T17:57:00,C0046,out,429.98,Henriel Cernaes,KR,cash
P009346,2026-06-06T18:38:00,C0141,in,414.37,Kadan Nevicov,US,cash
P000134,2026-06-06T19:03:00,C0320,out,2011.59,Grevlo Gostynes,SG,card
P003856,2026-06-06T19:04:00,C0381,in,607.82,Talmir Maroses,VN,card
P003110,2026-06-06T19:06:00,C0208,in,319.87,Kamir Hanreyan,AU,card
P001525,2026-06-06T19:11:00,C0353,in,898.59,Zarvic Davreul,JP,card
P005802,2026-06-06T19:24:00,C0356,in,922.09,Sevnek Orzekitz,JP,wire
P001788,2026-06-06T19:42:00,C0079,out,3375.62,Ralvic Jorelenko,XA,wire
P006331,2026-06-06T19:52:00,C0194,in,2672.31,Sevnek Orzekar,FR,wire
P002773,2026-06-06T20:04:00,C0355,in,720.06,Nisvic Enkoitz,US,wire
P002709,2026-06-06T20:08:00,C0319,out,1116.09,Felren Ivaskes,DE,wire
P009080,2026-06-06T20:10:00,C0351,in,660.61,Zarnek Cernasenko,FR,wire
P009768,2026-06-06T20:23:00,C0309,out,5254.12,Nisdan Farelenko,SG,card
P003068,2026-06-06T20:30:00,C0133,in,248.02,Osttas Farelitz,US,card
P004024,2026-06-06T21:03:00,C0326,out,611.85,Veren Farelitz,GB,card
P008166,2026-06-06T21:10:00,C0327,in,1922.48,Dorvic Enkoul,AU,wire
P001510,2026-06-06T21:19:00,C0290,in,1918.85,Zarlo Cernaar,JP,wire
P010413,2026-06-06T21:24:00,C0102,in,452.05,Henriel Aldreyan,JP,wire
P006886,2026-06-06T21:27:00,C0225,out,1829.30,Ilymir Enkoar,KR,cash
P005606,2026-06-06T21:40:00,C0283,out,3075.50,Zarvic Orzekenko,AU,wire
P001160,2026-06-06T21:50:00,C0374,out,690.03,Rallo Pravinenko,MY,wire
P006764,2026-06-06T22:00:00,C0121,out,203.92,Veriel Nevicov,GB,wire
P003447,2026-06-06T22:01:00,C0377,out,314.13,Dortas Jorelyan,XB,wire
P006179,2026-06-06T22:08:00,C0156,out,2477.81,Ralnek Orzekul,SG,wire
P006405,2026-06-06T22:14:00,C0202,out,4744.21,Hendan Hanreski,XC,card
P002423,2026-06-06T22:17:00,C0084,in,15827.54,Umilo Orzekar,US,card
P008346,2026-06-06T22:18:00,C0055,in,902.24,Taldan Marosov,GB,wire
P010623,2026-06-06T23:00:00,C0178,out,781.27,Katas Lundraenko,KR,card
P008584,2026-06-06T23:04:00,C0143,out,2854.27,Ralren Pravines,AU,wire
P010672,2026-06-06T23:39:00,C0306,out,1054.94,Ostlo Krevoes,SG,card
P010585,2026-06-06T23:43:00,C0041,out,1564.73,Mordan Enkoes,KR,wire
P007628,2026-06-07T00:06:00,C0034,in,3758.02,Talren Nevicov,JP,card
P005509,2026-06-07T00:09:00,C0133,out,347.59,Hentas Hanreul,US,wire
P007649,2026-06-07T00:15:00,C0111,in,1554.07,Zarnek Ivaskov,FR,wire
P002765,2026-06-07T00:16:00,C0062,out,473.63,Feldan Boskoov,SG,wire
P009655,2026-06-07T00:20:00,C0273,in,164.11,Ralmir Cernaski,FR,wire
P005934,2026-06-07T00:33:00,C0066,in,379.25,Zartas Ivaskul,JP,wire
P003916,2026-06-07T00:51:00,C0271,out,2594.97,Henmir Krevoyan,KR,wire
P006860,2026-06-07T00:51:00,C0296,out,832.91,Nismir Nevicenko,GB,card
P010194,2026-06-07T00:56:00,C0131,out,1114.63,Nisdan Ivaskyan,FR,wire
P011935,2026-06-07T00:58:00,C0137,in,8238.91,Zarriel Krevoul,SG,wire
P007015,2026-06-07T01:18:00,C0194,out,1414.03,Ostlo Jorelenko,SG,card
P005123,2026-06-07T01:19:00,C0050,in,785.15,Nisriel Pravinar,DE,wire
P000561,2026-06-07T01:27:00,C0288,in,2104.48,Rallo Ivaskenko,AU,wire
P006959,2026-06-07T01:28:00,C0365,in,2053.50,Henvic Jorelitz,AU,card
P002783,2026-06-07T01:36:00,C0221,in,647.72,Felriel Hanreov,XA,card
P008088,2026-06-07T01:55:00,C0093,in,343.23,Veriel Krevoitz,JP,wire
P001705,2026-06-07T02:04:00,C0334,in,1341.95,Nislo Gostynitz,FR,cash
P002661,2026-06-07T02:15:00,C0056,in,4469.56,Grevvic Marosov,AU,wire
P010307,2026-06-07T02:44:00,C0198,in,868.37,Talren Nevicov,AU,card
P007568,2026-06-07T03:07:00,C0207,in,1068.23,Kadan Davrees,DE,wire
P011335,2026-06-07T03:07:00,C0007,out,417.29,Zarriel Farelyan,AU,card
P006149,2026-06-07T03:09:00,C0072,in,730.19,Sevvic Ivaskes,US,wire
P003284,2026-06-07T03:15:00,C0006,out,361.59,Kanek Davreski,AU,wire
P007118,2026-06-07T03:46:00,C0302,in,405.21,Dorlo Maroses,MY,wire
P008074,2026-06-07T03:48:00,C0069,out,163.14,Nisren Aldreski,VN,wire
P002584,2026-06-07T03:52:00,C0073,out,205.01,Hennek Gostynitz,US,card
P009645,2026-06-07T03:59:00,C0143,in,988.85,Zarnek Lundrayan,SG,wire
P006538,2026-06-07T04:20:00,C0107,in,527.35,Sevriel Enkoes,GB,card
P004992,2026-06-07T04:29:00,C0021,in,381.14,Ralnek Lundraul,DE,wire
P005125,2026-06-07T04:46:00,C0338,in,142.18,Dorren Hanrear,FR,wire
P005972,2026-06-07T05:00:00,C0148,in,399.18,Henlo Ivaskski,AU,cash
P005806,2026-06-07T05:01:00,C0237,in,114.34,Mortas Gostynski,VN,wire
P007853,2026-06-07T05:02:00,C0066,in,1359.58,Sevtas Enkoar,JP,card
P009505,2026-06-07T05:04:00,C0172,out,2301.33,Grevlo Orzekar,JP,wire
P004323,2026-06-07T05:09:00,C0140,in,932.84,Ilytas Davreov,US,wire
P010082,2026-06-07T05:10:00,C0344,out,1296.09,Morlo Krevoenko,FR,wire
P004456,2026-06-07T05:32:00,C0109,out,3032.22,Nisriel Pravinar,VN,wire
P008691,2026-06-07T05:33:00,C0132,in,663.94,Henren Hanreov,FR,card
P011351,2026-06-07T05:34:00,C0106,in,2041.73,Zarriel Krevoitz,SG,wire
P005456,2026-06-07T05:39:00,C0152,in,4153.74,Sevriel Farelenko,KR,wire
P006002,2026-06-07T05:46:00,C0163,out,2192.23,Ostdan Fareles,DE,wire
P008999,2026-06-07T05:49:00,C0148,out,2780.25,Branvic Pravinyan,GB,card
P008863,2026-06-07T05:51:00,C0162,in,2608.16,Zarnek Ivaskul,KR,card
P010555,2026-06-07T05:55:00,C0324,out,429.61,Ilytas Hanreski,FR,wire
P000476,2026-06-07T06:26:00,C0399,out,2085.70,Ostvic Boskoski,MY,wire
P010559,2026-06-07T06:33:00,C0362,in,2858.42,Branriel Enkoar,GB,wire
P006084,2026-06-07T06:43:00,C0196,out,9713.41,Grevren Nevicienko,AU,wire
P001354,2026-06-07T07:28:00,C0330,in,2470.00,Henren Boskoes,MY,wire
P010566,2026-06-07T07:37:00,C0044,out,8438.45,Felnek Enkoitz,SG,wire
P010891,2026-06-07T07:50:00,C0106,out,1745.26,Ralmir Jorelov,DE,wire
P000631,2026-06-07T08:04:00,C0006,in,1844.35,Vevic Boskoyan,DE,wire
P009985,2026-06-07T08:04:00,C0035,out,109.13,Taldan Marosov,GB,wire
P006455,2026-06-07T08:09:00,C0363,out,596.21,Sevlo Aldreenko,US,card
P009161,2026-06-07T08:11:00,C0308,in,7982.62,Branren Aldreitz,US,wire
P001430,2026-06-07T08:45:00,C0301,in,154.14,Felren Davreyan,DE,wire
P002740,2026-06-07T08:47:00,C0175,out,2060.37,Ostlo Boskoul,VN,wire
P011527,2026-06-07T08:54:00,C0152,out,8503.32,Dortas Jorelyan,FR,card
P006687,2026-06-07T09:13:00,C0257,out,588.91,Kamir Pravinar,JP,card
P008035,2026-06-07T09:13:00,C0378,in,3644.83,Sevren Farelul,KR,wire
P008037,2026-06-07T09:45:00,C0202,in,1793.00,Branren Aldreitz,GB,wire
P010789,2026-06-07T09:48:00,C0079,in,3373.34,Vedan Jorelov,FR,card
P009297,2026-06-07T09:53:00,C0219,in,12392.95,Henmir Jorelul,KR,wire
P003430,2026-06-07T10:17:00,C0030,in,478.99,Ralren Lundraes,JP,wire
P000791,2026-06-07T10:23:00,C0149,out,84.33,Kamir Lundraul,JP,wire
P010939,2026-06-07T10:46:00,C0101,in,935.76,Ilyriel Boskoenko,XB,cash
P006448,2026-06-07T10:50:00,C0104,out,2653.58,Ostlo Jorelar,AU,wire
P003275,2026-06-07T11:10:00,C0378,out,5399.58,Talvic Farelul,DE,wire
P005525,2026-06-07T11:19:00,C0382,in,764.43,Kavic Cernaitz,FR,wire
P011707,2026-06-07T11:27:00,C0222,in,301.17,Nisren Davrear,FR,card
P002042,2026-06-07T11:32:00,C0399,in,464.97,Sevlo Maroses,DE,wire
P011243,2026-06-07T11:44:00,C0096,in,653.61,Grevlo Farelitz,VN,wire
P006130,2026-06-07T11:49:00,C0212,in,3182.10,Umilo Enkoski,KR,card
P007573,2026-06-07T11:58:00,C0016,out,731.69,Katas Ivaskov,US,card
P001823,2026-06-07T12:07:00,C0194,out,549.25,Talriel Cernaov,AU,wire
P009652,2026-06-07T12:07:00,C0153,in,3081.19,Grevren Lundrayan,VN,cash
P003078,2026-06-07T12:14:00,C0150,out,1622.64,Ralren Lundraes,DE,card
P007994,2026-06-07T12:27:00,C0289,out,26.05,Hennek Jorelyan,VN,cash
P007850,2026-06-07T12:34:00,C0011,in,1754.86,Grevren Gostynes,AU,wire
P010333,2026-06-07T12:35:00,C0388,out,425.68,Branriel Lundraenko,SG,wire
P000287,2026-06-07T12:50:00,C0010,out,1121.52,Vetas Farelenko,FR,wire
P004569,2026-06-07T12:50:00,C0167,in,1067.24,Branlo Boskoyan,SG,wire
P005107,2026-06-07T12:54:00,C0367,out,1259.22,Branmir Farelski,AU,card
P001004,2026-06-07T12:58:00,C0385,in,3309.41,Veren Farelitz,AU,wire
P001280,2026-06-07T13:02:00,C0013,out,911.59,Vemir Jorelenko,AU,wire
P003133,2026-06-07T13:03:00,C0362,in,1870.86,Zarriel Krevoul,VN,wire
P009198,2026-06-07T13:03:00,C0080,in,853.81,Grevmir Cernayan,VN,card
P006231,2026-06-07T13:07:00,C0126,in,3369.60,Vemir Jorelenko,FR,wire
P007505,2026-06-07T13:16:00,C0046,in,758.76,Uminek Lundraitz,US,wire
P002472,2026-06-07T13:40:00,C0060,in,2117.90,Zardan Gostynyan,FR,cash
P009854,2026-06-07T13:41:00,C0053,in,331.55,Karen Enkoski,AU,wire
P008433,2026-06-07T13:44:00,C0304,in,331.60,Veren Farelitz,US,card
P001396,2026-06-07T13:58:00,C0106,in,622.14,Talvic Davrees,US,wire
P000846,2026-06-07T14:07:00,C0159,out,2790.69,Zarren Fareles,FR,wire
P011583,2026-06-07T14:18:00,C0062,in,468.25,Ilynek Krevoski,KR,cash
P008620,2026-06-07T14:22:00,C0369,in,4484.03,Kadan Nevicov,GB,wire
P010435,2026-06-07T14:36:00,C0299,in,1528.57,Ostriel Davreski,XC,wire
P011287,2026-06-07T14:36:00,C0281,out,827.54,Taldan Hanreski,JP,wire
P009622,2026-06-07T14:41:00,C0194,out,7223.90,Ostriel Boskoenko,KR,cash
P010874,2026-06-07T14:41:00,C0198,out,1607.30,Zarren Nevicenko,VN,card
P002070,2026-06-07T14:43:00,C0329,out,192.92,Dorvic Enkoul,JP,wire
P011895,2026-06-07T15:30:00,C0180,out,2237.14,Sevtas Davreyan,SG,cash
P010164,2026-06-07T15:32:00,C0037,in,1378.68,Zardan Gostynyan,JP,card
P008412,2026-06-07T15:36:00,C0071,in,3601.84,Vemir Jorelenko,SG,cash
P001912,2026-06-07T15:46:00,C0178,out,1573.79,Ilymir Orzeksenko,DE,wire
P004045,2026-06-07T16:41:00,C0177,in,16043.10,Veriel Jorelenko,JP,wire
P006339,2026-06-07T16:52:00,C0099,out,4217.51,Fello Boskoitz,VN,wire
P003127,2026-06-07T17:05:00,C0036,in,6790.73,Felriel Aldreov,AU,card
P011535,2026-06-07T17:35:00,C0237,in,1108.54,Raldan Farelyan,MY,wire
P005899,2026-06-07T17:47:00,C0024,out,668.70,Mormir Aldrear,DE,card
P001026,2026-06-07T17:52:00,C0387,in,1632.22,Ostvic Davrear,VN,wire
P009018,2026-06-07T18:15:00,C0127,in,917.01,Venek Hanrear,FR,wire
P004279,2026-06-07T18:39:00,C0196,in,1757.97,Ilytas Davreenko,AU,card
P007803,2026-06-07T19:25:00,C0176,out,563.92,Ralnek Maroses,MY,wire
P006394,2026-06-07T19:30:00,C0342,out,352.93,Dornek Boskoski,US,wire
P003153,2026-06-07T19:36:00,C0101,in,626.43,Umivic Nevicenko,AU,wire
P000372,2026-06-07T19:53:00,C0022,in,3905.84,Zarnek Lundrayan,KR,wire
P003881,2026-06-07T20:02:00,C0380,in,2179.17,Ilyren Ivaskyenko,GB,card
P009813,2026-06-07T20:23:00,C0163,out,736.40,Raltas Orzekes,FR,wire
P010400,2026-06-07T20:27:00,C0015,in,4402.23,Katas Aldreitz,AU,card
P008005,2026-06-07T21:07:00,C0383,out,2196.04,Uminek Cernaski,KR,card
P000254,2026-06-07T21:13:00,C0059,out,605.08,Branlo Cernaenko,JP,wire
P002203,2026-06-07T21:28:00,C0151,out,4623.18,Taltas Hanrees,JP,wire
P011456,2026-06-07T21:51:00,C0039,out,287.30,Nisdan Aldreul,JP,wire
P007851,2026-06-07T21:54:00,C0180,in,353.91,Veren Cernaar,GB,wire
P008626,2026-06-07T21:55:00,C0065,in,287.36,Grevlo Orzekski,KR,wire
P001221,2026-06-07T22:09:00,C0348,out,683.81,Feltas Aldrear,FR,cash
P001890,2026-06-07T22:18:00,C0203,out,1971.65,Sevriel Cernaes,US,wire
P008344,2026-06-07T22:18:00,C0052,in,4233.76,Dornek Nevicitz,AU,wire
P004303,2026-06-07T22:33:00,C0034,in,715.03,Nisnek Nevicul,GB,wire
P011886,2026-06-07T22:44:00,C0004,in,1071.29,Ostriel Aldreov,KR,wire
P005502,2026-06-07T22:58:00,C0276,in,2341.95,Kadan Davrees,DE,card
P008189,2026-06-07T22:58:00,C0384,in,763.33,Henren Farelitz,JP,wire
P000983,2026-06-08T00:02:00,C0322,in,374.64,Kavic Lundraenko,MY,wire
P001935,2026-06-08T00:06:00,C0399,out,257.47,Ralriel Farelski,DE,wire
P005273,2026-06-08T00:20:00,C0095,in,1851.31,Dornek Hanreenko,GB,wire
P009106,2026-06-08T00:33:00,C0166,in,663.14,Talriel Boskoski,JP,wire
P002793,2026-06-08T00:36:00,C0158,in,599.40,Nisren Lundrayan,VN,wire
P007984,2026-06-08T00:40:00,C0357,out,1468.91,Vevic Orzekul,FR,wire
P007210,2026-06-08T00:51:00,C0082,in,372.36,Branmir Marosenko,MY,wire
P007131,2026-06-08T00:57:00,C0295,out,1310.21,Zarlo Jorelar,JP,cash
P004455,2026-06-08T01:11:00,C0341,out,2082.57,Zarnek Davrear,AU,wire
P008147,2026-06-08T01:14:00,C0162,out,1287.61,Henlo Krevoov,AU,wire
P003363,2026-06-08T01:28:00,C0328,out,3217.06,Ostdan Farelski,KR,cash
P003943,2026-06-08T01:32:00,C0165,out,2730.35,Ostdan Marositz,US,card
P001665,2026-06-08T01:50:00,C0388,out,778.70,Nisnek Gostynul,AU,card
P000691,2026-06-08T01:54:00,C0219,out,1785.80,Feltas Aldreyan,KR,card
P006753,2026-06-08T01:57:00,C0173,out,515.27,Henren Farelitz,US,wire
P005245,2026-06-08T02:01:00,C0250,in,365.35,Nisriel Pravinar,US,card
P010878,2026-06-08T02:12:00,C0048,out,3978.63,Talvic Lundraov,MY,wire
P011952,2026-06-08T02:30:00,C0116,in,1592.36,Grevmir Cernaov,US,wire
P000493,2026-06-08T02:32:00,C0046,in,4338.22,Sevdan Farelitz,DE,wire
P005238,2026-06-08T02:38:00,C0368,in,1982.38,Talren Pravinar,GB,cash
P004997,2026-06-08T02:48:00,C0220,out,903.58,Zartas Enkoar,SG,card
P007042,2026-06-08T02:50:00,C0237,in,2379.33,Branren Gostynyan,AU,wire
P004365,2026-06-08T03:02:00,C0255,out,286.29,Nisren Orzekov,JP,cash
P006757,2026-06-08T03:09:00,C0027,in,741.94,Ostriel Davreski,DE,wire
P007161,2026-06-08T03:09:00,C0127,in,811.79,Nistas Krevoar,SG,wire
P005014,2026-06-08T03:43:00,C0033,out,1418.99,Kavic Nevicitz,SG,wire
P000178,2026-06-08T03:45:00,C0011,in,474.40,Umivic Nevicenko,MY,wire
P000065,2026-06-08T03:55:00,C0251,out,3761.41,Nislo Davresenko,GB,wire
P011691,2026-06-08T04:00:00,C0215,out,1820.24,Nislo Davresenko,VN,wire
P009706,2026-06-08T04:22:00,C0165,in,1103.05,Rallo Ivaskenko,US,wire
P004434,2026-06-08T04:32:00,C0045,out,5887.05,Branren Gostynyan,FR,card
P008984,2026-06-08T04:49:00,C0226,in,759.95,Branren Davreyan,VN,wire
P010713,2026-06-08T04:57:00,C0056,out,550.74,Ilymir Jorelar,MY,wire
P001562,2026-06-08T05:00:00,C0002,out,319.84,Taltas Davreyan,AU,wire
P006240,2026-06-08T05:13:00,C0360,in,1629.85,Ilymir Nevicov,FR,card
P010646,2026-06-08T05:23:00,C0123,out,7775.70,Sevdan Ivaskitz,SG,card
P003101,2026-06-08T05:24:00,C0033,in,561.54,Branlo Boskoyan,AU,card
P011007,2026-06-08T05:25:00,C0093,out,3975.63,Branren Nevices,US,wire
P001002,2026-06-08T05:51:00,C0087,out,2428.75,Mornek Davreenko,AU,card
P005953,2026-06-08T05:51:00,C0281,out,449.03,Talvic Farelul,XB,card
P000246,2026-06-08T06:18:00,C0381,out,1013.69,Umiriel Cernaski,JP,wire
P001542,2026-06-08T06:23:00,C0329,out,4216.51,Henren Ivaskes,SG,wire
P010932,2026-06-08T06:29:00,C0241,out,4142.56,Ostriel Davreitz,MY,wire
P009008,2026-06-08T07:06:00,C0288,out,615.68,Katas Cernayan,JP,wire
P010438,2026-06-08T07:08:00,C0059,in,3699.56,Raldan Marosyan,JP,wire
P005851,2026-06-08T07:16:00,C0186,out,336.59,Henlo Lundraes,JP,wire
P010279,2026-06-08T07:25:00,C0122,in,510.42,Dordan Pravinov,SG,wire
P004252,2026-06-08T07:43:00,C0331,out,1349.69,Raltas Nevicitz,AU,wire
P011012,2026-06-08T07:45:00,C0373,out,310.31,Henvic Ivaskski,AU,cash
P002890,2026-06-08T07:54:00,C0309,in,658.82,Mormir Gostynenko,GB,card
P004677,2026-06-08T07:59:00,C0272,out,3415.34,Zarriel Krevoul,SG,wire
P008377,2026-06-08T08:00:00,C0147,out,5819.21,Vemir Jorelenko,FR,wire
P001936,2026-06-08T08:01:00,C0154,in,711.71,Ilylo Enkoenko,JP,wire
P001760,2026-06-08T08:04:00,C0109,out,1797.98,Vedan Pravinenko,KR,card
P008173,2026-06-08T08:17:00,C0298,in,616.15,Zarmir Krevoov,KR,card
P007383,2026-06-08T08:19:00,C0307,in,1890.97,Nisren Marosov,US,wire
P004420,2026-06-08T08:48:00,C0354,in,1133.51,Umitas Jorelitz,FR,wire
P003332,2026-06-08T08:50:00,C0110,out,252.50,Ostmir Lundraski,KR,wire
P003165,2026-06-08T08:52:00,C0234,in,5472.38,Zarlo Cernaar,KR,wire
P007868,2026-06-08T08:57:00,C0221,in,2445.88,Katas Lundraenko,FR,wire
P009853,2026-06-08T08:59:00,C0256,in,261.45,Ostlo Jorelenko,MY,wire
P009482,2026-06-08T09:05:00,C0163,in,962.62,Zardan Gostynyan,GB,wire
P005779,2026-06-08T09:10:00,C0034,out,1551.41,Zarlo Pravinyan,AU,card
P006988,2026-06-08T09:12:00,C0315,out,2461.43,Zardan Gostynyan,JP,wire
P007585,2026-06-08T09:14:00,C0152,in,1409.22,Sevren Jorelenko,VN,wire
P007340,2026-06-08T09:19:00,C0318,in,97.74,Vevic Orzekul,VN,wire
P003174,2026-06-08T09:35:00,C0222,in,265.76,Nistas Pravinenko,AU,wire
P000394,2026-06-08T09:37:00,C0140,in,430.45,Ostdan Krevoul,SG,card
P009554,2026-06-08T10:02:00,C0057,in,1686.11,Uminek Hanrees,AU,card
P001777,2026-06-08T10:08:00,C0334,out,670.48,Kadan Boskoov,US,card
P011103,2026-06-08T10:14:00,C0136,in,4811.70,Morriel Marositz,XA,card
P010038,2026-06-08T10:19:00,C0063,in,1711.28,Kadan Boskoov,SG,wire
P005980,2026-06-08T10:23:00,C0323,out,2224.38,Mormir Hanreov,MY,wire
P011377,2026-06-08T11:10:00,C0186,out,5052.98,Zarmir Aldrees,VN,wire
P008812,2026-06-08T11:15:00,C0082,in,296.54,Grevren Gostynes,AU,cash
P002299,2026-06-08T11:29:00,C0169,out,300.79,Dorren Hanrear,SG,wire
P001137,2026-06-08T11:50:00,C0172,in,5153.01,Dorlo Maroses,VN,wire
P011179,2026-06-08T11:51:00,C0101,in,374.15,Ralnek Enkoyan,FR,wire
P010257,2026-06-08T11:58:00,C0112,in,3764.05,Vetas Hanreov,KR,card
P010901,2026-06-08T11:59:00,C0366,in,1040.78,Brannek Boskoov,FR,card
P009430,2026-06-08T12:24:00,C0080,in,966.84,Sevriel Pravinar,DE,cash
P010379,2026-06-08T12:30:00,C0393,out,391.35,Umiren Marosar,FR,wire
P010465,2026-06-08T12:41:00,C0266,in,756.38,Morriel Krevoski,KR,wire
P000474,2026-06-08T12:54:00,C0271,out,3005.70,Grevren Gostynes,SG,wire
P002983,2026-06-08T13:06:00,C0187,out,1666.96,Karen Ivaskyan,US,cash
P004380,2026-06-08T13:10:00,C0233,in,515.23,Mordan Cernaul,VN,wire
P006613,2026-06-08T13:17:00,C0041,in,1877.75,Branlo Cernaenko,SG,wire
P002342,2026-06-08T13:29:00,C0273,out,2988.01,Ralriel Farelski,JP,cash
P002670,2026-06-08T13:31:00,C0293,out,182.33,Vemir Farelyan,SG,card
P009085,2026-06-08T13:31:00,C0058,out,1146.86,Uminek Lundraitz,GB,card
P010722,2026-06-08T13:48:00,C0018,in,905.12,Grevmir Ivaskul,KR,wire
P004555,2026-06-08T13:49:00,C0017,in,1758.17,Kalo Boskosenko,VN,wire
P006848,2026-06-08T13:57:00,C0397,in,3127.41,Dorriel Krevoyan,US,wire
P007263,2026-06-08T13:58:00,C0136,out,545.26,Ostlo Krevoes,GB,cash
P003715,2026-06-08T13:59:00,C0351,in,1162.81,Ralnek Farelski,FR,wire
P001599,2026-06-08T14:08:00,C0312,in,4168.50,Tallo Farelenko,US,wire
P004956,2026-06-08T14:16:00,C0177,out,1455.93,Ralriel Farelski,GB,wire
P009759,2026-06-08T14:49:00,C0057,in,811.04,Nislo Krevoul,GB,cash
P006968,2026-06-08T14:57:00,C0359,in,4521.53,Ostlo Pravinski,GB,wire
P004009,2026-06-08T15:00:00,C0197,in,100.49,Dordan Orzekitz,MY,wire
P000195,2026-06-08T15:02:00,C0197,out,127.94,Ilydan Ivasksenko,SG,wire
P005279,2026-06-08T15:48:00,C0051,in,1279.07,Ilytas Davreenko,XA,wire
P011605,2026-06-08T15:55:00,C0353,in,135.82,Dorren Hanrear,KR,wire
P005053,2026-06-08T16:09:00,C0093,out,398.92,Sevdan Nevicul,SG,wire
P010456,2026-06-08T16:14:00,C0343,out,168.85,Katas Farelul,VN,cash
P006114,2026-06-08T16:19:00,C0366,out,1236.53,Nisvic Aldreul,GB,card
P001453,2026-06-08T16:47:00,C0162,in,2472.74,Ostdan Pravinyan,VN,wire
P001333,2026-06-08T16:48:00,C0021,out,1096.92,Branvic Ivaskitz,XC,card
P003539,2026-06-08T16:52:00,C0045,out,2436.85,Ostmir Hanrees,GB,wire
P006688,2026-06-08T17:02:00,C0159,out,251.36,Kavic Hanreenko,AU,wire
P003000,2026-06-08T17:08:00,C0354,out,784.06,Ilyvic Davreenko,US,card
P009451,2026-06-08T17:34:00,C0097,out,354.00,Ostriel Davreski,GB,wire
P004636,2026-06-08T17:41:00,C0249,out,985.06,Ilytas Hanreski,VN,wire
P006697,2026-06-08T18:31:00,C0022,in,1751.79,Ralren Lundraes,GB,wire
P005452,2026-06-08T18:33:00,C0141,out,446.02,Feldan Hanreov,GB,wire
P002334,2026-06-08T18:47:00,C0166,in,823.42,Ostvic Davrear,US,wire
P007555,2026-06-08T18:47:00,C0232,out,503.45,Sevdan Lundraenko,DE,cash
P006784,2026-06-08T18:49:00,C0063,in,739.35,Henmir Enkoski,MY,card
P010919,2026-06-08T18:57:00,C0273,in,6421.97,Zarren Fareles,DE,wire
P011802,2026-06-08T19:03:00,C0360,out,979.27,Talnek Marosyan,VN,cash
P002090,2026-06-08T19:06:00,C0273,out,4524.17,Veren Farelitz,AU,wire
P006869,2026-06-08T19:38:00,C0013,in,1991.53,Grevdan Hanreov,DE,wire
P005555,2026-06-08T19:40:00,C0014,out,2041.40,Dorvic Gostynov,US,wire
P002424,2026-06-08T19:41:00,C0073,in,337.09,Talnek Lundrayan,MY,card
P002638,2026-06-08T19:44:00,C0016,in,513.54,Sevriel Davrear,AU,wire
P001163,2026-06-08T19:53:00,C0006,out,286.69,Felnek Enkoitz,FR,wire
P005396,2026-06-08T20:12:00,C0015,in,498.92,Zartas Jorelov,KR,wire
P008260,2026-06-08T20:12:00,C0275,in,52.91,Hennek Jorelyan,KR,wire
P011714,2026-06-08T20:34:00,C0062,out,1364.76,Kamir Pravinar,US,wire
P008404,2026-06-08T21:11:00,C0065,out,550.06,Nismir Hanreov,MY,card
P000240,2026-06-08T21:13:00,C0060,in,372.65,Sevtas Enkoitz,GB,card
P003902,2026-06-08T21:26:00,C0072,in,1587.86,Branren Davreyan,XC,wire
P010230,2026-06-08T22:11:00,C0375,out,175.04,Branmir Farelski,SG,card
P006029,2026-06-08T22:12:00,C0339,out,2385.71,Nisren Jorelyan,FR,wire
P009147,2026-06-08T22:46:00,C0249,in,723.28,Osttas Farelitz,US,cash
P001267,2026-06-08T22:52:00,C0156,in,2111.64,Nislo Krevoul,DE,wire
P003901,2026-06-08T23:01:00,C0243,in,222.42,Hendan Ivaskenko,US,wire
P010895,2026-06-08T23:12:00,C0085,out,5239.64,Branvic Cernaski,VN,wire
P007243,2026-06-08T23:44:00,C0082,out,572.00,Kalo Krevoar,DE,wire
P004868,2026-06-08T23:45:00,C0204,out,252.89,Felren Davreyan,DE,wire
P000657,2026-06-09T00:13:00,C0256,in,3791.85,Ilylo Cernaar,MY,card
P000006,2026-06-09T00:32:00,C0090,out,6220.62,Kadan Aldreov,GB,wire
P006260,2026-06-09T00:50:00,C0127,out,933.93,Zarriel Farelyan,GB,card
P007686,2026-06-09T01:12:00,C0120,in,362.37,Taltas Hanrees,VN,wire
P008159,2026-06-09T01:30:00,C0027,in,381.53,Hentas Nevicenko,FR,wire
P002990,2026-06-09T01:36:00,C0292,out,4094.45,Sevdan Farelitz,US,card
P006144,2026-06-09T01:47:00,C0360,in,963.60,Henmir Hanreyan,FR,wire
P001964,2026-06-09T01:54:00,C0339,in,2046.46,Talvic Farelul,FR,card
P010198,2026-06-09T02:03:00,C0296,in,320.31,Ralmir Cernaski,JP,wire
P001779,2026-06-09T02:06:00,C0338,in,52.59,Ilyren Ivaskyenko,FR,card
P011260,2026-06-09T02:36:00,C0208,in,151.96,Ilytas Aldrear,DE,wire
P007433,2026-06-09T02:47:00,C0239,in,11940.07,Ostnek Lundrayenko,XB,wire
P000158,2026-06-09T03:01:00,C0326,out,7072.76,Henmir Krevoyan,GB,wire
P009077,2026-06-09T03:04:00,C0044,in,734.82,Sevdan Ivaskitz,KR,card
P007908,2026-06-09T03:53:00,C0055,in,4100.22,Sevmir Ivaskyan,FR,wire
P009572,2026-06-09T04:15:00,C0361,in,974.84,Talmir Joreles,DE,wire
P006358,2026-06-09T04:20:00,C0128,in,338.67,Katas Boskoar,FR,cash
P001436,2026-06-09T04:25:00,C0210,in,247.94,Velo Hanreul,JP,cash
P004823,2026-06-09T04:33:00,C0281,in,1157.86,Ralnek Orzekul,VN,wire
P009061,2026-06-09T04:40:00,C0336,in,6682.48,Grevren Lundrayan,XB,cash
P004847,2026-06-09T05:16:00,C0396,in,661.02,Umivic Nevicenko,DE,wire
P001259,2026-06-09T05:18:00,C0073,in,1459.01,Feldan Cernaitz,GB,cash
P009901,2026-06-09T05:31:00,C0354,in,836.88,Kamir Gostynov,GB,card
P001198,2026-06-09T05:46:00,C0344,out,1142.94,Raldan Nevicul,US,wire
P002521,2026-06-09T05:52:00,C0354,out,1312.85,Uminek Lundraitz,AU,wire
P010738,2026-06-09T06:04:00,C0110,in,368.16,Veren Ivaskul,JP,wire
P002465,2026-06-09T06:06:00,C0185,out,1198.60,Umiren Pravinul,VN,wire
P008368,2026-06-09T06:10:00,C0058,out,1214.53,Zarvic Enkoes,GB,wire
P007971,2026-06-09T06:26:00,C0066,out,2085.06,Zarvic Marosyan,SG,wire
P004853,2026-06-09T06:44:00,C0188,out,662.27,Talren Boskoski,FR,card
P007799,2026-06-09T06:47:00,C0072,out,759.97,Nistas Orzekski,JP,wire
P000545,2026-06-09T06:49:00,C0370,in,144.13,Talren Enkoar,MY,wire
P005138,2026-06-09T06:56:00,C0034,out,895.03,Ilynek Jorelitz,KR,wire
P000414,2026-06-09T07:12:00,C0141,in,518.79,Katas Ivaskov,VN,wire
P005671,2026-06-09T07:46:00,C0383,in,3526.02,Mornek Cernayan,SG,wire
P004966,2026-06-09T07:55:00,C0080,in,362.77,Henriel Aldreyan,AU,card
P003160,2026-06-09T07:57:00,C0092,in,2865.24,Talmir Orzekes,AU,wire
P008687,2026-06-09T08:01:00,C0145,in,1174.02,Grevren Hanreov,DE,wire
P008839,2026-06-09T08:08:00,C0030,in,1260.99,Veren Farelul,SG,wire
P005365,2026-06-09T08:10:00,C0034,in,16722.38,Nisdan Pravinyan,MY,wire
P011687,2026-06-09T08:22:00,C0378,in,3973.93,Grevren Gostynes,AU,card
P003246,2026-06-09T08:36:00,C0189,in,1080.13,Hennek Gostynitz,KR,card
P003899,2026-06-09T08:36:00,C0274,out,11636.87,Ralnek Lundraul,MY,wire
P007698,2026-06-09T08:43:00,C0359,in,500.94,Zartas Farelyan,FR,wire
P010531,2026-06-09T09:10:00,C0237,in,641.55,Osttas Boskoyan,AU,wire
P010227,2026-06-09T09:14:00,C0228,out,885.11,Ostriel Nevicski,US,wire
P010661,2026-06-09T09:26:00,C0136,out,2938.02,Ralren Nevicar,JP,card
P002098,2026-06-09T09:34:00,C0200,out,920.97,Veriel Lundraar,US,wire
P008754,2026-06-09T09:34:00,C0119,in,193.77,Zarnek Hanreyan,XC,wire
P002431,2026-06-09T09:56:00,C0104,in,2022.12,Kalo Krevoar,SG,wire
P002421,2026-06-09T10:01:00,C0286,in,2078.54,Ilylo Farelov,AU,wire
P008985,2026-06-09T10:04:00,C0394,out,577.81,Brantas Boskoar,DE,cash
P005588,2026-06-09T10:07:00,C0318,out,509.18,Vedan Marosar,KR,wire
P000506,2026-06-09T10:21:00,C0186,in,891.30,Dorren Ivaskenko,AU,wire
P001871,2026-06-09T10:32:00,C0344,out,1563.30,Sevvic Pravinenko,GB,card
P000564,2026-06-09T10:36:00,C0178,in,1101.52,Kalo Krevoar,KR,wire
P001149,2026-06-09T10:37:00,C0025,in,2192.18,Kadan Lundraes,JP,wire
P005780,2026-06-09T10:38:00,C0315,in,2625.64,Sevlo Boskoov,JP,wire
P003399,2026-06-09T10:42:00,C0354,in,3107.93,Talmir Joreles,KR,wire
P008454,2026-06-09T10:42:00,C0030,out,309.84,Kavic Lundraenko,JP,wire
P002040,2026-06-09T11:01:00,C0049,out,558.37,Ilyren Davreitz,JP,cash
P009064,2026-06-09T11:11:00,C0026,in,1548.33,Zarriel Farelenko,US,wire
P007932,2026-06-09T11:18:00,C0246,in,303.85,Henren Hanreov,AU,wire
P010339,2026-06-09T11:36:00,C0228,in,2130.64,Ralren Hanreyan,DE,card
P004408,2026-06-09T11:40:00,C0262,out,167.59,Raltas Gostynitz,AU,card
P011218,2026-06-09T11:54:00,C0285,in,1325.54,Umitas Orzekenko,SG,card
P003061,2026-06-09T12:08:00,C0147,in,2157.11,Rallo Enkoar,SG,wire
P006300,2026-06-09T12:12:00,C0321,out,696.16,Nisren Boskoenko,US,wire
P008753,2026-06-09T12:25:00,C0011,in,7096.22,Veren Cernaar,KR,wire
P006930,2026-06-09T12:35:00,C0259,out,3321.56,Ostmir Lundraski,DE,wire
P008319,2026-06-09T12:37:00,C0242,out,565.53,Hennek Lundraov,DE,wire
P010231,2026-06-09T13:11:00,C0111,out,1792.18,Dortas Lundraul,DE,wire
P011291,2026-06-09T14:08:00,C0366,in,1978.80,Veriel Krevoitz,SG,wire
P001408,2026-06-09T14:14:00,C0266,out,139.77,Dornek Nevicitz,DE,wire
P005516,2026-06-09T14:39:00,C0190,in,1152.33,Ralren Fareles,DE,card
P010309,2026-06-09T14:44:00,C0230,in,549.02,Hentas Krevoov,JP,wire
P009816,2026-06-09T14:49:00,C0346,out,581.73,Henmir Davrear,KR,wire
P007320,2026-06-09T15:01:00,C0331,out,9029.57,Nisriel Krevoitz,MY,wire
P001379,2026-06-09T15:10:00,C0047,in,1202.17,Kavic Gostynyan,VN,card
P011266,2026-06-09T15:23:00,C0191,out,814.37,Henvic Fareles,VN,wire
P003851,2026-06-09T15:47:00,C0167,in,1349.63,Morriel Ivaskyan,GB,wire
P007988,2026-06-09T16:07:00,C0340,in,7321.10,Grevvic Marosov,AU,card
P009838,2026-06-09T16:07:00,C0043,in,183.55,Raldan Marosyan,US,wire
P010090,2026-06-09T16:15:00,C0363,out,1172.83,Ostriel Jorelul,JP,card
P011077,2026-06-09T16:32:00,C0236,in,7739.09,Osttas Hanreov,MY,cash
P010500,2026-06-09T16:49:00,C0218,in,139.97,Ilyvic Hanreul,VN,wire
P001360,2026-06-09T16:57:00,C0337,out,2301.61,Osttas Farelul,JP,cash
P006998,2026-06-09T16:59:00,C0341,in,975.11,Veren Ivaskul,AU,card
P001549,2026-06-09T17:06:00,C0278,out,1244.43,Sevnek Nevicul,VN,card
P003193,2026-06-09T17:07:00,C0322,in,4747.23,Zarlo Fareles,VN,wire
P001869,2026-06-09T17:11:00,C0278,in,951.08,Morlo Krevoenko,DE,wire
P005983,2026-06-09T17:20:00,C0156,out,1366.52,Vevic Boskoyan,JP,card
P002072,2026-06-09T17:28:00,C0391,in,553.52,Sevriel Davreski,VN,wire
P005971,2026-06-09T17:35:00,C0394,out,452.24,Ralriel Gostynov,JP,wire
P002657,2026-06-09T17:58:00,C0082,in,828.30,Zarren Nevicenko,FR,wire
P001328,2026-06-09T18:18:00,C0118,in,414.96,Ostren Jorelski,DE,wire
P010883,2026-06-09T18:20:00,C0270,out,529.85,Nismir Krevoar,XA,wire
P008787,2026-06-09T18:38:00,C0244,in,439.43,Vedan Davreul,GB,wire
P007736,2026-06-09T18:41:00,C0136,out,1507.65,Morriel Cernaenko,SG,wire
P011059,2026-06-09T18:43:00,C0393,in,1215.72,Henmir Enkoski,MY,wire
P010009,2026-06-09T18:46:00,C0131,in,1166.32,Umimir Lundrayan,GB,card
P008515,2026-06-09T18:47:00,C0116,in,392.75,Morriel Ivaskyan,MY,wire
P006664,2026-06-09T18:55:00,C0232,in,365.52,Kanek Lundraes,MY,wire
P001081,2026-06-09T19:03:00,C0329,out,10879.98,Uminek Hanrees,JP,wire
P002206,2026-06-09T19:19:00,C0038,out,373.58,Sevtas Aldreov,MY,wire
P008873,2026-06-09T19:20:00,C0005,out,21473.12,Felnek Boskoov,GB,card
P000205,2026-06-09T19:38:00,C0247,out,1288.78,Henren Krevoitz,KR,card
P003395,2026-06-09T20:08:00,C0364,out,342.63,Henren Enkoitz,DE,wire
P000020,2026-06-09T20:27:00,C0261,out,1002.68,Ostvic Davrear,JP,cash
P004385,2026-06-09T20:46:00,C0005,in,959.47,Zarnek Davrear,JP,card
P006028,2026-06-09T21:13:00,C0387,out,1259.27,Henmir Marosenko,SG,wire
P010187,2026-06-09T21:16:00,C0221,out,710.38,Kalo Pravinov,SG,wire
P008083,2026-06-09T21:19:00,C0347,out,1011.28,Veren Cernaenko,MY,wire
P002499,2026-06-09T21:33:00,C0275,out,100.81,Talren Nevicov,US,wire
P002745,2026-06-09T21:36:00,C0344,in,842.36,Feltas Orzekski,AU,wire
P011455,2026-06-09T21:39:00,C0111,out,333.90,Morvic Hanreitz,SG,wire
P005853,2026-06-09T21:41:00,C0006,out,141.14,Grevdan Krevoar,GB,wire
P011284,2026-06-09T21:45:00,C0117,in,4600.88,Dortas Boskoov,DE,wire
P001914,2026-06-09T22:39:00,C0185,in,4260.61,Hentas Gostynitz,MY,wire
P007240,2026-06-09T22:45:00,C0328,out,3641.60,Grevvic Hanreitz,JP,wire
P009740,2026-06-09T22:46:00,C0092,out,2615.88,Umimir Lundrayan,MY,wire
P009070,2026-06-09T22:48:00,C0047,out,2839.18,Veriel Lundraar,GB,wire
P000268,2026-06-09T22:55:00,C0103,out,2736.51,Grevriel Aldreitz,MY,wire
P009128,2026-06-09T23:16:00,C0002,in,658.14,Mordan Gostynenko,FR,wire
P006229,2026-06-09T23:18:00,C0098,in,93.48,Umilo Davreitz,US,card
P002266,2026-06-09T23:24:00,C0143,out,601.80,Hentas Gostynitz,SG,card
P007123,2026-06-09T23:29:00,C0217,in,2581.88,Dorlo Maroses,US,wire
P001119,2026-06-09T23:38:00,C0323,in,2468.63,Umivic Cernaov,US,wire
P010741,2026-06-09T23:46:00,C0351,in,1811.67,Sevmir Krevoitz,GB,wire
P000150,2026-06-09T23:47:00,C0379,in,3018.57,Zarmir Aldrees,VN,wire
P009313,2026-06-09T23:54:00,C0304,in,4651.50,Sevriel Nevicar,VN,cash
P007770,2026-06-10T00:02:00,C0096,out,2612.29,Branlo Krevoenko,SG,card
P001649,2026-06-10T00:15:00,C0248,out,7123.76,Rallo Pravinenko,XB,wire
P004742,2026-06-10T00:23:00,C0077,in,214.21,Dordan Lundraar,US,wire
P006894,2026-06-10T00:24:00,C0265,out,1013.90,Umivic Boskoenko,US,wire
P001447,2026-06-10T00:50:00,C0354,out,2393.17,Kanek Krevoski,XC,cash
P007137,2026-06-10T00:54:00,C0190,out,8379.38,Ilydan Nevicenko,VN,wire
P011992,2026-06-10T01:00:00,C0097,out,5331.60,Branriel Enkoul,GB,wire
P002614,2026-06-10T01:07:00,C0067,out,489.85,Henriel Krevoitz,FR,wire
P011776,2026-06-10T01:41:00,C0319,out,2055.15,Ostnek Nevicenko,KR,wire
P000804,2026-06-10T01:42:00,C0154,out,5322.37,Brandan Ivaskski,GB,card
P001809,2026-06-10T01:43:00,C0146,out,604.55,Brantas Enkoov,XC,cash
P003858,2026-06-10T01:51:00,C0086,out,1216.87,Sevnek Ivaskitz,GB,wire
P003316,2026-06-10T02:00:00,C0101,out,1157.67,Ilydan Pravinski,SG,card
P005859,2026-06-10T02:23:00,C0027,in,678.46,Raltas Gostynitz,DE,wire
P011430,2026-06-10T02:36:00,C0310,out,720.25,Mormir Aldrear,SG,cash
P005815,2026-06-10T02:57:00,C0201,in,3334.64,Mortas Orzekyan,JP,wire
P009437,2026-06-10T03:18:00,C0023,out,1766.27,Felriel Hanreov,DE,wire
P007683,2026-06-10T03:24:00,C0319,out,269.29,Morren Lundraul,US,wire
P010836,2026-06-10T03:38:00,C0290,in,1605.17,Kariel Ivaskenko,AU,card
P001463,2026-06-10T03:47:00,C0332,in,4618.21,Kavic Aldreul,DE,wire
P010172,2026-06-10T03:56:00,C0269,out,482.07,Grevriel Davreyan,SG,card
P005216,2026-06-10T03:57:00,C0331,in,1533.59,Zarlo Fareles,VN,wire
P011618,2026-06-10T03:57:00,C0039,in,633.65,Ilymir Nevicov,SG,card
P001361,2026-06-10T04:27:00,C0388,out,1437.08,Velo Joreles,SG,wire
P009943,2026-06-10T05:01:00,C0367,in,976.52,Zartas Ivaskul,FR,cash
P003951,2026-06-10T05:10:00,C0335,in,1148.78,Kadan Marositz,VN,wire
P003317,2026-06-10T05:32:00,C0014,out,76.26,Veren Farelul,AU,card
P008099,2026-06-10T05:34:00,C0141,in,345.56,Katas Krevoar,JP,wire
P000528,2026-06-10T05:41:00,C0312,out,916.99,Nisnek Gostynul,KR,wire
P006075,2026-06-10T05:47:00,C0213,out,4080.59,Kadan Marositz,DE,card
P009366,2026-06-10T05:47:00,C0196,in,786.31,Hennek Enkoitz,MY,wire
P009380,2026-06-10T06:01:00,C0099,in,386.78,Dorlo Maroses,DE,wire
P010660,2026-06-10T06:11:00,C0096,out,2823.91,Zarriel Ivaskitz,JP,wire
P011497,2026-06-10T06:25:00,C0213,out,3181.08,Henren Lundraul,VN,card
P006686,2026-06-10T06:44:00,C0293,in,887.98,Hentas Davreitz,KR,wire
P001362,2026-06-10T07:07:00,C0353,out,4769.80,Ralriel Farelski,SG,card
P002859,2026-06-10T07:10:00,C0202,out,74.63,Henmir Enkoski,DE,wire
P006434,2026-06-10T07:10:00,C0294,in,207.96,Branlo Enkoyan,DE,wire
P007026,2026-06-10T07:18:00,C0155,out,2325.67,Zarlo Hanreov,FR,wire
P000933,2026-06-10T07:19:00,C0321,in,3577.70,Feltas Orzekski,AU,wire
P002449,2026-06-10T07:51:00,C0156,out,1784.21,Umilo Cernaski,DE,wire
P001571,2026-06-10T07:52:00,C0274,out,5097.54,Nisren Jorelyan,GB,wire
P008956,2026-06-10T07:56:00,C0092,in,265.43,Branlo Krevoenko,AU,wire
P002998,2026-06-10T08:10:00,C0176,in,3874.21,Dorriel Nevicitz,KR,wire
P006511,2026-06-10T08:24:00,C0182,in,1046.99,Sevriel Joreles,VN,cash
P000008,2026-06-10T08:51:00,C0223,in,635.16,Ralmir Jorelov,US,wire
P004148,2026-06-10T08:51:00,C0380,in,1289.06,Katas Cernayan,AU,wire
P000368,2026-06-10T08:59:00,C0299,out,894.55,Zarriel Farelyan,DE,card
P006914,2026-06-10T09:41:00,C0242,in,759.80,Taltas Jorelar,MY,wire
P000884,2026-06-10T09:46:00,C0169,in,4584.62,Branlo Farelar,SG,wire
P000000,2026-06-10T09:56:00,C0014,in,271.56,Henren Boskoyan,MY,card
P010576,2026-06-10T10:07:00,C0064,out,972.98,Zarmir Hanreyan,VN,wire
P000518,2026-06-10T10:12:00,C0291,in,2057.66,Talvic Davrees,VN,card
P005694,2026-06-10T10:13:00,C0183,out,10950.43,Dorriel Jorelenko,FR,wire
P004521,2026-06-10T10:41:00,C0196,in,928.42,Ilydan Ivasksenko,MY,wire
P003188,2026-06-10T11:08:00,C0230,out,653.41,Mornek Davreenko,US,wire
P008932,2026-06-10T11:32:00,C0331,in,1668.99,Umiren Lundraski,GB,wire
P010437,2026-06-10T11:32:00,C0096,in,6316.44,Nisren Gostynes,SG,wire
P011659,2026-06-10T11:32:00,C0068,in,855.44,Henren Gostynski,SG,wire
P003409,2026-06-10T11:33:00,C0378,out,275.42,Grevlo Orzekski,GB,wire
P002512,2026-06-10T11:49:00,C0130,in,673.64,Velo Lundrayan,FR,wire
P005991,2026-06-10T11:52:00,C0324,in,1835.40,Henriel Krevoitz,MY,cash
P006191,2026-06-10T12:27:00,C0109,out,728.27,Grevren Enkoitz,US,wire
P006827,2026-06-10T12:51:00,C0024,out,1241.23,Brannek Davreov,JP,wire
P011880,2026-06-10T13:12:00,C0162,out,2992.95,Morvic Pravines,US,wire
P011710,2026-06-10T13:29:00,C0048,in,1343.66,Henren Ivaskski,SG,wire
P010291,2026-06-10T13:34:00,C0051,out,9176.21,Ilynek Cernaar,US,wire
P002452,2026-06-10T13:53:00,C0314,in,756.15,Ilymir Orzeksenko,XA,card
P005469,2026-06-10T13:54:00,C0258,out,1264.80,Branvic Pravinyan,GB,card
P001773,2026-06-10T14:05:00,C0114,out,2478.30,Zarnek Krevoitz,US,wire
P005833,2026-06-10T14:30:00,C0134,in,600.83,Talmir Orzekes,MY,wire
P001775,2026-06-10T14:31:00,C0238,out,582.97,Kamir Pravinar,JP,wire
P008347,2026-06-10T14:59:00,C0338,out,280.83,Dorriel Nevicitz,DE,wire
P011665,2026-06-10T15:10:00,C0202,in,2568.44,Grevlo Boskoski,AU,wire
P002053,2026-06-10T15:13:00,C0191,in,832.22,Sevren Farelul,KR,wire
P000425,2026-06-10T15:56:00,C0043,in,1147.33,Zarnek Ivaskul,MY,cash
P002089,2026-06-10T16:10:00,C0062,in,260.65,Ostdan Marositz,MY,wire
P000954,2026-06-10T16:15:00,C0301,in,7201.65,Nismir Farelar,MY,card
P001909,2026-06-10T16:23:00,C0118,out,934.58,Mornek Jorelitz,US,wire
P005252,2026-06-10T16:31:00,C0017,in,7214.69,Sevnek Ivaskitz,VN,cash
P010161,2026-06-10T16:45:00,C0003,in,2065.28,Zarvic Enkoes,FR,card
P003884,2026-06-10T17:06:00,C0340,out,2085.71,Grevdan Jorelar,US,card
P000181,2026-06-10T17:08:00,C0347,in,639.43,Osttas Pravinitz,AU,wire
P008679,2026-06-10T17:08:00,C0344,out,1839.60,Nisriel Jorelar,FR,cash
P004425,2026-06-10T17:34:00,C0244,in,340.94,Ralnek Farelski,US,wire
P005281,2026-06-10T17:39:00,C0040,out,330.59,Zarmir Hanreyan,KR,card
P004272,2026-06-10T17:51:00,C0202,out,398.18,Branvic Boskoitz,JP,wire
P000488,2026-06-10T17:54:00,C0173,in,715.38,Branmir Hanrees,MY,cash
P004520,2026-06-10T17:55:00,C0045,out,880.35,Hendan Boskoul,AU,wire
P006759,2026-06-10T18:12:00,C0365,out,416.51,Morvic Boskoul,AU,wire
P003285,2026-06-10T18:14:00,C0031,out,3322.68,Sevren Jorelyan,MY,card
P000615,2026-06-10T18:41:00,C0382,out,303.59,Hennek Lundraov,AU,cash
P000678,2026-06-10T18:46:00,C0073,out,210.49,Zarlo Davreenko,GB,wire
P008274,2026-06-10T19:04:00,C0206,in,1905.81,Katas Krevoar,AU,wire
P006891,2026-06-10T19:08:00,C0000,out,814.81,Zarlo Nevicyan,AU,wire
P000315,2026-06-10T19:35:00,C0135,in,220.91,Branmir Orzekul,FR,wire
P007457,2026-06-10T19:40:00,C0295,out,920.55,Branvic Cernaski,KR,wire
P009919,2026-06-10T19:40:00,C0394,in,1057.26,Dortas Nevicul,KR,cash
P007128,2026-06-10T19:55:00,C0226,out,1325.58,Ostriel Aldreov,GB,wire
P007581,2026-06-10T19:55:00,C0046,in,6287.79,Zarmir Orzekar,US,wire
P007721,2026-06-10T19:55:00,C0237,out,4911.54,Grevren Lundraul,AU,cash
P009865,2026-06-10T19:56:00,C0376,in,319.91,Ralriel Gostynov,FR,card
P006137,2026-06-10T20:03:00,C0052,out,1137.90,Henren Boskoes,FR,card
P009148,2026-06-10T20:18:00,C0028,in,3572.76,Nisriel Cernayan,FR,wire
P006967,2026-06-10T20:34:00,C0374,in,238.79,Katas Ivaskov,VN,card
P011436,2026-06-10T21:25:00,C0389,out,3710.69,Umilo Marosyan,US,card
P005745,2026-06-10T21:37:00,C0394,out,437.44,Ilyren Boskoyan,GB,wire
P000652,2026-06-10T21:56:00,C0304,in,529.85,Veren Lundraar,VN,cash
P008916,2026-06-10T22:16:00,C0192,out,1603.44,Talmir Lundraes,MY,card
P004811,2026-06-10T22:43:00,C0162,in,4051.89,Umilo Enkoski,MY,cash
P000935,2026-06-10T22:45:00,C0072,in,1810.29,Sevnek Davreienko,KR,wire
P004840,2026-06-10T22:50:00,C0005,out,506.95,Grevlo Boskoski,JP,wire
P007032,2026-06-10T22:50:00,C0199,in,6283.00,Ostnek Nevicenko,AU,wire
P003060,2026-06-10T23:02:00,C0290,out,6378.00,Nislo Jorelyan,US,wire
P004984,2026-06-10T23:19:00,C0256,out,3062.03,Katas Lundraenko,FR,wire
P010185,2026-06-10T23:22:00,C0164,out,1534.14,Sevnek Orzekitz,XB,card
P006908,2026-06-10T23:25:00,C0111,out,2041.95,Ilydan Pravinski,FR,wire
P008580,2026-06-10T23:25:00,C0025,in,542.44,Dorren Ivaskitz,FR,wire
P008945,2026-06-10T23:27:00,C0375,in,186.62,Grevmir Farelar,JP,wire
P009542,2026-06-10T23:28:00,C0097,out,1779.62,Zarriel Marositz,DE,wire
P007684,2026-06-10T23:37:00,C0304,out,319.83,Brannek Pravinenko,VN,card
P001229,2026-06-10T23:41:00,C0122,in,464.55,Morvic Hanreitz,DE,wire
P001171,2026-06-10T23:59:00,C0063,out,3513.43,Talriel Farelul,GB,card
P000230,2026-06-11T00:17:00,C0237,out,1174.73,Ralriel Krevoitz,SG,wire
P000125,2026-06-11T00:21:00,C0092,in,358.89,Dortas Jorelyan,KR,wire
P004935,2026-06-11T00:51:00,C0121,out,1838.01,Katas Pravines,GB,cash
P000108,2026-06-11T01:03:00,C0145,out,348.11,Mormir Hanreov,KR,wire
P009777,2026-06-11T01:03:00,C0210,in,247.56,Grevlo Orzekitz,AU,card
P011729,2026-06-11T01:58:00,C0120,in,1112.76,Talmir Davreitz,VN,card
P000621,2026-06-11T02:17:00,C0321,out,12255.55,Vetas Farelenko,JP,wire
P001600,2026-06-11T02:36:00,C0271,out,731.71,Raltas Nevicitz,JP,wire
P004511,2026-06-11T02:36:00,C0009,in,286.98,Henren Cernayan,GB,wire
P008199,2026-06-11T02:36:00,C0081,out,1391.35,Sevnek Ivaskitz,KR,wire
P009698,2026-06-11T02:59:00,C0334,in,1635.25,Mormir Hanreov,FR,wire
P004799,2026-06-11T03:02:00,C0014,in,322.52,Sevnek Orzekski,MY,cash
P007409,2026-06-11T03:50:00,C0016,out,1075.62,Vedan Marosar,SG,wire
P010893,2026-06-11T03:51:00,C0331,in,276.63,Katas Orzekov,VN,wire
P006287,2026-06-11T04:07:00,C0370,in,1440.98,Morriel Aldreyan,VN,wire
P001811,2026-06-11T04:12:00,C0063,out,2724.37,Raltas Gostynes,MY,wire
P001926,2026-06-11T04:19:00,C0371,in,417.60,Branriel Jorelul,FR,wire
P008895,2026-06-11T04:23:00,C0357,in,853.97,Zarriel Farelenko,DE,wire
P006004,2026-06-11T04:32:00,C0318,out,6669.30,Zarriel Krevoul,VN,card
P005091,2026-06-11T04:49:00,C0341,out,1702.76,Kariel Krevoenko,DE,wire
P004389,2026-06-11T05:07:00,C0172,in,1106.67,Nisren Orzekov,VN,cash
P002177,2026-06-11T05:15:00,C0181,out,2111.02,Felvic Ivaskitz,VN,wire
P003895,2026-06-11T05:21:00,C0371,in,2150.75,Grevriel Cernaes,US,wire
P003024,2026-06-11T05:26:00,C0175,in,2841.51,Umiriel Davreitz,DE,card
P010927,2026-06-11T05:40:00,C0354,in,2117.63,Sevmir Farelov,FR,wire
P008796,2026-06-11T06:02:00,C0065,in,1682.99,Nisnek Boskoitz,SG,wire
P008304,2026-06-11T06:11:00,C0341,out,4518.33,Morvic Farelyan,JP,card
P004057,2026-06-11T06:53:00,C0191,in,1232.59,Sevnek Cernaar,MY,wire
P000802,2026-06-11T06:55:00,C0299,out,2483.97,Nisren Lundrayan,DE,cash
P011193,2026-06-11T07:01:00,C0169,in,719.24,Zarren Fareles,DE,card
P005721,2026-06-11T07:16:00,C0263,out,1891.66,Veren Farelitz,DE,wire
P011730,2026-06-11T07:18:00,C0237,in,12571.89,Umidan Pravinenko,JP,card
P009371,2026-06-11T07:23:00,C0100,out,514.01,Katas Krevoar,DE,wire
P000001,2026-06-11T07:29:00,C0327,in,1026.75,Rallo Enkoar,VN,wire
P011893,2026-06-11T07:32:00,C0243,in,1989.68,Hendan Ivaskenko,MY,wire
P006203,2026-06-11T07:33:00,C0199,out,696.10,Ilymir Jorelar,US,cash
P005173,2026-06-11T07:43:00,C0098,out,858.52,Veren Ivaskul,MY,wire
P006025,2026-06-11T07:46:00,C0357,out,147.61,Osttas Hanreov,AU,card
P005248,2026-06-11T07:55:00,C0000,in,1434.89,Ostdan Marositz,DE,card
P001511,2026-06-11T07:57:00,C0068,in,5296.23,Tallo Ivaskitz,SG,wire
P007597,2026-06-11T08:02:00,C0234,in,906.38,Mornek Davreski,FR,card
P007772,2026-06-11T08:06:00,C0281,out,1703.91,Umimir Davreenko,FR,wire
P002514,2026-06-11T08:22:00,C0269,in,333.49,Osttas Nevicenko,MY,wire
P007986,2026-06-11T08:24:00,C0135,out,342.28,Rallo Krevoov,JP,card
P007937,2026-06-11T08:26:00,C0041,out,802.75,Taltas Aldreov,US,wire
P002022,2026-06-11T08:32:00,C0221,in,718.49,Katas Ivaskov,VN,wire
P000133,2026-06-11T08:41:00,C0096,out,167.76,Talmir Krevoul,SG,wire
P008376,2026-06-11T08:45:00,C0132,out,2717.01,Rallo Enkoar,AU,card
P011063,2026-06-11T09:07:00,C0013,out,1018.52,Taltas Hanrees,DE,cash
P005813,2026-06-11T09:25:00,C0209,in,2609.84,Kadan Marositz,JP,card
P003504,2026-06-11T09:55:00,C0099,in,2055.89,Zarriel Farelenko,US,wire
P009669,2026-06-11T10:05:00,C0021,out,796.04,Ostriel Nevicski,AU,wire
P002409,2026-06-11T10:20:00,C0372,out,367.61,Hentas Davreitz,AU,wire
P000794,2026-06-11T10:35:00,C0008,out,1428.19,Rallo Lundraul,DE,wire
P000546,2026-06-11T10:44:00,C0231,out,68.26,Kanek Krevoski,JP,wire
P006527,2026-06-11T10:47:00,C0381,in,345.88,Mordan Boskoski,AU,wire
P000774,2026-06-11T10:55:00,C0332,in,2307.37,Mortas Marosski,DE,wire
P003641,2026-06-11T11:01:00,C0387,out,240.06,Umilo Orzekar,AU,wire
P004565,2026-06-11T11:15:00,C0347,out,880.42,Dorvic Farelenko,DE,wire
P005706,2026-06-11T11:31:00,C0348,out,2128.62,Mordan Cernaul,XA,wire
P009412,2026-06-11T12:07:00,C0126,in,663.46,Grevren Enkoitz,US,wire
P006057,2026-06-11T12:15:00,C0295,in,554.28,Umilo Boskoenko,DE,card
P003531,2026-06-11T12:19:00,C0310,in,7845.87,Ostvic Boskoski,MY,wire
P005327,2026-06-11T12:21:00,C0055,in,1894.16,Rallo Ivaskenko,DE,wire
P003407,2026-06-11T12:31:00,C0198,out,80.92,Zartas Farelyan,KR,wire
P001992,2026-06-11T12:34:00,C0036,in,1279.60,Ralnek Lundraenko,AU,wire
P001578,2026-06-11T12:52:00,C0196,in,1245.61,Dortas Krevoul,MY,wire
P003244,2026-06-11T12:55:00,C0271,in,369.25,Zarmir Hanreyan,US,wire
P006990,2026-06-11T13:04:00,C0343,in,1250.01,Ralriel Orzekar,AU,cash
P004936,2026-06-11T13:21:00,C0072,out,347.71,Henriel Krevoitz,FR,card
P002600,2026-06-11T13:25:00,C0203,out,883.28,Ilydan Ivasksenko,VN,wire
P002992,2026-06-11T13:44:00,C0380,in,622.49,Katas Gostynenko,FR,card
P004576,2026-06-11T14:06:00,C0282,in,1571.92,Henmir Enkoski,US,card
P011473,2026-06-11T14:18:00,C0152,out,224.19,Talmir Nevicsenko,US,wire
P011654,2026-06-11T15:12:00,C0267,in,5222.14,Talriel Farelul,AU,wire
P000271,2026-06-11T15:24:00,C0221,in,1661.28,Dornek Krevoov,GB,wire
P007760,2026-06-11T15:39:00,C0092,out,1689.83,Zardan Boskoar,JP,card
P000569,2026-06-11T15:44:00,C0391,out,2072.08,Sevvic Ivaskes,VN,wire
P000210,2026-06-11T16:10:00,C0281,out,1309.92,Ilydan Aldrear,GB,card
P011139,2026-06-11T16:11:00,C0214,out,2799.76,Nisvic Enkoitz,FR,cash
P000482,2026-06-11T16:13:00,C0365,out,705.68,Ilyren Davreitz,KR,wire
P005938,2026-06-11T16:31:00,C0302,in,1600.03,Nistas Orzekski,US,wire
P005624,2026-06-11T16:33:00,C0280,out,6838.26,Grevriel Cernaes,JP,card
P000751,2026-06-11T16:43:00,C0106,in,1360.24,Grevvic Joreles,MY,card
P000049,2026-06-11T16:48:00,C0120,out,1079.29,Grevlo Jorelar,DE,wire
P002322,2026-06-11T17:14:00,C0144,in,1066.20,Taltas Davreyan,US,card
P007875,2026-06-11T17:55:00,C0271,in,100.75,Umiriel Boskoes,FR,card
P008455,2026-06-11T17:58:00,C0179,in,1251.53,Nisren Aldreski,DE,wire
P006590,2026-06-11T18:12:00,C0306,in,281.67,Kavic Enkoov,KR,wire
P010266,2026-06-11T18:34:00,C0038,in,6575.01,Sevlo Gostynov,SG,card
P002143,2026-06-11T18:37:00,C0127,in,534.51,Ostriel Orzekenko,XA,wire
P003045,2026-06-11T18:45:00,C0192,in,592.42,Ilymir Enkoar,JP,wire
P009134,2026-06-11T18:53:00,C0240,out,2508.77,Branlo Krevoenko,KR,card
P010618,2026-06-11T19:08:00,C0313,in,7062.28,Ostmir Gostynenko,US,cash
P004738,2026-06-11T19:09:00,C0179,out,5877.93,Ostvic Marosar,DE,wire
P002428,2026-06-11T19:23:00,C0140,in,7232.19,Henmir Davreov,FR,wire
P003883,2026-06-11T19:23:00,C0310,out,72.84,Tallo Farelenko,FR,card
P010168,2026-06-11T19:25:00,C0155,out,1206.75,Branriel Marosenko,GB,wire
P001940,2026-06-11T19:34:00,C0359,in,442.90,Mornek Davreenko,FR,wire
P008928,2026-06-11T19:34:00,C0244,out,3937.28,Grevriel Lundraitz,US,wire
P010278,2026-06-11T19:41:00,C0174,in,681.11,Vedan Farelar,DE,wire
P005594,2026-06-11T19:45:00,C0295,out,269.60,Zartas Enkoar,GB,wire
P002124,2026-06-11T19:49:00,C0367,in,112.43,Taltas Hanreov,MY,cash
P006454,2026-06-11T19:51:00,C0386,in,327.99,Ostmir Jorelov,JP,wire
P010752,2026-06-11T20:03:00,C0028,out,172.70,Dorriel Nevicitz,US,wire
P000588,2026-06-11T20:16:00,C0368,in,12040.51,Umiren Hanreski,AU,cash
P009223,2026-06-11T20:36:00,C0266,in,268.04,Henren Enkoitz,DE,wire
P011677,2026-06-11T20:37:00,C0065,in,323.51,Zarmir Krevoski,US,wire
P004062,2026-06-11T20:46:00,C0386,out,2933.14,Grevmir Cernaov,DE,wire
P001311,2026-06-11T21:00:00,C0024,in,702.16,Dordan Orzekitz,AU,wire
P001127,2026-06-11T21:40:00,C0064,out,1809.56,Rallo Pravinenko,SG,card
P005697,2026-06-11T21:54:00,C0104,in,850.45,Dornek Krevoov,SG,wire
P007000,2026-06-11T22:04:00,C0105,out,26.60,Ostvic Lundraenko,KR,wire
P005249,2026-06-11T22:08:00,C0169,in,15151.62,Mornek Jorelitz,KR,wire
P009374,2026-06-11T22:12:00,C0148,in,413.73,Hendan Aldreski,DE,wire
P006142,2026-06-11T22:47:00,C0021,out,3998.03,Ostlo Jorelenko,FR,wire
P008325,2026-06-11T22:48:00,C0397,out,329.24,Umitas Orzekar,JP,wire
P002237,2026-06-11T22:53:00,C0282,out,1378.08,Umiriel Cernaski,VN,wire
P008633,2026-06-11T22:57:00,C0293,out,2494.38,Dornek Nevicitz,DE,wire
P000091,2026-06-11T23:12:00,C0145,in,3309.06,Zarnek Ivaskov,JP,wire
P000843,2026-06-11T23:16:00,C0173,out,262.61,Zarlo Fareles,AU,wire
P001369,2026-06-11T23:41:00,C0072,in,472.48,Kanek Davreenko,MY,wire
P006023,2026-06-11T23:49:00,C0298,out,2825.86,Veriel Lundraar,US,cash
P000960,2026-06-11T23:56:00,C0387,in,1921.10,Morvic Gostynenko,DE,wire
P006670,2026-06-11T23:57:00,C0090,in,380.14,Zarren Pravinitz,GB,card
P005653,2026-06-11T23:58:00,C0289,in,1398.32,Grevriel Lundraitz,JP,wire
P011220,2026-06-12T00:01:00,C0022,in,1200.28,Branlo Boskoyan,US,wire
P010711,2026-06-12T00:02:00,C0065,in,6328.19,Grevmir Farelar,KR,wire
P008533,2026-06-12T00:05:00,C0240,in,675.89,Brannek Boskoov,VN,wire
P010949,2026-06-12T00:11:00,C0234,in,1922.74,Ralnek Maroses,DE,wire
P007818,2026-06-12T00:13:00,C0190,out,1142.59,Umimir Pravinyan,DE,wire
P011513,2026-06-12T00:15:00,C0398,in,68.62,Ralren Davreski,AU,wire
P011971,2026-06-12T00:19:00,C0290,in,3271.92,Kamir Davreitz,GB,wire
P011485,2026-06-12T00:51:00,C0136,in,1332.63,Taldan Boskoenko,JP,card
P004161,2026-06-12T01:16:00,C0320,in,9580.33,Nismir Nevicenko,AU,cash
P009185,2026-06-12T01:21:00,C0151,out,48.64,Hentas Nevicenko,US,wire
P004179,2026-06-12T01:51:00,C0191,out,1242.77,Fello Boskoitz,AU,card
P000861,2026-06-12T01:54:00,C0230,out,478.14,Hennek Aldreenko,US,wire
P001716,2026-06-12T01:57:00,C0285,in,512.67,Kamir Lundraul,GB,card
P009481,2026-06-12T02:07:00,C0393,in,8308.25,Nisdan Farelenko,GB,wire
P006419,2026-06-12T02:29:00,C0255,in,656.85,Osttas Farelitz,US,wire
P007448,2026-06-12T02:35:00,C0306,out,159.94,Brantas Enkoov,KR,wire
P011060,2026-06-12T02:37:00,C0125,out,691.77,Ostmir Gostynenko,KR,wire
P006893,2026-06-12T02:47:00,C0248,in,2824.26,Ilymir Orzeksenko,AU,card
P009312,2026-06-12T02:51:00,C0370,in,2913.13,Ostvic Davrear,MY,cash
P010524,2026-06-12T02:56:00,C0231,out,88.86,Zarnek Ivaskul,GB,wire
P006796,2026-06-12T02:57:00,C0233,out,278.48,Feltas Ivaskenko,US,card
P004016,2026-06-12T03:01:00,C0307,in,304.01,Kadan Boskoul,JP,card
P004580,2026-06-12T03:19:00,C0348,in,763.89,Zarnek Marosar,MY,cash
P002351,2026-06-12T03:20:00,C0028,in,366.59,Ostnek Gostynov,GB,cash
P004138,2026-06-12T03:38:00,C0055,out,1190.95,Karen Enkoski,FR,wire
P007375,2026-06-12T03:43:00,C0317,out,1981.36,Sevlo Gostynov,MY,cash
P005612,2026-06-12T03:54:00,C0288,in,617.83,Grevlo Ivaskes,JP,card
P010411,2026-06-12T04:29:00,C0102,in,5399.33,Vevic Hanreul,US,card
P006696,2026-06-12T05:13:00,C0164,in,1059.94,Umimir Nevicov,JP,wire
P005962,2026-06-12T05:20:00,C0385,out,2777.68,Zarriel Ivaskitz,JP,card
P003076,2026-06-12T05:25:00,C0229,in,7628.77,Feldan Boskoov,KR,cash
P010039,2026-06-12T05:25:00,C0361,out,1731.10,Felren Orzekul,KR,wire
P010016,2026-06-12T05:26:00,C0039,out,2449.58,Zartas Pravinenko,DE,card
P010703,2026-06-12T05:29:00,C0329,out,543.43,Dortas Nevicul,JP,wire
P004940,2026-06-12T05:36:00,C0172,in,218.25,Branvic Krevoski,FR,wire
P002642,2026-06-12T05:40:00,C0305,out,372.59,Umimir Lundrayan,AU,wire
P008452,2026-06-12T05:54:00,C0176,in,1412.38,Dorren Marosenko,GB,wire
P003834,2026-06-12T05:55:00,C0080,in,2041.71,Nislo Jorelyan,MY,wire
P006248,2026-06-12T05:59:00,C0097,out,3171.81,Raldan Nevicul,VN,card
P005204,2026-06-12T06:00:00,C0136,in,195.77,Henriel Jorelyan,FR,card
P002468,2026-06-12T06:10:00,C0364,out,5168.33,Kamir Farelul,MY,wire
P007996,2026-06-12T06:10:00,C0079,in,202.48,Dorvic Lundraov,XB,card
P011487,2026-06-12T06:14:00,C0350,out,797.04,Umimir Ivaskul,SG,cash
P004744,2026-06-12T06:41:00,C0326,in,3394.17,Dorren Marosenko,FR,cash
P003081,2026-06-12T06:46:00,C0285,in,1691.17,Fello Hanreul,XB,wire
P005366,2026-06-12T06:52:00,C0154,in,1444.74,Umitas Orzekenko,JP,card
P011794,2026-06-12T06:56:00,C0100,in,1784.04,Zarriel Farelenko,AU,card
P006897,2026-06-12T07:51:00,C0009,out,6112.39,Mornek Gostynski,AU,wire
P010520,2026-06-12T07:59:00,C0025,out,1493.65,Ralvic Pravinyan,JP,wire
P009033,2026-06-12T08:07:00,C0126,in,805.49,Henmir Davreov,MY,wire
P000728,2026-06-12T08:38:00,C0185,out,790.50,Henriel Jorelyan,KR,card
P002587,2026-06-12T08:43:00,C0356,in,5915.98,Henlo Ivaskski,XA,wire
P002608,2026-06-12T08:53:00,C0294,out,1163.33,Taldan Marosov,JP,wire
P002918,2026-06-12T09:05:00,C0266,in,5590.05,Zarmir Krevoov,AU,wire
P008385,2026-06-12T09:18:00,C0375,out,233.40,Ilylo Krevoul,AU,card
P003087,2026-06-12T09:26:00,C0131,in,3162.91,Kadan Marositz,GB,wire
P009479,2026-06-12T10:26:00,C0027,in,950.18,Osttas Boskoyan,XB,wire
P002367,2026-06-12T10:29:00,C0262,out,2247.11,Zarlo Orzekes,MY,wire
P010042,2026-06-12T10:40:00,C0026,out,1632.26,Umivic Lundraes,SG,card
P011085,2026-06-12T10:49:00,C0023,in,163.90,Nislo Krevoul,FR,wire
P003862,2026-06-12T10:50:00,C0207,out,2920.87,Kadan Marosul,US,wire
P001814,2026-06-12T11:09:00,C0166,in,2467.12,Zarmir Krevoov,FR,wire
P008247,2026-06-12T11:33:00,C0016,in,18006.70,Karen Enkoski,KR,wire
P001731,2026-06-12T11:41:00,C0112,out,434.87,Kanek Davreski,US,wire
P007284,2026-06-12T11:51:00,C0370,in,1127.24,Ilydan Ivasksenko,GB,card
P000521,2026-06-12T11:52:00,C0124,out,1440.28,Sevnek Cernaar,FR,cash
P002569,2026-06-12T12:01:00,C0062,out,1121.10,Henlo Davreul,AU,wire
P009381,2026-06-12T12:08:00,C0110,in,2993.99,Grevvic Hanreitz,SG,wire
P003836,2026-06-12T12:12:00,C0196,in,8285.68,Henriel Cernaes,XC,wire
P011104,2026-06-12T12:29:00,C0201,in,1873.04,Venek Hanreenko,KR,wire
P010970,2026-06-12T12:30:00,C0103,in,1231.31,Katas Pravines,US,wire
P006679,2026-06-12T12:43:00,C0163,out,579.54,Veriel Lundraenko,KR,card
P004758,2026-06-12T12:53:00,C0094,in,2104.96,Taldan Farelar,VN,wire
P008661,2026-06-12T12:55:00,C0230,out,295.32,Tallo Hanreenko,GB,wire
P008797,2026-06-12T12:58:00,C0148,out,2188.15,Vemir Farelyan,US,wire
P006999,2026-06-12T13:00:00,C0261,out,449.96,Zarvic Enkoitz,JP,wire
P000111,2026-06-12T13:14:00,C0236,in,2922.37,Zartas Farelyan,AU,wire
P010673,2026-06-12T13:22:00,C0143,out,381.78,Umiren Pravinitz,KR,card
P000921,2026-06-12T13:27:00,C0139,out,888.85,Dorlo Enkoski,DE,wire
P010967,2026-06-12T13:30:00,C0175,out,2611.59,Nismir Boskoski,KR,card
P002214,2026-06-12T13:36:00,C0010,out,4564.70,Umitas Davreyan,JP,wire
P010360,2026-06-12T13:47:00,C0237,in,1027.37,Nismir Krevoar,AU,wire
P009686,2026-06-12T14:06:00,C0151,out,226.23,Umitas Jorelitz,GB,wire
P000994,2026-06-12T14:07:00,C0065,in,1518.29,Taldan Pravines,US,card
P010410,2026-06-12T14:09:00,C0051,out,3965.76,Osttas Nevicenko,DE,wire
P003853,2026-06-12T14:23:00,C0343,out,1759.59,Zarmir Hanreyan,FR,card
P001399,2026-06-12T14:28:00,C0062,in,741.38,Hennek Gostynitz,FR,wire
P000749,2026-06-12T14:36:00,C0001,out,3824.02,Ilylo Gostynski,US,wire
P004361,2026-06-12T14:39:00,C0307,in,237.02,Zarriel Farelyan,GB,wire
P003964,2026-06-12T14:50:00,C0264,out,726.03,Grevnek Hanreenko,MY,wire
P002111,2026-06-12T15:12:00,C0278,in,1691.20,Mormir Aldrear,XC,wire
P005351,2026-06-12T15:24:00,C0306,in,1115.00,Brantas Boskoitz,DE,wire
P004668,2026-06-12T15:28:00,C0000,in,856.06,Umivic Boskoov,AU,card
P005185,2026-06-12T15:50:00,C0025,out,457.06,Ilydan Gostynski,DE,wire
P003969,2026-06-12T15:52:00,C0022,in,26336.44,Ostdan Ivaskov,DE,card
P010798,2026-06-12T15:54:00,C0343,in,340.80,Felvic Gostynyan,XA,wire
P001835,2026-06-12T15:59:00,C0115,out,2174.86,Zarnek Jorelitz,FR,wire
P003196,2026-06-12T16:07:00,C0022,out,312.72,Kadan Davrees,FR,cash
P003808,2026-06-12T16:15:00,C0056,in,566.79,Ostren Jorelski,US,wire
P009873,2026-06-12T16:47:00,C0045,in,185.65,Grevlo Orzekar,US,card
P005310,2026-06-12T16:48:00,C0281,in,1288.03,Grevlo Boskoski,SG,wire
P003745,2026-06-12T16:52:00,C0141,out,814.71,Zardan Gostynyan,US,wire
P009345,2026-06-12T16:54:00,C0340,out,781.18,Dordan Pravinov,DE,wire
P004012,2026-06-12T16:56:00,C0294,in,349.00,Kavic Enkoov,DE,wire
P007319,2026-06-12T17:12:00,C0310,in,591.02,Hendan Ivaskenko,KR,wire
P003282,2026-06-12T17:29:00,C0092,out,1186.72,Kamir Enkoyan,JP,wire
P009982,2026-06-12T17:34:00,C0153,out,92.71,Branren Nevicyan,GB,wire
P009019,2026-06-12T17:39:00,C0221,out,1085.18,Talren Pravinar,FR,wire
P002795,2026-06-12T17:46:00,C0024,in,1408.50,Grevmir Farelar,JP,wire
P007129,2026-06-12T17:51:00,C0059,in,1213.78,Taltas Jorelar,KR,wire
P001390,2026-06-12T17:55:00,C0120,in,880.22,Nisren Marositz,FR,wire
P002238,2026-06-12T18:18:00,C0299,in,2451.84,Dorvic Krevoenko,JP,cash
P000529,2026-06-12T18:38:00,C0012,in,614.97,Rallo Enkoar,SG,wire
P004534,2026-06-12T18:38:00,C0352,out,862.99,Felren Davreov,FR,cash
P010249,2026-06-12T19:01:00,C0167,out,1147.06,Kariel Enkoov,US,wire
P006145,2026-06-12T19:20:00,C0379,in,2782.40,Kavic Lundraenko,US,wire
P000590,2026-06-12T19:22:00,C0018,out,835.87,Venek Hanreenko,US,wire
P010150,2026-06-12T19:23:00,C0107,in,484.66,Branvic Krevoski,DE,wire
P009793,2026-06-12T19:24:00,C0157,out,592.89,Ostriel Boskoenko,MY,wire
P006307,2026-06-12T19:35:00,C0023,in,7774.93,Ostnek Boskoitz,DE,wire
P008810,2026-06-12T19:38:00,C0399,in,5545.89,Ilyriel Boskoenko,GB,wire
P009238,2026-06-12T20:11:00,C0111,in,921.96,Dorvic Enkoul,SG,wire
P006184,2026-06-12T20:13:00,C0000,in,1158.63,Grevlo Orzekski,XC,wire
P009988,2026-06-12T20:19:00,C0267,in,138.00,Ralmir Orzekul,VN,card
P006398,2026-06-12T20:23:00,C0208,out,8123.59,Dornek Hanreenko,AU,wire
P009059,2026-06-12T20:27:00,C0328,out,916.51,Grevriel Davreyan,AU,wire
P005326,2026-06-12T20:34:00,C0131,out,972.32,Ralnek Hanreul,VN,wire
P001087,2026-06-12T20:46:00,C0034,in,359.99,Grevdan Hanreov,DE,wire
P009728,2026-06-12T20:48:00,C0222,out,5957.11,Nisdan Farelar,AU,wire
P003933,2026-06-12T20:55:00,C0310,out,1604.78,Henriel Orzekenko,SG,wire
P010399,2026-06-12T21:04:00,C0039,out,3119.35,Ilydan Pravinski,AU,wire
P000157,2026-06-12T21:17:00,C0390,out,3327.37,Zardan Marosski,KR,card
P011395,2026-06-12T21:34:00,C0170,out,2985.34,Grevlo Boskoski,SG,card
P005642,2026-06-12T21:38:00,C0007,in,182.43,Mortas Gostynski,GB,card
P005094,2026-06-12T22:01:00,C0154,in,2463.59,Grevriel Davreyan,XA,wire
P000382,2026-06-12T22:02:00,C0255,in,436.50,Felren Gostynul,VN,wire
P000800,2026-06-12T22:31:00,C0007,out,236.31,Kamir Enkoyan,FR,wire
P007898,2026-06-12T22:33:00,C0204,in,983.90,Felmir Nevicitz,KR,wire
P011359,2026-06-12T22:35:00,C0231,out,2401.03,Grevvic Marosov,JP,wire
P003294,2026-06-12T22:42:00,C0221,out,221.53,Grevdan Aldrear,VN,wire
P005920,2026-06-12T22:43:00,C0266,in,402.56,Ilydan Krevoes,MY,wire
P004975,2026-06-12T22:49:00,C0196,out,1793.90,Zarnek Lundrayan,VN,wire
P009691,2026-06-12T23:16:00,C0395,out,785.28,Nisdan Farelenko,FR,wire
P008261,2026-06-12T23:17:00,C0241,in,129.45,Henvic Jorelitz,AU,wire
P008302,2026-06-12T23:20:00,C0324,out,395.97,Nisdan Farelenko,GB,wire
P001689,2026-06-12T23:24:00,C0075,in,1329.99,Karen Aldreul,AU,card
P003248,2026-06-12T23:49:00,C0281,out,2317.28,Morriel Nevicar,MY,cash
P003924,2026-06-12T23:52:00,C0071,out,5039.51,Vedan Farelar,FR,wire
P000571,2026-06-12T23:55:00,C0327,out,6033.33,Raldan Marosyan,KR,wire
P003748,2026-06-12T23:55:00,C0222,in,1653.09,Henren Ivaskski,DE,wire
P011885,2026-06-13T00:06:00,C0125,in,1390.35,Ostnek Lundrayenko,GB,wire
P007869,2026-06-13T00:23:00,C0186,out,2522.50,Brannek Hanreyan,AU,card
P009697,2026-06-13T00:36:00,C0332,out,1773.38,Nistas Krevoar,XB,card
P009360,2026-06-13T00:45:00,C0007,out,588.61,Kadan Boskoul,SG,wire
P003989,2026-06-13T00:47:00,C0292,in,555.21,Branmir Orzekul,GB,wire
P009109,2026-06-13T01:07:00,C0061,out,246.42,Zarren Fareles,US,wire
P002049,2026-06-13T01:14:00,C0246,out,1837.56,Felmir Gostynyan,FR,wire
P011786,2026-06-13T01:15:00,C0071,out,1184.20,Vedan Hanreov,JP,card
P007633,2026-06-13T01:19:00,C0024,out,1025.07,Kamir Enkoyan,US,wire
P005254,2026-06-13T01:20:00,C0127,in,3698.35,Zarmir Aldrees,US,wire
P004741,2026-06-13T01:21:00,C0298,in,4754.03,Henmir Krevoyan,MY,cash
P005131,2026-06-13T01:24:00,C0034,out,1226.06,Dortas Boskoov,VN,card
P008413,2026-06-13T01:25:00,C0380,in,1219.43,Talmir Orzekes,KR,card
P009266,2026-06-13T01:26:00,C0261,out,511.94,Umivic Boskoenko,GB,wire
P005666,2026-06-13T01:32:00,C0259,out,3393.18,Zarvic Ivaskyan,US,wire
P008885,2026-06-13T01:41:00,C0190,out,956.67,Talriel Boskoski,FR,wire
P003172,2026-06-13T01:51:00,C0066,in,246.54,Zarvic Marosyan,US,wire
P010751,2026-06-13T01:56:00,C0169,in,6800.26,Veren Lundraar,FR,wire
P009666,2026-06-13T02:43:00,C0102,out,12387.12,Henriel Orzekenko,XB,wire
P010174,2026-06-13T03:03:00,C0310,in,1446.21,Vedan Hanreov,JP,wire
P005727,2026-06-13T03:38:00,C0110,in,1712.99,Veren Cernaar,FR,card
P003077,2026-06-13T04:07:00,C0107,in,4815.82,Ostdan Hanreenko,VN,card
P001170,2026-06-13T04:10:00,C0189,out,677.03,Ostdan Hanreenko,DE,card
P004941,2026-06-13T04:46:00,C0375,out,393.35,Veren Boskoitz,KR,wire
P002113,2026-06-13T04:50:00,C0237,in,306.24,Nisdan Aldreul,FR,card
P004402,2026-06-13T04:57:00,C0236,out,13981.03,Ostren Jorelski,KR,wire
P006027,2026-06-13T04:57:00,C0100,in,6922.23,Raltas Marosov,KR,wire
P002400,2026-06-13T04:59:00,C0200,in,959.98,Sevdan Farelitz,AU,wire
P009674,2026-06-13T05:01:00,C0252,out,330.01,Ilyren Krevoyan,GB,wire
P010372,2026-06-13T05:37:00,C0247,out,330.85,Ilyvic Orzekul,VN,wire
P010756,2026-06-13T06:04:00,C0264,out,5632.92,Henvic Fareles,GB,wire
P006423,2026-06-13T06:06:00,C0204,out,997.29,Talvic Davrees,AU,wire
P010595,2026-06-13T06:20:00,C0378,in,302.20,Ilymir Krevoenko,DE,wire
P006044,2026-06-13T06:28:00,C0226,out,1010.85,Zarlo Fareles,VN,wire
P010294,2026-06-13T06:54:00,C0021,out,708.21,Ostdan Hanreenko,KR,wire
P009590,2026-06-13T07:30:00,C0023,out,10246.94,Branmir Ivaskul,SG,wire
P011448,2026-06-13T07:34:00,C0330,in,1736.57,Zarren Ivaskul,GB,wire
P004882,2026-06-13T07:48:00,C0121,out,5192.66,Talmir Davreitz,KR,wire
P004346,2026-06-13T07:52:00,C0158,out,366.18,Ilymir Jorelar,AU,wire
P001245,2026-06-13T08:08:00,C0163,out,1800.15,Sevdan Farelitz,MY,card
P006726,2026-06-13T08:19:00,C0306,in,1088.57,Umitas Jorelitz,MY,wire
P004300,2026-06-13T08:20:00,C0096,out,205.29,Dorlo Boskoitz,US,wire
P000052,2026-06-13T08:30:00,C0115,out,4859.75,Talmir Maroses,FR,wire
P006112,2026-06-13T08:36:00,C0119,out,312.07,Vevic Hanreul,GB,wire
P010011,2026-06-13T08:41:00,C0145,in,3934.42,Mornek Jorelitz,FR,wire
P010568,2026-06-13T08:44:00,C0289,in,664.79,Kavic Gostynyan,FR,card
P006408,2026-06-13T09:12:00,C0356,out,424.20,Brantas Boskoitz,GB,wire
P007274,2026-06-13T09:28:00,C0372,out,943.07,Vedan Farelar,JP,wire
P008861,2026-06-13T09:37:00,C0289,in,179.43,Fello Cernaitz,US,wire
P008946,2026-06-13T09:47:00,C0306,in,347.27,Umilo Enkoski,MY,card
P005575,2026-06-13T10:15:00,C0111,out,328.29,Zarren Ivaskul,KR,wire
P010015,2026-06-13T10:15:00,C0175,in,1667.93,Mormir Hanreov,VN,wire
P005276,2026-06-13T10:33:00,C0258,in,85.95,Veriel Krevoitz,AU,card
P010341,2026-06-13T10:33:00,C0018,out,6191.16,Ostriel Boskoitz,AU,wire
P006392,2026-06-13T10:45:00,C0190,in,369.90,Henlo Joreles,FR,card
P004634,2026-06-13T10:46:00,C0163,in,605.50,Grevvic Farelitz,AU,wire
P006376,2026-06-13T10:48:00,C0071,in,1019.20,Umimir Ivaskul,AU,wire
P003503,2026-06-13T11:08:00,C0355,out,813.15,Ilyren Krevoyan,AU,wire
P002410,2026-06-13T11:12:00,C0204,out,804.22,Branren Davreul,US,cash
P009282,2026-06-13T11:24:00,C0296,out,462.88,Zarlo Gostynyan,GB,wire
P007222,2026-06-13T11:28:00,C0378,out,762.69,Umiriel Cernaski,US,wire
P000707,2026-06-13T11:46:00,C0180,out,549.11,Ilydan Cernaes,VN,card
P010734,2026-06-13T12:03:00,C0111,in,561.82,Raldan Aldrear,MY,wire
P004051,2026-06-13T12:11:00,C0335,out,1988.87,Vetas Krevoov,MY,card
P001551,2026-06-13T12:23:00,C0129,in,2758.97,Katas Gostynenko,XB,wire
P003585,2026-06-13T12:23:00,C0182,out,406.03,Hennek Lundraov,JP,wire
P007186,2026-06-13T12:23:00,C0200,out,2018.77,Nisren Jorelyan,MY,wire
P007246,2026-06-13T12:33:00,C0170,in,152.51,Morren Lundraul,US,wire
P002588,2026-06-13T12:42:00,C0289,in,588.57,Ilylo Farelyan,SG,wire
P002897,2026-06-13T13:14:00,C0221,out,9347.04,Osttas Pravinitz,GB,wire
P009770,2026-06-13T13:23:00,C0037,out,149.41,Talmir Davreitz,FR,wire
P000582,2026-06-13T13:27:00,C0071,out,2223.57,Morvic Boskoul,DE,wire
P000285,2026-06-13T13:33:00,C0029,out,1137.37,Ostriel Hanreitz,DE,wire
P001742,2026-06-13T13:39:00,C0050,in,236.61,Ostren Jorelski,KR,wire
P001133,2026-06-13T13:46:00,C0302,out,4027.19,Umitas Davreski,XC,wire
P008699,2026-06-13T14:34:00,C0261,out,850.88,Hentas Boskoul,GB,wire
P002382,2026-06-13T15:00:00,C0059,in,1900.19,Nisdan Pravinyan,AU,wire
P008848,2026-06-13T15:25:00,C0096,out,405.10,Osttas Enkoul,DE,wire
P011075,2026-06-13T15:25:00,C0099,in,3552.13,Mornek Gostynski,AU,wire
P003118,2026-06-13T15:28:00,C0306,in,3921.64,Mormir Boskoes,KR,wire
P003976,2026-06-13T15:29:00,C0275,in,2425.30,Grevdan Pravinul,AU,wire
P002771,2026-06-13T15:38:00,C0013,out,2272.58,Kadan Boskoov,VN,wire
P010008,2026-06-13T16:01:00,C0386,out,157.22,Kariel Nevicul,KR,wire
P001587,2026-06-13T16:30:00,C0239,out,4998.32,Ralren Nevicar,AU,wire
P001344,2026-06-13T16:38:00,C0231,out,1930.70,Ilyvic Davreenko,DE,wire
P003990,2026-06-13T16:40:00,C0066,out,1378.85,Zarlo Cernaar,KR,cash
P004043,2026-06-13T16:41:00,C0322,out,1047.23,Umivic Nevicenko,JP,wire
P009404,2026-06-13T16:53:00,C0025,out,3084.41,Zarnek Lundrayan,GB,wire
P002359,2026-06-13T16:55:00,C0143,out,2049.37,Nisren Marosov,XA,card
P000168,2026-06-13T16:56:00,C0144,out,2733.17,Kalo Cernaes,FR,cash
P003553,2026-06-13T17:06:00,C0088,out,996.39,Branvic Boskoitz,AU,wire
P005998,2026-06-13T17:07:00,C0002,in,4629.17,Talmir Davreitz,VN,wire
P003919,2026-06-13T17:08:00,C0324,out,4433.98,Zartas Ivaskul,US,cash
P010183,2026-06-13T17:08:00,C0014,out,2503.16,Nisren Jorelyan,FR,cash
P010337,2026-06-13T17:15:00,C0200,out,813.14,Morriel Cernaenko,VN,wire
P008482,2026-06-13T17:27:00,C0135,out,1631.00,Kalo Boskosenko,US,wire
P011509,2026-06-13T17:31:00,C0043,in,3646.11,Hendan Aldreski,JP,wire
P006099,2026-06-13T17:34:00,C0332,in,169.88,Mormir Aldrear,KR,cash
P010990,2026-06-13T18:14:00,C0216,out,5003.41,Zarmir Krevoski,VN,card
P006851,2026-06-13T18:21:00,C0101,out,433.61,Kalo Ivaskenko,XA,card
P000490,2026-06-13T18:22:00,C0082,in,945.61,Grevdan Hanreov,DE,wire
P003502,2026-06-13T18:25:00,C0068,in,1395.08,Sevren Orzekar,MY,wire
P008160,2026-06-13T18:48:00,C0286,in,1217.75,Sevriel Cernaes,GB,cash
P004899,2026-06-13T18:51:00,C0035,out,551.16,Kalo Krevoar,SG,wire
P001204,2026-06-13T19:20:00,C0067,in,566.56,Umimir Davreenko,SG,wire
P003820,2026-06-13T19:46:00,C0090,in,568.95,Kanek Krevoski,US,card
P011602,2026-06-13T19:50:00,C0029,out,8054.08,Grevriel Krevoenko,SG,cash
P001037,2026-06-13T19:53:00,C0339,in,2429.31,Tallo Hanreenko,FR,wire
P008123,2026-06-13T19:57:00,C0042,out,148.24,Dorren Marosenko,DE,wire
P008209,2026-06-13T20:11:00,C0285,in,597.89,Branriel Ivaskenko,DE,wire
P005574,2026-06-13T20:28:00,C0060,in,2948.07,Hennek Davreov,XB,card
P009399,2026-06-13T20:36:00,C0077,out,327.98,Morren Cernayan,SG,card
P004006,2026-06-13T20:48:00,C0034,out,1025.06,Ilydan Davreul,US,card
P003860,2026-06-13T21:23:00,C0057,out,2060.24,Ilyriel Boskoenko,JP,card
P007025,2026-06-13T21:31:00,C0150,out,1115.93,Morlo Cernaitz,AU,card
P003799,2026-06-13T21:32:00,C0274,out,219.33,Ralriel Orzekar,XB,cash
P006211,2026-06-13T21:47:00,C0100,out,191.40,Dorlo Boskoitz,FR,wire
P003358,2026-06-13T21:48:00,C0343,out,1644.65,Velo Hanreul,GB,card
P003666,2026-06-13T22:17:00,C0027,in,1312.90,Henren Cernayan,SG,wire
P009868,2026-06-13T22:18:00,C0053,in,323.94,Grevvic Marosov,FR,wire
P000070,2026-06-13T22:48:00,C0111,out,161.02,Raldan Nevicul,XC,cash
P004246,2026-06-13T22:51:00,C0363,out,4119.41,Talvic Boskoov,US,wire
P002117,2026-06-13T23:06:00,C0332,in,9247.09,Kanek Davreski,SG,wire
P007163,2026-06-13T23:16:00,C0126,out,4188.39,Ilylo Gostynski,KR,wire
P008201,2026-06-13T23:22:00,C0317,in,256.28,Branren Davreenko,FR,card
P002525,2026-06-13T23:26:00,C0320,out,287.98,Ilytas Davreov,US,wire
P003067,2026-06-13T23:41:00,C0257,in,10966.42,Branvic Lundraar,GB,wire
P008150,2026-06-13T23:45:00,C0308,out,2658.81,Grevdan Krevoar,GB,cash
P006986,2026-06-13T23:58:00,C0384,out,548.73,Umidan Pravinenko,KR,wire
P001246,2026-06-14T00:13:00,C0025,out,807.60,Sevren Nevicyan,US,card
P004985,2026-06-14T00:17:00,C0218,out,980.06,Branren Davreul,DE,wire
P004812,2026-06-14T00:21:00,C0339,in,743.33,Branmir Marosenko,AU,card
P001765,2026-06-14T00:26:00,C0360,out,146.32,Mordan Boskoski,XC,wire
P002497,2026-06-14T00:36:00,C0039,out,645.94,Kadan Ivaskul,GB,wire
P001273,2026-06-14T00:45:00,C0078,out,3396.24,Kadan Nevicov,DE,card
P004360,2026-06-14T01:01:00,C0086,out,609.50,Ilydan Krevoes,GB,wire
P007712,2026-06-14T01:03:00,C0319,in,598.30,Dorren Hanrear,VN,wire
P002292,2026-06-14T01:26:00,C0236,out,724.55,Grevren Gostynes,VN,wire
P005650,2026-06-14T01:27:00,C0287,in,860.30,Nistas Krevoar,SG,wire
P008225,2026-06-14T01:33:00,C0387,out,8841.45,Nisvic Aldreul,XC,wire
P009586,2026-06-14T01:37:00,C0348,out,710.18,Henlo Krevoov,DE,wire
P008217,2026-06-14T01:54:00,C0215,out,4472.05,Zarnek Krevoitz,VN,wire
P005758,2026-06-14T02:20:00,C0259,out,2826.46,Ilyriel Boskoenko,JP,wire
P010532,2026-06-14T02:22:00,C0181,in,689.15,Zarnek Jorelitz,MY,wire
P002747,2026-06-14T02:24:00,C0025,out,2297.56,Hentas Krevoov,AU,wire
P007206,2026-06-14T02:56:00,C0279,out,1247.04,Kanek Davreski,KR,card
P011314,2026-06-14T03:00:00,C0245,out,5709.26,Ostren Lundraitz,AU,wire
P008131,2026-06-14T03:21:00,C0012,in,717.25,Kariel Pravinul,AU,card
P007814,2026-06-14T03:31:00,C0084,out,2234.14,Nisren Davrear,XC,wire
P000101,2026-06-14T03:34:00,C0370,out,999.46,Dorlo Farelar,SG,wire
P000348,2026-06-14T03:45:00,C0288,out,5234.95,Rallo Enkoar,GB,wire
P006076,2026-06-14T03:47:00,C0073,out,436.18,Talmir Joreles,MY,wire
P003710,2026-06-14T03:59:00,C0390,in,878.89,Talmir Nevicsenko,MY,card
P004814,2026-06-14T04:02:00,C0155,in,454.54,Kanek Krevoski,FR,wire
P006175,2026-06-14T04:39:00,C0090,in,1591.56,Morren Farelul,US,wire
P011609,2026-06-14T04:47:00,C0066,out,12260.83,Osttas Farelitz,DE,wire
P005169,2026-06-14T04:54:00,C0026,out,389.32,Zarriel Gostynar,MY,cash
P003786,2026-06-14T04:56:00,C0238,out,906.22,Umiren Hanreski,AU,card
P010265,2026-06-14T05:04:00,C0234,in,3252.76,Umiren Lundraski,SG,cash
P010482,2026-06-14T05:31:00,C0096,in,309.90,Katas Pravines,MY,cash
P003446,2026-06-14T05:48:00,C0276,in,176.24,Zarvic Davreul,US,cash
P008114,2026-06-14T05:59:00,C0225,out,1477.62,Umiriel Cernaski,AU,wire
P003607,2026-06-14T06:06:00,C0128,out,127.20,Branren Nevicyan,FR,cash
P011904,2026-06-14T06:06:00,C0189,out,6987.08,Dorren Hanreyan,AU,wire
P002285,2026-06-14T06:42:00,C0046,in,4833.27,Nisvic Aldreul,MY,card
P006210,2026-06-14T06:58:00,C0325,in,115.85,Kavic Enkoov,FR,wire
P004459,2026-06-14T07:09:00,C0215,in,328.92,Talnek Pravines,DE,wire
P005484,2026-06-14T07:16:00,C0250,out,1467.02,Kanek Davreski,JP,card
P009592,2026-06-14T07:18:00,C0170,out,221.07,Nismir Farelar,MY,wire
P005814,2026-06-14T07:20:00,C0320,in,98.60,Talnek Marosyan,DE,wire
P004723,2026-06-14T08:26:00,C0020,in,1320.99,Veren Ivaskul,MY,wire
P011237,2026-06-14T08:43:00,C0189,out,9211.01,Feldan Boskoov,GB,card
P007551,2026-06-14T08:44:00,C0399,out,399.76,Ostmir Hanrees,MY,card
P004631,2026-06-14T08:56:00,C0300,in,6551.45,Hendan Gostynov,VN,wire
P002336,2026-06-14T08:58:00,C0342,out,1164.23,Uminek Aldreul,SG,wire
P006315,2026-06-14T08:58:00,C0359,out,2434.31,Zarvic Lundraar,VN,card
P006601,2026-06-14T09:25:00,C0390,out,411.16,Sevren Jorelyan,FR,wire
P002347,2026-06-14T09:34:00,C0361,in,420.17,Mornek Nevicenko,JP,wire
P008538,2026-06-14T09:34:00,C0363,in,254.67,Kamir Cernaar,MY,card
P005518,2026-06-14T10:01:00,C0246,in,433.93,Branren Aldreitz,FR,wire
P003032,2026-06-14T10:42:00,C0181,in,546.16,Zartas Gostynar,AU,wire
P005954,2026-06-14T10:49:00,C0060,in,5301.46,Branren Davreenko,VN,card
P009815,2026-06-14T11:14:00,C0319,out,124.36,Mormir Boskoes,KR,card
P008853,2026-06-14T11:17:00,C0137,out,147.40,Grevlo Boskoitz,JP,wire
P008898,2026-06-14T11:31:00,C0174,out,947.24,Sevlo Orzekenko,KR,wire
P009308,2026-06-14T11:52:00,C0154,out,1374.87,Felvic Ivaskitz,JP,wire
P010300,2026-06-14T11:53:00,C0151,in,2603.14,Feldan Lundraes,VN,card
P002274,2026-06-14T11:56:00,C0310,in,2713.51,Kalo Krevoar,VN,wire
P003302,2026-06-14T12:19:00,C0072,out,1486.58,Vedan Farelar,SG,cash
P000497,2026-06-14T12:33:00,C0360,in,242.44,Ilymir Enkoar,MY,card
P000664,2026-06-14T13:05:00,C0006,out,591.17,Mormir Hanreov,JP,wire
P006382,2026-06-14T13:10:00,C0399,out,7092.15,Ostvic Aldreski,AU,wire
P002755,2026-06-14T13:12:00,C0201,in,1179.14,Ralriel Krevoitz,MY,card
P004906,2026-06-14T13:18:00,C0141,in,512.66,Dortas Boskoov,US,wire
P001627,2026-06-14T13:46:00,C0363,in,331.99,Raldan Nevicul,DE,wire
P006439,2026-06-14T14:02:00,C0252,out,9042.81,Grevlo Orzekar,FR,cash
P011183,2026-06-14T14:02:00,C0027,in,322.60,Zarnek Ivaskul,JP,wire
P001124,2026-06-14T14:09:00,C0094,out,1085.80,Ostriel Jorelul,FR,card
P006308,2026-06-14T14:10:00,C0256,in,386.66,Kavic Enkoov,FR,cash
P003608,2026-06-14T14:12:00,C0273,out,1191.07,Mornek Davreenko,US,card
P006585,2026-06-14T14:16:00,C0111,in,9516.95,Henlo Davreul,US,wire
P001882,2026-06-14T14:32:00,C0378,in,109.74,Dorren Ivaskenko,JP,wire
P005406,2026-06-14T14:35:00,C0290,out,1088.40,Sevlo Cernaul,DE,wire
P008116,2026-06-14T14:57:00,C0378,out,1236.34,Ostlo Boskoul,JP,cash
P007949,2026-06-14T15:21:00,C0334,out,8335.40,Mortas Lundrayan,AU,wire
P011661,2026-06-14T15:28:00,C0110,in,1955.94,Zarvic Enkoar,SG,wire
P009245,2026-06-14T15:29:00,C0102,in,3242.53,Nisriel Pravinenko,XC,wire
P002915,2026-06-14T15:51:00,C0219,in,2515.55,Grevren Gostynes,KR,card
P010897,2026-06-14T16:44:00,C0252,in,898.64,Ilydan Pravinski,MY,wire
P009339,2026-06-14T16:49:00,C0178,in,525.03,Ilydan Marositz,FR,cash
P000226,2026-06-14T16:51:00,C0368,out,265.13,Rallo Enkoar,MY,card
P003480,2026-06-14T16:53:00,C0394,in,233.08,Hendan Hanreski,MY,wire
P000169,2026-06-14T16:56:00,C0353,in,275.21,Mortas Aldrear,KR,wire
P005987,2026-06-14T17:02:00,C0033,in,749.12,Sevriel Joreles,MY,wire
P011933,2026-06-14T17:03:00,C0114,in,773.32,Henmir Krevoyan,KR,wire
P000365,2026-06-14T17:08:00,C0225,out,195.79,Zarvic Enkoitz,XC,wire
P001986,2026-06-14T17:16:00,C0386,out,1833.94,Branren Nevices,AU,wire
P005901,2026-06-14T17:43:00,C0051,out,2562.69,Branren Nevicyan,VN,wire
P000397,2026-06-14T17:47:00,C0339,out,230.14,Sevriel Enkoes,MY,wire
P004854,2026-06-14T18:00:00,C0168,out,11965.94,Zardan Marosski,VN,wire
P006110,2026-06-14T18:01:00,C0364,out,445.42,Morriel Marositz,US,wire
P003564,2026-06-14T18:38:00,C0177,in,1154.70,Zarlo Pravinyan,VN,wire
P005501,2026-06-14T18:42:00,C0049,out,3017.94,Feltas Ivaskenko,DE,wire
P001847,2026-06-14T19:16:00,C0093,out,396.98,Felriel Aldreov,US,wire
P006870,2026-06-14T19:16:00,C0209,out,929.84,Hentas Davreitz,AU,cash
P009037,2026-06-14T19:36:00,C0283,in,457.33,Mornek Gostynski,US,card
P002116,2026-06-14T20:09:00,C0111,in,3406.75,Veren Davreul,KR,wire
P002757,2026-06-14T20:21:00,C0395,out,2099.45,Osttas Pravinitz,SG,wire
P010659,2026-06-14T20:22:00,C0068,in,528.14,Umiriel Boskoes,XC,wire
P001609,2026-06-14T20:28:00,C0083,in,224.05,Hentas Krevoul,FR,card
P000544,2026-06-14T20:29:00,C0115,in,114.77,Branlo Cernaenko,FR,cash
P007848,2026-06-14T20:32:00,C0360,in,3180.24,Morriel Ivaskyan,DE,wire
P010385,2026-06-14T20:32:00,C0061,in,3337.24,Kariel Krevoenko,KR,wire
P006951,2026-06-14T20:43:00,C0335,in,3105.76,Felren Ivaskov,DE,card
P000327,2026-06-14T21:05:00,C0266,out,322.58,Felvic Gostynyan,SG,wire
P003405,2026-06-14T21:24:00,C0323,out,639.49,Vedan Marosar,GB,wire
P010304,2026-06-14T21:28:00,C0292,out,472.30,Veriel Jorelenko,DE,wire
P001626,2026-06-14T21:44:00,C0114,out,8324.83,Hennek Jorelyan,AU,wire
P010543,2026-06-14T21:49:00,C0302,in,1346.95,Henmir Jorelul,GB,wire
P005205,2026-06-14T21:57:00,C0369,out,544.21,Talvic Ivaskitz,MY,wire
P006961,2026-06-14T22:00:00,C0194,out,751.03,Veren Marosar,DE,wire
P000336,2026-06-14T22:01:00,C0092,out,1534.07,Raltas Lundraitz,XB,wire
P004414,2026-06-14T22:17:00,C0021,in,6888.68,Ostren Aldreov,VN,card
P008410,2026-06-14T22:22:00,C0232,in,817.52,Zarnek Krevoitz,MY,wire
P004522,2026-06-14T22:31:00,C0352,in,100.98,Zarvic Orzekenko,FR,wire
P002445,2026-06-14T22:32:00,C0114,out,939.14,Ostlo Jorelar,VN,wire
P011244,2026-06-14T22:42:00,C0048,out,2478.02,Branlo Enkoyan,GB,wire
P000305,2026-06-14T22:47:00,C0281,out,1921.94,Talnek Lundrayan,AU,wire
P008997,2026-06-14T22:48:00,C0021,out,337.71,Nisriel Pravinenko,MY,wire
P010611,2026-06-14T22:56:00,C0042,out,4458.95,Mornek Davreenko,SG,wire
P010317,2026-06-14T23:05:00,C0022,out,2247.47,Dormir Lundraes,US,wire
P003225,2026-06-14T23:30:00,C0137,in,462.80,Henriel Aldreyan,VN,wire
P007236,2026-06-14T23:33:00,C0084,in,1068.89,Zarnek Hanreyan,AU,cash
P005479,2026-06-14T23:43:00,C0316,in,707.50,Morlo Cernaitz,AU,card
P007197,2026-06-14T23:49:00,C0355,out,891.22,Osttas Farelitz,AU,wire
P009916,2026-06-15T00:19:00,C0358,in,1513.45,Ostmir Jorelov,GB,wire
P000509,2026-06-15T00:29:00,C0252,in,2179.42,Morvic Pravines,KR,card
P004471,2026-06-15T00:37:00,C0013,in,3980.19,Dorlo Boskoski,US,wire
P009880,2026-06-15T01:22:00,C0225,in,1903.88,Nisriel Cernayan,DE,wire
P001414,2026-06-15T01:24:00,C0294,in,101.08,Taldan Hanreski,GB,wire
P008424,2026-06-15T02:04:00,C0345,out,2060.73,Grevmir Cernayan,MY,wire
P000469,2026-06-15T02:14:00,C0149,out,647.03,Kavic Aldreul,VN,wire
P006000,2026-06-15T02:15:00,C0352,out,506.22,Ilyren Davreitz,US,wire
P002792,2026-06-15T02:18:00,C0113,in,1434.70,Raltas Jorelyan,JP,wire
P001628,2026-06-15T02:25:00,C0025,in,5149.39,Ralren Nevicar,AU,cash
P005817,2026-06-15T02:27:00,C0396,in,7691.49,Ilylo Farelyan,DE,wire
P003934,2026-06-15T02:28:00,C0202,out,146.09,Karen Enkoski,SG,wire
P001841,2026-06-15T02:55:00,C0204,in,403.35,Ralvic Jorelitz,JP,wire
P002153,2026-06-15T03:15:00,C0176,in,183.27,Morriel Nevicar,DE,wire
P006066,2026-06-15T03:19:00,C0273,out,405.14,Kavic Nevicitz,FR,wire
P006177,2026-06-15T03:51:00,C0000,out,2462.01,Ilydan Nevicenko,JP,card
P011453,2026-06-15T03:59:00,C0092,out,220.77,Nisdan Aldreul,FR,cash
P004219,2026-06-15T04:19:00,C0133,out,1816.34,Mormir Hanreov,US,card
P005884,2026-06-15T04:25:00,C0000,in,1301.34,Feltas Aldrear,MY,wire
P010105,2026-06-15T04:41:00,C0251,in,283.36,Vevic Hanreul,XC,wire
P005060,2026-06-15T04:45:00,C0145,out,744.10,Morren Lundraul,XC,wire
P010957,2026-06-15T04:48:00,C0083,out,523.27,Raltas Enkoenko,KR,wire
P004929,2026-06-15T04:49:00,C0296,out,2901.07,Nisnek Cernaov,DE,wire
P011301,2026-06-15T05:07:00,C0189,out,708.08,Grevmir Cernayan,AU,cash
P012005,2026-06-15T05:08:00,C0097,out,4864.04,Sevrn Ivaskitz,XB,wire
P001220,2026-06-15T05:17:00,C0395,out,7727.78,Ostnek Boskoyan,JP,card
P007314,2026-06-15T05:35:00,C0287,in,1554.89,Ralnek Enkoyan,VN,wire
P007125,2026-06-15T05:48:00,C0226,in,1675.20,Grevnek Hanreenko,DE,cash
P006328,2026-06-15T06:01:00,C0287,in,379.52,Sevtas Lundraitz,US,card
P002441,2026-06-15T06:34:00,C0206,out,1387.62,Grevnek Aldrees,DE,wire
P011051,2026-06-15T06:38:00,C0115,in,2764.93,Sevlo Krevoes,US,card
P000903,2026-06-15T06:41:00,C0044,out,746.78,Grevlo Boskoitz,JP,wire
P008113,2026-06-15T06:50:00,C0291,out,6061.88,Nislo Gostynitz,AU,wire
P002506,2026-06-15T06:59:00,C0211,in,4114.94,Rallo Enkoar,GB,card
P006466,2026-06-15T07:07:00,C0012,out,3510.37,Ilyriel Boskoenko,VN,wire
P007810,2026-06-15T07:15:00,C0112,in,1230.21,Ostlo Jorelenko,FR,wire
P008540,2026-06-15T07:24:00,C0132,out,8560.48,Umiren Hanreul,JP,card
P005189,2026-06-15T07:32:00,C0245,in,558.79,Branren Cernaenko,FR,wire
P007007,2026-06-15T07:32:00,C0041,out,11725.55,Morvic Boskoul,GB,wire
P000986,2026-06-15T07:56:00,C0330,out,2222.02,Grevriel Krevoenko,US,wire
P007298,2026-06-15T08:11:00,C0397,in,267.97,Uminek Enkoski,DE,card
P010212,2026-06-15T08:34:00,C0227,out,13524.15,Grevren Enkoenko,GB,card
P002475,2026-06-15T08:48:00,C0002,out,493.19,Hennek Jorelyan,JP,card
P000155,2026-06-15T08:59:00,C0371,out,502.41,Nislo Gostynitz,FR,wire
P001072,2026-06-15T09:01:00,C0289,in,475.94,Sevren Nevicyan,JP,wire
P005819,2026-06-15T09:05:00,C0205,out,1542.96,Sevnek Ivaskar,MY,wire
P009290,2026-06-15T09:06:00,C0158,out,311.38,Karen Ivaskyan,DE,card
P005999,2026-06-15T09:14:00,C0300,out,6362.35,Grevdan Krevoski,XC,card
P003348,2026-06-15T09:18:00,C0171,out,527.76,Ostriel Orzekenko,AU,cash
P000216,2026-06-15T09:38:00,C0071,in,5590.02,Nislo Gostynitz,US,card
P008251,2026-06-15T10:05:00,C0312,out,3151.28,Nisdan Farelenko,AU,card
P009685,2026-06-15T10:09:00,C0206,out,3651.32,Grevtas Pravinul,KR,wire
P007242,2026-06-15T10:20:00,C0009,in,7524.26,Kanek Lundraes,FR,wire
P007991,2026-06-15T10:44:00,C0149,in,3721.75,Grevlo Krevoar,AU,wire
P000635,2026-06-15T11:31:00,C0339,out,1001.25,Umilo Orzekar,GB,wire
P003873,2026-06-15T11:43:00,C0229,in,274.74,Dorren Ivaskitz,AU,cash
P001745,2026-06-15T12:31:00,C0007,out,5723.47,Ostlo Boskoul,FR,wire
P000401,2026-06-15T12:36:00,C0016,out,1749.49,Brandan Pravinul,KR,wire
P002790,2026-06-15T12:43:00,C0007,in,3074.87,Zarnek Hanreyan,VN,card
P006695,2026-06-15T13:25:00,C0258,in,518.69,Henren Hanreov,FR,cash
P001883,2026-06-15T13:27:00,C0274,out,1489.76,Felnek Boskoov,VN,wire
P005670,2026-06-15T13:47:00,C0161,in,2435.71,Ostren Jorelski,DE,card
P011511,2026-06-15T14:00:00,C0158,in,9322.67,Morriel Farelenko,US,card
P000594,2026-06-15T14:46:00,C0022,out,2592.89,Venek Aldreov,US,wire
P008740,2026-06-15T14:54:00,C0029,out,1300.56,Umimir Davreenko,FR,cash
P001547,2026-06-15T15:12:00,C0095,in,4421.46,Ostren Aldreov,VN,cash
P007749,2026-06-15T15:16:00,C0232,in,404.70,Ostdan Pravinyan,VN,wire
P000612,2026-06-15T15:33:00,C0223,out,851.75,Henmir Hanreyan,AU,wire
P005563,2026-06-15T15:45:00,C0032,in,281.40,Umidan Pravinenko,FR,wire
P000731,2026-06-15T15:47:00,C0101,in,12490.41,Ostlo Jorelar,VN,wire
P009704,2026-06-15T16:11:00,C0052,in,337.43,Sevren Ivaskienko,GB,card
P006326,2026-06-15T16:12:00,C0137,in,1462.03,Vemir Farelyan,XA,wire
P006979,2026-06-15T16:17:00,C0360,out,1722.51,Ostriel Orzekenko,MY,wire
P005874,2026-06-15T16:20:00,C0104,out,1900.52,Ralriel Orzekyan,FR,wire
P004082,2026-06-15T16:49:00,C0276,in,1116.19,Vevic Hanreul,SG,wire
P003563,2026-06-15T17:43:00,C0166,out,256.77,Grevlo Orzekski,VN,wire
P001346,2026-06-15T18:02:00,C0309,in,1260.97,Mortas Lundrayan,JP,wire
P009472,2026-06-15T18:05:00,C0077,in,1148.95,Nisren Marosov,SG,wire
P006661,2026-06-15T18:11:00,C0270,in,3152.23,Morlo Cernaitz,VN,wire
P006832,2026-06-15T18:19:00,C0080,in,75.04,Dormir Davreul,SG,card
P007575,2026-06-15T18:23:00,C0135,out,503.62,Grevriel Lundraitz,KR,cash
P003425,2026-06-15T18:27:00,C0046,out,306.77,Morlo Pravinenko,JP,card
P006898,2026-06-15T18:34:00,C0258,out,1584.80,Zartas Pravinenko,SG,card
P010782,2026-06-15T18:47:00,C0151,in,561.13,Ralren Fareles,MY,wire
P000963,2026-06-15T18:55:00,C0346,in,835.88,Talmir Maroses,XB,wire
P006507,2026-06-15T19:05:00,C0333,out,2913.80,Mordan Davreitz,FR,wire
P011783,2026-06-15T19:08:00,C0380,in,596.52,Taldan Lundraes,MY,wire
P007461,2026-06-15T19:13:00,C0189,in,2701.07,Hennek Davreov,US,wire
P001618,2026-06-15T19:15:00,C0192,in,1563.01,Zartas Gostynar,GB,cash
P003066,2026-06-15T19:23:00,C0219,out,14658.68,Zardan Marosski,GB,card
P011109,2026-06-15T19:52:00,C0202,in,430.30,Sevren Ivaskienko,SG,wire
P004664,2026-06-15T20:00:00,C0184,in,1521.07,Feldan Boskoov,SG,card
P001959,2026-06-15T20:12:00,C0066,in,3467.37,Rallo Ivaskenko,JP,cash
P010652,2026-06-15T20:26:00,C0223,in,1973.18,Kariel Orzekski,JP,wire
P002196,2026-06-15T20:38:00,C0357,in,1313.93,Sevdan Pravinenko,DE,wire
P004947,2026-06-15T21:04:00,C0382,out,240.15,Morren Lundraul,JP,wire
P007879,2026-06-15T21:22:00,C0387,out,489.46,Felmir Jorelul,AU,wire
P008210,2026-06-15T21:31:00,C0370,out,292.73,Katas Farelul,DE,card
P002353,2026-06-15T21:39:00,C0099,out,2145.18,Zardan Cernaes,FR,card
P011552,2026-06-15T21:50:00,C0242,in,87.22,Zardan Cernaes,AU,card
P009524,2026-06-15T22:15:00,C0179,in,1342.26,Morvic Gostynenko,DE,card
P009112,2026-06-15T22:58:00,C0193,out,192.06,Zarriel Marositz,DE,wire
P004706,2026-06-15T23:13:00,C0269,out,2074.55,Sevlo Krevoes,US,wire
P007967,2026-06-15T23:13:00,C0058,out,5748.83,Grevlo Boskoitz,MY,wire
P000017,2026-06-15T23:28:00,C0287,out,5876.23,Grevnek Aldrees,FR,wire
P001969,2026-06-15T23:43:00,C0109,out,4611.55,Umiriel Cernaski,MY,wire
P001982,2026-06-15T23:44:00,C0278,out,2411.49,Branren Lundrayan,DE,card
P009792,2026-06-15T23:50:00,C0039,out,2736.13,Henriel Orzekenko,MY,card
P007058,2026-06-16T00:05:00,C0105,in,1052.11,Zartas Farelyan,KR,wire
P008106,2026-06-16T00:44:00,C0233,in,1721.02,Morvic Gostynenko,FR,wire
P007090,2026-06-16T00:46:00,C0294,in,1188.80,Nismir Hanreov,JP,card
P000556,2026-06-16T01:30:00,C0134,in,799.05,Ralnek Lundraul,XC,card
P007725,2026-06-16T01:31:00,C0382,out,2667.50,Nisnek Orzekar,FR,wire
P010928,2026-06-16T02:07:00,C0172,in,627.80,Ilytas Davreov,GB,wire
P010572,2026-06-16T02:10:00,C0344,in,857.18,Branriel Jorelul,KR,wire
P001898,2026-06-16T03:07:00,C0062,in,436.96,Felriel Aldreov,US,card
P002493,2026-06-16T03:08:00,C0062,out,1292.61,Kavic Gostynski,VN,wire
P001349,2026-06-16T03:14:00,C0315,out,3669.40,Branmir Orzekul,MY,card
P000359,2026-06-16T03:18:00,C0290,in,1524.87,Ralvic Jorelitz,GB,wire
P009855,2026-06-16T03:21:00,C0024,in,3275.48,Zarvic Orzekenko,KR,wire
P009275,2026-06-16T03:37:00,C0231,in,1450.73,Sevriel Enkoes,AU,wire
P009284,2026-06-16T03:44:00,C0250,out,951.10,Ralmir Cernaski,MY,wire
P010287,2026-06-16T03:49:00,C0023,out,3857.17,Hendan Aldreski,JP,cash
P005448,2026-06-16T04:07:00,C0351,out,744.30,Talren Pravinar,SG,card
P001058,2026-06-16T04:22:00,C0329,out,301.20,Nisnek Boskoitz,SG,wire
P001774,2026-06-16T04:32:00,C0015,out,3374.77,Ilyren Ivaskyenko,GB,card
P006468,2026-06-16T04:53:00,C0184,out,2801.90,Vemir Jorelenko,SG,card
P002802,2026-06-16T05:00:00,C0368,in,1576.65,Sevren Jorelyan,DE,wire
P004322,2026-06-16T05:01:00,C0370,in,1479.15,Katas Krevoar,FR,wire
P009389,2026-06-16T05:06:00,C0039,in,1287.73,Nislo Davresenko,VN,wire
P006156,2026-06-16T05:31:00,C0368,out,9820.95,Ralren Pravines,KR,wire
P003145,2026-06-16T05:43:00,C0361,out,491.58,Mornek Jorelitz,XA,wire
P000128,2026-06-16T05:46:00,C0154,in,3688.80,Kariel Nevicul,XC,wire
P005544,2026-06-16T05:46:00,C0067,out,1286.52,Uminek Enkoski,VN,card
P002766,2026-06-16T06:08:00,C0303,out,1312.51,Sevdan Pravinitz,XA,wire
P011233,2026-06-16T06:12:00,C0176,in,2021.37,Morvic Boskoul,AU,cash
P005587,2026-06-16T06:14:00,C0140,in,1196.65,Morlo Pravinenko,DE,card
P003432,2026-06-16T06:19:00,C0365,in,600.87,Branlo Ivaskenko,GB,wire
P011132,2026-06-16T06:21:00,C0328,in,580.26,Morren Lundraul,JP,wire
P001776,2026-06-16T06:32:00,C0108,in,56.44,Hennek Lundraov,KR,cash
P006559,2026-06-16T06:34:00,C0025,out,554.57,Sevren Nevicyan,MY,wire
P011184,2026-06-16T06:39:00,C0236,out,1558.41,Zarriel Krevoul,DE,wire
P009132,2026-06-16T07:16:00,C0381,out,3139.80,Ralren Fareles,AU,wire
P003322,2026-06-16T07:44:00,C0169,in,1037.25,Raltas Farelitz,SG,wire
P008269,2026-06-16T08:01:00,C0373,in,74.92,Uminek Lundraitz,XA,card
P007193,2026-06-16T08:08:00,C0199,in,204.71,Branmir Marosenko,FR,card
P005904,2026-06-16T08:10:00,C0328,out,1790.29,Sevren Ivaskienko,FR,cash
P005272,2026-06-16T08:22:00,C0011,in,7934.50,Sevren Jorelyan,XC,wire
P006787,2026-06-16T08:24:00,C0374,out,3004.66,Umiriel Boskoes,AU,wire
P009241,2026-06-16T08:40:00,C0077,out,2832.10,Sevriel Enkoes,SG,card
P010812,2026-06-16T08:46:00,C0352,in,1509.31,Felren Davreov,MY,wire
P005572,2026-06-16T08:59:00,C0126,out,2478.70,Henmir Enkoski,MY,card
P003251,2026-06-16T09:00:00,C0177,in,1179.23,Ostdan Farelski,FR,wire
P010926,2026-06-16T09:06:00,C0089,out,291.72,Henriel Jorelyan,SG,wire
P002603,2026-06-16T09:13:00,C0238,in,130.74,Veriel Lundraenko,GB,card
P001868,2026-06-16T09:41:00,C0254,in,351.97,Grevdan Pravinul,JP,wire
P008257,2026-06-16T10:03:00,C0093,out,585.62,Ostvic Marosar,KR,wire
P007569,2026-06-16T10:37:00,C0135,out,443.89,Felren Ivaskes,US,wire
P009136,2026-06-16T10:38:00,C0189,in,997.92,Raltas Gostynes,US,wire
P011231,2026-06-16T11:08:00,C0116,out,290.27,Ostdan Pravinyan,GB,wire
P003994,2026-06-16T11:19:00,C0028,out,3303.48,Fello Boskoitz,FR,card
P001061,2026-06-16T11:32:00,C0356,out,502.58,Kariel Nevicul,JP,wire
P011807,2026-06-16T11:37:00,C0351,in,1392.86,Zarmir Davreov,MY,card
P009035,2026-06-16T11:41:00,C0098,in,219.05,Grevren Lundraul,MY,wire
P000200,2026-06-16T11:50:00,C0386,out,3296.05,Grevren Enkoenko,MY,wire
P011689,2026-06-16T11:57:00,C0022,in,174.86,Nisriel Krevoitz,SG,wire
P004187,2026-06-16T12:20:00,C0198,out,15404.35,Brannek Pravinenko,AU,wire
P009577,2026-06-16T12:42:00,C0233,out,12298.97,Umimir Pravinov,JP,wire
P006095,2026-06-16T12:49:00,C0181,in,747.54,Nistas Krevoar,AU,card
P011025,2026-06-16T12:56:00,C0326,out,1890.24,Zarlo Gostynenko,MY,card
P001248,2026-06-16T13:06:00,C0056,in,418.66,Rallo Gostynitz,JP,card
P001027,2026-06-16T13:11:00,C0096,out,1379.18,Brannek Davreov,JP,wire
P001189,2026-06-16T13:48:00,C0204,out,3985.81,Kamir Jorelitz,JP,card
P002260,2026-06-16T14:05:00,C0113,out,2135.31,Talvic Lundraov,AU,cash
P009032,2026-06-16T14:16:00,C0237,in,2823.63,Zarren Fareles,JP,wire
P007245,2026-06-16T14:18:00,C0157,in,711.99,Nisnek Cernaov,DE,cash
P001156,2026-06-16T14:33:00,C0075,in,233.02,Veriel Krevoitz,SG,wire
P008091,2026-06-16T14:52:00,C0065,out,516.15,Branriel Enkoul,JP,wire
P001673,2026-06-16T14:54:00,C0261,in,464.42,Talmir Krevoul,GB,wire
P010308,2026-06-16T15:06:00,C0019,in,2435.77,Branlo Boskoes,SG,cash
P004069,2026-06-16T15:29:00,C0040,out,1592.96,Kavic Gostynski,GB,wire
P009802,2026-06-16T15:35:00,C0026,in,3992.81,Feltas Aldrear,GB,wire
P011781,2026-06-16T16:49:00,C0120,in,178.04,Nisnek Krevoitz,MY,card
P001720,2026-06-16T17:03:00,C0147,out,232.86,Morvic Aldrear,KR,wire
P002799,2026-06-16T17:09:00,C0089,in,1140.68,Umitas Davreski,SG,wire
P004529,2026-06-16T17:22:00,C0238,in,937.10,Ostriel Aldreov,VN,wire
P010021,2026-06-16T17:22:00,C0141,out,3165.99,Vedan Pravinenko,MY,wire
P006876,2026-06-16T17:51:00,C0335,in,587.05,Morlo Krevoenko,GB,wire
P008061,2026-06-16T18:02:00,C0305,out,198.59,Dorren Ivaskyan,DE,wire
P002948,2026-06-16T18:04:00,C0133,out,970.21,Dorvic Lundraov,VN,card
P010504,2026-06-16T18:10:00,C0079,out,5037.80,Branriel Lundraenko,SG,wire
P001355,2026-06-16T18:16:00,C0267,in,1775.41,Nisriel Pravinenko,DE,wire
P005626,2026-06-16T18:28:00,C0100,out,1707.79,Ralnek Hanreenko,KR,wire
P009157,2026-06-16T18:29:00,C0372,out,666.55,Umivic Nevicenko,US,wire
P008469,2026-06-16T18:31:00,C0102,out,498.52,Sevren Farelul,GB,wire
P011468,2026-06-16T18:31:00,C0277,in,106.87,Vetas Krevoov,DE,wire
P000358,2026-06-16T18:32:00,C0058,in,375.65,Zarlo Jorelar,JP,wire
P011210,2026-06-16T18:42:00,C0149,out,828.96,Vemir Boskoul,JP,wire
P005841,2026-06-16T19:02:00,C0129,out,991.33,Veren Farelul,JP,wire
P000373,2026-06-16T19:11:00,C0110,in,2521.68,Ralren Hanreyan,XA,wire
P008824,2026-06-16T19:41:00,C0102,in,887.50,Morvic Aldrear,FR,cash
P011161,2026-06-16T19:42:00,C0311,out,231.37,Ostriel Boskoenko,VN,wire
P000430,2026-06-16T19:53:00,C0240,in,2982.17,Ilyren Davreitz,KR,wire
P004370,2026-06-16T20:03:00,C0314,in,769.46,Sevdan Davreitz,US,wire
P003926,2026-06-16T20:16:00,C0098,out,1470.94,Zarren Nevicenko,GB,wire
P000267,2026-06-16T20:29:00,C0018,in,1074.98,Kadan Aldreov,KR,wire
P004798,2026-06-16T20:35:00,C0289,out,6197.69,Morriel Marositz,GB,wire
P010095,2026-06-16T21:35:00,C0127,in,611.72,Zarvic Lundraar,JP,wire
P008355,2026-06-16T21:47:00,C0190,out,435.56,Branriel Enkoar,KR,wire
P010276,2026-06-16T21:50:00,C0371,in,209.79,Nisdan Davrees,AU,wire
P003616,2026-06-16T22:03:00,C0034,out,850.30,Zarmir Krevoski,FR,wire
P007526,2026-06-16T22:13:00,C0264,in,8513.45,Ralvic Jorelitz,VN,cash
P006289,2026-06-16T22:22:00,C0152,in,1529.35,Sevtas Davreyan,GB,wire
P008613,2026-06-16T22:35:00,C0386,out,2244.28,Branvic Cernaski,GB,wire
P008029,2026-06-16T22:39:00,C0217,in,966.53,Sevlo Aldrees,US,card
P002066,2026-06-16T22:45:00,C0210,out,3053.72,Ostnek Boskoitz,KR,card
P008234,2026-06-16T22:50:00,C0120,out,861.03,Ralvic Jorelenko,DE,cash
P005633,2026-06-16T23:11:00,C0075,in,8142.36,Henmir Krevoyan,DE,wire
P006011,2026-06-16T23:11:00,C0084,out,5279.78,Henren Hanreov,FR,wire
P005002,2026-06-16T23:16:00,C0072,out,1728.36,Ralriel Gostynov,GB,card
P000209,2026-06-16T23:23:00,C0080,out,1523.51,Ilydan Pravinski,MY,wire
P009676,2026-06-17T00:01:00,C0028,in,4355.07,Branren Nevices,DE,wire
P011482,2026-06-17T00:10:00,C0366,out,2693.33,Katas Ivaskov,US,card
P003548,2026-06-17T00:23:00,C0346,out,486.49,Zartas Pravinenko,GB,card
P009832,2026-06-17T00:33:00,C0084,in,1187.99,Ostdan Ivaskov,VN,wire
P000074,2026-06-17T00:56:00,C0245,out,261.89,Sevlo Cernaul,MY,cash
P002601,2026-06-17T01:21:00,C0035,out,1800.78,Branlo Marosyan,DE,wire
P007483,2026-06-17T01:30:00,C0011,out,1948.04,Dornek Boskoski,JP,wire
P004480,2026-06-17T01:45:00,C0213,out,931.71,Ilyvic Orzekul,GB,wire
P004824,2026-06-17T01:48:00,C0387,out,2891.60,Nisdan Farelar,FR,wire
P005099,2026-06-17T02:10:00,C0368,out,75.04,Dorren Ivaskenko,KR,wire
P005345,2026-06-17T02:15:00,C0085,in,4578.50,Sevlo Cernaitz,AU,wire
P004465,2026-06-17T02:20:00,C0367,in,3004.04,Brantas Boskoitz,DE,card
P000537,2026-06-17T02:23:00,C0293,out,576.32,Branmir Hanrees,JP,wire
P001200,2026-06-17T02:25:00,C0130,in,439.64,Osttas Enkoul,VN,wire
P010852,2026-06-17T02:36:00,C0034,in,1351.77,Branlo Farelar,SG,wire
P006803,2026-06-17T02:50:00,C0187,in,737.19,Zarnek Krevoyan,KR,card
P006912,2026-06-17T02:55:00,C0347,in,3805.55,Venek Aldreov,DE,cash
P000491,2026-06-17T03:28:00,C0230,out,1768.26,Ralmir Orzekul,XC,wire
P000504,2026-06-17T04:05:00,C0081,out,1953.28,Kadan Nevicov,VN,wire
P000670,2026-06-17T04:10:00,C0222,in,4768.36,Grevdan Lundraul,MY,wire
P009307,2026-06-17T04:13:00,C0342,out,871.36,Talvic Boskoov,MY,wire
P008827,2026-06-17T04:27:00,C0170,out,5183.65,Talriel Farelar,AU,wire
P007638,2026-06-17T04:31:00,C0096,in,5650.45,Dormir Farelski,FR,wire
P011432,2026-06-17T04:31:00,C0210,in,3292.72,Ilydan Cernaes,KR,cash
P006535,2026-06-17T04:46:00,C0373,out,1586.06,Grevren Gostynes,MY,wire
P002975,2026-06-17T05:03:00,C0065,in,1842.32,Hentas Hanreul,AU,card
P001999,2026-06-17T05:20:00,C0163,out,1770.25,Uminek Cernaski,MY,card
P010527,2026-06-17T05:23:00,C0148,in,706.93,Dorlo Boskoski,AU,wire
P000102,2026-06-17T05:36:00,C0005,out,1418.86,Sevren Jorelyan,DE,wire
P007404,2026-06-17T05:48:00,C0233,out,595.37,Vetas Farelenko,US,wire
P010977,2026-06-17T06:15:00,C0037,out,568.79,Talmir Orzekes,AU,wire
P002003,2026-06-17T06:24:00,C0235,in,339.16,Osttas Boskoyan,FR,wire
P003042,2026-06-17T06:26:00,C0090,in,3780.98,Raltas Gostynitz,AU,wire
P006622,2026-06-17T06:27:00,C0052,out,645.60,Umitas Orzekar,XB,wire
P009281,2026-06-17T06:29:00,C0285,in,7421.50,Ostren Farelenko,JP,card
P007992,2026-06-17T06:31:00,C0368,out,505.75,Hentas Gostynitz,XB,cash
P004725,2026-06-17T06:42:00,C0051,in,500.82,Veren Maroses,AU,wire
P009492,2026-06-17T06:42:00,C0054,in,1358.36,Sevlo Cernaul,AU,card
P004896,2026-06-17T07:09:00,C0188,in,685.00,Raldan Farelyan,SG,card
P003266,2026-06-17T07:19:00,C0176,in,13081.94,Katas Aldreitz,KR,wire
P011610,2026-06-17T07:21:00,C0072,in,1041.40,Osttas Nevicenko,KR,cash
P003803,2026-06-17T07:33:00,C0168,in,343.70,Karen Enkoski,KR,card
P009905,2026-06-17T07:34:00,C0273,in,15166.51,Dorriel Nevicitz,JP,card
P010034,2026-06-17T07:36:00,C0030,out,516.66,Umivic Boskoov,DE,wire
P000616,2026-06-17T08:43:00,C0180,in,589.02,Sevriel Farelenko,JP,wire
P004876,2026-06-17T08:49:00,C0241,in,637.10,Branmir Ivaskul,US,wire
P001980,2026-06-17T08:53:00,C0323,in,290.67,Umimir Boskoenko,SG,wire
P008877,2026-06-17T09:06:00,C0242,in,8129.44,Fello Cernaitz,FR,card
P007435,2026-06-17T09:09:00,C0330,out,343.57,Sevtas Lundraitz,DE,card
P002595,2026-06-17T09:23:00,C0081,out,413.75,Branmir Ivaskul,SG,card
P010353,2026-06-17T09:33:00,C0281,out,788.48,Raltas Aldreenko,JP,card
P000300,2026-06-17T09:42:00,C0360,out,540.49,Osttas Hanreov,VN,wire
P010492,2026-06-17T09:47:00,C0210,in,2901.62,Umilo Aldreul,JP,wire
P010987,2026-06-17T09:47:00,C0277,in,426.54,Nisdan Ivaskyan,DE,card
P001235,2026-06-17T09:49:00,C0263,out,807.99,Mortas Gostynski,KR,cash
P010905,2026-06-17T09:50:00,C0261,out,131.59,Ostvic Boskoski,KR,cash
P008178,2026-06-17T09:56:00,C0035,in,2028.34,Branren Cernaenko,DE,wire
P006238,2026-06-17T10:04:00,C0301,in,304.05,Brannek Davreov,XC,wire
P004193,2026-06-17T10:18:00,C0264,in,1269.86,Zarmir Aldrees,VN,cash
P008271,2026-06-17T10:18:00,C0301,in,238.82,Raldan Aldrear,SG,wire
P006403,2026-06-17T10:28:00,C0307,out,1169.93,Katas Farelul,VN,card
P008428,2026-06-17T11:01:00,C0059,in,833.02,Vedan Cernaski,FR,wire
P003001,2026-06-17T11:18:00,C0046,out,326.53,Zarlo Davreenko,DE,card
P004440,2026-06-17T11:18:00,C0082,out,748.00,Nisnek Orzekar,VN,wire
P002417,2026-06-17T11:22:00,C0397,out,568.21,Dorvic Lundraov,GB,wire
P000680,2026-06-17T11:40:00,C0054,in,2010.09,Ostlo Aldrees,GB,wire
P000170,2026-06-17T11:53:00,C0187,out,2839.39,Umilo Davreitz,KR,wire
P003431,2026-06-17T12:09:00,C0181,out,1144.57,Branvic Krevoski,VN,cash
P003328,2026-06-17T12:37:00,C0018,out,2869.09,Talriel Ivaskski,SG,card
P004478,2026-06-17T12:39:00,C0382,in,3325.46,Karen Enkoski,GB,wire
P005976,2026-06-17T12:51:00,C0156,out,3028.83,Ilyren Boskoyan,MY,wire
P009139,2026-06-17T13:09:00,C0022,in,719.62,Ilymir Jorelar,VN,card
P006858,2026-06-17T13:25:00,C0271,in,5414.29,Tallo Hanreenko,GB,card
P011082,2026-06-17T13:36:00,C0243,in,159.70,Morlo Jorelenko,US,card
P010552,2026-06-17T13:49:00,C0130,out,996.31,Grevdan Hanreov,GB,wire
P008144,2026-06-17T13:51:00,C0266,in,687.67,Kamir Cernaar,DE,cash
P001397,2026-06-17T13:59:00,C0326,out,7755.67,Umimir Ivaskul,DE,card
P012049,2026-06-17T14:00:00,C0209,in,9510.61,Mortas Boskoul,US,cash
P003463,2026-06-17T14:03:00,C0120,in,1349.27,Mornek Davreenko,FR,wire
P006655,2026-06-17T14:06:00,C0317,out,1170.54,Rallo Ivaskenko,DE,card
P010600,2026-06-17T14:12:00,C0079,in,2072.91,Feldan Hanreov,VN,wire
P000918,2026-06-17T14:35:00,C0208,in,3294.69,Ralnek Hanreul,SG,wire
P008648,2026-06-17T15:10:00,C0026,in,79.62,Zartas Enkoar,FR,card
P001976,2026-06-17T15:27:00,C0348,out,2778.70,Grevlo Boskoski,GB,cash
P005318,2026-06-17T15:43:00,C0306,in,1208.03,Ilynek Jorelitz,AU,wire
P001567,2026-06-17T15:45:00,C0015,in,720.79,Morriel Nevicar,DE,wire
P011982,2026-06-17T16:03:00,C0327,in,1035.69,Dorren Ivaskitz,AU,wire
P007969,2026-06-17T16:20:00,C0219,in,254.36,Henlo Ivaskski,FR,wire
P011530,2026-06-17T16:22:00,C0112,out,337.18,Kalo Davreski,VN,wire
P004170,2026-06-17T16:27:00,C0179,out,10259.10,Hentas Krevoov,MY,wire
P008072,2026-06-17T16:35:00,C0116,out,3914.37,Branren Nevicyan,DE,wire
P007635,2026-06-17T16:46:00,C0091,out,2454.00,Ilyren Ivaskar,GB,cash
P001102,2026-06-17T17:09:00,C0394,out,489.98,Henmir Marosenko,AU,wire
P004302,2026-06-17T17:19:00,C0190,in,1600.28,Ralren Davreski,MY,wire
P004000,2026-06-17T17:48:00,C0084,out,481.24,Branren Aldreitz,MY,card
P005258,2026-06-17T17:51:00,C0349,in,1807.23,Nislo Gostynitz,AU,cash
P008756,2026-06-17T17:51:00,C0067,out,1013.24,Mormir Boskoes,JP,card
P005945,2026-06-17T18:08:00,C0063,out,425.50,Sevriel Davrear,VN,cash
P011754,2026-06-17T18:55:00,C0193,out,980.03,Sevvic Jorelski,VN,card
P001575,2026-06-17T19:08:00,C0042,out,821.60,Grevvic Gostynenko,US,wire
P001692,2026-06-17T19:16:00,C0139,in,378.13,Sevnek Ivaskar,SG,wire
P010347,2026-06-17T19:36:00,C0140,out,5100.74,Talren Lundraar,GB,wire
P000548,2026-06-17T19:45:00,C0082,out,481.50,Nislo Farelitz,GB,card
P003418,2026-06-17T19:54:00,C0370,in,2043.34,Sevnek Davreienko,GB,card
P000077,2026-06-17T20:25:00,C0326,out,1464.84,Hentas Krevoov,JP,card
P009286,2026-06-17T20:28:00,C0257,in,292.02,Ralnek Maroses,JP,wire
P000685,2026-06-17T20:41:00,C0161,in,82.85,Kalo Pravinski,SG,card
P000187,2026-06-17T20:43:00,C0198,in,5026.06,Ostdan Pravinyan,MY,card
P003598,2026-06-17T21:10:00,C0053,in,176.27,Umilo Orzekyan,GB,wire
P008967,2026-06-17T21:19:00,C0328,out,194.60,Hentas Gostynitz,US,wire
P007899,2026-06-17T21:24:00,C0136,out,3231.29,Talnek Pravines,VN,card
P003562,2026-06-17T21:27:00,C0262,in,411.63,Zardan Gostynyan,XA,cash
P000208,2026-06-17T21:30:00,C0169,in,1093.58,Sevdan Farelitz,GB,wire
P009924,2026-06-17T21:30:00,C0227,out,3648.32,Nisdan Farelar,JP,wire
P008951,2026-06-17T21:49:00,C0172,out,14575.43,Umivic Boskoov,KR,wire
P000946,2026-06-17T21:53:00,C0232,in,315.56,Hentas Davreitz,GB,wire
P010889,2026-06-17T21:54:00,C0099,out,540.05,Zarlo Nevicyan,MY,wire
P003533,2026-06-17T22:06:00,C0320,in,2413.77,Dortas Nevicul,US,wire
P010427,2026-06-17T22:16:00,C0345,out,844.10,Ralmir Cernaski,GB,wire
P010985,2026-06-17T22:39:00,C0016,in,194.22,Mormir Jorelyan,MY,wire
P005604,2026-06-17T23:17:00,C0377,out,4349.78,Sevriel Cernaes,US,wire
P001374,2026-06-17T23:28:00,C0175,out,1469.00,Grevren Hanreov,XA,card
P004957,2026-06-17T23:53:00,C0380,out,1427.54,Grevriel Lundraitz,FR,wire
P010419,2026-06-17T23:56:00,C0123,out,601.43,Ostriel Nevicski,KR,wire
P008262,2026-06-17T23:58:00,C0040,out,1305.21,Osttas Hanreov,JP,wire
P004190,2026-06-18T00:04:00,C0373,out,91.82,Katas Krevoar,JP,wire
P008335,2026-06-18T00:17:00,C0359,in,260.69,Branriel Cernaov,XB,card
P004895,2026-06-18T00:40:00,C0367,in,2577.27,Mortas Marosski,DE,wire
P002492,2026-06-18T00:54:00,C0194,in,467.95,Mortas Lundraenko,DE,wire
P004105,2026-06-18T01:12:00,C0159,in,2455.56,Ilymir Jorelar,US,wire
P008030,2026-06-18T01:24:00,C0183,in,3314.27,Grevvic Hanreitz,US,wire
P004199,2026-06-18T01:26:00,C0105,in,424.72,Ralnek Orzekul,JP,wire
P005003,2026-06-18T01:26:00,C0286,out,1968.44,Kadan Marosul,KR,card
P006243,2026-06-18T01:28:00,C0057,in,139.39,Morriel Farelenko,KR,card
P000360,2026-06-18T01:49:00,C0334,out,10085.13,Umiriel Boskoes,KR,cash
P011309,2026-06-18T01:49:00,C0308,in,130.30,Ostriel Orzekenko,KR,wire
P004368,2026-06-18T01:51:00,C0297,out,3673.16,Zarlo Hanreov,SG,wire
P008508,2026-06-18T01:54:00,C0181,in,2584.57,Umiriel Cernaski,JP,cash
P011598,2026-06-18T02:03:00,C0249,out,3412.19,Vedan Farelar,GB,card
P010019,2026-06-18T02:05:00,C0117,out,1340.06,Grevdan Enkoes,JP,wire
P006811,2026-06-18T02:14:00,C0295,in,614.98,Zarnek Hanrear,JP,wire
P001949,2026-06-18T02:26:00,C0063,out,5720.73,Ostnek Boskoitz,US,card
P009821,2026-06-18T02:29:00,C0188,in,1244.56,Zarmir Orzekyan,AU,wire
P007326,2026-06-18T02:53:00,C0026,in,1898.40,Sevtas Lundraitz,US,wire
P009046,2026-06-18T02:54:00,C0174,out,890.05,Zarnek Marosar,FR,wire
P008933,2026-06-18T02:59:00,C0165,in,1928.56,Henmir Krevoyan,AU,wire
P010991,2026-06-18T03:05:00,C0134,in,270.86,Ilydan Cernaes,GB,wire
P001462,2026-06-18T03:10:00,C0037,out,1326.23,Branriel Marosenko,MY,wire
P002894,2026-06-18T03:14:00,C0281,in,775.92,Ilyren Marosyan,AU,wire
P008470,2026-06-18T03:26:00,C0112,out,831.15,Grevlo Farelitz,MY,wire
P010295,2026-06-18T03:40:00,C0336,out,1353.55,Sevdan Pravinitz,AU,cash
P009749,2026-06-18T03:51:00,C0219,out,1371.76,Nismir Hanreov,KR,cash
P011735,2026-06-18T03:56:00,C0346,out,3305.94,Umimir Boskoenko,XB,wire
P005522,2026-06-18T04:41:00,C0010,out,1458.25,Sevlo Cernaul,DE,card
P010362,2026-06-18T04:48:00,C0222,in,178.10,Morriel Farelenko,VN,card
P010097,2026-06-18T04:49:00,C0268,out,2859.44,Zartas Pravinenko,VN,wire
P006556,2026-06-18T04:56:00,C0373,out,744.37,Morriel Cernaenko,AU,card
P002401,2026-06-18T05:05:00,C0271,in,802.06,Taldan Lundraes,FR,wire
P006360,2026-06-18T05:14:00,C0260,out,620.70,Ostnek Lundrayenko,US,wire
P006036,2026-06-18T05:18:00,C0346,out,681.68,Ostdan Hanreenko,KR,card
P003098,2026-06-18T05:25:00,C0063,out,531.76,Sevvic Pravinenko,VN,cash
P007591,2026-06-18T05:27:00,C0034,out,1598.68,Felriel Aldreov,FR,wire
P001322,2026-06-18T05:39:00,C0381,out,909.41,Morlo Davreov,SG,wire
P002716,2026-06-18T05:39:00,C0156,out,2292.30,Ilyren Ivaskar,VN,cash
P004411,2026-06-18T05:39:00,C0139,out,1485.70,Branvic Pravinyan,AU,card
P002105,2026-06-18T05:41:00,C0266,in,1199.15,Felmir Gostynyan,DE,wire
P010119,2026-06-18T05:46:00,C0066,in,1725.85,Umidan Hanreenko,SG,wire
P008931,2026-06-18T06:03:00,C0377,out,1311.52,Sevvic Pravinenko,MY,wire
P010617,2026-06-18T06:05:00,C0045,in,2358.50,Zardan Gostynyan,XC,card
P011437,2026-06-18T06:17:00,C0054,in,857.58,Kalo Boskosenko,FR,wire
P003930,2026-06-18T06:35:00,C0012,out,3448.95,Sevren Jorelyan,VN,wire
P005856,2026-06-18T06:43:00,C0006,out,2095.79,Zarmir Davreov,SG,wire
P006056,2026-06-18T06:54:00,C0088,in,364.24,Grevlo Orzekar,VN,wire
P001493,2026-06-18T07:04:00,C0067,in,232.07,Sevnek Nevicul,MY,wire
P006202,2026-06-18T07:11:00,C0358,in,187.13,Nistas Krevoar,KR,cash
P006957,2026-06-18T07:19:00,C0253,out,573.66,Kalo Boskosenko,VN,card
P002787,2026-06-18T07:23:00,C0227,in,132.23,Raldan Marosyan,FR,wire
P007697,2026-06-18T07:27:00,C0379,in,121.06,Morriel Farelenko,JP,wire
P000463,2026-06-18T07:48:00,C0243,in,299.98,Vetas Gostynenko,US,cash
P008020,2026-06-18T07:49:00,C0223,out,11204.87,Nislo Farelitz,SG,wire
P010787,2026-06-18T07:53:00,C0009,in,617.50,Zarmir Krevoov,KR,cash
P001086,2026-06-18T08:04:00,C0372,in,3913.18,Branlo Boskoyan,US,wire
P000702,2026-06-18T08:11:00,C0224,out,1525.08,Henmir Davreov,GB,wire
P011009,2026-06-18T08:11:00,C0369,in,2421.21,Rallo Lundraul,MY,wire
P003219,2026-06-18T08:31:00,C0011,in,255.87,Hennek Davreski,VN,wire
P000349,2026-06-18T08:34:00,C0296,out,1855.57,Vedan Cernaski,KR,card
P009369,2026-06-18T08:57:00,C0070,in,3979.38,Dorvic Marosar,US,cash
P011517,2026-06-18T09:07:00,C0247,out,475.19,Kanek Boskoyan,SG,wire
P001255,2026-06-18T09:27:00,C0151,out,1094.06,Zarvic Lundraar,XA,wire
P000234,2026-06-18T09:33:00,C0221,in,9325.45,Felvic Gostynyan,DE,wire
P008874,2026-06-18T09:39:00,C0382,out,1123.17,Talnek Lundrayan,XA,wire
P001218,2026-06-18T09:43:00,C0191,in,718.75,Zarnek Lundrayan,DE,wire
P001470,2026-06-18T09:49:00,C0174,out,404.01,Zarlo Davreenko,FR,wire
P001757,2026-06-18T09:56:00,C0010,in,765.63,Henren Krevoitz,DE,card
P003438,2026-06-18T10:12:00,C0393,out,264.72,Morren Lundraul,VN,wire
P009060,2026-06-18T10:14:00,C0180,out,395.87,Tallo Farelar,US,card
P000971,2026-06-18T10:32:00,C0079,out,575.29,Venek Boskoyan,KR,wire
P007331,2026-06-18T10:42:00,C0263,out,503.74,Kanek Lundraes,MY,card
P011750,2026-06-18T10:42:00,C0124,in,72.58,Branlo Enkoyan,FR,wire
P009453,2026-06-18T11:04:00,C0088,out,351.71,Nisnek Boskoitz,GB,card
P001498,2026-06-18T11:08:00,C0224,out,1641.98,Taltas Jorelar,KR,card
P010426,2026-06-18T11:09:00,C0087,out,613.89,Felriel Jorelski,US,card
P001143,2026-06-18T11:13:00,C0307,in,2389.50,Morvic Hanreitz,SG,wire
P002570,2026-06-18T11:40:00,C0348,in,13641.99,Nisren Gostynes,DE,wire
P000984,2026-06-18T11:46:00,C0297,in,4752.76,Dortas Nevicul,GB,cash
P009483,2026-06-18T11:49:00,C0318,out,2796.29,Hentas Krevoov,DE,wire
P004387,2026-06-18T11:54:00,C0194,in,601.20,Ilydan Nevicenko,XB,wire
P001915,2026-06-18T12:21:00,C0301,out,3240.60,Ilyvic Orzekul,XB,wire
P007797,2026-06-18T12:22:00,C0291,out,1957.64,Dordan Pravinov,US,card
P008318,2026-06-18T12:32:00,C0096,in,4928.37,Kamir Orzekar,JP,wire
P002872,2026-06-18T12:35:00,C0044,out,11498.87,Nisvic Enkoitz,GB,wire
P009657,2026-06-18T12:45:00,C0358,in,245.95,Kanek Lundraes,AU,card
P006162,2026-06-18T13:02:00,C0121,in,1285.94,Ilynek Jorelitz,KR,wire
P001647,2026-06-18T13:17:00,C0102,in,254.54,Dorren Ivaskenko,JP,card
P003436,2026-06-18T13:43:00,C0386,in,1690.39,Sevnek Nevicul,US,card
P000444,2026-06-18T14:25:00,C0237,out,1409.47,Sevriel Enkoes,AU,wire
P002307,2026-06-18T14:41:00,C0024,in,422.08,Morriel Marositz,SG,wire
P001713,2026-06-18T14:52:00,C0347,in,983.16,Ostvic Marosar,JP,wire
P010558,2026-06-18T14:55:00,C0375,out,260.77,Felmir Gostynyan,VN,card
P009017,2026-06-18T14:58:00,C0188,out,50.25,Felren Ivaskes,DE,wire
P005537,2026-06-18T15:08:00,C0260,in,539.04,Feltas Ivaskenko,MY,cash
P009857,2026-06-18T15:18:00,C0296,out,3661.52,Hennek Davrees,JP,wire
P011771,2026-06-18T15:25:00,C0210,in,400.40,Grevlo Krevoar,DE,cash
P011960,2026-06-18T15:51:00,C0377,in,2089.80,Henlo Lundraes,KR,wire
P007479,2026-06-18T16:04:00,C0338,in,423.73,Sevmir Enkoienko,SG,cash
P004909,2026-06-18T16:11:00,C0345,out,810.43,Branren Boskoenko,JP,card
P004034,2026-06-18T16:13:00,C0300,out,847.56,Henren Gostynski,US,wire
P007010,2026-06-18T16:41:00,C0154,out,53.95,Hennek Davrees,MY,wire
P005644,2026-06-18T17:20:00,C0131,out,180.11,Veren Maroses,SG,wire
P001111,2026-06-18T17:25:00,C0320,in,645.53,Veren Gostynar,VN,wire
P003876,2026-06-18T17:25:00,C0250,in,5010.50,Nisdan Davrees,DE,cash
P008171,2026-06-18T17:27:00,C0392,in,857.28,Fello Boskoitz,KR,card
P001678,2026-06-18T17:29:00,C0280,in,776.52,Ralmir Cernaski,VN,wire
P000982,2026-06-18T17:40:00,C0037,out,2098.69,Sevtas Lundraitz,VN,wire
P000940,2026-06-18T17:45:00,C0032,in,381.91,Zarriel Marositz,SG,card
P011565,2026-06-18T17:53:00,C0215,in,243.18,Hendan Boskoul,MY,card
P008337,2026-06-18T18:02:00,C0083,out,1586.26,Dorriel Krevoyan,MY,wire
P005936,2026-06-18T18:03:00,C0271,in,306.83,Henlo Joreles,US,wire
P011110,2026-06-18T18:34:00,C0072,out,2834.89,Talriel Cernaov,DE,wire
P002530,2026-06-18T19:22:00,C0111,in,1496.87,Nisren Lundrayan,JP,card
P000012,2026-06-18T19:23:00,C0138,out,1490.78,Veriel Lundraitz,DE,card
P007513,2026-06-18T19:36:00,C0073,out,301.84,Nisdan Farelar,MY,card
P005755,2026-06-18T19:37:00,C0289,in,488.17,Vetas Gostynenko,GB,card
P002227,2026-06-18T20:02:00,C0376,out,808.22,Henriel Orzekenko,US,card
P011672,2026-06-18T20:11:00,C0189,out,813.71,Brannek Davreov,GB,wire
P007225,2026-06-18T20:12:00,C0077,out,277.40,Mordan Enkoyan,JP,cash
P008738,2026-06-18T20:12:00,C0359,in,14141.75,Morren Cernayan,AU,wire
P010908,2026-06-18T20:27:00,C0381,out,942.33,Zartas Enkoar,JP,cash
P003903,2026-06-18T20:33:00,C0290,in,74.48,Sevriel Cernaes,MY,wire
P010402,2026-06-18T20:36:00,C0381,in,1001.50,Umilo Davreitz,XB,wire
P003137,2026-06-18T20:43:00,C0367,in,3797.58,Mormir Hanreov,KR,card
P002372,2026-06-18T21:01:00,C0178,out,1053.46,Henlo Krevoov,US,card
P007765,2026-06-18T21:18:00,C0039,out,453.36,Kariel Nevicitz,GB,wire
P001487,2026-06-18T21:45:00,C0228,in,1038.46,Grevlo Gostynes,JP,cash
P009671,2026-06-18T21:47:00,C0077,out,886.44,Dorren Ivaskyan,SG,wire
P003351,2026-06-18T21:55:00,C0066,in,408.43,Vedan Nevicyan,SG,card
P000831,2026-06-18T21:58:00,C0366,out,1645.09,Vetas Boskoul,VN,wire
P000154,2026-06-18T22:01:00,C0114,in,733.45,Talren Krevoenko,JP,cash
P010050,2026-06-18T22:06:00,C0307,in,1134.50,Katas Krevoar,FR,cash
P003142,2026-06-18T22:13:00,C0006,out,4238.75,Dorvic Lundraov,JP,wire
P008921,2026-06-18T22:24:00,C0026,out,807.47,Branmir Marosenko,KR,wire
P009319,2026-06-18T22:25:00,C0182,in,1029.66,Talmir Maroses,AU,wire
P006245,2026-06-18T23:28:00,C0331,in,3524.79,Sevnek Orzekar,KR,card
P001572,2026-06-18T23:51:00,C0009,out,157.10,Mordan Boskoski,DE,wire
P005843,2026-06-18T23:53:00,C0086,out,229.09,Ostvic Lundraenko,FR,wire
P003800,2026-06-18T23:55:00,C0164,out,6313.67,Vemir Farelyan,VN,wire
P004108,2026-06-19T00:00:00,C0270,in,2240.54,Vemir Boskoul,GB,card
P009090,2026-06-19T00:04:00,C0329,in,217.01,Zardan Boskoar,VN,wire
P005692,2026-06-19T00:30:00,C0098,out,1077.97,Zarlo Pravinyan,SG,cash
P000761,2026-06-19T00:39:00,C0066,in,1051.27,Nisvic Aldreul,XC,wire
P005148,2026-06-19T00:40:00,C0087,in,1586.15,Sevlo Krevoes,VN,wire
P007793,2026-06-19T00:49:00,C0186,in,1482.30,Branriel Enkoar,SG,card
P011690,2026-06-19T01:04:00,C0141,in,783.67,Veren Farelitz,KR,card
P002679,2026-06-19T01:15:00,C0000,in,358.05,Zarnek Cernasenko,GB,wire
P008502,2026-06-19T01:38:00,C0186,in,790.42,Sevren Jorelyan,DE,wire
P000637,2026-06-19T01:45:00,C0292,in,921.11,Ostvic Lundraenko,US,wire
P002810,2026-06-19T02:00:00,C0066,out,1401.39,Ilymir Orzeksenko,FR,wire
P004550,2026-06-19T02:01:00,C0004,in,839.87,Branriel Ivaskenko,JP,wire
P005799,2026-06-19T02:14:00,C0254,in,1620.46,Kadan Davrees,VN,wire
P004848,2026-06-19T02:22:00,C0254,in,951.12,Ralnek Enkoyan,MY,wire
P010716,2026-06-19T02:35:00,C0219,out,2678.16,Nistas Orzekski,SG,cash
P007705,2026-06-19T02:55:00,C0265,in,222.59,Nismir Krevoar,DE,cash
P000377,2026-06-19T03:01:00,C0153,in,779.60,Zarlo Nevicski,US,wire
P001034,2026-06-19T03:03:00,C0386,out,1323.68,Ostdan Farelski,DE,cash
P004656,2026-06-19T03:04:00,C0143,out,4039.90,Brantas Boskoar,AU,wire
P011027,2026-06-19T03:19:00,C0260,in,1172.00,Brandan Ivaskski,GB,wire
P005062,2026-06-19T03:52:00,C0267,out,2071.80,Morriel Krevoski,VN,wire
P011422,2026-06-19T03:57:00,C0222,out,183.49,Branlo Farelski,MY,wire
P006738,2026-06-19T04:08:00,C0309,in,322.20,Ilydan Nevicenko,VN,card
P004036,2026-06-19T04:33:00,C0160,in,1523.41,Ostren Lundraitz,JP,wire
P011652,2026-06-19T04:49:00,C0363,out,1448.93,Sevriel Davreski,US,wire
P007972,2026-06-19T04:52:00,C0350,out,490.94,Sevriel Cernaes,KR,wire
P004348,2026-06-19T04:57:00,C0358,in,1180.12,Veren Lundraar,JP,wire
P001656,2026-06-19T05:08:00,C0386,out,1929.96,Nismir Hanreov,GB,card
P001121,2026-06-19T05:28:00,C0234,in,442.22,Ostriel Orzekenko,VN,card
P004784,2026-06-19T05:35:00,C0127,in,5015.09,Grevren Lundrayan,VN,card
P001827,2026-06-19T05:58:00,C0061,in,1100.42,Zarmir Krevoski,DE,wire
P005907,2026-06-19T06:13:00,C0152,in,904.05,Morvic Farelyan,FR,wire
P011717,2026-06-19T06:18:00,C0068,in,1850.64,Hennek Aldreenko,SG,card
P010047,2026-06-19T06:29:00,C0273,out,1377.62,Zarriel Farelyan,GB,wire
P005256,2026-06-19T06:48:00,C0352,in,1788.17,Sevdan Ivaskitz,DE,cash
P005770,2026-06-19T06:59:00,C0390,in,5196.99,Kamir Enkoyan,KR,wire
P004097,2026-06-19T07:02:00,C0358,out,311.95,Hentas Nevicenko,AU,wire
P002981,2026-06-19T07:14:00,C0040,in,1282.42,Taltas Jorelar,AU,cash
P006533,2026-06-19T07:14:00,C0199,out,1617.67,Branren Davreul,GB,wire
P011496,2026-06-19T07:15:00,C0319,out,634.12,Grevdan Lundraul,DE,card
P011900,2026-06-19T07:26:00,C0171,out,12960.51,Zarmir Hanreyan,VN,cash
P010012,2026-06-19T07:40:00,C0191,in,596.57,Sevlo Aldreenko,DE,cash
P009002,2026-06-19T07:49:00,C0315,out,1633.52,Raltas Gostynitz,US,card
P001700,2026-06-19T07:51:00,C0209,out,2872.36,Ostmir Gostynenko,VN,cash
P010615,2026-06-19T08:16:00,C0116,in,69.89,Veren Ivaskul,JP,wire
P007059,2026-06-19T08:52:00,C0241,in,1912.70,Rallo Lundraul,MY,wire
P009310,2026-06-19T08:57:00,C0185,in,5510.44,Veriel Krevoitz,VN,wire
P000059,2026-06-19T09:00:00,C0215,out,1269.61,Branlo Enkoyan,AU,card
P010273,2026-06-19T09:02:00,C0136,out,1647.96,Ostmir Boskoar,GB,cash
P010688,2026-06-19T09:03:00,C0391,in,8935.70,Talriel Boskoski,JP,wire
P004549,2026-06-19T09:11:00,C0218,out,2194.22,Sevdan Ivaskitz,AU,wire
P001334,2026-06-19T09:19:00,C0213,in,803.19,Branriel Cernaov,AU,cash
P000727,2026-06-19T09:20:00,C0234,out,338.07,Taldan Lundraes,VN,cash
P006921,2026-06-19T09:26:00,C0263,in,1094.60,Kariel Orzekski,US,wire
P007863,2026-06-19T10:07:00,C0196,out,1810.94,Umilo Hanrear,DE,wire
P007566,2026-06-19T10:14:00,C0106,out,1823.60,Branvic Krevoski,AU,card
P006699,2026-06-19T10:26:00,C0054,out,775.80,Ilylo Krevoul,MY,wire
P005711,2026-06-19T10:31:00,C0305,out,345.29,Veren Farelul,DE,wire
P006780,2026-06-19T10:31:00,C0083,out,409.51,Grevriel Lundraitz,MY,card
P004931,2026-06-19T10:58:00,C0329,in,914.03,Ostriel Boskoitz,US,wire
P006502,2026-06-19T11:02:00,C0008,in,1591.26,Taldan Pravines,JP,wire
P011501,2026-06-19T11:18:00,C0229,out,2557.62,Raltas Nevicitz,DE,wire
P004761,2026-06-19T11:22:00,C0232,in,5396.34,Kamir Jorelitz,KR,card
P000396,2026-06-19T11:27:00,C0346,in,14637.37,Grevlo Gostynes,AU,wire
P000005,2026-06-19T11:34:00,C0250,in,212.14,Grevdan Krevoski,MY,cash
P004132,2026-06-19T11:35:00,C0321,out,1524.76,Ilydan Pravinski,GB,card
P006246,2026-06-19T11:42:00,C0153,in,627.39,Raltas Enkoenko,VN,cash
P009510,2026-06-19T11:48:00,C0242,in,859.15,Ilymir Davrear,SG,wire
P002871,2026-06-19T11:53:00,C0307,in,2094.18,Uminek Hanrees,AU,wire
P003392,2026-06-19T11:57:00,C0328,out,404.06,Brannek Pravinenko,VN,card
P005035,2026-06-19T12:35:00,C0317,out,737.31,Nisnek Krevoitz,SG,wire
P001947,2026-06-19T12:41:00,C0372,in,88.79,Kavic Boskoitz,DE,wire
P001323,2026-06-19T13:07:00,C0046,in,543.55,Veren Boskoitz,VN,card
P002330,2026-06-19T13:17:00,C0263,in,785.04,Umiriel Pravinitz,KR,wire
P001629,2026-06-19T13:31:00,C0285,out,1592.32,Kamir Davreitz,FR,card
P009529,2026-06-19T13:35:00,C0175,in,112.64,Zarriel Gostynar,GB,cash
P004345,2026-06-19T13:46:00,C0281,in,91.30,Vedan Jorelov,MY,wire
P009465,2026-06-19T13:48:00,C0163,in,625.09,Dorvic Gostynov,US,wire
P003367,2026-06-19T13:56:00,C0271,out,427.35,Grevvic Farelitz,KR,wire
P011585,2026-06-19T14:36:00,C0269,in,968.73,Sevren Jorelyan,AU,wire
P006163,2026-06-19T14:50:00,C0188,out,579.51,Talren Krevoyan,US,wire
P003611,2026-06-19T14:55:00,C0240,out,3602.48,Ilyren Davreitz,VN,wire
P000244,2026-06-19T15:23:00,C0362,in,76.06,Talmir Nevicsenko,JP,card
P011943,2026-06-19T15:28:00,C0223,in,2249.10,Katas Gostynenko,SG,wire
P010193,2026-06-19T15:44:00,C0308,in,258.92,Zarmir Aldrees,KR,wire
P003534,2026-06-19T15:48:00,C0373,out,2513.64,Zarriel Krevoul,VN,card
P007768,2026-06-19T16:03:00,C0117,out,572.41,Zarvic Nevicov,MY,card
P007515,2026-06-19T16:07:00,C0381,out,1402.06,Mortas Orzekyan,XC,wire
P010612,2026-06-19T16:09:00,C0196,in,1068.56,Ostriel Orzekenko,US,cash
P006519,2026-06-19T16:11:00,C0290,out,501.57,Dorren Hanrear,US,wire
P011760,2026-06-19T16:29:00,C0238,out,1677.83,Mortas Orzekyan,AU,wire
P004532,2026-06-19T16:53:00,C0351,in,144.65,Kanek Davreenko,JP,wire
P011772,2026-06-19T16:56:00,C0308,in,10285.77,Ralvic Pravinyan,KR,wire
P004399,2026-06-19T17:02:00,C0002,in,320.14,Taltas Pravinul,XC,wire
P007398,2026-06-19T17:12:00,C0365,out,994.11,Grevdan Aldrear,JP,cash
P011684,2026-06-19T17:14:00,C0173,in,1901.48,Grevlo Farelitz,GB,card
P002694,2026-06-19T17:30:00,C0003,out,122.73,Hentas Krevoul,AU,wire
P007617,2026-06-19T17:38:00,C0349,out,3415.15,Henren Boskoes,VN,wire
P009648,2026-06-19T18:52:00,C0246,in,5397.24,Hennek Davreov,US,wire
P006528,2026-06-19T18:54:00,C0368,in,4446.62,Sevdan Gostynski,JP,wire
P009464,2026-06-19T19:25:00,C0290,in,4043.10,Nislo Jorelyan,GB,wire
P001425,2026-06-19T19:31:00,C0017,in,161.92,Grevmir Cernaov,SG,cash
P002324,2026-06-19T19:47:00,C0323,in,198.95,Mornek Cernayan,JP,wire
P011004,2026-06-19T19:51:00,C0255,in,809.58,Zarren Pravinitz,FR,wire
P009762,2026-06-19T20:18:00,C0238,out,662.44,Henvic Fareles,VN,wire
P005608,2026-06-19T20:24:00,C0198,in,480.24,Branren Davreenko,SG,card
P002414,2026-06-19T20:30:00,C0368,in,193.98,Kamir Enkoyan,MY,wire
P007328,2026-06-19T20:31:00,C0203,out,1656.94,Ralmir Jorelov,GB,wire
P004238,2026-06-19T20:37:00,C0254,in,1113.71,Umilo Orzekyan,JP,cash
P008227,2026-06-19T20:42:00,C0124,in,1213.24,Felriel Aldreov,VN,cash
P011489,2026-06-19T20:55:00,C0222,in,2015.65,Kavic Boskoitz,US,wire
P007402,2026-06-19T21:02:00,C0023,in,1629.42,Fello Hanreul,SG,wire
P006181,2026-06-19T21:18:00,C0002,out,4236.33,Kamir Orzekes,JP,card
P006873,2026-06-19T21:22:00,C0395,out,471.36,Henvic Nevicitz,KR,wire
P007936,2026-06-19T21:25:00,C0023,in,3098.16,Nisriel Gostynar,GB,card
P011628,2026-06-19T21:36:00,C0317,out,3028.13,Mortas Lundrayan,SG,wire
P000573,2026-06-19T22:31:00,C0356,out,2881.33,Branlo Ivaskenko,FR,wire
P010392,2026-06-19T22:36:00,C0124,in,26309.69,Ostlo Orzekar,AU,wire
P004310,2026-06-19T22:38:00,C0127,out,508.92,Ralnek Hanreul,DE,wire
P002756,2026-06-19T22:57:00,C0386,out,492.30,Umilo Davreitz,FR,wire
P006846,2026-06-19T23:09:00,C0053,out,1277.76,Dorlo Farelar,DE,cash
P008143,2026-06-19T23:12:00,C0149,out,856.28,Grevlo Jorelar,FR,wire
P009378,2026-06-19T23:14:00,C0290,out,1508.15,Vedan Cernaski,US,wire
P006168,2026-06-19T23:21:00,C0061,in,8539.39,Zartas Jorelov,MY,wire
P008764,2026-06-19T23:37:00,C0377,in,1578.89,Grevlo Ivaskes,DE,wire
P001059,2026-06-19T23:49:00,C0075,out,880.33,Kanek Lundraes,GB,cash
P007315,2026-06-19T23:58:00,C0233,out,2476.70,Nisriel Gostynar,US,cash
P003555,2026-06-20T00:07:00,C0214,out,2669.27,Nislo Nevicov,GB,card
P006412,2026-06-20T00:19:00,C0198,out,93.39,Sevmir Orzekitz,GB,wire
P004216,2026-06-20T00:39:00,C0204,out,7430.58,Grevtas Pravinul,KR,wire
P006020,2026-06-20T00:41:00,C0093,in,1875.43,Katas Lundraenko,SG,wire
P009283,2026-06-20T00:45:00,C0097,in,2316.80,Sevdan Pravinitz,US,wire
P009323,2026-06-20T01:05:00,C0157,out,1302.82,Kariel Krevoenko,DE,wire
P003331,2026-06-20T01:06:00,C0375,in,90.75,Ralriel Orzekyan,FR,wire
P005988,2026-06-20T01:13:00,C0284,out,3067.89,Ilylo Enkoenko,KR,wire
P000406,2026-06-20T01:14:00,C0300,in,145.34,Dormir Ivaskar,DE,wire
P011034,2026-06-20T01:45:00,C0369,out,2131.20,Grevdan Hanreov,GB,card
P001907,2026-06-20T01:48:00,C0008,in,3550.93,Ilydan Aldrear,MY,wire
P002379,2026-06-20T02:06:00,C0207,out,5554.52,Zarnek Hanreyan,KR,wire
P008468,2026-06-20T02:06:00,C0338,in,4407.44,Kalo Krevoar,DE,wire
P010060,2026-06-20T02:34:00,C0096,out,348.16,Zarmir Hanreyan,GB,wire
P011024,2026-06-20T02:35:00,C0332,out,95.83,Vedan Hanreov,GB,wire
P009392,2026-06-20T02:52:00,C0080,in,15116.76,Felriel Hanreov,GB,wire
P004729,2026-06-20T02:53:00,C0247,out,602.55,Dornek Boskoski,MY,wire
P005753,2026-06-20T02:54:00,C0159,out,11511.40,Mortas Gostynski,US,card
P000560,2026-06-20T03:11:00,C0263,out,1239.87,Ilyvic Hanreul,JP,wire
P009910,2026-06-20T03:18:00,C0101,out,4052.03,Umilo Cernaski,JP,wire
P011013,2026-06-20T03:20:00,C0091,out,109.55,Henren Boskoyan,KR,wire
P000671,2026-06-20T03:23:00,C0168,out,12742.31,Nisvic Aldreul,VN,wire
P004029,2026-06-20T03:29:00,C0365,out,2922.36,Nisriel Gostynar,DE,wire
P010449,2026-06-20T04:06:00,C0327,out,2719.10,Umilo Davreitz,MY,wire
P005036,2026-06-20T04:14:00,C0321,out,27368.28,Branvic Pravinyan,US,cash
P005946,2026-06-20T04:22:00,C0209,in,4544.25,Nislo Gostynitz,FR,cash
P008750,2026-06-20T04:34:00,C0042,in,626.51,Talmir Krevoul,VN,wire
P003456,2026-06-20T04:38:00,C0150,out,584.27,Dorren Ivaskenko,FR,wire
P003724,2026-06-20T04:50:00,C0061,in,4407.91,Nisnek Nevicul,JP,wire
P008972,2026-06-20T04:54:00,C0396,in,1945.80,Felren Orzekul,FR,wire
P000742,2026-06-20T04:55:00,C0359,out,38355.55,Venek Boskoyan,JP,card
P011325,2026-06-20T05:12:00,C0223,out,1624.59,Brannek Pravinenko,US,card
P007624,2026-06-20T06:10:00,C0144,in,86.32,Taldan Marosov,SG,cash
P002253,2026-06-20T06:13:00,C0345,in,3354.95,Grevren Nevicienko,DE,wire
P002933,2026-06-20T06:30:00,C0167,in,160.41,Ilyvic Davreenko,DE,wire
P002669,2026-06-20T06:51:00,C0067,out,868.55,Kalo Krevoar,MY,wire
P007735,2026-06-20T06:51:00,C0127,out,1059.97,Veriel Jorelenko,FR,wire
P004327,2026-06-20T06:56:00,C0217,out,590.63,Zarvic Orzekenko,DE,wire
P007576,2026-06-20T07:55:00,C0199,in,8762.14,Rallo Enkoar,VN,cash
P010767,2026-06-20T08:14:00,C0198,out,4607.93,Hendan Ivaskenko,JP,card
P009230,2026-06-20T08:32:00,C0065,out,973.01,Hentas Hanreul,MY,wire
P008977,2026-06-20T08:36:00,C0202,in,1019.32,Katas Boskoar,KR,wire
P008572,2026-06-20T08:43:00,C0248,in,1819.05,Ilydan Cernaes,JP,card
P011101,2026-06-20T08:44:00,C0011,in,2736.53,Uminek Aldreul,JP,wire
P000750,2026-06-20T09:07:00,C0113,in,1464.45,Branren Nevices,KR,card
P000100,2026-06-20T09:13:00,C0279,in,589.66,Henriel Aldreyan,US,wire
P010131,2026-06-20T09:28:00,C0324,in,88.61,Ostdan Ivaskov,SG,card
P005667,2026-06-20T09:47:00,C0083,in,503.40,Kalo Cernaes,MY,cash
P008631,2026-06-20T09:50:00,C0372,out,2737.77,Talriel Ivaskski,JP,wire
P007019,2026-06-20T09:54:00,C0057,in,3051.54,Vetas Boskoyenko,US,wire
P000440,2026-06-20T09:56:00,C0282,in,2084.31,Branlo Enkoyan,KR,wire
P011852,2026-06-20T10:12:00,C0393,out,219.88,Katas Gostynenko,SG,cash
P008710,2026-06-20T10:13:00,C0331,in,152.37,Katas Aldreitz,XC,wire
P010876,2026-06-20T10:13:00,C0085,out,12141.20,Ostdan Fareles,GB,cash
P004040,2026-06-20T10:17:00,C0115,out,433.57,Umivic Orzekski,KR,wire
P008689,2026-06-20T10:37:00,C0070,out,567.25,Vedan Nevicyan,DE,wire
P003940,2026-06-20T10:58:00,C0163,out,4441.96,Talriel Ivaskski,SG,wire
P001126,2026-06-20T11:03:00,C0295,in,499.56,Brantas Boskoar,AU,cash
P008097,2026-06-20T11:11:00,C0183,out,281.98,Talren Pravinar,DE,card
P000407,2026-06-20T11:14:00,C0330,out,536.23,Kadan Lundraes,GB,card
P001466,2026-06-20T11:18:00,C0382,out,1571.70,Kavic Nevicitz,MY,wire
P011868,2026-06-20T11:26:00,C0360,in,1085.00,Henriel Jorelyan,US,wire
P002107,2026-06-20T11:39:00,C0312,in,3212.57,Branmir Orzekul,SG,wire
P003064,2026-06-20T11:40:00,C0164,out,4408.02,Kavic Lundraenko,KR,card
P001383,2026-06-20T12:02:00,C0120,out,559.61,Zarlo Fareles,AU,card
P001911,2026-06-20T12:04:00,C0267,in,265.58,Henren Lundraul,MY,wire
P011879,2026-06-20T12:13:00,C0264,in,1787.22,Grevmir Boskoenko,VN,wire
P009014,2026-06-20T12:21:00,C0269,in,4013.30,Henlo Marosenko,MY,wire
P011187,2026-06-20T12:37:00,C0155,out,1732.85,Ostriel Jorelul,DE,wire
P004696,2026-06-20T13:10:00,C0338,in,3642.00,Ilyriel Jorelar,XB,card
P010332,2026-06-20T13:20:00,C0107,out,703.14,Zardan Boskoar,VN,wire
P005776,2026-06-20T13:23:00,C0233,out,1592.87,Grevdan Krevoar,US,wire
P006118,2026-06-20T13:28:00,C0199,in,324.06,Nisren Aldreski,GB,wire
P010270,2026-06-20T13:28:00,C0200,out,1904.51,Hendan Boskoul,FR,wire
P002683,2026-06-20T13:30:00,C0030,out,6710.69,Grevren Hanreov,AU,wire
P001475,2026-06-20T13:48:00,C0222,out,776.92,Branvic Krevoski,DE,wire
P007786,2026-06-20T13:49:00,C0274,in,614.51,Tallo Ivaskitz,FR,card
P012050,2026-06-20T14:00:00,C0209,in,9486.29,Grevnek Enkoyan,US,cash
P010329,2026-06-20T14:12:00,C0186,out,2774.93,Morvic Aldrear,KR,wire
P009547,2026-06-20T14:28:00,C0142,out,2103.08,Osttas Boskoyan,VN,card
P008076,2026-06-20T14:29:00,C0300,out,2104.16,Umitas Davreyan,AU,wire
P005635,2026-06-20T14:42:00,C0265,in,117.67,Ralnek Jorelitz,SG,cash
P006079,2026-06-20T14:54:00,C0381,in,11230.09,Talvic Davrees,FR,wire
P009863,2026-06-20T14:54:00,C0021,in,2021.61,Felmir Ivaskenko,AU,cash
P000478,2026-06-20T15:07:00,C0398,out,3799.81,Dordan Pravinov,DE,wire
P006461,2026-06-20T15:19:00,C0303,out,671.52,Sevmir Orzekitz,XA,wire
P005122,2026-06-20T15:25:00,C0010,out,1419.96,Ilydan Cernaes,XA,wire
P005145,2026-06-20T15:45:00,C0204,out,1432.81,Branmir Hanrees,US,wire
P008070,2026-06-20T15:52:00,C0163,in,4994.73,Ralmir Jorelov,JP,wire
P001099,2026-06-20T16:08:00,C0393,out,1559.81,Branvic Lundraar,FR,card
P006864,2026-06-20T16:18:00,C0228,out,1791.69,Vevic Lundraitz,GB,card
P011267,2026-06-20T16:25:00,C0214,out,781.23,Katas Aldreitz,VN,wire
P011099,2026-06-20T16:31:00,C0289,out,157.13,Ostnek Boskoyan,JP,wire
P004605,2026-06-20T16:41:00,C0018,out,770.89,Uminek Hanrees,SG,wire
P003083,2026-06-20T16:54:00,C0037,out,644.76,Grevdan Hanreov,AU,wire
P001541,2026-06-20T17:13:00,C0208,out,39509.88,Veriel Jorelenko,KR,wire
P010701,2026-06-20T17:43:00,C0369,in,1534.64,Sevlo Aldrees,AU,wire
P007507,2026-06-20T18:00:00,C0305,out,917.92,Veriel Lundraenko,KR,wire
P006660,2026-06-20T19:07:00,C0196,out,513.14,Morvic Hanreitz,KR,wire
P007517,2026-06-20T19:09:00,C0044,in,495.24,Zartas Marosski,GB,wire
P000976,2026-06-20T19:48:00,C0228,out,196.23,Nistas Krevoar,US,card
P002470,2026-06-20T20:04:00,C0292,out,414.19,Sevriel Enkoes,DE,card
P011722,2026-06-20T20:10:00,C0338,out,1012.61,Henlo Lundraes,KR,wire
P000042,2026-06-20T20:20:00,C0141,in,1157.65,Taltas Jorelar,US,wire
P011915,2026-06-20T20:29:00,C0313,in,4184.13,Henlo Ivaskski,SG,cash
P007157,2026-06-20T20:33:00,C0104,out,297.79,Henlo Joreles,JP,cash
P001524,2026-06-20T20:34:00,C0306,out,1047.59,Sevren Farelul,MY,wire
P008666,2026-06-20T20:40:00,C0194,in,115.55,Talvic Ivaskitz,GB,wire
P007579,2026-06-20T20:42:00,C0079,in,1101.70,Ralnek Lundraul,GB,cash
P000489,2026-06-20T20:47:00,C0086,out,6853.07,Zarlo Orzekes,US,wire
P003177,2026-06-20T21:43:00,C0370,out,390.90,Talren Enkoar,XC,wire
P002868,2026-06-20T21:53:00,C0372,in,573.17,Morlo Cernaitz,SG,wire
P004759,2026-06-20T21:57:00,C0014,in,848.01,Vetas Gostynenko,MY,cash
P011874,2026-06-20T22:00:00,C0039,out,1363.79,Ostriel Davreitz,FR,wire
P008096,2026-06-20T22:02:00,C0206,out,11455.48,Brantas Cernaar,XA,wire
P000913,2026-06-20T22:17:00,C0281,out,242.23,Grevlo Ivaskes,KR,wire
P007061,2026-06-20T22:28:00,C0312,out,4712.27,Dorlo Enkoski,VN,wire
P009612,2026-06-20T22:43:00,C0192,out,3947.58,Henmir Krevoes,DE,wire
P010191,2026-06-20T22:53:00,C0039,out,465.25,Ralren Fareles,GB,wire
P003744,2026-06-20T23:01:00,C0091,in,2074.99,Mordan Jorelyan,DE,cash
P000877,2026-06-20T23:02:00,C0023,in,1837.34,Zarmir Orzekar,SG,wire
P003281,2026-06-20T23:03:00,C0230,out,266.80,Kavic Cernaitz,JP,wire
P007720,2026-06-20T23:17:00,C0261,out,2526.33,Taldan Marosov,KR,wire
P000651,2026-06-20T23:25:00,C0211,in,456.12,Ilylo Gostynski,XC,wire
P006944,2026-06-20T23:40:00,C0189,in,1411.26,Fello Cernaitz,DE,wire
P008705,2026-06-21T00:08:00,C0008,out,2367.69,Uminek Orzekul,XC,wire
P003496,2026-06-21T00:36:00,C0241,out,1274.61,Henmir Krevoyan,US,wire
P002557,2026-06-21T00:38:00,C0385,in,1745.28,Umitas Davreyan,VN,card
P001343,2026-06-21T00:50:00,C0342,out,757.05,Dorren Hanrear,KR,wire
P003489,2026-06-21T00:53:00,C0299,in,801.76,Ostnek Pravinitz,MY,card
P006543,2026-06-21T01:44:00,C0001,out,1007.07,Nisnek Boskoitz,GB,cash
P006947,2026-06-21T02:13:00,C0138,in,779.28,Zardan Cernaes,US,card
P000687,2026-06-21T02:22:00,C0344,out,359.46,Raltas Lundraitz,VN,cash
P006119,2026-06-21T02:31:00,C0364,in,298.05,Mornek Davreski,DE,wire
P003476,2026-06-21T02:34:00,C0209,in,1345.24,Kadan Ivaskul,XB,card
P010740,2026-06-21T02:44:00,C0231,in,2129.39,Zarvic Lundraar,AU,wire
P006879,2026-06-21T03:01:00,C0128,out,595.15,Felren Orzekul,FR,cash
P004894,2026-06-21T03:11:00,C0127,out,427.09,Fello Cernaitz,DE,wire
P011272,2026-06-21T03:12:00,C0003,in,1314.27,Ilytas Davreov,US,wire
P002278,2026-06-21T03:45:00,C0159,out,812.17,Zarmir Orzekyan,MY,wire
P009066,2026-06-21T03:51:00,C0353,in,2124.59,Zarvic Enkoitz,XC,wire
P009200,2026-06-21T03:54:00,C0250,out,1020.36,Henlo Ivaskski,MY,wire
P003979,2026-06-21T03:57:00,C0147,out,304.95,Zarvic Boskoyan,VN,card
P010966,2026-06-21T04:02:00,C0039,out,325.69,Nisnek Orzekar,FR,wire
P005167,2026-06-21T04:06:00,C0273,out,2341.69,Nislo Nevicov,KR,wire
P011686,2026-06-21T04:17:00,C0117,in,1684.36,Tallo Farelenko,JP,wire
P010403,2026-06-21T04:24:00,C0041,out,1440.83,Nisnek Krevoitz,SG,cash
P011671,2026-06-21T04:26:00,C0285,in,340.67,Kariel Nevicul,GB,card
P010519,2026-06-21T04:57:00,C0244,out,499.85,Kamir Cernaar,FR,wire
P002568,2026-06-21T05:05:00,C0047,out,6007.16,Ostnek Boskoitz,JP,wire
P006364,2026-06-21T05:33:00,C0141,in,1467.14,Tallo Hanreenko,AU,wire
P004066,2026-06-21T05:38:00,C0106,out,3587.95,Henriel Krevoitz,FR,wire
P009214,2026-06-21T06:01:00,C0323,out,1010.94,Ilytas Ivaskitz,KR,wire
P010664,2026-06-21T06:01:00,C0048,in,545.41,Branren Lundrayan,XA,wire
P000331,2026-06-21T06:14:00,C0365,out,611.85,Ralmir Jorelenko,US,wire
P011093,2026-06-21T06:42:00,C0054,in,153.04,Hentas Davreitz,DE,wire
P006948,2026-06-21T06:50:00,C0173,in,2547.40,Zardan Farelitz,FR,card
P001683,2026-06-21T07:01:00,C0032,out,11450.13,Sevriel Davreski,DE,wire
P005931,2026-06-21T07:17:00,C0104,in,1877.02,Talmir Orzekes,MY,wire
P002114,2026-06-21T07:19:00,C0076,in,445.65,Ilymir Krevoenko,MY,wire
P004557,2026-06-21T07:22:00,C0084,out,2462.88,Talmir Davrear,MY,wire
P008135,2026-06-21T07:36:00,C0101,in,754.53,Branlo Ivaskenko,KR,cash
P010643,2026-06-21T07:42:00,C0381,out,8874.20,Ilytas Davreenko,DE,wire
P007614,2026-06-21T08:11:00,C0104,in,2765.81,Branriel Lundraenko,JP,wire
P004091,2026-06-21T08:25:00,C0370,in,518.71,Raltas Joreles,GB,card
P005593,2026-06-21T08:37:00,C0218,out,3093.78,Nismir Aldrear,KR,wire
P011119,2026-06-21T08:49:00,C0356,in,661.11,Talmir Lundraes,FR,wire
P004104,2026-06-21T09:19:00,C0323,out,1314.44,Talmir Joreles,US,card
P000928,2026-06-21T09:24:00,C0162,in,245.81,Grevdan Enkoes,GB,wire
P010689,2026-06-21T09:52:00,C0245,out,3547.37,Katas Lundraenko,US,cash
P000496,2026-06-21T10:03:00,C0241,in,1367.40,Zarlo Davreenko,KR,card
P000620,2026-06-21T10:14:00,C0027,out,3605.24,Morlo Krevoenko,AU,wire
P000837,2026-06-21T10:24:00,C0343,out,1398.43,Kamir Orzekes,AU,card
P007251,2026-06-21T10:24:00,C0202,in,765.74,Zarlo Fareles,XC,wire
P007519,2026-06-21T10:25:00,C0227,out,1018.12,Rallo Enkoar,AU,wire
P000906,2026-06-21T10:33:00,C0207,out,1611.42,Morren Lundraul,SG,wire
P004682,2026-06-21T10:37:00,C0037,out,1119.97,Grevvic Joreles,US,card
P005717,2026-06-21T10:45:00,C0218,out,7806.11,Kamir Jorelitz,DE,wire
P007925,2026-06-21T10:50:00,C0365,in,6127.08,Uminek Lundraitz,SG,card
P011946,2026-06-21T10:58:00,C0224,out,189.19,Kalo Boskosenko,GB,wire
P009693,2026-06-21T11:08:00,C0241,out,463.49,Sevriel Cernaes,JP,wire
P009593,2026-06-21T11:11:00,C0260,in,16898.90,Umivic Boskoenko,US,wire
P005114,2026-06-21T11:13:00,C0183,out,665.10,Sevnek Orzekitz,AU,wire
P009395,2026-06-21T11:17:00,C0137,out,948.60,Sevnek Davreienko,FR,wire
P004124,2026-06-21T11:20:00,C0238,out,169.09,Henmir Davreov,JP,card
P011308,2026-06-21T11:36:00,C0353,in,1025.45,Nismir Farelar,US,wire
P002490,2026-06-21T11:48:00,C0018,out,232.35,Hentas Boskoul,US,wire
P001125,2026-06-21T11:52:00,C0241,out,2863.50,Sevvic Pravinenko,KR,wire
P000684,2026-06-21T12:01:00,C0390,in,315.38,Dorriel Jorelenko,FR,card
P008266,2026-06-21T12:05:00,C0110,out,1033.15,Zarlo Davreenko,XC,wire
P000603,2026-06-21T12:09:00,C0239,in,106.51,Grevmir Farelenko,US,cash
P007052,2026-06-21T12:23:00,C0271,out,493.37,Talvic Farelul,KR,wire
P001517,2026-06-21T12:28:00,C0262,out,491.81,Sevnek Orzekski,JP,cash
P011498,2026-06-21T12:30:00,C0398,out,670.59,Dornek Nevicitz,GB,wire
P001411,2026-06-21T12:32:00,C0361,in,7410.33,Ralmir Jorelov,FR,wire
P004236,2026-06-21T12:35:00,C0322,in,239.69,Ostdan Farelski,DE,wire
P009127,2026-06-21T12:46:00,C0345,out,10718.09,Ralren Lundraes,AU,wire
P004054,2026-06-21T12:49:00,C0051,out,6174.40,Ilydan Cernaes,JP,card
P010765,2026-06-21T12:52:00,C0073,out,1284.52,Ilydan Cernaes,MY,card
P010083,2026-06-21T12:53:00,C0349,in,6103.78,Zarnek Davrear,VN,wire
P009216,2026-06-21T13:00:00,C0107,in,877.43,Grevren Lundraul,FR,card
P001179,2026-06-21T13:03:00,C0157,in,2222.47,Zarvic Orzekenko,JP,wire
P009804,2026-06-21T13:08:00,C0056,out,422.40,Raltas Marosov,GB,wire
P000247,2026-06-21T13:21:00,C0011,in,10784.62,Vevic Boskoyan,KR,wire
P010896,2026-06-21T13:28:00,C0085,in,445.68,Sevvic Jorelski,AU,wire
P001854,2026-06-21T13:43:00,C0358,out,5252.10,Mormir Aldrear,KR,wire
P003230,2026-06-21T13:43:00,C0258,in,1756.36,Henmir Krevoyan,FR,wire
P001778,2026-06-21T13:54:00,C0268,out,4041.21,Ilyren Krevoov,KR,card
P001180,2026-06-21T14:12:00,C0246,out,2601.87,Branlo Boskoyan,GB,wire
P002707,2026-06-21T14:14:00,C0261,out,1484.17,Felren Orzekul,FR,wire
P005924,2026-06-21T14:17:00,C0367,in,5451.09,Grevlo Orzekski,KR,wire
P011568,2026-06-21T14:19:00,C0311,out,861.71,Velo Hanreski,AU,card
P011467,2026-06-21T14:20:00,C0033,out,5279.99,Umiren Marosar,SG,wire
P009154,2026-06-21T14:26:00,C0371,out,1374.34,Henvic Fareles,DE,card
P000520,2026-06-21T14:29:00,C0121,in,3678.88,Ilymir Davrear,DE,wire
P001818,2026-06-21T14:32:00,C0156,in,1050.82,Ilyren Marosyan,JP,card
P009071,2026-06-21T14:32:00,C0107,out,5473.70,Dordan Pravinov,MY,card
P006348,2026-06-21T14:39:00,C0238,in,1066.92,Ilydan Ivasksenko,AU,card
P007571,2026-06-21T14:41:00,C0316,in,7700.44,Nisdan Farelar,SG,wire
P005141,2026-06-21T14:47:00,C0176,in,333.88,Osttas Pravinitz,DE,cash
P008320,2026-06-21T15:07:00,C0125,out,977.78,Grevdan Hanreov,MY,wire
P003542,2026-06-21T15:30:00,C0256,out,684.68,Mormir Boskoes,SG,wire
P008122,2026-06-21T15:38:00,C0226,in,3061.93,Ostlo Orzekar,FR,cash
P001790,2026-06-21T15:47:00,C0381,out,4021.47,Ilylo Enkoenko,MY,cash
P009672,2026-06-21T15:53:00,C0238,in,518.19,Branvic Pravinyan,KR,card
P007811,2026-06-21T15:54:00,C0309,out,627.72,Felnek Pravinenko,GB,wire
P002164,2026-06-21T16:05:00,C0180,in,907.07,Mordan Jorelyan,DE,cash
P001921,2026-06-21T16:08:00,C0098,in,1113.36,Hentas Krevoov,FR,wire
P011067,2026-06-21T16:09:00,C0240,out,1249.44,Vevic Boskoyan,KR,wire
P003364,2026-06-21T17:19:00,C0119,in,4546.78,Umitas Davreyan,KR,cash
P008278,2026-06-21T17:33:00,C0333,in,1882.49,Umilo Marosyan,US,wire
P003139,2026-06-21T17:47:00,C0388,out,342.00,Henren Farelitz,DE,wire
P003768,2026-06-21T17:59:00,C0201,out,167.74,Talvic Farelul,SG,wire
P007884,2026-06-21T17:59:00,C0374,in,368.94,Henren Ivaskes,AU,wire
P008105,2026-06-21T18:13:00,C0065,in,2109.37,Talriel Cernaov,SG,wire
P001078,2026-06-21T18:29:00,C0132,out,355.03,Branriel Ivaskenko,US,card
P008684,2026-06-21T18:32:00,C0216,in,368.94,Hentas Krevoov,SG,cash
P004453,2026-06-21T18:36:00,C0306,in,240.24,Ralren Pravines,US,wire
P004320,2026-06-21T18:37:00,C0290,in,1205.80,Talren Krevoyan,DE,wire
P007861,2026-06-21T19:17:00,C0317,out,296.25,Zarlo Davreenko,GB,card
P010469,2026-06-21T19:20:00,C0191,in,513.60,Branlo Enkoyan,JP,wire
P011386,2026-06-21T19:22:00,C0122,out,3913.12,Ilyren Krevoov,FR,card
P006600,2026-06-21T19:23:00,C0070,in,1110.67,Ilymir Cernaul,US,wire
P007362,2026-06-21T19:31:00,C0280,in,683.40,Zarvic Marosyan,JP,wire
P000025,2026-06-21T19:38:00,C0072,out,3063.55,Ostdan Ivaskov,JP,card
P010506,2026-06-21T19:39:00,C0179,in,185.85,Grevvic Gostynenko,VN,wire
P011913,2026-06-21T19:58:00,C0149,out,335.87,Felmir Nevicitz,JP,wire
P005259,2026-06-21T20:27:00,C0392,out,845.18,Felren Ivaskes,KR,cash
P009024,2026-06-21T20:29:00,C0054,out,919.62,Ostdan Farelski,AU,wire
P011228,2026-06-21T20:42:00,C0183,in,2307.95,Velo Ivaskar,US,wire
P005754,2026-06-21T21:05:00,C0335,out,416.93,Osttas Pravinitz,AU,wire
P011916,2026-06-21T21:06:00,C0133,out,426.92,Katas Gostynenko,SG,wire
P000784,2026-06-21T21:07:00,C0039,out,317.10,Nisriel Pravinenko,SG,wire
P010065,2026-06-21T21:10:00,C0178,in,1040.70,Nisriel Pravinenko,SG,wire
P005584,2026-06-21T21:17:00,C0043,out,2503.29,Kanek Krevoski,AU,card
P002127,2026-06-21T21:20:00,C0393,out,77.34,Osttas Lundraar,US,wire
P002907,2026-06-21T21:24:00,C0167,in,21135.43,Mortas Aldrear,VN,card
P002635,2026-06-21T21:25:00,C0105,in,121.72,Fello Cernaitz,AU,cash
P011305,2026-06-21T21:27:00,C0273,out,75.30,Feltas Ivaskenko,KR,wire
P009081,2026-06-21T21:47:00,C0299,out,1389.80,Veriel Lundraitz,KR,wire
P008849,2026-06-21T22:17:00,C0003,in,234.33,Morvic Hanreitz,XC,cash
P010933,2026-06-21T22:31:00,C0011,in,266.68,Venek Boskoyan,VN,card
P008608,2026-06-21T22:40:00,C0189,out,2088.30,Branriel Ivaskenko,JP,wire
P011626,2026-06-21T22:44:00,C0181,out,541.35,Talmir Krevoul,JP,wire
P005631,2026-06-21T23:16:00,C0228,out,574.92,Kamir Davreitz,US,wire
P000180,2026-06-21T23:20:00,C0346,in,970.49,Henlo Davreul,KR,wire
P010106,2026-06-21T23:30:00,C0139,out,2793.24,Kalo Pravinov,VN,wire
P010551,2026-06-21T23:35:00,C0008,in,3955.74,Zardan Farelitz,US,wire
P008267,2026-06-22T00:36:00,C0111,in,3399.82,Mortas Davreenko,AU,wire
P010776,2026-06-22T00:41:00,C0277,out,2536.95,Kariel Nevicul,US,card
P009972,2026-06-22T00:56:00,C0006,out,1414.37,Umimir Lundrayan,SG,wire
P000483,2026-06-22T01:00:00,C0032,out,2442.51,Kadan Boskoul,GB,wire
P010436,2026-06-22T01:01:00,C0327,out,359.51,Hennek Lundraov,JP,wire
P005109,2026-06-22T01:12:00,C0015,out,488.33,Vedan Cernaski,DE,wire
P007117,2026-06-22T01:20:00,C0359,out,746.48,Branvic Cernaski,DE,card
P007114,2026-06-22T01:23:00,C0354,out,473.56,Nistas Orzekski,GB,wire
P010567,2026-06-22T01:23:00,C0089,out,7889.47,Dormir Ivaskar,AU,wire
P001834,2026-06-22T01:51:00,C0192,in,283.52,Umitas Davreski,KR,wire
P008610,2026-06-22T02:00:00,C0188,in,2518.88,Zarlo Orzekes,XA,wire
P008326,2026-06-22T02:52:00,C0118,out,931.46,Grevdan Pravinul,XB,card
P002784,2026-06-22T02:57:00,C0109,out,1252.33,Kamir Farelul,JP,wire
P005985,2026-06-22T03:21:00,C0308,out,1327.51,Ralriel Aldreenko,MY,wire
P000778,2026-06-22T03:42:00,C0098,out,449.61,Umiren Hanreul,VN,card
P004080,2026-06-22T03:49:00,C0193,in,2675.76,Umiren Nevicitz,US,wire
P008573,2026-06-22T04:00:00,C0330,in,750.80,Branlo Farelar,GB,card
P003201,2026-06-22T04:01:00,C0291,out,1234.17,Zarlo Nevicyan,DE,wire
P009893,2026-06-22T04:25:00,C0010,out,2757.56,Mortas Aldrear,KR,wire
P003488,2026-06-22T04:39:00,C0259,out,1660.31,Branvic Cernaski,JP,wire
P010271,2026-06-22T04:40:00,C0091,out,1529.69,Vevic Lundraitz,VN,cash
P008983,2026-06-22T04:52:00,C0020,out,1334.56,Umilo Cernaski,XB,wire
P011229,2026-06-22T04:52:00,C0298,in,495.15,Umimir Ivaskul,AU,wire
P009639,2026-06-22T04:53:00,C0397,out,4386.55,Hentas Hanreul,FR,card
P006736,2026-06-22T05:03:00,C0269,out,2890.63,Vedan Nevicyan,JP,wire
P001400,2026-06-22T05:30:00,C0223,out,6086.99,Raltas Marosov,VN,cash
P001972,2026-06-22T05:49:00,C0361,in,1053.58,Umiren Hanreski,AU,wire
P009357,2026-06-22T05:51:00,C0292,in,974.45,Ostdan Krevoul,VN,wire
P010453,2026-06-22T05:55:00,C0188,out,447.61,Ostdan Farelski,VN,wire
P007476,2026-06-22T06:12:00,C0267,out,407.38,Fello Hanreul,FR,wire
P001005,2026-06-22T06:26:00,C0009,out,8301.08,Ostriel Aldreov,AU,wire
P004049,2026-06-22T06:39:00,C0171,in,1017.24,Hennek Aldreenko,SG,card
P005369,2026-06-22T06:47:00,C0155,in,15646.39,Talmir Nevicsenko,VN,wire
P001870,2026-06-22T07:09:00,C0120,in,500.25,Dornek Krevoov,KR,wire
P004826,2026-06-22T07:22:00,C0255,out,287.85,Sevtas Enkoar,KR,wire
P001832,2026-06-22T07:26:00,C0258,in,1465.17,Kamir Jorelitz,JP,wire
P003380,2026-06-22T07:33:00,C0254,in,5458.92,Zarlo Cernaar,VN,wire
P000675,2026-06-22T07:43:00,C0250,in,835.59,Sevriel Farelul,FR,card
P009367,2026-06-22T07:49:00,C0338,in,499.04,Umivic Boskoes,GB,wire
P006257,2026-06-22T08:11:00,C0308,in,288.63,Zarriel Krevoul,XA,wire
P000380,2026-06-22T08:28:00,C0056,out,2243.05,Nisriel Gostynar,JP,wire
P001592,2026-06-22T08:37:00,C0013,in,8092.70,Nisriel Gostynar,DE,wire
P006813,2026-06-22T08:45:00,C0356,out,344.44,Hennek Davreski,MY,cash
P009562,2026-06-22T08:59:00,C0148,out,3551.90,Umidan Hanreenko,XC,wire
P009864,2026-06-22T08:59:00,C0345,out,956.01,Nisriel Gostynar,XB,wire
P003366,2026-06-22T09:24:00,C0173,in,279.67,Ralnek Hanreenko,KR,wire
P008940,2026-06-22T09:26:00,C0320,out,888.89,Talriel Farelul,AU,wire
P007909,2026-06-22T09:38:00,C0266,out,1220.09,Grevvic Davreski,FR,wire
P009293,2026-06-22T09:39:00,C0136,in,1370.86,Kariel Enkoov,KR,card
P001214,2026-06-22T10:29:00,C0257,out,1958.25,Grevlo Orzekar,JP,card
P001364,2026-06-22T10:37:00,C0077,out,269.99,Dorlo Boskoitz,DE,wire
P004660,2026-06-22T10:40:00,C0054,out,1058.14,Sevriel Davrear,GB,wire
P004609,2026-06-22T10:58:00,C0156,out,915.85,Mordan Gostynenko,VN,wire
P009761,2026-06-22T11:09:00,C0092,out,917.39,Grevren Gostynes,SG,wire
P005526,2026-06-22T11:13:00,C0235,in,1616.06,Ostren Farelenko,JP,wire
P008987,2026-06-22T11:20:00,C0356,out,645.54,Branmir Farelski,KR,cash
P005008,2026-06-22T11:30:00,C0134,out,846.40,Taltas Hanrees,GB,wire
P000092,2026-06-22T11:35:00,C0048,out,620.60,Ilymir Cernaul,FR,wire
P009172,2026-06-22T11:36:00,C0340,in,360.02,Velo Pravinenko,VN,wire
P010818,2026-06-22T11:46:00,C0251,in,1080.70,Feldan Boskoov,GB,wire
P007756,2026-06-22T11:56:00,C0280,out,2652.58,Umivic Lundraes,SG,wire
P004263,2026-06-22T12:01:00,C0016,in,573.18,Dorlo Boskoski,US,wire
P000990,2026-06-22T12:05:00,C0204,out,2783.29,Talriel Boskoski,AU,wire
P001863,2026-06-22T12:23:00,C0302,out,1888.61,Talren Krevoyan,FR,wire
P011201,2026-06-22T12:33:00,C0123,out,741.28,Kamir Lundraul,FR,wire
P006992,2026-06-22T12:44:00,C0327,in,2555.37,Zarvic Enkoes,VN,cash
P002339,2026-06-22T12:55:00,C0381,out,5907.70,Zartas Pravinenko,DE,wire
P004802,2026-06-22T12:55:00,C0072,in,881.47,Felren Gostynul,GB,wire
P011724,2026-06-22T13:02:00,C0256,in,4595.18,Felriel Lundraski,MY,wire
P005892,2026-06-22T13:14:00,C0219,out,232.15,Ilylo Gostynski,JP,wire
P009377,2026-06-22T13:37:00,C0342,in,1972.04,Vevic Lundraitz,KR,card
P004528,2026-06-22T13:53:00,C0245,out,892.79,Umivic Boskoov,DE,wire
P011912,2026-06-22T14:06:00,C0283,out,280.88,Ostmir Boskoar,AU,card
P008422,2026-06-22T14:20:00,C0144,out,1798.73,Hentas Krevoov,MY,cash
P003619,2026-06-22T14:51:00,C0276,in,959.02,Sevmir Farelov,VN,wire
P002139,2026-06-22T15:08:00,C0154,in,2481.25,Henriel Orzekenko,MY,wire
P009009,2026-06-22T15:09:00,C0002,out,1062.26,Grevnek Boskoul,FR,wire
P000034,2026-06-22T15:15:00,C0177,out,1479.26,Ilydan Cernaes,US,wire
P006739,2026-06-22T15:18:00,C0279,in,2220.13,Ralmir Jorelov,MY,wire
P008807,2026-06-22T15:36:00,C0375,in,4246.91,Vetas Boskoyenko,VN,wire
P011125,2026-06-22T15:49:00,C0128,in,2237.83,Kariel Enkoov,MY,wire
P003462,2026-06-22T16:45:00,C0313,in,831.60,Ilyvic Davreenko,FR,cash
P010189,2026-06-22T16:48:00,C0255,in,8093.62,Brannek Krevoski,GB,wire
P006531,2026-06-22T16:51:00,C0234,in,1563.41,Umimir Lundrayan,GB,wire
P006071,2026-06-22T16:55:00,C0055,in,1495.58,Kanek Boskoyan,SG,card
P001730,2026-06-22T17:00:00,C0236,in,109.93,Ostriel Jorelul,US,wire
P010598,2026-06-22T17:01:00,C0187,in,3758.81,Talmir Davreitz,MY,wire
P007946,2026-06-22T17:05:00,C0199,in,1405.52,Rallo Enkoar,VN,wire
P007327,2026-06-22T17:12:00,C0172,out,2247.20,Ilyren Krevoov,DE,wire
P010828,2026-06-22T17:38:00,C0156,out,338.57,Talnek Marosyan,MY,wire
P011434,2026-06-22T17:47:00,C0103,in,544.21,Mortas Aldrear,JP,wire
P002988,2026-06-22T18:02:00,C0137,out,1337.83,Zarnek Cernasenko,US,wire
P006241,2026-06-22T18:04:00,C0221,out,1589.91,Raltas Marosov,JP,wire
P007559,2026-06-22T18:16:00,C0104,in,2312.65,Sevriel Nevicar,DE,wire
P005681,2026-06-22T18:24:00,C0130,in,720.46,Ralmir Jorelov,DE,wire
P010805,2026-06-22T18:41:00,C0226,in,2143.95,Taltas Jorelar,GB,wire
P001046,2026-06-22T19:00:00,C0228,out,3067.44,Grevriel Krevoenko,US,wire
P010869,2026-06-22T19:06:00,C0244,in,1611.69,Morriel Farelenko,GB,cash
P009817,2026-06-22T19:12:00,C0213,in,353.39,Zarriel Gostynar,GB,card
P011584,2026-06-22T19:14:00,C0325,out,773.53,Kadan Marosul,SG,wire
P001694,2026-06-22T19:30:00,C0207,out,4778.03,Grevdan Krevoski,GB,wire
P000767,2026-06-22T19:33:00,C0107,in,834.11,Zarvic Lundraar,AU,wire
P005564,2026-06-22T19:40:00,C0231,out,3141.61,Branlo Boskoyan,VN,card
P008703,2026-06-22T20:05:00,C0163,in,1134.59,Branlo Ivaskenko,MY,wire
P007968,2026-06-22T20:07:00,C0179,in,327.30,Dortas Joreles,JP,wire
P000015,2026-06-22T20:25:00,C0249,in,913.32,Katas Lundraenko,US,card
P008599,2026-06-22T20:40:00,C0038,in,643.12,Henlo Lundraes,VN,wire
P008739,2026-06-22T20:58:00,C0141,out,448.08,Hentas Davreitz,VN,card
P010455,2026-06-22T20:58:00,C0377,in,609.74,Brantas Boskoitz,MY,card
P004352,2026-06-22T21:00:00,C0239,in,4378.15,Sevmir Enkoienko,US,wire
P005756,2026-06-22T21:05:00,C0235,in,3852.28,Mormir Aldrear,AU,cash
P004412,2026-06-22T21:12:00,C0376,out,1395.96,Taltas Hanreov,SG,wire
P007437,2026-06-22T21:14:00,C0208,out,626.23,Branlo Ivaskenko,GB,wire
P007583,2026-06-22T21:15:00,C0017,out,2370.25,Zarvic Nevicov,US,wire
P011536,2026-06-22T21:15:00,C0100,in,1612.33,Henvic Jorelitz,KR,wire
P007542,2026-06-22T21:51:00,C0246,out,1258.70,Kamir Pravinar,FR,card
P003802,2026-06-22T21:52:00,C0384,in,1156.36,Ostmir Hanrees,GB,wire
P008682,2026-06-22T21:58:00,C0229,in,178.90,Sevlo Cernaitz,DE,wire
P009480,2026-06-22T22:04:00,C0131,out,7605.49,Grevdan Aldrear,XC,wire
P010236,2026-06-22T22:09:00,C0030,in,5027.03,Morriel Aldreyan,AU,cash
P010434,2026-06-22T22:27:00,C0181,out,3584.49,Dortas Jorelyan,US,card
P002043,2026-06-22T22:36:00,C0048,in,495.85,Dorlo Farelar,GB,cash
P006785,2026-06-22T22:37:00,C0105,in,1204.30,Kariel Orzekski,VN,card
P004809,2026-06-22T22:43:00,C0141,in,415.26,Kalo Krevoar,KR,wire
P007706,2026-06-22T23:03:00,C0206,out,529.70,Ralriel Farelski,AU,cash
P005928,2026-06-22T23:05:00,C0334,in,1026.54,Nisvic Enkoitz,DE,cash
P011973,2026-06-22T23:31:00,C0218,out,5962.65,Zartas Pravinenko,GB,wire
P005995,2026-06-22T23:39:00,C0376,in,1954.66,Hentas Hanreul,FR,wire
P009595,2026-06-22T23:43:00,C0072,out,1447.66,Grevvic Davreski,AU,wire
P004777,2026-06-22T23:45:00,C0091,in,605.10,Ilymir Enkoar,SG,cash
P006630,2026-06-22T23:51:00,C0241,out,465.71,Vevic Hanreul,US,wire
P009934,2026-06-23T00:13:00,C0286,in,1169.67,Umimir Nevicov,MY,cash
P008741,2026-06-23T00:15:00,C0372,out,760.35,Zarnek Krevoitz,GB,wire
P003049,2026-06-23T00:22:00,C0391,out,1272.17,Henmir Krevoyan,DE,wire
P004866,2026-06-23T00:22:00,C0232,out,893.03,Branren Davreul,KR,wire
P006572,2026-06-23T00:43:00,C0295,out,546.25,Grevlo Farelitz,KR,card
P000282,2026-06-23T00:52:00,C0063,in,739.03,Mornek Cernayan,AU,wire
P006196,2026-06-23T01:14:00,C0232,in,295.36,Grevdan Krevoski,MY,wire
P000238,2026-06-23T01:20:00,C0109,in,644.33,Grevvic Farelitz,MY,wire
P009383,2026-06-23T01:25:00,C0108,in,268.73,Ilylo Enkoenko,VN,card
P005419,2026-06-23T01:34:00,C0337,out,434.76,Venek Hanreenko,JP,wire
P004158,2026-06-23T01:37:00,C0063,out,465.28,Raltas Farelitz,VN,card
P005079,2026-06-23T01:41:00,C0100,out,363.81,Ilymir Cernaul,KR,card
P008959,2026-06-23T01:48:00,C0196,out,77.24,Nistas Orzekski,SG,card
P009094,2026-06-23T01:51:00,C0041,in,673.74,Ilymir Cernaul,US,wire
P011650,2026-06-23T01:52:00,C0365,out,565.26,Katas Orzekov,FR,wire
P001403,2026-06-23T02:03:00,C0280,in,428.32,Sevren Jorelyan,KR,wire
P000437,2026-06-23T02:28:00,C0378,in,1276.86,Velo Hanreski,US,wire
P006901,2026-06-23T02:39:00,C0275,in,679.90,Kalo Pravinski,VN,wire
P007764,2026-06-23T02:49:00,C0251,in,750.11,Talren Lundrayan,KR,wire
P002018,2026-06-23T02:51:00,C0389,out,165.36,Nisriel Krevoitz,VN,wire
P010511,2026-06-23T03:31:00,C0073,in,1494.99,Kariel Krevoenko,FR,wire
P002856,2026-06-23T03:41:00,C0077,in,406.65,Ostlo Jorelenko,DE,wire
P005746,2026-06-23T04:01:00,C0260,out,7113.54,Brannek Krevoski,SG,wire
P003004,2026-06-23T04:02:00,C0241,out,3725.79,Zartas Ivaskul,FR,card
P009001,2026-06-23T04:04:00,C0277,in,2731.89,Ralriel Ivaskenko,VN,wire
P000194,2026-06-23T04:17:00,C0376,out,506.68,Vetas Boskoyenko,SG,wire
P008312,2026-06-23T04:22:00,C0389,in,8599.13,Grevren Enkoenko,FR,cash
P005221,2026-06-23T04:29:00,C0062,out,1631.46,Zarren Fareles,KR,card
P002801,2026-06-23T04:40:00,C0051,out,783.07,Feldan Hanreov,FR,wire
P007916,2026-06-23T04:41:00,C0220,in,291.88,Zarriel Ivaskitz,FR,wire
P010707,2026-06-23T04:44:00,C0218,out,960.41,Grevren Lundraul,US,card
P010127,2026-06-23T04:51:00,C0159,out,10580.61,Hennek Aldreenko,AU,card
P002748,2026-06-23T05:06:00,C0198,in,1194.72,Ilymir Krevoenko,KR,wire
P003600,2026-06-23T05:06:00,C0095,in,3015.16,Henlo Joreles,FR,wire
P003906,2026-06-23T05:07:00,C0140,out,2061.81,Talren Pravinar,AU,wire
P005926,2026-06-23T05:23:00,C0076,out,1643.51,Talvic Boskoov,US,card
P000945,2026-06-23T06:09:00,C0343,out,176.42,Morlo Pravinenko,KR,wire
P003805,2026-06-23T06:14:00,C0028,out,932.50,Feldan Hanreov,GB,wire
P001695,2026-06-23T06:50:00,C0163,out,1603.12,Branlo Boskoyan,MY,card
P000662,2026-06-23T07:10:00,C0074,out,629.24,Zarvic Marosyan,GB,wire
P006940,2026-06-23T07:22:00,C0007,in,4694.41,Ilyren Marosyan,XC,cash
P004693,2026-06-23T07:27:00,C0291,in,20951.70,Felnek Boskoov,GB,cash
P000952,2026-06-23T08:05:00,C0235,in,3292.62,Henlo Ivaskski,DE,cash
P007149,2026-06-23T08:07:00,C0117,out,554.27,Vedan Pravinenko,GB,card
P002878,2026-06-23T08:24:00,C0352,in,504.34,Sevnek Orzekski,XC,wire
P001844,2026-06-23T08:27:00,C0295,out,368.51,Fello Hanreul,FR,cash
P010569,2026-06-23T08:32:00,C0106,in,126.62,Umiren Hanreski,US,wire
P007629,2026-06-23T08:42:00,C0103,out,2030.21,Talmir Davrear,AU,card
P001840,2026-06-23T08:49:00,C0280,out,305.05,Zarvic Enkoar,VN,card
P010243,2026-06-23T08:51:00,C0037,in,169.49,Ilyriel Boskoenko,FR,card
P005157,2026-06-23T08:58:00,C0184,in,2540.49,Sevriel Joreles,JP,wire
P003070,2026-06-23T09:03:00,C0042,in,530.57,Felriel Hanreov,AU,wire
P008317,2026-06-23T09:26:00,C0324,out,3601.29,Ostmir Boskoar,AU,wire
P004621,2026-06-23T10:23:00,C0108,out,448.22,Mormir Gostynenko,VN,cash
P008965,2026-06-23T10:26:00,C0147,in,1205.01,Rallo Gostynitz,VN,wire
P003208,2026-06-23T10:43:00,C0129,in,965.14,Zarren Nevicenko,SG,card
P008604,2026-06-23T10:43:00,C0053,out,8701.78,Morvic Farelyan,GB,card
P005236,2026-06-23T11:00:00,C0075,in,1060.53,Sevlo Gostynov,JP,cash
P008589,2026-06-23T11:08:00,C0135,out,538.64,Umilo Hanrear,KR,wire
P008495,2026-06-23T11:31:00,C0343,in,1960.12,Zarnek Ivaskul,FR,wire
P009742,2026-06-23T11:32:00,C0177,in,1113.76,Ostriel Jorelul,KR,card
P000454,2026-06-23T11:34:00,C0321,out,165.15,Raltas Nevicitz,MY,card
P003237,2026-06-23T11:43:00,C0342,out,258.07,Ostren Jorelski,US,wire
P009160,2026-06-23T11:56:00,C0105,in,243.73,Feldan Hanreov,SG,wire
P000910,2026-06-23T12:14:00,C0306,in,2297.61,Hentas Krevoov,DE,wire
P008411,2026-06-23T13:04:00,C0328,in,1580.60,Velo Hanreski,DE,wire
P011700,2026-06-23T13:10:00,C0295,out,1313.25,Zarriel Krevoitz,JP,wire
P002215,2026-06-23T13:39:00,C0205,out,1487.80,Brannek Davreov,GB,card
P008828,2026-06-23T13:47:00,C0189,out,1377.68,Nisdan Farelar,AU,wire
P006732,2026-06-23T13:54:00,C0262,out,612.30,Uminek Hanrees,SG,wire
P004662,2026-06-23T14:03:00,C0040,out,3804.02,Hennek Jorelyan,GB,wire
P011510,2026-06-23T14:18:00,C0243,in,1384.91,Mordan Enkoyan,XA,wire
P001929,2026-06-23T14:52:00,C0283,out,798.42,Umimir Nevicov,AU,wire
P005561,2026-06-23T14:54:00,C0009,in,196.74,Zarren Ivaskul,KR,card
P003094,2026-06-23T15:24:00,C0128,out,1197.04,Brannek Krevoski,JP,wire
P005074,2026-06-23T15:40:00,C0170,in,3107.14,Branvic Krevoski,FR,cash
P005986,2026-06-23T15:51:00,C0395,out,8469.19,Grevlo Orzekski,US,cash
P006391,2026-06-23T16:11:00,C0129,out,1729.17,Felmir Nevicitz,FR,wire
P006710,2026-06-23T16:30:00,C0289,in,7841.48,Osttas Boskoyan,GB,wire
P009945,2026-06-23T16:31:00,C0124,out,1461.00,Ilyvic Hanreul,VN,wire
P011743,2026-06-23T16:36:00,C0083,out,577.14,Zarmir Krevoski,GB,wire
P006649,2026-06-23T16:38:00,C0390,in,1818.30,Umimir Lundrayan,SG,card
P004912,2026-06-23T17:08:00,C0094,in,454.45,Sevnek Orzekitz,KR,wire
P003905,2026-06-23T17:36:00,C0154,in,980.57,Umitas Davreski,SG,wire
P008909,2026-06-23T18:12:00,C0158,in,256.71,Taltas Davreyan,AU,wire
P007487,2026-06-23T18:23:00,C0112,in,966.39,Sevren Jorelenko,US,card
P008152,2026-06-23T18:34:00,C0038,out,203.33,Ostdan Marositz,AU,wire
P002482,2026-06-23T18:36:00,C0098,out,695.78,Zarvic Nevicov,FR,wire
P005679,2026-06-23T18:47:00,C0330,out,1301.47,Ralnek Maroses,SG,cash
P009397,2026-06-23T18:51:00,C0377,out,7317.09,Grevtas Jorelitz,FR,wire
P002309,2026-06-23T19:38:00,C0204,in,6072.20,Ralriel Krevoitz,US,card
P010422,2026-06-23T19:49:00,C0045,in,320.50,Henmir Krevoes,GB,cash
P004023,2026-06-23T19:50:00,C0335,out,423.63,Ralnek Enkoyan,MY,wire
P011317,2026-06-23T19:53:00,C0208,in,988.55,Dorvic Gostynov,SG,wire
P009877,2026-06-23T19:54:00,C0031,out,155.19,Zarren Fareles,FR,wire
P004509,2026-06-23T20:05:00,C0220,in,342.89,Henmir Marosenko,US,wire
P002344,2026-06-23T20:06:00,C0232,in,942.12,Sevlo Orzekenko,DE,cash
P000608,2026-06-23T20:14:00,C0107,in,2286.64,Morriel Aldreyan,XA,wire
P009406,2026-06-23T20:15:00,C0012,out,872.28,Hentas Davreitz,SG,wire
P006303,2026-06-23T20:16:00,C0335,in,6164.51,Veren Pravinyan,JP,wire
P005581,2026-06-23T20:23:00,C0337,out,1330.79,Kamir Orzekes,VN,wire
P008363,2026-06-23T20:42:00,C0076,in,4141.33,Umiren Hanreski,MY,cash
P007075,2026-06-23T20:43:00,C0113,in,775.09,Talriel Farelul,KR,wire
P011969,2026-06-23T20:50:00,C0034,out,142.53,Sevdan Gostynski,US,wire
P007095,2026-06-23T20:57:00,C0314,out,2137.63,Zarriel Gostynar,DE,cash
P004418,2026-06-23T21:21:00,C0198,out,2032.31,Ilymir Nevicov,US,card
P008244,2026-06-23T21:24:00,C0331,in,12750.37,Kavic Enkoov,AU,wire
P003838,2026-06-23T22:00:00,C0356,out,1893.69,Grevlo Krevoar,GB,wire
P003158,2026-06-23T22:07:00,C0143,out,1036.72,Zarmir Krevoov,VN,wire
P003657,2026-06-23T22:17:00,C0377,out,1719.10,Henvic Jorelitz,AU,wire
P010881,2026-06-23T22:27:00,C0335,in,3366.87,Dorlo Boskoitz,MY,wire
P000947,2026-06-23T22:42:00,C0033,out,1763.21,Ralnek Lundraul,KR,wire
P007028,2026-06-23T22:46:00,C0121,in,3176.02,Veren Davreul,KR,wire
P011147,2026-06-23T22:46:00,C0227,out,3978.66,Ralriel Orzekyan,VN,wire
P006776,2026-06-23T23:02:00,C0143,out,2535.52,Ilytas Ivaskitz,VN,wire
P001608,2026-06-23T23:07:00,C0052,in,1287.58,Sevtas Enkoitz,FR,wire
P009416,2026-06-23T23:11:00,C0119,in,993.07,Ralriel Gostynov,FR,wire
P006232,2026-06-23T23:17:00,C0387,out,129.52,Sevdan Gostynski,VN,wire
P003107,2026-06-23T23:23:00,C0025,in,3422.14,Dordan Cernaes,KR,wire
P007891,2026-06-23T23:26:00,C0076,in,1764.57,Sevriel Pravinar,GB,card
P000640,2026-06-23T23:28:00,C0091,out,698.10,Umiriel Cernaski,KR,wire
P010960,2026-06-23T23:39:00,C0233,out,492.62,Nismir Nevicenko,JP,cash
P009151,2026-06-23T23:45:00,C0392,in,1268.29,Sevmir Pravinov,KR,wire
P003771,2026-06-24T00:01:00,C0227,out,1614.84,Sevlo Aldrees,JP,card
P004419,2026-06-24T00:16:00,C0035,in,3345.72,Nisdan Davrees,KR,wire
P006781,2026-06-24T00:19:00,C0102,out,1961.29,Katas Pravines,SG,wire
P001240,2026-06-24T00:23:00,C0063,in,641.98,Hentas Hanreul,FR,wire
P003186,2026-06-24T00:26:00,C0115,out,1885.89,Zardan Cernaes,JP,card
P011832,2026-06-24T00:32:00,C0097,out,2052.57,Henriel Jorelyan,DE,wire
P010601,2026-06-24T00:36:00,C0058,in,257.48,Sevriel Nevicar,XB,wire
P009640,2026-06-24T00:37:00,C0381,in,679.28,Zarren Ivaskul,JP,wire
P008018,2026-06-24T01:04:00,C0157,out,170.79,Henvic Ivaskski,XA,card
P010076,2026-06-24T01:12:00,C0053,out,4143.71,Umilo Hanrear,JP,card
P008672,2026-06-24T01:16:00,C0133,out,901.33,Umivic Nevicenko,MY,card
P008039,2026-06-24T01:17:00,C0129,in,1175.13,Veren Boskoitz,DE,wire
P004718,2026-06-24T01:33:00,C0143,in,538.93,Ilymir Krevoenko,JP,card
P011696,2026-06-24T01:59:00,C0076,out,724.15,Nismir Krevoar,KR,wire
P002341,2026-06-24T02:00:00,C0127,out,1722.76,Vedan Marosar,KR,card
P011023,2026-06-24T02:01:00,C0272,out,2052.81,Raldan Nevicul,FR,cash
P011732,2026-06-24T02:15:00,C0119,in,844.54,Ralren Fareles,MY,card
P011236,2026-06-24T02:17:00,C0398,in,422.86,Umitas Jorelitz,GB,cash
P000386,2026-06-24T02:24:00,C0153,in,1825.59,Sevren Ivaskienko,XB,card
P000808,2026-06-24T03:01:00,C0208,out,128.36,Taldan Marosov,AU,wire
P005939,2026-06-24T03:04:00,C0362,out,2676.77,Henmir Hanreyan,KR,wire
P007546,2026-06-24T03:10:00,C0384,in,702.21,Uminek Enkoski,XA,wire
P008490,2026-06-24T03:12:00,C0057,out,442.20,Ilyren Marosyan,JP,wire
P004828,2026-06-24T03:22:00,C0302,out,3613.83,Henmir Davreov,XA,cash
P004987,2026-06-24T03:32:00,C0201,in,3001.75,Kanek Lundraes,KR,wire
P003347,2026-06-24T03:37:00,C0052,out,669.02,Sevriel Pravinar,MY,wire
P003806,2026-06-24T03:43:00,C0365,out,2186.06,Henlo Marosenko,MY,wire
P009551,2026-06-24T03:46:00,C0314,in,280.30,Grevdan Marosar,MY,wire
P000393,2026-06-24T03:54:00,C0208,out,1746.67,Sevlo Maroses,DE,wire
P003661,2026-06-24T03:55:00,C0352,in,886.97,Dortas Jorelyan,VN,wire
P008499,2026-06-24T04:17:00,C0210,out,310.29,Sevren Nevicyan,US,wire
P000857,2026-06-24T04:21:00,C0364,in,176.39,Sevriel Hanreul,MY,card
P011573,2026-06-24T04:21:00,C0017,in,456.57,Ostnek Boskoyan,DE,wire
P007847,2026-06-24T04:27:00,C0274,in,1763.52,Sevlo Cernaitz,MY,cash
P008591,2026-06-24T04:51:00,C0107,out,4225.96,Sevnek Ivaskar,VN,wire
P009118,2026-06-24T04:54:00,C0038,out,774.57,Nisvic Enkoitz,FR,wire
P000445,2026-06-24T04:57:00,C0317,in,5285.93,Grevriel Aldreitz,DE,wire
P006301,2026-06-24T05:00:00,C0091,out,499.76,Mordan Cernaul,DE,wire
P003022,2026-06-24T05:05:00,C0336,in,3983.08,Ilyren Boskoyan,KR,card
P005193,2026-06-24T05:08:00,C0046,in,1193.79,Sevtas Lundraitz,FR,cash
P004831,2026-06-24T05:10:00,C0196,out,1399.61,Dorlo Boskoitz,AU,wire
P009490,2026-06-24T05:22:00,C0289,in,210.27,Branren Cernaenko,KR,card
P006546,2026-06-24T05:30:00,C0208,out,1810.87,Umivic Boskoenko,FR,wire
P006562,2026-06-24T05:55:00,C0201,in,287.10,Sevnek Ivaskar,MY,wire
P001426,2026-06-24T06:21:00,C0115,out,1323.94,Hennek Lundraov,MY,wire
P010078,2026-06-24T06:25:00,C0348,in,735.97,Felriel Hanreov,VN,wire
P003056,2026-06-24T06:27:00,C0175,out,223.26,Zarlo Cernaar,VN,wire
P001634,2026-06-24T06:31:00,C0186,out,5129.29,Zarriel Krevoitz,US,card
P001468,2026-06-24T06:38:00,C0114,in,174.98,Taldan Pravines,FR,wire
P010365,2026-06-24T06:39:00,C0345,in,2793.18,Mortas Lundrayan,KR,card
P004446,2026-06-24T06:40:00,C0047,in,1751.89,Hentas Krevoov,VN,wire
P003810,2026-06-24T07:09:00,C0038,in,719.81,Henriel Cernaes,GB,card
P004829,2026-06-24T07:12:00,C0217,out,9239.72,Dornek Boskoski,DE,wire
P011804,2026-06-24T07:13:00,C0081,in,1836.74,Branriel Enkoar,DE,wire
P011257,2026-06-24T07:17:00,C0128,in,674.23,Ralren Pravines,GB,wire
P007846,2026-06-24T07:19:00,C0138,out,847.83,Grevmir Ivaskul,GB,wire
P000908,2026-06-24T07:39:00,C0336,out,7595.84,Ilyvic Hanreul,XB,wire
P011354,2026-06-24T07:41:00,C0240,out,433.21,Venek Boskoyan,MY,wire
P006069,2026-06-24T07:43:00,C0271,out,297.47,Talriel Farelar,JP,wire
P008182,2026-06-24T07:48:00,C0364,in,3315.68,Nisren Lundrayan,MY,wire
P008578,2026-06-24T07:50:00,C0318,out,3640.85,Talvic Davrees,DE,wire
P010319,2026-06-24T07:53:00,C0086,out,3416.24,Veren Marosar,SG,cash
P011664,2026-06-24T08:01:00,C0213,out,1484.00,Ostriel Aldreov,AU,wire
P001404,2026-06-24T08:07:00,C0116,out,5002.16,Uminek Cernaski,GB,wire
P009921,2026-06-24T08:10:00,C0362,out,5532.53,Ralnek Lundraenko,AU,wire
P007757,2026-06-24T08:12:00,C0067,out,1593.90,Nisriel Krevoitz,MY,card
P006388,2026-06-24T08:23:00,C0297,in,8508.13,Kalo Ivaskenko,JP,card
P011581,2026-06-24T08:24:00,C0266,in,1229.19,Nislo Davresenko,US,wire
P000663,2026-06-24T08:38:00,C0156,out,6058.65,Ilytas Enkoski,GB,card
P004578,2026-06-24T08:46:00,C0286,out,4372.32,Dorvic Gostynov,VN,wire
P011091,2026-06-24T08:51:00,C0168,in,2229.95,Ralren Hanreyan,DE,card
P007520,2026-06-24T09:03:00,C0035,out,1109.62,Henren Ivaskes,GB,cash
P007745,2026-06-24T09:05:00,C0221,in,544.21,Branriel Lundraenko,AU,wire
P004203,2026-06-24T09:22:00,C0317,out,138.25,Umilo Marosyan,GB,cash
P005263,2026-06-24T09:24:00,C0339,in,803.72,Sevlo Aldreenko,GB,card
P001825,2026-06-24T09:57:00,C0299,out,630.05,Rallo Lundraul,DE,card
P002207,2026-06-24T10:16:00,C0003,in,364.78,Henvic Cernaov,VN,cash
P008663,2026-06-24T10:21:00,C0397,in,743.20,Ilynek Orzekitz,SG,wire
P007771,2026-06-24T10:26:00,C0020,out,855.98,Umiriel Davrear,KR,card
P007091,2026-06-24T10:28:00,C0315,out,738.03,Sevtas Boskoar,VN,card
P008518,2026-06-24T10:31:00,C0277,out,874.30,Umiriel Davrear,JP,card
P002700,2026-06-24T10:40:00,C0257,out,4070.99,Grevren Enkoenko,DE,card
P000575,2026-06-24T10:42:00,C0300,in,857.90,Grevlo Gostynes,SG,card
P010536,2026-06-24T10:43:00,C0248,in,1363.29,Sevren Jorelyan,AU,card
P001801,2026-06-24T10:48:00,C0178,out,1418.77,Henren Ivaskes,JP,wire
P004951,2026-06-24T11:17:00,C0312,in,5129.44,Katas Gostynenko,US,wire
P001474,2026-06-24T11:21:00,C0319,in,139.49,Katas Krevoar,SG,wire
P004797,2026-06-24T11:23:00,C0247,out,3115.05,Felren Ivaskov,MY,wire
P007560,2026-06-24T11:58:00,C0399,in,1223.17,Hennek Enkoitz,AU,wire
P004379,2026-06-24T12:05:00,C0229,in,624.49,Grevvic Gostynenko,KR,wire
P006436,2026-06-24T12:31:00,C0155,in,29245.16,Morlo Krevoenko,KR,wire
P006223,2026-06-24T12:35:00,C0293,in,6867.19,Zardan Gostynyan,VN,wire
P004564,2026-06-24T12:41:00,C0137,in,746.09,Ilymir Cernaul,GB,card
P008293,2026-06-24T13:00:00,C0063,in,734.47,Talmir Joreles,VN,wire
P007101,2026-06-24T13:12:00,C0362,out,2181.91,Zarnek Krevoitz,SG,card
P009133,2026-06-24T13:21:00,C0236,out,716.53,Mortas Lundraenko,GB,wire
P009222,2026-06-24T13:23:00,C0383,out,456.47,Nismir Aldrear,XA,wire
P006824,2026-06-24T13:30:00,C0310,in,8223.43,Vemir Boskoul,SG,wire
P004613,2026-06-24T13:38:00,C0231,in,1444.77,Zarmir Aldrees,KR,wire
P005750,2026-06-24T13:39:00,C0362,in,161.60,Morvic Pravines,FR,wire
P005178,2026-06-24T13:41:00,C0086,in,483.94,Umitas Davreyan,AU,wire
P011925,2026-06-24T14:15:00,C0021,in,1780.99,Sevnek Ivaskitz,AU,wire
P000998,2026-06-24T14:31:00,C0067,in,878.56,Ilynek Jorelitz,FR,wire
P002297,2026-06-24T14:52:00,C0310,in,12853.56,Sevdan Ivaskitz,GB,wire
P003494,2026-06-24T14:54:00,C0241,in,7973.72,Sevlo Gostynov,XA,cash
P003784,2026-06-24T14:55:00,C0297,out,5825.60,Grevren Enkoenko,AU,wire
P003085,2026-06-24T15:15:00,C0010,in,583.53,Henren Ivaskes,MY,wire
P002858,2026-06-24T15:24:00,C0325,out,12136.01,Dorriel Nevicitz,DE,card
P003406,2026-06-24T15:31:00,C0330,out,2785.39,Zarlo Hanreov,FR,card
P001162,2026-06-24T15:34:00,C0047,out,407.34,Ralren Davreski,KR,card
P004211,2026-06-24T15:38:00,C0381,out,296.40,Henlo Krevoov,VN,card
P004290,2026-06-24T15:47:00,C0395,out,2081.05,Ilytas Davreov,MY,card
P005598,2026-06-24T15:54:00,C0111,out,2867.55,Ilydan Ivasksenko,KR,wire
P000079,2026-06-24T16:07:00,C0062,out,1032.06,Grevmir Cernaov,FR,cash
P006833,2026-06-24T16:07:00,C0121,out,1188.80,Branvic Ivaskitz,VN,wire
P001884,2026-06-24T16:14:00,C0170,out,1383.20,Morriel Farelenko,JP,wire
P005963,2026-06-24T16:32:00,C0117,in,463.46,Ralren Hanreyan,VN,wire
P001978,2026-06-24T16:51:00,C0126,out,3416.96,Zarriel Gostynar,MY,wire
P007564,2026-06-24T17:19:00,C0186,in,425.33,Umilo Davreitz,AU,card
P011083,2026-06-24T17:36:00,C0193,in,653.82,Rallo Enkoar,AU,wire
P007348,2026-06-24T17:46:00,C0194,out,312.01,Taldan Hanreski,SG,wire
P002930,2026-06-24T17:58:00,C0280,in,223.04,Talren Lundrayan,SG,wire
P009856,2026-06-24T18:15:00,C0381,in,591.10,Dortas Lundraul,JP,wire
P008759,2026-06-24T18:20:00,C0007,out,342.95,Felmir Nevicitz,VN,card
P005386,2026-06-24T18:24:00,C0225,in,266.58,Vemir Jorelenko,XA,wire
P007158,2026-06-24T18:50:00,C0264,in,265.03,Ilyriel Jorelar,FR,wire
P009745,2026-06-24T18:55:00,C0267,out,182.76,Vedan Cernaski,GB,wire
P008179,2026-06-24T19:04:00,C0095,in,467.22,Veren Boskoitz,KR,wire
P005643,2026-06-24T19:13:00,C0249,in,2698.64,Ilyriel Boskoenko,VN,cash
P002074,2026-06-24T19:40:00,C0191,in,204.80,Mornek Davreski,XC,wire
P011349,2026-06-24T19:40:00,C0145,in,2577.71,Nislo Gostynitz,SG,wire
P004373,2026-06-24T19:44:00,C0160,in,546.30,Kalo Boskosenko,JP,wire
P003686,2026-06-24T20:06:00,C0208,in,1768.74,Henvic Nevicitz,AU,card
P005090,2026-06-24T20:15:00,C0350,out,1040.71,Sevriel Nevicar,MY,wire
P001735,2026-06-24T20:24:00,C0007,in,1381.78,Mordan Boskoski,SG,card
P001281,2026-06-24T20:30:00,C0354,out,657.49,Talriel Farelul,FR,wire
P005554,2026-06-24T20:44:00,C0112,out,1782.03,Sevlo Krevoes,FR,wire
P004496,2026-06-24T21:08:00,C0247,in,513.63,Umitas Orzekar,AU,wire
P011578,2026-06-24T21:11:00,C0252,out,834.64,Raltas Jorelyan,AU,wire
P001664,2026-06-24T21:12:00,C0026,in,269.86,Ostren Jorelski,KR,wire
P000712,2026-06-24T21:36:00,C0294,in,928.43,Karen Enkoski,SG,cash
P008174,2026-06-24T21:44:00,C0248,in,163.17,Grevren Gostynes,SG,wire
P003516,2026-06-24T21:51:00,C0099,in,445.37,Feltas Ivaskenko,JP,wire
P011106,2026-06-24T21:55:00,C0378,in,212.78,Morriel Ivaskenko,AU,cash
P011931,2026-06-24T22:17:00,C0077,in,527.76,Ralmir Cernaski,DE,cash
P002689,2026-06-24T22:21:00,C0347,in,3036.40,Sevriel Nevicar,US,wire
P006236,2026-06-24T23:03:00,C0269,in,875.09,Felren Ivaskes,KR,wire
P001885,2026-06-24T23:10:00,C0231,out,2792.46,Ostriel Nevicski,MY,card
P000296,2026-06-24T23:17:00,C0303,out,1591.13,Kamir Orzekar,MY,card
P009709,2026-06-24T23:20:00,C0108,out,277.41,Brantas Enkoov,AU,wire
P007942,2026-06-24T23:26:00,C0252,out,240.01,Taldan Farelar,US,card
P006354,2026-06-24T23:27:00,C0178,out,502.54,Zarnek Ivaskov,US,wire
P005686,2026-06-24T23:39:00,C0186,out,4123.43,Henren Krevoitz,US,wire
P010146,2026-06-24T23:44:00,C0264,in,422.26,Grevdan Lundraul,GB,wire
P005834,2026-06-24T23:47:00,C0160,out,1491.47,Grevlo Ivaskenko,DE,card
P000211,2026-06-24T23:49:00,C0087,in,722.84,Zarvic Orzekenko,US,wire
P001928,2026-06-24T23:49:00,C0124,in,1247.33,Venek Aldreov,AU,wire
P003414,2026-06-25T00:01:00,C0029,in,1101.10,Grevlo Farelitz,JP,wire
P003717,2026-06-25T00:04:00,C0204,out,691.96,Ostdan Ivaskov,GB,wire
P003428,2026-06-25T00:07:00,C0025,in,794.89,Mortas Davreenko,US,wire
P006984,2026-06-25T00:15:00,C0230,in,1775.67,Talmir Joreles,US,cash
P001183,2026-06-25T00:25:00,C0243,out,11466.81,Mornek Cernayan,US,wire
P004934,2026-06-25T00:56:00,C0152,out,831.74,Sevnek Davreienko,FR,card
P000071,2026-06-25T01:04:00,C0375,in,477.84,Ralren Fareles,AU,cash
P007412,2026-06-25T01:11:00,C0173,in,341.46,Ostdan Hanreenko,DE,cash
P011782,2026-06-25T01:12:00,C0220,out,2315.36,Hendan Gostynov,SG,card
P006475,2026-06-25T01:27:00,C0266,out,504.56,Ostriel Aldreov,GB,wire
P006460,2026-06-25T01:28:00,C0197,out,1098.58,Ostlo Krevoes,GB,wire
P007124,2026-06-25T01:31:00,C0119,out,1665.59,Zarvic Marosyan,FR,card
P002970,2026-06-25T01:34:00,C0132,in,1789.69,Mordan Enkoyan,JP,cash
P007807,2026-06-25T01:34:00,C0239,out,558.08,Henren Boskoes,FR,cash
P010184,2026-06-25T01:34:00,C0006,in,363.76,Branmir Marosenko,JP,cash
P002350,2026-06-25T01:35:00,C0340,in,466.40,Rallo Pravinenko,DE,wire
P003477,2026-06-25T01:45:00,C0219,out,3348.91,Dortas Nevicul,MY,wire
P002126,2026-06-25T02:03:00,C0072,in,225.61,Umilo Boskoenko,MY,wire
P007740,2026-06-25T02:06:00,C0367,in,2743.64,Ostnek Nevicenko,MY,wire
P005993,2026-06-25T02:25:00,C0288,out,3623.62,Grevtas Jorelitz,KR,wire
P005984,2026-06-25T02:53:00,C0398,in,878.71,Feldan Cernaitz,VN,wire
P003236,2026-06-25T03:04:00,C0129,out,939.97,Grevlo Jorelar,US,cash
P004319,2026-06-25T03:09:00,C0010,in,158.62,Ostnek Boskoitz,AU,wire
P011483,2026-06-25T03:14:00,C0195,out,532.07,Kavic Lundraenko,JP,wire
P003759,2026-06-25T03:19:00,C0269,out,224.54,Nisren Gostynes,VN,wire
P010975,2026-06-25T03:42:00,C0356,in,1122.08,Branriel Enkoul,DE,cash
P009484,2026-06-25T03:56:00,C0062,out,653.99,Nismir Boskoski,SG,wire
P001861,2026-06-25T04:15:00,C0234,in,104.28,Taltas Jorelar,AU,cash
P007943,2026-06-25T04:27:00,C0376,in,11109.91,Talren Krevoyan,AU,wire
P000585,2026-06-25T04:35:00,C0106,in,420.22,Grevvic Joreles,KR,wire
P008862,2026-06-25T04:36:00,C0101,in,453.76,Zarriel Ivaskitz,MY,wire
P011779,2026-06-25T04:50:00,C0144,in,2051.72,Grevdan Hanreov,US,wire
P008395,2026-06-25T05:01:00,C0284,out,978.42,Zarmir Davreov,AU,cash
P005269,2026-06-25T05:19:00,C0143,out,1191.87,Grevvic Marosov,KR,wire
P002083,2026-06-25T05:27:00,C0220,out,6148.25,Veriel Jorelenko,KR,wire
P002668,2026-06-25T06:12:00,C0366,out,2325.60,Kadan Aldreov,KR,wire
P006522,2026-06-25T06:18:00,C0385,out,802.77,Vevic Boskoyan,AU,wire
P004318,2026-06-25T06:28:00,C0012,in,2875.44,Morvic Boskoul,AU,wire
P000408,2026-06-25T06:49:00,C0377,out,1038.21,Nismir Aldrear,JP,wire
P004329,2026-06-25T06:52:00,C0187,in,7396.99,Ralren Pravines,DE,cash
P004573,2026-06-25T06:55:00,C0255,out,352.10,Henren Boskoes,JP,wire
P007270,2026-06-25T07:03:00,C0374,in,955.21,Zarlo Orzekes,GB,wire
P011011,2026-06-25T07:05:00,C0214,out,86.47,Morlo Pravinenko,MY,wire
P000251,2026-06-25T07:08:00,C0257,in,1631.68,Dorvic Gostynov,AU,wire
P000465,2026-06-25T07:30:00,C0268,in,187.28,Hendan Gostynov,FR,wire
P001257,2026-06-25T07:30:00,C0023,in,671.18,Ralren Lundraes,DE,wire
P009610,2026-06-25T07:30:00,C0248,out,3082.30,Umiriel Jorelul,SG,wire
P002717,2026-06-25T07:52:00,C0135,out,6342.04,Vevic Boskoyan,FR,card
P011529,2026-06-25T07:56:00,C0107,out,471.56,Zarren Ivaskul,VN,wire
P005051,2026-06-25T07:57:00,C0288,in,264.96,Nislo Jorelyan,VN,wire
P011160,2026-06-25T07:57:00,C0365,in,2028.19,Talren Nevicov,KR,cash
P008960,2026-06-25T08:11:00,C0016,in,4170.61,Henmir Hanreyan,XB,wire
P011744,2026-06-25T08:15:00,C0044,out,1698.21,Morriel Marositz,FR,wire
P010522,2026-06-25T08:35:00,C0382,out,2255.05,Branren Farelski,DE,card
P011515,2026-06-25T08:46:00,C0123,in,645.63,Grevdan Hanreov,GB,card
P001395,2026-06-25T09:14:00,C0368,out,1193.70,Dorlo Boskoski,KR,wire
P011337,2026-06-25T09:35:00,C0321,in,2131.94,Talriel Cernaov,GB,wire
P000064,2026-06-25T09:36:00,C0291,out,472.10,Branren Nevicyan,US,wire
P002165,2026-06-25T09:48:00,C0125,in,98.25,Taltas Hanrees,US,cash
P010562,2026-06-25T09:52:00,C0318,in,380.90,Zarlo Hanreov,SG,card
P004126,2026-06-25T09:53:00,C0197,out,11129.53,Ostlo Boskoul,FR,card
P010363,2026-06-25T09:54:00,C0243,in,650.78,Henren Enkoitz,MY,wire
P011698,2026-06-25T10:47:00,C0040,in,421.67,Ralnek Lundraul,GB,card
P009191,2026-06-25T10:53:00,C0231,in,1390.61,Zarmir Hanreyan,AU,cash
P007179,2026-06-25T11:11:00,C0009,out,955.12,Feldan Cernaitz,AU,cash
P001548,2026-06-25T11:21:00,C0367,in,806.48,Talriel Farelar,JP,cash
P009536,2026-06-25T11:22:00,C0278,in,181.70,Felren Orzekul,KR,card
P011227,2026-06-25T11:22:00,C0272,in,3446.36,Zarnek Jorelitz,XB,card
P009712,2026-06-25T11:30:00,C0253,out,3952.83,Zarvic Enkoar,XA,card
P010725,2026-06-25T11:44:00,C0004,out,1268.87,Feltas Aldrear,GB,cash
P003683,2026-06-25T12:24:00,C0131,in,372.45,Dordan Pravinov,FR,wire
P008077,2026-06-25T12:26:00,C0207,in,2357.17,Umiren Lundraski,FR,wire
P006829,2026-06-25T12:40:00,C0363,out,1463.42,Osttas Nevicenko,JP,wire
P009184,2026-06-25T12:52:00,C0266,in,423.20,Raltas Enkoenko,JP,wire
P001803,2026-06-25T12:56:00,C0060,out,359.07,Umivic Lundraes,FR,wire
P005590,2026-06-25T13:39:00,C0213,out,980.53,Sevtas Pravinski,VN,wire
P007572,2026-06-25T13:41:00,C0152,in,162.85,Feldan Hanreov,JP,wire
P000046,2026-06-25T13:43:00,C0346,in,736.84,Mormir Boskoes,DE,wire
P009202,2026-06-25T13:44:00,C0373,out,1911.27,Branren Davreul,SG,wire
P000855,2026-06-25T13:54:00,C0391,out,1145.01,Ralnek Enkoyan,GB,wire
P003114,2026-06-25T14:05:00,C0349,out,423.58,Nisriel Cernayan,KR,card
P003789,2026-06-25T14:18:00,C0336,out,5126.79,Ostmir Hanrees,FR,wire
P007893,2026-06-25T14:32:00,C0100,out,4113.68,Kariel Orzekski,JP,wire
P003795,2026-06-25T14:36:00,C0054,in,226.35,Umidan Hanreenko,KR,card
P001910,2026-06-25T14:48:00,C0169,in,481.40,Taldan Farelar,JP,wire
P004778,2026-06-25T14:48:00,C0120,in,760.71,Sevlo Aldrees,GB,cash
P004267,2026-06-25T15:36:00,C0282,in,90.81,Talmir Davreitz,AU,wire
P001120,2026-06-25T15:39:00,C0333,in,9024.17,Hentas Nevicenko,GB,wire
P006887,2026-06-25T16:12:00,C0050,in,5205.35,Feltas Orzekski,JP,wire
P007428,2026-06-25T16:28:00,C0085,in,3834.72,Kanek Boskoyan,AU,wire
P004500,2026-06-25T16:31:00,C0389,in,1814.07,Branlo Boskoyan,VN,card
P006529,2026-06-25T16:35:00,C0315,out,756.25,Ostdan Marositz,US,card
P008154,2026-06-25T16:36:00,C0316,in,456.99,Taldan Lundraes,VN,wire
P003262,2026-06-25T16:45:00,C0109,out,433.27,Rallo Pravinenko,US,wire
P007481,2026-06-25T17:11:00,C0157,in,164.35,Zarmir Hanreyan,AU,card
P003584,2026-06-25T17:17:00,C0029,out,3804.64,Zarren Davreov,GB,wire
P011753,2026-06-25T17:27:00,C0140,out,1145.04,Ilymir Jorelar,FR,cash
P000417,2026-06-25T17:29:00,C0012,out,784.99,Sevlo Davreenko,FR,wire
P010947,2026-06-25T17:29:00,C0100,in,187.95,Umiren Marosar,SG,wire
P001177,2026-06-25T17:30:00,C0303,out,927.25,Talriel Ivaskski,SG,wire
P011576,2026-06-25T17:30:00,C0219,out,122.23,Sevren Orzekar,KR,wire
P006640,2026-06-25T17:33:00,C0237,out,269.82,Dortas Joreles,US,wire
P009702,2026-06-25T17:45:00,C0051,out,218.47,Henriel Cernaes,GB,wire
P003119,2026-06-25T17:54:00,C0277,out,1480.29,Ralnek Farelski,GB,cash
P005376,2026-06-25T17:55:00,C0365,in,647.23,Ilyren Boskoyan,FR,wire
P001194,2026-06-25T17:59:00,C0375,in,324.72,Henriel Aldreyan,DE,wire
P010094,2026-06-25T18:02:00,C0124,out,7717.15,Zarriel Gostynar,JP,card
P009194,2026-06-25T18:13:00,C0080,in,1788.85,Hentas Krevoov,VN,card
P005434,2026-06-25T18:16:00,C0250,in,577.24,Grevmir Boskoenko,FR,wire
P010028,2026-06-25T18:24:00,C0315,out,114.04,Grevnek Aldrees,US,card
P005491,2026-06-25T18:26:00,C0192,out,217.42,Grevdan Krevoski,AU,wire
P007107,2026-06-25T18:31:00,C0256,out,1699.34,Morriel Krevoski,DE,wire
P010068,2026-06-25T18:35:00,C0309,out,193.28,Felmir Nevicitz,GB,wire
P005451,2026-06-25T18:44:00,C0104,in,640.70,Taltas Hanreov,JP,wire
P007639,2026-06-25T18:58:00,C0001,out,9931.28,Sevlo Maroses,XB,wire
P009027,2026-06-25T18:59:00,C0269,in,15059.28,Zartas Ivaskul,FR,card
P006782,2026-06-25T19:09:00,C0013,in,2190.44,Zarvic Ivaskyan,DE,wire
P002758,2026-06-25T19:48:00,C0277,out,8080.87,Venek Aldreov,DE,wire
P002029,2026-06-25T20:16:00,C0040,out,557.02,Felriel Hanreov,GB,cash
P006975,2026-06-25T20:34:00,C0337,in,1096.84,Sevriel Davrear,SG,cash
P005744,2026-06-25T20:48:00,C0108,out,5459.55,Ralnek Lundraul,DE,wire
P004147,2026-06-25T20:50:00,C0258,out,16858.18,Sevlo Maroses,JP,wire
P007014,2026-06-25T20:54:00,C0164,out,3574.93,Umiren Nevicitz,JP,wire
P006492,2026-06-25T20:55:00,C0394,out,4476.11,Talmir Krevoul,AU,cash
P006883,2026-06-25T21:07:00,C0135,in,402.33,Raldan Nevicul,DE,card
P006006,2026-06-25T21:10:00,C0093,out,1283.68,Kanek Krevoski,SG,wire
P010610,2026-06-25T21:18:00,C0268,out,94.52,Osttas Lundraar,GB,wire
P004667,2026-06-25T21:31:00,C0305,out,1415.06,Umiren Marosar,SG,wire
P005599,2026-06-25T21:43:00,C0289,in,586.39,Felren Krevoar,JP,wire
P004398,2026-06-25T21:44:00,C0338,in,145.73,Kamir Enkoyan,US,card
P002889,2026-06-25T21:52:00,C0157,in,1032.74,Talriel Boskoski,MY,wire
P007694,2026-06-25T22:28:00,C0235,in,960.23,Kanek Lundraes,MY,wire
P007235,2026-06-25T22:43:00,C0295,out,2794.87,Taldan Marosov,AU,wire
P009822,2026-06-25T22:53:00,C0368,in,1010.38,Grevdan Krevoar,AU,wire
P002727,2026-06-25T23:08:00,C0043,in,2325.55,Grevren Gostynes,VN,wire
P007264,2026-06-25T23:25:00,C0339,in,1195.24,Kamir Orzekes,XC,card
P008389,2026-06-25T23:29:00,C0171,in,2050.49,Henvic Nevicitz,KR,wire
P006194,2026-06-25T23:42:00,C0081,out,2714.65,Mortas Aldrear,FR,card
P005911,2026-06-25T23:50:00,C0235,out,2301.47,Ilynek Fareles,DE,wire
P004452,2026-06-26T00:05:00,C0105,in,9256.85,Ostriel Aldreov,XB,wire
P004101,2026-06-26T00:16:00,C0098,in,3000.32,Brandan Hanreitz,GB,wire
P007527,2026-06-26T00:21:00,C0354,in,709.22,Kalo Boskosenko,GB,wire
P007002,2026-06-26T00:22:00,C0361,out,188.48,Umimir Nevicov,SG,wire
P008443,2026-06-26T00:48:00,C0384,out,1683.27,Dorvic Marosar,FR,wire
P007338,2026-06-26T00:56:00,C0385,in,3398.80,Feltas Orzekski,DE,wire
P009173,2026-06-26T01:12:00,C0036,in,9590.08,Dortas Joreles,AU,wire
P003211,2026-06-26T01:17:00,C0229,in,3483.12,Ilynek Fareles,MY,wire
P010907,2026-06-26T01:44:00,C0077,in,1352.31,Branmir Orzekul,XB,wire
P009463,2026-06-26T01:49:00,C0165,in,154.96,Dornek Krevoov,VN,wire
P005882,2026-06-26T01:51:00,C0057,out,9219.44,Grevmir Farelenko,JP,wire
P003708,2026-06-26T02:05:00,C0247,out,1781.62,Talriel Boskoski,SG,wire
P005798,2026-06-26T02:30:00,C0362,in,1545.88,Nisriel Pravinar,SG,card
P008554,2026-06-26T03:23:00,C0273,out,1672.78,Talvic Davrees,VN,wire
P007645,2026-06-26T03:24:00,C0103,out,462.05,Veriel Lundraenko,FR,wire
P000748,2026-06-26T03:43:00,C0112,out,2649.71,Grevren Enkoitz,SG,wire
P000789,2026-06-26T04:19:00,C0203,in,2760.51,Vemir Jorelenko,DE,wire
P000730,2026-06-26T04:20:00,C0118,in,12925.26,Umilo Orzekyan,MY,card
P006778,2026-06-26T04:25:00,C0039,in,669.97,Umiren Hanreul,XC,wire
P010574,2026-06-26T04:27:00,C0345,out,5925.96,Ilydan Aldrear,US,cash
P004013,2026-06-26T04:38:00,C0285,out,3207.90,Sevdan Hanreyan,MY,wire
P005935,2026-06-26T04:53:00,C0384,out,898.58,Sevren Jorelyan,GB,wire
P005282,2026-06-26T05:09:00,C0284,out,1167.11,Zarnek Jorelitz,XC,card
P004734,2026-06-26T05:15:00,C0236,in,3362.76,Kavic Aldreul,DE,cash
P007024,2026-06-26T05:26:00,C0377,in,1438.63,Kalo Pravinski,AU,wire
P009860,2026-06-26T05:27:00,C0223,out,1129.06,Zarnek Ivaskov,VN,card
P007849,2026-06-26T05:28:00,C0291,out,141.03,Brantas Enkoov,DE,wire
P011414,2026-06-26T05:47:00,C0097,in,775.59,Brandan Hanreitz,GB,wire
P008936,2026-06-26T05:54:00,C0015,out,333.31,Katas Gostynenko,XA,wire
P003293,2026-06-26T06:17:00,C0109,in,2112.07,Nisdan Pravinyan,GB,wire
P000325,2026-06-26T06:32:00,C0178,in,721.21,Grevmir Ivaskul,KR,wire
P007795,2026-06-26T06:38:00,C0003,in,1477.94,Ostriel Nevicski,FR,wire
P009989,2026-06-26T06:48:00,C0157,in,250.66,Brantas Boskoitz,GB,wire
P002723,2026-06-26T06:54:00,C0271,out,826.87,Ilydan Marositz,MY,wire
P008451,2026-06-26T06:54:00,C0047,in,843.09,Grevlo Ivaskenko,SG,wire
P004900,2026-06-26T08:09:00,C0127,out,3221.06,Osttas Lundraar,DE,card
P011321,2026-06-26T08:09:00,C0388,in,771.16,Branmir Ivaskul,DE,wire
P005548,2026-06-26T08:19:00,C0195,in,3318.84,Veren Boskoitz,JP,wire
P008939,2026-06-26T08:21:00,C0295,in,499.86,Sevdan Hanreyan,JP,wire
P007615,2026-06-26T08:28:00,C0355,out,526.74,Talriel Cernaov,KR,wire
P008647,2026-06-26T08:32:00,C0292,out,577.26,Osttas Farelitz,MY,wire
P002154,2026-06-26T08:33:00,C0091,in,645.37,Umilo Orzekyan,FR,wire
P004262,2026-06-26T09:07:00,C0187,in,255.90,Zarmir Krevoov,GB,wire
P000069,2026-06-26T09:12:00,C0325,out,520.34,Nisriel Gostynar,MY,wire
P001139,2026-06-26T09:16:00,C0010,out,2912.65,Grevtas Pravinul,JP,wire
P007195,2026-06-26T09:22:00,C0328,out,1278.64,Henriel Orzekenko,GB,wire
P004720,2026-06-26T09:33:00,C0349,out,1126.44,Sevmir Ivaskyan,DE,wire
P000951,2026-06-26T09:34:00,C0019,out,1151.09,Talriel Boskoski,GB,wire
P004533,2026-06-26T09:39:00,C0160,in,816.84,Vetas Farelenko,VN,wire
P004485,2026-06-26T09:52:00,C0274,in,10772.57,Branren Davreul,GB,wire
P010898,2026-06-26T10:05:00,C0023,in,1359.15,Morvic Pravines,SG,card
P002864,2026-06-26T10:08:00,C0139,out,1532.02,Kariel Orzekski,MY,wire
P000850,2026-06-26T10:22:00,C0173,out,3527.36,Talmir Davreitz,VN,cash
P001762,2026-06-26T10:47:00,C0286,in,1180.18,Felren Gostynul,MY,card
P008128,2026-06-26T10:52:00,C0256,in,1320.68,Umimir Davreenko,MY,wire
P006616,2026-06-26T10:58:00,C0177,out,370.40,Sevmir Krevoitz,GB,wire
P002315,2026-06-26T11:00:00,C0143,out,1352.80,Katas Orzekov,MY,wire
P003532,2026-06-26T11:32:00,C0343,in,1219.58,Umimir Ivaskul,AU,wire
P011844,2026-06-26T11:33:00,C0087,out,1845.88,Vedan Farelar,AU,wire
P002593,2026-06-26T11:50:00,C0248,out,299.54,Morren Cernayan,DE,wire
P009987,2026-06-26T12:06:00,C0321,in,1316.65,Zarnek Ivaskov,GB,wire
P002364,2026-06-26T12:22:00,C0101,in,617.74,Zarmir Davreov,FR,wire
P006083,2026-06-26T12:26:00,C0108,out,1724.76,Umidan Hanreenko,DE,wire
P011251,2026-06-26T12:45:00,C0093,in,1544.94,Grevren Lundrayan,KR,wire
P006575,2026-06-26T12:49:00,C0297,out,2826.01,Ostdan Pravinyan,DE,wire
P006161,2026-06-26T13:08:00,C0356,in,1441.73,Vevic Boskoyan,US,wire
P000911,2026-06-26T13:17:00,C0185,out,136.03,Ralren Pravines,JP,wire
P000047,2026-06-26T13:23:00,C0145,out,3806.50,Ralren Fareles,SG,card
P004344,2026-06-26T13:36:00,C0328,in,2029.24,Felvic Gostynyan,JP,cash
P001353,2026-06-26T13:42:00,C0327,in,1637.90,Zarnek Krevoitz,MY,wire
P010682,2026-06-26T13:45:00,C0030,out,1295.97,Ilylo Cernaar,DE,card
P004058,2026-06-26T13:53:00,C0141,in,8396.80,Ostriel Hanreitz,SG,wire
P010037,2026-06-26T14:05:00,C0018,in,368.45,Morvic Gostynenko,US,card
P006626,2026-06-26T14:35:00,C0228,in,6169.49,Ostlo Aldrees,MY,wire
P011963,2026-06-26T14:53:00,C0126,in,926.87,Dorriel Jorelenko,DE,wire
P009787,2026-06-26T14:55:00,C0060,in,1257.20,Ralnek Orzekul,KR,wire
P004214,2026-06-26T15:12:00,C0332,out,995.44,Sevlo Boskoov,GB,wire
P004654,2026-06-26T15:36:00,C0087,in,1492.44,Vedan Pravinenko,XC,wire
P001040,2026-06-26T15:42:00,C0212,out,253.37,Sevmir Krevoitz,DE,card
P008307,2026-06-26T15:44:00,C0380,in,330.07,Taldan Pravines,GB,wire
P005840,2026-06-26T15:56:00,C0169,out,1648.33,Kadan Nevicov,DE,wire
P009798,2026-06-26T16:13:00,C0096,out,239.49,Sevren Nevicyan,VN,wire
P010508,2026-06-26T16:15:00,C0253,out,173.37,Grevriel Aldreitz,VN,wire
P000570,2026-06-26T16:23:00,C0124,out,1531.92,Sevlo Cernaitz,FR,card
P002898,2026-06-26T16:27:00,C0031,in,255.22,Ostlo Boskoul,KR,card
P007065,2026-06-26T16:27:00,C0081,in,2559.20,Dortas Boskoov,AU,wire
P010739,2026-06-26T16:53:00,C0199,in,732.38,Zarvic Nevicov,US,wire
P001603,2026-06-26T16:56:00,C0329,in,14589.44,Mortas Aldrear,GB,wire
P001304,2026-06-26T17:04:00,C0290,in,513.69,Zarren Pravinitz,GB,wire
P003203,2026-06-26T17:08:00,C0000,in,12174.11,Talren Enkoar,AU,card
P006902,2026-06-26T18:44:00,C0351,out,1723.71,Zarlo Nevicski,VN,wire
P006770,2026-06-26T18:48:00,C0187,out,1739.40,Mordan Jorelyan,SG,card
P011108,2026-06-26T18:53:00,C0314,out,810.43,Umivic Lundraes,FR,wire
P004481,2026-06-26T19:32:00,C0203,out,691.05,Taldan Marosov,GB,card
P003796,2026-06-26T19:45:00,C0375,in,605.49,Umivic Boskoov,FR,wire
P006030,2026-06-26T19:47:00,C0074,out,3104.00,Nisriel Cernayan,JP,wire
P007586,2026-06-26T20:00:00,C0199,out,259.39,Uminek Orzekul,US,card
P006712,2026-06-26T20:09:00,C0148,out,426.96,Morlo Davreov,XA,wire
P007442,2026-06-26T20:11:00,C0161,in,330.73,Sevmir Pravinov,JP,wire
P008878,2026-06-26T20:14:00,C0191,in,16403.33,Kariel Krevoenko,XA,wire
P000374,2026-06-26T20:17:00,C0048,out,65.35,Nisnek Cernaov,XA,wire
P000839,2026-06-26T20:32:00,C0121,out,1143.27,Henlo Marosenko,JP,wire
P004625,2026-06-26T20:43:00,C0263,in,675.33,Ostlo Jorelar,KR,card
P000186,2026-06-26T21:17:00,C0115,in,4246.49,Zartas Farelyan,VN,wire
P006467,2026-06-26T21:27:00,C0282,out,2065.28,Ilymir Enkoar,AU,cash
P003483,2026-06-26T21:50:00,C0290,in,403.38,Brannek Hanreyan,XC,wire
P002046,2026-06-26T21:58:00,C0355,out,1990.10,Ilydan Pravinski,XB,wire
P002510,2026-06-26T22:03:00,C0066,out,2130.18,Sevtas Pravinski,XA,wire
P004716,2026-06-26T22:08:00,C0125,in,2967.89,Henmir Krevoyan,FR,wire
P003609,2026-06-26T22:31:00,C0246,out,10448.39,Ralnek Lundraul,FR,card
P002629,2026-06-26T22:35:00,C0361,out,587.72,Ralriel Ivaskenko,FR,wire
P009546,2026-06-26T22:40:00,C0378,in,2953.29,Grevlo Jorelar,KR,wire
P010149,2026-06-26T22:51:00,C0345,in,932.93,Ralren Davreski,SG,wire
P000696,2026-06-26T22:53:00,C0212,out,3330.22,Brannek Pravinenko,DE,wire
P011625,2026-06-26T22:57:00,C0127,out,383.92,Hentas Davreitz,GB,wire
P008850,2026-06-26T23:00:00,C0187,out,1584.30,Mormir Jorelyan,MY,cash
P011306,2026-06-26T23:08:00,C0338,in,3436.64,Veren Boskoitz,SG,wire
P003630,2026-06-26T23:26:00,C0214,out,610.96,Branren Aldreitz,KR,wire
P001415,2026-06-26T23:30:00,C0332,in,1071.17,Talren Krevoyan,JP,card
P011415,2026-06-26T23:47:00,C0274,out,130.91,Ilyvic Orzekul,US,card
P002623,2026-06-26T23:55:00,C0147,in,998.27,Feldan Cernaitz,FR,cash
P004861,2026-06-27T00:01:00,C0116,in,2046.50,Umimir Nevicov,AU,cash
P006305,2026-06-27T00:51:00,C0068,out,1161.61,Branren Boskoenko,SG,wire
P005545,2026-06-27T00:52:00,C0291,out,766.22,Morvic Aldrear,FR,wire
P008124,2026-06-27T01:03:00,C0078,in,345.49,Grevdan Krevoar,SG,wire
P000747,2026-06-27T01:18:00,C0028,in,1468.90,Henmir Marosenko,AU,wire
P008264,2026-06-27T01:30:00,C0376,out,1213.86,Hendan Gostynov,DE,wire
P001241,2026-06-27T01:31:00,C0337,out,572.27,Umilo Gostynienko,FR,card
P003521,2026-06-27T01:49:00,C0010,in,2237.19,Umiren Pravinitz,KR,wire
P007440,2026-06-27T01:49:00,C0334,in,2638.57,Sevnek Ivaskitz,DE,cash
P000942,2026-06-27T01:53:00,C0120,in,1807.23,Ilydan Ivasksenko,FR,wire
P001093,2026-06-27T02:08:00,C0089,out,613.22,Felnek Boskoov,SG,card
P003825,2026-06-27T02:23:00,C0145,in,2655.39,Grevdan Jorelar,US,wire
P001837,2026-06-27T02:55:00,C0005,in,101.19,Ralnek Orzekul,JP,card
P002789,2026-06-27T03:01:00,C0273,out,1020.12,Branvic Cernaski,GB,wire
P005324,2026-06-27T03:02:00,C0012,in,4764.21,Veriel Lundraitz,MY,cash
P002819,2026-06-27T03:34:00,C0075,out,863.49,Felriel Jorelski,KR,wire
P001197,2026-06-27T03:38:00,C0391,out,614.83,Sevlo Maroses,XA,wire
P001732,2026-06-27T04:20:00,C0385,in,9065.48,Ralnek Lundraul,DE,wire
P000218,2026-06-27T05:07:00,C0378,in,607.45,Nislo Jorelyan,XC,cash
P003003,2026-06-27T05:28:00,C0004,out,117.23,Umiren Pravinul,KR,cash
P009841,2026-06-27T05:29:00,C0223,out,831.64,Umilo Orzekyan,DE,wire
P009596,2026-06-27T05:38:00,C0010,out,1663.96,Zarriel Farelenko,JP,wire
P008002,2026-06-27T05:55:00,C0335,out,508.85,Zarnek Lundrayan,MY,wire
P004230,2026-06-27T05:56:00,C0164,out,651.82,Raldan Marosyan,JP,wire
P005909,2026-06-27T05:59:00,C0353,in,609.68,Veren Maroses,KR,wire
P009504,2026-06-27T05:59:00,C0068,in,1498.26,Zarriel Farelenko,US,wire
P010381,2026-06-27T06:01:00,C0342,in,4395.92,Henmir Krevoes,KR,card
P001243,2026-06-27T06:07:00,C0165,out,1715.19,Kamir Orzekes,GB,wire
P011273,2026-06-27T06:22:00,C0368,out,2375.52,Kalo Krevoar,KR,wire
P001704,2026-06-27T06:38:00,C0039,out,2675.35,Branriel Marosenko,KR,cash
P007604,2026-06-27T06:40:00,C0320,out,1996.49,Kamir Lundraul,GB,wire
P007038,2026-06-27T06:41:00,C0178,in,919.20,Branlo Krevoenko,VN,wire
P003090,2026-06-27T07:07:00,C0252,out,9611.64,Sevren Jorelenko,SG,card
P004358,2026-06-27T07:10:00,C0047,out,1095.79,Ilydan Cernaes,JP,wire
P009617,2026-06-27T07:13:00,C0173,out,1147.48,Ralriel Hanreenko,US,wire
P000739,2026-06-27T07:25:00,C0180,in,4209.78,Talriel Cernaov,FR,card
P006262,2026-06-27T07:25:00,C0285,in,542.54,Hentas Nevicenko,FR,wire
P007490,2026-06-27T07:25:00,C0237,out,948.32,Ilyren Krevoov,AU,wire
P008399,2026-06-27T07:30:00,C0216,out,1198.14,Raldan Farelyan,US,card
P001967,2026-06-27T07:58:00,C0080,out,2105.61,Zardan Marosski,AU,cash
P000245,2026-06-27T08:05:00,C0043,out,4179.42,Nisdan Farelenko,JP,card
P008273,2026-06-27T08:14:00,C0373,out,355.97,Dormir Aldreyan,DE,wire
P003396,2026-06-27T08:30:00,C0025,out,1521.76,Zarlo Pravinyan,SG,card
P000645,2026-06-27T08:52:00,C0079,in,866.78,Grevren Gostynes,AU,wire
P007570,2026-06-27T09:01:00,C0109,out,516.88,Ostdan Marositz,JP,wire
P009646,2026-06-27T09:02:00,C0207,out,1336.71,Felnek Boskoov,US,card
P010729,2026-06-27T09:02:00,C0129,in,544.34,Ilyren Krevoyan,FR,wire
P005370,2026-06-27T09:05:00,C0042,out,443.12,Morlo Davreov,VN,card
P011980,2026-06-27T09:14:00,C0231,in,2811.21,Morvic Gostynenko,GB,cash
P000673,2026-06-27T09:17:00,C0178,out,1789.92,Karen Ivaskyan,JP,wire
P005209,2026-06-27T09:23:00,C0144,out,1227.68,Umitas Orzekar,AU,card
P008617,2026-06-27T09:33:00,C0310,out,2206.40,Branren Davreenko,FR,wire
P005154,2026-06-27T10:07:00,C0287,in,522.17,Osttas Hanreov,US,cash
P007341,2026-06-27T10:07:00,C0200,in,258.94,Zardan Marosski,KR,cash
P010906,2026-06-27T10:19:00,C0205,out,1059.66,Ilyren Marosyan,KR,wire
P007482,2026-06-27T10:29:00,C0075,out,166.51,Grevlo Ivaskes,FR,wire
P002797,2026-06-27T10:55:00,C0113,out,368.49,Kariel Gostynul,AU,wire
P005394,2026-06-27T10:55:00,C0113,out,152.56,Zarmir Davreov,GB,wire
P002262,2026-06-27T10:57:00,C0141,in,387.05,Grevvic Joreles,JP,wire
P002033,2026-06-27T11:11:00,C0261,out,618.65,Branren Nevicyan,DE,wire
P001188,2026-06-27T11:13:00,C0221,out,2238.83,Raldan Aldrear,US,card
P007422,2026-06-27T11:14:00,C0028,in,711.67,Veriel Nevicov,VN,wire
P006046,2026-06-27T11:20:00,C0279,in,2451.92,Umiriel Davrear,GB,wire
P011848,2026-06-27T11:28:00,C0148,in,2361.60,Ralriel Hanreenko,AU,wire
P006065,2026-06-27T11:35:00,C0016,in,482.48,Sevriel Davreski,MY,card
P008064,2026-06-27T11:41:00,C0270,out,13436.81,Ostren Lundraitz,FR,cash
P011326,2026-06-27T11:45:00,C0238,out,999.70,Branriel Cernaov,SG,wire
P005487,2026-06-27T11:48:00,C0137,out,402.27,Grevmir Ivaskul,FR,cash
P003141,2026-06-27T11:58:00,C0396,in,203.90,Zarvic Ivaskyan,GB,wire
P010356,2026-06-27T12:14:00,C0340,in,255.64,Nisnek Boskoenko,US,wire
P005848,2026-06-27T12:39:00,C0072,in,1266.96,Nisriel Jorelar,JP,wire
P007191,2026-06-27T12:46:00,C0251,in,1047.01,Kariel Orzekski,VN,wire
P002290,2026-06-27T12:52:00,C0105,in,1005.49,Nisdan Aldreul,JP,wire
P008104,2026-06-27T12:59:00,C0255,in,9830.23,Brantas Cernaar,KR,wire
P006237,2026-06-27T13:21:00,C0370,out,334.17,Felmir Nevicitz,US,wire
P002658,2026-06-27T13:41:00,C0112,out,1275.04,Kanek Lundraes,JP,wire
P004295,2026-06-27T13:51:00,C0055,in,641.07,Branvic Pravinyan,KR,wire
P007618,2026-06-27T13:57:00,C0378,out,2212.66,Mornek Nevicenko,VN,card
P009754,2026-06-27T14:27:00,C0358,in,146.34,Rallo Enkoar,GB,card
P006325,2026-06-27T14:47:00,C0067,in,818.22,Raldan Nevicul,KR,wire
P001433,2026-06-27T14:52:00,C0279,in,2572.42,Talren Lundrayan,GB,wire
P003599,2026-06-27T14:59:00,C0355,in,926.27,Uminek Orzekul,MY,wire
P010630,2026-06-27T15:02:00,C0372,in,1965.55,Zarriel Marositz,JP,wire
P003319,2026-06-27T15:11:00,C0266,in,663.82,Nismir Boskoski,VN,wire
P008875,2026-06-27T15:15:00,C0198,out,166.13,Kariel Nevicitz,JP,card
P008283,2026-06-27T15:39:00,C0384,out,3052.01,Ilymir Nevicov,AU,wire
P004972,2026-06-27T15:44:00,C0102,in,2051.92,Ostnek Boskoitz,MY,card
P000809,2026-06-27T16:06:00,C0176,in,376.15,Grevren Ivaskar,JP,wire
P009407,2026-06-27T16:27:00,C0323,out,2583.79,Kalo Boskosenko,GB,wire
P000262,2026-06-27T16:33:00,C0195,in,279.46,Brannek Hanreyan,JP,wire
P003525,2026-06-27T17:03:00,C0174,out,651.45,Vedan Hanreov,XA,wire
P011537,2026-06-27T17:03:00,C0079,in,527.93,Branlo Krevoenko,DE,card
P010199,2026-06-27T17:12:00,C0283,in,203.63,Mordan Davreitz,VN,wire
P006646,2026-06-27T17:17:00,C0225,in,19010.58,Zarriel Gostynar,SG,wire
P008690,2026-06-27T17:19:00,C0229,in,942.16,Dorvic Enkoul,DE,card
P006638,2026-06-27T17:54:00,C0093,out,1572.57,Henvic Cernaov,GB,wire
P000050,2026-06-27T18:01:00,C0149,out,313.26,Zarnek Ivaskul,US,wire
P008695,2026-06-27T19:06:00,C0138,in,752.79,Rallo Krevoov,KR,wire
P006386,2026-06-27T19:53:00,C0065,out,906.21,Umiriel Boskoes,DE,wire
P006353,2026-06-27T19:55:00,C0246,out,1242.35,Taldan Lundraes,FR,card
P011341,2026-06-27T20:07:00,C0069,out,330.61,Dorlo Gostynar,KR,wire
P003874,2026-06-27T20:08:00,C0068,in,576.20,Zarnek Boskoul,XB,wire
P008279,2026-06-27T20:08:00,C0120,in,526.13,Karen Enkoski,AU,wire
P003942,2026-06-27T20:10:00,C0320,in,1358.76,Henvic Fareles,US,wire
P011221,2026-06-27T20:25:00,C0262,in,210.52,Mordan Enkoes,DE,card
P007966,2026-06-27T20:38:00,C0100,out,606.56,Vemir Farelyan,XB,cash
P006706,2026-06-27T20:44:00,C0077,in,1010.56,Sevlo Aldreenko,MY,wire
P010944,2026-06-27T20:46:00,C0116,out,860.37,Sevtas Lundraitz,VN,wire
P006521,2026-06-27T20:57:00,C0342,out,1005.68,Umiriel Davrear,VN,wire
P004901,2026-06-27T21:24:00,C0380,in,335.33,Felren Davreyan,DE,wire
P000479,2026-06-27T22:04:00,C0222,out,635.47,Kavic Gostynyan,KR,wire
P006549,2026-06-27T22:21:00,C0370,out,3123.35,Mordan Gostynenko,SG,wire
P009936,2026-06-27T22:54:00,C0180,in,834.91,Raldan Aldrear,AU,cash
P005340,2026-06-27T23:02:00,C0221,in,4127.53,Zarvic Orzekenko,KR,wire
P009111,2026-06-27T23:03:00,C0294,out,2096.92,Morlo Jorelenko,AU,wire
P008847,2026-06-27T23:08:00,C0308,out,881.14,Morvic Pravines,GB,card
P004747,2026-06-27T23:24:00,C0231,out,265.47,Umitas Davreski,AU,wire
P005535,2026-06-27T23:26:00,C0079,in,1505.42,Talmir Krevoul,SG,wire
P006361,2026-06-27T23:34:00,C0012,out,1837.45,Kariel Enkoov,GB,cash
P000264,2026-06-27T23:57:00,C0105,out,1067.12,Kavic Lundraenko,MY,wire
P000997,2026-06-28T00:18:00,C0270,out,964.33,Grevlo Orzekski,KR,card
P010571,2026-06-28T00:19:00,C0391,out,2082.41,Fello Cernaitz,SG,card
P003075,2026-06-28T00:38:00,C0055,out,87.98,Ostriel Jorelul,US,card
P006317,2026-06-28T00:41:00,C0043,in,2275.58,Henren Lundraul,KR,wire
P007134,2026-06-28T00:58:00,C0166,out,3304.57,Grevnek Boskoul,SG,card
P011479,2026-06-28T01:17:00,C0393,in,1898.78,Nisren Lundrayan,FR,wire
P002462,2026-06-28T01:19:00,C0024,out,293.26,Vevic Hanreul,AU,cash
P002605,2026-06-28T01:31:00,C0231,out,1017.23,Zarlo Davreenko,US,wire
P006659,2026-06-28T01:40:00,C0103,in,1281.62,Sevdan Pravinenko,MY,wire
P009678,2026-06-28T01:50:00,C0317,out,1366.48,Branren Davreyan,FR,wire
P000206,2026-06-28T01:51:00,C0385,in,124.20,Talmir Davrear,DE,wire
P005180,2026-06-28T01:59:00,C0212,in,716.65,Sevtas Davreyan,DE,wire
P006437,2026-06-28T02:03:00,C0257,out,3043.71,Sevtas Davreyan,DE,wire
P006016,2026-06-28T02:27:00,C0164,in,1928.08,Felren Ivaskes,GB,wire
P009573,2026-06-28T02:32:00,C0024,in,866.56,Raltas Gostynitz,XA,cash
P000787,2026-06-28T03:07:00,C0175,out,4680.54,Veren Cernaar,AU,wire
P007465,2026-06-28T03:51:00,C0242,out,571.33,Branren Gostynyan,VN,wire
P002268,2026-06-28T03:59:00,C0338,out,3808.96,Felvic Ivaskitz,AU,cash
P003010,2026-06-28T04:05:00,C0070,in,332.73,Mortas Lundraenko,AU,wire
P007227,2026-06-28T04:39:00,C0094,in,1236.11,Umiriel Jorelul,KR,wire
P009847,2026-06-28T05:16:00,C0397,out,809.31,Sevlo Cernaul,US,wire
P009069,2026-06-28T05:42:00,C0343,in,3076.03,Veren Marosar,FR,card
P002540,2026-06-28T05:50:00,C0227,out,3006.55,Nistas Krevoar,KR,wire
P001083,2026-06-28T05:57:00,C0379,in,69.28,Sevdan Gostynski,VN,wire
P004215,2026-06-28T05:59:00,C0012,in,4350.35,Grevlo Ivaskenko,FR,wire
P006573,2026-06-28T05:59:00,C0161,in,3956.49,Branren Davreul,VN,wire
P010542,2026-06-28T06:34:00,C0241,out,5081.32,Mornek Davreski,JP,cash
P003144,2026-06-28T06:45:00,C0257,in,3869.30,Vedan Marosar,US,wire
P005097,2026-06-28T06:45:00,C0390,out,1403.63,Umimir Nevicov,GB,card
P006193,2026-06-28T06:45:00,C0120,in,709.87,Ostmir Hanrees,SG,card
P007730,2026-06-28T07:01:00,C0172,out,1446.17,Sevnek Nevicul,DE,wire
P009965,2026-06-28T07:06:00,C0143,out,4477.56,Kalo Pravinov,JP,card
P003268,2026-06-28T07:08:00,C0062,out,1823.23,Kadan Ivaskul,JP,wire
P001168,2026-06-28T07:18:00,C0114,in,741.06,Mormir Gostynenko,SG,wire
P000384,2026-06-28T07:33:00,C0229,out,2385.86,Zarvic Nevicov,GB,wire
P005466,2026-06-28T07:38:00,C0195,in,868.37,Umitas Orzekar,MY,cash
P003991,2026-06-28T07:46:00,C0321,out,3125.81,Umiren Hanreski,VN,card
P002869,2026-06-28T08:03:00,C0195,out,2912.68,Nisnek Boskoenko,VN,wire
P009532,2026-06-28T08:03:00,C0137,in,1239.95,Grevriel Aldreitz,VN,card
P002644,2026-06-28T08:04:00,C0168,in,487.63,Talren Lundraar,SG,wire
P001922,2026-06-28T08:20:00,C0299,out,2633.76,Vetas Hanreov,US,wire
P001711,2026-06-28T08:46:00,C0049,out,1091.10,Nisriel Cernaski,MY,card
P005823,2026-06-28T09:18:00,C0074,in,1859.18,Nisren Boskoenko,US,wire
P007708,2026-06-28T09:20:00,C0134,out,1011.04,Mornek Davreenko,KR,wire
P011271,2026-06-28T09:26:00,C0329,in,1225.41,Felmir Jorelul,FR,wire
P010014,2026-06-28T09:27:00,C0365,in,974.53,Sevmir Pravinov,KR,wire
P005759,2026-06-28T09:38:00,C0117,in,359.91,Henmir Davreov,VN,cash
P006363,2026-06-28T09:59:00,C0173,out,967.92,Grevdan Hanreov,MY,wire
P011562,2026-06-28T10:07:00,C0190,in,3883.89,Velo Farelski,VN,card
P006530,2026-06-28T10:09:00,C0330,in,5902.98,Raldan Marosyan,AU,wire
P003404,2026-06-28T10:22:00,C0226,in,3248.05,Sevren Jorelenko,KR,wire
P011548,2026-06-28T10:30:00,C0236,in,301.57,Nisriel Cernayan,DE,card
P011658,2026-06-28T10:35:00,C0299,in,104.44,Ostlo Jorelar,MY,wire
P007823,2026-06-28T10:52:00,C0268,in,928.90,Henren Cernaitz,VN,wire
P007773,2026-06-28T11:11:00,C0089,in,6984.39,Talren Enkoar,XC,wire
P005790,2026-06-28T11:14:00,C0092,in,207.80,Morriel Cernaenko,VN,cash
P008611,2026-06-28T11:34:00,C0345,in,661.39,Kadan Aldreov,GB,wire
P004865,2026-06-28T11:50:00,C0361,in,131.31,Nisriel Krevoitz,GB,wire
P000442,2026-06-28T12:17:00,C0119,out,3336.83,Feldan Boskoov,MY,wire
P008799,2026-06-28T12:37:00,C0269,in,8964.13,Karen Enkoski,JP,wire
P004087,2026-06-28T12:38:00,C0066,out,660.57,Henmir Marosenko,US,card
P000229,2026-06-28T12:51:00,C0352,out,145.31,Feldan Lundraes,JP,card
P008456,2026-06-28T12:51:00,C0257,out,2195.54,Grevtas Jorelitz,GB,card
P008746,2026-06-28T12:58:00,C0264,in,3864.97,Umitas Orzekar,MY,card
P001962,2026-06-28T13:02:00,C0008,in,1895.30,Nislo Farelitz,GB,wire
P007700,2026-06-28T13:03:00,C0162,out,6039.04,Henren Lundraul,JP,wire
P006426,2026-06-28T13:16:00,C0282,out,2091.64,Henriel Krevoitz,VN,wire
P003255,2026-06-28T13:21:00,C0373,in,900.78,Morriel Krevoski,VN,wire
P006329,2026-06-28T13:23:00,C0304,out,819.25,Kalo Pravinov,MY,wire
P002241,2026-06-28T13:24:00,C0048,out,1768.85,Ralren Lundraes,AU,wire
P007613,2026-06-28T13:24:00,C0370,out,285.22,Nisren Gostynes,KR,wire
P009616,2026-06-28T13:42:00,C0080,in,572.07,Nisren Aldreski,SG,wire
P000605,2026-06-28T13:46:00,C0299,out,1647.68,Mortas Gostynski,US,wire
P002283,2026-06-28T14:16:00,C0380,in,588.99,Ostmir Lundraski,DE,wire
P002959,2026-06-28T14:24:00,C0049,in,3709.08,Grevriel Aldreitz,VN,wire
P004172,2026-06-28T14:35:00,C0136,out,474.10,Kavic Nevicitz,DE,card
P006390,2026-06-28T14:39:00,C0175,out,1322.94,Nismir Nevicenko,GB,wire
P000894,2026-06-28T14:47:00,C0373,in,3614.99,Taltas Hanrees,US,card
P011062,2026-06-28T14:48:00,C0157,in,2216.94,Kadan Ivaskul,MY,cash
P009259,2026-06-28T15:18:00,C0136,in,640.35,Branlo Farelar,JP,cash
P003202,2026-06-28T15:21:00,C0083,out,9384.79,Taldan Pravines,KR,wire
P007839,2026-06-28T15:27:00,C0248,in,365.59,Zartas Gostynar,JP,wire
P005876,2026-06-28T15:46:00,C0331,out,339.19,Nisdan Aldreul,JP,card
P006383,2026-06-28T15:48:00,C0003,in,6430.73,Nisriel Cernayan,JP,card
P003229,2026-06-28T15:53:00,C0267,out,822.66,Raltas Farelitz,VN,cash
P007232,2026-06-28T15:55:00,C0394,out,605.53,Zartas Farelyan,DE,card
P005617,2026-06-28T16:14:00,C0114,out,1437.65,Ostdan Gostynov,GB,card
P007930,2026-06-28T16:15:00,C0345,out,3222.35,Morren Farelul,JP,wire
P000303,2026-06-28T16:23:00,C0281,out,3379.21,Branmir Farelski,KR,card
P006807,2026-06-28T16:40:00,C0232,in,1735.10,Mortas Lundrayan,MY,wire
P004708,2026-06-28T16:41:00,C0028,in,3379.94,Felren Ivaskov,VN,card
P004197,2026-06-28T16:44:00,C0265,out,936.87,Grevdan Enkoes,VN,wire
P005827,2026-06-28T16:45:00,C0367,out,2381.31,Zarnek Davrear,US,wire
P007524,2026-06-28T16:51:00,C0212,in,7384.01,Morriel Marositz,JP,wire
P011932,2026-06-28T17:05:00,C0223,in,4407.29,Katas Krevoar,DE,wire
P007656,2026-06-28T17:12:00,C0143,out,1603.12,Branren Farelski,US,cash
P010085,2026-06-28T17:22:00,C0173,in,1922.84,Veren Maroses,AU,cash
P009522,2026-06-28T17:31:00,C0189,in,665.36,Nisvic Enkoitz,FR,card
P005783,2026-06-28T17:42:00,C0078,out,392.51,Kavic Gostynski,KR,wire
P005710,2026-06-28T18:16:00,C0009,out,1151.29,Ralnek Enkoyan,JP,wire
P008737,2026-06-28T18:22:00,C0242,out,6696.80,Sevriel Davrear,MY,wire
P004285,2026-06-28T19:00:00,C0137,in,683.77,Mortas Orzekyan,DE,wire
P006523,2026-06-28T19:18:00,C0208,out,983.39,Sevren Jorelenko,VN,wire
P008989,2026-06-28T19:34:00,C0330,out,2063.16,Taldan Pravines,KR,card
P010605,2026-06-28T19:34:00,C0007,out,10052.57,Henren Lundraul,AU,wire
P008365,2026-06-28T19:37:00,C0055,out,5737.04,Hennek Jorelyan,KR,wire
P005108,2026-06-28T19:48:00,C0061,out,920.71,Veriel Jorelenko,FR,wire
P004311,2026-06-28T19:56:00,C0101,in,5060.29,Ralnek Lundraenko,MY,wire
P010651,2026-06-28T20:00:00,C0217,in,1126.97,Ostlo Marosienko,JP,wire
P006552,2026-06-28T20:17:00,C0225,out,3547.10,Dorvic Gostynov,XA,wire
P001612,2026-06-28T20:29:00,C0140,out,3478.13,Brandan Ivaskski,AU,card
P011365,2026-06-28T20:30:00,C0001,in,498.75,Zarlo Nevicyan,GB,card
P009311,2026-06-28T20:36:00,C0119,in,919.79,Kamir Jorelitz,FR,wire
P006717,2026-06-28T20:41:00,C0383,out,1569.45,Henmir Krevoyan,US,wire
P003156,2026-06-28T20:47:00,C0051,out,494.55,Grevvic Joreles,JP,wire
P007214,2026-06-28T21:00:00,C0311,in,533.39,Zardan Boskoar,US,wire
P005757,2026-06-28T21:11:00,C0349,in,1074.15,Mornek Jorelitz,US,wire
P003660,2026-06-28T21:15:00,C0187,in,4525.11,Taltas Pravinul,AU,cash
P008706,2026-06-28T21:17:00,C0079,in,579.72,Sevriel Farelul,KR,wire
P007304,2026-06-28T21:18:00,C0035,in,1617.39,Grevmir Cernaov,JP,wire
P006716,2026-06-28T21:21:00,C0077,out,5244.92,Ilydan Gostynski,JP,wire
P000882,2026-06-28T21:40:00,C0183,out,767.56,Sevren Ivaskienko,MY,cash
P005133,2026-06-28T21:42:00,C0141,in,484.74,Henmir Jorelul,GB,wire
P005774,2026-06-28T21:49:00,C0052,out,10281.85,Morlo Cernaitz,US,wire
P003925,2026-06-28T21:56:00,C0263,out,394.81,Veren Maroses,US,wire
P005793,2026-06-28T22:08:00,C0067,in,428.41,Branren Nevicyan,FR,card
P011640,2026-06-28T22:25:00,C0251,in,430.54,Zarlo Gostynenko,KR,wire
P010165,2026-06-28T22:29:00,C0241,out,584.25,Grevvic Orzekul,GB,wire
P000700,2026-06-28T23:18:00,C0205,out,251.76,Dortas Lundraul,JP,wire
P009783,2026-06-28T23:20:00,C0126,in,314.37,Nisren Marosov,XB,wire
P011352,2026-06-28T23:36:00,C0034,out,1564.43,Zarlo Hanreov,US,wire
P005627,2026-06-28T23:58:00,C0358,in,4771.20,Zarnek Hanreyan,GB,wire
P007755,2026-06-29T00:01:00,C0122,in,2712.52,Umiren Hanreul,KR,cash
P000090,2026-06-29T00:04:00,C0064,out,92.29,Zartas Jorelov,DE,card
P000668,2026-06-29T00:26:00,C0259,out,215.43,Ostren Jorelski,US,wire
P003475,2026-06-29T00:33:00,C0130,out,3176.40,Vedan Pravinenko,SG,wire
P011692,2026-06-29T00:56:00,C0284,out,368.62,Kanek Davreski,KR,wire
P011173,2026-06-29T01:12:00,C0200,in,293.98,Zarriel Krevoitz,DE,wire
P002440,2026-06-29T01:23:00,C0198,in,1044.41,Hentas Boskoul,JP,wire
P000814,2026-06-29T01:37:00,C0259,out,5483.57,Felmir Jorelul,SG,wire
P010779,2026-06-29T01:43:00,C0106,out,1363.90,Talmir Davreitz,KR,wire
P005708,2026-06-29T01:45:00,C0168,in,823.16,Branren Cernaenko,DE,card
P008747,2026-06-29T02:04:00,C0228,out,2205.05,Ralvic Pravinyan,DE,wire
P010888,2026-06-29T02:10:00,C0035,in,2570.59,Branriel Lundraenko,KR,wire
P006138,2026-06-29T02:51:00,C0016,out,847.38,Nismir Krevoar,FR,card
P004717,2026-06-29T03:02:00,C0398,in,318.40,Dordan Lundraar,US,wire
P000599,2026-06-29T03:03:00,C0355,in,1210.36,Kariel Enkoov,FR,card
P006952,2026-06-29T03:04:00,C0026,out,413.46,Umivic Lundraes,DE,wire
P009566,2026-06-29T03:09:00,C0107,in,795.46,Umidan Hanreenko,KR,card
P005723,2026-06-29T03:10:00,C0072,out,482.43,Dorlo Boskoitz,GB,wire
P002995,2026-06-29T03:19:00,C0100,in,475.20,Ostlo Boskoul,AU,wire
P011470,2026-06-29T04:23:00,C0149,out,512.76,Umiriel Cernaski,VN,wire
P002474,2026-06-29T04:38:00,C0143,out,1412.33,Grevnek Aldrees,US,wire
P004307,2026-06-29T04:47:00,C0068,in,3461.39,Umiren Marosar,FR,wire
P002505,2026-06-29T04:49:00,C0244,in,2111.94,Brantas Enkoov,KR,wire
P011058,2026-06-29T04:55:00,C0218,out,910.05,Felnek Enkoar,FR,wire
P003197,2026-06-29T04:56:00,C0389,out,5880.87,Umimir Nevicov,FR,wire
P010471,2026-06-29T05:10:00,C0214,in,822.38,Ilyren Krevoov,XB,card
P001230,2026-06-29T05:12:00,C0339,in,977.71,Raltas Enkoenko,MY,wire
P003161,2026-06-29T05:13:00,C0014,in,1367.48,Zarren Fareles,GB,wire
P009236,2026-06-29T05:37:00,C0083,out,456.54,Ostlo Jorelenko,MY,card
P006673,2026-06-29T05:44:00,C0385,in,1586.17,Ostnek Pravinitz,SG,card
P011367,2026-06-29T05:47:00,C0079,in,584.81,Ostdan Krevoul,KR,cash
P000874,2026-06-29T06:01:00,C0214,out,138.07,Ilytas Davreenko,DE,wire
P004493,2026-06-29T06:20:00,C0286,out,689.35,Felnek Boskoov,GB,wire
P004256,2026-06-29T06:23:00,C0086,out,398.55,Umiriel Cernaski,US,wire
P011033,2026-06-29T06:43:00,C0355,in,344.50,Grevren Ivaskar,MY,wire
P006152,2026-06-29T06:55:00,C0063,in,1464.83,Kavic Enkoov,AU,card
P007044,2026-06-29T07:00:00,C0132,in,171.60,Talvic Ivaskitz,GB,card
P009967,2026-06-29T07:02:00,C0249,out,1329.31,Umivic Nevicenko,KR,wire
P009998,2026-06-29T07:03:00,C0150,out,5705.67,Ralnek Orzekul,DE,wire
P010547,2026-06-29T07:06:00,C0362,out,3146.79,Zarmir Hanreyan,GB,cash
P007651,2026-06-29T07:23:00,C0205,in,13774.96,Umilo Marosyan,MY,wire
P011002,2026-06-29T07:23:00,C0202,in,652.25,Branren Nevicyan,MY,card
P011156,2026-06-29T07:26:00,C0186,in,308.67,Sevnek Orzekitz,VN,wire
P009981,2026-06-29T07:37:00,C0332,out,7501.21,Kariel Krevoenko,SG,wire
P010963,2026-06-29T07:53:00,C0255,in,1742.07,Ostriel Jorelul,KR,cash
P003330,2026-06-29T07:58:00,C0158,in,4479.90,Dornek Krevoov,AU,wire
P000729,2026-06-29T08:06:00,C0350,in,913.96,Umilo Cernaski,US,wire
P003507,2026-06-29T08:06:00,C0380,in,371.94,Mordan Gostynenko,JP,wire
P003762,2026-06-29T08:14:00,C0232,in,7004.98,Ostdan Gostynov,US,wire
P000332,2026-06-29T08:21:00,C0076,in,646.80,Ralnek Enkoyan,GB,wire
P008718,2026-06-29T08:58:00,C0363,in,577.93,Dorlo Enkoski,FR,cash
P006074,2026-06-29T09:14:00,C0169,out,3212.70,Mortas Aldrear,KR,card
P008859,2026-06-29T09:18:00,C0376,out,832.94,Ostvic Aldreski,VN,wire
P011178,2026-06-29T09:18:00,C0345,in,808.52,Sevren Nevicyan,US,wire
P002664,2026-06-29T09:19:00,C0214,in,1497.32,Nismir Aldrear,VN,wire
P007350,2026-06-29T09:20:00,C0275,out,4311.83,Sevdan Nevicul,FR,wire
P007467,2026-06-29T09:45:00,C0011,out,79.34,Nismir Boskoski,GB,card
P007293,2026-06-29T09:48:00,C0230,out,4415.11,Ostdan Gostynov,MY,wire
P001555,2026-06-29T09:53:00,C0159,out,1560.16,Ilyren Ivaskyenko,DE,wire
P010036,2026-06-29T10:03:00,C0374,in,143.13,Sevriel Joreles,VN,wire
P000799,2026-06-29T10:25:00,C0059,in,1274.57,Henren Gostynski,US,cash
P009808,2026-06-29T10:30:00,C0370,out,2339.75,Felren Davreov,GB,card
P009557,2026-06-29T10:33:00,C0057,in,602.44,Kamir Hanreyan,US,card
P001559,2026-06-29T10:44:00,C0049,out,3027.31,Kamir Orzekes,FR,wire
P007826,2026-06-29T10:50:00,C0062,in,509.83,Zardan Marosski,AU,card
P007662,2026-06-29T11:25:00,C0203,in,652.62,Felmir Ivaskenko,GB,wire
P001262,2026-06-29T11:37:00,C0045,in,3452.23,Henlo Davreul,KR,wire
P003742,2026-06-29T11:40:00,C0204,out,492.36,Zarlo Fareles,AU,cash
P002166,2026-06-29T11:45:00,C0211,out,8485.00,Veren Davreul,VN,card
P004195,2026-06-29T11:48:00,C0187,in,1287.52,Grevlo Orzekar,MY,wire
P000944,2026-06-29T11:58:00,C0277,in,649.44,Talren Nevicov,JP,cash
P007305,2026-06-29T12:01:00,C0293,out,93.06,Sevnek Ivaskitz,GB,wire
P003055,2026-06-29T12:17:00,C0309,in,702.01,Ilyren Marosyan,MY,wire
P005664,2026-06-29T12:23:00,C0321,out,2149.83,Talriel Farelar,MY,wire
P008510,2026-06-29T12:24:00,C0363,in,588.26,Ostmir Aldrees,KR,card
P011767,2026-06-29T12:26:00,C0272,in,965.93,Vevic Boskoyan,VN,cash
P006595,2026-06-29T12:32:00,C0065,in,406.36,Ilytas Ivaskitz,MY,wire
P004154,2026-06-29T12:46:00,C0346,in,1923.17,Zarren Fareles,VN,wire
P004243,2026-06-29T13:25:00,C0330,out,562.92,Katas Boskoar,US,wire
P001471,2026-06-29T13:27:00,C0012,out,806.97,Feltas Ivaskenko,SG,wire
P009384,2026-06-29T14:13:00,C0224,in,1397.72,Mormir Aldrear,VN,cash
P001375,2026-06-29T14:14:00,C0070,in,1000.18,Branren Farelski,AU,wire
P010268,2026-06-29T14:16:00,C0133,out,495.05,Hentas Gostynitz,SG,wire
P009986,2026-06-29T14:23:00,C0035,in,16424.22,Ilyren Ivaskyenko,US,cash
P006989,2026-06-29T14:32:00,C0335,out,696.20,Sevvic Ivaskes,GB,wire
P004839,2026-06-29T14:40:00,C0262,out,1809.15,Umivic Boskoes,JP,cash
P004394,2026-06-29T14:41:00,C0129,out,1210.43,Talren Boskoski,VN,wire
P000515,2026-06-29T14:45:00,C0352,in,3405.09,Henvic Fareles,FR,wire
P004437,2026-06-29T15:07:00,C0083,in,989.65,Ilytas Davreov,KR,wire
P006129,2026-06-29T15:12:00,C0255,in,2009.00,Kadan Davrees,AU,wire
P002034,2026-06-29T15:13:00,C0222,in,426.14,Taldan Marosov,JP,wire
P010040,2026-06-29T15:14:00,C0340,out,1265.56,Veren Marosar,GB,wire
P006189,2026-06-29T15:23:00,C0297,out,847.23,Hentas Boskoul,SG,card
P000723,2026-06-29T16:05:00,C0237,out,1795.50,Mortas Davreenko,US,wire
P007673,2026-06-29T16:05:00,C0161,in,1548.82,Ralnek Enkoyan,FR,wire
P003620,2026-06-29T16:15:00,C0201,in,8633.28,Talvic Farelul,JP,wire
P006342,2026-06-29T16:42:00,C0195,out,2392.74,Grevlo Orzekar,VN,wire
P002149,2026-06-29T16:47:00,C0055,in,925.57,Dormir Aldreyan,MY,card
P000451,2026-06-29T16:58:00,C0127,in,554.86,Feltas Orzekski,XB,wire
P008250,2026-06-29T17:00:00,C0008,out,787.71,Ralvic Jorelenko,VN,card
P005317,2026-06-29T17:09:00,C0061,in,195.92,Henren Hanreov,GB,card
P008800,2026-06-29T17:15:00,C0018,out,9313.67,Sevtas Enkoitz,JP,card
P006980,2026-06-29T17:29:00,C0108,out,4346.36,Grevlo Gostynes,JP,wire
P001589,2026-06-29T17:35:00,C0294,out,2444.25,Sevdan Gostynski,KR,wire
P007815,2026-06-29T17:54:00,C0155,out,2679.30,Dormir Lundraes,KR,wire
P003694,2026-06-29T17:57:00,C0162,out,2009.41,Henren Ivaskes,AU,wire
P011859,2026-06-29T17:59:00,C0259,in,320.46,Ostvic Aldreski,GB,cash
P011318,2026-06-29T18:28:00,C0203,in,2531.39,Mormir Jorelyan,AU,wire
P008403,2026-06-29T18:41:00,C0226,in,730.98,Katas Cernayan,VN,card
P011586,2026-06-29T19:13:00,C0327,out,6134.94,Katas Lundraenko,AU,wire
P002131,2026-06-29T19:24:00,C0050,in,69.43,Ostdan Farelski,FR,cash
P003565,2026-06-29T19:47:00,C0138,out,17635.76,Umiren Hanreski,US,card
P001526,2026-06-29T19:58:00,C0372,out,1465.82,Branmir Ivaskul,KR,card
P004107,2026-06-29T20:09:00,C0031,out,560.97,Zartas Jorelov,VN,wire
P009940,2026-06-29T20:15:00,C0326,out,3109.67,Branmir Farelski,AU,wire
P001467,2026-06-29T20:33:00,C0261,out,905.34,Dorlo Boskoski,AU,wire
P005402,2026-06-29T20:40:00,C0103,out,1061.19,Ilydan Krevoes,FR,wire
P002393,2026-06-29T20:45:00,C0224,out,1946.78,Branlo Boskoes,VN,wire
P007156,2026-06-29T20:49:00,C0173,in,1806.83,Nisnek Cernaov,JP,wire
P010962,2026-06-29T21:05:00,C0072,out,355.84,Osttas Lundraar,XB,wire
P006553,2026-06-29T21:12:00,C0087,out,1177.72,Branriel Cernaov,SG,card
P002479,2026-06-29T21:19:00,C0302,out,373.45,Grevriel Krevoenko,JP,wire
P008388,2026-06-29T21:23:00,C0112,out,2219.57,Ilymir Krevoenko,VN,card
P001668,2026-06-29T21:38:00,C0095,in,979.13,Morvic Boskoul,GB,wire
P006871,2026-06-29T21:53:00,C0287,out,568.62,Vedan Pravinenko,US,wire
P003579,2026-06-29T22:02:00,C0171,out,437.70,Dorren Hanrear,DE,wire
P001456,2026-06-29T22:10:00,C0208,out,342.42,Felren Davreyan,AU,wire
P000786,2026-06-29T22:12:00,C0141,out,256.54,Talren Enkoar,GB,wire
P009201,2026-06-29T22:44:00,C0001,out,1090.79,Ralvic Pravinyan,VN,wire
P000131,2026-06-29T22:47:00,C0161,in,343.81,Veren Farelitz,AU,card
P002777,2026-06-29T23:13:00,C0183,out,2617.14,Henmir Hanreul,KR,wire
P006201,2026-06-29T23:13:00,C0249,out,2681.17,Nislo Farelitz,FR,wire
P003238,2026-06-29T23:23:00,C0246,in,9658.16,Raltas Jorelyan,US,card
P004678,2026-06-29T23:34:00,C0028,in,993.90,Ilyvic Orzekul,VN,card
P007753,2026-06-29T23:53:00,C0179,out,842.80,Dorriel Krevoyan,SG,wire
P000648,2026-06-29T23:57:00,C0020,in,5366.22,Grevriel Aldreitz,FR,card
