settlement_id,settled_at,payment_id,type,gross_minor,fee_minor,net_minor,currency,note
S000000,2026-05-05,P019735,capture,7766,255,7511,USD,
S000001,2026-05-05,P003386,capture,5930,202,5728,USD,
S000002,2026-05-05,P008906,capture,13824,431,13393,USD,
S000003,2026-05-05,P018771,capture,6356,214,6142,USD,
S000006,2026-05-05,P001420,capture,2052,90,1962,USD,
S000007,2026-05-05,P004368,capture,12193,384,11809,USD,
S000009,2026-05-05,P015537,capture,27045,814,26231,USD,
S000013,2026-05-05,P013241,capture,3912,143,3769,USD,
S000014,2026-05-05,P008637,capture,7701,253,7448,USD,
S000016,2026-05-05,P014881,capture,2907,114,2793,USD,
S000017,2026-05-05,P010443,capture,7973,261,7712,USD,
S000018,2026-05-05,P011131,capture,2200,94,2106,USD,
S000019,2026-05-05,P011064,capture,12534,393,12141,USD,
S000020,2026-05-05,P007425,capture,1628,77,1551,USD,
S000021,2026-05-05,P007784,capture,24250,733,23517,USD,
S000025,2026-05-05,P006955,capture,14824,460,14364,USD,
S000026,2026-05-05,P009609,capture,3382,128,3254,USD,
S000028,2026-05-05,P018024,capture,2539,104,2435,USD,
S000029,2026-05-05,P014014,capture,17086,525,16561,USD,
S000032,2026-05-05,P007034,capture,3216,123,3093,USD,
S000035,2026-05-05,P016827,capture,12046,379,11667,USD,
S000036,2026-05-05,P002882,capture,848,55,793,USD,
S000037,2026-05-05,P013359,capture,7648,252,7396,USD,
S000038,2026-05-05,P018473,capture,3573,134,3439,USD,
S000040,2026-05-05,P003120,capture,1994,88,1906,USD,
S000043,2026-05-05,P006794,capture,7633,251,7382,USD,
S000045,2026-05-05,P004561,capture,6108,207,5901,USD,
S000046,2026-05-05,P003088,capture,14964,464,14500,USD,
S000047,2026-05-05,P004691,capture,7876,258,7618,USD,
S000048,2026-05-05,P010005,capture,20751,632,20119,USD,
S000049,2026-05-05,P014578,capture,1809,82,1727,USD,
S000051,2026-05-05,P014599,capture,7789,256,7533,USD,
S000052,2026-05-05,P016451,capture,5910,201,5709,USD,
S000053,2026-05-05,P004764,capture,11357,359,10998,USD,
S000056,2026-05-05,P016000,capture,4673,166,4507,USD,
S000058,2026-05-05,P002585,capture,10787,343,10444,USD,
S000059,2026-05-05,P006417,capture,11451,362,11089,USD,
S000060,2026-05-05,P015748,capture,1570,76,1494,USD,
S000061,2026-05-05,P011815,capture,8467,276,8191,USD,
S000063,2026-05-05,P009554,capture,5213,181,5032,USD,
S000065,2026-05-05,P005130,capture,2855,113,2742,USD,
S000066,2026-05-05,P009678,capture,4123,150,3973,USD,
S000069,2026-05-05,P000824,capture,22072,670,21402,USD,
S000070,2026-05-05,P015862,capture,4134,150,3984,USD,
S000072,2026-05-05,P003857,capture,4806,169,4637,USD,
S000073,2026-05-05,P005400,capture,2552,104,2448,USD,
S000075,2026-05-05,P015433,capture,15702,485,15217,USD,
S000077,2026-05-05,P004383,capture,10498,334,10164,USD,
S000078,2026-05-05,P002912,capture,8556,278,8278,USD,
S000080,2026-05-05,P008983,capture,589,47,542,USD,
S000082,2026-05-05,P000977,capture,740,51,689,USD,
S000083,2026-05-05,P017761,capture,7869,258,7611,USD,
S000084,2026-05-05,P007641,capture,11349,359,10990,USD,
S000086,2026-05-05,P018466,capture,8110,265,7845,USD,
S000087,2026-05-05,P009436,capture,3746,139,3607,USD,
S000088,2026-05-05,P011796,capture,4120,149,3971,USD,
S000092,2026-05-05,P008083,capture,1857,84,1773,USD,
S000094,2026-05-05,P001090,capture,7354,243,7111,USD,
S000095,2026-05-05,P018275,capture,4068,148,3920,USD,
S000096,2026-05-05,P003632,capture,31048,930,30118,USD,
S000099,2026-05-05,P005634,capture,5803,198,5605,USD,
S000100,2026-05-05,P003922,capture,3267,125,3142,USD,
S000102,2026-05-05,P010738,capture,1495,73,1422,USD,
S000103,2026-05-05,P019070,capture,5407,187,5220,USD,
S000109,2026-05-05,P012123,capture,12103,381,11722,USD,
S000110,2026-05-05,P017745,capture,1621,77,1544,USD,
S000112,2026-05-05,P002827,capture,2768,110,2658,USD,
S000113,2026-05-05,P015481,capture,35544,1061,34483,USD,
S000114,2026-05-05,P003395,capture,986,59,927,USD,
S000115,2026-05-05,P012496,capture,902,56,846,USD,
S000116,2026-05-05,P005890,capture,2265,96,2169,USD,
S000119,2026-05-05,P004323,capture,5039,176,4863,USD,
S000120,2026-05-05,P019379,capture,9686,311,9375,USD,
S000124,2026-05-05,P017625,capture,2179,93,2086,USD,
S000125,2026-05-05,P012426,capture,3265,125,3140,USD,
S000126,2026-05-05,P000868,capture,7905,259,7646,USD,
S000127,2026-05-05,P011228,capture,1386,70,1316,USD,
S000128,2026-05-05,P005852,capture,6626,222,6404,USD,
S000129,2026-05-05,P004142,capture,2602,105,2497,USD,
S000131,2026-05-05,P014695,capture,4272,154,4118,USD,
S000132,2026-05-05,P015085,capture,4403,158,4245,USD,
S000133,2026-05-05,P019568,capture,8648,281,8367,USD,
S000134,2026-05-05,P001152,capture,1493,73,1420,USD,
S000135,2026-05-05,P011182,capture,38275,1140,37135,USD,
S000137,2026-05-05,P019364,capture,5010,175,4835,USD,
S000143,2026-05-05,P018082,capture,2722,109,2613,USD,
S000147,2026-05-05,P013627,capture,4106,149,3957,USD,
S000149,2026-05-05,P016099,capture,6920,231,6689,USD,
S000152,2026-05-05,P012506,capture,20835,634,20201,USD,
S000155,2026-05-05,P006167,capture,6261,212,6049,USD,
S000156,2026-05-05,P002919,capture,20295,619,19676,USD,
S000160,2026-05-05,P008404,capture,3899,143,3756,USD,
S000161,2026-05-05,P017204,capture,10398,332,10066,USD,
S000163,2026-05-05,P003020,capture,5360,185,5175,USD,
S000166,2026-05-05,P014401,capture,13388,418,12970,USD,
S000168,2026-05-05,P004022,capture,56177,1659,54518,USD,
S000169,2026-05-05,P011725,capture,1470,73,1397,USD,
S000171,2026-05-05,P012921,capture,1570,76,1494,USD,
S000177,2026-05-05,P005036,capture,3848,142,3706,USD,
S000178,2026-05-05,P013050,capture,3440,130,3310,USD,
S000181,2026-05-05,P008695,capture,48701,1442,47259,USD,
S000182,2026-05-05,P005056,capture,5121,179,4942,USD,
S000183,2026-05-05,P014786,capture,3758,139,3619,USD,
S000184,2026-05-05,P011409,capture,115725,3386,112339,USD,
S000186,2026-05-05,P009046,capture,10433,333,10100,USD,
S000187,2026-05-05,P013349,capture,7079,235,6844,USD,
S000188,2026-05-05,P009690,capture,7924,260,7664,USD,
S000189,2026-05-05,P019774,capture,3994,146,3848,USD,
S000192,2026-05-05,P013077,capture,13865,432,13433,USD,
S000193,2026-05-05,P015529,capture,2442,101,2341,USD,
S000194,2026-05-05,P016142,capture,2922,115,2807,USD,
S000195,2026-05-05,P006253,capture,6340,214,6126,USD,
S000196,2026-05-05,P012939,capture,4074,148,3926,USD,
S000199,2026-05-05,P001252,capture,4728,167,4561,USD,
S000201,2026-05-05,P004537,capture,12446,391,12055,USD,
S000202,2026-05-05,P012433,capture,4067,148,3919,USD,
S000203,2026-05-05,P003450,capture,6081,206,5875,USD,
S000205,2026-05-05,P012823,capture,3557,133,3424,USD,
S000206,2026-05-05,P000748,capture,2008,88,1920,USD,
S000207,2026-05-05,P012302,capture,8362,272,8090,USD,
S000208,2026-05-05,P001968,capture,1957,87,1870,USD,
S000209,2026-05-05,P004296,capture,7073,235,6838,USD,
S000210,2026-05-05,P018614,capture,18947,579,18368,USD,
S000211,2026-05-05,P015893,capture,9812,315,9497,USD,
S000212,2026-05-05,P012509,capture,4807,169,4638,USD,
S000217,2026-05-05,P016051,capture,12692,398,12294,USD,
S000219,2026-05-05,P002463,capture,3565,133,3432,USD,
S000220,2026-05-05,P009149,capture,9099,294,8805,USD,
S000221,2026-05-05,P010755,capture,19210,587,18623,USD,
S000224,2026-05-05,P009058,capture,8995,291,8704,USD,
S000227,2026-05-05,P012679,capture,4897,172,4725,USD,
S000228,2026-05-05,P005637,capture,5437,187,5250,EUR,converted at 1.0961
S000230,2026-05-05,P006926,capture,1377,70,1307,USD,
S000232,2026-05-05,P016412,capture,2823,112,2711,USD,
S000233,2026-05-05,P016148,capture,1058,61,997,USD,
S000234,2026-05-05,P010046,capture,6230,211,6019,USD,
S000237,2026-05-05,P015023,capture,19183,586,18597,USD,
S000242,2026-05-05,P017932,capture,4580,163,4417,USD,
S000244,2026-05-05,P006023,capture,1895,85,1810,USD,
S000246,2026-05-05,P009719,capture,13739,428,13311,USD,
S000247,2026-05-05,P012155,capture,12671,397,12274,USD,
S000248,2026-05-05,P014321,capture,1252,66,1186,USD,
S000250,2026-05-05,P003342,capture,7714,254,7460,USD,
S000253,2026-05-05,P001695,capture,4176,151,4025,USD,
S000254,2026-05-05,P001352,capture,9221,297,8924,USD,
S000257,2026-05-05,P006758,capture,4855,171,4684,USD,
S000259,2026-05-05,P018972,capture,12942,380,12562,USD,
S000260,2026-05-05,P002455,capture,28335,852,27483,USD,
S000264,2026-05-05,P019220,capture,3532,132,3400,USD,
S000266,2026-05-05,P004717,capture,8079,264,7815,USD,
S000267,2026-05-05,P015469,capture,9337,301,9036,USD,
S000270,2026-05-05,P012003,capture,6398,216,6182,USD,
S000271,2026-05-05,P017101,capture,1455,72,1383,USD,
S000273,2026-05-05,P002914,capture,6649,223,6426,USD,
S000274,2026-05-05,P004550,capture,629,48,581,USD,
S000276,2026-05-05,P011481,capture,2459,101,2358,USD,
S000277,2026-05-05,P011896,capture,4858,171,4687,USD,
S000279,2026-05-05,P012993,capture,2366,99,2267,USD,
S000280,2026-05-05,P012138,capture,11038,350,10688,USD,
S000282,2026-05-05,P014997,capture,7880,259,7621,USD,
S000284,2026-05-05,P000968,capture,7236,240,6996,USD,
S000285,2026-05-05,P007130,capture,6310,213,6097,USD,
S000287,2026-05-05,P008156,capture,20787,633,20154,USD,
S000288,2026-05-05,P012190,capture,485,44,441,USD,
S000290,2026-05-05,P016997,capture,13868,432,13436,USD,
S000293,2026-05-05,P016719,capture,6659,223,6436,USD,
S000294,2026-05-05,P002589,capture,7358,243,7115,USD,
S000296,2026-05-05,P018935,capture,3473,131,3342,USD,
S000299,2026-05-05,P012783,capture,914,57,857,USD,
S000300,2026-05-05,P016060,capture,7246,240,7006,USD,
S000303,2026-05-05,P018453,capture,9874,316,9558,USD,
S000305,2026-05-05,P011343,capture,11163,354,10809,USD,
S000307,2026-05-05,P004213,capture,1710,80,1630,USD,
S000311,2026-05-05,P000887,capture,23071,699,22372,USD,
S000312,2026-05-05,P015846,capture,572,47,525,USD,
S000313,2026-05-05,P013216,capture,3430,129,3301,USD,
S000316,2026-05-05,P015217,capture,3405,129,3276,USD,
S000317,2026-05-05,P002931,capture,39672,1180,38492,USD,
S000319,2026-05-05,P014363,capture,5023,176,4847,USD,
S000321,2026-05-05,P006294,capture,13335,417,12918,USD,
S000323,2026-05-05,P013872,capture,1525,74,1451,USD,
S000326,2026-05-05,P005025,capture,1350,69,1281,USD,
S000327,2026-05-05,P009645,capture,5077,177,4900,USD,
S000328,2026-05-05,P018833,capture,8296,271,8025,USD,
S000329,2026-05-05,P015756,capture,3367,128,3239,USD,
S000331,2026-05-05,P004409,capture,17071,525,16546,USD,
S000335,2026-05-05,P009255,capture,18068,554,17514,USD,
S000336,2026-05-05,P017021,capture,1360,69,1291,USD,
S000337,2026-05-05,P001846,capture,1498,73,1425,USD,
S000340,2026-05-05,P014352,capture,11990,378,11612,USD,
S000341,2026-05-05,P007855,capture,5317,184,5133,USD,
S000343,2026-05-05,P018550,capture,14133,440,13693,USD,
S000344,2026-05-05,P004112,capture,4574,163,4411,USD,
S000345,2026-05-05,P019654,capture,2597,105,2492,USD,
S000346,2026-05-05,P010817,capture,6322,213,6109,USD,
S000347,2026-05-05,P017940,capture,2974,116,2858,USD,
S000348,2026-05-05,P013896,capture,15168,470,14698,USD,
S000350,2026-05-05,P000037,capture,12377,389,11988,USD,
S000353,2026-05-05,P006249,capture,929,57,872,USD,
S000354,2026-05-05,P013705,capture,3079,119,2960,USD,
S000355,2026-05-05,P018725,capture,3841,141,3700,USD,
S000357,2026-05-05,P002556,capture,2427,100,2327,USD,
S000359,2026-05-05,P019964,capture,6002,204,5798,USD,
S000360,2026-05-05,P007821,capture,4405,158,4247,USD,
S000362,2026-05-05,P018761,capture,5868,200,5668,USD,
S000363,2026-05-05,P016391,capture,19987,610,19377,USD,
S000365,2026-05-05,P001367,capture,2662,107,2555,USD,
S000369,2026-05-05,P009644,capture,5797,198,5599,USD,
S000370,2026-05-05,P012247,capture,1298,68,1230,USD,
S000371,2026-05-05,P005473,capture,9546,307,9239,USD,
S000372,2026-05-05,P017479,capture,8519,277,8242,USD,
S000373,2026-05-05,P006527,capture,8698,282,8416,USD,
S000377,2026-05-05,P005323,capture,16327,503,15824,USD,
S000378,2026-05-05,P002689,capture,7311,242,7069,USD,
S000379,2026-05-05,P014026,capture,3994,146,3848,USD,
S000382,2026-05-05,P014782,capture,3851,142,3709,USD,
S000383,2026-05-05,P017790,capture,6110,207,5903,USD,
S000384,2026-05-05,P006640,capture,547,46,501,USD,
S000385,2026-05-05,P009171,capture,1890,85,1805,USD,
S000387,2026-05-05,P001700,capture,20477,624,19853,USD,
S000388,2026-05-05,P003547,capture,3488,131,3357,USD,
S000392,2026-05-05,P013747,capture,6178,209,5969,USD,
S000394,2026-05-05,P007094,capture,8397,274,8123,USD,
S000395,2026-05-05,P001627,capture,679,50,629,USD,
S000397,2026-05-05,P001619,capture,11637,367,11270,USD,
S000399,2026-05-05,P016550,capture,3565,133,3432,USD,
S000400,2026-05-05,P017389,capture,16781,517,16264,USD,
S000401,2026-05-05,P006432,capture,707,51,656,USD,
S000403,2026-05-05,P002811,capture,31848,954,30894,USD,
S000405,2026-05-05,P002597,capture,18939,579,18360,USD,
S000406,2026-05-05,P001233,capture,6328,214,6114,USD,
S000408,2026-05-05,P003378,capture,13505,422,13083,USD,
S000409,2026-05-05,P013831,capture,764,52,712,USD,
S000410,2026-05-05,P007626,capture,6308,213,6095,USD,
S000411,2026-05-05,P019445,capture,7499,247,7252,USD,
S000413,2026-05-05,P005245,capture,834,54,780,USD,
S000414,2026-05-05,P003935,capture,8090,265,7825,USD,
S000415,2026-05-05,P004127,capture,1814,83,1731,USD,
S000417,2026-05-05,P013432,capture,6200,210,5990,USD,
S000421,2026-05-05,P008263,capture,9767,313,9454,USD,
S000422,2026-05-05,P015713,capture,4499,160,4339,USD,
S000424,2026-05-05,P010718,capture,1089,62,1027,USD,
S000426,2026-05-05,P010798,capture,8351,272,8079,USD,
S000428,2026-05-05,P016731,capture,2180,93,2087,USD,
S000430,2026-05-05,P012586,capture,1326,68,1258,USD,
S000431,2026-05-05,P002294,capture,2990,117,2873,USD,
S000433,2026-05-05,P019076,capture,5678,195,5483,USD,
S000434,2026-05-05,P002937,capture,14134,440,13694,USD,
S000435,2026-05-05,P009420,capture,19020,582,18438,USD,
S000436,2026-05-05,P008258,capture,6541,220,6321,USD,
S000437,2026-05-05,P005465,capture,5557,191,5366,USD,
S000440,2026-05-05,P015883,capture,3105,120,2985,USD,
S000441,2026-05-05,P005676,capture,2459,101,2358,USD,
S000443,2026-05-05,P017028,capture,3070,119,2951,USD,
S000444,2026-05-05,P017821,capture,11265,357,10908,USD,
S000445,2026-05-05,P011242,capture,6634,222,6412,USD,
S000448,2026-05-05,P018852,capture,16854,519,16335,USD,
S000449,2026-05-05,P007408,capture,2063,90,1973,USD,
S000451,2026-05-05,P018421,capture,23517,712,22805,USD,
S000452,2026-05-05,P001218,capture,7858,258,7600,USD,
S000453,2026-05-05,P017514,capture,2522,103,2419,USD,
S000454,2026-05-05,P010898,capture,8574,279,8295,USD,
S000455,2026-05-05,P019876,capture,2099,91,2008,USD,
S000456,2026-05-05,P011726,capture,2828,112,2716,USD,
S000457,2026-05-05,P005047,capture,10471,334,10137,USD,
S000459,2026-05-05,P004559,capture,13901,433,13468,USD,
S000460,2026-05-05,P010532,capture,6817,228,6589,USD,
S000461,2026-05-05,P002447,capture,2076,90,1986,USD,
S000464,2026-05-05,P001936,capture,8430,274,8156,USD,
S000469,2026-05-05,P011402,capture,836,54,782,USD,
S000470,2026-05-05,P000335,capture,2548,104,2444,USD,
S000471,2026-05-05,P010088,capture,2026,89,1937,USD,
S000476,2026-05-05,P005011,capture,984,59,925,USD,
S000477,2026-05-05,P018185,capture,4894,172,4722,USD,
S000479,2026-05-05,P015737,capture,1002,59,943,USD,
S000480,2026-05-05,P019466,capture,5113,178,4935,USD,
S000482,2026-05-05,P014209,capture,1634,77,1557,USD,
S000483,2026-05-05,P018768,capture,4931,173,4758,USD,
S000486,2026-05-05,P005061,capture,2245,95,2150,USD,
S000488,2026-05-05,P012251,capture,12373,389,11984,USD,
S000489,2026-05-05,P016624,capture,7816,257,7559,USD,
S000490,2026-05-05,P005054,capture,3918,144,3774,USD,
S000491,2026-05-05,P008540,capture,2005,88,1917,USD,
S000493,2026-05-05,P015548,capture,4438,159,4279,USD,
S000494,2026-05-05,P008536,capture,9642,310,9332,USD,
S000495,2026-05-05,P004057,capture,38709,1153,37556,USD,
S000496,2026-05-05,P003071,capture,16121,499,15622,EUR,converted at 1.0961
S000497,2026-05-05,P014697,capture,4919,173,4746,USD,
S000498,2026-05-05,P017450,capture,7723,254,7469,USD,
S000500,2026-05-05,P007004,capture,3629,135,3494,USD,
S000502,2026-05-05,P003613,capture,2709,109,2600,USD,
S000503,2026-05-05,P014274,capture,2997,117,2880,USD,
S000504,2026-05-05,P014968,capture,8155,266,7889,USD,
S000506,2026-05-05,P018960,capture,3256,124,3132,USD,
S000507,2026-05-05,P008896,capture,1612,77,1535,USD,
S000508,2026-05-05,P012551,capture,6924,231,6693,USD,
S000510,2026-05-05,P004440,capture,12410,390,12020,USD,
S000511,2026-05-05,P009800,capture,2894,114,2780,USD,
S000513,2026-05-05,P000713,capture,7251,240,7011,USD,
S000514,2026-05-05,P004980,capture,6039,205,5834,USD,
S000516,2026-05-05,P016394,capture,2643,107,2536,USD,
S000517,2026-05-05,P013713,capture,6342,214,6128,USD,
S000518,2026-05-05,P013593,capture,6635,222,6413,USD,
S000520,2026-05-05,P006034,capture,1981,87,1894,USD,
S000522,2026-05-05,P001418,capture,12761,400,12361,USD,
S000523,2026-05-05,P017066,capture,14033,437,13596,USD,
S000525,2026-05-05,P001794,capture,4955,174,4781,USD,
S000526,2026-05-05,P019242,capture,2361,98,2263,USD,
S000527,2026-05-05,P001027,capture,2753,110,2643,USD,
S000528,2026-05-05,P009499,capture,676,50,626,USD,
S000532,2026-05-05,P009421,capture,6639,223,6416,USD,
S000533,2026-05-05,P003333,capture,1761,81,1680,USD,
S000535,2026-05-05,P017208,capture,4575,163,4412,USD,
S000536,2026-05-05,P004017,capture,4357,156,4201,USD,
S000537,2026-05-05,P014637,capture,880,56,824,USD,
S000538,2026-05-05,P000235,capture,9088,294,8794,USD,
S000539,2026-05-05,P014992,capture,774,52,722,USD,
S000540,2026-05-05,P017329,capture,3963,145,3818,USD,
S000541,2026-05-05,P018159,capture,5591,192,5399,USD,
S000544,2026-05-05,P005059,capture,8421,274,8147,USD,
S000545,2026-05-05,P019132,capture,29511,886,28625,USD,
S000551,2026-05-05,P000627,capture,2975,116,2859,USD,
S000552,2026-05-05,P003269,capture,1782,82,1700,USD,
S000553,2026-05-05,P002302,capture,5378,186,5192,USD,
S000555,2026-05-05,P011944,capture,8947,289,8658,USD,
S000559,2026-05-05,P008683,capture,9359,301,9058,USD,
S000563,2026-05-05,P006772,capture,14145,440,13705,USD,
S000564,2026-05-05,P006545,capture,6753,226,6527,USD,
S000567,2026-05-05,P016814,capture,6733,225,6508,USD,
S000568,2026-05-05,P010842,capture,11126,353,10773,USD,
S000570,2026-05-05,P004041,capture,4358,156,4202,USD,
S000572,2026-05-05,P006109,capture,5741,196,5545,USD,
S000573,2026-05-05,P014892,capture,2874,113,2761,USD,
S000574,2026-05-05,P014603,capture,11187,354,10833,USD,
S000577,2026-05-05,P008513,capture,7108,236,6872,USD,
S000578,2026-05-05,P013566,capture,7238,240,6998,USD,
S000579,2026-05-05,P018470,capture,3071,119,2952,USD,
S000580,2026-05-05,P003470,capture,7830,257,7573,USD,
S000581,2026-05-05,P007240,capture,3429,129,3300,USD,
S000582,2026-05-05,P008547,capture,3987,146,3841,USD,
S000583,2026-05-05,P010291,capture,2405,100,2305,USD,
S000586,2026-05-05,P015834,capture,4906,172,4734,USD,
S000587,2026-05-05,P019422,capture,14616,454,14162,USD,
S000588,2026-05-05,P001006,capture,2227,95,2132,USD,
S000590,2026-05-05,P013261,capture,1169,64,1105,USD,
S000592,2026-05-05,P009734,capture,2020,89,1931,USD,
S000596,2026-05-05,P004854,capture,12169,383,11786,USD,
S000597,2026-05-05,P012639,capture,3850,142,3708,USD,
S000598,2026-05-05,P014615,capture,9216,297,8919,USD,
S000600,2026-05-05,P007066,capture,7075,235,6840,USD,
S000601,2026-05-05,P000592,capture,2231,95,2136,USD,
S000602,2026-05-05,P013603,capture,4201,152,4049,USD,
S000604,2026-05-05,P002751,capture,2682,108,2574,USD,
S000605,2026-05-05,P007349,capture,8818,286,8532,USD,
S000606,2026-05-05,P007871,capture,19466,595,18871,USD,
S000608,2026-05-05,P003010,capture,3394,128,3266,USD,
S000613,2026-05-05,P012110,capture,14230,443,13787,USD,
S000614,2026-05-05,P016923,capture,5289,183,5106,USD,
S000615,2026-05-05,P017331,capture,8456,275,8181,USD,
S000616,2026-05-05,P015516,capture,7541,249,7292,USD,
S000618,2026-05-05,P009319,capture,6068,206,5862,USD,
S000619,2026-05-05,P014792,capture,4110,149,3961,USD,
S000621,2026-05-05,P006562,capture,13988,436,13552,USD,
S000622,2026-05-05,P006367,capture,20467,624,19843,USD,
S000625,2026-05-05,P006336,capture,4368,157,4211,USD,
S000627,2026-05-05,P006649,capture,2768,110,2658,USD,
S000629,2026-05-05,P001716,capture,2382,99,2283,USD,
S000630,2026-05-05,P015232,capture,2696,108,2588,USD,
S000631,2026-05-05,P014629,capture,5415,187,5228,USD,
S000634,2026-05-05,P003150,capture,28572,859,27713,USD,
S000635,2026-05-05,P008914,capture,1560,76,1484,EUR,converted at 1.0961
S000638,2026-05-05,P002587,capture,1695,79,1616,USD,
S000642,2026-05-05,P017889,capture,10375,331,10044,USD,
S000643,2026-05-05,P001063,capture,35492,1059,34433,USD,
S000644,2026-05-05,P001268,capture,1401,71,1330,USD,
S000646,2026-05-05,P019410,capture,6416,216,6200,USD,
S000648,2026-05-05,P019398,capture,427,42,385,USD,
S000650,2026-05-05,P001640,capture,15100,468,14632,USD,
S000651,2026-05-05,P010784,capture,4061,148,3913,USD,
S000652,2026-05-05,P013804,capture,2456,101,2355,USD,
S000654,2026-05-05,P013828,capture,2303,97,2206,USD,
S000656,2026-05-05,P005944,capture,32630,976,31654,USD,
S000657,2026-05-05,P000500,capture,4323,155,4168,USD,
S000658,2026-05-05,P018400,capture,6110,207,5903,USD,
S000659,2026-05-05,P013058,capture,6527,219,6308,USD,
S000660,2026-05-05,P005210,capture,2607,106,2501,USD,
S000662,2026-05-05,P000577,capture,1666,78,1588,USD,
S000663,2026-05-05,P015406,capture,7402,245,7157,USD,
S000668,2026-05-05,P004197,capture,11470,363,11107,USD,
S000669,2026-05-05,P004800,capture,3440,130,3310,USD,
S000670,2026-05-05,P000832,capture,2540,104,2436,USD,
S000671,2026-05-05,P009075,capture,3021,118,2903,USD,
S000672,2026-05-05,P009498,capture,3690,137,3553,USD,
S000673,2026-05-05,P012103,capture,3667,136,3531,USD,
S000675,2026-05-05,P000834,capture,10060,322,9738,USD,
S000676,2026-05-05,P018401,capture,1778,82,1696,USD,
S000677,2026-05-05,P013411,capture,4436,159,4277,USD,
S000679,2026-05-05,P009773,capture,5934,202,5732,USD,
S000680,2026-05-05,P000780,capture,9826,315,9511,USD,
S000681,2026-05-05,P002952,capture,7880,259,7621,USD,
S000682,2026-05-05,P014689,capture,12303,387,11916,USD,
S000684,2026-05-05,P014857,capture,34540,1032,33508,USD,
S000685,2026-05-05,P003792,capture,8453,275,8178,USD,
S000686,2026-05-05,P016491,capture,2186,93,2093,USD,
S000687,2026-05-05,P014374,capture,40732,1211,39521,USD,
S000689,2026-05-05,P013200,capture,1587,76,1511,USD,
S000690,2026-05-05,P013084,capture,2787,111,2676,USD,
S000691,2026-05-05,P015602,capture,491,44,447,USD,
S000693,2026-05-05,P014174,capture,20521,625,19896,USD,
S000694,2026-05-05,P002244,capture,2306,97,2209,USD,
S000695,2026-05-05,P016309,capture,25035,756,24279,USD,
S000696,2026-05-05,P013882,capture,7841,257,7584,USD,
S000697,2026-05-05,P017477,capture,11355,359,10996,USD,
S000698,2026-05-05,P005014,capture,7579,250,7329,USD,
S000699,2026-05-05,P015527,capture,7253,240,7013,USD,
S000700,2026-05-05,P019938,capture,10508,335,10173,USD,
S000701,2026-05-05,P008118,capture,3284,125,3159,USD,
S000704,2026-05-05,P017156,capture,9403,303,9100,USD,
S000706,2026-05-05,P015362,capture,13365,418,12947,USD,
S000707,2026-05-05,P005790,capture,2075,90,1985,USD,
S000709,2026-05-05,P018889,capture,5773,197,5576,USD,
S000710,2026-05-05,P017278,capture,13122,411,12711,USD,
S000712,2026-05-05,P006827,capture,53155,1571,51584,USD,
S000713,2026-05-05,P010741,capture,12944,405,12539,USD,
S000716,2026-05-05,P016242,capture,15597,482,15115,USD,
S000717,2026-05-05,P012513,capture,2299,97,2202,USD,
S000719,2026-05-05,P003176,capture,3903,143,3760,USD,
S000720,2026-05-05,P000056,capture,7716,254,7462,USD,
S000721,2026-05-05,P003380,capture,1012,59,953,USD,
S000725,2026-05-05,P001686,capture,15497,479,15018,USD,
S000726,2026-05-05,P001069,capture,24307,735,23572,USD,
S000728,2026-05-05,P016357,capture,20759,632,20127,USD,
S000729,2026-05-05,P010248,capture,1141,63,1078,USD,
S000730,2026-05-05,P003428,capture,30161,905,29256,USD,
S000732,2026-05-05,P005363,capture,4801,169,4632,USD,
S000734,2026-05-05,P004395,capture,8707,283,8424,USD,
S000735,2026-05-05,P019176,capture,2233,95,2138,USD,
S000736,2026-05-05,P006909,capture,3788,140,3648,USD,
S000738,2026-05-05,P007530,capture,18599,569,18030,USD,
S000739,2026-05-05,P002485,capture,2645,107,2538,USD,
S000740,2026-05-05,P018214,capture,4843,170,4673,USD,
S000741,2026-05-05,P003566,capture,2081,90,1991,USD,
S000742,2026-05-05,P013312,capture,5942,202,5740,USD,
S000743,2026-05-05,P018237,capture,25888,781,25107,USD,
S000744,2026-05-05,P002347,capture,5636,193,5443,USD,
S000745,2026-05-05,P009091,capture,5480,189,5291,USD,
S000746,2026-05-05,P015858,capture,3712,138,3574,USD,
S000747,2026-05-05,P001219,capture,4462,159,4303,USD,
S000748,2026-05-05,P001915,capture,3637,135,3502,USD,
S000750,2026-05-05,P000937,capture,4832,170,4662,USD,
S000753,2026-05-05,P008250,capture,57564,1699,55865,USD,
S000754,2026-05-05,P004199,capture,3281,125,3156,USD,
S000757,2026-05-05,P010758,capture,14443,449,13994,USD,
S000758,2026-05-05,P010742,capture,1869,84,1785,USD,
S000759,2026-05-05,P000262,capture,9857,316,9541,USD,
S000760,2026-05-05,P017904,capture,5876,200,5676,USD,
S000761,2026-05-05,P011197,capture,30159,905,29254,USD,
S000762,2026-05-05,P011935,capture,3099,120,2979,USD,
S000764,2026-05-05,P004491,capture,4327,155,4172,USD,
S000769,2026-05-05,P007913,capture,4646,165,4481,USD,
S000770,2026-05-05,P016366,capture,4404,158,4246,USD,
S000773,2026-05-05,P012021,capture,2222,94,2128,USD,
S000774,2026-05-05,P012215,capture,2397,100,2297,USD,
S000775,2026-05-05,P014803,capture,2940,115,2825,USD,
S000777,2026-05-05,P010527,capture,5026,176,4850,USD,
S000778,2026-05-05,P018065,capture,5162,180,4982,USD,
S000779,2026-05-05,P011194,capture,5462,188,5274,USD,
S000784,2026-05-05,P007288,capture,45020,1336,43684,USD,
S000785,2026-05-05,P007671,capture,2307,97,2210,USD,
S000786,2026-05-05,P016347,capture,8165,267,7898,USD,
S000788,2026-05-05,P010067,capture,3755,139,3616,USD,
S000791,2026-05-05,P002495,capture,3586,134,3452,USD,
S000795,2026-05-05,P002849,capture,5153,179,4974,USD,
S000796,2026-05-05,P015750,capture,3970,145,3825,USD,
S000799,2026-05-05,P013146,capture,3864,142,3722,USD,
S000801,2026-05-05,P001075,capture,2949,116,2833,USD,
S000802,2026-05-05,P000137,capture,8057,264,7793,USD,
S000803,2026-05-05,P012854,capture,8313,271,8042,USD,
S000804,2026-05-05,P015201,capture,5377,186,5191,USD,
S000805,2026-05-05,P014627,capture,8428,274,8154,USD,
S000807,2026-05-05,P018699,capture,6120,207,5913,USD,
S000808,2026-05-05,P008334,capture,25168,760,24408,USD,
S000809,2026-05-05,P005384,capture,5126,179,4947,USD,
S000811,2026-05-05,P014750,capture,15931,492,15439,USD,
S000812,2026-05-05,P012759,capture,4551,162,4389,USD,
S000814,2026-05-05,P005570,capture,2710,109,2601,USD,
S000815,2026-05-05,P018460,capture,1178,64,1114,USD,
S000816,2026-05-05,P015403,capture,1051,60,991,USD,
S000817,2026-05-05,P003161,capture,5783,198,5585,USD,
S000818,2026-05-05,P008419,capture,2638,107,2531,USD,
S000819,2026-05-05,P010892,capture,3555,133,3422,USD,
S000820,2026-05-05,P002434,capture,14930,463,14467,USD,
S000822,2026-05-05,P012209,capture,2662,107,2555,USD,
S000823,2026-05-05,P006279,capture,3766,139,3627,USD,
S000824,2026-05-05,P012210,capture,2635,106,2529,USD,
S000825,2026-05-05,P007294,capture,4070,148,3922,USD,
S000828,2026-05-05,P011608,capture,8989,291,8698,USD,
S000830,2026-05-05,P015598,capture,2988,117,2871,USD,
S000831,2026-05-05,P008228,capture,4095,149,3946,USD,
S000832,2026-05-05,P019210,capture,24617,744,23873,USD,
S000833,2026-05-05,P004874,capture,27744,835,26909,USD,
S000834,2026-05-05,P005440,capture,4707,167,4540,USD,
S000835,2026-05-05,P005041,capture,2362,98,2264,USD,
S000836,2026-05-05,P014099,capture,12361,388,11973,USD,
S000838,2026-05-05,P009389,capture,17659,542,17117,USD,
S000840,2026-05-05,P016567,capture,1738,80,1658,USD,
S000841,2026-05-05,P013453,capture,4928,173,4755,USD,
S000844,2026-05-05,P009102,capture,2625,106,2519,USD,
S000847,2026-05-05,P014066,capture,14662,455,14207,USD,
S000848,2026-05-05,P006327,capture,5642,194,5448,USD,
S000849,2026-05-05,P010366,capture,14360,446,13914,USD,
S000850,2026-05-05,P007489,capture,4317,155,4162,USD,
S000851,2026-05-05,P016993,capture,6595,221,6374,USD,
S000852,2026-05-05,P006372,capture,3280,125,3155,USD,
S000853,2026-05-05,P008020,capture,14813,500,14313,USD,
S000854,2026-05-05,P019687,capture,3996,146,3850,USD,
S000857,2026-05-05,P012387,capture,11388,360,11028,USD,
S000859,2026-05-05,P017540,capture,3345,127,3218,USD,
S000860,2026-05-05,P005024,capture,10882,346,10536,USD,
S000861,2026-05-05,P012653,capture,9351,301,9050,USD,
S000863,2026-05-05,P012093,capture,6472,218,6254,USD,
S000864,2026-05-05,P013750,capture,3240,124,3116,USD,
S000865,2026-05-05,P004891,capture,1127,63,1064,USD,
S000868,2026-05-05,P014470,capture,2682,108,2574,USD,
S000869,2026-05-05,P015597,capture,3210,123,3087,USD,
S000873,2026-05-05,P011771,capture,3457,130,3327,USD,
S000874,2026-05-05,P018061,capture,14014,436,13578,USD,
S000875,2026-05-05,P019556,capture,26900,810,26090,USD,
S000876,2026-05-05,P014464,capture,4649,165,4484,USD,
S000877,2026-05-05,P019088,capture,4719,167,4552,USD,
S000878,2026-05-05,P011824,capture,2522,103,2419,USD,
S000880,2026-05-05,P011486,capture,3060,119,2941,USD,
S000882,2026-05-05,P008750,capture,4663,165,4498,USD,
S000883,2026-05-05,P007581,capture,7217,239,6978,USD,
S000884,2026-05-05,P002762,capture,3896,143,3753,USD,
S000885,2026-05-05,P003817,capture,1518,74,1444,USD,
S000887,2026-05-05,P003801,capture,14307,445,13862,USD,
S000889,2026-05-05,P017637,capture,3613,135,3478,USD,
S000890,2026-05-05,P002207,capture,313,39,274,USD,
S000891,2026-05-05,P006775,capture,13333,417,12916,USD,
S000892,2026-05-05,P011077,capture,7819,257,7562,USD,
S000893,2026-05-05,P008266,capture,2743,110,2633,USD,
S000895,2026-05-05,P011169,capture,19354,591,18763,USD,
S000897,2026-05-05,P019789,capture,19403,593,18810,USD,
S000898,2026-05-05,P006213,capture,10921,347,10574,USD,
S000899,2026-05-05,P015137,capture,6273,212,6061,USD,
S000900,2026-05-05,P005661,capture,5968,203,5765,USD,
S000901,2026-05-05,P014180,capture,17971,551,17420,USD,
S000902,2026-05-05,P007826,capture,11108,352,10756,USD,
S000904,2026-05-05,P018332,capture,1996,88,1908,USD,
S000908,2026-05-05,P004012,capture,5428,187,5241,USD,
S000910,2026-05-05,P012241,capture,8233,269,7964,USD,
S000912,2026-05-05,P011306,capture,7508,248,7260,USD,
S000913,2026-05-05,P011177,capture,1159,64,1095,USD,
S000914,2026-05-05,P015546,capture,10197,326,9871,USD,
S000915,2026-05-05,P014450,capture,8930,289,8641,USD,
S000916,2026-05-05,P009165,capture,9641,310,9331,USD,
S000917,2026-05-05,P001368,capture,10582,337,10245,USD,
S000918,2026-05-05,P014804,capture,8547,278,8269,USD,
S000919,2026-05-05,P003184,capture,5064,177,4887,USD,
S000920,2026-05-05,P007682,capture,5619,193,5426,USD,
S000922,2026-05-05,P013333,capture,6992,233,6759,USD,
S000923,2026-05-05,P002787,capture,8516,277,8239,USD,
S000925,2026-05-05,P016948,capture,2021,89,1932,USD,
S000926,2026-05-05,P008131,capture,10412,332,10080,USD,
S000927,2026-05-05,P013129,capture,1615,77,1538,USD,
S000929,2026-05-05,P005862,capture,5159,180,4979,USD,
S000930,2026-05-05,P004289,capture,4783,169,4614,USD,
S000931,2026-05-05,P014574,capture,843,54,789,USD,
S000935,2026-05-05,P013484,capture,22729,689,22040,USD,
S000936,2026-05-05,P002012,capture,74406,2188,72218,USD,
S000938,2026-05-05,P006384,capture,11604,367,11237,USD,
S000939,2026-05-05,P010437,capture,5827,199,5628,USD,
S000940,2026-05-05,P016741,capture,1381,70,1311,USD,
S000942,2026-05-05,P014345,capture,3125,121,3004,USD,
S000944,2026-05-05,P001810,capture,9938,318,9620,USD,
S000945,2026-05-05,P004082,capture,3357,127,3230,USD,
S000946,2026-05-05,P000920,capture,9744,313,9431,USD,
S000950,2026-05-05,P003197,capture,4398,158,4240,USD,
S000951,2026-05-05,P000917,capture,13445,420,13025,USD,
S000956,2026-05-05,P009246,capture,6874,229,6645,USD,
S000958,2026-05-05,P003143,capture,3287,125,3162,USD,
S000960,2026-05-05,P002765,capture,7104,236,6868,USD,
S000962,2026-05-05,P011843,capture,2706,108,2598,USD,
S000964,2026-05-05,P008396,capture,6238,211,6027,USD,
S000965,2026-05-05,P004470,capture,6137,208,5929,USD,
S000966,2026-05-05,P007204,capture,23375,708,22667,USD,
S000971,2026-05-05,P017914,capture,4029,147,3882,USD,
S000972,2026-05-05,P007342,capture,1259,67,1192,USD,
S000974,2026-05-05,P018128,capture,11376,360,11016,USD,
S000976,2026-05-05,P007420,capture,8353,272,8081,USD,
S000977,2026-05-05,P014281,capture,27160,818,26342,USD,
S000979,2026-05-05,P017457,capture,3362,127,3235,USD,
S000980,2026-05-05,P000619,capture,2152,92,2060,USD,
S000981,2026-05-05,P008390,capture,12984,407,12577,USD,
S000983,2026-05-05,P019843,capture,9872,316,9556,USD,
S000988,2026-05-05,P013669,capture,1540,75,1465,USD,
S000990,2026-05-05,P009479,capture,10177,325,9852,USD,
S000991,2026-05-05,P002358,capture,3112,120,2992,USD,
S000992,2026-05-05,P000013,capture,996,59,937,USD,
S000993,2026-05-05,P007362,capture,3015,117,2898,USD,
S000994,2026-05-05,P018427,capture,510,45,465,USD,
S000995,2026-05-05,P017673,capture,7320,242,7078,USD,
S000997,2026-05-05,P001318,capture,7773,255,7518,USD,
S000998,2026-05-05,P014790,capture,4261,154,4107,USD,
S000999,2026-05-05,P010301,capture,9134,294,8840,EUR,converted at 1.0961
S001001,2026-05-05,P005332,capture,7931,260,7671,USD,
S001002,2026-05-05,P015339,capture,5661,194,5467,USD,
S001003,2026-05-05,P005706,capture,3538,133,3405,USD,
S001004,2026-05-05,P014721,capture,6099,207,5892,USD,
S001005,2026-05-05,P007493,capture,5297,184,5113,USD,
S001006,2026-05-05,P013309,capture,5223,181,5042,USD,
S001008,2026-05-05,P014210,capture,941,57,884,USD,
S001010,2026-05-05,P018568,capture,4944,173,4771,USD,
S001012,2026-05-05,P006897,capture,4435,159,4276,USD,
S001014,2026-05-05,P008356,capture,8814,286,8528,USD,
S001015,2026-05-05,P009226,capture,9628,309,9319,USD,
S001017,2026-05-05,P009577,capture,4905,172,4733,USD,
S001020,2026-05-05,P004575,capture,24306,735,23571,USD,
S001021,2026-05-05,P008211,capture,2349,98,2251,USD,
S001022,2026-05-05,P007343,capture,2465,101,2364,USD,
S001023,2026-05-05,P004785,capture,7161,238,6923,USD,
S001025,2026-05-05,P002855,capture,4391,157,4234,USD,
S001027,2026-05-05,P000194,capture,8582,279,8303,USD,
S001028,2026-05-05,P000696,capture,4293,154,4139,USD,
S001031,2026-05-05,P016065,capture,2205,94,2111,USD,
S001032,2026-05-05,P018117,capture,17961,551,17410,USD,
S001033,2026-05-05,P003144,capture,2227,95,2132,USD,
S001034,2026-05-05,P012236,capture,707,51,656,USD,
S001035,2026-05-05,P009364,capture,21341,649,20692,USD,
S001041,2026-05-05,P002458,capture,2755,110,2645,USD,
S001042,2026-05-05,P003503,capture,1370,70,1300,USD,
S001046,2026-05-05,P013740,capture,12346,388,11958,USD,
S001048,2026-05-05,P003621,capture,1663,78,1585,USD,
S001049,2026-05-05,P013358,capture,3720,138,3582,USD,
S001050,2026-05-05,P017630,capture,20108,613,19495,USD,
S001051,2026-05-05,P019274,capture,23949,725,23224,USD,
S001052,2026-05-05,P018736,capture,8301,271,8030,USD,
S001053,2026-05-05,P001276,capture,6280,212,6068,USD,
S001054,2026-05-05,P016249,capture,1643,78,1565,USD,
S001056,2026-05-05,P011545,capture,3941,144,3797,USD,
S001059,2026-05-05,P013376,capture,4789,169,4620,USD,
S001060,2026-05-05,P005034,capture,2918,115,2803,USD,
S001061,2026-05-05,P012508,capture,4721,167,4554,USD,
S001062,2026-05-05,P008926,capture,33977,1015,32962,USD,
S001063,2026-05-05,P016711,capture,6630,222,6408,USD,
S001066,2026-05-05,P015065,capture,8540,278,8262,USD,
S001067,2026-05-05,P005885,capture,2974,116,2858,USD,
S001068,2026-05-05,P008916,capture,6018,205,5813,USD,
S001069,2026-05-05,P016186,capture,7266,241,7025,USD,
S001072,2026-05-05,P007833,capture,13103,410,12693,USD,
S001073,2026-05-05,P013998,capture,12401,390,12011,USD,
S001074,2026-05-05,P001085,capture,5422,187,5235,USD,
S001075,2026-05-05,P011353,capture,8198,268,7930,USD,
S001077,2026-05-05,P016045,capture,2297,97,2200,USD,
S001079,2026-05-05,P010679,capture,13584,424,13160,USD,
S001080,2026-05-05,P009863,capture,3526,132,3394,USD,
S001081,2026-05-05,P000889,capture,3934,145,3789,EUR,converted at 1.0961
S001083,2026-05-05,P015426,capture,1154,63,1091,USD,
S001085,2026-05-05,P007044,capture,3757,139,3618,USD,
S001087,2026-05-05,P001587,capture,2277,96,2181,USD,
S016638,2026-05-05,P008131,capture,10412,332,10080,USD,
S000004,2026-05-06,P011426,capture,4627,164,4463,USD,
S000005,2026-05-06,P006821,capture,7012,233,6779,USD,
S000010,2026-05-06,P010287,capture,3286,125,3161,USD,
S000011,2026-05-06,P015259,capture,19627,599,19028,USD,
S000012,2026-05-06,P005717,capture,1577,76,1501,USD,
S000015,2026-05-06,P002940,capture,1392,70,1322,USD,
S000022,2026-05-06,P017380,capture,2879,113,2766,USD,
S000023,2026-05-06,P006814,capture,6230,211,6019,USD,
S000024,2026-05-06,P004293,capture,6805,227,6578,USD,
S000027,2026-05-06,P013739,capture,892,56,836,USD,
S000030,2026-05-06,P003089,capture,13419,419,13000,USD,
S000031,2026-05-06,P011211,capture,2357,98,2259,USD,
S000033,2026-05-06,P017191,capture,4367,157,4210,USD,
S000034,2026-05-06,P004290,capture,6869,229,6640,USD,
S000041,2026-05-06,P018256,capture,2585,105,2480,USD,
S000055,2026-05-06,P014211,capture,4303,154,4149,EUR,converted at 1.0961
S000062,2026-05-06,P000897,capture,855,55,800,USD,
S000067,2026-05-06,P009441,capture,5114,178,4936,USD,
S000068,2026-05-06,P019208,capture,6604,222,6382,USD,
S000071,2026-05-06,P006123,capture,2067,90,1977,USD,
S000074,2026-05-06,P012951,capture,5487,189,5298,USD,
S000076,2026-05-06,P004086,capture,16245,501,15744,USD,
S000079,2026-05-06,P015682,capture,5304,183,5121,EUR,converted at 1.0961
S000081,2026-05-06,P011159,capture,4562,162,4400,USD,
S000085,2026-05-06,P005373,capture,2944,115,2829,USD,
S000089,2026-05-06,P007859,capture,5781,198,5583,USD,
S000090,2026-05-06,P009371,capture,9395,302,9093,USD,
S000093,2026-05-06,P010405,capture,2857,113,2744,USD,
S000097,2026-05-06,P019097,capture,5078,177,4901,USD,
S000098,2026-05-06,P015240,capture,7625,251,7374,USD,
S000101,2026-05-06,P008792,capture,9974,319,9655,USD,
S000105,2026-05-06,P016220,capture,6983,233,6750,USD,
S000106,2026-05-06,P019464,capture,9637,309,9328,USD,
S000107,2026-05-06,P007741,capture,18438,565,17873,USD,
S000108,2026-05-06,P015622,capture,9109,294,8815,USD,
S000117,2026-05-06,P013034,capture,3369,128,3241,USD,
S000118,2026-05-06,P014077,capture,9860,316,9544,USD,
S000121,2026-05-06,P009535,capture,6445,217,6228,USD,
S000123,2026-05-06,P002291,capture,4321,155,4166,USD,
S000130,2026-05-06,P013663,capture,6183,209,5974,USD,
S000136,2026-05-06,P013475,capture,16398,506,15892,USD,
S000138,2026-05-06,P017301,capture,71630,2107,69523,USD,
S000139,2026-05-06,P011682,capture,5046,176,4870,USD,
S000141,2026-05-06,P007220,capture,8762,284,8478,USD,
S000142,2026-05-06,P004033,capture,1575,76,1499,USD,
S000144,2026-05-06,P017482,capture,17472,537,16935,USD,
S000145,2026-05-06,P018211,capture,8291,270,8021,USD,
S000146,2026-05-06,P006710,capture,6462,217,6245,USD,
S000148,2026-05-06,P014832,capture,16883,520,16363,USD,
S000151,2026-05-06,P013815,capture,3735,138,3597,USD,
S000153,2026-05-06,P016243,capture,32781,981,31800,USD,
S000154,2026-05-06,P019621,capture,3676,138,3538,EUR,converted at 1.0961
S000157,2026-05-06,P014966,capture,2125,92,2033,USD,
S000158,2026-05-06,P009414,capture,2862,113,2749,USD,
S000159,2026-05-06,P016397,capture,9260,299,8961,USD,
S000162,2026-05-06,P017355,capture,4837,170,4667,USD,
S000164,2026-05-06,P002788,capture,2363,99,2264,USD,
S000167,2026-05-06,P019345,capture,1311,68,1243,USD,
S000170,2026-05-06,P011006,capture,2953,116,2837,USD,
S000172,2026-05-06,P004347,capture,7207,239,6968,USD,
S000173,2026-05-06,P007269,capture,4090,149,3941,USD,
S000174,2026-05-06,P001286,capture,3384,128,3256,USD,
S000175,2026-05-06,P014364,capture,6321,213,6108,USD,
S000176,2026-05-06,P001197,capture,2616,106,2510,USD,
S000179,2026-05-06,P019239,capture,15738,486,15252,USD,
S000180,2026-05-06,P017010,capture,2320,97,2223,USD,
S000185,2026-05-06,P018943,capture,9803,314,9489,USD,
S000190,2026-05-06,P010915,capture,5859,200,5659,USD,
S000191,2026-05-06,P007566,capture,4732,167,4565,USD,
S000197,2026-05-06,P011635,capture,1719,80,1639,USD,
S000198,2026-05-06,P001486,capture,1357,69,1288,USD,
S000204,2026-05-06,P006443,capture,2178,93,2085,USD,
S000214,2026-05-06,P012286,capture,2766,110,2656,USD,
S000215,2026-05-06,P015267,capture,2024,89,1935,USD,
S000216,2026-05-06,P011359,capture,5592,192,5400,USD,
S000218,2026-05-06,P010794,capture,5339,185,5154,USD,
S000222,2026-05-06,P013793,capture,15440,478,14962,USD,
S000223,2026-05-06,P000393,capture,3604,135,3469,USD,
S000226,2026-05-06,P013006,capture,7828,257,7571,USD,
S000231,2026-05-06,P010125,capture,4506,161,4345,USD,
S000235,2026-05-06,P008927,capture,5505,190,5315,USD,
S000236,2026-05-06,P006308,capture,848,55,793,USD,
S000238,2026-05-06,P008308,capture,2241,95,2146,USD,
S000240,2026-05-06,P009145,capture,4566,162,4404,USD,
S000241,2026-05-06,P014448,capture,2513,103,2410,USD,
S000243,2026-05-06,P014434,capture,15392,476,14916,USD,
S000252,2026-05-06,P009582,capture,1553,75,1478,USD,
S000255,2026-05-06,P001410,capture,8798,285,8513,USD,
S000258,2026-05-06,P002393,capture,6261,212,6049,USD,
S000261,2026-05-06,P011366,capture,6409,216,6193,USD,
S000262,2026-05-06,P001441,capture,5479,189,5290,USD,
S000263,2026-05-06,P002219,capture,3011,117,2894,USD,
S000265,2026-05-06,P001545,capture,6260,212,6048,USD,
S000268,2026-05-06,P004601,capture,12289,386,11903,USD,
S000269,2026-05-06,P016736,capture,4663,165,4498,USD,
S000272,2026-05-06,P011493,capture,9949,318,9631,EUR,converted at 1.0961
S000278,2026-05-06,P001191,capture,1748,81,1667,USD,
S000281,2026-05-06,P019772,capture,6622,222,6400,USD,
S000283,2026-05-06,P019252,capture,11283,357,10926,USD,
S000286,2026-05-06,P008165,capture,1144,63,1081,USD,
S000289,2026-05-06,P013206,capture,10186,325,9861,USD,
S000291,2026-05-06,P012435,capture,28831,866,27965,USD,
S000295,2026-05-06,P017575,capture,982,58,924,USD,
S000297,2026-05-06,P013719,capture,13416,420,12996,EUR,converted at 1.0961
S000298,2026-05-06,P004678,capture,14548,452,14096,USD,
S000304,2026-05-06,P008744,capture,9200,297,8903,USD,
S000309,2026-05-06,P017032,capture,2619,106,2513,USD,
S000310,2026-05-06,P003140,capture,2551,104,2447,USD,
S000314,2026-05-06,P008599,capture,6460,217,6243,USD,
S000315,2026-05-06,P014055,capture,5057,177,4880,USD,
S000318,2026-05-06,P001047,capture,4342,156,4186,USD,
S000320,2026-05-06,P019402,capture,7227,240,6987,USD,
S000322,2026-05-06,P007872,capture,4108,149,3959,USD,
S000332,2026-05-06,P003915,capture,504,45,459,USD,
S000333,2026-05-06,P009492,capture,2932,115,2817,USD,
S000334,2026-05-06,P010320,capture,5282,183,5099,USD,
S000338,2026-05-06,P017883,capture,8104,265,7839,USD,
S000339,2026-05-06,P018780,capture,1627,77,1550,USD,
S000342,2026-05-06,P011427,capture,10709,341,10368,USD,
S000349,2026-05-06,P007461,capture,3852,142,3710,USD,
S000351,2026-05-06,P009789,capture,11712,370,11342,USD,
S000352,2026-05-06,P004802,capture,17852,548,17304,USD,
S000356,2026-05-06,P018772,capture,5079,177,4902,USD,
S000361,2026-05-06,P011108,capture,12686,398,12288,USD,
S000364,2026-05-06,P017594,capture,5075,177,4898,USD,
S000367,2026-05-06,P003224,capture,2094,91,2003,USD,
S000374,2026-05-06,P011305,capture,22663,687,21976,USD,
S000376,2026-05-06,P007956,capture,28316,851,27465,USD,
S000380,2026-05-06,P000788,capture,1633,77,1556,USD,
S000381,2026-05-06,P017161,capture,14958,464,14494,USD,
S000386,2026-05-06,P017783,capture,344,40,304,USD,
S000390,2026-05-06,P012736,capture,942,57,885,USD,
S000391,2026-05-06,P012436,capture,3882,143,3739,USD,
S000393,2026-05-06,P000405,capture,9082,293,8789,USD,
S000396,2026-05-06,P013477,capture,5666,194,5472,USD,
S000398,2026-05-06,P013009,capture,4139,150,3989,USD,
S000402,2026-05-06,P002116,capture,2956,116,2840,USD,
S000404,2026-05-06,P008269,capture,29917,898,29019,USD,
S000407,2026-05-06,P015660,capture,6600,221,6379,USD,
S000412,2026-05-06,P006030,capture,2163,93,2070,USD,
S000418,2026-05-06,P010996,capture,9427,303,9124,USD,
S000419,2026-05-06,P019703,capture,2280,96,2184,USD,
S000423,2026-05-06,P017424,capture,3967,145,3822,USD,
S000425,2026-05-06,P009032,capture,1372,70,1302,USD,
S000429,2026-05-06,P017452,capture,9986,320,9666,USD,
S000432,2026-05-06,P007858,capture,5219,181,5038,USD,
S000439,2026-05-06,P019934,capture,7378,244,7134,USD,
S000442,2026-05-06,P008311,capture,14213,442,13771,USD,
S000446,2026-05-06,P014779,capture,6193,210,5983,USD,
S000447,2026-05-06,P015884,capture,3588,134,3454,USD,
S000450,2026-05-06,P007790,capture,1853,84,1769,USD,
S000458,2026-05-06,P006588,capture,10920,347,10573,USD,
S000462,2026-05-06,P011686,capture,19864,606,19258,USD,
S000463,2026-05-06,P016139,capture,7419,245,7174,USD,
S000465,2026-05-06,P011227,capture,1967,87,1880,USD,
S000466,2026-05-06,P011507,capture,19732,602,19130,USD,
S000467,2026-05-06,P007529,capture,12975,406,12569,USD,
S000468,2026-05-06,P019780,capture,16600,511,16089,USD,
S000472,2026-05-06,P007099,capture,8805,286,8519,EUR,converted at 1.0961
S000473,2026-05-06,P006331,capture,8179,267,7912,USD,
S000474,2026-05-06,P003006,capture,1748,81,1667,USD,
S000478,2026-05-06,P001625,capture,3697,137,3560,USD,
S000484,2026-05-06,P004329,capture,4396,157,4239,USD,
S000485,2026-05-06,P011072,capture,4043,147,3896,USD,
S000487,2026-05-06,P007643,capture,847,55,792,USD,
S000492,2026-05-06,P015489,capture,29859,896,28963,USD,
S000499,2026-05-06,P015796,capture,22497,682,21815,USD,
S000501,2026-05-06,P019367,capture,6987,233,6754,USD,
S000505,2026-05-06,P005701,capture,1916,86,1830,USD,
S000509,2026-05-06,P017358,capture,8015,262,7753,USD,
S000512,2026-05-06,P016681,capture,5965,203,5762,USD,
S000515,2026-05-06,P016201,capture,12120,381,11739,USD,
S000519,2026-05-06,P001689,capture,2316,97,2219,USD,
S000521,2026-05-06,P018405,capture,4612,204,4408,USD,
S000529,2026-05-06,P005320,capture,1043,60,983,USD,
S000530,2026-05-06,P005791,capture,4128,150,3978,USD,
S000531,2026-05-06,P017942,capture,4816,170,4646,USD,
S000534,2026-05-06,P013219,capture,2559,104,2455,USD,
S000542,2026-05-06,P011408,capture,4079,148,3931,USD,
S000543,2026-05-06,P001384,capture,1911,85,1826,USD,
S000546,2026-05-06,P008712,capture,19751,603,19148,USD,
S000547,2026-05-06,P003354,capture,21227,646,20581,USD,
S000548,2026-05-06,P019118,capture,13939,434,13505,USD,
S000549,2026-05-06,P000023,capture,21264,647,20617,USD,
S000550,2026-05-06,P012477,capture,1921,86,1835,USD,
S000554,2026-05-06,P018263,capture,7265,241,7024,USD,
S000556,2026-05-06,P011657,capture,4416,158,4258,USD,
S000557,2026-05-06,P007971,capture,8625,280,8345,USD,
S000558,2026-05-06,P007459,capture,16450,507,15943,USD,
S000561,2026-05-06,P018510,capture,15028,466,14562,USD,
S000562,2026-05-06,P011708,capture,16607,512,16095,USD,
S000566,2026-05-06,P002439,capture,3867,142,3725,USD,
S000569,2026-05-06,P014624,capture,2809,111,2698,USD,
S000571,2026-05-06,P001081,capture,30441,913,29528,USD,
S000575,2026-05-06,P009578,capture,962,58,904,USD,
S000576,2026-05-06,P018823,capture,4419,158,4261,USD,
S000584,2026-05-06,P009813,capture,8625,280,8345,USD,
S000585,2026-05-06,P019215,capture,10452,333,10119,USD,
S000589,2026-05-06,P002510,capture,4675,166,4509,USD,
S000591,2026-05-06,P015604,capture,12014,378,11636,USD,
S000593,2026-05-06,P014346,capture,17619,541,17078,USD,
S000594,2026-05-06,P006462,capture,1398,71,1327,USD,
S000595,2026-05-06,P015819,capture,9460,304,9156,USD,
S000599,2026-05-06,P001531,capture,30909,926,29983,USD,
S000603,2026-05-06,P011259,capture,9370,302,9068,USD,
S000607,2026-05-06,P009775,capture,7234,240,6994,USD,
S000617,2026-05-06,P018226,capture,610,48,562,USD,
S000623,2026-05-06,P012442,capture,21525,654,20871,USD,
S000624,2026-05-06,P007995,capture,6516,219,6297,USD,
S000626,2026-05-06,P005901,capture,8211,268,7943,USD,
S000628,2026-05-06,P003234,capture,8679,282,8397,USD,
S000633,2026-05-06,P018197,capture,2918,115,2803,USD,
S000636,2026-05-06,P016174,capture,609,48,561,USD,
S000639,2026-05-06,P013806,capture,5791,198,5593,USD,
S000640,2026-05-06,P007990,capture,13366,418,12948,USD,
S000641,2026-05-06,P003805,capture,7633,251,7382,USD,
S000645,2026-05-06,P006429,capture,10765,342,10423,USD,
S000647,2026-05-06,P004449,capture,2785,111,2674,USD,
S000655,2026-05-06,P006450,capture,6183,209,5974,USD,
S000661,2026-05-06,P005692,capture,5809,198,5611,USD,
S000664,2026-05-06,P019311,capture,852,55,797,USD,
S000665,2026-05-06,P002413,capture,3777,140,3637,USD,
S000666,2026-05-06,P013397,capture,2473,102,2371,USD,
S000667,2026-05-06,P012504,capture,4834,170,4664,USD,
S000674,2026-05-06,P011218,capture,30489,914,29575,USD,
S000683,2026-05-06,P013402,capture,7937,260,7677,USD,
S000688,2026-05-06,P015691,capture,746,52,694,USD,
S000692,2026-05-06,P008010,capture,4916,173,4743,USD,
S000702,2026-05-06,P005382,capture,2873,113,2760,USD,
S000705,2026-05-06,P002184,capture,8334,272,8062,USD,
S000708,2026-05-06,P008537,capture,8315,271,8044,USD,
S000711,2026-05-06,P005401,capture,2675,108,2567,USD,
S000714,2026-05-06,P008065,capture,21013,639,20374,USD,
S000715,2026-05-06,P014116,capture,660,49,611,USD,
S000718,2026-05-06,P000083,capture,3574,134,3440,USD,
S000723,2026-05-06,P012162,capture,2380,99,2281,USD,
S000724,2026-05-06,P011713,capture,3340,127,3213,USD,
S000727,2026-05-06,P018839,capture,15574,482,15092,USD,
S000731,2026-05-06,P001860,capture,4123,150,3973,USD,
S000733,2026-05-06,P012053,capture,1371,69,1302,EUR,converted at 1.0961
S000737,2026-05-06,P007049,capture,5898,201,5697,USD,
S000749,2026-05-06,P003468,capture,4094,149,3945,USD,
S000755,2026-05-06,P013355,capture,1211,65,1146,USD,
S000756,2026-05-06,P005538,capture,5261,183,5078,USD,
S000763,2026-05-06,P013710,capture,7526,248,7278,USD,
S000765,2026-05-06,P018924,capture,10574,337,10237,USD,
S000766,2026-05-06,P005564,capture,1968,87,1881,USD,
S000767,2026-05-06,P011607,capture,8173,267,7906,USD,
S000771,2026-05-06,P001480,capture,6251,211,6040,USD,
S000772,2026-05-06,P013867,capture,2313,97,2216,USD,
S000780,2026-05-06,P014394,capture,2369,99,2270,USD,
S000781,2026-05-06,P018766,capture,35007,1045,33962,USD,
S000782,2026-05-06,P010107,capture,4364,157,4207,USD,
S000783,2026-05-06,P007007,capture,34832,1040,33792,USD,
S000789,2026-05-06,P003833,capture,11406,361,11045,USD,
S000790,2026-05-06,P017011,capture,7521,248,7273,USD,
S000792,2026-05-06,P012176,capture,5773,197,5576,USD,
S000793,2026-05-06,P006064,capture,6519,219,6300,USD,
S000797,2026-05-06,P011363,capture,1027,60,967,USD,
S000800,2026-05-06,P011210,capture,10977,348,10629,USD,
S000806,2026-05-06,P013832,capture,1372,70,1302,USD,
S000810,2026-05-06,P002441,capture,1151,63,1088,USD,
S000813,2026-05-06,P008938,capture,2952,116,2836,USD,
S000821,2026-05-06,P001065,capture,2925,115,2810,USD,
S000826,2026-05-06,P018305,capture,5438,188,5250,USD,
S000827,2026-05-06,P008573,capture,8451,275,8176,USD,
S000829,2026-05-06,P008505,capture,18896,578,18318,USD,
S000837,2026-05-06,P010511,capture,15422,477,14945,USD,
S000839,2026-05-06,P016851,capture,12861,403,12458,USD,
S000842,2026-05-06,P007162,capture,9978,319,9659,USD,
S000845,2026-05-06,P004866,capture,3038,118,2920,USD,
S000846,2026-05-06,P012685,capture,2650,107,2543,USD,
S000855,2026-05-06,P003159,capture,675,50,625,USD,
S000858,2026-05-06,P013858,capture,7394,244,7150,USD,
S000866,2026-05-06,P012986,capture,10720,341,10379,USD,
S000870,2026-05-06,P002156,capture,5671,194,5477,USD,
S000871,2026-05-06,P001594,capture,14126,440,13686,USD,
S000879,2026-05-06,P014064,capture,2310,97,2213,USD,
S000886,2026-05-06,P012632,capture,7597,250,7347,USD,
S000888,2026-05-06,P002547,capture,20292,619,19673,EUR,converted at 1.0961
S000894,2026-05-06,P007725,capture,14974,464,14510,USD,
S000896,2026-05-06,P001229,capture,3007,128,2879,USD,
S000903,2026-05-06,P012135,capture,11903,375,11528,USD,
S000905,2026-05-06,P012038,capture,5112,178,4934,USD,
S000906,2026-05-06,P015237,capture,7944,260,7684,USD,
S000907,2026-05-06,P001409,capture,5290,183,5107,USD,
S000909,2026-05-06,P003785,capture,3574,134,3440,USD,
S000921,2026-05-06,P003318,capture,2454,101,2353,USD,
S000924,2026-05-06,P013064,capture,9379,302,9077,USD,
S000928,2026-05-06,P010880,capture,12144,382,11762,USD,
S000932,2026-05-06,P005428,capture,10549,336,10213,USD,
S000934,2026-05-06,P007814,capture,22999,697,22302,USD,
S000941,2026-05-06,P013778,capture,5572,192,5380,USD,
S000943,2026-05-06,P007378,capture,2829,112,2717,USD,
S000949,2026-05-06,P018675,capture,4695,166,4529,USD,
S000952,2026-05-06,P016314,capture,2458,101,2357,USD,
S000954,2026-05-06,P014505,capture,22879,693,22186,USD,
S000957,2026-05-06,P011455,capture,4227,153,4074,USD,
S000959,2026-05-06,P004873,capture,12798,401,12397,USD,
S000961,2026-05-06,P018284,capture,4119,149,3970,USD,
S000963,2026-05-06,P006224,capture,17429,535,16894,USD,
S000968,2026-05-06,P011722,capture,9498,305,9193,USD,
S000969,2026-05-06,P011365,capture,8625,280,8345,USD,
S000970,2026-05-06,P005988,capture,5823,199,5624,USD,
S000975,2026-05-06,P002196,capture,5618,193,5425,USD,
S000978,2026-05-06,P003482,capture,25607,773,24834,USD,
S000982,2026-05-06,P007317,capture,754,52,702,USD,
S000984,2026-05-06,P015189,capture,1966,88,1878,EUR,converted at 1.0961
S000985,2026-05-06,P011893,capture,5177,180,4997,USD,
S000986,2026-05-06,P005781,capture,2423,100,2323,USD,
S000987,2026-05-06,P000546,capture,3936,144,3792,USD,
S000989,2026-05-06,P016328,capture,1516,74,1442,USD,
S001000,2026-05-06,P002217,capture,2092,91,2001,USD,
S001007,2026-05-06,P000734,capture,12388,389,11999,USD,
S001009,2026-05-06,P015322,capture,1579,76,1503,USD,
S001011,2026-05-06,P018977,capture,2355,98,2257,USD,
S001013,2026-05-06,P012064,capture,6033,205,5828,USD,
S001016,2026-05-06,P001827,capture,4595,163,4432,USD,
S001018,2026-05-06,P018005,capture,1321,68,1253,USD,
S001019,2026-05-06,P014877,capture,7513,248,7265,USD,
S001024,2026-05-06,P010055,capture,3455,130,3325,USD,
S001029,2026-05-06,P001729,capture,3637,135,3502,USD,
S001030,2026-05-06,P008693,capture,2537,104,2433,USD,
S001037,2026-05-06,P009801,capture,5989,215,5774,USD,
S001038,2026-05-06,P013273,capture,8385,273,8112,USD,
S001039,2026-05-06,P008175,capture,3152,121,3031,USD,
S001040,2026-05-06,P017963,capture,6754,226,6528,USD,
S001043,2026-05-06,P015547,capture,5016,175,4841,USD,
S001045,2026-05-06,P011827,capture,5960,203,5757,USD,
S001047,2026-05-06,P003744,capture,9023,292,8731,USD,
S001057,2026-05-06,P012242,capture,5811,199,5612,USD,
S001058,2026-05-06,P009242,capture,3396,128,3268,USD,
S001064,2026-05-06,P014286,capture,3210,123,3087,USD,
S001065,2026-05-06,P000770,capture,11760,371,11389,USD,
S001071,2026-05-06,P019808,capture,3539,133,3406,USD,
S001078,2026-05-06,P012749,capture,1733,80,1653,USD,
S001084,2026-05-06,P018624,capture,1339,69,1270,USD,
S001089,2026-05-06,P005626,capture,4064,148,3916,USD,
S001090,2026-05-06,P012086,capture,3606,135,3471,USD,
S001091,2026-05-06,P008588,capture,2171,93,2078,USD,
S001092,2026-05-06,P001949,capture,1200,65,1135,USD,
S001093,2026-05-06,P008103,capture,6940,231,6709,USD,
S001094,2026-05-06,P000865,capture,13757,429,13328,USD,
S001096,2026-05-06,P018648,capture,5633,193,5440,USD,
S001097,2026-05-06,P009461,capture,17122,527,16595,USD,
S001098,2026-05-06,P017284,capture,20222,616,19606,USD,
S001101,2026-05-06,P017067,capture,4834,170,4664,USD,
S001102,2026-05-06,P017528,capture,1852,84,1768,USD,
S001103,2026-05-06,P007648,capture,6385,215,6170,USD,
S001106,2026-05-06,P007827,capture,6099,207,5892,USD,
S001107,2026-05-06,P001119,capture,6423,216,6207,USD,
S001108,2026-05-06,P017538,capture,3690,137,3553,USD,
S001110,2026-05-06,P011906,capture,1933,86,1847,USD,
S001112,2026-05-06,P004779,capture,5399,187,5212,USD,
S001113,2026-05-06,P008589,capture,5215,182,5033,EUR,converted at 1.0961
S001115,2026-05-06,P005283,capture,3240,124,3116,USD,
S001116,2026-05-06,P019347,capture,3887,143,3744,USD,
S001117,2026-05-06,P005594,capture,4258,153,4105,USD,
S001118,2026-05-06,P014058,capture,2998,117,2881,USD,
S001119,2026-05-06,P018375,capture,4000,146,3854,USD,
S001123,2026-05-06,P019388,capture,2019,89,1930,USD,
S001124,2026-05-06,P014826,capture,90805,2663,88142,USD,
S001126,2026-05-06,P003453,capture,8594,279,8315,USD,
S001128,2026-05-06,P012770,capture,2319,97,2222,USD,
S001130,2026-05-06,P002791,capture,1698,79,1619,USD,
S001131,2026-05-06,P016018,capture,11269,357,10912,USD,
S001132,2026-05-06,P010904,capture,8275,270,8005,USD,
S001134,2026-05-06,P006442,capture,38112,1135,36977,USD,
S001136,2026-05-06,P019763,capture,1350,69,1281,USD,
S001138,2026-05-06,P002526,capture,3670,136,3534,USD,
S001140,2026-05-06,P008290,capture,5519,190,5329,USD,
S001141,2026-05-06,P017744,capture,15988,494,15494,USD,
S001142,2026-05-06,P017338,capture,8376,273,8103,USD,
S001144,2026-05-06,P003645,capture,1559,75,1484,USD,
S001149,2026-05-06,P011281,capture,2229,95,2134,USD,
S001151,2026-05-06,P012757,capture,5733,196,5537,USD,
S001152,2026-05-06,P008504,capture,2576,105,2471,USD,
S001154,2026-05-06,P010381,capture,7526,248,7278,USD,
S001155,2026-05-06,P010063,capture,3553,133,3420,USD,
S001156,2026-05-06,P017143,capture,5355,185,5170,USD,
S001158,2026-05-06,P015193,capture,1074,61,1013,USD,
S001159,2026-05-06,P007807,capture,672,49,623,USD,
S001160,2026-05-06,P006975,capture,1990,88,1902,USD,
S001161,2026-05-06,P003367,capture,5721,196,5525,USD,
S001163,2026-05-06,P006018,capture,14149,440,13709,USD,
S001164,2026-05-06,P011957,capture,6574,221,6353,USD,
S001165,2026-05-06,P008444,capture,11277,357,10920,USD,
S001166,2026-05-06,P003544,capture,17844,547,17297,USD,
S001167,2026-05-06,P006727,capture,9975,319,9656,USD,
S001171,2026-05-06,P008718,capture,4044,147,3897,USD,
S001172,2026-05-06,P016817,capture,2576,105,2471,USD,
S001173,2026-05-06,P000227,capture,9489,305,9184,USD,
S001174,2026-05-06,P017831,capture,2026,89,1937,USD,
S001175,2026-05-06,P011603,capture,8480,276,8204,USD,
S001176,2026-05-06,P009044,capture,5108,178,4930,USD,
S001177,2026-05-06,P015199,capture,4056,148,3908,USD,
S001178,2026-05-06,P013803,capture,4244,153,4091,USD,
S001179,2026-05-06,P019943,capture,3441,130,3311,USD,
S001181,2026-05-06,P011112,capture,15716,486,15230,USD,
S001187,2026-05-06,P013399,capture,7279,241,7038,USD,
S001188,2026-05-06,P001394,capture,24270,734,23536,USD,
S001189,2026-05-06,P011555,capture,43579,1294,42285,USD,
S001190,2026-05-06,P008170,capture,29900,897,29003,USD,
S001191,2026-05-06,P002572,capture,4803,169,4634,USD,
S001193,2026-05-06,P001322,capture,4440,159,4281,USD,
S001195,2026-05-06,P000520,capture,3511,132,3379,USD,
S001196,2026-05-06,P002529,capture,3345,127,3218,USD,
S001197,2026-05-06,P013382,capture,9722,312,9410,USD,
S001198,2026-05-06,P017241,capture,29715,892,28823,USD,
S001199,2026-05-06,P000059,capture,6146,208,5938,USD,
S001200,2026-05-06,P017799,capture,4344,156,4188,USD,
S001201,2026-05-06,P016393,capture,6774,226,6548,USD,
S001203,2026-05-06,P008006,capture,5428,187,5241,USD,
S001205,2026-05-06,P012272,capture,18747,574,18173,USD,
S001206,2026-05-06,P016442,capture,6901,230,6671,USD,
S001208,2026-05-06,P001660,capture,4515,161,4354,USD,
S001210,2026-05-06,P016128,capture,5293,183,5110,USD,
S001213,2026-05-06,P003170,capture,7693,253,7440,USD,
S001214,2026-05-06,P013534,capture,3278,125,3153,USD,
S001215,2026-05-06,P001904,capture,3287,125,3162,USD,
S001216,2026-05-06,P019679,capture,3933,144,3789,USD,
S001217,2026-05-06,P005537,capture,3533,132,3401,USD,
S001219,2026-05-06,P011817,capture,6771,226,6545,USD,
S001220,2026-05-06,P001374,capture,15248,472,14776,USD,
S001222,2026-05-06,P012987,capture,3602,134,3468,USD,
S001223,2026-05-06,P002750,capture,2275,96,2179,USD,
S001224,2026-05-06,P006572,capture,2556,104,2452,USD,
S001227,2026-05-06,P015752,capture,5140,179,4961,USD,
S001228,2026-05-06,P014310,capture,5739,196,5543,USD,
S001229,2026-05-06,P017531,capture,14838,460,14378,USD,
S001230,2026-05-06,P015389,capture,5141,179,4962,USD,
S001232,2026-05-06,P004974,capture,3996,146,3850,USD,
S001234,2026-05-06,P005387,capture,10976,348,10628,USD,
S001236,2026-05-06,P001973,capture,3144,121,3023,USD,
S001237,2026-05-06,P013231,capture,12771,400,12371,USD,
S001241,2026-05-06,P017822,capture,7702,253,7449,USD,
S001242,2026-05-06,P014866,capture,2553,104,2449,USD,
S001246,2026-05-06,P017024,capture,2605,106,2499,USD,
S001247,2026-05-06,P019184,capture,3701,137,3564,USD,
S001249,2026-05-06,P000948,capture,4938,173,4765,USD,
S001251,2026-05-06,P000810,capture,1867,84,1783,USD,
S001252,2026-05-06,P005973,capture,3308,126,3182,USD,
S001253,2026-05-06,P010367,capture,8438,275,8163,USD,
S001254,2026-05-06,P017948,capture,3067,119,2948,USD,
S001255,2026-05-06,P007954,capture,2829,112,2717,USD,
S001256,2026-05-06,P010490,capture,4540,162,4378,USD,
S001257,2026-05-06,P006788,capture,4332,156,4176,USD,
S001258,2026-05-06,P014699,capture,3377,128,3249,USD,
S001259,2026-05-06,P019513,capture,5570,192,5378,USD,
S001260,2026-05-06,P003589,capture,19083,583,18500,USD,
S001263,2026-05-06,P007148,capture,28125,846,27279,USD,
S001264,2026-05-06,P011294,capture,2207,94,2113,USD,
S001266,2026-05-06,P003667,capture,790,53,737,USD,
S001268,2026-05-06,P008322,capture,4063,148,3915,USD,
S001270,2026-05-06,P015754,capture,8366,273,8093,USD,
S001274,2026-05-06,P004542,capture,14403,448,13955,USD,
S001276,2026-05-06,P009361,capture,10520,335,10185,USD,
S001277,2026-05-06,P008102,capture,1609,77,1532,USD,
S001281,2026-05-06,P014083,capture,3483,131,3352,USD,
S001282,2026-05-06,P000239,capture,3197,123,3074,USD,
S001283,2026-05-06,P013266,capture,2886,114,2772,USD,
S001284,2026-05-06,P007961,capture,11154,353,10801,USD,
S001285,2026-05-06,P001707,capture,6639,223,6416,USD,
S001287,2026-05-06,P012579,capture,3375,128,3247,USD,
S001288,2026-05-06,P014471,capture,1973,87,1886,USD,
S001289,2026-05-06,P010156,capture,1513,74,1439,USD,
S001290,2026-05-06,P017529,capture,4407,158,4249,USD,
S001291,2026-05-06,P008892,capture,3811,141,3670,USD,
S001293,2026-05-06,P002562,capture,3855,142,3713,USD,
S001294,2026-05-06,P000524,capture,6339,214,6125,USD,
S001295,2026-05-06,P016512,capture,5395,186,5209,USD,
S001296,2026-05-06,P014075,capture,6543,220,6323,USD,
S001297,2026-05-06,P011329,capture,809,53,756,USD,
S001298,2026-05-06,P014172,capture,5626,193,5433,USD,
S001299,2026-05-06,P014347,capture,8141,266,7875,USD,
S001302,2026-05-06,P014586,capture,10122,324,9798,USD,
S001304,2026-05-06,P006816,capture,6615,222,6393,USD,
S001305,2026-05-06,P016155,capture,4872,171,4701,USD,
S001307,2026-05-06,P009563,capture,4899,172,4727,USD,
S001309,2026-05-06,P006696,capture,2160,93,2067,USD,
S001310,2026-05-06,P004953,capture,9617,309,9308,USD,
S001314,2026-05-06,P016466,capture,740,51,689,USD,
S001315,2026-05-06,P018278,capture,14422,448,13974,USD,
S001316,2026-05-06,P015367,capture,1410,71,1339,USD,
S001317,2026-05-06,P019868,capture,1754,81,1673,USD,
S001318,2026-05-06,P006255,capture,18879,577,18302,USD,
S001319,2026-05-06,P006694,capture,3875,142,3733,USD,
S001321,2026-05-06,P006241,capture,2595,105,2490,USD,
S001323,2026-05-06,P011990,capture,4838,170,4668,USD,
S001324,2026-05-06,P014582,capture,5476,189,5287,USD,
S001326,2026-05-06,P016752,capture,5092,178,4914,USD,
S001328,2026-05-06,P017112,capture,5588,192,5396,USD,
S001331,2026-05-06,P013549,capture,5811,199,5612,USD,
S001332,2026-05-06,P005042,capture,14482,450,14032,USD,
S001334,2026-05-06,P007016,capture,3886,143,3743,USD,
S001335,2026-05-06,P007905,capture,12724,399,12325,USD,
S001336,2026-05-06,P000985,capture,15120,468,14652,USD,
S001337,2026-05-06,P007370,capture,2638,107,2531,USD,
S001338,2026-05-06,P004627,capture,3910,143,3767,USD,
S001340,2026-05-06,P016868,capture,9716,312,9404,USD,
S001341,2026-05-06,P019659,capture,11202,355,10847,USD,
S001342,2026-05-06,P012202,capture,6020,205,5815,USD,
S001344,2026-05-06,P010930,capture,5493,189,5304,USD,
S001346,2026-05-06,P007048,capture,1641,78,1563,USD,
S001347,2026-05-06,P017510,capture,17748,545,17203,USD,
S001349,2026-05-06,P004179,capture,2219,94,2125,USD,
S001350,2026-05-06,P005899,capture,4455,159,4296,USD,
S001354,2026-05-06,P005062,capture,2929,115,2814,USD,
S001355,2026-05-06,P005306,capture,6234,211,6023,USD,
S001357,2026-05-06,P019306,capture,4859,171,4688,USD,
S001358,2026-05-06,P007214,capture,3904,143,3761,USD,
S001359,2026-05-06,P002735,capture,61814,1823,59991,USD,
S001360,2026-05-06,P014974,capture,8254,269,7985,USD,
S001363,2026-05-06,P004529,capture,5982,203,5779,USD,
S001364,2026-05-06,P002569,capture,2808,111,2697,USD,
S001365,2026-05-06,P008389,capture,2722,109,2613,USD,
S001366,2026-05-06,P013227,capture,3356,127,3229,USD,
S001368,2026-05-06,P018863,capture,2934,115,2819,USD,
S001369,2026-05-06,P008911,capture,2794,111,2683,USD,
S001370,2026-05-06,P014835,capture,16853,519,16334,USD,
S001371,2026-05-06,P014322,capture,2131,92,2039,USD,
S001372,2026-05-06,P006692,capture,10224,326,9898,USD,
S001373,2026-05-06,P011592,capture,1326,68,1258,USD,
S001374,2026-05-06,P015466,capture,15230,472,14758,USD,
S001375,2026-05-06,P000691,capture,10700,340,10360,USD,
S001376,2026-05-06,P002935,capture,4644,165,4479,USD,
S001378,2026-05-06,P015624,capture,1177,64,1113,USD,
S001379,2026-05-06,P012016,capture,8040,263,7777,USD,
S001380,2026-05-06,P016458,capture,3416,129,3287,USD,
S001381,2026-05-06,P010590,capture,5267,183,5084,USD,
S001382,2026-05-06,P011514,capture,37534,1118,36416,USD,
S001384,2026-05-06,P014294,capture,3545,133,3412,USD,
S001385,2026-05-06,P005525,capture,25115,758,24357,USD,
S001386,2026-05-06,P010828,capture,17999,552,17447,USD,
S001388,2026-05-06,P001405,capture,15175,470,14705,USD,
S001389,2026-05-06,P013645,capture,5219,181,5038,USD,
S001391,2026-05-06,P005930,capture,4237,153,4084,USD,
S001392,2026-05-06,P008220,capture,4058,148,3910,USD,
S001393,2026-05-06,P015558,capture,10441,333,10108,USD,
S001394,2026-05-06,P000332,capture,1733,80,1653,USD,
S001395,2026-05-06,P011855,capture,10683,340,10343,USD,
S001396,2026-05-06,P010222,capture,17681,543,17138,USD,
S001397,2026-05-06,P007071,capture,2574,105,2469,USD,
S001400,2026-05-06,P005225,capture,766,52,714,USD,
S001402,2026-05-06,P015463,capture,12106,381,11725,USD,
S001404,2026-05-06,P018845,capture,11500,364,11136,USD,
S001406,2026-05-06,P002267,capture,5218,181,5037,USD,
S001408,2026-05-06,P018398,capture,8135,266,7869,USD,
S001409,2026-05-06,P019699,capture,30573,917,29656,USD,
S001410,2026-05-06,P008128,capture,1078,61,1017,USD,
S001411,2026-05-06,P002696,capture,2090,91,1999,USD,
S001412,2026-05-06,P004911,capture,18289,560,17729,USD,
S001416,2026-05-06,P001124,capture,3462,130,3332,USD,
S001418,2026-05-06,P005542,capture,6243,211,6032,USD,
S001419,2026-05-06,P013664,capture,4629,164,4465,USD,
S001420,2026-05-06,P012344,capture,1936,86,1850,USD,
S001421,2026-05-06,P007248,capture,22623,686,21937,USD,
S001425,2026-05-06,P003334,capture,6036,205,5831,USD,
S001426,2026-05-06,P016664,capture,1725,80,1645,USD,
S001428,2026-05-06,P017283,capture,6188,209,5979,USD,
S001429,2026-05-06,P017542,capture,5879,200,5679,USD,
S001430,2026-05-06,P016790,capture,2400,100,2300,USD,
S001431,2026-05-06,P014461,capture,10811,344,10467,USD,
S001432,2026-05-06,P000381,capture,2247,95,2152,USD,
S001434,2026-05-06,P006101,capture,3509,132,3377,USD,
S001436,2026-05-06,P005339,capture,26310,793,25517,USD,
S001437,2026-05-06,P016388,capture,15633,483,15150,USD,
S001438,2026-05-06,P002899,capture,1592,76,1516,USD,
S001439,2026-05-06,P008978,capture,1102,62,1040,USD,
S001441,2026-05-06,P006246,capture,15045,466,14579,USD,
S001442,2026-05-06,P017832,capture,7392,244,7148,USD,
S001444,2026-05-06,P002406,capture,9997,320,9677,USD,
S001446,2026-05-06,P014103,capture,3360,127,3233,USD,
S001447,2026-05-06,P017789,capture,3537,133,3404,USD,
S001449,2026-05-06,P010129,capture,5790,198,5592,USD,
S001450,2026-05-06,P001684,capture,2045,89,1956,USD,
S001451,2026-05-06,P006591,capture,18019,553,17466,USD,
S001453,2026-05-06,P009040,capture,6267,212,6055,USD,
S001454,2026-05-06,P017015,capture,15008,465,14543,USD,
S001455,2026-05-06,P009177,capture,12239,386,11853,EUR,converted at 1.0961
S001458,2026-05-06,P010162,capture,2021,89,1932,USD,
S001459,2026-05-06,P008218,capture,3341,127,3214,USD,
S001461,2026-05-06,P004553,capture,986,59,927,USD,
S001462,2026-05-06,P009908,capture,2228,95,2133,USD,
S001463,2026-05-06,P009196,capture,694,50,644,USD,
S001464,2026-05-06,P017705,capture,3415,129,3286,USD,
S001465,2026-05-06,P003305,capture,3182,122,3060,USD,
S001467,2026-05-06,P001883,capture,897,56,841,USD,
S001469,2026-05-06,P008945,capture,21004,639,20365,USD,
S001471,2026-05-06,P011239,capture,6215,210,6005,USD,
S001473,2026-05-06,P014214,capture,7914,260,7654,USD,
S001474,2026-05-06,P013939,capture,4465,159,4306,USD,
S001475,2026-05-06,P010566,capture,2961,116,2845,USD,
S001478,2026-05-06,P003921,capture,4020,147,3873,USD,
S001479,2026-05-06,P010479,capture,3036,118,2918,USD,
S001481,2026-05-06,P003030,capture,38291,1140,37151,USD,
S001482,2026-05-06,P001461,capture,4309,155,4154,USD,
S001484,2026-05-06,P017267,capture,10434,333,10101,USD,
S001486,2026-05-06,P012574,capture,5510,190,5320,USD,
S001487,2026-05-06,P009416,capture,1061,61,1000,USD,
S001488,2026-05-06,P003086,capture,3207,123,3084,USD,
S001489,2026-05-06,P007897,capture,3654,136,3518,USD,
S001490,2026-05-06,P011997,capture,1861,84,1777,USD,
S001491,2026-05-06,P003215,capture,2310,97,2213,USD,
S001492,2026-05-06,P007417,capture,11503,364,11139,USD,
S001493,2026-05-06,P018529,capture,5613,193,5420,USD,
S001494,2026-05-06,P003574,capture,6613,222,6391,USD,
S001496,2026-05-06,P018869,capture,2755,110,2645,USD,
S001499,2026-05-06,P019814,capture,12905,404,12501,USD,
S001500,2026-05-06,P017524,capture,1095,62,1033,USD,
S001501,2026-05-06,P002272,capture,2745,110,2635,USD,
S001502,2026-05-06,P001767,capture,21564,655,20909,USD,
S001503,2026-05-06,P008346,capture,25973,783,25190,USD,
S001504,2026-05-06,P018093,capture,16986,523,16463,USD,
S001506,2026-05-06,P016757,capture,22394,679,21715,USD,
S001507,2026-05-06,P012450,capture,1163,64,1099,USD,
S001509,2026-05-06,P016418,capture,8893,288,8605,USD,
S001510,2026-05-06,P018664,capture,4823,170,4653,USD,
S001511,2026-05-06,P012099,capture,1953,87,1866,USD,
S001512,2026-05-06,P005540,capture,3161,122,3039,USD,
S001513,2026-05-06,P014356,capture,13644,426,13218,USD,
S001514,2026-05-06,P014344,capture,4177,151,4026,USD,
S001515,2026-05-06,P009947,capture,2709,109,2600,USD,
S001517,2026-05-06,P015318,capture,19151,585,18566,USD,
S001519,2026-05-06,P014617,capture,1311,68,1243,USD,
S001521,2026-05-06,P006924,capture,9714,312,9402,USD,
S001524,2026-05-06,P014705,capture,3660,136,3524,USD,
S001525,2026-05-06,P017364,capture,6894,230,6664,USD,
S001526,2026-05-06,P016469,capture,6548,220,6328,USD,
S001528,2026-05-06,P002646,capture,5186,180,5006,USD,
S001530,2026-05-06,P014166,capture,4688,166,4522,USD,
S001531,2026-05-06,P010826,capture,10140,324,9816,USD,
S001532,2026-05-06,P014678,capture,3897,143,3754,USD,
S001533,2026-05-06,P007363,capture,4379,157,4222,USD,
S001534,2026-05-06,P019363,capture,3093,120,2973,USD,
S001536,2026-05-06,P005662,capture,5394,186,5208,USD,
S001538,2026-05-06,P016644,capture,9077,293,8784,USD,
S001539,2026-05-06,P015275,capture,1603,76,1527,USD,
S001540,2026-05-06,P017734,capture,2971,116,2855,USD,
S001541,2026-05-06,P017827,capture,12629,396,12233,USD,
S001542,2026-05-06,P007948,capture,4665,165,4500,USD,
S001543,2026-05-06,P017393,capture,16660,513,16147,USD,
S001544,2026-05-06,P003101,capture,5798,198,5600,USD,
S001546,2026-05-06,P003875,capture,10666,339,10327,USD,
S001547,2026-05-06,P007650,capture,20249,617,19632,USD,
S001552,2026-05-06,P012014,capture,3981,145,3836,USD,
S001554,2026-05-06,P006605,capture,5574,192,5382,USD,
S001556,2026-05-06,P008616,capture,8124,266,7858,USD,
S001558,2026-05-06,P003472,capture,4067,148,3919,USD,
S001559,2026-05-06,P019897,capture,4264,154,4110,USD,
S001563,2026-05-06,P002160,capture,2127,92,2035,USD,
S001568,2026-05-06,P017504,capture,2824,112,2712,USD,
S001570,2026-05-06,P008758,capture,9419,303,9116,USD,
S001571,2026-05-06,P007055,capture,1453,72,1381,USD,
S001572,2026-05-06,P012826,capture,1219,65,1154,USD,
S001574,2026-05-06,P000413,capture,3805,140,3665,USD,
S001575,2026-05-06,P001415,capture,1225,66,1159,USD,
S001576,2026-05-06,P015849,capture,3811,141,3670,USD,
S001579,2026-05-06,P016982,capture,1822,83,1739,USD,
S001580,2026-05-06,P010853,capture,2301,97,2204,USD,
S001581,2026-05-06,P017131,capture,2483,102,2381,USD,
S001582,2026-05-06,P012434,capture,19321,590,18731,USD,
S001583,2026-05-06,P016104,capture,3201,123,3078,USD,
S001584,2026-05-06,P006358,capture,7946,260,7686,USD,
S001586,2026-05-06,P016310,capture,1760,81,1679,USD,
S001587,2026-05-06,P010247,capture,9744,313,9431,USD,
S001588,2026-05-06,P008031,capture,3680,137,3543,USD,
S001589,2026-05-06,P004377,capture,11914,376,11538,USD,
S001594,2026-05-06,P015770,capture,6112,207,5905,USD,
S001595,2026-05-06,P014994,capture,3673,137,3536,USD,
S001597,2026-05-06,P018558,capture,4828,170,4658,USD,
S001601,2026-05-06,P015874,capture,12080,380,11700,USD,
S001602,2026-05-06,P001948,capture,3136,121,3015,USD,
S001604,2026-05-06,P019312,capture,10102,323,9779,USD,
S001605,2026-05-06,P008569,capture,7955,261,7694,USD,
S001606,2026-05-06,P009298,capture,1517,74,1443,USD,
S001608,2026-05-06,P004380,capture,6773,226,6547,USD,
S001609,2026-05-06,P011423,capture,3892,143,3749,USD,
S001611,2026-05-06,P000836,capture,17029,524,16505,USD,
S001613,2026-05-06,P018217,capture,12017,378,11639,USD,
S001614,2026-05-06,P012593,capture,7588,250,7338,USD,
S001616,2026-05-06,P011891,capture,4942,173,4769,USD,
S001617,2026-05-06,P000045,capture,2410,100,2310,USD,
S001618,2026-05-06,P005955,capture,5415,187,5228,USD,
S001619,2026-05-06,P011004,capture,26726,805,25921,USD,
S001620,2026-05-06,P002285,capture,3265,125,3140,USD,
S001621,2026-05-06,P015396,capture,4386,157,4229,USD,
S001622,2026-05-06,P017432,capture,11337,359,10978,USD,
S001624,2026-05-06,P008442,capture,14743,458,14285,USD,
S001625,2026-05-06,P009263,capture,1100,62,1038,USD,
S001627,2026-05-06,P001765,capture,2898,114,2784,USD,
S001628,2026-05-06,P001628,capture,21733,660,21073,USD,
S001629,2026-05-06,P010874,capture,2385,99,2286,USD,
S001631,2026-05-06,P000286,capture,860,55,805,USD,
S001633,2026-05-06,P014339,capture,29300,880,28420,USD,
S001635,2026-05-06,P018965,capture,878,55,823,USD,
S001638,2026-05-06,P012709,capture,4731,167,4564,USD,
S001640,2026-05-06,P005290,capture,15235,472,14763,USD,
S001641,2026-05-06,P009280,capture,9749,313,9436,USD,
S001642,2026-05-06,P006659,capture,5293,183,5110,USD,
S001643,2026-05-06,P001037,capture,18235,559,17676,USD,
S001644,2026-05-06,P008641,capture,4823,170,4653,USD,
S001645,2026-05-06,P017520,capture,12198,384,11814,USD,
S001646,2026-05-06,P015869,capture,26957,812,26145,USD,
S001647,2026-05-06,P004202,capture,19370,592,18778,USD,
S001648,2026-05-06,P000103,capture,1545,75,1470,USD,
S001649,2026-05-06,P019776,capture,4004,146,3858,USD,
S001651,2026-05-06,P019509,capture,8124,266,7858,USD,
S001653,2026-05-06,P008271,capture,4254,153,4101,USD,
S001654,2026-05-06,P008704,capture,24464,739,23725,USD,
S001655,2026-05-06,P003505,capture,4824,170,4654,USD,
S001658,2026-05-06,P005166,capture,5707,196,5511,USD,
S001659,2026-05-06,P009720,capture,2413,100,2313,USD,
S001660,2026-05-06,P009157,capture,3333,127,3206,USD,
S001661,2026-05-06,P001534,capture,4380,157,4223,USD,
S001662,2026-05-06,P005500,capture,4566,162,4404,USD,
S001663,2026-05-06,P019858,capture,1285,67,1218,USD,
S001664,2026-05-06,P004031,capture,7123,237,6886,USD,
S001666,2026-05-06,P003290,capture,11172,354,10818,USD,
S001667,2026-05-06,P019140,capture,6813,228,6585,USD,
S001670,2026-05-06,P011050,capture,10691,340,10351,USD,
S001671,2026-05-06,P019757,capture,15337,475,14862,USD,
S001673,2026-05-06,P009164,capture,5975,203,5772,USD,
S001677,2026-05-06,P011451,capture,10329,330,9999,USD,
S001678,2026-05-06,P016086,capture,1697,79,1618,USD,
S001679,2026-05-06,P001875,capture,1048,60,988,USD,
S001681,2026-05-06,P010207,capture,1654,78,1576,USD,
S001682,2026-05-06,P001395,capture,11976,377,11599,USD,
S001686,2026-05-06,P003804,capture,13511,422,13089,USD,
S001689,2026-05-06,P012722,capture,7073,235,6838,USD,
S001690,2026-05-06,P006985,capture,8600,279,8321,USD,
S001692,2026-05-06,P012716,capture,2848,113,2735,USD,
S001693,2026-05-06,P004923,capture,12925,405,12520,USD,
S001694,2026-05-06,P000363,capture,21864,664,21200,USD,
S001695,2026-05-06,P011865,capture,6638,223,6415,USD,
S001697,2026-05-06,P008093,capture,4384,157,4227,USD,
S001698,2026-05-06,P019904,capture,5510,190,5320,USD,
S001700,2026-05-06,P014003,capture,1108,62,1046,USD,
S001703,2026-05-06,P016631,capture,6619,222,6397,USD,
S001707,2026-05-06,P004640,capture,3465,130,3335,USD,
S001708,2026-05-06,P017152,capture,8528,277,8251,USD,
S001709,2026-05-06,P011720,capture,8716,283,8433,USD,
S001711,2026-05-06,P002145,capture,2843,112,2731,USD,
S001713,2026-05-06,P013207,capture,2048,89,1959,USD,
S001715,2026-05-06,P003242,capture,15453,478,14975,USD,
S001717,2026-05-06,P014250,capture,4314,154,4160,EUR,converted at 1.0961
S001718,2026-05-06,P014370,capture,7417,245,7172,USD,
S001719,2026-05-06,P004241,capture,2635,106,2529,USD,
S001722,2026-05-06,P019745,capture,599,47,552,USD,
S001725,2026-05-06,P000839,capture,21845,664,21181,USD,
S001726,2026-05-06,P018379,capture,9934,318,9616,USD,
S001727,2026-05-06,P019545,capture,7832,257,7575,USD,
S001728,2026-05-06,P015966,capture,3535,133,3402,USD,
S001731,2026-05-06,P008327,capture,2070,90,1980,USD,
S001732,2026-05-06,P006071,capture,2604,106,2498,USD,
S001733,2026-05-06,P011756,capture,42696,1268,41428,USD,
S001735,2026-05-06,P011067,capture,10205,326,9879,USD,
S001736,2026-05-06,P014472,capture,9817,315,9502,USD,
S001738,2026-05-06,P012416,capture,9490,305,9185,USD,
S001741,2026-05-06,P019822,capture,4374,157,4217,USD,
S001742,2026-05-06,P018269,capture,5491,189,5302,USD,
S001744,2026-05-06,P019156,capture,1427,71,1356,USD,
S001745,2026-05-06,P007591,capture,13273,415,12858,USD,
S001747,2026-05-06,P012129,capture,2660,107,2553,USD,
S001749,2026-05-06,P006322,capture,3768,139,3629,USD,
S001751,2026-05-06,P008515,capture,9265,299,8966,USD,
S001752,2026-05-06,P013052,capture,7894,259,7635,USD,
S001753,2026-05-06,P009660,capture,2887,114,2773,USD,
S001754,2026-05-06,P002059,capture,6398,216,6182,USD,
S001755,2026-05-06,P007410,capture,7426,246,7180,EUR,converted at 1.0961
S001759,2026-05-06,P017870,capture,7023,234,6789,USD,
S001760,2026-05-06,P016602,capture,7455,246,7209,USD,
S001761,2026-05-06,P006753,capture,2815,112,2703,USD,
S001762,2026-05-06,P003032,capture,11375,360,11015,USD,
S001764,2026-05-06,P007450,capture,5912,201,5711,USD,
S001766,2026-05-06,P002806,capture,10423,332,10091,USD,
S001767,2026-05-06,P015390,capture,1799,82,1717,USD,
S001768,2026-05-06,P000278,capture,1043,60,983,USD,
S001769,2026-05-06,P017777,capture,3976,145,3831,USD,
S001770,2026-05-06,P001876,capture,3240,124,3116,USD,
S001771,2026-05-06,P004248,capture,5474,189,5285,USD,
S001772,2026-05-06,P000573,capture,3644,136,3508,USD,
S001778,2026-05-06,P011889,capture,3426,129,3297,USD,
S001779,2026-05-06,P003426,capture,2571,105,2466,USD,
S001780,2026-05-06,P016085,capture,6485,218,6267,USD,
S001781,2026-05-06,P008169,capture,11527,364,11163,USD,
S001782,2026-05-06,P003732,capture,23346,707,22639,USD,
S001783,2026-05-06,P006460,capture,14311,445,13866,USD,
S001786,2026-05-06,P016222,capture,7926,260,7666,USD,
S001788,2026-05-06,P001704,capture,7385,244,7141,USD,
S001790,2026-05-06,P003756,capture,8932,289,8643,USD,
S001791,2026-05-06,P012484,capture,30424,912,29512,USD,
S001792,2026-05-06,P004546,capture,3716,138,3578,USD,
S001793,2026-05-06,P003163,capture,14686,456,14230,USD,
S001794,2026-05-06,P000895,capture,12796,401,12395,USD,
S001796,2026-05-06,P014141,capture,6533,219,6314,USD,
S001797,2026-05-06,P018314,capture,8886,288,8598,USD,
S001799,2026-05-06,P001492,capture,3653,136,3517,USD,
S001801,2026-05-06,P018422,capture,15370,476,14894,USD,
S001805,2026-05-06,P003581,capture,7069,235,6834,USD,
S001806,2026-05-06,P015352,capture,2015,88,1927,USD,
S001807,2026-05-06,P003584,capture,3183,122,3061,USD,
S001810,2026-05-06,P005012,capture,17713,544,17169,USD,
S001811,2026-05-06,P008783,capture,6100,207,5893,USD,
S001814,2026-05-06,P011244,capture,2151,92,2059,USD,
S001815,2026-05-06,P006708,capture,9840,315,9525,USD,
S001816,2026-05-06,P014360,capture,328,40,288,USD,
S001817,2026-05-06,P011759,capture,995,59,936,USD,
S001818,2026-05-06,P007394,capture,6391,215,6176,USD,
S001819,2026-05-06,P010832,capture,6352,214,6138,USD,
S001822,2026-05-06,P016988,capture,7057,235,6822,USD,
S001823,2026-05-06,P006383,capture,4736,167,4569,USD,
S001824,2026-05-06,P000200,capture,8486,276,8210,USD,
S001826,2026-05-06,P006477,capture,7027,234,6793,USD,
S001829,2026-05-06,P004255,capture,875,55,820,USD,
S001830,2026-05-06,P000745,capture,4180,151,4029,USD,
S001832,2026-05-06,P010412,capture,3825,141,3684,USD,
S001833,2026-05-06,P012889,capture,1078,61,1017,USD,
S001834,2026-05-06,P010142,capture,9354,301,9053,USD,
S001837,2026-05-06,P017687,capture,1502,74,1428,USD,
S001839,2026-05-06,P010103,capture,8170,267,7903,USD,
S001841,2026-05-06,P005399,capture,7931,260,7671,USD,
S001842,2026-05-06,P012405,capture,3271,125,3146,USD,
S001843,2026-05-06,P006344,capture,1003,59,944,USD,
S001844,2026-05-06,P018572,capture,5907,201,5706,USD,
S001845,2026-05-06,P000159,capture,2423,100,2323,USD,
S001847,2026-05-06,P008701,capture,1854,84,1770,USD,
S001848,2026-05-06,P012482,capture,22265,676,21589,USD,
S001851,2026-05-06,P004386,capture,8793,285,8508,USD,
S001852,2026-05-06,P001349,capture,2589,105,2484,USD,
S001853,2026-05-06,P008160,capture,8523,277,8246,USD,
S001854,2026-05-06,P018163,capture,3191,123,3068,USD,
S001855,2026-05-06,P010060,capture,30067,902,29165,USD,
S001856,2026-05-06,P015653,capture,2154,92,2062,USD,
S001857,2026-05-06,P011588,capture,5502,190,5312,USD,
S001860,2026-05-06,P015579,capture,15177,469,14708,EUR,converted at 1.0961
S001863,2026-05-06,P008901,capture,3526,132,3394,USD,
S001864,2026-05-06,P004311,capture,1070,61,1009,USD,
S001865,2026-05-06,P017314,capture,3430,129,3301,USD,
S001866,2026-05-06,P006563,capture,4165,151,4014,USD,
S001868,2026-05-06,P017023,capture,2762,110,2652,USD,
S001869,2026-05-06,P019714,capture,5047,176,4871,USD,
S001870,2026-05-06,P011630,capture,8053,264,7789,USD,
S001873,2026-05-06,P018765,capture,5028,176,4852,USD,
S001874,2026-05-06,P017945,capture,14646,455,14191,USD,
S001875,2026-05-06,P009864,capture,2453,101,2352,USD,
S001877,2026-05-06,P005432,capture,12932,404,12528,EUR,converted at 1.0961
S001879,2026-05-06,P008159,capture,9676,311,9365,USD,
S001881,2026-05-06,P016179,capture,5666,194,5472,USD,
S001882,2026-05-06,P018914,capture,572,47,525,USD,
S001884,2026-05-06,P002670,capture,9072,293,8779,USD,
S001885,2026-05-06,P008315,capture,1634,77,1557,USD,
S001887,2026-05-06,P015483,capture,25518,770,24748,USD,
S001889,2026-05-06,P006172,capture,7003,233,6770,USD,
S001890,2026-05-06,P002934,capture,11473,363,11110,USD,
S001892,2026-05-06,P011753,capture,15691,485,15206,USD,
S001893,2026-05-06,P002236,capture,6699,224,6475,USD,
S001894,2026-05-06,P007960,capture,14253,443,13810,USD,
S001896,2026-05-06,P013420,capture,8186,267,7919,USD,
S001903,2026-05-06,P004856,capture,3818,141,3677,USD,
S001904,2026-05-06,P000639,capture,11259,357,10902,USD,
S001905,2026-05-06,P013595,capture,30774,922,29852,USD,
S001906,2026-05-06,P019712,capture,3194,123,3071,USD,
S001910,2026-05-06,P011393,capture,10233,327,9906,USD,
S001912,2026-05-06,P015218,capture,9634,309,9325,USD,
S001913,2026-05-06,P006942,capture,13437,420,13017,USD,
S001915,2026-05-06,P019850,capture,4848,171,4677,USD,
S001917,2026-05-06,P014495,capture,6259,212,6047,USD,
S001918,2026-05-06,P017897,capture,65743,1937,63806,USD,
S001919,2026-05-06,P018085,capture,2900,114,2786,USD,
S001920,2026-05-06,P015497,capture,11901,375,11526,USD,
S001921,2026-05-06,P018097,capture,4043,147,3896,USD,
S001925,2026-05-06,P011454,capture,2142,92,2050,USD,
S001926,2026-05-06,P005470,capture,18334,562,17772,USD,
S001927,2026-05-06,P003052,capture,12590,395,12195,USD,
S001929,2026-05-06,P001093,capture,5828,199,5629,USD,
S001930,2026-05-06,P016385,capture,1225,66,1159,USD,
S001932,2026-05-06,P007379,capture,5136,179,4957,USD,
S001933,2026-05-06,P003662,capture,1075,61,1014,USD,
S001934,2026-05-06,P016063,capture,2327,97,2230,USD,
S001937,2026-05-06,P008872,capture,29305,880,28425,USD,
S001938,2026-05-06,P015332,capture,8714,283,8431,USD,
S001940,2026-05-06,P000853,capture,5986,204,5782,USD,
S001941,2026-05-06,P003795,capture,1307,68,1239,USD,
S001943,2026-05-06,P004306,capture,5359,185,5174,USD,
S001944,2026-05-06,P004591,capture,3721,138,3583,USD,
S001945,2026-05-06,P018079,capture,1846,84,1762,USD,
S001947,2026-05-06,P003763,capture,2813,112,2701,USD,
S001948,2026-05-06,P001961,capture,11818,373,11445,USD,
S001949,2026-05-06,P019632,capture,14074,438,13636,USD,
S001950,2026-05-06,P015686,capture,8869,287,8582,USD,
S001953,2026-05-06,P018642,capture,17159,528,16631,USD,
S001954,2026-05-06,P004644,capture,4739,167,4572,USD,
S001957,2026-05-06,P006645,capture,65243,1922,63321,USD,
S001958,2026-05-06,P005099,capture,2749,121,2628,USD,
S001959,2026-05-06,P018752,capture,4208,152,4056,USD,
S001960,2026-05-06,P002744,capture,15119,468,14651,USD,
S001964,2026-05-06,P018621,capture,7761,255,7506,USD,
S001967,2026-05-06,P013767,capture,18147,556,17591,USD,
S001969,2026-05-06,P013753,capture,7210,239,6971,USD,
S001972,2026-05-06,P007320,capture,2499,102,2397,USD,
S001974,2026-05-06,P004807,capture,4459,159,4300,USD,
S001975,2026-05-06,P002361,capture,8110,265,7845,USD,
S001976,2026-05-06,P014331,capture,7556,249,7307,USD,
S001977,2026-05-06,P000558,capture,9156,296,8860,USD,
S001978,2026-05-06,P007316,capture,31994,958,31036,USD,
S001979,2026-05-06,P015859,capture,5210,181,5029,USD,
S001981,2026-05-06,P011578,capture,6619,222,6397,USD,
S001982,2026-05-06,P003834,capture,12139,382,11757,USD,
S001983,2026-05-06,P018034,capture,7932,260,7672,USD,
S001985,2026-05-06,P015596,capture,11213,355,10858,USD,
S001987,2026-05-06,P019642,capture,2362,98,2264,USD,
S001989,2026-05-06,P002332,capture,1175,64,1111,USD,
S001990,2026-05-06,P011232,capture,5513,190,5323,USD,
S001992,2026-05-06,P009025,capture,5139,179,4960,USD,
S001994,2026-05-06,P009873,capture,2597,145,2452,USD,
S001996,2026-05-06,P007145,capture,6986,233,6753,USD,
S001997,2026-05-06,P005314,capture,2837,112,2725,USD,
S001998,2026-05-06,P007301,capture,2974,116,2858,USD,
S002000,2026-05-06,P013041,capture,5821,199,5622,USD,
S002002,2026-05-06,P010612,capture,1272,67,1205,USD,
S002004,2026-05-06,P000867,capture,4765,168,4597,USD,
S002005,2026-05-06,P016453,capture,4290,154,4136,USD,
S002006,2026-05-06,P004979,capture,3269,125,3144,USD,
S002007,2026-05-06,P019607,capture,12085,380,11705,USD,
S002008,2026-05-06,P000317,capture,766,52,714,USD,
S002009,2026-05-06,P007318,capture,3351,127,3224,USD,
S002010,2026-05-06,P015455,capture,13425,419,13006,USD,
S002011,2026-05-06,P007310,capture,3637,135,3502,USD,
S002012,2026-05-06,P002594,capture,4781,169,4612,USD,
S002013,2026-05-06,P006547,capture,3321,126,3195,USD,
S002015,2026-05-06,P015432,capture,4053,148,3905,USD,
S002016,2026-05-06,P013128,capture,2625,106,2519,USD,
S002017,2026-05-06,P013613,capture,20397,622,19775,USD,
S002018,2026-05-06,P018844,capture,2611,106,2505,USD,
S002019,2026-05-06,P017487,capture,27042,814,26228,USD,
S002020,2026-05-06,P005514,capture,41592,1236,40356,USD,
S002023,2026-05-06,P012303,capture,17718,544,17174,USD,
S002025,2026-05-06,P017092,capture,6321,213,6108,USD,
S002026,2026-05-06,P006248,capture,16228,501,15727,USD,
S002027,2026-05-06,P013913,capture,11272,357,10915,USD,
S002028,2026-05-06,P014702,capture,2522,103,2419,USD,
S002029,2026-05-06,P005600,capture,7417,245,7172,USD,
S002031,2026-05-06,P011375,capture,9922,318,9604,USD,
S002032,2026-05-06,P018286,capture,1472,73,1399,USD,
S002034,2026-05-06,P006956,capture,9153,295,8858,USD,
S002035,2026-05-06,P016007,capture,8591,279,8312,USD,
S002036,2026-05-06,P004551,capture,3167,122,3045,USD,
S002039,2026-05-06,P002939,capture,7170,238,6932,USD,
S002040,2026-05-06,P008188,capture,14856,461,14395,USD,
S002042,2026-05-06,P003979,capture,9191,297,8894,USD,
S002043,2026-05-06,P009874,capture,6446,217,6229,USD,
S002044,2026-05-06,P017576,capture,3990,146,3844,USD,
S002045,2026-05-06,P004387,capture,1953,87,1866,USD,
S002047,2026-05-06,P016060,refund,-7246,0,-7246,USD,
S002048,2026-05-06,P013365,capture,1349,69,1280,USD,
S002050,2026-05-06,P011337,capture,2223,94,2129,USD,
S002051,2026-05-06,P013567,capture,7754,255,7499,USD,
S002052,2026-05-06,P000680,capture,20126,614,19512,USD,
S002053,2026-05-06,P004590,capture,16654,513,16141,USD,
S002055,2026-05-06,P019698,capture,5412,187,5225,USD,
S002056,2026-05-06,P017366,capture,6052,206,5846,USD,
S002057,2026-05-06,P018081,capture,10750,342,10408,USD,
S002060,2026-05-06,P006815,capture,7744,255,7489,USD,
S002062,2026-05-06,P009288,capture,11815,373,11442,USD,
S002063,2026-05-06,P012142,capture,2292,96,2196,USD,
S002064,2026-05-06,P013703,capture,25979,783,25196,USD,
S002066,2026-05-06,P004743,capture,1919,86,1833,USD,
S002067,2026-05-06,P002607,capture,27581,830,26751,USD,
S002069,2026-05-06,P014241,capture,8303,311,7992,USD,
S002071,2026-05-06,P015565,capture,8788,285,8503,USD,
S002073,2026-05-06,P002508,capture,4234,153,4081,USD,
S002077,2026-05-06,P007067,capture,6749,226,6523,USD,
S002080,2026-05-06,P000556,capture,6982,232,6750,USD,
S002082,2026-05-06,P016475,capture,1940,86,1854,USD,
S002084,2026-05-06,P018094,capture,4749,168,4581,USD,
S002085,2026-05-06,P007578,capture,12503,393,12110,USD,
S002086,2026-05-06,P003100,capture,4106,149,3957,USD,
S002087,2026-05-06,P016871,capture,5413,187,5226,USD,
S002088,2026-05-06,P000464,capture,1344,69,1275,USD,
S002090,2026-05-06,P004292,capture,10739,341,10398,USD,
S002092,2026-05-06,P011362,capture,10932,347,10585,USD,
S002093,2026-05-06,P001030,capture,8322,271,8051,USD,
S002094,2026-05-06,P007183,capture,14780,459,14321,USD,
S002095,2026-05-06,P002203,capture,7812,257,7555,USD,
S002096,2026-05-06,P008858,capture,14108,439,13669,USD,
S002097,2026-05-06,P006868,capture,6086,206,5880,USD,
S002098,2026-05-06,P011582,capture,47133,1397,45736,USD,
S002099,2026-05-06,P001020,capture,1239,66,1173,USD,
S002100,2026-05-06,P004993,capture,3111,108,3003,USD,
S002103,2026-05-06,P019338,capture,3937,144,3793,USD,
S002105,2026-05-06,P017553,capture,1717,80,1637,USD,
S002106,2026-05-06,P002532,capture,9752,313,9439,USD,
S002107,2026-05-06,P016110,capture,2919,115,2804,USD,
S002108,2026-05-06,P012217,capture,2219,94,2125,USD,
S002109,2026-05-06,P017440,capture,6477,218,6259,USD,
S002110,2026-05-06,P017347,capture,9986,320,9666,USD,
S002112,2026-05-06,P011755,capture,12723,399,12324,USD,
S002113,2026-05-06,P015066,capture,5641,194,5447,USD,
S002115,2026-05-06,P016332,capture,5081,177,4904,USD,
S002116,2026-05-06,P010345,capture,4098,149,3949,USD,
S002117,2026-05-06,P001014,capture,2216,94,2122,USD,
S002118,2026-05-06,P018566,capture,9276,299,8977,USD,
S002121,2026-05-06,P001007,capture,2725,109,2616,USD,
S002123,2026-05-06,P015338,capture,2008,88,1920,USD,
S002125,2026-05-06,P001526,capture,3699,137,3562,USD,
S002126,2026-05-06,P019281,capture,5613,193,5420,USD,
S002127,2026-05-06,P000888,capture,9821,315,9506,USD,
S002131,2026-05-06,P009680,capture,23691,717,22974,USD,
S002134,2026-05-06,P016203,capture,4484,160,4324,USD,
S002135,2026-05-06,P017704,capture,5978,203,5775,USD,
S002136,2026-05-06,P010852,capture,5441,188,5253,USD,
S002139,2026-05-06,P002008,capture,13365,418,12947,USD,
S002140,2026-05-06,P001813,capture,4633,164,4469,USD,
S002142,2026-05-06,P014106,capture,1531,74,1457,USD,
S002143,2026-05-06,P009056,capture,16338,504,15834,USD,
S002144,2026-05-06,P007732,capture,3636,135,3501,USD,
S002145,2026-05-06,P003873,capture,18206,558,17648,USD,
S002146,2026-05-06,P015539,capture,2731,109,2622,USD,
S002148,2026-05-06,P017851,capture,4750,168,4582,USD,
S002149,2026-05-06,P015233,capture,8253,269,7984,USD,
S002152,2026-05-06,P005917,capture,3598,134,3464,USD,
S002153,2026-05-06,P014660,capture,19341,591,18750,USD,
S002154,2026-05-06,P004118,capture,11620,367,11253,USD,
S002159,2026-05-06,P010084,capture,9940,318,9622,USD,
S002161,2026-05-06,P004801,capture,10159,325,9834,USD,
S002162,2026-05-06,P009925,capture,40836,1214,39622,USD,
S002164,2026-05-06,P008650,capture,1129,63,1066,USD,
S002166,2026-05-06,P013731,capture,5257,182,5075,USD,
S002167,2026-05-06,P004893,capture,6778,227,6551,USD,
S002170,2026-05-06,P000571,capture,21760,661,21099,USD,
S002171,2026-05-06,P003224,refund,-2094,0,-2094,USD,
S002172,2026-05-06,P019310,capture,6038,205,5833,USD,
S002174,2026-05-06,P014520,capture,2134,92,2042,USD,
S002175,2026-05-06,P004283,capture,5933,202,5731,USD,
S002177,2026-05-06,P002993,capture,7382,244,7138,USD,
S002179,2026-05-06,P016313,capture,11692,369,11323,USD,
S002183,2026-05-06,P000747,capture,2069,90,1979,USD,
S002184,2026-05-06,P003734,capture,33190,993,32197,USD,
S002187,2026-05-06,P019327,capture,4161,151,4010,USD,
S002188,2026-05-06,P018884,capture,1438,72,1366,USD,
S002189,2026-05-06,P004962,capture,4359,156,4203,USD,
S002190,2026-05-06,P000949,capture,4141,150,3991,USD,
S002191,2026-05-06,P001421,capture,5236,182,5054,USD,
S002192,2026-05-06,P003058,capture,11031,350,10681,USD,
S002193,2026-05-06,P010556,capture,10590,337,10253,USD,
S002196,2026-05-06,P012763,capture,12893,404,12489,USD,
S002197,2026-05-06,P009236,capture,3099,120,2979,USD,
S002200,2026-05-06,P000561,capture,3283,125,3158,USD,
S002201,2026-05-06,P005953,capture,4421,158,4263,USD,
S002205,2026-05-06,P012564,capture,4425,158,4267,USD,
S002207,2026-05-06,P004085,capture,866,55,811,USD,
S002208,2026-05-06,P000943,capture,5174,180,4994,USD,
S002209,2026-05-06,P007938,capture,8102,265,7837,USD,
S002210,2026-05-06,P003328,capture,3980,145,3835,USD,
S002211,2026-05-06,P010334,capture,1352,69,1283,USD,
S002213,2026-05-06,P016170,capture,6923,231,6692,USD,
S002214,2026-05-06,P011148,capture,4958,174,4784,USD,
S002217,2026-05-06,P015923,capture,32758,980,31778,USD,
S002218,2026-05-06,P007085,capture,6030,205,5825,USD,
S002219,2026-05-06,P005317,capture,6299,213,6086,USD,
S002220,2026-05-06,P011094,capture,13960,435,13525,USD,
S002221,2026-05-06,P016529,capture,1324,68,1256,USD,
S002222,2026-05-06,P016902,capture,3655,136,3519,USD,
S002225,2026-05-06,P017389,refund,-11691,0,-11691,USD,
S002226,2026-05-06,P009736,capture,15021,466,14555,USD,
S002227,2026-05-06,P000676,capture,5030,177,4853,EUR,converted at 1.0961
S002228,2026-05-06,P002609,capture,25503,770,24733,USD,
S002229,2026-05-06,P017282,capture,2306,97,2209,USD,
S002230,2026-05-06,P014811,capture,10458,333,10125,USD,
S002231,2026-05-06,P007270,capture,5052,177,4875,USD,
S002232,2026-05-06,P013877,capture,21029,640,20389,USD,
S002233,2026-05-06,P007095,capture,3689,137,3552,USD,
S002237,2026-05-06,P015461,capture,1883,85,1798,USD,
S002239,2026-05-06,P012912,capture,7541,249,7292,USD,
S002245,2026-05-06,P008622,capture,35327,1054,34273,USD,
S002250,2026-05-06,P001669,capture,6916,231,6685,USD,
S002252,2026-05-06,P002539,capture,1205,65,1140,USD,
S002253,2026-05-06,P010087,capture,4024,147,3877,USD,
S002254,2026-05-06,P012536,capture,5944,202,5742,USD,
S002255,2026-05-06,P010747,capture,25182,760,24422,USD,
S002256,2026-05-06,P005567,capture,17421,535,16886,USD,
S002257,2026-05-06,P008067,capture,12526,393,12133,USD,
S002259,2026-05-06,P004859,capture,2265,96,2169,USD,
S002260,2026-05-06,P000951,capture,10620,338,10282,USD,
S002261,2026-05-06,P014757,capture,8014,262,7752,USD,
S002262,2026-05-06,P003707,capture,5204,181,5023,USD,
S002263,2026-05-06,P007770,capture,9664,310,9354,USD,
S002264,2026-05-06,P003181,capture,8356,272,8084,USD,
S002267,2026-05-06,P000173,capture,15238,472,14766,USD,
S002268,2026-05-06,P014404,capture,5339,185,5154,USD,
S002271,2026-05-06,P013988,capture,11044,350,10694,USD,
S002272,2026-05-06,P017749,capture,1987,88,1899,USD,
S002276,2026-05-06,P003457,capture,8356,272,8084,USD,
S002277,2026-05-06,P018963,capture,11472,363,11109,USD,
S002278,2026-05-06,P002627,capture,5516,190,5326,USD,
S002279,2026-05-06,P016363,capture,15284,473,14811,USD,
S002281,2026-05-06,P019010,capture,7267,241,7026,USD,
S002282,2026-05-06,P001517,capture,17530,538,16992,USD,
S002283,2026-05-06,P018095,capture,3645,136,3509,USD,
S002284,2026-05-06,P012619,capture,3390,128,3262,USD,
S002285,2026-05-06,P002761,capture,5480,189,5291,USD,
S002286,2026-05-06,P007122,capture,3752,139,3613,USD,
S002287,2026-05-06,P012466,capture,5717,196,5521,USD,
S002289,2026-05-06,P013394,capture,4446,159,4287,USD,
S002291,2026-05-06,P015123,capture,547,46,501,USD,
S002296,2026-05-06,P003653,capture,8188,267,7921,USD,
S002297,2026-05-06,P014812,capture,2191,94,2097,USD,
S002299,2026-05-06,P003369,capture,6295,213,6082,USD,
S002301,2026-05-06,P017689,capture,17017,523,16494,USD,
S002302,2026-05-06,P007676,capture,1862,84,1778,USD,
S002306,2026-05-06,P009557,capture,841,54,787,USD,
S002308,2026-05-06,P013127,capture,7218,239,6979,USD,
S002309,2026-05-06,P010120,capture,2871,113,2758,USD,
S002311,2026-05-06,P004698,capture,4008,186,3822,USD,
S002313,2026-05-06,P014688,capture,4016,146,3870,USD,
S002314,2026-05-06,P001457,capture,1216,65,1151,USD,
S002315,2026-05-06,P013320,capture,18045,553,17492,USD,
S002317,2026-05-06,P013885,capture,10558,336,10222,USD,
S002319,2026-05-06,P005498,capture,9780,314,9466,USD,
S002321,2026-05-06,P012719,capture,2976,116,2860,USD,
S002322,2026-05-06,P015378,capture,7715,254,7461,USD,
S002325,2026-05-06,P011036,capture,1879,84,1795,USD,
S002326,2026-05-06,P000008,capture,3874,142,3732,USD,
S002327,2026-05-06,P012432,capture,3253,124,3129,USD,
S002330,2026-05-06,P018547,capture,3066,119,2947,USD,
S002331,2026-05-06,P017818,capture,24465,739,23726,USD,
S002332,2026-05-06,P000542,capture,5047,176,4871,USD,
S002334,2026-05-06,P007529,refund,-6505,0,-6505,USD,
S002336,2026-05-06,P012803,capture,10570,337,10233,USD,
S002338,2026-05-06,P004674,capture,11175,354,10821,USD,
S002341,2026-05-06,P016688,capture,8622,280,8342,USD,
S002342,2026-05-06,P019225,capture,6488,218,6270,USD,
S002344,2026-05-06,P015133,capture,2201,94,2107,USD,
S002345,2026-05-06,P001654,capture,6167,209,5958,USD,
S002346,2026-05-06,P015159,capture,24527,741,23786,USD,
S002347,2026-05-06,P016272,capture,1860,84,1776,USD,
S002348,2026-05-06,P005780,capture,5519,191,5328,EUR,converted at 1.0961
S002349,2026-05-06,P018020,capture,1722,80,1642,USD,
S002350,2026-05-06,P012008,capture,5548,191,5357,USD,
S002351,2026-05-06,P017878,capture,11962,377,11585,USD,
S002352,2026-05-06,P016019,capture,6336,214,6122,USD,
S002356,2026-05-06,P012981,capture,13302,416,12886,USD,
S002357,2026-05-06,P017183,capture,46620,1382,45238,USD,
S002358,2026-05-06,P016597,capture,4263,154,4109,USD,
S002359,2026-05-06,P010092,capture,3193,123,3070,USD,
S002360,2026-05-06,P014820,capture,1634,77,1557,USD,
S002361,2026-05-06,P000629,capture,4939,173,4766,USD,
S002363,2026-05-06,P007608,capture,8139,266,7873,USD,
S002364,2026-05-06,P017418,capture,8528,277,8251,USD,
S002365,2026-05-06,P019420,capture,5682,195,5487,USD,
S002367,2026-05-06,P014243,capture,2892,114,2778,USD,
S002368,2026-05-06,P017511,capture,20701,630,20071,USD,
S002369,2026-05-06,P004758,capture,5596,192,5404,USD,
S002370,2026-05-06,P003943,capture,5331,185,5146,USD,
S002372,2026-05-06,P008361,capture,1269,67,1202,USD,
S002375,2026-05-06,P019119,capture,13401,419,12982,USD,
S002376,2026-05-06,P011649,capture,9674,311,9363,USD,
S002377,2026-05-06,P012472,capture,2163,93,2070,USD,
S002379,2026-05-06,P006700,capture,1868,84,1784,USD,
S002380,2026-05-06,P019321,capture,10911,346,10565,USD,
S002382,2026-05-06,P013837,capture,13010,407,12603,USD,
S002383,2026-05-06,P000580,capture,3583,135,3448,EUR,converted at 1.0961
S002384,2026-05-06,P011164,capture,1723,80,1643,USD,
S002385,2026-05-06,P003952,capture,5786,198,5588,USD,
S002386,2026-05-06,P012353,capture,2970,116,2854,USD,
S002388,2026-05-06,P008840,capture,14212,442,13770,USD,
S002389,2026-05-06,P010592,capture,4329,156,4173,USD,
S002390,2026-05-06,P002120,capture,2776,111,2665,USD,
S002391,2026-05-06,P017270,capture,9611,309,9302,USD,
S002392,2026-05-06,P000881,capture,2553,104,2449,USD,
S002394,2026-05-06,P019180,capture,11698,369,11329,USD,
S002396,2026-05-06,P010632,capture,3223,123,3100,USD,
S002398,2026-05-06,P012624,capture,9996,320,9676,USD,
S002399,2026-05-06,P013506,capture,1595,76,1519,USD,
S002400,2026-05-06,P018932,capture,18384,563,17821,USD,
S002402,2026-05-06,P005419,capture,3839,141,3698,USD,
S002403,2026-05-06,P002721,capture,2005,88,1917,USD,
S002404,2026-05-06,P000246,capture,3197,123,3074,USD,
S002405,2026-05-06,P002632,capture,15224,471,14753,USD,
S002406,2026-05-06,P018751,capture,11701,369,11332,USD,
S002407,2026-05-06,P008959,capture,4183,151,4032,USD,
S002408,2026-05-06,P010604,capture,2737,109,2628,USD,
S002409,2026-05-06,P012568,capture,26103,787,25316,USD,
S002414,2026-05-06,P009454,capture,7115,236,6879,USD,
S002415,2026-05-06,P019267,capture,9708,312,9396,USD,
S002416,2026-05-06,P008005,capture,4962,174,4788,USD,
S002417,2026-05-06,P001755,capture,6603,221,6382,USD,
S002418,2026-05-06,P016432,capture,2518,103,2415,USD,
S002419,2026-05-06,P010205,capture,7954,261,7693,USD,
S002420,2026-05-06,P018876,capture,5572,192,5380,USD,
S002421,2026-05-06,P005086,capture,14713,457,14256,USD,
S002425,2026-05-06,P007374,capture,7075,235,6840,USD,
S002428,2026-05-06,P016772,capture,6205,210,5995,USD,
S002430,2026-05-06,P014760,capture,14346,446,13900,USD,
S002434,2026-05-06,P009574,capture,1343,69,1274,USD,
S002436,2026-05-06,P000718,capture,2937,115,2822,USD,
S002437,2026-05-06,P002615,capture,1076,61,1015,USD,
S002438,2026-05-06,P004155,capture,2135,92,2043,USD,
S002441,2026-05-06,P016354,capture,3716,138,3578,USD,
S002442,2026-05-06,P005106,capture,7944,260,7684,USD,
S002443,2026-05-06,P006756,capture,2958,116,2842,USD,
S002444,2026-05-06,P001533,capture,8688,282,8406,USD,
S002447,2026-05-06,P001138,capture,4085,148,3937,USD,
S002448,2026-05-06,P001423,capture,7494,247,7247,USD,
S002449,2026-05-06,P015400,capture,9911,317,9594,USD,
S002451,2026-05-06,P006029,capture,3400,129,3271,USD,
S002452,2026-05-06,P007635,capture,11144,353,10791,USD,
S002453,2026-05-06,P013468,capture,10192,326,9866,USD,
S002454,2026-05-06,P010835,capture,20296,619,19677,USD,
S002455,2026-05-06,P017785,capture,2372,99,2273,USD,
S002456,2026-05-06,P019224,capture,7988,263,7725,EUR,converted at 1.0961
S002458,2026-05-06,P008439,capture,3263,125,3138,USD,
S002459,2026-05-06,P018859,capture,9051,292,8759,USD,
S002460,2026-05-06,P002567,capture,9462,304,9158,USD,
S002461,2026-05-06,P013029,capture,6980,232,6748,USD,
S002462,2026-05-06,P011574,capture,8247,269,7978,USD,
S002464,2026-05-06,P007611,capture,5048,176,4872,USD,
S002465,2026-05-06,P018611,capture,3347,127,3220,USD,
S002467,2026-05-06,P015510,capture,1512,74,1438,USD,
S002472,2026-05-06,P017973,capture,6744,226,6518,USD,
S002474,2026-05-06,P003730,capture,2852,113,2739,USD,
S002475,2026-05-06,P003238,capture,545,46,499,USD,
S002476,2026-05-06,P003015,capture,7306,242,7064,USD,
S002479,2026-05-06,P015684,capture,2070,90,1980,USD,
S002481,2026-05-06,P009408,capture,1769,81,1688,USD,
S002482,2026-05-06,P010537,capture,5340,185,5155,USD,
S002483,2026-05-06,P007466,capture,9379,302,9077,USD,
S002484,2026-05-06,P000158,capture,6846,229,6617,USD,
S002486,2026-05-06,P008137,capture,2769,110,2659,USD,
S002487,2026-05-06,P008931,capture,14432,449,13983,USD,
S002491,2026-05-06,P000127,capture,6999,233,6766,USD,
S002494,2026-05-06,P012066,capture,1752,81,1671,USD,
S002495,2026-05-06,P001872,capture,1967,87,1880,USD,
S002496,2026-05-06,P016830,capture,9353,301,9052,USD,
S002497,2026-05-06,P008632,capture,2154,92,2062,USD,
S002498,2026-05-06,P015986,capture,2038,89,1949,USD,
S002499,2026-05-06,P015607,capture,1411,71,1340,USD,
S002500,2026-05-06,P016479,capture,8971,290,8681,USD,
S002503,2026-05-06,P007323,capture,100179,2935,97244,USD,
S002505,2026-05-06,P011399,capture,21833,663,21170,USD,
S002506,2026-05-06,P009593,capture,22537,684,21853,USD,
S002507,2026-05-06,P015671,capture,3821,141,3680,USD,
S002508,2026-05-06,P011768,capture,20880,636,20244,USD,
S002509,2026-05-06,P007367,capture,6154,208,5946,USD,
S002510,2026-05-06,P011025,capture,2007,88,1919,USD,
S002511,2026-05-06,P005247,capture,988,59,929,USD,
S002512,2026-05-06,P000003,capture,2647,107,2540,USD,
S002513,2026-05-06,P013910,capture,2915,115,2800,USD,
S002514,2026-05-06,P015996,capture,2144,92,2052,USD,
S002515,2026-05-06,P002711,capture,2096,91,2005,USD,
S002516,2026-05-06,P013043,capture,19619,599,19020,USD,
S002518,2026-05-06,P018121,capture,3977,145,3832,USD,
S002519,2026-05-06,P017708,capture,62462,1841,60621,USD,
S002520,2026-05-06,P006803,capture,18578,569,18009,USD,
S002521,2026-05-06,P016726,capture,1897,85,1812,USD,
S002522,2026-05-06,P006250,capture,6579,221,6358,USD,
S002523,2026-05-06,P008163,capture,1186,64,1122,USD,
S002524,2026-05-06,P012249,capture,8081,264,7817,USD,
S002525,2026-05-06,P009938,capture,4675,166,4509,USD,
S002528,2026-05-06,P013137,capture,1406,71,1335,USD,
S002530,2026-05-06,P013813,capture,2621,106,2515,USD,
S002531,2026-05-06,P017564,capture,10870,345,10525,USD,
S002532,2026-05-06,P013147,capture,9409,304,9105,EUR,converted at 1.0961
S002533,2026-05-06,P008937,capture,1972,87,1885,USD,
S002534,2026-05-06,P013229,capture,1726,80,1646,USD,
S002538,2026-05-06,P006147,capture,7968,261,7707,USD,
S002540,2026-05-06,P002617,capture,5052,177,4875,USD,
S002542,2026-05-06,P004605,capture,2718,109,2609,USD,
S002544,2026-05-06,P004690,capture,6315,213,6102,USD,
S002545,2026-05-06,P012321,capture,8086,264,7822,USD,
S002548,2026-05-06,P010834,capture,6735,225,6510,USD,
S002550,2026-05-06,P019660,capture,9911,317,9594,USD,
S002551,2026-05-06,P001585,capture,2517,103,2414,USD,
S002553,2026-05-06,P010117,capture,6113,207,5906,USD,
S002554,2026-05-06,P012800,capture,2158,93,2065,USD,
S002555,2026-05-06,P004539,capture,1523,74,1449,USD,
S002556,2026-05-06,P010703,capture,4870,171,4699,USD,
S002558,2026-05-06,P009487,capture,16749,516,16233,USD,
S002562,2026-05-06,P003399,capture,3939,144,3795,USD,
S002563,2026-05-06,P018293,capture,5464,188,5276,USD,
S002564,2026-05-06,P003899,capture,1756,81,1675,USD,
S002566,2026-05-06,P004247,capture,8118,265,7853,USD,
S002567,2026-05-06,P006869,capture,6096,207,5889,USD,
S002568,2026-05-06,P019941,capture,1109,62,1047,USD,
S002569,2026-05-06,P018785,capture,4163,151,4012,USD,
S002570,2026-05-06,P007689,capture,9220,297,8923,USD,
S002572,2026-05-06,P017484,capture,1281,67,1214,USD,
S002573,2026-05-06,P004809,capture,19273,589,18684,USD,
S002575,2026-05-06,P001836,capture,4825,170,4655,USD,
S002576,2026-05-06,P013863,capture,1231,66,1165,USD,
S002578,2026-05-06,P017700,capture,9141,295,8846,USD,
S002580,2026-05-06,P006496,capture,2991,117,2874,USD,
S002582,2026-05-06,P005442,capture,10284,328,9956,USD,
S002583,2026-05-06,P010163,capture,12238,385,11853,USD,
S002584,2026-05-06,P008541,capture,7546,249,7297,USD,
S002585,2026-05-06,P000470,capture,8578,279,8299,USD,
S002586,2026-05-06,P001652,capture,7613,251,7362,USD,
S002587,2026-05-06,P005674,capture,4949,174,4775,USD,
S002588,2026-05-06,P014622,capture,3866,142,3724,USD,
S002589,2026-05-06,P008333,capture,5126,179,4947,USD,
S002593,2026-05-06,P017371,capture,3150,121,3029,USD,
S002594,2026-05-06,P015122,capture,965,58,907,USD,
S002595,2026-05-06,P014712,capture,2524,103,2421,USD,
S002601,2026-05-06,P014256,capture,1950,87,1863,USD,
S002602,2026-05-06,P006077,capture,4212,151,4061,EUR,converted at 1.0961
S002603,2026-05-06,P012774,capture,10022,321,9701,USD,
S002604,2026-05-06,P014770,capture,20015,610,19405,USD,
S002605,2026-05-06,P014320,capture,3125,121,3004,USD,
S002606,2026-05-06,P008281,capture,6667,223,6444,USD,
S002608,2026-05-06,P011052,capture,12937,405,12532,USD,
S002610,2026-05-06,P019855,capture,10145,324,9821,USD,
S002611,2026-05-06,P006601,capture,16449,507,15942,USD,
S002613,2026-05-06,P014687,capture,8387,261,8126,USD,
S002615,2026-05-06,P006175,capture,4268,154,4114,USD,
S002616,2026-05-06,P011594,capture,1663,78,1585,USD,
S002619,2026-05-06,P013319,capture,15599,482,15117,USD,
S002623,2026-05-06,P011462,capture,6534,219,6315,USD,
S002626,2026-05-06,P002130,capture,16731,515,16216,USD,
S002628,2026-05-06,P004827,capture,5710,196,5514,USD,
S002629,2026-05-06,P007239,capture,4419,158,4261,USD,
S002630,2026-05-06,P017019,capture,1504,74,1430,USD,
S002631,2026-05-06,P017952,capture,27947,840,27107,USD,
S002632,2026-05-06,P016758,capture,4429,158,4271,USD,
S002633,2026-05-06,P017800,capture,7465,246,7219,USD,
S002635,2026-05-06,P010032,capture,1744,81,1663,USD,
S002636,2026-05-06,P001547,capture,16286,502,15784,USD,
S002637,2026-05-06,P007143,capture,15431,477,14954,USD,
S002638,2026-05-06,P005566,capture,10461,333,10128,USD,
S002640,2026-05-06,P009050,capture,4037,147,3890,USD,
S002641,2026-05-06,P003222,capture,19401,593,18808,USD,
S002643,2026-05-06,P013021,capture,992,59,933,USD,
S002644,2026-05-06,P011480,capture,3325,126,3199,USD,
S002645,2026-05-06,P010000,capture,33364,998,32366,USD,
S002649,2026-05-06,P014001,capture,1755,81,1674,USD,
S002650,2026-05-06,P016907,capture,3630,135,3495,USD,
S002652,2026-05-06,P001848,capture,10833,344,10489,USD,
S002653,2026-05-06,P018840,capture,1632,77,1555,USD,
S002655,2026-05-06,P004144,capture,1750,81,1669,USD,
S002657,2026-05-06,P019653,capture,14016,436,13580,USD,
S002658,2026-05-06,P018565,capture,1760,81,1679,USD,
S002661,2026-05-06,P012597,capture,3896,143,3753,USD,
S002662,2026-05-06,P009156,capture,566,46,520,USD,
S002663,2026-05-06,P012117,capture,2063,90,1973,USD,
S002664,2026-05-06,P009506,capture,27125,817,26308,USD,
S002666,2026-05-06,P007175,capture,7755,255,7500,USD,
S002667,2026-05-06,P019525,capture,12744,400,12344,USD,
S002669,2026-05-06,P005124,capture,1974,87,1887,USD,
S002670,2026-05-06,P016879,capture,5409,187,5222,USD,
S002672,2026-05-06,P007453,capture,12347,388,11959,USD,
S002673,2026-05-06,P018956,capture,6858,229,6629,USD,
S002675,2026-05-06,P009488,capture,5542,191,5351,USD,
S002676,2026-05-06,P007247,capture,3179,122,3057,USD,
S002677,2026-05-06,P001877,capture,1751,81,1670,USD,
S002679,2026-05-06,P003025,capture,567,46,521,USD,
S002680,2026-05-06,P003810,capture,4021,147,3874,USD,
S002681,2026-05-06,P010372,capture,2564,104,2460,USD,
S002682,2026-05-06,P002349,capture,10511,336,10175,EUR,converted at 1.0961
S002685,2026-05-06,P002665,capture,3073,119,2954,USD,
S002686,2026-05-06,P014081,capture,8048,263,7785,USD,
S002687,2026-05-06,P003797,capture,2431,100,2331,USD,
S002688,2026-05-06,P018814,capture,3291,125,3166,USD,
S002689,2026-05-06,P009840,capture,13200,413,12787,USD,
S002690,2026-05-06,P004359,capture,4739,167,4572,USD,
S002691,2026-05-06,P018220,capture,12336,388,11948,USD,
S002692,2026-05-06,P009772,capture,2622,106,2516,USD,
S002695,2026-05-06,P010506,capture,4533,161,4372,USD,
S002696,2026-05-06,P014510,capture,32966,986,31980,USD,
S002697,2026-05-06,P015815,capture,4000,146,3854,USD,
S002698,2026-05-06,P003411,capture,724,51,673,USD,
S002701,2026-05-06,P015855,capture,12045,379,11666,USD,
S002702,2026-05-06,P018900,capture,12070,380,11690,USD,
S002706,2026-05-06,P002412,capture,5109,178,4931,USD,
S002707,2026-05-06,P011302,capture,1169,64,1105,USD,
S002708,2026-05-06,P008253,capture,11285,357,10928,USD,
S002709,2026-05-06,P017663,capture,8713,283,8430,USD,
S002710,2026-05-06,P019505,capture,4376,157,4219,USD,
S002711,2026-05-06,P005045,capture,7909,259,7650,USD,
S002715,2026-05-06,P002335,capture,2829,112,2717,USD,
S002716,2026-05-06,P012762,capture,962,58,904,USD,
S002718,2026-05-06,P017381,capture,3332,127,3205,USD,
S002719,2026-05-06,P003038,capture,863,55,808,USD,
S002721,2026-05-06,P017478,capture,19992,610,19382,USD,
S002725,2026-05-06,P015654,capture,1722,80,1642,USD,
S002726,2026-05-06,P003513,capture,5302,184,5118,USD,
S002727,2026-05-06,P014149,capture,4280,154,4126,USD,
S002728,2026-05-06,P019134,capture,4947,173,4774,USD,
S002730,2026-05-06,P001706,capture,4739,167,4572,USD,
S002733,2026-05-06,P004252,capture,958,58,900,USD,
S002734,2026-05-06,P009755,capture,1375,70,1305,USD,
S002737,2026-05-06,P005412,capture,3285,125,3160,USD,
S002738,2026-05-06,P002424,capture,8676,282,8394,USD,
S002739,2026-05-06,P006121,capture,6686,224,6462,USD,
S002740,2026-05-06,P017106,capture,4292,154,4138,USD,
S002741,2026-05-06,P011636,capture,7588,250,7338,USD,
S002742,2026-05-06,P000389,capture,1842,83,1759,USD,
S002743,2026-05-06,P004654,capture,1732,80,1652,USD,
S002744,2026-05-06,P009008,capture,2358,98,2260,USD,
S002745,2026-05-06,P000760,capture,9511,306,9205,USD,
S002747,2026-05-06,P003084,capture,2323,97,2226,USD,
S002748,2026-05-06,P011788,capture,2160,93,2067,USD,
S002749,2026-05-06,P007964,capture,18685,572,18113,USD,
S002750,2026-05-06,P018426,capture,11990,378,11612,USD,
S002752,2026-05-06,P007445,capture,2868,113,2755,USD,
S002754,2026-05-06,P015570,capture,1180,64,1116,USD,
S002755,2026-05-06,P012035,capture,5215,181,5034,USD,
S002759,2026-05-06,P016118,capture,5072,177,4895,USD,
S002760,2026-05-06,P015864,capture,3319,126,3193,USD,
S002763,2026-05-06,P001672,capture,834,54,780,USD,
S002764,2026-05-06,P016713,capture,23568,713,22855,USD,
S002765,2026-05-06,P007887,capture,6241,211,6030,USD,
S002766,2026-05-06,P019792,capture,4385,157,4228,USD,
S002767,2026-05-06,P000288,capture,3355,127,3228,USD,
S002769,2026-05-06,P006393,capture,1121,62,1059,EUR,converted at 1.0961
S002771,2026-05-06,P010458,capture,1832,83,1749,USD,
S002774,2026-05-06,P008235,capture,3708,138,3570,USD,
S002775,2026-05-06,P002886,capture,5133,179,4954,USD,
S002777,2026-05-06,P018598,capture,1355,69,1286,USD,
S002778,2026-05-06,P004326,capture,62480,1842,60638,USD,
S002779,2026-05-06,P011376,capture,33356,997,32359,USD,
S002780,2026-05-06,P012419,capture,30058,902,29156,USD,
S002781,2026-05-06,P005893,capture,6979,232,6747,USD,
S002782,2026-05-06,P002280,capture,9869,316,9553,USD,
S002785,2026-05-06,P017127,capture,2136,92,2044,USD,
S002787,2026-05-06,P013987,capture,2772,110,2662,USD,
S002788,2026-05-06,P002109,capture,2483,102,2381,USD,
S002793,2026-05-06,P012680,capture,2988,118,2870,EUR,converted at 1.0961
S002796,2026-05-06,P017459,capture,9885,317,9568,USD,
S002797,2026-05-06,P003113,capture,3861,142,3719,USD,
S002799,2026-05-06,P014654,capture,2276,96,2180,USD,
S002800,2026-05-06,P016287,capture,960,58,902,USD,
S002801,2026-05-06,P009268,capture,15149,469,14680,USD,
S002803,2026-05-06,P009603,capture,6802,227,6575,USD,
S002804,2026-05-06,P009331,capture,19303,590,18713,USD,
S002805,2026-05-06,P008801,capture,2596,105,2491,USD,
S002807,2026-05-06,P010683,capture,3830,141,3689,USD,
S002809,2026-05-06,P014669,capture,852,55,797,USD,
S002810,2026-05-06,P017970,capture,3381,128,3253,USD,
S002811,2026-05-06,P002910,capture,2567,104,2463,USD,
S002812,2026-05-06,P004864,capture,1507,74,1433,USD,
S002813,2026-05-06,P003559,capture,5513,190,5323,USD,
S002815,2026-05-06,P015311,capture,14359,446,13913,USD,
S002816,2026-05-06,P003664,capture,190079,5542,184537,USD,
S002818,2026-05-06,P016037,capture,8411,274,8137,USD,
S002820,2026-05-06,P014845,capture,6419,216,6203,USD,
S002821,2026-05-06,P008388,capture,17265,531,16734,USD,
S002824,2026-05-06,P011296,capture,3110,120,2990,USD,
S002826,2026-05-06,P006330,capture,2424,100,2324,USD,
S002828,2026-05-06,P014606,capture,2453,101,2352,USD,
S002830,2026-05-06,P011996,capture,6374,215,6159,USD,
S002832,2026-05-06,P012810,capture,1865,84,1781,USD,
S002833,2026-05-06,P010519,capture,39156,1166,37990,USD,
S002834,2026-05-06,P008596,capture,12617,396,12221,USD,
S002836,2026-05-06,P015068,capture,8523,277,8246,USD,
S002840,2026-05-06,P006685,capture,9550,307,9243,USD,
S002843,2026-05-06,P005383,capture,2283,96,2187,USD,
S002844,2026-05-06,P009130,capture,6865,229,6636,USD,
S002845,2026-05-06,P001470,capture,13366,418,12948,USD,
S002848,2026-05-06,P006976,capture,2599,145,2454,USD,
S002849,2026-05-06,P008367,capture,2953,116,2837,USD,
S002851,2026-05-06,P005477,capture,2637,106,2531,USD,
S002852,2026-05-06,P004298,capture,5098,178,4920,USD,
S002853,2026-05-06,P008509,capture,881,56,825,USD,
S002854,2026-05-06,P011541,capture,1395,70,1325,USD,
S002855,2026-05-06,P011082,capture,1813,83,1730,USD,
S002856,2026-05-06,P011728,capture,3000,117,2883,USD,
S002857,2026-05-06,P001217,capture,3183,122,3061,USD,
S002858,2026-05-06,P001059,capture,5009,175,4834,USD,
S002860,2026-05-06,P008312,capture,1388,70,1318,USD,
S002861,2026-05-06,P001532,capture,7167,238,6929,USD,
S002862,2026-05-06,P001259,capture,42460,1261,41199,USD,
S002865,2026-05-06,P011137,capture,29381,882,28499,USD,
S002866,2026-05-06,P013578,capture,8242,269,7973,USD,
S002867,2026-05-06,P006817,capture,19125,585,18540,USD,
S002868,2026-05-06,P002638,capture,12970,406,12564,USD,
S002870,2026-05-06,P009333,capture,10787,343,10444,USD,
S002871,2026-05-06,P012958,capture,2549,104,2445,USD,
S002873,2026-05-06,P009897,capture,3314,126,3188,USD,
S002874,2026-05-06,P009266,capture,3179,122,3057,USD,
S002875,2026-05-06,P005795,capture,4548,162,4386,USD,
S002876,2026-05-06,P012894,capture,6274,212,6062,USD,
S002877,2026-05-06,P007096,capture,2848,113,2735,USD,
S002878,2026-05-06,P018064,capture,1337,69,1268,USD,
S002879,2026-05-06,P012448,capture,7865,258,7607,USD,
S002882,2026-05-06,P011030,capture,4078,148,3930,USD,
S002883,2026-05-06,P011109,capture,1336,69,1267,USD,
S002885,2026-05-06,P006314,capture,2893,114,2779,USD,
S002887,2026-05-06,P009818,capture,5518,190,5328,USD,
S002888,2026-05-06,P006895,capture,1766,81,1685,USD,
S002890,2026-05-06,P005828,capture,6375,215,6160,USD,
S002891,2026-05-06,P013679,capture,16635,512,16123,USD,
S002892,2026-05-06,P009917,capture,6164,209,5955,USD,
S002894,2026-05-06,P004217,capture,3095,120,2975,USD,
S002896,2026-05-06,P014355,capture,10279,328,9951,USD,
S002898,2026-05-06,P004281,capture,4932,173,4759,USD,
S002900,2026-05-06,P009003,capture,3623,135,3488,USD,
S002901,2026-05-06,P002186,capture,1952,87,1865,USD,
S002902,2026-05-06,P013024,capture,10916,347,10569,USD,
S002903,2026-05-06,P011181,capture,4320,155,4165,USD,
S002905,2026-05-06,P019754,capture,20965,638,20327,USD,
S002906,2026-05-06,P014016,capture,1884,85,1799,USD,
S002909,2026-05-06,P000982,capture,2696,108,2588,USD,
S002912,2026-05-06,P002052,capture,4228,153,4075,USD,
S002915,2026-05-06,P007800,capture,8616,280,8336,USD,
S002917,2026-05-06,P013407,capture,2510,103,2407,USD,
S002918,2026-05-06,P004443,capture,5659,194,5465,USD,
S002919,2026-05-06,P016493,capture,10718,340,10378,EUR,converted at 1.0961
S002921,2026-05-06,P000933,capture,2437,101,2336,USD,
S002922,2026-05-06,P013599,capture,6585,221,6364,USD,
S002923,2026-05-06,P015924,capture,13685,427,13258,USD,
S002924,2026-05-06,P003828,capture,6592,221,6371,USD,
S002925,2026-05-06,P012782,capture,15116,468,14648,USD,
S002929,2026-05-06,P013235,capture,17132,527,16605,USD,
S002930,2026-05-06,P009115,capture,8158,267,7891,USD,
S002932,2026-05-06,P016331,capture,32726,979,31747,USD,
S002933,2026-05-06,P016041,capture,2255,95,2160,USD,
S002935,2026-05-06,P011504,capture,7811,257,7554,USD,
S002936,2026-05-06,P011683,capture,5679,195,5484,USD,
S002937,2026-05-06,P002279,capture,9273,299,8974,USD,
S002939,2026-05-06,P017480,capture,4475,160,4315,USD,
S002942,2026-05-06,P003499,capture,4354,156,4198,USD,
S002943,2026-05-06,P003325,capture,13203,413,12790,USD,
S002944,2026-05-06,P003241,capture,9401,303,9098,USD,
S002945,2026-05-06,P017836,capture,35745,1067,34678,USD,
S002946,2026-05-06,P011032,capture,13803,430,13373,USD,
S002948,2026-05-06,P010965,capture,5464,188,5276,USD,
S002952,2026-05-06,P014258,capture,4060,148,3912,USD,
S002955,2026-05-06,P002541,capture,12395,389,12006,USD,
S002956,2026-05-06,P000318,capture,3401,129,3272,USD,
S002959,2026-05-06,P018114,capture,4392,157,4235,USD,
S002961,2026-05-06,P013743,capture,3264,125,3139,USD,
S002963,2026-05-06,P004540,capture,6634,222,6412,USD,
S002964,2026-05-06,P004672,capture,2853,113,2740,USD,
S002965,2026-05-06,P001179,capture,1709,80,1629,USD,
S002966,2026-05-06,P000447,capture,3361,127,3234,USD,
S002967,2026-05-06,P006284,capture,4315,155,4160,USD,
S002970,2026-05-06,P012994,capture,3400,129,3271,USD,
S002971,2026-05-06,P004204,capture,683,50,633,USD,
S002972,2026-05-06,P006621,capture,14128,440,13688,USD,
S002974,2026-05-06,P002916,capture,2819,112,2707,USD,
S002976,2026-05-06,P016025,capture,4248,153,4095,USD,
S002977,2026-05-06,P011018,capture,4824,170,4654,USD,
S002978,2026-05-06,P016944,capture,3049,118,2931,USD,
S002979,2026-05-06,P003442,capture,6334,214,6120,USD,
S002980,2026-05-06,P012243,capture,9105,294,8811,USD,
S002982,2026-05-06,P006614,capture,11058,351,10707,USD,
S002984,2026-05-06,P016173,capture,6901,230,6671,USD,
S002986,2026-05-06,P009155,capture,3781,140,3641,USD,
S002988,2026-05-06,P006900,capture,44275,1314,42961,USD,
S002989,2026-05-06,P001725,capture,2868,113,2755,USD,
S002990,2026-05-06,P000733,capture,3945,143,3802,EUR,converted at 1.0961
S002992,2026-05-06,P010976,capture,6539,220,6319,USD,
S002995,2026-05-06,P019419,capture,30166,905,29261,USD,
S002996,2026-05-06,P009088,capture,3195,123,3072,USD,
S002997,2026-05-06,P013039,capture,11883,375,11508,USD,
S002999,2026-05-06,P002643,capture,5247,182,5065,USD,
S003001,2026-05-06,P013486,capture,4881,172,4709,USD,
S003002,2026-05-06,P003729,capture,1423,71,1352,USD,
S003004,2026-05-06,P003961,capture,9845,316,9529,USD,
S016605,2026-05-06,P006672,capture,15431,477,14954,USD,
S016632,2026-05-06,P016588,capture,18874,577,18297,USD,
S016633,2026-05-06,P017034,capture,6219,210,6009,USD,
S016634,2026-05-06,P017159,capture,4381,157,4224,USD,
S000008,2026-05-07,P016425,capture,9075,293,8782,USD,
S000039,2026-05-07,P004728,capture,30476,914,29562,USD,
S000042,2026-05-07,P003814,capture,2108,91,2017,USD,
S000044,2026-05-07,P004762,capture,5847,200,5647,USD,
S000050,2026-05-07,P007632,capture,6111,207,5904,USD,
S000054,2026-05-07,P019262,capture,21062,641,20421,USD,
S000057,2026-05-07,P006341,capture,3059,119,2940,USD,
S000064,2026-05-07,P016401,capture,12503,393,12110,USD,
S000091,2026-05-07,P007745,capture,9064,293,8771,USD,
S000104,2026-05-07,P015048,capture,2922,115,2807,USD,
S000111,2026-05-07,P013457,capture,15188,470,14718,USD,
S000122,2026-05-07,P016157,capture,12752,400,12352,USD,
S000140,2026-05-07,P000570,capture,1656,78,1578,USD,
S000150,2026-05-07,P005958,capture,10589,337,10252,USD,
S000165,2026-05-07,P008533,capture,9041,292,8749,USD,
S000200,2026-05-07,P017665,capture,4457,159,4298,USD,
S000213,2026-05-07,P016028,capture,7168,238,6930,USD,
S000225,2026-05-07,P017360,capture,7475,247,7228,USD,
S000229,2026-05-07,P004307,capture,3271,125,3146,USD,
S000239,2026-05-07,P016214,capture,13512,422,13090,USD,
S000245,2026-05-07,P012872,capture,12058,380,11678,USD,
S000249,2026-05-07,P005346,capture,2932,115,2817,USD,
S000251,2026-05-07,P014052,capture,1701,79,1622,USD,
S000256,2026-05-07,P000533,capture,3576,134,3442,USD,
S000275,2026-05-07,P010702,capture,2818,112,2706,USD,
S000292,2026-05-07,P009445,capture,3404,129,3275,USD,
S000301,2026-05-07,P004972,capture,1671,78,1593,USD,
S000302,2026-05-07,P009885,capture,3892,143,3749,USD,
S000306,2026-05-07,P005048,capture,36379,1085,35294,USD,
S000308,2026-05-07,P002677,capture,1681,79,1602,USD,
S000324,2026-05-07,P001818,capture,5869,200,5669,USD,
S000325,2026-05-07,P019376,capture,19881,607,19274,USD,
S000330,2026-05-07,P018341,capture,13386,418,12968,USD,
S000358,2026-05-07,P013158,capture,1760,81,1679,USD,
S000366,2026-05-07,P000848,capture,6472,218,6254,USD,
S000368,2026-05-07,P008635,capture,10598,337,10261,USD,
S000375,2026-05-07,P002917,capture,8564,278,8286,USD,
S000389,2026-05-07,P014203,capture,3445,130,3315,USD,
S000416,2026-05-07,P016965,capture,2593,105,2488,USD,
S000420,2026-05-07,P019153,capture,4152,150,4002,USD,
S000427,2026-05-07,P006623,capture,7383,244,7139,USD,
S000438,2026-05-07,P005007,capture,15167,470,14697,USD,
S000475,2026-05-07,P001528,capture,3728,138,3590,USD,
S000481,2026-05-07,P006264,capture,3407,129,3278,USD,
S000524,2026-05-07,P007206,capture,9822,315,9507,USD,
S000560,2026-05-07,P018744,capture,577,47,530,USD,
S000565,2026-05-07,P004367,capture,1302,68,1234,USD,
S000609,2026-05-07,P002733,capture,19709,602,19107,USD,
S000610,2026-05-07,P004530,capture,392,41,351,USD,
S000611,2026-05-07,P005611,capture,20941,637,20304,USD,
S000612,2026-05-07,P004183,capture,11732,370,11362,USD,
S000620,2026-05-07,P018616,capture,6894,230,6664,USD,
S000632,2026-05-07,P011962,capture,7585,250,7335,USD,
S000637,2026-05-07,P004619,capture,15936,492,15444,USD,
S000649,2026-05-07,P019284,capture,15437,478,14959,USD,
S000653,2026-05-07,P012904,capture,6764,226,6538,USD,
S000678,2026-05-07,P003750,capture,7186,238,6948,USD,
S000703,2026-05-07,P015504,capture,9962,319,9643,USD,
S000722,2026-05-07,P002032,capture,2912,114,2798,USD,
S000751,2026-05-07,P005463,capture,3908,143,3765,USD,
S000752,2026-05-07,P006600,capture,3207,123,3084,USD,
S000768,2026-05-07,P011782,capture,22136,672,21464,USD,
S000776,2026-05-07,P013776,capture,17655,542,17113,USD,
S000787,2026-05-07,P019136,capture,1537,75,1462,USD,
S000794,2026-05-07,P008645,capture,3312,126,3186,USD,
S000798,2026-05-07,P018109,capture,8046,263,7783,USD,
S000843,2026-05-07,P001921,capture,3352,127,3225,USD,
S000856,2026-05-07,P019471,capture,32872,983,31889,USD,
S000862,2026-05-07,P003296,capture,16692,514,16178,USD,
S000867,2026-05-07,P011063,capture,2165,93,2072,USD,
S000872,2026-05-07,P001008,capture,9886,317,9569,USD,
S000881,2026-05-07,P012319,capture,20511,625,19886,USD,
S000911,2026-05-07,P018119,capture,6004,204,5800,USD,
S000933,2026-05-07,P016697,capture,9577,308,9269,USD,
S000937,2026-05-07,P003075,capture,4006,146,3860,USD,
S000947,2026-05-07,P000986,capture,13919,435,13484,EUR,converted at 1.0961
S000948,2026-05-07,P013602,capture,2805,112,2693,EUR,converted at 1.0961
S000953,2026-05-07,P010674,capture,6137,208,5929,USD,
S000955,2026-05-07,P010177,capture,3103,120,2983,USD,
S000967,2026-05-07,P001803,capture,6288,223,6065,USD,
S000973,2026-05-07,P001450,capture,2684,108,2576,USD,
S000996,2026-05-07,P000782,capture,670,49,621,USD,
S001026,2026-05-07,P019948,capture,1918,86,1832,USD,
S001036,2026-05-07,P007407,capture,2009,88,1921,USD,
S001044,2026-05-07,P012486,capture,1846,84,1762,USD,
S001055,2026-05-07,P005710,capture,17783,546,17237,USD,
S001070,2026-05-07,P011610,capture,5433,188,5245,USD,
S001076,2026-05-07,P004454,capture,2093,91,2002,USD,
S001082,2026-05-07,P010183,capture,10301,329,9972,USD,
S001086,2026-05-07,P007782,capture,5662,194,5468,USD,
S001088,2026-05-07,P008997,capture,938,57,881,USD,
S001095,2026-05-07,P001573,capture,2144,92,2052,USD,
S001099,2026-05-07,P016858,capture,3295,126,3169,USD,
S001105,2026-05-07,P018997,capture,25418,767,24651,USD,
S001109,2026-05-07,P018469,capture,1355,69,1286,USD,
S001111,2026-05-07,P009911,capture,276,38,238,USD,
S001114,2026-05-07,P008314,capture,17704,543,17161,USD,
S001120,2026-05-07,P019955,capture,2200,94,2106,USD,
S001121,2026-05-07,P005240,capture,2360,98,2262,USD,
S001122,2026-05-07,P012440,capture,22559,684,21875,USD,
S001125,2026-05-07,P018853,capture,6405,216,6189,USD,
S001127,2026-05-07,P017334,capture,1999,88,1911,USD,
S001129,2026-05-07,P007716,capture,9263,299,8964,USD,
S001133,2026-05-07,P017606,capture,7313,242,7071,USD,
S001135,2026-05-07,P005866,capture,2821,112,2709,USD,
S001137,2026-05-07,P014590,capture,2179,93,2086,USD,
S001143,2026-05-07,P006515,capture,5409,187,5222,USD,
S001145,2026-05-07,P014730,capture,2796,111,2685,USD,
S001146,2026-05-07,P002778,capture,1129,63,1066,USD,
S001147,2026-05-07,P005129,capture,4594,163,4431,USD,
S001148,2026-05-07,P001744,capture,5927,202,5725,USD,
S001150,2026-05-07,P005349,capture,3969,145,3824,USD,
S001157,2026-05-07,P005009,capture,2932,115,2817,USD,
S001162,2026-05-07,P013069,capture,12191,384,11807,USD,
S001169,2026-05-07,P014221,capture,11303,358,10945,USD,
S001170,2026-05-07,P003433,capture,1790,82,1708,USD,
S001180,2026-05-07,P004820,capture,14493,450,14043,USD,
S001183,2026-05-07,P018472,capture,1119,62,1057,USD,
S001185,2026-05-07,P019359,capture,18379,563,17816,USD,
S001186,2026-05-07,P008672,capture,9665,310,9355,USD,
S001192,2026-05-07,P010475,capture,13228,414,12814,USD,
S001202,2026-05-07,P009976,capture,6833,228,6605,USD,
S001204,2026-05-07,P019835,capture,5973,203,5770,USD,
S001207,2026-05-07,P012216,capture,1665,78,1587,USD,
S001209,2026-05-07,P019688,capture,21410,651,20759,USD,
S001211,2026-05-07,P016862,capture,3899,143,3756,USD,
S001212,2026-05-07,P004390,capture,4120,149,3971,USD,
S001218,2026-05-07,P005697,capture,3265,125,3140,USD,
S001221,2026-05-07,P011418,capture,17980,551,17429,USD,
S001225,2026-05-07,P018764,capture,5513,190,5323,USD,
S001226,2026-05-07,P009138,capture,10263,328,9935,USD,
S001231,2026-05-07,P011448,capture,2240,95,2145,USD,
S001233,2026-05-07,P002321,capture,6017,204,5813,USD,
S001238,2026-05-07,P002377,capture,11204,355,10849,USD,
S001240,2026-05-07,P000695,capture,2422,100,2322,USD,
S001243,2026-05-07,P016322,capture,6100,207,5893,USD,
S001245,2026-05-07,P002794,capture,8989,291,8698,USD,
S001248,2026-05-07,P003586,capture,5561,191,5370,USD,
S001250,2026-05-07,P007485,capture,4640,165,4475,USD,
S001261,2026-05-07,P013691,capture,462,43,419,USD,
S001262,2026-05-07,P008222,capture,2116,91,2025,USD,
S001265,2026-05-07,P006525,capture,8315,271,8044,USD,
S001269,2026-05-07,P006493,capture,13026,408,12618,USD,
S001271,2026-05-07,P013488,capture,5881,201,5680,USD,
S001272,2026-05-07,P014672,capture,8545,278,8267,USD,
S001273,2026-05-07,P006028,capture,3994,146,3848,USD,
S001275,2026-05-07,P004532,capture,7943,260,7683,USD,
S001278,2026-05-07,P001221,capture,18483,566,17917,USD,
S001279,2026-05-07,P015136,capture,21156,644,20512,USD,
S001280,2026-05-07,P013625,capture,9411,303,9108,USD,
S001286,2026-05-07,P012634,capture,3575,134,3441,USD,
S001292,2026-05-07,P013448,capture,10819,344,10475,USD,
S001301,2026-05-07,P010453,capture,1788,82,1706,USD,
S001303,2026-05-07,P007087,capture,3481,131,3350,USD,
S001311,2026-05-07,P017548,capture,2994,117,2877,USD,
S001313,2026-05-07,P015831,capture,5328,185,5143,USD,
S001320,2026-05-07,P015627,capture,787,53,734,USD,
S001322,2026-05-07,P007101,capture,33513,977,32536,USD,
S001325,2026-05-07,P007161,capture,6627,222,6405,USD,
S001327,2026-05-07,P002099,capture,9601,308,9293,USD,
S001329,2026-05-07,P016101,capture,2312,97,2215,USD,
S001330,2026-05-07,P015321,capture,4987,175,4812,USD,
S001339,2026-05-07,P012909,capture,10313,329,9984,USD,
S001343,2026-05-07,P005718,capture,15770,487,15283,USD,
S001345,2026-05-07,P016928,capture,2193,94,2099,USD,
S001351,2026-05-07,P011269,capture,1558,75,1483,USD,
S001352,2026-05-07,P009014,capture,2434,101,2333,USD,
S001353,2026-05-07,P012043,capture,3827,141,3686,USD,
S001356,2026-05-07,P017925,capture,7252,240,7012,USD,
S001361,2026-05-07,P017750,capture,2052,90,1962,USD,
S001362,2026-05-07,P015272,capture,3426,129,3297,USD,
S001377,2026-05-07,P007069,capture,939,57,882,USD,
S001383,2026-05-07,P019832,capture,979,58,921,USD,
S001387,2026-05-07,P000312,capture,17180,528,16652,USD,
S001390,2026-05-07,P017563,capture,11354,359,10995,USD,
S001401,2026-05-07,P012960,capture,2352,98,2254,USD,
S001403,2026-05-07,P007399,capture,6242,211,6031,USD,
S001405,2026-05-07,P015444,capture,7040,234,6806,USD,
S001413,2026-05-07,P009869,capture,1630,77,1553,USD,
S001414,2026-05-07,P001305,capture,1775,81,1694,USD,
S001417,2026-05-07,P016869,capture,4382,157,4225,USD,
S001427,2026-05-07,P010940,capture,28247,849,27398,USD,
S001435,2026-05-07,P013114,capture,1117,62,1055,USD,
S001443,2026-05-07,P004102,capture,2184,93,2091,USD,
S001445,2026-05-07,P000140,capture,5132,179,4953,USD,
S001448,2026-05-07,P014071,capture,2538,104,2434,USD,
S001452,2026-05-07,P013156,capture,3198,123,3075,USD,
S001457,2026-05-07,P016009,capture,4267,154,4113,USD,
S001460,2026-05-07,P007717,capture,7004,233,6771,USD,
S001466,2026-05-07,P003338,capture,3820,141,3679,USD,
S001470,2026-05-07,P007573,capture,19058,583,18475,USD,
S001472,2026-05-07,P005396,capture,2417,100,2317,USD,
S001476,2026-05-07,P005198,capture,14079,438,13641,USD,
S001477,2026-05-07,P008614,capture,4704,166,4538,USD,
S001480,2026-05-07,P011261,capture,5967,203,5764,USD,
S001483,2026-05-07,P017096,capture,3183,122,3061,USD,
S001485,2026-05-07,P005388,capture,1936,86,1850,USD,
S001495,2026-05-07,P012338,capture,1091,62,1029,USD,
S001497,2026-05-07,P010469,capture,13290,415,12875,USD,
S001498,2026-05-07,P011431,capture,3405,129,3276,USD,
S001505,2026-05-07,P003897,capture,3019,118,2901,USD,
S001508,2026-05-07,P010015,capture,9129,295,8834,USD,
S001516,2026-05-07,P008101,capture,5586,192,5394,USD,
S001520,2026-05-07,P002988,capture,4635,164,4471,USD,
S001527,2026-05-07,P014411,capture,1519,74,1445,USD,
S001529,2026-05-07,P004209,capture,6755,226,6529,USD,
S001535,2026-05-07,P008735,capture,2726,109,2617,USD,
S001537,2026-05-07,P011523,capture,1243,66,1177,USD,
S001545,2026-05-07,P007163,capture,5552,191,5361,USD,
S001548,2026-05-07,P009866,capture,1900,85,1815,USD,
S001549,2026-05-07,P001243,capture,3435,130,3305,USD,
S001550,2026-05-07,P017083,capture,7393,244,7149,USD,
S001553,2026-05-07,P007448,capture,2044,89,1955,USD,
S001555,2026-05-07,P000032,capture,3182,122,3060,USD,
S001557,2026-05-07,P015057,capture,1711,80,1631,USD,
S001560,2026-05-07,P015641,capture,5582,192,5390,USD,
S001561,2026-05-07,P001735,capture,2402,100,2302,USD,
S001564,2026-05-07,P019302,capture,3992,146,3846,USD,
S001565,2026-05-07,P010901,capture,4632,164,4468,USD,
S001567,2026-05-07,P017574,capture,10476,334,10142,USD,
S001573,2026-05-07,P007965,capture,927,57,870,USD,
S001577,2026-05-07,P003273,capture,81165,2384,78781,USD,
S001578,2026-05-07,P016750,capture,30721,921,29800,USD,
S001590,2026-05-07,P003044,capture,8882,288,8594,USD,
S001591,2026-05-07,P009358,capture,1511,74,1437,USD,
S001592,2026-05-07,P017280,capture,8119,265,7854,USD,
S001593,2026-05-07,P000526,capture,13808,430,13378,USD,
S001596,2026-05-07,P016082,capture,1914,86,1828,USD,
S001598,2026-05-07,P006382,capture,14570,453,14117,USD,
S001599,2026-05-07,P001979,capture,22796,691,22105,USD,
S001600,2026-05-07,P003295,capture,5031,176,4855,USD,
S001603,2026-05-07,P005912,capture,3555,133,3422,USD,
S001607,2026-05-07,P019049,capture,2541,104,2437,USD,
S001610,2026-05-07,P002818,capture,1261,67,1194,USD,
S001612,2026-05-07,P011441,capture,2421,100,2321,USD,
S001615,2026-05-07,P004008,capture,3722,138,3584,USD,
S001626,2026-05-07,P018787,capture,635,48,587,USD,
S001630,2026-05-07,P013255,capture,2143,92,2051,USD,
S001634,2026-05-07,P019906,capture,3850,142,3708,USD,
S001636,2026-05-07,P007224,capture,11320,358,10962,USD,
S001650,2026-05-07,P017210,capture,2251,95,2156,USD,
S001652,2026-05-07,P002007,capture,7449,246,7203,USD,
S001656,2026-05-07,P009742,capture,4417,158,4259,USD,
S001665,2026-05-07,P011799,capture,1295,68,1227,USD,
S001668,2026-05-07,P008829,capture,10226,327,9899,USD,
S001669,2026-05-07,P009477,capture,2900,114,2786,USD,
S001672,2026-05-07,P012595,capture,5920,202,5718,USD,
S001674,2026-05-07,P009232,capture,2787,111,2676,USD,
S001675,2026-05-07,P015550,capture,7931,260,7671,USD,
S001680,2026-05-07,P003257,capture,699,50,649,USD,
S001684,2026-05-07,P004302,capture,8004,262,7742,USD,
S001685,2026-05-07,P004661,capture,15528,480,15048,USD,
S001687,2026-05-07,P014362,capture,3489,131,3358,USD,
S001688,2026-05-07,P018502,capture,2898,114,2784,USD,
S001691,2026-05-07,P003990,capture,2333,98,2235,USD,
S001699,2026-05-07,P010805,capture,2593,105,2488,USD,
S001701,2026-05-07,P009768,capture,1256,66,1190,USD,
S001702,2026-05-07,P015312,capture,10342,330,10012,USD,
S001705,2026-05-07,P012495,capture,13407,419,12988,USD,
S001706,2026-05-07,P000845,capture,19969,609,19360,USD,
S001710,2026-05-07,P000232,capture,2638,107,2531,USD,
S001712,2026-05-07,P004411,capture,11244,356,10888,USD,
S001714,2026-05-07,P005532,capture,2373,99,2274,USD,
S001716,2026-05-07,P005329,capture,8991,291,8700,USD,
S001720,2026-05-07,P019750,capture,2739,109,2630,USD,
S001721,2026-05-07,P000434,capture,3531,132,3399,USD,
S001724,2026-05-07,P006731,capture,16357,504,15853,USD,
S001729,2026-05-07,P017054,capture,15088,468,14620,USD,
S001730,2026-05-07,P009786,capture,4602,163,4439,USD,
S001734,2026-05-07,P003164,capture,36963,1102,35861,USD,
S001737,2026-05-07,P015112,capture,3372,128,3244,USD,
S001740,2026-05-07,P003877,capture,6996,233,6763,USD,
S001743,2026-05-07,P019676,capture,2378,99,2279,USD,
S001746,2026-05-07,P014929,capture,1815,83,1732,USD,
S001748,2026-05-07,P012334,capture,4802,169,4633,USD,
S001750,2026-05-07,P001106,capture,8990,291,8699,USD,
S001757,2026-05-07,P018233,capture,2801,111,2690,USD,
S001758,2026-05-07,P019275,capture,12449,391,12058,USD,
S001763,2026-05-07,P011729,capture,2978,116,2862,USD,
S001765,2026-05-07,P002517,capture,3480,131,3349,USD,
S001773,2026-05-07,P001887,capture,5874,200,5674,USD,
S001774,2026-05-07,P005287,capture,18215,558,17657,USD,
S001775,2026-05-07,P006546,capture,5284,183,5101,USD,
S001776,2026-05-07,P000579,capture,4242,153,4089,USD,
S001777,2026-05-07,P002654,capture,15519,480,15039,USD,
S001784,2026-05-07,P009254,capture,2761,110,2651,USD,
S001785,2026-05-07,P015794,capture,1004,59,945,USD,
S001787,2026-05-07,P006935,capture,3323,126,3197,USD,
S001789,2026-05-07,P000118,capture,4508,162,4346,EUR,converted at 1.0961
S001795,2026-05-07,P004518,capture,2542,104,2438,USD,
S001800,2026-05-07,P010031,capture,3253,124,3129,USD,
S001802,2026-05-07,P001406,capture,6112,207,5905,USD,
S001804,2026-05-07,P007839,capture,4117,149,3968,USD,
S001808,2026-05-07,P010021,capture,13658,426,13232,USD,
S001809,2026-05-07,P005097,capture,6856,229,6627,USD,
S001812,2026-05-07,P012592,capture,5997,204,5793,USD,
S001820,2026-05-07,P002500,capture,4661,165,4496,USD,
S001821,2026-05-07,P007794,capture,2884,114,2770,USD,
S001825,2026-05-07,P011812,capture,2944,115,2829,USD,
S001827,2026-05-07,P016281,capture,5632,193,5439,USD,
S001828,2026-05-07,P000677,capture,13005,407,12598,USD,
S001831,2026-05-07,P004067,capture,2268,96,2172,USD,
S001835,2026-05-07,P007710,capture,11785,372,11413,USD,
S001836,2026-05-07,P012915,capture,6744,226,6518,USD,
S001838,2026-05-07,P003279,capture,2049,89,1960,USD,
S001840,2026-05-07,P013917,capture,1927,86,1841,USD,
S001846,2026-05-07,P001903,capture,863,55,808,USD,
S001849,2026-05-07,P018657,capture,10091,323,9768,USD,
S001858,2026-05-07,P000275,capture,5003,175,4828,USD,
S001859,2026-05-07,P019787,capture,11575,366,11209,USD,
S001861,2026-05-07,P009217,capture,8676,282,8394,USD,
S001871,2026-05-07,P011204,capture,6710,225,6485,USD,
S001872,2026-05-07,P015583,capture,4369,157,4212,USD,
S001876,2026-05-07,P011633,capture,5466,189,5277,USD,
S001878,2026-05-07,P004405,capture,7137,237,6900,USD,
S001880,2026-05-07,P019911,capture,3534,132,3402,USD,
S001883,2026-05-07,P011559,capture,1723,80,1643,USD,
S001886,2026-05-07,P010468,capture,16923,521,16402,USD,
S001888,2026-05-07,P018722,capture,11943,376,11567,USD,
S001891,2026-05-07,P015477,capture,17420,535,16885,USD,
S001895,2026-05-07,P016361,capture,2247,95,2152,USD,
S001897,2026-05-07,P019838,capture,2084,90,1994,USD,
S001898,2026-05-07,P015154,capture,1272,67,1205,USD,
S001899,2026-05-07,P010533,capture,3965,145,3820,USD,
S001901,2026-05-07,P002921,capture,7251,240,7011,USD,
S001902,2026-05-07,P001306,capture,2753,110,2643,USD,
S001908,2026-05-07,P008529,capture,3921,144,3777,USD,
S001911,2026-05-07,P010317,capture,928,57,871,USD,
S001914,2026-05-07,P003882,capture,3525,132,3393,USD,
S001916,2026-05-07,P004985,capture,1291,67,1224,USD,
S001922,2026-05-07,P016963,capture,11200,355,10845,USD,
S001923,2026-05-07,P003993,capture,5211,181,5030,USD,
S001924,2026-05-07,P017601,capture,14169,441,13728,USD,
S001931,2026-05-07,P002488,capture,5672,194,5478,USD,
S001935,2026-05-07,P001016,capture,6402,216,6186,USD,
S001936,2026-05-07,P000576,capture,3756,139,3617,USD,
S001939,2026-05-07,P019435,capture,7941,260,7681,USD,
S001942,2026-05-07,P003905,capture,1480,73,1407,USD,
S001946,2026-05-07,P018052,capture,3912,143,3769,USD,
S001951,2026-05-07,P013536,capture,5260,183,5077,USD,
S001952,2026-05-07,P012700,capture,3637,135,3502,USD,
S001956,2026-05-07,P013904,capture,2856,113,2743,USD,
S001961,2026-05-07,P009260,capture,55393,1636,53757,USD,
S001962,2026-05-07,P000688,capture,3677,137,3540,USD,
S001963,2026-05-07,P014849,capture,1247,66,1181,USD,
S001965,2026-05-07,P014830,capture,39920,1188,38732,USD,
S001968,2026-05-07,P006866,capture,14675,456,14219,USD,
S001970,2026-05-07,P004513,capture,10892,346,10546,USD,
S001980,2026-05-07,P015249,capture,9225,298,8927,USD,
S001984,2026-05-07,P014799,capture,6340,214,6126,USD,
S001986,2026-05-07,P014847,capture,15150,469,14681,USD,
S001988,2026-05-07,P000296,capture,10938,347,10591,USD,
S001991,2026-05-07,P008482,capture,11240,356,10884,USD,
S001993,2026-05-07,P014931,capture,4814,170,4644,USD,
S001999,2026-05-07,P005743,capture,18407,564,17843,USD,
S002001,2026-05-07,P016930,capture,21418,651,20767,USD,
S002003,2026-05-07,P016916,capture,2631,106,2525,USD,
S002014,2026-05-07,P007111,capture,2593,105,2488,USD,
S002021,2026-05-07,P008790,capture,22786,691,22095,USD,
S002022,2026-05-07,P001929,capture,5000,175,4825,USD,
S002037,2026-05-07,P007267,capture,6549,220,6329,USD,
S002038,2026-05-07,P003600,capture,2136,92,2044,USD,
S002041,2026-05-07,P014529,capture,3496,131,3365,USD,
S002046,2026-05-07,P014405,capture,15550,481,15069,USD,
S002049,2026-05-07,P014748,capture,8797,285,8512,USD,
S002054,2026-05-07,P016650,capture,3280,125,3155,USD,
S002058,2026-05-07,P011837,capture,3758,139,3619,USD,
S002059,2026-05-07,P019237,capture,8412,274,8138,USD,
S002061,2026-05-07,P012036,capture,10759,342,10417,USD,
S002065,2026-05-07,P018219,capture,13005,407,12598,USD,
S002070,2026-05-07,P019534,capture,3478,131,3347,USD,
S002074,2026-05-07,P008293,capture,26588,801,25787,USD,
S002075,2026-05-07,P012804,capture,6715,225,6490,USD,
S002076,2026-05-07,P014324,capture,9038,292,8746,USD,
S002078,2026-05-07,P011009,capture,9965,319,9646,USD,
S002079,2026-05-07,P013721,capture,6565,220,6345,USD,
S002081,2026-05-07,P015644,capture,7989,262,7727,USD,
S002083,2026-05-07,P007753,capture,19305,590,18715,USD,
S002089,2026-05-07,P011905,capture,7820,257,7563,USD,
S002091,2026-05-07,P019823,capture,3919,144,3775,USD,
S002101,2026-05-07,P003515,capture,4823,171,4652,EUR,converted at 1.0961
S002104,2026-05-07,P012082,capture,6572,221,6351,USD,
S002111,2026-05-07,P018511,capture,6684,224,6460,USD,
S002119,2026-05-07,P015257,capture,7569,250,7319,USD,
S002120,2026-05-07,P001431,capture,11129,353,10776,USD,
S002122,2026-05-07,P007327,capture,1231,66,1165,USD,
S002124,2026-05-07,P016465,capture,11048,350,10698,USD,
S002128,2026-05-07,P017277,capture,3867,142,3725,USD,
S002129,2026-05-07,P000946,capture,18995,581,18414,USD,
S002133,2026-05-07,P009721,capture,4667,165,4502,USD,
S002137,2026-05-07,P012255,capture,1623,77,1546,USD,
S002141,2026-05-07,P007609,capture,26455,797,25658,USD,
S002147,2026-05-07,P002947,capture,3975,145,3830,USD,
S002150,2026-05-07,P006042,capture,2130,92,2038,USD,
S002151,2026-05-07,P002586,capture,12382,389,11993,USD,
S002155,2026-05-07,P012919,capture,8210,268,7942,USD,
S002156,2026-05-07,P018004,capture,263,38,225,USD,
S002160,2026-05-07,P004242,capture,9144,295,8849,USD,
S002163,2026-05-07,P014733,capture,13355,417,12938,USD,
S002165,2026-05-07,P003502,capture,7519,248,7271,USD,
S002168,2026-05-07,P015173,capture,2586,105,2481,USD,
S002169,2026-05-07,P004243,capture,1794,82,1712,USD,
S002173,2026-05-07,P013762,capture,4822,170,4652,USD,
S002176,2026-05-07,P008214,capture,9005,291,8714,USD,
S002180,2026-05-07,P017030,capture,2034,89,1945,USD,
S002181,2026-05-07,P005093,capture,2750,110,2640,USD,
S002185,2026-05-07,P013493,capture,1838,83,1755,USD,
S002186,2026-05-07,P012271,capture,8861,287,8574,USD,
S002194,2026-05-07,P014185,capture,2295,97,2198,USD,
S002195,2026-05-07,P013809,capture,2172,93,2079,USD,
S002199,2026-05-07,P001324,capture,3210,123,3087,USD,
S002203,2026-05-07,P000221,capture,7914,260,7654,USD,
S002206,2026-05-07,P014655,capture,7235,240,6995,USD,
S002212,2026-05-07,P010160,capture,5238,182,5056,USD,
S002215,2026-05-07,P012489,capture,14398,448,13950,USD,
S002216,2026-05-07,P005184,capture,13739,428,13311,USD,
S002223,2026-05-07,P002426,capture,2870,113,2757,USD,
S002224,2026-05-07,P001326,capture,3107,120,2987,USD,
S002234,2026-05-07,P012557,capture,3935,144,3791,USD,
S002236,2026-05-07,P016671,capture,7179,238,6941,USD,
S002238,2026-05-07,P005168,capture,785,53,732,USD,
S002242,2026-05-07,P017146,capture,10163,325,9838,USD,
S002243,2026-05-07,P011395,capture,6465,217,6248,USD,
S002244,2026-05-07,P001022,capture,9962,319,9643,USD,
S002247,2026-05-07,P004151,capture,9847,316,9531,USD,
S002251,2026-05-07,P007848,capture,3736,138,3598,USD,
S002258,2026-05-07,P010268,capture,1209,65,1144,USD,
S002265,2026-05-07,P005060,capture,1469,73,1396,USD,
S002266,2026-05-07,P010484,capture,9856,316,9540,USD,
S002270,2026-05-07,P017043,capture,6688,224,6464,USD,
S002273,2026-05-07,P018043,capture,1613,77,1536,USD,
S002274,2026-05-07,P006489,capture,9027,292,8735,USD,
S002275,2026-05-07,P001986,capture,4257,153,4104,USD,
S002280,2026-05-07,P001892,capture,14771,458,14313,USD,
S002288,2026-05-07,P010179,capture,5579,192,5387,USD,
S002290,2026-05-07,P002088,capture,6939,231,6708,USD,
S002292,2026-05-07,P018330,capture,3749,139,3610,USD,
S002293,2026-05-07,P003082,capture,5864,200,5664,USD,
S002298,2026-05-07,P015118,capture,11769,371,11398,USD,
S002300,2026-05-07,P006346,capture,62502,1843,60659,USD,
S002303,2026-05-07,P019190,capture,38151,1136,37015,USD,
S002304,2026-05-07,P009606,capture,2680,108,2572,USD,
S002305,2026-05-07,P002621,capture,1601,76,1525,USD,
S002307,2026-05-07,P000021,capture,32389,969,31420,USD,
S002310,2026-05-07,P013424,capture,9274,299,8975,USD,
S002316,2026-05-07,P015511,capture,8681,282,8399,USD,
S002320,2026-05-07,P004616,capture,9311,300,9011,USD,
S002323,2026-05-07,P011250,capture,18350,562,17788,USD,
S002328,2026-05-07,P019742,capture,9998,320,9678,USD,
S002333,2026-05-07,P015632,capture,4655,165,4490,USD,
S002337,2026-05-07,P000875,capture,11405,361,11044,USD,
S002339,2026-05-07,P017167,capture,1015,59,956,USD,
S002340,2026-05-07,P008805,capture,25295,764,24531,USD,
S002353,2026-05-07,P014061,capture,1448,72,1376,USD,
S002354,2026-05-07,P005020,capture,2333,98,2235,USD,
S002355,2026-05-07,P009631,capture,2467,102,2365,USD,
S002362,2026-05-07,P011884,capture,10128,324,9804,USD,
S002366,2026-05-07,P013285,capture,5694,195,5499,USD,
S002371,2026-05-07,P019758,capture,15693,485,15208,USD,
S002373,2026-05-07,P005830,capture,1236,66,1170,USD,
S002374,2026-05-07,P005377,capture,7179,238,6941,USD,
S002378,2026-05-07,P016486,capture,3112,120,2992,USD,
S002381,2026-05-07,P016414,capture,5114,178,4936,USD,
S002387,2026-05-07,P010446,capture,2274,96,2178,USD,
S002393,2026-05-07,P006400,capture,5744,197,5547,USD,
S002395,2026-05-07,P003568,capture,5387,186,5201,USD,
S002397,2026-05-07,P016811,capture,11826,373,11453,USD,
S002401,2026-05-07,P014045,capture,3755,139,3616,USD,
S002410,2026-05-07,P006526,capture,6335,214,6121,USD,
S002411,2026-05-07,P006589,capture,2009,88,1921,USD,
S002412,2026-05-07,P012469,capture,3300,126,3174,USD,
S002413,2026-05-07,P011730,capture,4051,147,3904,USD,
S002422,2026-05-07,P002075,capture,2012,88,1924,USD,
S002424,2026-05-07,P012054,capture,3598,134,3464,USD,
S002427,2026-05-07,P003423,capture,25511,770,24741,USD,
S002429,2026-05-07,P010736,capture,7037,234,6803,USD,
S002431,2026-05-07,P008617,capture,5581,192,5389,USD,
S002432,2026-05-07,P005726,capture,8758,284,8474,USD,
S002435,2026-05-07,P009797,capture,3444,130,3314,USD,
S002439,2026-05-07,P005251,capture,5599,192,5407,USD,
S002440,2026-05-07,P009638,capture,8528,277,8251,USD,
S002445,2026-05-07,P019839,capture,5935,202,5733,USD,
S002463,2026-05-07,P013681,capture,3679,137,3542,USD,
S002466,2026-05-07,P011766,capture,5700,195,5505,USD,
S002469,2026-05-07,P008207,capture,7349,243,7106,USD,
S002470,2026-05-07,P019853,capture,6997,233,6764,USD,
S002473,2026-05-07,P005355,capture,6577,221,6356,USD,
S002477,2026-05-07,P011515,capture,1164,64,1100,USD,
S002478,2026-05-07,P002322,capture,4134,150,3984,USD,
S002480,2026-05-07,P017386,capture,4503,161,4342,USD,
S002488,2026-05-07,P006203,capture,3759,139,3620,USD,
S002489,2026-05-07,P003651,capture,9399,303,9096,USD,
S002492,2026-05-07,P019573,capture,4270,154,4116,USD,
S002493,2026-05-07,P010136,capture,1685,79,1606,USD,
S002501,2026-05-07,P011285,capture,6162,209,5953,USD,
S002502,2026-05-07,P010030,capture,5710,196,5514,USD,
S002504,2026-05-07,P014951,capture,7388,244,7144,USD,
S002517,2026-05-07,P012755,capture,5940,202,5738,USD,
S002526,2026-05-07,P019343,capture,7334,243,7091,USD,
S002527,2026-05-07,P013502,capture,6680,224,6456,USD,
S002529,2026-05-07,P004013,capture,3436,130,3306,USD,
S002536,2026-05-07,P014007,capture,8842,286,8556,USD,
S002537,2026-05-07,P016192,capture,3141,121,3020,USD,
S002541,2026-05-07,P018806,capture,5200,181,5019,USD,
S002546,2026-05-07,P018599,capture,1206,65,1141,USD,
S002547,2026-05-07,P017269,capture,11674,369,11305,USD,
S002549,2026-05-07,P002289,capture,4745,168,4577,USD,
S002557,2026-05-07,P019753,capture,10008,320,9688,USD,
S002559,2026-05-07,P003545,capture,18410,564,17846,USD,
S002560,2026-05-07,P005370,capture,2490,102,2388,USD,
S002561,2026-05-07,P019148,capture,3081,119,2962,USD,
S002565,2026-05-07,P006433,capture,14236,443,13793,USD,
S002571,2026-05-07,P015072,capture,1223,65,1158,USD,
S002574,2026-05-07,P011249,capture,2219,94,2125,USD,
S002577,2026-05-07,P019842,capture,1899,85,1814,USD,
S002579,2026-05-07,P009060,capture,6786,227,6559,USD,
S002581,2026-05-07,P000104,capture,1837,83,1754,USD,
S002590,2026-05-07,P019304,capture,25169,760,24409,USD,
S002591,2026-05-07,P001222,capture,6646,223,6423,USD,
S002592,2026-05-07,P019930,capture,5785,198,5587,USD,
S002597,2026-05-07,P016030,capture,8097,265,7832,USD,
S002598,2026-05-07,P001099,capture,5263,183,5080,USD,
S002599,2026-05-07,P009343,capture,5599,192,5407,USD,
S002607,2026-05-07,P012063,capture,2878,113,2765,USD,
S002609,2026-05-07,P010790,capture,19618,599,19019,USD,
S002612,2026-05-07,P010407,capture,8307,271,8036,USD,
S002614,2026-05-07,P005861,capture,4664,165,4499,USD,
S002621,2026-05-07,P007354,capture,18511,567,17944,USD,
S002622,2026-05-07,P018549,capture,1501,74,1427,USD,
S002624,2026-05-07,P008459,capture,2738,109,2629,USD,
S002625,2026-05-07,P019901,capture,8454,275,8179,USD,
S002627,2026-05-07,P009425,capture,2648,107,2541,USD,
S002634,2026-05-07,P005622,capture,13645,426,13219,USD,
S002639,2026-05-07,P003685,capture,5136,179,4957,USD,
S002642,2026-05-07,P007282,capture,2101,91,2010,USD,
S002646,2026-05-07,P016251,capture,3790,140,3650,USD,
S002647,2026-05-07,P003592,capture,2937,115,2822,USD,
S002651,2026-05-07,P003517,capture,7670,252,7418,USD,
S002654,2026-05-07,P008286,capture,4152,150,4002,USD,
S002659,2026-05-07,P010123,capture,439,43,396,USD,
S002660,2026-05-07,P001422,capture,1561,75,1486,USD,
S002665,2026-05-07,P016422,capture,3550,133,3417,USD,
S002668,2026-05-07,P014921,capture,1577,76,1501,USD,
S002671,2026-05-07,P009494,capture,1533,74,1459,USD,
S002674,2026-05-07,P009069,capture,9210,297,8913,USD,
S002678,2026-05-07,P005296,capture,5517,190,5327,USD,
S002683,2026-05-07,P015600,capture,2625,106,2519,USD,
S002684,2026-05-07,P005202,capture,2484,102,2382,USD,
S002693,2026-05-07,P000956,capture,7148,237,6911,USD,
S002694,2026-05-07,P006119,capture,25023,756,24267,USD,
S002699,2026-05-07,P018133,capture,10839,343,10496,EUR,converted at 1.0961
S002700,2026-05-07,P007810,capture,3626,135,3491,USD,
S002703,2026-05-07,P006854,capture,12635,396,12239,USD,
S002704,2026-05-07,P006930,capture,6237,211,6026,USD,
S002705,2026-05-07,P017140,capture,11562,365,11197,USD,
S002712,2026-05-07,P004582,capture,1671,78,1593,USD,
S002713,2026-05-07,P016353,capture,12303,387,11916,USD,
S002717,2026-05-07,P006575,capture,23858,722,23136,USD,
S002720,2026-05-07,P018945,capture,5996,204,5792,USD,
S002722,2026-05-07,P018118,capture,6879,229,6650,USD,
S002723,2026-05-07,P009950,capture,19380,592,18788,USD,
S002724,2026-05-07,P004153,capture,2559,104,2455,USD,
S002729,2026-05-07,P014389,capture,12581,395,12186,USD,
S002731,2026-05-07,P011263,capture,1562,75,1487,USD,
S002732,2026-05-07,P003876,capture,13711,428,13283,USD,
S002735,2026-05-07,P006488,capture,1600,76,1524,USD,
S002736,2026-05-07,P018016,capture,3639,136,3503,USD,
S002746,2026-05-07,P010671,capture,4137,150,3987,USD,
S002751,2026-05-07,P018451,capture,4954,174,4780,USD,
S002753,2026-05-07,P008630,capture,7670,252,7418,USD,
S002756,2026-05-07,P015385,capture,4225,153,4072,USD,
S002757,2026-05-07,P008502,capture,23263,705,22558,USD,
S002758,2026-05-07,P011482,capture,10479,334,10145,USD,
S002761,2026-05-07,P016081,capture,3892,143,3749,USD,
S002762,2026-05-07,P007198,capture,15342,475,14867,USD,
S002770,2026-05-07,P012903,capture,2913,114,2799,USD,
S002772,2026-05-07,P017466,capture,1536,75,1461,USD,
S002773,2026-05-07,P003266,capture,15826,489,15337,USD,
S002776,2026-05-07,P005200,capture,1775,81,1694,USD,
S002789,2026-05-07,P008974,capture,19852,606,19246,USD,
S002790,2026-05-07,P017611,capture,5179,180,4999,USD,
S002791,2026-05-07,P012556,capture,4445,159,4286,USD,
S002792,2026-05-07,P018397,capture,21473,653,20820,USD,
S002794,2026-05-07,P016487,capture,6395,215,6180,USD,
S002795,2026-05-07,P004716,capture,4649,165,4484,USD,
S002798,2026-05-07,P006355,capture,5614,193,5421,USD,
S002802,2026-05-07,P000238,capture,2784,111,2673,USD,
S002808,2026-05-07,P009166,capture,1104,62,1042,USD,
S002814,2026-05-07,P007824,capture,17003,523,16480,USD,
S002817,2026-05-07,P001613,capture,6944,231,6713,USD,
S002819,2026-05-07,P002779,capture,5265,183,5082,USD,
S002822,2026-05-07,P015040,capture,22221,674,21547,USD,
S002823,2026-05-07,P013491,capture,3947,144,3803,USD,
S002825,2026-05-07,P013844,capture,1488,73,1415,USD,
S002827,2026-05-07,P012410,capture,4698,166,4532,USD,
S002829,2026-05-07,P005372,capture,3828,141,3687,USD,
S002831,2026-05-07,P007226,capture,1541,75,1466,USD,
S002835,2026-05-07,P000928,capture,5314,184,5130,USD,
S002837,2026-05-07,P002061,capture,927,57,870,USD,
S002838,2026-05-07,P017250,capture,2931,115,2816,USD,
S002839,2026-05-07,P018706,capture,1639,78,1561,USD,
S002842,2026-05-07,P001622,capture,27111,816,26295,USD,
S002846,2026-05-07,P011054,capture,5288,183,5105,USD,
S002847,2026-05-07,P010238,capture,1961,87,1874,USD,
S002850,2026-05-07,P018136,capture,5022,176,4846,USD,
S002859,2026-05-07,P006613,capture,3513,132,3381,USD,
S002863,2026-05-07,P007238,capture,15899,490,15409,EUR,converted at 1.0961
S002872,2026-05-07,P015768,capture,1563,75,1488,USD,
S002881,2026-05-07,P011456,capture,12329,388,11941,USD,
S002884,2026-05-07,P014035,capture,4535,162,4373,USD,
S002886,2026-05-07,P018297,capture,1908,85,1823,USD,
S002889,2026-05-07,P018630,capture,3098,120,2978,USD,
S002893,2026-05-07,P017971,capture,7220,239,6981,USD,
S002895,2026-05-07,P002405,capture,1828,83,1745,USD,
S002897,2026-05-07,P014136,capture,3902,143,3759,USD,
S002899,2026-05-07,P014493,capture,7007,233,6774,USD,
S002904,2026-05-07,P002799,capture,1133,63,1070,USD,
S002907,2026-05-07,P015974,capture,8726,283,8443,USD,
S002908,2026-05-07,P011915,capture,4905,172,4733,USD,
S002910,2026-05-07,P013340,capture,9132,295,8837,USD,
S002911,2026-05-07,P019459,capture,2159,93,2066,USD,
S002913,2026-05-07,P010333,capture,2602,105,2497,USD,
S002920,2026-05-07,P005263,capture,3766,139,3627,USD,
S002926,2026-05-07,P008863,capture,3792,140,3652,USD,
S002927,2026-05-07,P015963,capture,703,50,653,USD,
S002928,2026-05-07,P003793,capture,6926,231,6695,USD,
S002931,2026-05-07,P018588,capture,4643,165,4478,USD,
S002940,2026-05-07,P000387,capture,1278,67,1211,USD,
S002941,2026-05-07,P019935,capture,27055,815,26240,USD,
S002947,2026-05-07,P011273,capture,4603,163,4440,USD,
S002949,2026-05-07,P000965,capture,7593,250,7343,USD,
S002950,2026-05-07,P016058,capture,3597,134,3463,USD,
S002953,2026-05-07,P014312,capture,8608,280,8328,USD,
S002954,2026-05-07,P000320,capture,6141,208,5933,USD,
S002957,2026-05-07,P011496,capture,6897,230,6667,USD,
S002958,2026-05-07,P003529,capture,4789,169,4620,USD,
S002960,2026-05-07,P006389,capture,3082,119,2963,USD,
S002962,2026-05-07,P009401,capture,6900,230,6670,USD,
S002968,2026-05-07,P017339,capture,2754,110,2644,USD,
S002969,2026-05-07,P013986,capture,4993,175,4818,USD,
S002973,2026-05-07,P017417,capture,20308,619,19689,USD,
S002975,2026-05-07,P009258,capture,10933,347,10586,USD,
S002981,2026-05-07,P016117,capture,20470,624,19846,USD,
S002983,2026-05-07,P018158,capture,8292,270,8022,USD,
S002985,2026-05-07,P003175,capture,5367,186,5181,USD,
S002987,2026-05-07,P009418,capture,2405,100,2305,USD,
S002991,2026-05-07,P012313,capture,17312,532,16780,USD,
S002993,2026-05-07,P011898,capture,21491,653,20838,USD,
S002994,2026-05-07,P014876,capture,5828,199,5629,USD,
S002998,2026-05-07,P009221,capture,3586,134,3452,USD,
S003000,2026-05-07,P019683,capture,2954,116,2838,USD,
S003005,2026-05-07,P015636,capture,5899,201,5698,USD,
S003007,2026-05-07,P017839,capture,3507,132,3375,USD,
S003008,2026-05-07,P006961,capture,5176,180,4996,USD,
S003009,2026-05-07,P017737,capture,2631,106,2525,USD,
S003010,2026-05-07,P016427,capture,849,55,794,USD,
S003012,2026-05-07,P001244,capture,4955,174,4781,USD,
S003013,2026-05-07,P002690,capture,11243,356,10887,USD,
S003014,2026-05-07,P014668,capture,2380,99,2281,USD,
S003015,2026-05-07,P003929,capture,6291,212,6079,USD,
S003019,2026-05-07,P009703,capture,2841,112,2729,USD,
S003020,2026-05-07,P011927,capture,18665,571,18094,USD,
S003021,2026-05-07,P005055,capture,3798,140,3658,USD,
S003024,2026-05-07,P011278,capture,2272,96,2176,USD,
S003025,2026-05-07,P000585,capture,12287,386,11901,USD,
S003027,2026-05-07,P016890,capture,3100,120,2980,USD,
S003028,2026-05-07,P019112,capture,8127,266,7861,USD,
S003031,2026-05-07,P011191,capture,2301,97,2204,USD,
S003033,2026-05-07,P017324,capture,5881,201,5680,USD,
S003037,2026-05-07,P016884,capture,40271,1198,39073,USD,
S003039,2026-05-07,P011640,capture,10910,346,10564,USD,
S003040,2026-05-07,P006532,capture,2191,94,2097,USD,
S003041,2026-05-07,P000508,capture,7143,237,6906,USD,
S003043,2026-05-07,P016978,capture,7635,251,7384,USD,
S003044,2026-05-07,P019319,capture,5566,191,5375,USD,
S003047,2026-05-07,P014706,capture,8650,281,8369,USD,
S003049,2026-05-07,P010597,capture,1436,72,1364,USD,
S003050,2026-05-07,P011787,capture,1533,74,1459,USD,
S003052,2026-05-07,P018640,capture,2360,98,2262,USD,
S003053,2026-05-07,P017751,capture,1024,60,964,USD,
S003054,2026-05-07,P005244,capture,5152,179,4973,USD,
S003057,2026-05-07,P006650,capture,9216,297,8919,USD,
S003058,2026-05-07,P016661,capture,3546,133,3413,USD,
S003062,2026-05-07,P012386,capture,4640,165,4475,USD,
S003063,2026-05-07,P008070,capture,28062,844,27218,USD,
S003064,2026-05-07,P008461,capture,5992,204,5788,USD,
S003067,2026-05-07,P001957,capture,3712,138,3574,USD,
S003069,2026-05-07,P008680,capture,6142,208,5934,USD,
S003070,2026-05-07,P003292,capture,7407,245,7162,USD,
S003075,2026-05-07,P008376,capture,1489,73,1416,USD,
S003077,2026-05-07,P005199,capture,9905,317,9588,USD,
S003078,2026-05-07,P019092,capture,2960,116,2844,USD,
S003079,2026-05-07,P014612,capture,5529,190,5339,USD,
S003080,2026-05-07,P015234,capture,3780,140,3640,USD,
S003082,2026-05-07,P006995,capture,6224,210,6014,USD,
S003083,2026-05-07,P015045,capture,6805,227,6578,USD,
S003084,2026-05-07,P015664,capture,28568,858,27710,USD,
S003085,2026-05-07,P011484,capture,3614,135,3479,USD,
S003086,2026-05-07,P009575,capture,8523,277,8246,USD,
S003087,2026-05-07,P002933,capture,8546,278,8268,USD,
S003088,2026-05-07,P014145,capture,7336,243,7093,USD,
S003089,2026-05-07,P001049,capture,4044,147,3897,USD,
S003090,2026-05-07,P017802,capture,1293,67,1226,USD,
S003091,2026-05-07,P003845,capture,1336,69,1267,USD,
S003097,2026-05-07,P005203,capture,13332,417,12915,USD,
S003099,2026-05-07,P019330,capture,2799,111,2688,USD,
S003101,2026-05-07,P008636,capture,7811,257,7554,USD,
S003102,2026-05-07,P018702,capture,4596,163,4433,USD,
S003103,2026-05-07,P019672,capture,12336,388,11948,USD,
S003104,2026-05-07,P013699,capture,12593,395,12198,USD,
S003105,2026-05-07,P000082,capture,6189,209,5980,USD,
S003106,2026-05-07,P019094,capture,2613,106,2507,USD,
S003107,2026-05-07,P005252,capture,3386,128,3258,USD,
S003108,2026-05-07,P009698,capture,13453,420,13033,USD,
S003110,2026-05-07,P017150,capture,6170,209,5961,USD,
S003111,2026-05-07,P005446,capture,3226,124,3102,USD,
S003112,2026-05-07,P017702,capture,10305,329,9976,USD,
S003114,2026-05-07,P005843,capture,2102,91,2011,USD,
S003115,2026-05-07,P016208,capture,3645,136,3509,USD,
S003116,2026-05-07,P003359,capture,2338,98,2240,USD,
S003117,2026-05-07,P010278,capture,4598,163,4435,USD,
S003118,2026-05-07,P005084,capture,492,44,448,USD,
S003119,2026-05-07,P004119,capture,7468,247,7221,USD,
S003120,2026-05-07,P006795,capture,2382,99,2283,USD,
S003121,2026-05-07,P010949,capture,2688,108,2580,USD,
S003123,2026-05-07,P011921,capture,9980,319,9661,USD,
S003124,2026-05-07,P008025,capture,23935,724,23211,USD,
S003126,2026-05-07,P007353,capture,3978,145,3833,USD,
S003127,2026-05-07,P017539,capture,5249,182,5067,USD,
S003129,2026-05-07,P015471,capture,5411,187,5224,USD,
S003130,2026-05-07,P005779,capture,2612,106,2506,USD,
S003132,2026-05-07,P009407,capture,18983,581,18402,USD,
S003133,2026-05-07,P007476,capture,19209,587,18622,USD,
S003134,2026-05-07,P011820,capture,8667,281,8386,USD,
S003136,2026-05-07,P006612,capture,1110,62,1048,USD,
S003137,2026-05-07,P014894,capture,12186,383,11803,USD,
S003139,2026-05-07,P007169,capture,1668,78,1590,USD,
S003142,2026-05-07,P011433,capture,30599,917,29682,USD,
S003143,2026-05-07,P012614,capture,3811,141,3670,USD,
S003144,2026-05-07,P007258,capture,10140,324,9816,USD,
S003145,2026-05-07,P000758,capture,4956,174,4782,USD,
S003146,2026-05-07,P019718,capture,1589,75,1514,EUR,converted at 1.0961
S003148,2026-05-07,P018770,capture,1871,84,1787,USD,
S003150,2026-05-07,P006410,capture,749,52,697,USD,
S003157,2026-05-07,P015460,capture,8570,279,8291,USD,
S003158,2026-05-07,P018666,capture,5392,186,5206,USD,
S003159,2026-05-07,P005905,capture,4769,168,4601,USD,
S003160,2026-05-07,P008824,capture,5101,178,4923,USD,
S003161,2026-05-07,P019626,capture,2554,104,2450,USD,
S003162,2026-05-07,P016806,capture,2423,100,2323,USD,
S003163,2026-05-07,P019716,capture,37066,1105,35961,USD,
S003165,2026-05-07,P010362,capture,1247,66,1181,USD,
S003166,2026-05-07,P005842,capture,4177,151,4026,USD,
S003167,2026-05-07,P012274,capture,1994,88,1906,USD,
S003168,2026-05-07,P010391,capture,1215,65,1150,USD,
S003169,2026-05-07,P014323,capture,19124,585,18539,USD,
S003170,2026-05-07,P001737,capture,2322,97,2225,USD,
S003171,2026-05-07,P011991,capture,6611,222,6389,USD,
S003172,2026-05-07,P000081,capture,4890,172,4718,USD,
S003174,2026-05-07,P015581,capture,1927,86,1841,USD,
S003175,2026-05-07,P007390,capture,7561,249,7312,USD,
S003176,2026-05-07,P017732,capture,8714,283,8431,USD,
S003178,2026-05-07,P016793,capture,7838,257,7581,USD,
S003180,2026-05-07,P006849,capture,3746,139,3607,USD,
S003181,2026-05-07,P019724,capture,7002,233,6769,USD,
S003184,2026-05-07,P018709,capture,4893,172,4721,USD,
S003185,2026-05-07,P002887,capture,4222,152,4070,USD,
S003186,2026-05-07,P014255,capture,3671,136,3535,USD,
S003188,2026-05-07,P005633,capture,11123,353,10770,USD,
S003190,2026-05-07,P018399,capture,12741,399,12342,USD,
S003191,2026-05-07,P014400,capture,6498,218,6280,USD,
S003192,2026-05-07,P012742,capture,2276,96,2180,USD,
S003194,2026-05-07,P015299,capture,7328,243,7085,USD,
S003196,2026-05-07,P014810,capture,3228,124,3104,USD,
S003197,2026-05-07,P006626,capture,8526,277,8249,USD,
S003199,2026-05-07,P019301,capture,5483,189,5294,USD,
S003200,2026-05-07,P006364,capture,12721,399,12322,USD,
S003201,2026-05-07,P006424,capture,1873,84,1789,USD,
S003203,2026-05-07,P001407,capture,3860,142,3718,USD,
S003204,2026-05-07,P009738,capture,6698,224,6474,USD,
S003205,2026-05-07,P003230,capture,738,51,687,USD,
S003206,2026-05-07,P010478,capture,7821,257,7564,USD,
S003207,2026-05-07,P006881,capture,3929,144,3785,USD,
S003208,2026-05-07,P011938,capture,3388,128,3260,USD,
S003209,2026-05-07,P006267,capture,727,51,676,USD,
S003211,2026-05-07,P019986,capture,6057,206,5851,USD,
S003212,2026-05-07,P017806,capture,2717,109,2608,USD,
S003214,2026-05-07,P017396,capture,5371,186,5185,USD,
S003217,2026-05-07,P019219,capture,2818,112,2706,USD,
S003218,2026-05-07,P001079,capture,1816,83,1733,USD,
S003219,2026-05-07,P000493,capture,4577,163,4414,USD,
S003221,2026-05-07,P007273,capture,1606,77,1529,USD,
S003222,2026-05-07,P013842,capture,3605,135,3470,USD,
S003223,2026-05-07,P004432,capture,35939,1072,34867,USD,
S003224,2026-05-07,P007986,capture,5376,186,5190,USD,
S003225,2026-05-07,P016774,capture,5071,177,4894,USD,
S003226,2026-05-07,P018610,capture,2987,117,2870,USD,
S003227,2026-05-07,P007160,capture,3910,143,3767,USD,
S003230,2026-05-07,P006921,capture,13091,410,12681,USD,
S003233,2026-05-07,P001487,capture,1353,69,1284,USD,
S003234,2026-05-07,P000479,capture,4623,164,4459,USD,
S003235,2026-05-07,P004606,capture,4478,160,4318,USD,
S003236,2026-05-07,P010132,capture,27186,818,26368,USD,
S003237,2026-05-07,P005303,capture,14042,437,13605,USD,
S003238,2026-05-07,P016995,capture,13488,421,13067,USD,
S003239,2026-05-07,P011010,capture,9699,311,9388,USD,
S003240,2026-05-07,P008841,capture,2855,113,2742,USD,
S003242,2026-05-07,P004036,capture,12590,395,12195,USD,
S003246,2026-05-07,P012395,capture,3251,124,3127,USD,
S003249,2026-05-07,P008610,capture,3124,121,3003,USD,
S003250,2026-05-07,P012732,capture,2359,98,2261,USD,
S003251,2026-05-07,P005551,capture,2540,104,2436,USD,
S003254,2026-05-07,P008173,capture,13296,416,12880,USD,
S003255,2026-05-07,P014289,capture,19609,599,19010,USD,
S003256,2026-05-07,P015649,capture,11619,367,11252,USD,
S003257,2026-05-07,P005521,capture,5188,180,5008,USD,
S003258,2026-05-07,P002506,capture,3566,133,3433,USD,
S003261,2026-05-07,P019728,capture,5608,193,5415,USD,
S003262,2026-05-07,P002766,capture,5893,201,5692,USD,
S003263,2026-05-07,P010749,capture,14244,443,13801,USD,
S003264,2026-05-07,P017928,capture,3228,124,3104,USD,
S003267,2026-05-07,P009336,capture,3519,132,3387,USD,
S003270,2026-05-07,P001785,capture,8890,288,8602,USD,
S003271,2026-05-07,P011325,capture,3508,132,3376,USD,
S003272,2026-05-07,P006368,capture,8997,291,8706,USD,
S003273,2026-05-07,P016586,capture,9935,318,9617,USD,
S003275,2026-05-07,P015315,capture,2447,101,2346,USD,
S003276,2026-05-07,P013614,capture,4431,158,4273,USD,
S003277,2026-05-07,P005782,capture,787,53,734,USD,
S003278,2026-05-07,P015111,capture,3792,140,3652,USD,
S003279,2026-05-07,P007699,capture,43344,1287,42057,USD,
S003281,2026-05-07,P010029,capture,1158,64,1094,USD,
S003284,2026-05-07,P019105,capture,3013,117,2896,USD,
S003286,2026-05-07,P016031,capture,5653,194,5459,USD,
S003288,2026-05-07,P016833,capture,6350,214,6136,USD,
S003292,2026-05-07,P011985,capture,32951,986,31965,USD,
S003293,2026-05-07,P010925,capture,3214,123,3091,USD,
S003294,2026-05-07,P017196,capture,15041,466,14575,USD,
S003295,2026-05-07,P005348,capture,3146,121,3025,USD,
S003296,2026-05-07,P017244,capture,5427,187,5240,USD,
S003297,2026-05-07,P015049,capture,5046,176,4870,USD,
S003298,2026-05-07,P000172,capture,13055,409,12646,USD,
S003301,2026-05-07,P007042,capture,945,57,888,USD,
S003304,2026-05-07,P013444,capture,5333,185,5148,USD,
S003306,2026-05-07,P010402,capture,6776,227,6549,USD,
S003307,2026-05-07,P015990,capture,3523,132,3391,USD,
S003308,2026-05-07,P007255,capture,3541,133,3408,USD,
S003310,2026-05-07,P018209,capture,5076,177,4899,USD,
S003311,2026-05-07,P010678,capture,27535,829,26706,USD,
S003312,2026-05-07,P015707,capture,4027,147,3880,USD,
S003313,2026-05-07,P016067,capture,2293,96,2197,USD,
S003314,2026-05-07,P017797,capture,860,55,805,USD,
S003316,2026-05-07,P006136,capture,4256,153,4103,USD,
S003317,2026-05-07,P002198,capture,3667,136,3531,USD,
S003318,2026-05-07,P012059,capture,2060,90,1970,USD,
S003319,2026-05-07,P008046,capture,3439,130,3309,USD,
S003321,2026-05-07,P016200,capture,3159,122,3037,USD,
S003322,2026-05-07,P016669,capture,1674,79,1595,USD,
S003323,2026-05-07,P000375,capture,3438,130,3308,USD,
S003324,2026-05-07,P016297,capture,8160,267,7893,USD,
S003327,2026-05-07,P017236,capture,1615,77,1538,USD,
S003330,2026-05-07,P013745,capture,4060,148,3912,USD,
S003331,2026-05-07,P011611,capture,2961,116,2845,USD,
S003332,2026-05-07,P003180,capture,22117,671,21446,USD,
S003335,2026-05-07,P002789,capture,5551,191,5360,USD,
S003336,2026-05-07,P019217,capture,4087,149,3938,USD,
S003338,2026-05-07,P002893,capture,10134,324,9810,USD,
S003339,2026-05-07,P015553,capture,3486,131,3355,USD,
S003342,2026-05-07,P005405,capture,2716,109,2607,USD,
S003345,2026-05-07,P005040,capture,5359,185,5174,USD,
S003348,2026-05-07,P009047,capture,1779,82,1697,USD,
S003349,2026-05-07,P000538,capture,2079,90,1989,USD,
S003352,2026-05-07,P009584,capture,5819,199,5620,USD,
S003353,2026-05-07,P004659,capture,1798,82,1716,USD,
S003355,2026-05-07,P009448,capture,29396,882,28514,USD,
S003356,2026-05-07,P014662,capture,17931,550,17381,USD,
S003357,2026-05-07,P014076,capture,2254,95,2159,USD,
S003358,2026-05-07,P011083,capture,7575,250,7325,USD,
S003359,2026-05-07,P005269,capture,7420,245,7175,USD,
S003361,2026-05-07,P011188,capture,1696,79,1617,USD,
S003362,2026-05-07,P002097,capture,18056,554,17502,USD,
S003363,2026-05-07,P011133,capture,1638,78,1560,USD,
S003366,2026-05-07,P015518,capture,13222,413,12809,USD,
S003367,2026-05-07,P009752,capture,4449,159,4290,USD,
S003370,2026-05-07,P007742,capture,1145,63,1082,USD,
S003372,2026-05-07,P003846,capture,10654,339,10315,USD,
S003376,2026-05-07,P017931,capture,3612,135,3477,USD,
S003378,2026-05-07,P006566,capture,8864,287,8577,USD,
S003379,2026-05-07,P011364,capture,14141,440,13701,USD,
S003381,2026-05-07,P005229,capture,8840,286,8554,USD,
S003382,2026-05-07,P015281,capture,9360,301,9059,USD,
S003383,2026-05-07,P014114,capture,9379,302,9077,USD,
S003384,2026-05-07,P009562,capture,6667,223,6444,USD,
S003387,2026-05-07,P018528,capture,4472,160,4312,USD,
S003388,2026-05-07,P012681,capture,2032,89,1943,USD,
S003389,2026-05-07,P014547,capture,57764,1705,56059,USD,
S003390,2026-05-07,P007423,capture,13463,420,13043,USD,
S003391,2026-05-07,P008821,capture,5637,193,5444,USD,
S003394,2026-05-07,P007525,capture,6532,219,6313,USD,
S003395,2026-05-07,P018447,capture,20958,638,20320,USD,
S003396,2026-05-07,P003069,capture,9352,301,9051,USD,
S003398,2026-05-07,P018557,capture,935,57,878,USD,
S003399,2026-05-07,P019991,capture,1487,73,1414,USD,
S003402,2026-05-07,P017299,capture,6478,218,6260,USD,
S003403,2026-05-07,P016616,capture,27133,817,26316,USD,
S003404,2026-05-07,P016237,capture,8049,263,7786,USD,
S003405,2026-05-07,P002045,capture,14502,451,14051,USD,
S003406,2026-05-07,P014422,capture,6068,206,5862,USD,
S003407,2026-05-07,P017242,capture,7113,236,6877,USD,
S003410,2026-05-07,P011334,capture,1668,78,1590,USD,
S003411,2026-05-07,P009776,capture,2730,109,2621,USD,
S003412,2026-05-07,P002847,capture,2256,95,2161,USD,
S003413,2026-05-07,P012937,capture,3679,137,3542,USD,
S003414,2026-05-07,P017422,capture,15259,473,14786,USD,
S003416,2026-05-07,P003064,capture,4725,167,4558,USD,
S003418,2026-05-07,P003725,capture,4357,157,4200,EUR,converted at 1.0961
S003420,2026-05-07,P013759,capture,17197,529,16668,USD,
S003422,2026-05-07,P002483,capture,4865,171,4694,USD,
S003423,2026-05-07,P003029,capture,6663,223,6440,USD,
S003424,2026-05-07,P004976,capture,4583,163,4420,USD,
S003426,2026-05-07,P006768,capture,1757,81,1676,USD,
S003427,2026-05-07,P004295,capture,23654,716,22938,USD,
S003428,2026-05-07,P017516,capture,4703,166,4537,USD,
S003430,2026-05-07,P014819,capture,2168,93,2075,USD,
S003431,2026-05-07,P009590,capture,2576,105,2471,USD,
S003432,2026-05-07,P010626,capture,2429,100,2329,USD,
S003433,2026-05-07,P019174,capture,3954,145,3809,USD,
S003434,2026-05-07,P008027,capture,2597,105,2492,USD,
S003435,2026-05-07,P012429,capture,2914,115,2799,USD,
S003436,2026-05-07,P014902,capture,335,40,295,USD,
S003437,2026-05-07,P005241,capture,2394,99,2295,USD,
S003439,2026-05-07,P006885,capture,4856,171,4685,USD,
S003441,2026-05-07,P003880,capture,1803,82,1721,USD,
S003442,2026-05-07,P015090,capture,929,57,872,USD,
S003444,2026-05-07,P018145,capture,8136,266,7870,USD,
S003446,2026-05-07,P014034,capture,18995,581,18414,USD,
S003448,2026-05-07,P004903,capture,4751,168,4583,USD,
S003449,2026-05-07,P019004,capture,32726,979,31747,USD,
S003453,2026-05-07,P011377,capture,1475,73,1402,USD,
S003454,2026-05-07,P005022,capture,2043,89,1954,USD,
S003455,2026-05-07,P014458,capture,609,48,561,USD,
S003457,2026-05-07,P019482,capture,3597,134,3463,USD,
S003458,2026-05-07,P012039,capture,2315,97,2218,USD,
S003461,2026-05-07,P018369,capture,3831,181,3650,USD,
S003462,2026-05-07,P009779,capture,2148,92,2056,USD,
S003463,2026-05-07,P003095,capture,12137,382,11755,USD,
S003464,2026-05-07,P009071,capture,21087,642,20445,USD,
S003466,2026-05-07,P011416,capture,2599,105,2494,USD,
S003467,2026-05-07,P003074,capture,1509,74,1435,USD,
S003469,2026-05-07,P013406,capture,12612,396,12216,USD,
S003471,2026-05-07,P007371,capture,16576,511,16065,USD,
S003472,2026-05-07,P004673,capture,14293,444,13849,USD,
S003477,2026-05-07,P019873,capture,4819,170,4649,USD,
S003478,2026-05-07,P008177,capture,9733,312,9421,USD,
S003482,2026-05-07,P005787,capture,7845,258,7587,USD,
S003483,2026-05-07,P006051,capture,785,53,732,USD,
S003484,2026-05-07,P008278,capture,5390,186,5204,USD,
S003485,2026-05-07,P005703,capture,1239,66,1173,USD,
S003486,2026-05-07,P003165,capture,9228,298,8930,USD,
S003487,2026-05-07,P000814,capture,6109,207,5902,USD,
S003488,2026-05-07,P015560,capture,3599,134,3465,USD,
S003491,2026-05-07,P009356,capture,6211,210,6001,USD,
S003492,2026-05-07,P016175,capture,7401,245,7156,USD,
S003493,2026-05-07,P003024,capture,1142,63,1079,USD,
S003498,2026-05-07,P012979,capture,8169,267,7902,USD,
S003500,2026-05-07,P008470,capture,37463,1116,36347,USD,
S003501,2026-05-07,P019644,capture,5426,187,5239,USD,
S003503,2026-05-07,P013026,capture,21422,651,20771,USD,
S003504,2026-05-07,P006145,capture,1841,83,1758,USD,
S003505,2026-05-07,P015043,capture,1551,75,1476,USD,
S003507,2026-05-07,P015782,capture,2287,96,2191,USD,
S003510,2026-05-07,P012501,capture,3702,137,3565,USD,
S003511,2026-05-07,P011910,capture,8974,290,8684,USD,
S003515,2026-05-07,P002963,capture,3968,145,3823,USD,
S003518,2026-05-07,P011466,capture,7419,245,7174,USD,
S003521,2026-05-07,P003727,capture,20842,634,20208,USD,
S003522,2026-05-07,P013284,capture,4554,162,4392,USD,
S003523,2026-05-07,P007757,capture,1729,80,1649,USD,
S003524,2026-05-07,P002259,capture,51235,1516,49719,USD,
S003527,2026-05-07,P017097,capture,2104,91,2013,USD,
S003529,2026-05-07,P004920,capture,3641,136,3505,USD,
S003530,2026-05-07,P002003,capture,3618,135,3483,USD,
S003531,2026-05-07,P015333,capture,1630,77,1553,USD,
S003532,2026-05-07,P008178,capture,8606,280,8326,USD,
S003534,2026-05-07,P015542,capture,5359,185,5174,USD,
S003535,2026-05-07,P016048,capture,48283,1430,46853,USD,
S003536,2026-05-07,P000478,capture,11844,373,11471,USD,
S003537,2026-05-07,P014724,capture,3150,121,3029,USD,
S003538,2026-05-07,P014051,capture,9855,316,9539,USD,
S003542,2026-05-07,P017089,capture,2531,103,2428,USD,
S003543,2026-05-07,P011767,capture,19344,591,18753,USD,
S003544,2026-05-07,P007245,capture,3027,118,2909,USD,
S003545,2026-05-07,P015225,capture,2437,101,2336,USD,
S003547,2026-05-07,P005503,capture,9064,293,8771,USD,
S003548,2026-05-07,P019232,capture,3098,120,2978,USD,
S003549,2026-05-07,P011059,capture,5678,195,5483,USD,
S003550,2026-05-07,P012348,capture,1975,87,1888,USD,
S003551,2026-05-07,P005352,capture,3393,128,3265,USD,
S003552,2026-05-07,P006230,capture,16455,507,15948,USD,
S003555,2026-05-07,P011051,capture,4018,147,3871,USD,
S003557,2026-05-07,P010256,capture,13054,409,12645,USD,
S003558,2026-05-07,P009715,capture,13749,429,13320,USD,
S003560,2026-05-07,P009366,capture,2686,108,2578,USD,
S003561,2026-05-07,P008562,capture,2965,116,2849,USD,
S003565,2026-05-07,P017699,capture,12289,386,11903,USD,
S003567,2026-05-07,P014268,capture,3136,121,3015,USD,
S003569,2026-05-07,P010275,capture,3744,139,3605,USD,
S003571,2026-05-07,P012408,capture,5036,176,4860,USD,
S003572,2026-05-07,P005393,capture,24620,744,23876,USD,
S003574,2026-05-07,P000879,capture,2141,92,2049,USD,
S003575,2026-05-07,P002901,capture,3113,120,2993,USD,
S003577,2026-05-07,P015476,capture,8116,265,7851,USD,
S003581,2026-05-07,P014468,capture,6247,211,6036,USD,
S003582,2026-05-07,P006602,capture,2699,108,2591,USD,
S003585,2026-05-07,P000449,capture,12073,380,11693,USD,
S003586,2026-05-07,P004541,capture,5580,192,5388,USD,
S003591,2026-05-07,P006463,capture,2070,90,1980,USD,
S003594,2026-05-07,P008105,capture,22089,671,21418,USD,
S003595,2026-05-07,P017950,capture,3371,128,3243,USD,
S003597,2026-05-07,P000588,capture,11068,351,10717,USD,
S003600,2026-05-07,P006299,capture,9998,320,9678,USD,
S003603,2026-05-07,P012858,capture,4730,167,4563,USD,
S003605,2026-05-07,P011873,capture,5909,201,5708,USD,
S003606,2026-05-07,P009762,capture,17102,526,16576,USD,
S003607,2026-05-07,P002829,capture,11564,364,11200,EUR,converted at 1.0961
S003608,2026-05-07,P012320,capture,3197,123,3074,USD,
S003610,2026-05-07,P003018,capture,14973,463,14510,EUR,converted at 1.0961
S003612,2026-05-07,P005627,capture,11922,376,11546,USD,
S003613,2026-05-07,P019924,capture,28185,847,27338,USD,
S003615,2026-05-07,P016780,capture,4553,162,4391,USD,
S003616,2026-05-07,P001273,capture,8099,265,7834,USD,
S003617,2026-05-07,P012555,capture,5431,187,5244,USD,
S003618,2026-05-07,P011858,capture,2902,114,2788,USD,
S003619,2026-05-07,P004092,capture,11322,358,10964,USD,
S003620,2026-05-07,P000510,capture,28197,848,27349,USD,
S003623,2026-05-07,P019864,capture,7228,240,6988,USD,
S003624,2026-05-07,P004886,capture,878,55,823,USD,
S003626,2026-05-07,P002776,capture,16793,517,16276,USD,
S003627,2026-05-07,P006260,capture,2311,97,2214,USD,
S003628,2026-05-07,P000425,capture,5778,198,5580,USD,
S003629,2026-05-07,P019206,capture,4227,153,4074,USD,
S003631,2026-05-07,P009168,capture,34525,1031,33494,USD,
S003634,2026-05-07,P007520,capture,19945,608,19337,USD,
S003635,2026-05-07,P002832,capture,3896,143,3753,USD,
S003638,2026-05-07,P006792,capture,1016,59,957,USD,
S003642,2026-05-07,P004162,capture,1777,82,1695,USD,
S003643,2026-05-07,P011370,capture,2316,97,2219,USD,
S003646,2026-05-07,P003887,capture,337,40,297,USD,
S003647,2026-05-07,P001036,capture,1935,86,1849,USD,
S003648,2026-05-07,P014548,capture,4643,165,4478,USD,
S003650,2026-05-07,P005696,capture,3856,142,3714,USD,
S003651,2026-05-07,P016889,capture,16317,503,15814,USD,
S003652,2026-05-07,P018555,capture,6323,213,6110,USD,
S003654,2026-05-07,P013916,capture,14647,455,14192,USD,
S003655,2026-05-07,P001925,capture,4237,153,4084,USD,
S003656,2026-05-07,P011573,capture,14314,445,13869,USD,
S003657,2026-05-07,P016420,capture,743,52,691,USD,
S003658,2026-05-07,P011475,capture,3455,130,3325,USD,
S003660,2026-05-07,P004948,capture,109308,3200,106108,USD,
S003661,2026-05-07,P013073,capture,9859,316,9543,USD,
S003662,2026-05-07,P014023,capture,24582,743,23839,USD,
S003663,2026-05-07,P008041,capture,6798,227,6571,USD,
S003664,2026-05-07,P014190,capture,1256,66,1190,USD,
S003665,2026-05-07,P000962,capture,6111,207,5904,USD,
S003666,2026-05-07,P007825,capture,6174,209,5965,USD,
S003668,2026-05-07,P011907,capture,4077,148,3929,USD,
S003669,2026-05-07,P015868,capture,7928,260,7668,USD,
S003670,2026-05-07,P011495,capture,5321,184,5137,USD,
S003671,2026-05-07,P002911,capture,856,55,801,USD,
S003672,2026-05-07,P010906,capture,4880,172,4708,USD,
S003673,2026-05-07,P016405,capture,3900,143,3757,USD,
S003676,2026-05-07,P008668,capture,1471,73,1398,USD,
S003677,2026-05-07,P011576,capture,4073,148,3925,USD,
S003682,2026-05-07,P010435,capture,10640,339,10301,USD,
S003683,2026-05-07,P002218,capture,2123,92,2031,USD,
S003684,2026-05-07,P018636,capture,9428,303,9125,USD,
S003686,2026-05-07,P017026,capture,5337,185,5152,USD,
S003689,2026-05-07,P014492,capture,10682,340,10342,USD,
S003690,2026-05-07,P006933,capture,7748,255,7493,USD,
S003692,2026-05-07,P001145,capture,12430,390,12040,USD,
S003694,2026-05-07,P008112,capture,10605,338,10267,USD,
S003701,2026-05-07,P005959,capture,8385,273,8112,USD,
S003702,2026-05-07,P004140,capture,13671,426,13245,USD,
S003703,2026-05-07,P005753,capture,2249,95,2154,USD,
S003704,2026-05-07,P015427,capture,7897,259,7638,USD,
S003706,2026-05-07,P016468,capture,2558,104,2454,USD,
S003707,2026-05-07,P014567,capture,21550,655,20895,USD,
S003709,2026-05-07,P003638,capture,6092,207,5885,USD,
S003710,2026-05-07,P011802,capture,3629,135,3494,USD,
S003713,2026-05-07,P014607,capture,5801,198,5603,USD,
S003714,2026-05-07,P011309,capture,4979,174,4805,USD,
S003715,2026-05-07,P003555,capture,3859,142,3717,USD,
S003716,2026-05-07,P013787,capture,2282,96,2186,USD,
S003722,2026-05-07,P009017,capture,24936,753,24183,USD,
S003724,2026-05-07,P001653,capture,7950,261,7689,USD,
S003726,2026-05-07,P003382,capture,1582,76,1506,USD,
S003727,2026-05-07,P002450,capture,1065,62,1003,EUR,converted at 1.0961
S003728,2026-05-07,P018482,capture,7487,247,7240,USD,
S003729,2026-05-07,P007664,capture,1184,64,1120,USD,
S003730,2026-05-07,P002342,capture,4689,166,4523,USD,
S003731,2026-05-07,P003488,capture,11413,361,11052,USD,
S003733,2026-05-07,P019994,capture,3993,146,3847,USD,
S003734,2026-05-07,P019898,capture,5875,200,5675,USD,
S003736,2026-05-07,P006285,capture,3376,128,3248,USD,
S003737,2026-05-07,P011387,capture,3514,132,3382,USD,
S003738,2026-05-07,P012490,capture,9936,318,9618,USD,
S003739,2026-05-07,P012238,capture,2890,114,2776,USD,
S003740,2026-05-07,P013756,capture,2197,94,2103,USD,
S003741,2026-05-07,P010204,capture,15604,483,15121,USD,
S003744,2026-05-07,P001103,capture,8585,279,8306,USD,
S003746,2026-05-07,P018805,capture,10097,323,9774,USD,
S003747,2026-05-07,P010515,capture,7325,242,7083,USD,
S003749,2026-05-07,P004595,capture,15178,470,14708,USD,
S003750,2026-05-07,P017987,capture,1672,78,1594,USD,
S003752,2026-05-07,P011347,capture,11933,376,11557,USD,
S003753,2026-05-07,P004345,capture,1039,60,979,USD,
S003755,2026-05-07,P009965,capture,1729,80,1649,USD,
S003756,2026-05-07,P012149,capture,6421,216,6205,USD,
S003757,2026-05-07,P013463,capture,1915,86,1829,USD,
S003758,2026-05-07,P019841,capture,842,54,788,USD,
S003759,2026-05-07,P003261,capture,4482,160,4322,USD,
S003760,2026-05-07,P000291,capture,904,56,848,USD,
S003761,2026-05-07,P015172,capture,2008,88,1920,USD,
S003762,2026-05-07,P003483,capture,5363,186,5177,USD,
S003763,2026-05-07,P004564,capture,6116,207,5909,USD,
S003764,2026-05-07,P019730,capture,4232,153,4079,USD,
S003765,2026-05-07,P000187,capture,5304,184,5120,USD,
S003766,2026-05-07,P005880,capture,5683,195,5488,USD,
S003767,2026-05-07,P001739,capture,2305,97,2208,USD,
S003769,2026-05-07,P016601,capture,16245,501,15744,USD,
S003770,2026-05-07,P003237,capture,7357,243,7114,USD,
S003773,2026-05-07,P001680,capture,3167,122,3045,USD,
S003775,2026-05-07,P013772,capture,2010,88,1922,USD,
S003777,2026-05-07,P008224,capture,1844,83,1761,USD,
S003778,2026-05-07,P014195,capture,10830,344,10486,USD,
S003780,2026-05-07,P019179,capture,9566,307,9259,USD,
S003781,2026-05-07,P009282,capture,10926,347,10579,USD,
S003782,2026-05-07,P016505,capture,7056,235,6821,USD,
S003784,2026-05-07,P007868,capture,14123,440,13683,USD,
S003787,2026-05-07,P001267,capture,1992,88,1904,USD,
S003788,2026-05-07,P008590,capture,2802,111,2691,USD,
S003791,2026-05-07,P008658,capture,4046,147,3899,USD,
S003792,2026-05-07,P003631,capture,3924,144,3780,USD,
S003793,2026-05-07,P004978,capture,4201,152,4049,USD,
S003797,2026-05-07,P015375,capture,8655,281,8374,USD,
S003798,2026-05-07,P009294,capture,4374,157,4217,USD,
S003799,2026-05-07,P008667,capture,3390,128,3262,USD,
S003802,2026-05-07,P007215,capture,4110,149,3961,USD,
S003805,2026-05-07,P014783,capture,9522,306,9216,USD,
S003806,2026-05-07,P007724,capture,10495,334,10161,USD,
S003807,2026-05-07,P009514,capture,3215,123,3092,USD,
S003808,2026-05-07,P012815,capture,9278,299,8979,USD,
S003810,2026-05-07,P018360,capture,8914,289,8625,USD,
S003812,2026-05-07,P011203,capture,2721,109,2612,USD,
S003813,2026-05-07,P019643,capture,6765,226,6539,USD,
S003814,2026-05-07,P011711,capture,6237,211,6026,USD,
S003815,2026-05-07,P006658,capture,9970,319,9651,USD,
S003816,2026-05-07,P018376,capture,11674,369,11305,USD,
S003817,2026-05-07,P017997,capture,19917,608,19309,USD,
S003818,2026-05-07,P018798,capture,4927,173,4754,USD,
S003819,2026-05-07,P016710,capture,34709,1037,33672,USD,
S003820,2026-05-07,P010734,capture,769,52,717,USD,
S003822,2026-05-07,P006872,capture,18343,562,17781,USD,
S003823,2026-05-07,P018948,capture,8828,286,8542,USD,
S003825,2026-05-07,P007744,capture,3381,128,3253,USD,
S003826,2026-05-07,P017029,capture,1747,81,1666,USD,
S003827,2026-05-07,P002558,capture,1497,73,1424,USD,
S003828,2026-05-07,P001051,capture,1784,82,1702,USD,
S003829,2026-05-07,P000228,capture,2093,91,2002,USD,
S003833,2026-05-07,P015958,capture,10591,337,10254,USD,
S003835,2026-05-07,P014152,capture,6633,222,6411,USD,
S003836,2026-05-07,P011833,capture,22965,696,22269,USD,
S003837,2026-05-07,P004261,capture,6091,207,5884,USD,
S003838,2026-05-07,P008053,capture,1663,78,1585,USD,
S003841,2026-05-07,P011421,capture,15618,483,15135,USD,
S003842,2026-05-07,P000234,capture,2218,94,2124,USD,
S003843,2026-05-07,P006038,capture,14960,464,14496,USD,
S003844,2026-05-07,P010980,capture,1247,66,1181,USD,
S003845,2026-05-07,P000600,capture,1445,72,1373,USD,
S003847,2026-05-07,P002634,capture,3701,137,3564,USD,
S003848,2026-05-07,P008965,capture,5064,177,4887,USD,
S003849,2026-05-07,P004163,capture,1092,62,1030,USD,
S003851,2026-05-07,P007959,capture,28314,851,27463,USD,
S003852,2026-05-07,P009537,capture,9590,308,9282,USD,
S003853,2026-05-07,P017111,capture,5008,175,4833,USD,
S003854,2026-05-07,P017384,capture,10973,348,10625,USD,
S003855,2026-05-07,P019969,capture,2107,91,2016,USD,
S003861,2026-05-07,P012133,capture,4108,149,3959,USD,
S003862,2026-05-07,P001171,capture,6174,209,5965,USD,
S003863,2026-05-07,P006993,capture,21290,647,20643,USD,
S003865,2026-05-07,P010639,capture,10715,341,10374,USD,
S003866,2026-05-07,P009931,capture,16550,510,16040,USD,
S003867,2026-05-07,P016705,capture,1972,87,1885,USD,
S003868,2026-05-07,P008168,capture,3911,143,3768,USD,
S003869,2026-05-07,P004521,capture,13686,427,13259,USD,
S003870,2026-05-07,P014219,capture,5906,201,5705,USD,
S003871,2026-05-07,P000217,capture,5856,200,5656,USD,
S003874,2026-05-07,P012833,capture,5695,195,5500,USD,
S003876,2026-05-07,P002044,capture,9769,313,9456,USD,
S003879,2026-05-07,P005140,capture,923,57,866,USD,
S003880,2026-05-07,P007113,capture,1971,87,1884,USD,
S003882,2026-05-07,P017766,capture,6742,226,6516,USD,
S003884,2026-05-07,P007998,capture,3626,135,3491,USD,
S003885,2026-05-07,P016044,capture,1720,80,1640,USD,
S003887,2026-05-07,P004123,capture,7317,242,7075,USD,
S003888,2026-05-07,P013758,capture,4911,172,4739,USD,
S003890,2026-05-07,P005107,capture,7725,254,7471,USD,
S003892,2026-05-07,P007569,capture,170,35,135,USD,
S003896,2026-05-07,P014778,capture,2539,104,2435,USD,
S003897,2026-05-07,P010624,capture,5642,194,5448,USD,
S003900,2026-05-07,P015252,capture,7615,251,7364,USD,
S003901,2026-05-07,P011432,capture,5258,182,5076,USD,
S003902,2026-05-07,P000090,capture,9164,296,8868,USD,
S003903,2026-05-07,P014403,capture,1510,74,1436,USD,
S003905,2026-05-07,P004689,capture,18314,561,17753,USD,
S003906,2026-05-07,P008284,capture,4028,147,3881,USD,
S003907,2026-05-07,P001161,capture,2578,105,2473,USD,
S003908,2026-05-07,P015910,capture,2637,106,2531,USD,
S003910,2026-05-07,P014365,capture,5171,180,4991,USD,
S003912,2026-05-07,P010096,capture,18204,558,17646,USD,
S003913,2026-05-07,P004811,capture,1372,70,1302,USD,
S003914,2026-05-07,P009290,capture,11765,371,11394,USD,
S003915,2026-05-07,P002404,capture,4898,172,4726,USD,
S003916,2026-05-07,P005963,capture,17144,527,16617,USD,
S003920,2026-05-07,P017756,capture,2515,103,2412,USD,
S003921,2026-05-07,P015429,capture,2850,113,2737,USD,
S003923,2026-05-07,P002958,capture,2453,101,2352,USD,
S003924,2026-05-07,P000995,capture,1608,77,1531,USD,
S003925,2026-05-07,P006414,capture,2779,111,2668,USD,
S003926,2026-05-07,P013205,capture,12445,391,12054,USD,
S003928,2026-05-07,P007861,capture,4931,173,4758,USD,
S003929,2026-05-07,P012033,capture,5271,183,5088,USD,
S003930,2026-05-07,P004229,capture,3123,121,3002,USD,
S003931,2026-05-07,P006098,capture,20974,638,20336,USD,
S003932,2026-05-07,P009550,capture,2439,101,2338,USD,
S003936,2026-05-07,P009695,capture,1585,76,1509,USD,
S003941,2026-05-07,P011670,capture,2601,105,2496,USD,
S003942,2026-05-07,P009910,capture,6840,227,6613,EUR,converted at 1.0961
S003943,2026-05-07,P016256,capture,6129,208,5921,USD,
S003945,2026-05-07,P004410,capture,7131,237,6894,USD,
S003948,2026-05-07,P010513,capture,34492,1030,33462,USD,
S003949,2026-05-07,P009647,capture,5000,175,4825,USD,
S003950,2026-05-07,P007442,capture,1228,66,1162,USD,
S003951,2026-05-07,P012738,capture,12128,382,11746,USD,
S003953,2026-05-07,P003789,capture,42723,1269,41454,USD,
S003954,2026-05-07,P017798,capture,3455,130,3325,USD,
S003958,2026-05-07,P000598,capture,1652,78,1574,USD,
S003960,2026-05-07,P015732,capture,4627,164,4463,USD,
S003961,2026-05-07,P009240,capture,2266,96,2170,USD,
S003962,2026-05-07,P013054,capture,21667,658,21009,USD,
S003963,2026-05-07,P010881,capture,1866,84,1782,USD,
S003965,2026-05-07,P010836,capture,7170,238,6932,USD,
S003966,2026-05-07,P005588,capture,4469,160,4309,USD,
S003967,2026-05-07,P004598,capture,2060,90,1970,USD,
S003970,2026-05-07,P013364,capture,14556,452,14104,USD,
S003971,2026-05-07,P018408,capture,2398,100,2298,USD,
S003975,2026-05-07,P010554,capture,2968,116,2852,USD,
S003978,2026-05-07,P001698,capture,6709,225,6484,USD,
S003979,2026-05-07,P016846,capture,2026,89,1937,USD,
S003984,2026-05-07,P009191,capture,5234,182,5052,USD,
S003987,2026-05-07,P000029,capture,20912,636,20276,USD,
S003989,2026-05-07,P010018,capture,6712,225,6487,USD,
S003993,2026-05-07,P016856,capture,32747,980,31767,USD,
S003994,2026-05-07,P006426,capture,3576,134,3442,USD,
S003997,2026-05-07,P019998,capture,1611,77,1534,USD,
S004000,2026-05-07,P014648,capture,19932,608,19324,USD,
S004001,2026-05-07,P002723,capture,2862,113,2749,USD,
S004003,2026-05-07,P001302,capture,3390,128,3262,USD,
S004004,2026-05-07,P008409,capture,1642,78,1564,USD,
S004005,2026-05-07,P001313,capture,7508,248,7260,USD,
S004006,2026-05-07,P015614,capture,46947,1391,45556,USD,
S004007,2026-05-07,P009515,capture,4113,149,3964,USD,
S004009,2026-05-07,P001721,capture,2198,94,2104,USD,
S004012,2026-05-07,P015447,capture,3077,94,2983,USD,
S004017,2026-05-07,P000480,capture,7323,242,7081,USD,
S004019,2026-05-07,P007298,capture,2080,90,1990,USD,
S004020,2026-05-07,P000139,capture,21721,660,21061,USD,
S004023,2026-05-07,P000501,capture,1741,80,1661,USD,
S004024,2026-05-07,P006506,capture,2307,97,2210,USD,
S004025,2026-05-07,P002153,capture,2327,97,2230,USD,
S004026,2026-05-07,P010818,capture,7207,239,6968,USD,
S004027,2026-05-07,P002707,capture,4545,162,4383,USD,
S004028,2026-05-07,P006540,capture,7074,235,6839,USD,
S004029,2026-05-07,P009576,capture,10046,321,9725,USD,
S004032,2026-05-07,P010768,capture,760,52,708,USD,
S004034,2026-05-07,P005277,capture,2233,94,2139,EUR,converted at 1.0961
S004037,2026-05-07,P000605,capture,22826,692,22134,USD,
S004039,2026-05-07,P012950,capture,8695,282,8413,USD,
S004040,2026-05-07,P017056,capture,8014,262,7752,USD,
S004042,2026-05-07,P002493,capture,16659,513,16146,USD,
S004044,2026-05-07,P001758,capture,5467,189,5278,USD,
S004045,2026-05-07,P008329,capture,2198,94,2104,USD,
S004046,2026-05-07,P014722,capture,10376,331,10045,USD,
S004049,2026-05-07,P005520,capture,1730,80,1650,USD,
S004051,2026-05-07,P015968,capture,2910,114,2796,USD,
S004058,2026-05-07,P001334,capture,7658,251,7407,EUR,converted at 1.0961
S004059,2026-05-07,P012159,capture,3414,129,3285,USD,
S004060,2026-05-07,P019600,capture,5429,187,5242,USD,
S004061,2026-05-07,P004545,capture,3579,134,3445,USD,
S004062,2026-05-07,P001567,capture,32727,979,31748,USD,
S004066,2026-05-07,P004401,capture,8453,275,8178,USD,
S004067,2026-05-07,P005006,capture,3700,137,3563,USD,
S004068,2026-05-07,P008358,capture,7333,243,7090,USD,
S004069,2026-05-07,P010991,capture,3667,136,3531,USD,
S004070,2026-05-07,P006291,capture,4922,173,4749,USD,
S004071,2026-05-07,P009405,capture,4853,171,4682,USD,
S004072,2026-05-07,P006146,capture,29895,897,28998,USD,
S004074,2026-05-07,P018704,capture,17113,526,16587,USD,
S004075,2026-05-07,P010864,capture,5062,177,4885,USD,
S004076,2026-05-07,P000170,capture,6395,215,6180,USD,
S004078,2026-05-07,P013621,capture,10493,334,10159,USD,
S004079,2026-05-07,P014566,capture,28935,869,28066,USD,
S004080,2026-05-07,P004792,capture,4267,154,4113,USD,
S004082,2026-05-07,P006420,capture,9090,294,8796,USD,
S004084,2026-05-07,P000114,capture,1461,72,1389,USD,
S004088,2026-05-07,P005431,capture,7652,252,7400,USD,
S004089,2026-05-07,P012608,capture,11782,372,11410,USD,
S004093,2026-05-07,P014197,capture,19480,595,18885,USD,
S004094,2026-05-07,P015728,capture,3439,130,3309,USD,
S004095,2026-05-07,P008387,capture,19990,610,19380,USD,
S004096,2026-05-07,P014420,capture,3421,129,3292,USD,
S004098,2026-05-07,P003447,capture,23058,699,22359,USD,
S004099,2026-05-07,P004145,capture,7279,241,7038,USD,
S004100,2026-05-07,P018084,capture,11255,356,10899,USD,
S004101,2026-05-07,P019314,capture,14686,456,14230,USD,
S004102,2026-05-07,P002746,capture,6043,205,5838,USD,
S004104,2026-05-07,P013012,capture,1061,61,1000,USD,
S004106,2026-05-07,P018455,capture,5881,201,5680,USD,
S004107,2026-05-07,P003523,capture,13968,435,13533,USD,
S004108,2026-05-07,P003320,capture,19838,605,19233,USD,
S004109,2026-05-07,P005112,capture,15363,476,14887,USD,
S004110,2026-05-07,P004724,capture,5365,186,5179,USD,
S004114,2026-05-07,P013336,capture,31228,936,30292,USD,
S004115,2026-05-07,P011779,capture,8633,280,8353,USD,
S004116,2026-05-07,P001754,capture,1397,71,1326,USD,
S004117,2026-05-07,P000809,capture,2908,114,2794,USD,
S004118,2026-05-07,P003716,capture,3510,132,3378,USD,
S004119,2026-05-07,P016618,capture,7048,234,6814,USD,
S004120,2026-05-07,P015029,capture,14067,438,13629,USD,
S004122,2026-05-07,P015418,capture,2888,114,2774,USD,
S004124,2026-05-07,P018468,capture,5384,186,5198,USD,
S004126,2026-05-07,P011231,capture,1304,68,1236,USD,
S004128,2026-05-07,P019433,capture,7566,249,7317,USD,
S004129,2026-05-07,P011582,refund,-47133,0,-47133,USD,
S004130,2026-05-07,P004968,capture,1957,87,1870,USD,
S004131,2026-05-07,P004113,capture,5048,176,4872,USD,
S004132,2026-05-07,P000564,capture,25065,757,24308,USD,
S004133,2026-05-07,P014257,capture,6930,231,6699,USD,
S004135,2026-05-07,P010351,capture,9272,299,8973,USD,
S004136,2026-05-07,P013122,capture,4202,152,4050,USD,
S004138,2026-05-07,P014115,capture,1330,69,1261,USD,
S004141,2026-05-07,P010797,capture,22022,669,21353,USD,
S004142,2026-05-07,P014980,capture,3387,128,3259,USD,
S004143,2026-05-07,P019915,capture,13400,419,12981,USD,
S004144,2026-05-07,P015324,capture,2851,113,2738,USD,
S004145,2026-05-07,P015105,capture,4011,146,3865,USD,
S004146,2026-05-07,P002760,capture,12360,388,11972,USD,
S004149,2026-05-07,P003811,capture,2402,100,2302,USD,
S004150,2026-05-07,P002354,capture,3842,141,3701,USD,
S004152,2026-05-07,P003751,capture,2472,102,2370,USD,
S004155,2026-05-07,P018905,capture,18962,580,18382,USD,
S004157,2026-05-07,P007155,capture,11075,351,10724,USD,
S004160,2026-05-07,P011233,capture,9495,305,9190,USD,
S004164,2026-05-07,P002194,capture,9353,301,9052,USD,
S004165,2026-05-07,P018739,capture,2589,105,2484,USD,
S004167,2026-05-07,P016499,capture,15347,475,14872,USD,
S004168,2026-05-07,P019072,capture,14878,461,14417,USD,
S004169,2026-05-07,P011883,capture,22043,669,21374,USD,
S004171,2026-05-07,P001269,capture,6250,211,6039,USD,
S004172,2026-05-07,P001121,capture,3777,140,3637,USD,
S004173,2026-05-07,P002025,capture,8434,275,8159,USD,
S004174,2026-05-07,P005300,capture,14609,454,14155,USD,
S004175,2026-05-07,P000908,capture,2612,106,2506,USD,
S004176,2026-05-07,P018969,capture,6855,229,6626,USD,
S004178,2026-05-07,P013344,capture,4840,170,4670,USD,
S004179,2026-05-07,P011749,capture,3081,119,2962,USD,
S004181,2026-05-07,P014290,capture,12822,402,12420,USD,
S004182,2026-05-07,P010509,capture,4838,170,4668,USD,
S004183,2026-05-07,P005839,capture,2420,100,2320,USD,
S004184,2026-05-07,P010425,capture,2819,112,2707,USD,
S004186,2026-05-07,P006319,capture,1235,66,1169,USD,
S004188,2026-05-07,P003347,capture,3174,122,3052,USD,
S004190,2026-05-07,P003391,capture,1522,74,1448,USD,
S004191,2026-05-07,P006376,capture,3622,135,3487,USD,
S004192,2026-05-07,P008577,capture,12032,379,11653,USD,
S004194,2026-05-07,P009200,capture,4185,151,4034,USD,
S004195,2026-05-07,P004313,capture,9838,315,9523,USD,
S004196,2026-05-07,P015790,capture,1072,61,1011,USD,
S004197,2026-05-07,P010762,capture,17880,549,17331,USD,
S004198,2026-05-07,P006402,capture,7978,261,7717,USD,
S004199,2026-05-07,P012296,capture,3218,123,3095,USD,
S004200,2026-05-07,P015780,capture,5232,182,5050,USD,
S004201,2026-05-07,P012737,capture,9732,312,9420,USD,
S004203,2026-05-07,P011924,capture,5197,181,5016,USD,
S004204,2026-05-07,P017313,capture,16204,500,15704,USD,
S004205,2026-05-07,P000732,capture,4025,147,3878,USD,
S004207,2026-05-07,P002481,capture,3330,127,3203,USD,
S004209,2026-05-07,P001927,capture,12091,381,11710,USD,
S004210,2026-05-07,P001738,capture,5220,181,5039,USD,
S004212,2026-05-07,P012007,capture,5915,202,5713,USD,
S004213,2026-05-07,P002389,capture,9585,308,9277,USD,
S004214,2026-05-07,P009649,capture,7061,235,6826,USD,
S004215,2026-05-07,P006584,capture,3444,130,3314,USD,
S004216,2026-05-07,P017303,capture,9854,316,9538,USD,
S004217,2026-05-07,P005208,capture,16557,510,16047,USD,
S004218,2026-05-07,P017498,capture,1133,63,1070,USD,
S004219,2026-05-07,P005359,capture,2368,99,2269,USD,
S004220,2026-05-07,P005155,capture,8812,286,8526,USD,
S004221,2026-05-07,P015541,capture,1877,84,1793,USD,
S004225,2026-05-07,P016629,capture,15304,474,14830,USD,
S004226,2026-05-07,P014477,capture,9473,305,9168,USD,
S004227,2026-05-07,P014395,capture,15997,494,15503,USD,
S004229,2026-05-07,P017491,capture,2679,108,2571,USD,
S004232,2026-05-07,P005270,capture,6115,207,5908,USD,
S004235,2026-05-07,P014088,capture,3562,133,3429,USD,
S004236,2026-05-07,P013661,capture,1781,82,1699,USD,
S004237,2026-05-07,P011564,capture,2198,94,2104,USD,
S004239,2026-05-07,P007707,capture,2739,109,2630,USD,
S004243,2026-05-07,P019829,capture,2534,103,2431,USD,
S004245,2026-05-07,P015453,capture,5705,195,5510,USD,
S004248,2026-05-07,P010251,capture,6954,232,6722,USD,
S004249,2026-05-07,P009012,capture,10990,349,10641,USD,
S004250,2026-05-07,P007167,capture,6021,205,5816,USD,
S004252,2026-05-07,P004940,capture,6637,222,6415,USD,
S004253,2026-05-07,P017069,capture,4475,160,4315,USD,
S004255,2026-05-07,P004835,capture,10116,323,9793,USD,
S004256,2026-05-07,P005347,capture,768,52,716,USD,
S004257,2026-05-07,P004958,capture,1937,86,1851,USD,
S004258,2026-05-07,P017871,capture,4694,166,4528,USD,
S004259,2026-05-07,P004828,capture,513,45,468,USD,
S004260,2026-05-07,P009459,capture,20640,629,20011,USD,
S004261,2026-05-07,P001072,capture,14563,452,14111,USD,
S004263,2026-05-07,P013249,capture,6197,210,5987,USD,
S004264,2026-05-07,P004090,capture,29126,875,28251,USD,
S004265,2026-05-07,P008019,capture,1665,78,1587,USD,
S004266,2026-05-07,P010694,capture,14906,462,14444,USD,
S004268,2026-05-07,P003975,capture,4221,152,4069,USD,
S004269,2026-05-07,P002543,capture,5418,187,5231,USD,
S004270,2026-05-07,P016762,capture,33856,1012,32844,USD,
S004274,2026-05-07,P018903,capture,1880,85,1795,USD,
S004277,2026-05-07,P001169,capture,19034,582,18452,USD,
S004279,2026-05-07,P009197,capture,3507,132,3375,USD,
S004280,2026-05-07,P009597,capture,11848,375,11473,EUR,converted at 1.0961
S004281,2026-05-07,P000123,capture,3623,135,3488,USD,
S004284,2026-05-07,P006151,capture,1989,88,1901,USD,
S004285,2026-05-07,P011168,capture,13807,430,13377,USD,
S004287,2026-05-07,P019852,capture,3219,123,3096,USD,
S004288,2026-05-07,P007616,capture,35262,1053,34209,USD,
S004289,2026-05-07,P014731,capture,3203,123,3080,USD,
S004290,2026-05-07,P010048,capture,3730,138,3592,USD,
S004291,2026-05-07,P006084,capture,14456,449,14007,USD,
S004292,2026-05-07,P012089,capture,6070,206,5864,USD,
S004293,2026-05-07,P006209,capture,10273,328,9945,USD,
S004295,2026-05-07,P019734,capture,30248,907,29341,USD,
S004297,2026-05-07,P004460,capture,606,48,558,USD,
S004298,2026-05-07,P014325,capture,24974,754,24220,USD,
S004299,2026-05-07,P013629,capture,6602,221,6381,USD,
S004301,2026-05-07,P016536,capture,9075,293,8782,USD,
S004302,2026-05-07,P009184,capture,759,52,707,USD,
S004303,2026-05-07,P001032,capture,2247,95,2152,USD,
S004306,2026-05-07,P015146,capture,3291,125,3166,USD,
S004307,2026-05-07,P012829,capture,18315,561,17754,USD,
S004308,2026-05-07,P000024,capture,7124,237,6887,USD,
S004309,2026-05-07,P016434,capture,414,42,372,USD,
S004310,2026-05-07,P010960,capture,852,55,797,USD,
S004311,2026-05-07,P007851,capture,27050,814,26236,USD,
S004312,2026-05-07,P017501,capture,3380,128,3252,USD,
S004313,2026-05-07,P018392,capture,7745,255,7490,USD,
S004314,2026-05-07,P000877,capture,3295,126,3169,USD,
S004316,2026-05-07,P018181,capture,7836,257,7579,USD,
S004317,2026-05-07,P011154,capture,3804,140,3664,USD,
S004318,2026-05-07,P001200,capture,84748,2488,82260,USD,
S004322,2026-05-07,P017949,capture,3773,139,3634,USD,
S004323,2026-05-07,P018544,capture,4596,163,4433,USD,
S004324,2026-05-07,P003626,capture,1541,75,1466,USD,
S004325,2026-05-07,P015771,capture,5578,192,5386,USD,
S004327,2026-05-07,P015235,capture,32351,968,31383,USD,
S004328,2026-05-07,P009307,capture,24157,731,23426,USD,
S004330,2026-05-07,P007142,capture,993,59,934,USD,
S004331,2026-05-07,P012825,capture,1634,77,1557,USD,
S004332,2026-05-07,P015562,capture,4917,173,4744,USD,
S004333,2026-05-07,P005455,capture,5707,196,5511,USD,
S004334,2026-05-07,P007718,capture,2561,104,2457,USD,
S004337,2026-05-07,P014176,capture,2562,104,2458,USD,
S004338,2026-05-07,P002622,capture,1549,75,1474,USD,
S004339,2026-05-07,P018662,capture,7626,251,7375,USD,
S004340,2026-05-07,P012985,capture,39469,1175,38294,USD,
S004341,2026-05-07,P008283,capture,6429,216,6213,USD,
S004342,2026-05-07,P011876,capture,9525,306,9219,USD,
S004344,2026-05-07,P018378,capture,9068,293,8775,USD,
S004347,2026-05-07,P018083,capture,5750,197,5553,USD,
S004349,2026-05-07,P004277,capture,16507,509,15998,USD,
S004351,2026-05-07,P001290,capture,2862,113,2749,USD,
S004352,2026-05-07,P017676,capture,3533,132,3401,USD,
S004353,2026-05-07,P010119,capture,483,44,439,USD,
S004355,2026-05-07,P017124,capture,3307,126,3181,USD,
S004357,2026-05-07,P016165,capture,7338,243,7095,USD,
S004358,2026-05-07,P007600,capture,2795,111,2684,USD,
S004359,2026-05-07,P009661,capture,1385,70,1315,USD,
S004360,2026-05-07,P003947,capture,7229,240,6989,USD,
S004362,2026-05-07,P013807,capture,39907,1187,38720,USD,
S004363,2026-05-07,P015709,capture,4108,149,3959,USD,
S004364,2026-05-07,P001185,capture,3182,122,3060,USD,
S004365,2026-05-07,P013860,capture,19634,599,19035,USD,
S004366,2026-05-07,P008625,capture,18290,560,17730,USD,
S004368,2026-05-07,P019285,capture,6115,207,5908,USD,
S004369,2026-05-07,P012554,capture,8941,289,8652,USD,
S004373,2026-05-07,P001400,capture,33144,991,32153,USD,
S004376,2026-05-07,P019652,capture,1726,80,1646,USD,
S004377,2026-05-07,P008844,capture,852,55,797,USD,
S004378,2026-05-07,P005028,capture,3006,117,2889,USD,
S004382,2026-05-07,P002878,capture,45706,1355,44351,USD,
S004385,2026-05-07,P012740,capture,6030,205,5825,USD,
S004386,2026-05-07,P007636,capture,4024,147,3877,USD,
S004387,2026-05-07,P006663,capture,2823,112,2711,USD,
S004388,2026-05-07,P017461,capture,3331,127,3204,USD,
S004391,2026-05-07,P003852,capture,6946,231,6715,USD,
S004392,2026-05-07,P012582,capture,6106,207,5899,USD,
S004394,2026-05-07,P014304,capture,3305,126,3179,USD,
S004395,2026-05-07,P017709,capture,9721,312,9409,USD,
S004396,2026-05-07,P001289,capture,2212,94,2118,USD,
S004397,2026-05-07,P009628,capture,6957,232,6725,USD,
S004398,2026-05-07,P000339,capture,2711,109,2602,USD,
S004400,2026-05-07,P009074,capture,1232,66,1166,USD,
S004402,2026-05-07,P019648,capture,5509,190,5319,USD,
S004403,2026-05-07,P003005,capture,17909,549,17360,USD,
S004405,2026-05-07,P002431,capture,1335,69,1266,USD,
S004407,2026-05-07,P000715,capture,394,41,353,USD,
S004408,2026-05-07,P018143,capture,1935,86,1849,USD,
S004409,2026-05-07,P017108,capture,14848,461,14387,USD,
S004412,2026-05-07,P004900,capture,5011,175,4836,USD,
S004413,2026-05-07,P003340,capture,2866,113,2753,USD,
S004414,2026-05-07,P007380,capture,5612,193,5419,USD,
S004415,2026-05-07,P000692,capture,732,51,681,USD,
S004416,2026-05-07,P019009,capture,2280,96,2184,USD,
S004417,2026-05-07,P016749,capture,1372,70,1302,USD,
S004421,2026-05-07,P016144,capture,3563,133,3430,USD,
S004422,2026-05-07,P000761,capture,9055,293,8762,USD,
S004424,2026-05-07,P004685,capture,4028,147,3881,USD,
S004425,2026-05-07,P011830,capture,2387,99,2288,USD,
S004426,2026-05-07,P002944,capture,856,55,801,USD,
S004427,2026-05-07,P006019,capture,6188,209,5979,USD,
S004428,2026-05-07,P009348,capture,9669,310,9359,USD,
S004430,2026-05-07,P000125,capture,3709,138,3571,USD,
S004431,2026-05-07,P006217,capture,7010,233,6777,USD,
S004434,2026-05-07,P016424,capture,1527,74,1453,USD,
S004435,2026-05-07,P005818,capture,6910,230,6680,USD,
S004436,2026-05-07,P010838,capture,1449,72,1377,USD,
S004437,2026-05-07,P019397,capture,7689,253,7436,USD,
S004439,2026-05-07,P004774,capture,4209,152,4057,USD,
S004440,2026-05-07,P018750,capture,5092,178,4914,USD,
S004441,2026-05-07,P018681,capture,1978,87,1891,USD,
S004442,2026-05-07,P013993,capture,5340,185,5155,USD,
S004444,2026-05-07,P016561,capture,4126,150,3976,USD,
S004446,2026-05-07,P017874,capture,5597,192,5405,USD,
S004447,2026-05-07,P001459,capture,12337,388,11949,USD,
S004448,2026-05-07,P009518,capture,6361,214,6147,USD,
S004449,2026-05-07,P009743,capture,3003,117,2886,USD,
S004453,2026-05-07,P005867,capture,2437,101,2336,USD,
S004454,2026-05-07,P009284,capture,13129,411,12718,USD,
S004455,2026-05-07,P012562,capture,439,43,396,USD,
S004458,2026-05-07,P015740,capture,3282,125,3157,USD,
S004459,2026-05-07,P016326,capture,12640,397,12243,USD,
S004467,2026-05-07,P008572,capture,6292,212,6080,USD,
S004471,2026-05-07,P016968,capture,4039,147,3892,USD,
S004472,2026-05-07,P010150,capture,3175,122,3053,USD,
S004473,2026-05-07,P004516,capture,3298,126,3172,USD,
S004475,2026-05-07,P008259,capture,10794,343,10451,USD,
S004477,2026-05-07,P007057,capture,3053,119,2934,USD,
S004478,2026-05-07,P007440,capture,4065,148,3917,USD,
S004480,2026-05-07,P014027,capture,4711,167,4544,USD,
S004481,2026-05-07,P003953,capture,23776,720,23056,USD,
S004483,2026-05-07,P015107,capture,9458,304,9154,USD,
S004485,2026-05-07,P003738,capture,2336,98,2238,USD,
S004486,2026-05-07,P019454,capture,2383,99,2284,USD,
S004487,2026-05-07,P013259,capture,2757,110,2647,USD,
S004489,2026-05-07,P007152,capture,9823,315,9508,USD,
S004490,2026-05-07,P019605,capture,2975,116,2859,USD,
S004491,2026-05-07,P004577,capture,3548,133,3415,USD,
S004492,2026-05-07,P010365,capture,4799,169,4630,USD,
S004494,2026-05-07,P011882,capture,3179,122,3057,USD,
S004495,2026-05-07,P001834,capture,4868,171,4697,USD,
S004496,2026-05-07,P014736,capture,1305,68,1237,USD,
S004498,2026-05-07,P015972,capture,4268,154,4114,USD,
S004500,2026-05-07,P012965,capture,401,42,359,USD,
S004501,2026-05-07,P019537,capture,3411,129,3282,USD,
S004502,2026-05-07,P009517,capture,14006,436,13570,USD,
S004504,2026-05-07,P014522,capture,2768,110,2658,USD,
S004507,2026-05-07,P009718,capture,5202,181,5021,USD,
S004510,2026-05-07,P006342,capture,66926,1971,64955,USD,
S004513,2026-05-07,P008684,capture,7272,241,7031,USD,
S004514,2026-05-07,P005731,capture,3823,141,3682,USD,
S004515,2026-05-07,P001392,capture,1085,61,1024,USD,
S004517,2026-05-07,P006733,capture,24252,733,23519,USD,
S004518,2026-05-07,P001615,capture,15499,479,15020,USD,
S004519,2026-05-07,P000168,capture,42077,1250,40827,USD,
S004520,2026-05-07,P000764,capture,13329,417,12912,USD,
S004521,2026-05-07,P011287,capture,5838,199,5639,USD,
S004522,2026-05-07,P009172,capture,5318,184,5134,USD,
S004524,2026-05-07,P015373,capture,2619,106,2513,USD,
S004525,2026-05-07,P014534,capture,7749,255,7494,USD,
S004526,2026-05-07,P009981,capture,8516,277,8239,USD,
S004527,2026-05-07,P009701,capture,4198,152,4046,USD,
S004528,2026-05-07,P003365,capture,38233,1139,37094,USD,
S004530,2026-05-07,P009829,capture,21324,648,20676,USD,
S004531,2026-05-07,P006409,capture,17519,538,16981,USD,
S004533,2026-05-07,P012565,capture,2375,99,2276,USD,
S004536,2026-05-07,P013378,capture,40100,1193,38907,USD,
S004537,2026-05-07,P000892,capture,5968,203,5765,USD,
S004538,2026-05-07,P007345,capture,1437,72,1365,USD,
S004539,2026-05-07,P014216,capture,2688,108,2580,USD,
S004540,2026-05-07,P000166,capture,11931,377,11554,EUR,converted at 1.0961
S004541,2026-05-07,P005672,capture,3957,145,3812,USD,
S004543,2026-05-07,P001525,capture,6115,207,5908,USD,
S004546,2026-05-07,P006397,capture,2724,109,2615,USD,
S004547,2026-05-07,P006771,capture,4111,149,3962,USD,
S004548,2026-05-07,P004599,capture,5298,184,5114,USD,
S004549,2026-05-07,P015818,capture,6521,219,6302,USD,
S004552,2026-05-07,P016800,capture,4964,174,4790,USD,
S004553,2026-05-07,P018606,capture,1096,62,1034,USD,
S004554,2026-05-07,P006375,capture,3668,136,3532,USD,
S004555,2026-05-07,P008440,capture,677,50,627,USD,
S004561,2026-05-07,P015345,capture,1615,77,1538,USD,
S004562,2026-05-07,P014531,capture,9323,300,9023,USD,
S004563,2026-05-07,P004130,capture,5748,197,5551,USD,
S004564,2026-05-07,P017809,capture,806,53,753,USD,
S004566,2026-05-07,P018235,capture,4940,173,4767,USD,
S004569,2026-05-07,P012439,capture,1667,78,1589,USD,
S004570,2026-05-07,P018931,capture,2279,96,2183,USD,
S004571,2026-05-07,P018157,capture,28106,845,27261,USD,
S004573,2026-05-07,P017357,capture,11784,372,11412,USD,
S004576,2026-05-07,P007555,capture,6382,215,6167,USD,
S004578,2026-05-07,P008467,capture,1421,71,1350,USD,
S004580,2026-05-07,P011616,capture,1448,72,1376,USD,
S004581,2026-05-07,P011001,capture,2646,82,2564,USD,
S004583,2026-05-07,P012853,capture,3075,119,2956,USD,
S004584,2026-05-07,P004378,capture,1964,87,1877,USD,
S004588,2026-05-07,P007328,capture,2274,96,2178,USD,
S004589,2026-05-07,P008526,capture,2914,115,2799,USD,
S004590,2026-05-07,P011544,capture,5213,181,5032,USD,
S004592,2026-05-07,P006022,capture,3906,143,3763,USD,
S004593,2026-05-07,P010999,capture,4138,150,3988,USD,
S004595,2026-05-07,P010036,capture,14767,458,14309,USD,
S004599,2026-05-07,P000808,capture,2287,96,2191,USD,
S004600,2026-05-07,P013019,capture,2915,115,2800,USD,
S004604,2026-05-07,P010540,capture,1969,87,1882,USD,
S004609,2026-05-07,P015472,capture,10805,343,10462,USD,
S004610,2026-05-07,P012258,capture,8812,286,8526,USD,
S004611,2026-05-07,P017631,capture,1178,64,1114,USD,
S004612,2026-05-07,P012184,capture,2261,96,2165,USD,
S004613,2026-05-07,P002684,capture,8385,273,8112,USD,
S004614,2026-05-07,P015628,capture,6429,216,6213,USD,
S004616,2026-05-07,P018187,capture,8770,284,8486,USD,
S004617,2026-05-07,P012189,capture,11656,368,11288,USD,
S004618,2026-05-07,P014568,capture,12145,382,11763,USD,
S004619,2026-05-07,P018011,capture,2440,101,2339,USD,
S004620,2026-05-07,P007991,capture,5846,200,5646,USD,
S004621,2026-05-07,P013770,capture,4949,174,4775,USD,
S004622,2026-05-07,P012351,capture,4097,149,3948,USD,
S004623,2026-05-07,P011964,capture,1447,72,1375,USD,
S004625,2026-05-07,P013930,capture,3537,133,3404,USD,
S004627,2026-05-07,P002027,capture,1522,74,1448,USD,
S004630,2026-05-07,P003478,capture,5990,204,5786,USD,
S004631,2026-05-07,P002479,capture,262,38,224,USD,
S004633,2026-05-07,P017408,capture,1680,79,1601,USD,
S004637,2026-05-07,P005820,capture,1481,73,1408,USD,
S004640,2026-05-07,P001634,capture,6462,217,6245,USD,
S004641,2026-05-07,P018418,capture,12167,383,11784,USD,
S004643,2026-05-07,P017975,capture,4245,153,4092,USD,
S004644,2026-05-07,P011149,capture,3413,129,3284,USD,
S004645,2026-05-07,P012927,capture,4048,147,3901,USD,
S004646,2026-05-07,P019286,capture,1003,59,944,USD,
S004648,2026-05-07,P014561,capture,8515,277,8238,USD,
S004650,2026-05-07,P003062,capture,3952,145,3807,USD,
S004651,2026-05-07,P017084,capture,11500,364,11136,USD,
S004656,2026-05-07,P010313,capture,7319,242,7077,USD,
S004659,2026-05-07,P002258,capture,34929,1043,33886,USD,
S004660,2026-05-07,P006277,capture,1279,67,1212,USD,
S004661,2026-05-07,P006295,capture,24099,729,23370,USD,
S004662,2026-05-07,P002754,capture,7479,247,7232,USD,
S004663,2026-05-07,P019212,capture,4553,162,4391,USD,
S004665,2026-05-07,P019488,capture,5856,200,5656,USD,
S004667,2026-05-07,P019768,capture,3729,138,3591,USD,
S004669,2026-05-07,P008343,capture,8063,264,7799,USD,
S004670,2026-05-07,P010169,capture,8773,284,8489,USD,
S004673,2026-05-07,P017427,capture,4054,148,3906,USD,
S004675,2026-05-07,P003091,capture,6885,230,6655,USD,
S004677,2026-05-07,P000553,capture,3443,130,3313,USD,
S004679,2026-05-07,P018543,capture,37613,1121,36492,USD,
S004681,2026-05-07,P012821,capture,12233,385,11848,USD,
S004682,2026-05-07,P002880,capture,357,40,317,USD,
S004683,2026-05-07,P018561,capture,8203,268,7935,USD,
S004685,2026-05-07,P002989,capture,5382,186,5196,USD,
S004686,2026-05-07,P010567,capture,1330,69,1261,USD,
S004687,2026-05-07,P018613,capture,2839,112,2727,USD,
S004689,2026-05-07,P011419,capture,2263,96,2167,USD,
S004692,2026-05-07,P002519,capture,2679,108,2571,USD,
S004693,2026-05-07,P006858,capture,12789,401,12388,USD,
S004694,2026-05-07,P013480,capture,3905,143,3762,USD,
S004695,2026-05-07,P014271,capture,22450,681,21769,USD,
S004696,2026-05-07,P010273,capture,2916,115,2801,USD,
S004699,2026-05-07,P009114,capture,2224,94,2130,USD,
S004700,2026-05-07,P015265,capture,3551,133,3418,USD,
S004701,2026-05-07,P010799,capture,3068,119,2949,USD,
S004704,2026-05-07,P013234,capture,2190,94,2096,USD,
S004706,2026-05-07,P006680,capture,2187,93,2094,USD,
S004707,2026-05-07,P014057,capture,3456,130,3326,USD,
S004708,2026-05-07,P019680,capture,5513,190,5323,USD,
S004709,2026-05-07,P013550,capture,15173,470,14703,USD,
S004710,2026-05-07,P000223,capture,10185,325,9860,USD,
S004713,2026-05-07,P019171,capture,10576,337,10239,USD,
S004714,2026-05-07,P000210,capture,6177,209,5968,USD,
S004715,2026-05-07,P007658,capture,1680,79,1601,USD,
S004716,2026-05-07,P012603,capture,5553,191,5362,USD,
S004717,2026-05-07,P010285,capture,1217,65,1152,USD,
S004718,2026-05-07,P003396,capture,4983,175,4808,USD,
S004720,2026-05-07,P000378,capture,7437,246,7191,USD,
S004722,2026-05-07,P007793,capture,14062,438,13624,USD,
S004723,2026-05-07,P019228,capture,1997,88,1909,USD,
S004725,2026-05-07,P010467,capture,5212,181,5031,USD,
S004726,2026-05-07,P004889,capture,18606,570,18036,USD,
S004727,2026-05-07,P001776,capture,26278,792,25486,USD,
S004728,2026-05-07,P005756,capture,1260,67,1193,USD,
S004729,2026-05-07,P001943,capture,4411,158,4253,USD,
S004731,2026-05-07,P014431,capture,8375,273,8102,USD,
S004732,2026-05-07,P004895,capture,3745,139,3606,USD,
S004733,2026-05-07,P018173,capture,1215,65,1150,USD,
S004736,2026-05-07,P007885,capture,4324,155,4169,USD,
S004737,2026-05-07,P009073,capture,3890,143,3747,USD,
S004738,2026-05-07,P001021,capture,10053,323,9730,EUR,converted at 1.0961
S004741,2026-05-07,P016591,capture,2872,113,2759,USD,
S004743,2026-05-07,P011973,capture,1366,70,1296,USD,
S004744,2026-05-07,P007392,capture,1172,64,1108,USD,
S004745,2026-05-07,P001601,capture,4115,149,3966,USD,
S004746,2026-05-07,P005652,capture,24378,737,23641,USD,
S004747,2026-05-07,P009884,capture,6906,230,6676,USD,
S004748,2026-05-07,P003982,capture,9740,312,9428,USD,
S004749,2026-05-07,P011566,capture,12138,382,11756,USD,
S004750,2026-05-07,P010772,capture,4027,147,3880,USD,
S004751,2026-05-07,P010689,capture,7468,247,7221,USD,
S004752,2026-05-07,P008870,capture,3897,143,3754,USD,
S004753,2026-05-07,P005510,capture,556,46,510,USD,
S004754,2026-05-07,P008731,capture,3881,143,3738,USD,
S004755,2026-05-07,P000922,capture,662,49,613,USD,
S004759,2026-05-07,P009817,capture,5002,175,4827,USD,
S004761,2026-05-07,P008233,capture,1270,67,1203,USD,
S004762,2026-05-07,P000504,capture,10785,343,10442,USD,
S004764,2026-05-07,P009777,capture,4665,165,4500,USD,
S004769,2026-05-07,P002029,capture,688,50,638,USD,
S004770,2026-05-07,P019264,capture,13965,435,13530,USD,
S004773,2026-05-07,P000674,capture,3263,125,3138,USD,
S004774,2026-05-07,P017383,capture,7552,249,7303,USD,
S004775,2026-05-07,P018585,capture,1719,80,1639,USD,
S004780,2026-05-07,P010680,capture,5146,179,4967,USD,
S004781,2026-05-07,P002248,capture,22272,676,21596,USD,
S004782,2026-05-07,P011505,capture,8212,268,7944,USD,
S004783,2026-05-07,P017382,capture,2213,94,2119,USD,
S004784,2026-05-07,P016768,capture,7170,238,6932,USD,
S004786,2026-05-07,P007927,capture,7396,244,7152,USD,
S004787,2026-05-07,P010243,capture,8118,265,7853,USD,
S004788,2026-05-07,P002828,capture,2347,98,2249,USD,
S004789,2026-05-07,P018249,capture,8950,290,8660,USD,
S004790,2026-05-07,P002409,capture,8652,281,8371,USD,
S004792,2026-05-07,P015069,capture,14600,453,14147,USD,
S004798,2026-05-07,P014284,capture,5438,188,5250,USD,
S004799,2026-05-07,P014716,capture,6813,228,6585,USD,
S004800,2026-05-07,P001011,capture,9553,307,9246,USD,
S004803,2026-05-07,P016993,refund,-6595,0,-6595,USD,
S004805,2026-05-07,P016675,capture,3004,117,2887,USD,
S004806,2026-05-07,P004427,capture,11680,369,11311,USD,
S004808,2026-05-07,P008323,capture,2627,106,2521,USD,
S004809,2026-05-07,P015256,capture,7837,257,7580,USD,
S004812,2026-05-07,P012040,capture,3354,127,3227,USD,
S004813,2026-05-07,P009670,capture,14664,455,14209,USD,
S004814,2026-05-07,P006830,capture,1411,71,1340,USD,
S004816,2026-05-07,P012145,capture,14131,439,13692,EUR,converted at 1.0961
S004817,2026-05-07,P006211,capture,2143,92,2051,USD,
S004819,2026-05-07,P006335,capture,5377,186,5191,USD,
S004821,2026-05-07,P016843,capture,6504,219,6285,USD,
S004822,2026-05-07,P003268,capture,1836,83,1753,USD,
S004824,2026-05-07,P007052,capture,2372,99,2273,USD,
S004826,2026-05-07,P010108,capture,991,59,932,USD,
S004827,2026-05-07,P006528,capture,3166,122,3044,USD,
S004828,2026-05-07,P001608,capture,4172,151,4021,USD,
S004829,2026-05-07,P005999,capture,10491,334,10157,USD,
S004830,2026-05-07,P005030,capture,9172,296,8876,USD,
S004831,2026-05-07,P019187,capture,2831,112,2719,USD,
S004832,2026-05-07,P016265,capture,9858,316,9542,USD,
S004834,2026-05-07,P014371,capture,2038,89,1949,USD,
S004835,2026-05-07,P017815,capture,5887,201,5686,USD,
S004836,2026-05-07,P019414,capture,3556,133,3423,USD,
S004837,2026-05-07,P013190,capture,4198,152,4046,USD,
S004840,2026-05-07,P002896,capture,3091,120,2971,USD,
S004841,2026-05-07,P009011,capture,3829,141,3688,USD,
S004842,2026-05-07,P014601,capture,4597,163,4434,USD,
S004846,2026-05-07,P016663,capture,4295,155,4140,USD,
S004848,2026-05-07,P000959,capture,2517,103,2414,USD,
S004851,2026-05-07,P007257,capture,12315,387,11928,USD,
S004852,2026-05-07,P009026,capture,2641,107,2534,USD,
S004853,2026-05-07,P007406,capture,7124,237,6887,USD,
S004854,2026-05-07,P012677,capture,3512,132,3380,USD,
S004855,2026-05-07,P009844,capture,1438,72,1366,USD,
S004856,2026-05-07,P004398,capture,3110,120,2990,USD,
S004857,2026-05-07,P010358,capture,2561,104,2457,USD,
S004858,2026-05-07,P004446,capture,16536,510,16026,USD,
S004859,2026-05-07,P017984,capture,3897,143,3754,USD,
S004860,2026-05-07,P008257,capture,2028,89,1939,USD,
S004861,2026-05-07,P006865,capture,3215,123,3092,USD,
S004863,2026-05-07,P006661,capture,1493,73,1420,USD,
S004864,2026-05-07,P016874,capture,3860,142,3718,USD,
S004865,2026-05-07,P019807,capture,1760,81,1679,USD,
S004866,2026-05-07,P004588,capture,2909,114,2795,USD,
S004869,2026-05-07,P007682,refund,-5619,0,-5619,USD,
S004870,2026-05-07,P015300,capture,15620,483,15137,USD,
S004872,2026-05-07,P003776,capture,515,45,470,USD,
S004873,2026-05-07,P007900,capture,2577,105,2472,USD,
S004874,2026-05-07,P007659,capture,19917,608,19309,USD,
S004876,2026-05-07,P018512,capture,39130,1165,37965,USD,
S004877,2026-05-07,P018754,capture,2962,116,2846,USD,
S004878,2026-05-07,P014527,capture,6638,223,6415,USD,
S004879,2026-05-07,P010810,capture,3156,122,3034,USD,
S004881,2026-05-07,P009072,capture,3875,142,3733,USD,
S004882,2026-05-07,P016639,capture,3831,141,3690,USD,
S004884,2026-05-07,P018954,capture,68210,2008,66202,USD,
S004885,2026-05-07,P005507,capture,6560,220,6340,USD,
S004887,2026-05-07,P016787,capture,9216,297,8919,USD,
S004889,2026-05-07,P007063,capture,15027,466,14561,USD,
S004892,2026-05-07,P017305,capture,4356,156,4200,USD,
S004895,2026-05-07,P017180,capture,37591,1120,36471,USD,
S004896,2026-05-07,P019825,capture,1447,72,1375,USD,
S004898,2026-05-07,P003332,capture,5685,195,5490,USD,
S004905,2026-05-07,P017245,capture,10621,338,10283,USD,
S004906,2026-05-07,P018135,capture,26080,786,25294,USD,
S004910,2026-05-07,P004824,capture,1973,87,1886,USD,
S004911,2026-05-07,P015907,capture,3180,122,3058,USD,
S004913,2026-05-07,P017234,capture,4391,157,4234,USD,
S004914,2026-05-07,P007884,capture,44248,1313,42935,USD,
S004916,2026-05-07,P003941,capture,4201,152,4049,USD,
S004917,2026-05-07,P012984,capture,5715,196,5519,USD,
S004921,2026-05-07,P011870,capture,17570,540,17030,USD,
S004923,2026-05-07,P012269,capture,4040,147,3893,USD,
S004924,2026-05-07,P003458,capture,9620,310,9310,EUR,converted at 1.0961
S004925,2026-05-07,P019751,capture,12625,396,12229,USD,
S004927,2026-05-07,P000079,capture,14985,465,14520,USD,
S004928,2026-05-07,P006487,capture,3945,144,3801,USD,
S004930,2026-05-07,P006966,capture,4327,155,4172,USD,
S004931,2026-05-07,P013116,capture,13310,416,12894,USD,
S004934,2026-05-07,P000775,capture,6985,233,6752,USD,
S004936,2026-05-07,P016638,capture,15507,480,15027,USD,
S004937,2026-05-07,P004833,capture,1665,78,1587,USD,
S004938,2026-05-07,P001971,capture,14410,448,13962,USD,
S004939,2026-05-07,P017113,capture,5925,202,5723,USD,
S004940,2026-05-07,P012638,capture,3875,142,3733,USD,
S004941,2026-05-07,P011699,capture,2990,117,2873,USD,
S004942,2026-05-07,P008648,capture,986,59,927,USD,
S004944,2026-05-07,P005330,capture,3246,124,3122,USD,
S004945,2026-05-07,P005892,capture,8252,269,7983,USD,
S004947,2026-05-07,P004342,capture,3993,146,3847,USD,
S004948,2026-05-07,P003913,capture,12252,385,11867,USD,
S004950,2026-05-07,P019272,capture,4280,154,4126,USD,
S004954,2026-05-07,P008447,capture,4841,170,4671,USD,
S004956,2026-05-07,P012087,capture,1777,82,1695,USD,
S004957,2026-05-07,P018612,capture,4351,156,4195,USD,
S004958,2026-05-07,P002346,capture,3710,138,3572,USD,
S004959,2026-05-07,P006970,capture,3845,142,3703,USD,
S004960,2026-05-07,P005675,capture,3443,130,3313,USD,
S004961,2026-05-07,P004388,capture,5010,175,4835,USD,
S004964,2026-05-07,P011494,capture,10036,321,9715,USD,
S004965,2026-05-07,P002281,capture,6619,222,6397,USD,
S004967,2026-05-07,P011127,capture,13370,418,12952,USD,
S004968,2026-05-07,P002608,capture,2753,110,2643,USD,
S004969,2026-05-07,P004498,capture,3999,146,3853,USD,
S004970,2026-05-07,P006848,capture,3342,127,3215,USD,
S004974,2026-05-07,P000303,capture,6113,207,5906,USD,
S004977,2026-05-07,P008126,capture,2108,91,2017,USD,
S004978,2026-05-07,P003244,capture,3763,139,3624,USD,
S004979,2026-05-07,P003297,capture,1454,72,1382,USD,
S004980,2026-05-07,P009854,capture,6309,213,6096,USD,
S004981,2026-05-07,P004655,capture,6255,211,6044,USD,
S004982,2026-05-07,P013841,capture,9874,316,9558,USD,
S004983,2026-05-07,P002551,capture,1002,59,943,USD,
S004985,2026-05-07,P009387,capture,2315,97,2218,USD,
S004986,2026-05-07,P016108,capture,4030,147,3883,USD,
S004990,2026-05-07,P008591,capture,7845,258,7587,USD,
S004991,2026-05-07,P007638,capture,16659,513,16146,USD,
S004993,2026-05-07,P005180,capture,1729,80,1649,USD,
S004996,2026-05-07,P000913,capture,8213,268,7945,USD,
S004998,2026-05-07,P002033,capture,5425,187,5238,USD,
S004999,2026-05-07,P007429,capture,12564,394,12170,USD,
S005000,2026-05-07,P017238,capture,3727,138,3589,USD,
S005003,2026-05-07,P003255,capture,2445,101,2344,USD,
S005004,2026-05-07,P004258,capture,2676,108,2568,USD,
S005005,2026-05-07,P007106,capture,1239,66,1173,USD,
S005006,2026-05-07,P005590,capture,4598,163,4435,USD,
S005007,2026-05-07,P011327,capture,2274,96,2178,USD,
S005008,2026-05-07,P006582,capture,2678,108,2570,USD,
S005010,2026-05-07,P017137,capture,24257,733,23524,USD,
S005012,2026-05-07,P013393,capture,4258,153,4105,USD,
S005013,2026-05-07,P016541,capture,3076,119,2957,USD,
S005014,2026-05-07,P006157,capture,2491,102,2389,USD,
S005015,2026-05-07,P011769,capture,1791,82,1709,USD,
S005016,2026-05-07,P003370,capture,4782,169,4613,USD,
S005017,2026-05-07,P016247,capture,5697,195,5502,USD,
S005019,2026-05-07,P009689,capture,23682,717,22965,USD,
S005021,2026-05-07,P003220,capture,3466,131,3335,USD,
S005022,2026-05-07,P000057,capture,1847,84,1763,USD,
S005023,2026-05-07,P013951,capture,14784,459,14325,USD,
S005024,2026-05-07,P007785,capture,26152,788,25364,USD,
S005029,2026-05-07,P006073,capture,8603,279,8324,USD,
S005031,2026-05-07,P004538,capture,4505,161,4344,USD,
S005032,2026-05-07,P004264,capture,15751,487,15264,USD,
S005033,2026-05-07,P004810,capture,3718,138,3580,USD,
S005037,2026-05-07,P005422,capture,7584,250,7334,USD,
S005038,2026-05-07,P007117,capture,4063,148,3915,USD,
S005039,2026-05-07,P015525,capture,5352,185,5167,USD,
S005041,2026-05-07,P010300,capture,7676,253,7423,USD,
S005042,2026-05-07,P015430,capture,18381,563,17818,USD,
S005043,2026-05-07,P003077,capture,3575,134,3441,USD,
S005046,2026-05-07,P008784,capture,5181,180,5001,USD,
S005049,2026-05-07,P015507,capture,3910,143,3767,USD,
S005052,2026-05-07,P007252,capture,5645,194,5451,USD,
S005053,2026-05-07,P009636,capture,6519,219,6300,USD,
S005054,2026-05-07,P003443,capture,3828,141,3687,USD,
S005055,2026-05-07,P008963,capture,4472,160,4312,USD,
S005056,2026-05-07,P018667,capture,6478,218,6260,USD,
S005057,2026-05-07,P002620,capture,3076,119,2957,USD,
S005058,2026-05-07,P016038,capture,7148,237,6911,USD,
S005062,2026-05-07,P018867,capture,3407,129,3278,USD,
S005063,2026-05-07,P012005,capture,14365,447,13918,USD,
S005065,2026-05-07,P000631,capture,9169,296,8873,USD,
S005066,2026-05-07,P017486,capture,3673,137,3536,USD,
S005067,2026-05-07,P001397,capture,8434,275,8159,USD,
S005068,2026-05-07,P010709,capture,7105,236,6869,USD,
S005069,2026-05-07,P009329,capture,11004,349,10655,USD,
S005070,2026-05-07,P015320,capture,13776,430,13346,USD,
S005071,2026-05-07,P006706,capture,6314,213,6101,USD,
S005072,2026-05-07,P013289,capture,9581,308,9273,USD,
S005073,2026-05-07,P005967,capture,3050,118,2932,USD,
S005075,2026-05-07,P004488,capture,2344,98,2246,USD,
S005076,2026-05-07,P008189,capture,5637,193,5444,USD,
S005077,2026-05-07,P005719,capture,19949,609,19340,USD,
S005078,2026-05-07,P002083,capture,17203,529,16674,USD,
S005080,2026-05-07,P012541,capture,10716,341,10375,USD,
S005081,2026-05-07,P010116,capture,1793,82,1711,USD,
S005084,2026-05-07,P011267,capture,4269,154,4115,USD,
S005085,2026-05-07,P003440,capture,3760,139,3621,USD,
S005086,2026-05-07,P018576,capture,3973,145,3828,USD,
S005088,2026-05-07,P017873,capture,4967,174,4793,USD,
S005089,2026-05-07,P001553,capture,5932,202,5730,USD,
S005090,2026-05-07,P004611,capture,2522,103,2419,USD,
S005092,2026-05-07,P006430,capture,8463,275,8188,USD,
S016607,2026-05-07,P006915,capture,7414,245,7169,USD,
S016614,2026-05-07,P010128,capture,3304,126,3178,USD,
S016618,2026-05-07,P011336,capture,1415,71,1344,USD,
S016619,2026-05-07,P011852,capture,6721,225,6496,USD,
S016630,2026-05-07,P016126,capture,18187,557,17630,USD,
S016635,2026-05-07,P018951,capture,3879,142,3737,USD,
S001100,2026-05-08,P018987,capture,3242,124,3118,USD,
S001104,2026-05-08,P002417,capture,5800,198,5602,USD,
S001139,2026-05-08,P002465,capture,3205,123,3082,USD,
S001153,2026-05-08,P011061,capture,814,54,760,USD,
S001168,2026-05-08,P010216,capture,4999,175,4824,USD,
S001182,2026-05-08,P007068,capture,2713,109,2604,USD,
S001184,2026-05-08,P005008,capture,2103,91,2012,USD,
S001194,2026-05-08,P001783,capture,10517,335,10182,USD,
S001235,2026-05-08,P018848,capture,19410,593,18817,USD,
S001239,2026-05-08,P006176,capture,16637,512,16125,USD,
S001244,2026-05-08,P018276,capture,9693,311,9382,USD,
S001267,2026-05-08,P019428,capture,4633,164,4469,USD,
S001300,2026-05-08,P016594,capture,4050,147,3903,USD,
S001306,2026-05-08,P019536,capture,6835,228,6607,USD,
S001308,2026-05-08,P002833,capture,6215,210,6005,USD,
S001312,2026-05-08,P009097,capture,4888,172,4716,USD,
S001333,2026-05-08,P008952,capture,2394,99,2295,USD,
S001348,2026-05-08,P013928,capture,3545,133,3412,USD,
S001367,2026-05-08,P016989,capture,12301,387,11914,USD,
S001398,2026-05-08,P006118,capture,21342,649,20693,USD,
S001399,2026-05-08,P017657,capture,14969,464,14505,USD,
S001407,2026-05-08,P004669,capture,2936,115,2821,USD,
S001415,2026-05-08,P002545,capture,4814,170,4644,USD,
S001422,2026-05-08,P006494,capture,27208,819,26389,USD,
S001423,2026-05-08,P009828,capture,5425,187,5238,USD,
S001424,2026-05-08,P016365,capture,3909,143,3766,USD,
S001433,2026-05-08,P018432,capture,7014,233,6781,USD,
S001440,2026-05-08,P011871,capture,6813,228,6585,USD,
S001456,2026-05-08,P014506,capture,5312,184,5128,USD,
S001468,2026-05-08,P017678,capture,3547,133,3414,USD,
S001518,2026-05-08,P005728,capture,2325,97,2228,USD,
S001522,2026-05-08,P018837,capture,1220,65,1155,USD,
S001523,2026-05-08,P011147,capture,8270,270,8000,USD,
S001551,2026-05-08,P001768,capture,1812,83,1729,USD,
S001562,2026-05-08,P012399,capture,4518,161,4357,USD,
S001566,2026-05-08,P018922,capture,5843,199,5644,USD,
S001569,2026-05-08,P004778,capture,6970,232,6738,USD,
S001585,2026-05-08,P014737,capture,7723,254,7469,USD,
S001623,2026-05-08,P004642,capture,1667,78,1589,USD,
S001632,2026-05-08,P019959,capture,36888,1100,35788,USD,
S001637,2026-05-08,P017465,capture,6340,214,6126,USD,
S001639,2026-05-08,P008454,capture,2730,109,2621,USD,
S001657,2026-05-08,P009697,capture,5510,190,5320,USD,
S001676,2026-05-08,P003213,capture,10925,347,10578,USD,
S001683,2026-05-08,P009473,capture,3505,132,3373,USD,
S001696,2026-05-08,P001549,capture,11984,378,11606,USD,
S001704,2026-05-08,P009318,capture,9691,311,9380,USD,
S001723,2026-05-08,P018365,capture,3492,131,3361,USD,
S001739,2026-05-08,P002403,capture,29801,894,28907,USD,
S001756,2026-05-08,P010871,capture,6990,233,6757,USD,
S001798,2026-05-08,P009953,capture,2126,92,2034,USD,
S001803,2026-05-08,P012227,capture,4645,165,4480,USD,
S001813,2026-05-08,P003128,capture,2913,114,2799,USD,
S001850,2026-05-08,P007941,capture,10936,347,10589,USD,
S001862,2026-05-08,P010134,capture,5431,187,5244,USD,
S001867,2026-05-08,P013007,capture,5519,190,5329,USD,
S001900,2026-05-08,P012667,capture,1502,74,1428,USD,
S001907,2026-05-08,P012019,capture,2730,109,2621,USD,
S001909,2026-05-08,P012827,capture,3270,125,3145,USD,
S001928,2026-05-08,P019704,capture,4278,154,4124,USD,
S001955,2026-05-08,P007812,capture,5883,201,5682,USD,
S001966,2026-05-08,P016129,capture,4749,168,4581,USD,
S001971,2026-05-08,P010133,capture,7610,251,7359,USD,
S001973,2026-05-08,P007259,capture,5093,178,4915,USD,
S001995,2026-05-08,P015089,capture,5420,187,5233,USD,
S002024,2026-05-08,P011457,capture,18348,562,17786,USD,
S002030,2026-05-08,P011214,capture,7661,252,7409,USD,
S002033,2026-05-08,P002255,capture,1992,88,1904,USD,
S002068,2026-05-08,P006484,capture,3604,135,3469,USD,
S002072,2026-05-08,P016606,capture,1708,80,1628,USD,
S002102,2026-05-08,P009870,capture,4153,150,4003,USD,
S002114,2026-05-08,P019805,capture,1557,75,1482,USD,
S002130,2026-05-08,P006076,capture,10612,338,10274,USD,
S002132,2026-05-08,P016870,capture,5517,190,5327,USD,
S002138,2026-05-08,P018747,capture,2228,95,2133,USD,
S002157,2026-05-08,P001638,capture,15781,488,15293,USD,
S002158,2026-05-08,P000617,capture,3493,131,3362,USD,
S002178,2026-05-08,P001225,capture,1337,69,1268,USD,
S002182,2026-05-08,P019166,capture,3033,118,2915,USD,
S002198,2026-05-08,P010893,capture,12716,399,12317,USD,
S002202,2026-05-08,P013211,capture,1138,63,1075,USD,
S002204,2026-05-08,P003208,capture,5001,175,4826,USD,
S002235,2026-05-08,P000433,capture,6233,211,6022,USD,
S002240,2026-05-08,P008038,capture,3839,141,3698,USD,
S002241,2026-05-08,P018031,capture,5055,177,4878,USD,
S002246,2026-05-08,P005413,capture,3548,133,3415,USD,
S002248,2026-05-08,P005407,capture,29823,895,28928,USD,
S002249,2026-05-08,P008427,capture,5511,190,5321,USD,
S002269,2026-05-08,P007977,capture,5856,200,5656,USD,
S002294,2026-05-08,P006998,capture,1047,60,987,USD,
S002295,2026-05-08,P013130,capture,4361,156,4205,USD,
S002312,2026-05-08,P004555,capture,3314,126,3188,USD,
S002318,2026-05-08,P018205,capture,12339,388,11951,USD,
S002324,2026-05-08,P016116,capture,10615,338,10277,USD,
S002329,2026-05-08,P017157,capture,1234,66,1168,USD,
S002335,2026-05-08,P017668,capture,2042,89,1953,USD,
S002343,2026-05-08,P000984,capture,8337,272,8065,USD,
S002423,2026-05-08,P005849,capture,7858,258,7600,USD,
S002426,2026-05-08,P010376,capture,1415,71,1344,USD,
S002433,2026-05-08,P013016,capture,8979,290,8689,USD,
S002446,2026-05-08,P015569,capture,1697,79,1618,USD,
S002450,2026-05-08,P004965,capture,16755,516,16239,USD,
S002457,2026-05-08,P007662,capture,873,55,818,USD,
S002468,2026-05-08,P001424,capture,1723,80,1643,USD,
S002471,2026-05-08,P014445,capture,3773,139,3634,USD,
S002485,2026-05-08,P012311,capture,2785,111,2674,USD,
S002490,2026-05-08,P008736,capture,3234,124,3110,USD,
S002535,2026-05-08,P000481,capture,16379,505,15874,USD,
S002539,2026-05-08,P012816,capture,10504,335,10169,USD,
S002543,2026-05-08,P012240,capture,2726,109,2617,USD,
S002552,2026-05-08,P007926,capture,2097,91,2006,USD,
S002596,2026-05-08,P006399,capture,2497,102,2395,USD,
S002600,2026-05-08,P011321,capture,3757,139,3618,USD,
S002617,2026-05-08,P014238,capture,1229,66,1163,USD,
S002618,2026-05-08,P005680,capture,1342,69,1273,USD,
S002620,2026-05-08,P007103,capture,1517,74,1443,USD,
S002648,2026-05-08,P004951,capture,978,58,920,USD,
S002656,2026-05-08,P019230,capture,4391,157,4234,USD,
S002714,2026-05-08,P007104,capture,6879,229,6650,USD,
S002768,2026-05-08,P001435,capture,1017,59,958,USD,
S002783,2026-05-08,P004914,capture,12491,392,12099,USD,
S002784,2026-05-08,P011680,capture,1678,79,1599,USD,
S002786,2026-05-08,P009783,capture,9396,302,9094,USD,
S002806,2026-05-08,P017090,capture,3254,124,3130,USD,
S002841,2026-05-08,P005798,capture,1618,77,1541,USD,
S002864,2026-05-08,P003663,capture,33990,1016,32974,USD,
S002869,2026-05-08,P008850,capture,20916,637,20279,USD,
S002880,2026-05-08,P019303,capture,16707,515,16192,USD,
S002914,2026-05-08,P001130,capture,8983,291,8692,USD,
S002916,2026-05-08,P007890,capture,1889,85,1804,USD,
S002934,2026-05-08,P007359,capture,2225,95,2130,USD,
S002938,2026-05-08,P017248,capture,2161,93,2068,USD,
S002951,2026-05-08,P009841,capture,2663,107,2556,USD,
S003003,2026-05-08,P019598,capture,5464,188,5276,USD,
S003006,2026-05-08,P015791,capture,4120,149,3971,USD,
S003011,2026-05-08,P008520,capture,19868,606,19262,USD,
S003016,2026-05-08,P008462,capture,12736,399,12337,USD,
S003017,2026-05-08,P009048,capture,1140,63,1077,USD,
S003022,2026-05-08,P000972,capture,12633,396,12237,USD,
S003023,2026-05-08,P002736,capture,1867,84,1783,USD,
S003026,2026-05-08,P017414,capture,8083,264,7819,USD,
S003029,2026-05-08,P017217,capture,448,43,405,USD,
S003032,2026-05-08,P006359,capture,20293,618,19675,USD,
S003034,2026-05-08,P016730,capture,5828,199,5629,USD,
S003035,2026-05-08,P010071,capture,1495,73,1422,USD,
S003036,2026-05-08,P004198,capture,3356,127,3229,USD,
S003038,2026-05-08,P009089,capture,5197,181,5016,USD,
S003042,2026-05-08,P000785,capture,8177,267,7910,USD,
S003045,2026-05-08,P000973,capture,8403,274,8129,USD,
S003046,2026-05-08,P017804,capture,5530,190,5340,USD,
S003048,2026-05-08,P015761,capture,6749,226,6523,USD,
S003051,2026-05-08,P013975,capture,761,52,709,USD,
S003055,2026-05-08,P010035,capture,1296,68,1228,USD,
S003056,2026-05-08,P002809,capture,9207,297,8910,USD,
S003059,2026-05-08,P010545,capture,18666,571,18095,USD,
S003061,2026-05-08,P005334,capture,4576,163,4413,USD,
S003065,2026-05-08,P013835,capture,2742,110,2632,USD,
S003066,2026-05-08,P012234,capture,3601,134,3467,USD,
S003068,2026-05-08,P012406,capture,1818,83,1735,USD,
S003072,2026-05-08,P003079,capture,6119,207,5912,USD,
S003073,2026-05-08,P014817,capture,8739,283,8456,USD,
S003076,2026-05-08,P005512,capture,2904,114,2790,USD,
S003093,2026-05-08,P003102,capture,1396,70,1326,USD,
S003094,2026-05-08,P012796,capture,7845,258,7587,USD,
S003095,2026-05-08,P001752,capture,9021,292,8729,USD,
S003096,2026-05-08,P013224,capture,13817,431,13386,USD,
S003100,2026-05-08,P009059,capture,11641,368,11273,USD,
S003109,2026-05-08,P006221,capture,1272,67,1205,USD,
S003122,2026-05-08,P005750,capture,24732,747,23985,USD,
S003125,2026-05-08,P013390,capture,8996,291,8705,USD,
S003128,2026-05-08,P009667,capture,3357,127,3230,USD,
S003135,2026-05-08,P008646,capture,3018,118,2900,USD,
S003138,2026-05-08,P002002,capture,11922,376,11546,USD,
S003140,2026-05-08,P013512,capture,13126,411,12715,USD,
S003141,2026-05-08,P012538,capture,7648,252,7396,USD,
S003149,2026-05-08,P000163,capture,1275,67,1208,USD,
S003151,2026-05-08,P008601,capture,1533,74,1459,USD,
S003152,2026-05-08,P010355,capture,2080,90,1990,USD,
S003153,2026-05-08,P018009,capture,11582,366,11216,USD,
S003154,2026-05-08,P006045,capture,1189,64,1125,USD,
S003155,2026-05-08,P010766,capture,5987,204,5783,USD,
S003156,2026-05-08,P005162,capture,4193,152,4041,USD,
S003164,2026-05-08,P003936,capture,5354,185,5169,USD,
S003173,2026-05-08,P002700,capture,6660,223,6437,USD,
S003177,2026-05-08,P001646,capture,6536,220,6316,USD,
S003182,2026-05-08,P006651,capture,15004,465,14539,USD,
S003183,2026-05-08,P007262,capture,7803,256,7547,USD,
S003189,2026-05-08,P012938,capture,2444,101,2343,USD,
S003193,2026-05-08,P008778,capture,5153,179,4974,USD,
S003195,2026-05-08,P003794,capture,4545,162,4383,USD,
S003198,2026-05-08,P004509,capture,1546,75,1471,USD,
S003202,2026-05-08,P001189,capture,9404,303,9101,USD,
S003210,2026-05-08,P019817,capture,5624,193,5431,USD,
S003215,2026-05-08,P014925,capture,5776,198,5578,USD,
S003216,2026-05-08,P009784,capture,9345,301,9044,USD,
S003220,2026-05-08,P004226,capture,956,58,898,USD,
S003231,2026-05-08,P000802,capture,3374,128,3246,USD,
S003232,2026-05-08,P007357,capture,6374,215,6159,USD,
S003241,2026-05-08,P002449,capture,8782,285,8497,USD,
S003243,2026-05-08,P014862,capture,1897,85,1812,USD,
S003245,2026-05-08,P019250,capture,5755,197,5558,USD,
S003247,2026-05-08,P017257,capture,6871,229,6642,USD,
S003248,2026-05-08,P014039,capture,1992,88,1904,USD,
S003252,2026-05-08,P002126,capture,6067,206,5861,USD,
S003253,2026-05-08,P012837,capture,3847,142,3705,USD,
S003259,2026-05-08,P017227,capture,2370,99,2271,USD,
S003266,2026-05-08,P014710,capture,2916,115,2801,USD,
S003269,2026-05-08,P018619,capture,32053,960,31093,USD,
S003274,2026-05-08,P012041,capture,15099,468,14631,USD,
S003280,2026-05-08,P014082,capture,1679,79,1600,USD,
S003282,2026-05-08,P005954,capture,5900,201,5699,USD,
S003283,2026-05-08,P012329,capture,4034,147,3887,USD,
S003285,2026-05-08,P004569,capture,2917,115,2802,USD,
S003287,2026-05-08,P003572,capture,10586,337,10249,USD,
S003289,2026-05-08,P000474,capture,6014,204,5810,USD,
S003290,2026-05-08,P008090,capture,1002,59,943,USD,
S003291,2026-05-08,P016320,capture,71608,2107,69501,USD,
S003299,2026-05-08,P000274,capture,16417,506,15911,USD,
S003300,2026-05-08,P016229,capture,8013,262,7751,USD,
S003302,2026-05-08,P009272,capture,5796,198,5598,USD,
S003303,2026-05-08,P010823,capture,1197,65,1132,USD,
S003305,2026-05-08,P004845,capture,1787,82,1705,USD,
S003315,2026-05-08,P004370,capture,4394,157,4237,USD,
S003320,2026-05-08,P000762,capture,3836,141,3695,USD,
S003325,2026-05-08,P001985,capture,6117,207,5910,USD,
S003326,2026-05-08,P012293,capture,1909,73,1836,USD,
S003328,2026-05-08,P009474,capture,4643,165,4478,USD,
S003329,2026-05-08,P012032,capture,968,58,910,USD,
S003333,2026-05-08,P016844,capture,2559,104,2455,USD,
S003334,2026-05-08,P009238,capture,1618,77,1541,USD,
S003337,2026-05-08,P012196,capture,1009,59,950,USD,
S003340,2026-05-08,P016049,capture,45550,1351,44199,USD,
S003343,2026-05-08,P004695,capture,7052,235,6817,USD,
S003344,2026-05-08,P003139,capture,27617,831,26786,USD,
S003346,2026-05-08,P019032,capture,10339,330,10009,USD,
S003350,2026-05-08,P012080,capture,31839,953,30886,USD,
S003351,2026-05-08,P015575,capture,2439,101,2338,USD,
S003354,2026-05-08,P011437,capture,5078,177,4901,USD,
S003364,2026-05-08,P002448,capture,1080,61,1019,USD,
S003365,2026-05-08,P009823,capture,4926,173,4753,USD,
S003368,2026-05-08,P015397,capture,12921,405,12516,USD,
S003369,2026-05-08,P004075,capture,1679,79,1600,USD,
S003371,2026-05-08,P019213,capture,6982,232,6750,USD,
S003373,2026-05-08,P004836,capture,4627,164,4463,USD,
S003374,2026-05-08,P011179,capture,5038,176,4862,USD,
S003375,2026-05-08,P003251,capture,946,57,889,USD,
S003377,2026-05-08,P013388,capture,24740,747,23993,USD,
S003380,2026-05-08,P016897,capture,13526,422,13104,USD,
S003392,2026-05-08,P003374,capture,4359,156,4203,USD,
S003393,2026-05-08,P002722,capture,2497,102,2395,USD,
S003397,2026-05-08,P015326,capture,7360,243,7117,USD,
S003400,2026-05-08,P016441,capture,4758,168,4590,USD,
S003401,2026-05-08,P015283,capture,13673,427,13246,USD,
S003408,2026-05-08,P008191,capture,21629,657,20972,USD,
S003417,2026-05-08,P005482,capture,2479,102,2377,USD,
S003419,2026-05-08,P008787,capture,7786,256,7530,USD,
S003421,2026-05-08,P003196,capture,2244,95,2149,USD,
S003440,2026-05-08,P003654,capture,2587,105,2482,USD,
S003443,2026-05-08,P001891,capture,8784,285,8499,USD,
S003445,2026-05-08,P005761,capture,10812,344,10468,USD,
S003450,2026-05-08,P001113,capture,2785,111,2674,USD,
S003451,2026-05-08,P004223,capture,6064,206,5858,USD,
S003452,2026-05-08,P001862,capture,1686,79,1607,USD,
S003456,2026-05-08,P002836,capture,12851,403,12448,USD,
S003459,2026-05-08,P012050,capture,4255,153,4102,USD,
S003465,2026-05-08,P006715,capture,2204,94,2110,USD,
S003468,2026-05-08,P006423,capture,947,57,890,USD,
S003470,2026-05-08,P012030,capture,2340,98,2242,USD,
S003473,2026-05-08,P008523,capture,13230,414,12816,USD,
S003474,2026-05-08,P019913,capture,2486,102,2384,USD,
S003475,2026-05-08,P012780,capture,6482,218,6264,USD,
S003479,2026-05-08,P017688,capture,11073,351,10722,USD,
S003480,2026-05-08,P006362,capture,5203,181,5022,USD,
S003481,2026-05-08,P016685,capture,702,50,652,USD,
S003489,2026-05-08,P009152,capture,24746,748,23998,USD,
S003495,2026-05-08,P011095,capture,38555,1148,37407,USD,
S003496,2026-05-08,P017698,capture,5474,189,5285,USD,
S003497,2026-05-08,P010822,capture,7347,243,7104,USD,
S003499,2026-05-08,P004148,capture,2331,98,2233,USD,
S003502,2026-05-08,P016374,capture,8258,269,7989,USD,
S003506,2026-05-08,P005951,capture,8359,272,8087,USD,
S003508,2026-05-08,P013311,capture,8508,277,8231,USD,
S003512,2026-05-08,P004927,capture,16911,520,16391,USD,
S003513,2026-05-08,P017628,capture,10976,348,10628,USD,
S003514,2026-05-08,P013350,capture,16149,498,15651,USD,
S003516,2026-05-08,P009274,capture,2495,102,2393,USD,
S003517,2026-05-08,P001554,capture,5333,185,5148,USD,
S003519,2026-05-08,P004047,capture,14807,459,14348,USD,
S003525,2026-05-08,P012983,capture,28323,851,27472,USD,
S003528,2026-05-08,P004514,capture,11474,363,11111,USD,
S003539,2026-05-08,P003080,capture,2928,115,2813,USD,
S003540,2026-05-08,P010374,capture,5372,186,5186,USD,
S003541,2026-05-08,P004631,capture,1870,84,1786,USD,
S003546,2026-05-08,P018270,capture,7536,249,7287,USD,
S003553,2026-05-08,P016619,capture,2092,91,2001,USD,
S003554,2026-05-08,P019211,capture,2526,103,2423,USD,
S003556,2026-05-08,P008745,capture,10062,322,9740,USD,
S003559,2026-05-08,P008767,capture,894,56,838,USD,
S003562,2026-05-08,P015277,capture,6357,214,6143,USD,
S003563,2026-05-08,P009687,capture,11014,349,10665,USD,
S003566,2026-05-08,P001372,capture,3184,122,3062,USD,
S003568,2026-05-08,P019394,capture,10150,324,9826,USD,
S003570,2026-05-08,P010524,capture,2450,101,2349,USD,
S003573,2026-05-08,P013070,capture,1821,83,1738,USD,
S003578,2026-05-08,P013409,capture,2258,95,2163,USD,
S003580,2026-05-08,P001227,capture,17065,525,16540,USD,
S003583,2026-05-08,P012712,capture,16175,499,15676,USD,
S003584,2026-05-08,P017829,capture,4102,149,3953,USD,
S003587,2026-05-08,P007910,capture,2337,98,2239,USD,
S003588,2026-05-08,P013204,capture,6833,228,6605,USD,
S003590,2026-05-08,P012883,capture,4928,173,4755,USD,
S003592,2026-05-08,P011446,capture,879,55,824,USD,
S003593,2026-05-08,P002656,capture,13906,433,13473,USD,
S003596,2026-05-08,P011521,capture,3706,137,3569,USD,
S003598,2026-05-08,P003021,capture,4732,167,4565,USD,
S003599,2026-05-08,P019415,capture,13516,422,13094,USD,
S003601,2026-05-08,P007084,capture,3851,142,3709,USD,
S003604,2026-05-08,P011733,capture,1516,74,1442,USD,
S003609,2026-05-08,P013194,capture,2470,102,2368,USD,
S003611,2026-05-08,P005982,capture,10716,341,10375,USD,
S003614,2026-05-08,P006391,capture,12560,394,12166,USD,
S003621,2026-05-08,P007585,capture,15227,472,14755,USD,
S003622,2026-05-08,P012859,capture,16126,498,15628,USD,
S003625,2026-05-08,P001270,capture,3544,132,3412,EUR,converted at 1.0961
S003630,2026-05-08,P007168,capture,868,55,813,USD,
S003632,2026-05-08,P008815,capture,14157,441,13716,USD,
S003633,2026-05-08,P010583,capture,8644,281,8363,USD,
S003636,2026-05-08,P006564,capture,15889,491,15398,USD,
S003637,2026-05-08,P001687,capture,3627,135,3492,USD,
S003640,2026-05-08,P018273,capture,5411,187,5224,USD,
S003644,2026-05-08,P010378,capture,7044,234,6810,USD,
S003645,2026-05-08,P008843,capture,4158,151,4007,USD,
S003649,2026-05-08,P017724,capture,7051,234,6817,USD,
S003667,2026-05-08,P012493,capture,3049,118,2931,USD,
S003674,2026-05-08,P015502,capture,6414,216,6198,USD,
S003678,2026-05-08,P008825,capture,3171,122,3049,USD,
S003679,2026-05-08,P003881,capture,19390,592,18798,USD,
S003680,2026-05-08,P019662,capture,1987,88,1899,USD,
S003687,2026-05-08,P010887,capture,760,52,708,USD,
S003688,2026-05-08,P011151,capture,7835,257,7578,USD,
S003691,2026-05-08,P000213,capture,2537,104,2433,USD,
S003693,2026-05-08,P000801,capture,3927,144,3783,USD,
S003695,2026-05-08,P001953,capture,12368,389,11979,USD,
S003697,2026-05-08,P013005,capture,7168,238,6930,USD,
S003699,2026-05-08,P011390,capture,2961,116,2845,USD,
S003700,2026-05-08,P010261,capture,848,55,793,USD,
S003705,2026-05-08,P015025,capture,5010,175,4835,USD,
S003708,2026-05-08,P002401,capture,7946,260,7686,USD,
S003711,2026-05-08,P007603,capture,5260,183,5077,USD,
S003712,2026-05-08,P006662,capture,5074,177,4897,USD,
S003717,2026-05-08,P008739,capture,5494,189,5305,USD,
S003718,2026-05-08,P014608,capture,2085,90,1995,USD,
S003719,2026-05-08,P003764,capture,44979,1334,43645,USD,
S003720,2026-05-08,P018262,capture,4803,169,4634,USD,
S003721,2026-05-08,P012485,capture,2978,116,2862,USD,
S003723,2026-05-08,P000268,capture,5343,185,5158,USD,
S003725,2026-05-08,P002385,capture,9613,309,9304,USD,
S003732,2026-05-08,P014086,capture,7076,235,6841,USD,
S003735,2026-05-08,P014032,capture,6913,230,6683,USD,
S003743,2026-05-08,P018351,capture,4464,159,4305,USD,
S003745,2026-05-08,P000505,capture,5822,199,5623,USD,
S003751,2026-05-08,P011857,capture,3308,126,3182,USD,
S003754,2026-05-08,P016069,capture,5928,202,5726,USD,
S003768,2026-05-08,P004434,capture,6383,215,6168,USD,
S003771,2026-05-08,P001342,capture,23597,714,22883,USD,
S003776,2026-05-08,P017712,capture,2818,112,2706,USD,
S003779,2026-05-08,P006300,capture,3870,142,3728,USD,
S003783,2026-05-08,P013888,capture,12563,394,12169,USD,
S003785,2026-05-08,P014575,capture,10264,328,9936,USD,
S003786,2026-05-08,P005402,capture,8853,287,8566,USD,
S003789,2026-05-08,P009076,capture,52399,1550,50849,USD,
S003790,2026-05-08,P005739,capture,7627,251,7376,USD,
S003794,2026-05-08,P012814,capture,7695,253,7442,USD,
S003795,2026-05-08,P009066,capture,8256,269,7987,USD,
S003796,2026-05-08,P019976,capture,6270,212,6058,USD,
S003800,2026-05-08,P003832,capture,14890,462,14428,USD,
S003801,2026-05-08,P010602,capture,4886,172,4714,USD,
S003803,2026-05-08,P008325,capture,7127,237,6890,USD,
S003804,2026-05-08,P004994,capture,7615,251,7364,USD,
S003809,2026-05-08,P005852,refund,-6626,0,-6626,USD,
S003811,2026-05-08,P014011,capture,2250,95,2155,USD,
S003821,2026-05-08,P012606,capture,2190,94,2096,USD,
S003824,2026-05-08,P017166,capture,2506,103,2403,USD,
S003830,2026-05-08,P015412,capture,6780,227,6553,USD,
S003831,2026-05-08,P019202,capture,36642,1093,35549,USD,
S003832,2026-05-08,P013494,capture,6417,216,6201,USD,
S003834,2026-05-08,P010377,capture,9383,302,9081,USD,
S003839,2026-05-08,P013327,capture,3414,129,3285,USD,
S003840,2026-05-08,P009739,capture,13518,422,13096,USD,
S003846,2026-05-08,P009819,capture,6211,210,6001,USD,
S003850,2026-05-08,P010858,capture,1178,64,1114,USD,
S003856,2026-05-08,P012995,capture,4813,170,4643,USD,
S003857,2026-05-08,P004418,capture,2436,101,2335,USD,
S003858,2026-05-08,P003104,capture,4032,147,3885,USD,
S003859,2026-05-08,P014860,capture,8945,289,8656,USD,
S003860,2026-05-08,P014125,capture,5692,195,5497,USD,
S003872,2026-05-08,P004479,capture,12747,400,12347,USD,
S003873,2026-05-08,P005260,capture,1789,82,1707,USD,
S003875,2026-05-08,P017286,capture,20583,627,19956,USD,
S003877,2026-05-08,P000136,capture,1406,71,1335,USD,
S003878,2026-05-08,P018826,capture,1825,83,1742,USD,
S003881,2026-05-08,P006886,capture,9667,310,9357,USD,
S003883,2026-05-08,P003007,capture,22235,675,21560,USD,
S003891,2026-05-08,P001916,capture,4046,147,3899,USD,
S003894,2026-05-08,P001320,capture,12542,394,12148,USD,
S003895,2026-05-08,P009727,capture,1997,88,1909,USD,
S003898,2026-05-08,P009815,capture,3960,145,3815,USD,
S003899,2026-05-08,P009765,capture,5011,175,4836,USD,
S003904,2026-05-08,P004725,capture,3711,138,3573,USD,
S003909,2026-05-08,P012691,capture,1925,86,1839,USD,
S003911,2026-05-08,P005070,capture,6833,228,6605,USD,
S003918,2026-05-08,P017333,capture,1543,75,1468,USD,
S003922,2026-05-08,P014376,capture,8819,286,8533,USD,
S003927,2026-05-08,P001453,capture,33833,1011,32822,USD,
S003933,2026-05-08,P015921,capture,4456,159,4297,USD,
S003934,2026-05-08,P006490,capture,29153,875,28278,USD,
S003935,2026-05-08,P017007,capture,8262,270,7992,USD,
S003937,2026-05-08,P010418,capture,14601,453,14148,USD,
S003938,2026-05-08,P016307,capture,5800,198,5602,USD,
S003939,2026-05-08,P009662,capture,7168,238,6930,USD,
S003940,2026-05-08,P002831,capture,7561,249,7312,USD,
S003944,2026-05-08,P001662,capture,1121,63,1058,USD,
S003946,2026-05-08,P004126,capture,7671,252,7419,USD,
S003947,2026-05-08,P018672,capture,2983,117,2866,USD,
S003952,2026-05-08,P018462,capture,7343,243,7100,USD,
S003955,2026-05-08,P018388,capture,6821,228,6593,USD,
S003959,2026-05-08,P017154,capture,12430,390,12040,USD,
S003964,2026-05-08,P000004,capture,5134,179,4955,USD,
S003968,2026-05-08,P016831,capture,8896,288,8608,USD,
S003973,2026-05-08,P014907,capture,5168,180,4988,USD,
S003974,2026-05-08,P004422,capture,4343,156,4187,USD,
S003981,2026-05-08,P018781,capture,6239,211,6028,USD,
S003982,2026-05-08,P002552,capture,1703,79,1624,USD,
S003983,2026-05-08,P005705,capture,7075,235,6840,USD,
S003985,2026-05-08,P003762,capture,11306,358,10948,USD,
S003986,2026-05-08,P001572,capture,1330,69,1261,USD,
S003988,2026-05-08,P009027,capture,7059,235,6824,USD,
S003990,2026-05-08,P016090,capture,5814,199,5615,USD,
S003991,2026-05-08,P007284,capture,2274,96,2178,USD,
S003995,2026-05-08,P017068,capture,2075,90,1985,USD,
S003996,2026-05-08,P009549,capture,4796,169,4627,USD,
S003998,2026-05-08,P017974,capture,4473,160,4313,USD,
S003999,2026-05-08,P004572,capture,2727,109,2618,USD,
S004002,2026-05-08,P004053,capture,730,51,679,USD,
S004008,2026-05-08,P002106,capture,8259,270,7989,USD,
S004011,2026-05-08,P003210,capture,11780,372,11408,USD,
S004013,2026-05-08,P008379,capture,1148,63,1085,USD,
S004014,2026-05-08,P000727,capture,7063,235,6828,USD,
S004016,2026-05-08,P018703,capture,7418,245,7173,USD,
S004018,2026-05-08,P004327,capture,2796,111,2685,USD,
S004022,2026-05-08,P008689,capture,5716,196,5520,USD,
S004030,2026-05-08,P006813,capture,7880,259,7621,USD,
S004031,2026-05-08,P001238,capture,3249,124,3125,USD,
S004033,2026-05-08,P019894,capture,6902,230,6672,USD,
S004036,2026-05-08,P017493,capture,7792,256,7536,USD,
S004038,2026-05-08,P010620,capture,6603,221,6382,USD,
S004041,2026-05-08,P014738,capture,3686,137,3549,USD,
S004043,2026-05-08,P007149,capture,6469,218,6251,USD,
S004047,2026-05-08,P011136,capture,4780,169,4611,USD,
S004048,2026-05-08,P019489,capture,9179,296,8883,USD,
S004050,2026-05-08,P012935,capture,1744,92,1652,USD,
S004052,2026-05-08,P008264,capture,8871,287,8584,USD,
S004054,2026-05-08,P001148,capture,3628,135,3493,USD,
S004055,2026-05-08,P003610,capture,4663,165,4498,USD,
S004056,2026-05-08,P010845,capture,274,39,235,EUR,converted at 1.0961
S004057,2026-05-08,P003561,capture,10082,322,9760,USD,
S004063,2026-05-08,P001960,capture,3603,134,3469,USD,
S004064,2026-05-08,P008910,capture,7100,236,6864,USD,
S004065,2026-05-08,P010299,capture,724,51,673,USD,
S004073,2026-05-08,P013728,capture,2446,101,2345,USD,
S004077,2026-05-08,P008508,capture,5392,186,5206,USD,
S004081,2026-05-08,P015711,capture,12207,384,11823,USD,
S004083,2026-05-08,P014785,capture,10593,337,10256,USD,
S004085,2026-05-08,P005150,capture,4081,148,3933,USD,
S004087,2026-05-08,P003410,capture,4002,146,3856,USD,
S004090,2026-05-08,P007668,capture,13184,412,12772,USD,
S004091,2026-05-08,P010364,capture,3314,126,3188,USD,
S004092,2026-05-08,P013338,capture,21390,650,20740,USD,
S004097,2026-05-08,P008660,capture,7407,245,7162,USD,
S004103,2026-05-08,P015680,capture,9566,307,9259,USD,
S004105,2026-05-08,P006835,capture,3326,126,3200,USD,
S004112,2026-05-08,P014251,capture,4816,170,4646,USD,
S004113,2026-05-08,P008733,capture,5289,183,5106,USD,
S004121,2026-05-08,P005019,capture,7371,244,7127,USD,
S004125,2026-05-08,P000407,capture,26716,805,25911,USD,
S004137,2026-05-08,P008373,capture,3127,121,3006,USD,
S004139,2026-05-08,P015643,capture,3866,142,3724,USD,
S004140,2026-05-08,P000251,capture,6795,227,6568,USD,
S004147,2026-05-08,P009640,capture,3465,130,3335,USD,
S004153,2026-05-08,P000215,capture,8270,270,8000,USD,
S004154,2026-05-08,P010361,capture,6666,223,6443,USD,
S004156,2026-05-08,P008213,capture,7318,242,7076,USD,
S004158,2026-05-08,P014488,capture,3216,123,3093,USD,
S004159,2026-05-08,P006108,capture,2385,99,2286,USD,
S004161,2026-05-08,P011930,capture,1964,87,1877,USD,
S004162,2026-05-08,P015328,capture,1346,69,1277,USD,
S004163,2026-05-08,P003444,capture,8598,279,8319,USD,
S004166,2026-05-08,P019518,capture,3657,136,3521,USD,
S004170,2026-05-08,P002662,capture,6368,215,6153,USD,
S004177,2026-05-08,P003490,capture,12192,384,11808,USD,
S004180,2026-05-08,P011152,capture,6695,224,6471,USD,
S004185,2026-05-08,P012828,capture,3607,135,3472,USD,
S004187,2026-05-08,P012760,capture,2527,103,2424,USD,
S004189,2026-05-08,P019990,capture,14815,460,14355,USD,
S004193,2026-05-08,P009830,capture,3012,117,2895,USD,
S004202,2026-05-08,P010270,capture,11451,362,11089,USD,
S004206,2026-05-08,P001598,capture,1930,86,1844,USD,
S004211,2026-05-08,P012563,capture,27285,821,26464,USD,
S004222,2026-05-08,P007544,capture,18249,559,17690,USD,
S004224,2026-05-08,P018260,capture,2504,103,2401,USD,
S004228,2026-05-08,P003594,capture,3399,129,3270,USD,
S004230,2026-05-08,P014546,capture,2011,88,1923,USD,
S004231,2026-05-08,P009167,capture,3581,134,3447,USD,
S004233,2026-05-08,P011758,capture,7684,253,7431,USD,
S004234,2026-05-08,P016001,capture,3041,118,2923,USD,
S004240,2026-05-08,P011485,capture,8202,268,7934,USD,
S004241,2026-05-08,P010152,capture,4466,160,4306,USD,
S004242,2026-05-08,P014924,capture,1064,61,1003,USD,
S004244,2026-05-08,P007958,capture,22923,695,22228,USD,
S004246,2026-05-08,P008742,capture,12732,399,12333,USD,
S004251,2026-05-08,P008107,capture,2850,113,2737,USD,
S004267,2026-05-08,P018142,capture,2423,100,2323,USD,
S004271,2026-05-08,P012746,capture,4180,151,4029,USD,
S004272,2026-05-08,P012885,capture,12806,401,12405,USD,
S004276,2026-05-08,P007322,capture,7363,244,7119,USD,
S004278,2026-05-08,P012224,capture,2454,101,2353,USD,
S004282,2026-05-08,P008050,capture,10443,333,10110,USD,
S004283,2026-05-08,P000737,capture,3290,125,3165,USD,
S004286,2026-05-08,P014282,capture,4959,174,4785,USD,
S004294,2026-05-08,P015741,capture,2760,110,2650,USD,
S004296,2026-05-08,P000404,capture,3031,118,2913,USD,
S004300,2026-05-08,P000618,capture,3327,126,3201,USD,
S004304,2026-05-08,P011412,capture,8446,275,8171,USD,
S004315,2026-05-08,P014934,capture,15476,479,14997,USD,
S004319,2026-05-08,P005125,capture,18275,560,17715,USD,
S004320,2026-05-08,P013202,capture,2728,109,2619,USD,
S004321,2026-05-08,P013188,capture,11302,358,10944,USD,
S004329,2026-05-08,P004798,capture,4009,146,3863,USD,
S004335,2026-05-08,P014478,capture,9796,314,9482,USD,
S004336,2026-05-08,P017350,capture,6663,223,6440,USD,
S004343,2026-05-08,P009706,capture,17939,550,17389,USD,
S004345,2026-05-08,P002129,capture,2096,91,2005,USD,
S004346,2026-05-08,P006425,capture,6585,221,6364,USD,
S004348,2026-05-08,P013707,capture,10094,323,9771,USD,
S004350,2026-05-08,P014192,capture,5254,182,5072,USD,
S004354,2026-05-08,P012371,capture,10202,326,9876,USD,
S004361,2026-05-08,P007746,capture,1495,73,1422,USD,
S004367,2026-05-08,P009203,capture,35892,1071,34821,USD,
S004371,2026-05-08,P015184,capture,2971,116,2855,USD,
S004374,2026-05-08,P001878,capture,5272,183,5089,USD,
S004375,2026-05-08,P013193,capture,6178,209,5969,USD,
S004379,2026-05-08,P005368,capture,3485,131,3354,USD,
S004380,2026-05-08,P007860,capture,14074,438,13636,USD,
S004381,2026-05-08,P004783,capture,3742,139,3603,USD,
S004383,2026-05-08,P013245,capture,2010,88,1922,USD,
S004384,2026-05-08,P010595,capture,6797,227,6570,USD,
S004389,2026-05-08,P009948,capture,12519,393,12126,USD,
S004390,2026-05-08,P014948,capture,7132,237,6895,USD,
S004393,2026-05-08,P009464,capture,909,56,853,USD,
S004404,2026-05-08,P002652,capture,12764,400,12364,USD,
S004406,2026-05-08,P001101,capture,626,48,578,USD,
S004410,2026-05-08,P001300,capture,2736,109,2627,USD,
S004411,2026-05-08,P004967,capture,14909,462,14447,USD,
S004418,2026-05-08,P003564,capture,31165,934,30231,USD,
S004419,2026-05-08,P002864,capture,9023,292,8731,USD,
S004423,2026-05-08,P005295,capture,8864,287,8577,USD,
S004429,2026-05-08,P015019,capture,6512,219,6293,USD,
S004432,2026-05-08,P009901,capture,26946,811,26135,USD,
S004438,2026-05-08,P002970,capture,5386,186,5200,USD,
S004443,2026-05-08,P012971,capture,5446,188,5258,USD,
S004450,2026-05-08,P001308,capture,3127,121,3006,USD,
S004451,2026-05-08,P008853,capture,5353,185,5168,USD,
S004460,2026-05-08,P002042,capture,2755,110,2645,USD,
S004461,2026-05-08,P009524,capture,3831,141,3690,USD,
S004462,2026-05-08,P008088,capture,2366,99,2267,USD,
S004463,2026-05-08,P018698,capture,26584,801,25783,USD,
S004464,2026-05-08,P017292,capture,8231,269,7962,USD,
S004465,2026-05-08,P000304,capture,8771,284,8487,USD,
S004466,2026-05-08,P012617,capture,7786,256,7530,USD,
S004468,2026-05-08,P018049,capture,5971,203,5768,USD,
S004469,2026-05-08,P001464,capture,5572,192,5380,USD,
S004470,2026-05-08,P009188,capture,7506,248,7258,USD,
S004474,2026-05-08,P012223,capture,8253,269,7984,USD,
S004476,2026-05-08,P005939,capture,13206,413,12793,USD,
S004479,2026-05-08,P004781,capture,2018,89,1929,USD,
S004482,2026-05-08,P017268,capture,3187,122,3065,USD,
S004484,2026-05-08,P009803,capture,16758,516,16242,USD,
S004488,2026-05-08,P017862,capture,51846,1534,50312,USD,
S004493,2026-05-08,P006666,capture,10261,328,9933,USD,
S004497,2026-05-08,P006808,capture,2262,96,2166,USD,
S004499,2026-05-08,P012301,capture,18029,553,17476,USD,
S004503,2026-05-08,P006846,capture,11216,355,10861,USD,
S004509,2026-05-08,P012397,capture,5691,195,5496,USD,
S004511,2026-05-08,P013381,capture,9936,318,9618,USD,
S004512,2026-05-08,P019158,capture,18238,559,17679,USD,
S004516,2026-05-08,P002327,capture,1265,67,1198,USD,
S004523,2026-05-08,P006478,capture,1617,77,1540,USD,
S004529,2026-05-08,P000261,capture,3246,124,3122,USD,
S004532,2026-05-08,P003608,capture,3394,128,3266,USD,
S004534,2026-05-08,P002681,capture,10370,331,10039,USD,
S004535,2026-05-08,P019939,capture,432,43,389,USD,
S004542,2026-05-08,P001177,capture,3624,135,3489,USD,
S004544,2026-05-08,P012128,capture,2288,96,2192,USD,
S004545,2026-05-08,P018319,capture,8980,290,8690,USD,
S004550,2026-05-08,P009360,capture,401,42,359,USD,
S004556,2026-05-08,P002062,capture,1351,69,1282,USD,
S004558,2026-05-08,P015440,capture,13262,415,12847,USD,
S004560,2026-05-08,P005065,capture,5233,182,5051,USD,
S004565,2026-05-08,P002805,capture,6789,227,6562,USD,
S004567,2026-05-08,P003896,capture,6227,211,6016,USD,
S004572,2026-05-08,P017604,capture,19626,599,19027,USD,
S004574,2026-05-08,P019702,capture,5169,180,4989,USD,
S004575,2026-05-08,P018101,capture,528,45,483,USD,
S004579,2026-05-08,P008535,capture,7477,247,7230,USD,
S004582,2026-05-08,P019019,capture,7903,259,7644,USD,
S004585,2026-05-08,P018148,capture,2767,110,2657,USD,
S004586,2026-05-08,P016492,capture,14617,454,14163,USD,
S004591,2026-05-08,P019096,capture,5905,201,5704,USD,
S004594,2026-05-08,P015967,capture,10064,322,9742,USD,
S004596,2026-05-08,P002713,capture,14596,453,14143,USD,
S004597,2026-05-08,P006323,capture,13041,408,12633,USD,
S004601,2026-05-08,P011954,capture,12923,405,12518,USD,
S004602,2026-05-08,P016929,capture,2453,101,2352,USD,
S004603,2026-05-08,P001107,capture,3210,123,3087,USD,
S004605,2026-05-08,P001516,capture,2986,117,2869,USD,
S004606,2026-05-08,P018356,capture,11041,350,10691,USD,
S004608,2026-05-08,P004857,capture,12223,384,11839,USD,
S004615,2026-05-08,P008091,capture,3750,139,3611,USD,
S004624,2026-05-08,P012533,capture,5955,203,5752,USD,
S004628,2026-05-08,P013643,capture,3848,142,3706,USD,
S004632,2026-05-08,P019635,capture,7793,256,7537,USD,
S004634,2026-05-08,P001329,capture,19014,581,18433,USD,
S004635,2026-05-08,P000655,capture,11454,362,11092,USD,
S004636,2026-05-08,P001370,capture,2701,108,2593,USD,
S004638,2026-05-08,P014443,capture,28037,844,27193,EUR,converted at 1.0961
S004642,2026-05-08,P011691,capture,4086,148,3938,USD,
S004647,2026-05-08,P002369,capture,12214,384,11830,USD,
S004652,2026-05-08,P009039,capture,7320,242,7078,USD,
S004653,2026-05-08,P005863,capture,7203,239,6964,USD,
S004654,2026-05-08,P017356,capture,2696,108,2588,USD,
S004655,2026-05-08,P004681,capture,1390,70,1320,USD,
S004657,2026-05-08,P015857,capture,4211,152,4059,USD,
S004664,2026-05-08,P008560,capture,6323,213,6110,USD,
S004666,2026-05-08,P012200,capture,7540,249,7291,USD,
S004671,2026-05-08,P009888,capture,20746,632,20114,USD,
S004672,2026-05-08,P011614,capture,12426,390,12036,USD,
S004674,2026-05-08,P010520,capture,24687,746,23941,USD,
S004676,2026-05-08,P010535,capture,4513,161,4352,USD,
S004678,2026-05-08,P004235,capture,29257,878,28379,USD,
S004680,2026-05-08,P009567,capture,2199,94,2105,USD,
S004684,2026-05-08,P005081,capture,10325,329,9996,USD,
S004688,2026-05-08,P014441,capture,2778,111,2667,USD,
S004690,2026-05-08,P012567,capture,2902,114,2788,USD,
S004691,2026-05-08,P007083,capture,14003,436,13567,USD,
S004698,2026-05-08,P004048,capture,3480,131,3349,USD,
S004702,2026-05-08,P006089,capture,4360,156,4204,USD,
S004705,2026-05-08,P007903,capture,25087,758,24329,USD,
S004711,2026-05-08,P005994,capture,2904,114,2790,USD,
S004712,2026-05-08,P010908,capture,4596,163,4433,USD,
S004719,2026-05-08,P009605,capture,5654,194,5460,USD,
S004724,2026-05-08,P009109,capture,4563,162,4401,USD,
S004730,2026-05-08,P008432,capture,2706,108,2598,USD,
S004734,2026-05-08,P007184,capture,3701,137,3564,USD,
S004735,2026-05-08,P013485,capture,6358,214,6144,USD,
S004739,2026-05-08,P000191,capture,19515,596,18919,USD,
S004740,2026-05-08,P003815,capture,1943,86,1857,USD,
S004756,2026-05-08,P010696,capture,2785,111,2674,USD,
S004757,2026-05-08,P008079,capture,1585,76,1509,USD,
S004758,2026-05-08,P016143,capture,14849,461,14388,USD,
S004760,2026-05-08,P011918,capture,2442,101,2341,USD,
S004763,2026-05-08,P008225,capture,1662,78,1584,USD,
S004765,2026-05-08,P001192,capture,19295,590,18705,USD,
S004766,2026-05-08,P011015,capture,2058,90,1968,USD,
S004767,2026-05-08,P002239,capture,6424,216,6208,USD,
S004768,2026-05-08,P019046,capture,1549,75,1474,USD,
S004771,2026-05-08,P004918,capture,1527,74,1453,USD,
S004772,2026-05-08,P018888,capture,8493,276,8217,USD,
S004776,2026-05-08,P019508,capture,4230,153,4077,USD,
S004777,2026-05-08,P014723,capture,4211,152,4059,USD,
S004778,2026-05-08,P002418,capture,4884,172,4712,USD,
S004779,2026-05-08,P018096,capture,985,59,926,USD,
S004785,2026-05-08,P012636,capture,4621,164,4457,USD,
S004793,2026-05-08,P000351,capture,8325,271,8054,USD,
S004794,2026-05-08,P002574,capture,12002,378,11624,USD,
S004795,2026-05-08,P014110,capture,45837,1359,44478,USD,
S004797,2026-05-08,P008638,capture,6594,221,6373,USD,
S004801,2026-05-08,P003923,capture,6422,216,6206,USD,
S004802,2026-05-08,P004282,capture,2716,109,2607,USD,
S004804,2026-05-08,P012959,capture,1474,73,1401,USD,
S004807,2026-05-08,P011130,capture,886,56,830,USD,
S004810,2026-05-08,P001966,capture,1766,81,1685,USD,
S004811,2026-05-08,P018999,capture,12967,406,12561,USD,
S004815,2026-05-08,P018450,capture,6287,212,6075,USD,
S004818,2026-05-08,P009013,capture,1461,72,1389,USD,
S004820,2026-05-08,P008578,capture,4151,150,4001,USD,
S004823,2026-05-08,P013473,capture,4149,150,3999,USD,
S004833,2026-05-08,P002542,capture,12962,406,12556,USD,
S004838,2026-05-08,P000944,capture,4601,163,4438,USD,
S004839,2026-05-08,P000794,capture,6989,233,6756,USD,
S004844,2026-05-08,P017481,capture,9981,319,9662,USD,
S004845,2026-05-08,P019116,capture,1829,83,1746,USD,
S004847,2026-05-08,P015116,capture,1811,83,1728,USD,
S004850,2026-05-08,P018697,capture,26002,784,25218,USD,
S004862,2026-05-08,P006747,capture,11240,356,10884,USD,
S004867,2026-05-08,P000799,capture,17741,544,17197,USD,
S004868,2026-05-08,P003151,capture,6927,231,6696,USD,
S004871,2026-05-08,P016539,capture,5368,186,5182,USD,
S004875,2026-05-08,P018970,capture,5935,202,5733,USD,
S004880,2026-05-08,P016371,capture,12913,404,12509,USD,
S004883,2026-05-08,P011890,capture,2301,97,2204,USD,
S004886,2026-05-08,P013884,capture,8046,263,7783,USD,
S004888,2026-05-08,P007797,capture,11300,358,10942,USD,
S004893,2026-05-08,P007311,capture,26423,796,25627,USD,
S004894,2026-05-08,P001910,capture,2183,93,2090,USD,
S004897,2026-05-08,P012350,capture,10492,334,10158,USD,
S004899,2026-05-08,P018600,capture,3327,126,3201,USD,
S004901,2026-05-08,P019337,capture,18978,580,18398,USD,
S004902,2026-05-08,P010510,capture,814,54,760,USD,
S004903,2026-05-08,P019885,capture,10690,340,10350,USD,
S004904,2026-05-08,P001538,capture,1787,82,1705,USD,
S004907,2026-05-08,P005879,capture,2403,100,2303,USD,
S004908,2026-05-08,P013125,capture,3347,127,3220,USD,
S004909,2026-05-08,P009812,capture,2559,104,2455,USD,
S004912,2026-05-08,P006637,capture,2842,112,2730,USD,
S004915,2026-05-08,P000344,capture,3474,131,3343,USD,
S004918,2026-05-08,P009493,capture,3142,121,3021,USD,
S004920,2026-05-08,P014489,capture,5038,176,4862,USD,
S004922,2026-05-08,P002315,capture,17065,525,16540,USD,
S004926,2026-05-08,P009630,capture,1259,67,1192,USD,
S004929,2026-05-08,P005854,capture,3605,135,3470,USD,
S004932,2026-05-08,P005858,capture,2837,112,2725,USD,
S004933,2026-05-08,P011303,capture,7248,240,7008,USD,
S004946,2026-05-08,P019542,capture,8417,274,8143,USD,
S004949,2026-05-08,P009128,capture,4515,161,4354,USD,
S004951,2026-05-08,P000543,capture,3065,119,2946,USD,
S004952,2026-05-08,P017288,capture,5677,195,5482,USD,
S004955,2026-05-08,P018836,capture,2898,114,2784,USD,
S004962,2026-05-08,P000264,capture,1075,61,1014,USD,
S004963,2026-05-08,P003522,capture,10984,349,10635,USD,
S004971,2026-05-08,P010383,capture,3370,128,3242,USD,
S004972,2026-05-08,P006765,capture,1828,83,1745,USD,
S004973,2026-05-08,P005392,capture,2068,90,1978,USD,
S004984,2026-05-08,P013517,capture,6221,210,6011,USD,
S004987,2026-05-08,P019452,capture,7322,242,7080,USD,
S004988,2026-05-08,P014939,capture,1104,62,1042,USD,
S004989,2026-05-08,P007210,capture,1922,86,1836,USD,
S004992,2026-05-08,P018487,capture,2413,100,2313,USD,
S004994,2026-05-08,P006438,capture,2901,114,2787,USD,
S004995,2026-05-08,P016171,capture,11811,373,11438,USD,
S004997,2026-05-08,P006781,capture,12018,379,11639,USD,
S005002,2026-05-08,P008316,capture,2393,99,2294,USD,
S005009,2026-05-08,P009530,capture,5369,186,5183,USD,
S005011,2026-05-08,P013586,capture,999,59,940,USD,
S005018,2026-05-08,P010395,capture,5778,198,5580,USD,
S005020,2026-05-08,P017492,capture,6756,226,6530,USD,
S005025,2026-05-08,P002502,capture,2192,94,2098,USD,
S005027,2026-05-08,P006990,capture,11953,377,11576,USD,
S005028,2026-05-08,P003412,capture,1623,77,1546,USD,
S005030,2026-05-08,P005447,capture,5638,194,5444,USD,
S005035,2026-05-08,P004983,capture,10986,349,10637,USD,
S005036,2026-05-08,P015547,refund,-5016,0,-5016,USD,
S005040,2026-05-08,P011140,capture,6799,227,6572,USD,
S005044,2026-05-08,P018340,capture,3627,135,3492,USD,
S005045,2026-05-08,P002319,capture,2248,95,2153,USD,
S005047,2026-05-08,P009372,capture,1212,65,1147,USD,
S005050,2026-05-08,P003011,capture,9537,307,9230,USD,
S005051,2026-05-08,P013551,capture,3995,146,3849,USD,
S005059,2026-05-08,P011851,capture,6398,216,6182,USD,
S005061,2026-05-08,P014391,capture,10271,328,9943,USD,
S005064,2026-05-08,P018627,capture,23749,719,23030,USD,
S005079,2026-05-08,P013967,capture,9951,319,9632,USD,
S005083,2026-05-08,P011677,capture,32717,979,31738,USD,
S005087,2026-05-08,P006918,capture,3666,136,3530,USD,
S005091,2026-05-08,P011695,capture,4237,153,4084,USD,
S005096,2026-05-08,P000115,capture,6858,229,6629,USD,
S005101,2026-05-08,P006698,capture,46495,1378,45117,USD,
S005102,2026-05-08,P019111,capture,10210,326,9884,USD,
S005103,2026-05-08,P013426,capture,2378,99,2279,USD,
S005105,2026-05-08,P019785,capture,3144,121,3023,USD,
S005106,2026-05-08,P017047,capture,20970,638,20332,USD,
S005107,2026-05-08,P015246,capture,5819,199,5620,USD,
S005108,2026-05-08,P006534,capture,1272,67,1205,USD,
S005109,2026-05-08,P005483,capture,1462,72,1390,USD,
S005111,2026-05-08,P019429,capture,5371,186,5185,USD,
S005112,2026-05-08,P015468,capture,3662,136,3526,USD,
S005117,2026-05-08,P012697,capture,4059,148,3911,USD,
S005118,2026-05-08,P013640,capture,7787,256,7531,USD,
S005119,2026-05-08,P015408,capture,3145,121,3024,USD,
S005121,2026-05-08,P007908,capture,8500,276,8224,USD,
S005124,2026-05-08,P014462,capture,2942,115,2827,USD,
S005125,2026-05-08,P006519,capture,7432,246,7186,USD,
S005126,2026-05-08,P016241,capture,8299,271,8028,USD,
S005128,2026-05-08,P017255,capture,33604,1005,32599,USD,
S005129,2026-05-08,P012130,capture,1878,84,1794,USD,
S005130,2026-05-08,P014264,capture,32486,972,31514,USD,
S005131,2026-05-08,P011579,capture,4172,151,4021,USD,
S005135,2026-05-08,P013095,capture,3375,128,3247,USD,
S005136,2026-05-08,P019769,capture,4977,174,4803,USD,
S005137,2026-05-08,P008022,capture,3252,124,3128,USD,
S005138,2026-05-08,P009061,capture,7239,240,6999,USD,
S005139,2026-05-08,P008296,capture,6871,229,6642,USD,
S005140,2026-05-08,P010778,capture,10019,321,9698,USD,
S005141,2026-05-08,P017233,capture,14520,451,14069,USD,
S005143,2026-05-08,P000744,capture,9533,306,9227,USD,
S005144,2026-05-08,P010456,capture,1135,63,1072,USD,
S005145,2026-05-08,P008007,capture,3692,137,3555,USD,
S005147,2026-05-08,P005423,capture,3082,119,2963,USD,
S005148,2026-05-08,P014944,capture,6258,211,6047,USD,
S005150,2026-05-08,P011304,capture,4432,159,4273,USD,
S005151,2026-05-08,P001023,capture,13269,415,12854,USD,
S005152,2026-05-08,P010902,capture,11059,351,10708,USD,
S005155,2026-05-08,P006820,capture,24435,739,23696,USD,
S005156,2026-05-08,P015467,capture,1762,81,1681,USD,
S005157,2026-05-08,P011245,capture,3082,119,2963,USD,
S005158,2026-05-08,P012270,capture,8112,265,7847,USD,
S005159,2026-05-08,P012877,capture,15525,480,15045,USD,
S005161,2026-05-08,P003827,capture,13049,408,12641,USD,
S005162,2026-05-08,P014749,capture,7663,252,7411,USD,
S005164,2026-05-08,P007025,capture,1666,78,1588,USD,
S005165,2026-05-08,P006809,capture,8840,286,8554,USD,
S005167,2026-05-08,P009617,capture,1633,77,1556,USD,
S005169,2026-05-08,P017409,capture,7553,249,7304,USD,
S005170,2026-05-08,P011100,capture,11036,350,10686,USD,
S005171,2026-05-08,P011026,capture,7015,233,6782,USD,
S005172,2026-05-08,P010394,capture,5621,193,5428,USD,
S005173,2026-05-08,P015207,capture,2099,91,2008,USD,
S005174,2026-05-08,P004246,capture,16816,518,16298,USD,
S005175,2026-05-08,P017803,capture,5851,200,5651,USD,
S005176,2026-05-08,P014618,capture,2326,97,2229,USD,
S005179,2026-05-08,P015766,capture,9310,300,9010,USD,
S005182,2026-05-08,P001582,capture,2405,100,2305,USD,
S005183,2026-05-08,P000357,capture,8444,275,8169,USD,
S005184,2026-05-08,P007680,capture,8928,289,8639,USD,
S005185,2026-05-08,P010369,capture,7295,242,7053,USD,
S005186,2026-05-08,P019107,capture,10708,341,10367,USD,
S005187,2026-05-08,P014708,capture,10176,325,9851,USD,
S005188,2026-05-08,P015402,capture,9183,296,8887,USD,
S005189,2026-05-08,P005360,capture,24172,731,23441,USD,
S005190,2026-05-08,P008740,capture,3788,140,3648,USD,
S005191,2026-05-08,P013564,capture,576,47,529,USD,
S005192,2026-05-08,P002639,capture,2774,110,2664,USD,
S005193,2026-05-08,P017796,capture,2296,97,2199,USD,
S005194,2026-05-08,P017667,capture,9167,296,8871,USD,
S005196,2026-05-08,P013123,capture,38870,1157,37713,USD,
S005197,2026-05-08,P012655,capture,4567,162,4405,USD,
S005198,2026-05-08,P016540,capture,22892,694,22198,USD,
S005199,2026-05-08,P010502,capture,11547,365,11182,USD,
S005201,2026-05-08,P010634,capture,5094,178,4916,USD,
S005202,2026-05-08,P009916,capture,714,51,663,USD,
S005203,2026-05-08,P008548,capture,9272,299,8973,USD,
S005208,2026-05-08,P001476,capture,1818,83,1735,USD,
S005209,2026-05-08,P014390,capture,2197,94,2103,USD,
S005211,2026-05-08,P015856,capture,2501,103,2398,USD,
S005212,2026-05-08,P008484,capture,2430,100,2330,USD,
S005215,2026-05-08,P004425,capture,7487,247,7240,USD,
S005216,2026-05-08,P005328,capture,5361,185,5176,USD,
S005219,2026-05-08,P007047,capture,3206,123,3083,USD,
S005221,2026-05-08,P005668,capture,7594,250,7344,USD,
S005222,2026-05-08,P000429,capture,6825,228,6597,USD,
S005225,2026-05-08,P015004,capture,5842,199,5643,USD,
S005226,2026-05-08,P018921,capture,17391,534,16857,USD,
S005228,2026-05-08,P014232,capture,7328,243,7085,USD,
S005229,2026-05-08,P001482,capture,14766,458,14308,USD,
S005230,2026-05-08,P007340,capture,4591,163,4428,USD,
S005232,2026-05-08,P013414,capture,866,55,811,USD,
S005233,2026-05-08,P016461,capture,8261,270,7991,USD,
S005234,2026-05-08,P005864,capture,8591,279,8312,USD,
S005236,2026-05-08,P012784,capture,6950,232,6718,USD,
S005237,2026-05-08,P000350,capture,2612,106,2506,USD,
S005238,2026-05-08,P012318,capture,4295,155,4140,USD,
S005239,2026-05-08,P015391,capture,5825,199,5626,USD,
S005242,2026-05-08,P014112,capture,19730,602,19128,USD,
S005243,2026-05-08,P002394,capture,19603,598,19005,USD,
S005248,2026-05-08,P017558,capture,8721,283,8438,USD,
S005249,2026-05-08,P006228,capture,2440,101,2339,USD,
S005250,2026-05-08,P005998,capture,14637,454,14183,USD,
S005251,2026-05-08,P001193,capture,7663,252,7411,USD,
S005252,2026-05-08,P007212,capture,17910,549,17361,USD,
S005253,2026-05-08,P018044,capture,5479,189,5290,USD,
S005255,2026-05-08,P013107,capture,35637,1063,34574,USD,
S005256,2026-05-08,P017615,capture,6076,206,5870,USD,
S005257,2026-05-08,P019818,capture,1526,74,1452,USD,
S005258,2026-05-08,P019280,capture,4426,158,4268,USD,
S005259,2026-05-08,P009466,capture,8625,280,8345,USD,
S005260,2026-05-08,P011289,capture,3539,133,3406,USD,
S005262,2026-05-08,P010277,capture,21308,648,20660,USD,
S005263,2026-05-08,P019626,refund,-1043,0,-1043,USD,
S005264,2026-05-08,P019346,capture,4777,169,4608,USD,
S005265,2026-05-08,P015980,capture,9089,294,8795,USD,
S005266,2026-05-08,P004829,capture,6187,209,5978,USD,
S005267,2026-05-08,P018523,capture,9018,292,8726,USD,
S005270,2026-05-08,P018724,capture,7529,248,7281,USD,
S005272,2026-05-08,P004668,capture,3346,127,3219,USD,
S005275,2026-05-08,P005496,capture,5719,196,5523,USD,
S005276,2026-05-08,P006027,capture,819,54,765,USD,
S005278,2026-05-08,P000395,capture,6074,206,5868,USD,
S005279,2026-05-08,P001257,capture,11306,358,10948,USD,
S005280,2026-05-08,P007540,capture,4951,174,4777,USD,
S005281,2026-05-08,P017621,capture,11987,378,11609,USD,
S005282,2026-05-08,P017578,capture,53538,1583,51955,USD,
S005283,2026-05-08,P008385,capture,3392,128,3264,USD,
S005285,2026-05-08,P012287,capture,18320,561,17759,USD,
S005287,2026-05-08,P003590,capture,4017,146,3871,USD,
S005289,2026-05-08,P011157,capture,31992,958,31034,USD,
S005290,2026-05-08,P010081,capture,7142,237,6905,USD,
S005292,2026-05-08,P010328,capture,1012,59,953,USD,
S005294,2026-05-08,P005657,capture,1535,75,1460,USD,
S005296,2026-05-08,P019383,capture,13387,418,12969,USD,
S005297,2026-05-08,P016221,capture,8129,266,7863,USD,
S005298,2026-05-08,P008761,capture,2188,93,2095,USD,
S005299,2026-05-08,P001879,capture,7815,257,7558,USD,
S005300,2026-05-08,P007337,capture,2103,91,2012,USD,
S005302,2026-05-08,P009847,capture,2509,103,2406,USD,
S005303,2026-05-08,P005157,capture,4197,152,4045,USD,
S005304,2026-05-08,P017296,capture,17274,531,16743,USD,
S005305,2026-05-08,P005630,capture,4178,151,4027,USD,
S005309,2026-05-08,P006269,capture,7208,239,6969,USD,
S005311,2026-05-08,P016277,capture,4804,169,4635,USD,
S005312,2026-05-08,P006841,capture,8973,290,8683,USD,
S005315,2026-05-08,P000100,capture,3420,129,3291,USD,
S005316,2026-05-08,P002469,capture,36109,1077,35032,USD,
S005317,2026-05-08,P005509,capture,15479,479,15000,USD,
S005319,2026-05-08,P002175,capture,10785,343,10442,USD,
S005321,2026-05-08,P019929,capture,10795,343,10452,USD,
S005322,2026-05-08,P001784,capture,24392,737,23655,USD,
S005323,2026-05-08,P016913,capture,7588,250,7338,USD,
S005324,2026-05-08,P011532,capture,12652,396,12256,EUR,converted at 1.0961
S005325,2026-05-08,P015953,capture,1641,78,1563,USD,
S005326,2026-05-08,P009502,capture,11460,362,11098,USD,
S005327,2026-05-08,P005131,capture,790,53,737,USD,
S005328,2026-05-08,P010574,capture,1780,82,1698,USD,
S005329,2026-05-08,P013525,capture,7864,258,7606,USD,
S005330,2026-05-08,P009700,capture,4268,154,4114,USD,
S005331,2026-05-08,P009587,capture,6818,227,6591,EUR,converted at 1.0961
S005333,2026-05-08,P008623,capture,11247,356,10891,USD,
S005334,2026-05-08,P015163,capture,12830,402,12428,USD,
S005335,2026-05-08,P002169,capture,8558,278,8280,USD,
S005337,2026-05-08,P016680,capture,8958,290,8668,USD,
S005338,2026-05-08,P004397,capture,16187,499,15688,USD,
S005339,2026-05-08,P008966,capture,6096,207,5889,USD,
S005340,2026-05-08,P004784,capture,3995,146,3849,USD,
S005343,2026-05-08,P002215,capture,32303,967,31336,USD,
S005344,2026-05-08,P004570,capture,2222,94,2128,USD,
S005345,2026-05-08,P014102,capture,3585,134,3451,USD,
S005346,2026-05-08,P018481,capture,2806,111,2695,USD,
S005347,2026-05-08,P009889,capture,5793,198,5595,USD,
S005348,2026-05-08,P008710,capture,21430,651,20779,USD,
S005351,2026-05-08,P013795,capture,2833,112,2721,USD,
S005352,2026-05-08,P004025,capture,4886,172,4714,USD,
S005353,2026-05-08,P018193,capture,4046,147,3899,USD,
S005355,2026-05-08,P004837,capture,20395,621,19774,USD,
S005356,2026-05-08,P007787,capture,21234,646,20588,USD,
S005358,2026-05-08,P014913,capture,1802,82,1720,USD,
S005359,2026-05-08,P012968,capture,11106,352,10754,USD,
S005362,2026-05-08,P003335,capture,15054,467,14587,USD,
S005363,2026-05-08,P001772,capture,7173,238,6935,USD,
S005364,2026-05-08,P000772,capture,557,46,511,USD,
S005366,2026-05-08,P011272,capture,3761,139,3622,USD,
S005369,2026-05-08,P012518,capture,9754,313,9441,USD,
S005370,2026-05-08,P011693,capture,2947,115,2832,USD,
S005371,2026-05-08,P010601,capture,3259,125,3134,USD,
S005372,2026-05-08,P001173,capture,7961,261,7700,USD,
S005374,2026-05-08,P009147,capture,1531,74,1457,USD,
S005375,2026-05-08,P019403,capture,8057,264,7793,USD,
S005376,2026-05-08,P010004,capture,6130,208,5922,USD,
S005377,2026-05-08,P009876,capture,1980,87,1893,USD,
S005381,2026-05-08,P005822,capture,692,50,642,USD,
S005382,2026-05-08,P006385,capture,22937,695,22242,USD,
S005385,2026-05-08,P018310,capture,6244,211,6033,USD,
S005393,2026-05-08,P001890,capture,1262,67,1195,USD,
S005394,2026-05-08,P014109,capture,7339,243,7096,USD,
S005395,2026-05-08,P009903,capture,2128,92,2036,USD,
S005397,2026-05-08,P018036,capture,5913,201,5712,USD,
S005399,2026-05-08,P002730,capture,9919,318,9601,USD,
S005400,2026-05-08,P018793,capture,4418,158,4260,USD,
S005401,2026-05-08,P018669,capture,4707,167,4540,USD,
S005402,2026-05-08,P016810,capture,6811,228,6583,USD,
S005403,2026-05-08,P016996,capture,2686,108,2578,USD,
S005404,2026-05-08,P004905,capture,16335,504,15831,USD,
S005408,2026-05-08,P011035,capture,2317,97,2220,USD,
S005409,2026-05-08,P017031,capture,11182,354,10828,USD,
S005412,2026-05-08,P017551,capture,2007,88,1919,USD,
S005413,2026-05-08,P013611,capture,1138,63,1075,USD,
S005415,2026-05-08,P002877,capture,2671,107,2564,USD,
S005416,2026-05-08,P006578,capture,7120,236,6884,USD,
S005418,2026-05-08,P013452,capture,8009,262,7747,USD,
S005419,2026-05-08,P002729,capture,12042,379,11663,USD,
S005420,2026-05-08,P010424,capture,11156,354,10802,USD,
S005422,2026-05-08,P009187,capture,3069,119,2950,USD,
S005423,2026-05-08,P002795,capture,5006,175,4831,USD,
S005427,2026-05-08,P016436,capture,5543,191,5352,USD,
S005430,2026-05-08,P010080,capture,2307,97,2210,USD,
S005432,2026-05-08,P016225,capture,15983,494,15489,USD,
S005435,2026-05-08,P012415,capture,16193,500,15693,USD,
S005436,2026-05-08,P009411,capture,14201,442,13759,USD,
S005437,2026-05-08,P000487,capture,4456,159,4297,USD,
S005438,2026-05-08,P004312,capture,4295,155,4140,USD,
S005439,2026-05-08,P016727,capture,14227,443,13784,USD,
S005440,2026-05-08,P009237,capture,14626,454,14172,USD,
S005442,2026-05-08,P005663,capture,6026,205,5821,USD,
S005444,2026-05-08,P014517,capture,1725,80,1645,USD,
S005446,2026-05-08,P012388,capture,1457,72,1385,USD,
S005448,2026-05-08,P012096,capture,3975,145,3830,USD,
S005449,2026-05-08,P019575,capture,7244,240,7004,USD,
S005450,2026-05-08,P010199,capture,2551,104,2447,USD,
S005451,2026-05-08,P004055,capture,61583,1816,59767,USD,
S005453,2026-05-08,P010903,capture,2923,115,2808,USD,
S005454,2026-05-08,P014718,capture,8529,277,8252,USD,
S005455,2026-05-08,P005996,capture,10984,349,10635,USD,
S005457,2026-05-08,P005519,capture,1397,71,1326,USD,
S005458,2026-05-08,P001057,capture,7691,253,7438,USD,
S005459,2026-05-08,P005568,capture,6278,212,6066,USD,
S005460,2026-05-08,P004933,capture,14488,450,14038,USD,
S005461,2026-05-08,P012905,capture,10138,324,9814,USD,
S005463,2026-05-08,P015681,capture,7425,245,7180,USD,
S005466,2026-05-08,P007692,capture,2770,110,2660,USD,
S005467,2026-05-08,P018416,capture,7124,237,6887,USD,
S005472,2026-05-08,P003951,capture,12603,395,12208,USD,
S005475,2026-05-08,P008463,capture,12024,379,11645,USD,
S005476,2026-05-08,P012676,capture,25373,766,24607,USD,
S005477,2026-05-08,P003003,capture,11309,358,10951,USD,
S005478,2026-05-08,P006810,capture,1400,71,1329,USD,
S005480,2026-05-08,P007763,capture,7048,234,6814,USD,
S005481,2026-05-08,P000086,capture,12470,392,12078,USD,
S005482,2026-05-08,P011744,capture,12476,392,12084,USD,
S005488,2026-05-08,P006949,capture,37026,1104,35922,USD,
S005489,2026-05-08,P010955,capture,8651,281,8370,USD,
S005494,2026-05-08,P006580,capture,27654,832,26822,USD,
S005496,2026-05-08,P008732,capture,9249,298,8951,USD,
S005498,2026-05-08,P010090,capture,7265,241,7024,USD,
S005500,2026-05-08,P015282,capture,17564,539,17025,USD,
S005501,2026-05-08,P005553,capture,5112,178,4934,USD,
S005502,2026-05-08,P000902,capture,7720,254,7466,USD,
S005503,2026-05-08,P016364,capture,2069,90,1979,USD,
S005505,2026-05-08,P002034,capture,5573,192,5381,USD,
S005506,2026-05-08,P006068,capture,3928,144,3784,USD,
S005508,2026-05-08,P010375,capture,2618,106,2512,USD,
S005509,2026-05-08,P002909,capture,15016,465,14551,USD,
S005511,2026-05-08,P013501,capture,9972,319,9653,USD,
S005512,2026-05-08,P002462,capture,11853,374,11479,USD,
S005513,2026-05-08,P009251,capture,1817,83,1734,USD,
S005514,2026-05-08,P013181,capture,1416,71,1345,USD,
S005515,2026-05-08,P012480,capture,4047,147,3900,USD,
S005516,2026-05-08,P005925,capture,9084,293,8791,USD,
S005517,2026-05-08,P015073,capture,5980,203,5777,USD,
S005518,2026-05-08,P008486,capture,5540,191,5349,USD,
S005520,2026-05-08,P019331,capture,4981,174,4807,USD,
S005522,2026-05-08,P007932,capture,2596,105,2491,USD,
S005527,2026-05-08,P008303,capture,9647,310,9337,USD,
S005528,2026-05-08,P004274,capture,13385,418,12967,USD,
S005533,2026-05-08,P008748,capture,3117,120,2997,USD,
S005534,2026-05-08,P012997,capture,22315,677,21638,USD,
S005538,2026-05-08,P014683,capture,2562,104,2458,USD,
S005539,2026-05-08,P016470,capture,1679,79,1600,USD,
S005540,2026-05-08,P019928,capture,1917,86,1831,USD,
S005541,2026-05-08,P012744,capture,2378,99,2279,USD,
S005542,2026-05-08,P019247,capture,6011,204,5807,USD,
S005544,2026-05-08,P017464,capture,23622,715,22907,USD,
S005545,2026-05-08,P010534,capture,966,58,908,USD,
S005546,2026-05-08,P006275,capture,3147,121,3026,USD,
S005549,2026-05-08,P016842,capture,3737,138,3599,USD,
S005551,2026-05-08,P004653,capture,5347,185,5162,USD,
S005553,2026-05-08,P012548,capture,11236,356,10880,USD,
S005556,2026-05-08,P014557,capture,1800,82,1718,USD,
S005557,2026-05-08,P000300,capture,11988,378,11610,USD,
S005558,2026-05-08,P018112,capture,4517,161,4356,USD,
S005559,2026-05-08,P008864,capture,4992,175,4817,USD,
S005560,2026-05-08,P014129,capture,6142,208,5934,USD,
S005561,2026-05-08,P000377,capture,5497,177,5320,USD,
S005563,2026-05-08,P009227,capture,8249,269,7980,USD,
S005564,2026-05-08,P008075,capture,6139,208,5931,USD,
S005565,2026-05-08,P013308,capture,2220,94,2126,USD,
S005567,2026-05-08,P003051,capture,7523,248,7275,USD,
S005568,2026-05-08,P007244,capture,2925,115,2810,USD,
S005569,2026-05-08,P015734,capture,39458,1174,38284,USD,
S005570,2026-05-08,P002775,capture,13337,417,12920,USD,
S005571,2026-05-08,P013915,capture,6030,205,5825,USD,
S005572,2026-05-08,P000755,capture,1771,81,1690,USD,
S005573,2026-05-08,P002891,capture,2243,95,2148,USD,
S005578,2026-05-08,P018414,capture,10836,344,10492,USD,
S005579,2026-05-08,P016745,capture,2796,111,2685,USD,
S005580,2026-05-08,P004239,capture,2826,112,2714,USD,
S005582,2026-05-08,P000557,capture,6589,221,6368,USD,
S005583,2026-05-08,P001749,capture,4973,174,4799,USD,
S005584,2026-05-08,P019276,capture,6903,230,6673,USD,
S005585,2026-05-08,P018358,capture,2775,110,2665,USD,
S005588,2026-05-08,P012901,capture,7641,252,7389,USD,
S005591,2026-05-08,P012703,capture,2797,111,2686,USD,
S005593,2026-05-08,P015205,capture,122880,3594,119286,USD,
S005596,2026-05-08,P006274,capture,13518,422,13096,USD,
S005597,2026-05-08,P011571,capture,11756,371,11385,USD,
S005598,2026-05-08,P012572,capture,4694,166,4528,USD,
S005600,2026-05-08,P001543,capture,11192,355,10837,USD,
S005603,2026-05-08,P018225,capture,6720,225,6495,USD,
S005605,2026-05-08,P019539,capture,1250,66,1184,USD,
S005606,2026-05-08,P018180,capture,1377,70,1307,USD,
S005608,2026-05-08,P018150,capture,7032,234,6798,USD,
S005610,2026-05-08,P013348,capture,19020,582,18438,USD,
S005611,2026-05-08,P005271,capture,2290,96,2194,USD,
S005612,2026-05-08,P008713,capture,8581,279,8302,USD,
S005614,2026-05-08,P001770,capture,1875,84,1791,USD,
S005615,2026-05-08,P009135,capture,17686,543,17143,USD,
S005616,2026-05-08,P002771,capture,6574,221,6353,USD,
S005617,2026-05-08,P007233,capture,1207,65,1142,USD,
S005619,2026-05-08,P004613,capture,9386,302,9084,USD,
S005621,2026-05-08,P010433,capture,7589,250,7339,USD,
S005622,2026-05-08,P000401,capture,1711,80,1631,USD,
S005623,2026-05-08,P007846,capture,12950,406,12544,USD,
S005624,2026-05-08,P018302,capture,1235,66,1169,USD,
S005629,2026-05-08,P008788,capture,2627,106,2521,USD,
S005630,2026-05-08,P004115,capture,4068,148,3920,USD,
S005631,2026-05-08,P005539,capture,5468,189,5279,USD,
S005632,2026-05-08,P008081,capture,36915,1101,35814,USD,
S005633,2026-05-08,P013545,capture,3585,134,3451,USD,
S005635,2026-05-08,P004068,capture,5206,181,5025,USD,
S005636,2026-05-08,P015078,capture,2952,116,2836,USD,
S005637,2026-05-08,P002290,capture,466,44,422,USD,
S005638,2026-05-08,P013937,capture,2832,112,2720,USD,
S005639,2026-05-08,P000846,capture,4257,153,4104,USD,
S005640,2026-05-08,P019597,capture,16047,495,15552,USD,
S005641,2026-05-08,P014302,capture,2117,91,2026,USD,
S005642,2026-05-08,P019203,capture,3978,145,3833,USD,
S005643,2026-05-08,P016284,capture,1837,83,1754,USD,
S005646,2026-05-08,P001797,capture,6684,224,6460,USD,
S005647,2026-05-08,P013189,capture,3517,132,3385,USD,
S005648,2026-05-08,P003174,capture,5776,198,5578,USD,
S005650,2026-05-08,P018213,capture,5476,189,5287,USD,
S005651,2026-05-08,P013461,capture,817,54,763,USD,
S005654,2026-05-08,P005802,capture,8414,274,8140,USD,
S005655,2026-05-08,P014059,capture,49164,1456,47708,USD,
S005656,2026-05-08,P011913,capture,4149,150,3999,USD,
S005662,2026-05-08,P001805,capture,7089,236,6853,USD,
S005663,2026-05-08,P019162,capture,11804,372,11432,USD,
S005665,2026-05-08,P006003,capture,19827,605,19222,USD,
S005667,2026-05-08,P012822,capture,1665,78,1587,USD,
S005668,2026-05-08,P018471,capture,465,43,422,USD,
S005669,2026-05-08,P007928,capture,5732,196,5536,USD,
S005670,2026-05-08,P018442,capture,4025,147,3878,USD,
S005671,2026-05-08,P001274,capture,6673,224,6449,USD,
S005672,2026-05-08,P014130,capture,684,50,634,USD,
S005674,2026-05-08,P007021,capture,9235,298,8937,USD,
S005675,2026-05-08,P009185,capture,6855,229,6626,USD,
S005676,2026-05-08,P006024,capture,6212,210,6002,USD,
S005678,2026-05-08,P019441,capture,7333,243,7090,USD,
S005679,2026-05-08,P008490,capture,8861,287,8574,USD,
S005680,2026-05-08,P015149,capture,2870,113,2757,USD,
S005681,2026-05-08,P004571,capture,4279,154,4125,USD,
S005683,2026-05-08,P012594,capture,1492,73,1419,USD,
S005684,2026-05-08,P003819,capture,4451,159,4292,USD,
S005685,2026-05-08,P006697,capture,475,44,431,USD,
S005686,2026-05-08,P000919,capture,3244,124,3120,USD,
S005687,2026-05-08,P012154,capture,11281,357,10924,USD,
S005690,2026-05-08,P004294,capture,35332,1055,34277,USD,
S005692,2026-05-08,P010339,capture,2525,103,2422,USD,
S005693,2026-05-08,P003869,capture,596,47,549,USD,
S005695,2026-05-08,P012409,capture,20451,623,19828,USD,
S005696,2026-05-08,P005560,capture,748,52,696,USD,
S005697,2026-05-08,P008514,capture,2069,90,1979,USD,
S005698,2026-05-08,P003615,capture,4282,154,4128,USD,
S005701,2026-05-08,P016344,capture,2420,100,2320,USD,
S005702,2026-05-08,P000779,capture,5497,189,5308,USD,
S005703,2026-05-08,P003252,capture,4076,148,3928,USD,
S005704,2026-05-08,P011217,capture,8429,274,8155,USD,
S005706,2026-05-08,P019851,capture,1269,67,1202,USD,
S005708,2026-05-08,P006373,capture,7335,243,7092,USD,
S005710,2026-05-08,P007336,capture,35984,1074,34910,USD,
S005712,2026-05-08,P009244,capture,3589,134,3455,USD,
S005713,2026-05-08,P011084,capture,4468,160,4308,USD,
S005714,2026-05-08,P006293,capture,1754,81,1673,USD,
S005716,2026-05-08,P006632,capture,2615,106,2509,USD,
S005717,2026-05-08,P002415,capture,15743,487,15256,USD,
S005718,2026-05-08,P017352,capture,3625,135,3490,USD,
S005723,2026-05-08,P007943,capture,3688,137,3551,USD,
S005724,2026-05-08,P000590,capture,8002,262,7740,USD,
S005725,2026-05-08,P002693,capture,7794,256,7538,USD,
S005726,2026-05-08,P018872,capture,16766,516,16250,USD,
S005727,2026-05-08,P006091,capture,8430,274,8156,USD,
S005728,2026-05-08,P009560,capture,5310,184,5126,USD,
S005729,2026-05-08,P008893,capture,716,51,665,USD,
S005730,2026-05-08,P014408,refund,-28076,0,-28076,USD,
S005734,2026-05-08,P009624,capture,3784,140,3644,USD,
S005735,2026-05-08,P003781,capture,7738,254,7484,USD,
S005736,2026-05-08,P005394,capture,2412,100,2312,USD,
S005737,2026-05-08,P017629,capture,5878,200,5678,USD,
S005738,2026-05-08,P018132,capture,47548,1409,46139,USD,
S005741,2026-05-08,P000017,capture,4494,160,4334,USD,
S005742,2026-05-08,P001736,capture,1972,87,1885,USD,
S005746,2026-05-08,P001530,capture,6682,224,6458,USD,
S005747,2026-05-08,P006392,capture,13375,418,12957,USD,
S005748,2026-05-08,P004842,capture,13334,417,12917,USD,
S005750,2026-05-08,P013880,capture,3935,144,3791,USD,
S005752,2026-05-08,P013061,capture,6520,219,6301,USD,
S005754,2026-05-08,P009934,capture,2686,108,2578,USD,
S005758,2026-05-08,P008579,capture,7568,249,7319,USD,
S005759,2026-05-08,P003336,capture,11300,358,10942,USD,
S005761,2026-05-08,P011368,capture,2552,104,2448,USD,
S005762,2026-05-08,P000099,capture,20470,624,19846,USD,
S005763,2026-05-08,P018035,capture,5945,202,5743,USD,
S005764,2026-05-08,P001529,capture,6083,206,5877,USD,
S005765,2026-05-08,P003112,capture,15543,481,15062,USD,
S005766,2026-05-08,P017680,capture,10807,343,10464,USD,
S005767,2026-05-08,P004727,capture,4467,160,4307,USD,
S005768,2026-05-08,P013375,capture,16250,501,15749,USD,
S005769,2026-05-08,P003708,capture,2884,114,2770,USD,
S005771,2026-05-08,P018507,capture,5555,191,5364,USD,
S005772,2026-05-08,P019581,capture,8316,271,8045,USD,
S005773,2026-05-08,P011562,capture,5693,195,5498,USD,
S005775,2026-05-08,P009553,capture,6033,205,5828,USD,
S005776,2026-05-08,P019790,capture,9913,317,9596,USD,
S005778,2026-05-08,P005900,capture,3372,128,3244,USD,
S005779,2026-05-08,P001382,capture,10975,348,10627,USD,
S005783,2026-05-08,P003684,capture,9909,317,9592,USD,
S005786,2026-05-08,P003187,capture,4881,172,4709,USD,
S005787,2026-05-08,P009834,capture,8349,272,8077,USD,
S005788,2026-05-08,P011313,capture,1678,79,1599,USD,
S005790,2026-05-08,P018288,capture,6013,204,5809,USD,
S005791,2026-05-08,P013323,capture,12429,390,12039,USD,
S005792,2026-05-08,P019572,capture,8044,263,7781,USD,
S005793,2026-05-08,P007646,capture,1395,70,1325,USD,
S005794,2026-05-08,P011097,capture,2245,95,2150,USD,
S005796,2026-05-08,P002635,capture,656,49,607,USD,
S005798,2026-05-08,P006173,capture,1553,75,1478,USD,
S005800,2026-05-08,P004399,capture,3861,142,3719,USD,
S005801,2026-05-08,P004843,capture,4761,168,4593,USD,
S005802,2026-05-08,P017649,capture,4128,150,3978,USD,
S005803,2026-05-08,P005846,capture,5138,179,4959,USD,
S005805,2026-05-08,P012902,capture,5717,196,5521,USD,
S005806,2026-05-08,P017259,capture,6575,221,6354,USD,
S005808,2026-05-08,P010215,capture,1749,81,1668,USD,
S005809,2026-05-08,P015760,capture,1398,71,1327,USD,
S005810,2026-05-08,P004254,capture,3567,133,3434,USD,
S005812,2026-05-08,P012094,capture,4518,161,4357,USD,
S005813,2026-05-08,P009995,capture,8638,281,8357,USD,
S005814,2026-05-08,P012754,capture,1330,69,1261,USD,
S005816,2026-05-08,P017837,capture,12221,384,11837,USD,
S005817,2026-05-08,P016503,capture,17957,551,17406,USD,
S005820,2026-05-08,P008666,capture,15186,470,14716,USD,
S005821,2026-05-08,P011332,capture,19131,585,18546,USD,
S005822,2026-05-08,P005695,capture,1883,85,1798,USD,
S005823,2026-05-08,P006334,capture,369,41,328,USD,
S005825,2026-05-08,P008151,capture,10099,323,9776,USD,
S005827,2026-05-08,P001761,capture,15054,467,14587,USD,
S005829,2026-05-08,P009949,capture,3061,119,2942,USD,
S005830,2026-05-08,P003066,capture,10045,321,9724,USD,
S005831,2026-05-08,P010691,capture,2532,103,2429,USD,
S005832,2026-05-08,P010723,capture,10071,322,9749,USD,
S005833,2026-05-08,P014542,capture,3304,126,3178,USD,
S005834,2026-05-08,P000025,capture,2050,89,1961,USD,
S005835,2026-05-08,P010522,capture,12433,391,12042,USD,
S005837,2026-05-08,P015563,capture,7958,261,7697,USD,
S005838,2026-05-08,P011185,capture,2597,105,2492,USD,
S005839,2026-05-08,P011942,capture,2009,88,1921,USD,
S005843,2026-05-08,P003049,capture,1712,80,1632,USD,
S005844,2026-05-08,P000482,capture,4838,170,4668,USD,
S005845,2026-05-08,P015482,capture,11093,352,10741,USD,
S005846,2026-05-08,P009990,capture,1481,73,1408,USD,
S005847,2026-05-08,P001759,capture,3008,117,2891,USD,
S005848,2026-05-08,P007454,capture,4488,160,4328,USD,
S005850,2026-05-08,P005579,capture,7810,256,7554,USD,
S005853,2026-05-08,P002561,capture,10155,324,9831,USD,
S005854,2026-05-08,P008215,capture,9135,295,8840,USD,
S005855,2026-05-08,P010561,capture,1548,75,1473,USD,
S005859,2026-05-08,P001203,capture,16640,513,16127,USD,
S005861,2026-05-08,P002705,capture,15070,467,14603,USD,
S005862,2026-05-08,P000495,capture,3880,143,3737,USD,
S005867,2026-05-08,P003550,capture,8794,285,8509,USD,
S005871,2026-05-08,P015278,capture,7878,258,7620,USD,
S005872,2026-05-08,P002544,capture,8517,277,8240,USD,
S005873,2026-05-08,P006904,capture,5755,197,5558,USD,
S005874,2026-05-08,P003067,capture,18898,578,18320,USD,
S005875,2026-05-08,P002091,capture,4923,173,4750,USD,
S005876,2026-05-08,P017348,capture,3179,122,3057,USD,
S005877,2026-05-08,P007709,capture,30375,911,29464,USD,
S005880,2026-05-08,P018991,capture,14117,439,13678,USD,
S005881,2026-05-08,P001346,capture,1752,81,1671,USD,
S005882,2026-05-08,P010757,capture,39503,1176,38327,USD,
S005883,2026-05-08,P014670,capture,14796,459,14337,USD,
S005884,2026-05-08,P019745,refund,-599,0,-599,USD,
S005886,2026-05-08,P017087,capture,3953,145,3808,USD,
S005887,2026-05-08,P007389,capture,18377,563,17814,USD,
S005888,2026-05-08,P010347,capture,33324,996,32328,USD,
S005889,2026-05-08,P019182,capture,3352,127,3225,USD,
S005890,2026-05-08,P015573,capture,11873,374,11499,USD,
S005892,2026-05-08,P007002,capture,8518,277,8241,USD,
S005893,2026-05-08,P007309,capture,1691,79,1612,USD,
S005895,2026-05-08,P013775,capture,22344,678,21666,USD,
S005897,2026-05-08,P002885,capture,2914,115,2799,USD,
S005899,2026-05-08,P004622,capture,18414,564,17850,USD,
S005900,2026-05-08,P002069,capture,14300,445,13855,USD,
S005901,2026-05-08,P005964,capture,4372,157,4215,USD,
S005902,2026-05-08,P007836,capture,1249,66,1183,USD,
S005905,2026-05-08,P008956,capture,2821,113,2708,EUR,converted at 1.0961
S005906,2026-05-08,P005369,capture,13477,421,13056,USD,
S005907,2026-05-08,P003459,capture,1832,83,1749,USD,
S005908,2026-05-08,P011568,capture,9261,299,8962,USD,
S005909,2026-05-08,P012018,capture,2942,115,2827,USD,
S005913,2026-05-08,P014296,capture,1242,66,1176,USD,
S005914,2026-05-08,P017346,capture,16088,497,15591,USD,
S005918,2026-05-08,P000281,capture,1103,62,1041,USD,
S005919,2026-05-08,P001291,capture,6268,212,6056,USD,
S005921,2026-05-08,P017605,capture,8248,269,7979,USD,
S005922,2026-05-08,P010983,capture,4501,161,4340,USD,
S005923,2026-05-08,P004408,capture,4728,167,4561,USD,
S005924,2026-05-08,P014937,capture,4006,146,3860,USD,
S005925,2026-05-08,P013269,capture,8747,284,8463,USD,
S005926,2026-05-08,P008245,capture,21919,666,21253,USD,
S005927,2026-05-08,P014407,capture,3810,140,3670,USD,
S005929,2026-05-08,P002193,capture,6667,223,6444,USD,
S005930,2026-05-08,P000316,capture,4005,146,3859,USD,
S005932,2026-05-08,P019205,capture,6216,210,6006,USD,
S005934,2026-05-08,P012114,capture,6263,212,6051,USD,
S005935,2026-05-08,P010104,capture,7572,250,7322,USD,
S005937,2026-05-08,P015492,capture,3106,120,2986,USD,
S005938,2026-05-08,P018571,capture,5191,181,5010,USD,
S005939,2026-05-08,P007254,capture,4972,174,4798,USD,
S005941,2026-05-08,P003964,capture,35404,1057,34347,USD,
S005943,2026-05-08,P009434,capture,4800,169,4631,USD,
S005944,2026-05-08,P004480,capture,2821,112,2709,USD,
S005945,2026-05-08,P011487,capture,10082,322,9760,USD,
S005946,2026-05-08,P000270,capture,2581,105,2476,USD,
S005947,2026-05-08,P002994,capture,5009,175,4834,USD,
S005949,2026-05-08,P011205,capture,1491,73,1418,USD,
S005950,2026-05-08,P018454,capture,4614,164,4450,USD,
S005951,2026-05-08,P002487,capture,2605,106,2499,USD,
S005953,2026-05-08,P002817,capture,4638,165,4473,USD,
S005961,2026-05-08,P016864,capture,9052,293,8759,USD,
S005962,2026-05-08,P015499,capture,5549,191,5358,USD,
S005964,2026-05-08,P018556,capture,6843,228,6615,USD,
S005965,2026-05-08,P018199,capture,6469,218,6251,USD,
S005966,2026-05-08,P006963,capture,3438,130,3308,USD,
S005968,2026-05-08,P000768,capture,12897,404,12493,USD,
S005970,2026-05-08,P019418,capture,12477,392,12085,USD,
S005971,2026-05-08,P002323,capture,22214,674,21540,USD,
S005972,2026-05-08,P001699,capture,8362,272,8090,USD,
S005974,2026-05-08,P008678,capture,1116,62,1054,USD,
S005976,2026-05-08,P010384,capture,4787,169,4618,USD,
S005978,2026-05-08,P005968,capture,4875,171,4704,USD,
S005979,2026-05-08,P005557,capture,9011,291,8720,USD,
S005983,2026-05-08,P016052,capture,2970,116,2854,USD,
S005984,2026-05-08,P013316,capture,6005,204,5801,USD,
S005986,2026-05-08,P011307,capture,14042,425,13617,USD,
S005991,2026-05-08,P012366,capture,18171,557,17614,USD,
S005992,2026-05-08,P012663,capture,1864,84,1780,USD,
S005993,2026-05-08,P013465,capture,1877,84,1793,USD,
S005994,2026-05-08,P013082,capture,3318,126,3192,USD,
S005996,2026-05-08,P010427,capture,1960,87,1873,USD,
S005998,2026-05-08,P008295,capture,10436,333,10103,USD,
S006002,2026-05-08,P016189,capture,42641,1267,41374,USD,
S006003,2026-05-08,P015200,capture,986,59,927,USD,
S006005,2026-05-08,P009836,capture,11413,361,11052,USD,
S006006,2026-05-08,P000002,capture,16755,516,16239,USD,
S006008,2026-05-08,P001833,capture,3715,138,3577,USD,
S006009,2026-05-08,P009119,capture,7210,238,6972,EUR,converted at 1.0961
S006010,2026-05-08,P017748,capture,8142,266,7876,USD,
S006011,2026-05-08,P019139,capture,5961,203,5758,USD,
S006013,2026-05-08,P002626,capture,9653,309,9344,EUR,converted at 1.0961
S006015,2026-05-08,P017982,capture,52413,1550,50863,USD,
S006016,2026-05-08,P008838,capture,4575,163,4412,USD,
S006017,2026-05-08,P001399,capture,22866,693,22173,USD,
S006018,2026-05-08,P003142,capture,15804,488,15316,USD,
S006019,2026-05-08,P012590,capture,2307,97,2210,USD,
S006020,2026-05-08,P009486,capture,5862,200,5662,USD,
S006021,2026-05-08,P016866,capture,10510,335,10175,USD,
S006023,2026-05-08,P019254,capture,2468,102,2366,USD,
S006024,2026-05-08,P005390,capture,5202,181,5021,USD,
S006026,2026-05-08,P013589,capture,2446,101,2345,USD,
S006027,2026-05-08,P008964,capture,1233,66,1167,USD,
S006029,2026-05-08,P003138,capture,1544,75,1469,USD,
S006032,2026-05-08,P013267,capture,11824,373,11451,USD,
S006037,2026-05-08,P018554,capture,1231,66,1165,USD,
S006038,2026-05-08,P017794,capture,816,54,762,USD,
S006039,2026-05-08,P015603,capture,2597,105,2492,USD,
S006041,2026-05-08,P015431,capture,1951,87,1864,USD,
S006042,2026-05-08,P002472,capture,8981,290,8691,USD,
S006043,2026-05-08,P009744,capture,2112,91,2021,USD,
S006044,2026-05-08,P016318,capture,8795,285,8510,USD,
S006046,2026-05-08,P002235,capture,1075,61,1014,USD,
S006047,2026-05-08,P012573,capture,2546,104,2442,USD,
S006048,2026-05-08,P000207,capture,1092,62,1030,USD,
S006049,2026-05-08,P016375,capture,19065,583,18482,USD,
S006050,2026-05-08,P001132,capture,4998,175,4823,USD,
S006051,2026-05-08,P010589,capture,11316,358,10958,USD,
S006053,2026-05-08,P008071,capture,2428,100,2328,USD,
S006054,2026-05-08,P010194,capture,4957,174,4783,USD,
S006055,2026-05-08,P012327,capture,2261,96,2165,USD,
S006056,2026-05-08,P000269,capture,1610,77,1533,USD,
S006059,2026-05-08,P001234,capture,18107,555,17552,USD,
S006061,2026-05-08,P014366,capture,11083,351,10732,USD,
S006062,2026-05-08,P017445,capture,1510,74,1436,USD,
S006064,2026-05-08,P006193,capture,2749,110,2639,USD,
S006065,2026-05-08,P014235,capture,2062,90,1972,USD,
S006066,2026-05-08,P001469,capture,2043,89,1954,USD,
S006068,2026-05-08,P002151,capture,5312,184,5128,USD,
S006073,2026-05-08,P016182,capture,27081,815,26266,USD,
S006074,2026-05-08,P001196,capture,23943,724,23219,USD,
S006075,2026-05-08,P019115,capture,5173,180,4993,USD,
S006076,2026-05-08,P007026,capture,10529,335,10194,USD,
S006078,2026-05-08,P005571,capture,2193,94,2099,USD,
S006080,2026-05-08,P012245,capture,1811,83,1728,USD,
S006082,2026-05-08,P008221,capture,2247,95,2152,USD,
S006083,2026-05-08,P018216,capture,9164,296,8868,USD,
S006084,2026-05-08,P018989,capture,8900,288,8612,USD,
S006085,2026-05-08,P008066,capture,38054,1134,36920,USD,
S006086,2026-05-08,P014609,capture,13574,424,13150,USD,
S006087,2026-05-08,P009726,capture,4008,146,3862,USD,
S006088,2026-05-08,P006162,capture,4028,147,3881,USD,
S006089,2026-05-08,P018843,capture,3804,140,3664,USD,
S006091,2026-05-08,P018194,capture,1765,81,1684,USD,
S006093,2026-05-08,P008196,capture,8022,263,7759,USD,
S006094,2026-05-08,P008691,capture,8704,282,8422,USD,
S006095,2026-05-08,P011866,capture,1898,85,1813,USD,
S006096,2026-05-08,P014991,capture,4328,156,4172,USD,
S006097,2026-05-08,P015436,capture,9616,309,9307,USD,
S006102,2026-05-08,P007286,capture,5649,194,5455,USD,
S006103,2026-05-08,P008262,capture,4028,147,3881,USD,
S006105,2026-05-08,P006192,capture,4475,160,4315,USD,
S006106,2026-05-08,P013342,capture,3651,136,3515,USD,
S006107,2026-05-08,P007199,capture,3729,138,3591,USD,
S006108,2026-05-08,P011943,capture,3992,146,3846,USD,
S006110,2026-05-08,P001571,capture,20044,611,19433,USD,
S006112,2026-05-08,P009104,capture,1476,73,1403,USD,
S006114,2026-05-08,P002098,capture,6907,230,6677,USD,
S006116,2026-05-08,P015909,capture,3172,122,3050,USD,
S006118,2026-05-08,P009526,capture,2895,114,2781,USD,
S006119,2026-05-08,P005186,capture,2774,110,2664,USD,
S006120,2026-05-08,P012134,capture,5062,177,4885,USD,
S006121,2026-05-08,P003909,capture,24368,737,23631,USD,
S006122,2026-05-08,P004458,capture,10122,324,9798,USD,
S006123,2026-05-08,P008611,capture,10364,331,10033,USD,
S006124,2026-05-08,P012611,capture,26474,798,25676,USD,
S006127,2026-05-08,P011508,capture,1532,74,1458,USD,
S006128,2026-05-08,P010053,capture,14519,451,14068,USD,
S006131,2026-05-08,P001631,capture,3975,145,3830,USD,
S006135,2026-05-08,P014635,capture,1680,79,1601,USD,
S006136,2026-05-08,P006739,capture,6877,229,6648,USD,
S006137,2026-05-08,P003186,capture,5678,195,5483,USD,
S006138,2026-05-08,P001801,capture,3251,124,3127,USD,
S006139,2026-05-08,P015448,capture,6295,213,6082,USD,
S006141,2026-05-08,P011836,capture,4156,151,4005,USD,
S006142,2026-05-08,P004250,capture,9192,297,8895,USD,
S006143,2026-05-08,P014976,capture,4371,157,4214,USD,
S006144,2026-05-08,P015960,capture,14316,445,13871,USD,
S006147,2026-05-08,P013938,capture,2394,99,2295,USD,
S006150,2026-05-08,P007617,capture,22007,668,21339,USD,
S006151,2026-05-08,P002600,capture,6592,221,6371,USD,
S006152,2026-05-08,P015965,capture,15082,467,14615,USD,
S006153,2026-05-08,P014135,capture,6704,224,6480,USD,
S006154,2026-05-08,P009799,capture,4677,166,4511,USD,
S006156,2026-05-08,P016115,capture,3946,144,3802,USD,
S006158,2026-05-08,P013218,capture,2144,92,2052,USD,
S006159,2026-05-08,P011404,capture,7618,251,7367,USD,
S006161,2026-05-08,P018865,capture,10103,323,9780,USD,
S006163,2026-05-08,P004650,capture,12331,388,11943,USD,
S006164,2026-05-08,P017232,capture,1622,77,1545,USD,
S006165,2026-05-08,P016303,capture,7955,261,7694,USD,
S006167,2026-05-08,P014525,capture,1815,83,1732,USD,
S006170,2026-05-08,P012857,capture,1018,60,958,USD,
S006171,2026-05-08,P001994,capture,3782,140,3642,USD,
S006172,2026-05-08,P007896,capture,6681,224,6457,USD,
S006173,2026-05-08,P017614,capture,6602,221,6381,USD,
S006175,2026-05-08,P001246,capture,27385,824,26561,USD,
S006177,2026-05-08,P017322,capture,1720,80,1640,USD,
S006178,2026-05-08,P013999,capture,1226,66,1160,USD,
S006181,2026-05-08,P017053,capture,20186,615,19571,USD,
S006182,2026-05-08,P001923,capture,13175,412,12763,USD,
S006186,2026-05-08,P016819,capture,9111,294,8817,USD,
S006188,2026-05-08,P014128,capture,3149,121,3028,USD,
S006189,2026-05-08,P019169,capture,4239,153,4086,USD,
S006190,2026-05-08,P014611,capture,5812,199,5613,USD,
S006191,2026-05-08,P015995,capture,24170,731,23439,USD,
S006192,2026-05-08,P005221,capture,7920,260,7660,USD,
S006193,2026-05-08,P004754,capture,2506,103,2403,USD,
S006194,2026-05-08,P015650,capture,709,51,658,USD,
S006196,2026-05-08,P004366,capture,5357,185,5172,USD,
S006197,2026-05-08,P003973,capture,3737,138,3599,USD,
S006198,2026-05-08,P015441,capture,8249,269,7980,USD,
S006201,2026-05-08,P001730,capture,9418,303,9115,USD,
S006202,2026-05-08,P014696,capture,12257,385,11872,USD,
S006203,2026-05-08,P014664,capture,2132,92,2040,USD,
S006204,2026-05-08,P017811,capture,8970,290,8680,USD,
S006205,2026-05-08,P009708,capture,4026,147,3879,USD,
S006206,2026-05-08,P004861,capture,8947,289,8658,USD,
S006207,2026-05-08,P010786,capture,1378,70,1308,USD,
S006208,2026-05-08,P016228,capture,29168,876,28292,USD,
S006210,2026-05-08,P003212,capture,7031,234,6797,USD,
S006211,2026-05-08,P005733,capture,4498,160,4338,USD,
S006212,2026-05-08,P000051,capture,4016,146,3870,USD,
S006213,2026-05-08,P007607,capture,58855,1737,57118,USD,
S006214,2026-05-08,P014829,capture,18990,581,18409,USD,
S006216,2026-05-08,P006035,capture,3784,140,3644,USD,
S006217,2026-05-08,P010751,capture,10579,337,10242,USD,
S006220,2026-05-08,P009423,capture,40991,1219,39772,USD,
S006221,2026-05-08,P007205,capture,2071,90,1981,USD,
S006222,2026-05-08,P012793,capture,4103,149,3954,USD,
S006224,2026-05-08,P001514,capture,2045,89,1956,USD,
S006225,2026-05-08,P009968,capture,5641,194,5447,USD,
S006226,2026-05-08,P004634,capture,14556,452,14104,USD,
S006227,2026-05-08,P002264,capture,8576,279,8297,USD,
S006229,2026-05-08,P003327,capture,2806,111,2695,USD,
S006230,2026-05-08,P017468,capture,7799,256,7543,USD,
S006231,2026-05-08,P016643,capture,6667,223,6444,USD,
S006233,2026-05-08,P000730,capture,2506,103,2403,USD,
S006235,2026-05-08,P005285,capture,5936,202,5734,USD,
S006236,2026-05-08,P009192,capture,2692,108,2584,USD,
S006237,2026-05-08,P006521,capture,2141,92,2049,USD,
S006238,2026-05-08,P002078,capture,3499,131,3368,USD,
S006240,2026-05-08,P001403,capture,2251,95,2156,USD,
S006241,2026-05-08,P003130,capture,2557,104,2453,USD,
S006242,2026-05-08,P000736,capture,18220,558,17662,USD,
S006247,2026-05-08,P017230,capture,3611,135,3476,USD,
S006248,2026-05-08,P018113,capture,1924,86,1838,USD,
S006249,2026-05-08,P012711,capture,1977,87,1890,USD,
S006252,2026-05-08,P017368,capture,4668,165,4503,USD,
S006253,2026-05-08,P018134,capture,21486,653,20833,USD,
S006254,2026-05-08,P006684,capture,2515,103,2412,USD,
S006255,2026-05-08,P015174,capture,1977,87,1890,USD,
S006256,2026-05-08,P015058,capture,6554,220,6334,USD,
S006257,2026-05-08,P008947,capture,15085,467,14618,USD,
S006258,2026-05-08,P004230,capture,2104,91,2013,USD,
S006261,2026-05-08,P014006,capture,6732,225,6507,USD,
S006262,2026-05-08,P015062,capture,7609,251,7358,USD,
S006266,2026-05-08,P011793,capture,13014,407,12607,USD,
S006268,2026-05-08,P011667,capture,1130,63,1067,USD,
S006269,2026-05-08,P019472,capture,34622,1034,33588,USD,
S006270,2026-05-08,P015464,capture,8924,289,8635,USD,
S006272,2026-05-08,P018285,capture,4137,150,3987,USD,
S006273,2026-05-08,P016784,capture,4340,156,4184,USD,
S006274,2026-05-08,P009850,capture,5870,200,5670,USD,
S006275,2026-05-08,P008202,capture,6330,214,6116,USD,
S006276,2026-05-08,P005894,capture,3877,142,3735,USD,
S006277,2026-05-08,P010946,capture,16737,515,16222,USD,
S006278,2026-05-08,P014095,capture,12714,399,12315,USD,
S006279,2026-05-08,P010923,capture,5902,201,5701,USD,
S006282,2026-05-08,P019663,capture,3466,131,3335,USD,
S006283,2026-05-08,P001041,capture,11284,357,10927,USD,
S006284,2026-05-08,P013509,capture,2931,115,2816,USD,
S006285,2026-05-08,P019543,capture,512,45,467,USD,
S006286,2026-05-08,P011765,capture,12280,386,11894,USD,
S006288,2026-05-08,P006009,capture,6146,208,5938,USD,
S006291,2026-05-08,P016271,capture,3352,127,3225,USD,
S006294,2026-05-08,P000620,capture,8279,270,8009,USD,
S006295,2026-05-08,P008028,capture,3308,126,3182,USD,
S006296,2026-05-08,P004937,capture,2735,109,2626,USD,
S006299,2026-05-08,P012534,capture,2642,107,2535,USD,
S006301,2026-05-08,P016564,capture,3555,133,3422,USD,
S006303,2026-05-08,P010309,capture,3105,120,2985,USD,
S006305,2026-05-08,P002969,capture,5221,181,5040,USD,
S006309,2026-05-08,P017297,capture,3553,133,3420,USD,
S006311,2026-05-08,P015559,capture,4221,152,4069,USD,
S006315,2026-05-08,P006636,capture,15177,470,14707,USD,
S006316,2026-05-08,P015919,capture,1207,65,1142,USD,
S006317,2026-05-08,P009346,capture,5017,175,4842,USD,
S006320,2026-05-08,P009322,capture,3493,131,3362,USD,
S006321,2026-05-08,P004770,capture,3186,122,3064,USD,
S006323,2026-05-08,P001354,capture,4460,159,4301,USD,
S006324,2026-05-08,P008455,capture,7907,259,7648,USD,
S006328,2026-05-08,P018247,capture,3053,119,2934,USD,
S006331,2026-05-08,P007916,capture,7458,246,7212,USD,
S006332,2026-05-08,P010052,capture,4504,161,4343,USD,
S006334,2026-05-08,P005068,capture,1483,73,1410,USD,
S006335,2026-05-08,P017593,capture,21241,646,20595,USD,
S006340,2026-05-08,P000945,capture,1296,68,1228,USD,
S006342,2026-05-08,P002131,capture,5675,195,5480,USD,
S006343,2026-05-08,P017017,capture,1942,86,1856,USD,
S006345,2026-05-08,P004995,capture,3356,127,3229,USD,
S006346,2026-05-08,P016339,capture,6961,231,6730,EUR,converted at 1.0961
S006350,2026-05-08,P016506,capture,4836,170,4666,USD,
S006352,2026-05-08,P016103,capture,8236,269,7967,USD,
S006353,2026-05-08,P017969,capture,4523,161,4362,USD,
S006354,2026-05-08,P006603,capture,4376,157,4219,USD,
S006356,2026-05-08,P003202,capture,5412,187,5225,USD,
S006357,2026-05-08,P019658,capture,38493,1146,37347,USD,
S006360,2026-05-08,P007386,capture,1655,78,1577,USD,
S006361,2026-05-08,P008246,capture,2574,105,2469,USD,
S006363,2026-05-08,P011902,capture,8042,263,7779,USD,
S006364,2026-05-08,P013660,capture,7372,244,7128,USD,
S006365,2026-05-08,P007291,capture,11336,359,10977,USD,
S006367,2026-05-08,P003195,capture,1210,65,1145,USD,
S006369,2026-05-08,P017290,capture,12623,396,12227,USD,
S006371,2026-05-08,P013609,capture,3753,139,3614,USD,
S006374,2026-05-08,P011911,capture,4463,159,4304,USD,
S006375,2026-05-08,P004493,capture,5313,184,5129,USD,
S006376,2026-05-08,P003002,capture,2190,94,2096,USD,
S006377,2026-05-08,P003392,capture,4296,155,4141,USD,
S006378,2026-05-08,P003043,capture,9415,303,9112,USD,
S006379,2026-05-08,P015323,capture,4425,158,4267,USD,
S006380,2026-05-08,P006365,capture,8602,279,8323,USD,
S006382,2026-05-08,P002667,capture,1451,72,1379,USD,
S006387,2026-05-08,P013304,capture,899,56,843,USD,
S006388,2026-05-08,P012543,capture,13436,420,13016,USD,
S006389,2026-05-08,P001746,capture,16852,519,16333,USD,
S006391,2026-05-08,P010526,capture,4471,160,4311,USD,
S006392,2026-05-08,P007422,capture,5245,182,5063,USD,
S006394,2026-05-08,P016991,capture,9617,309,9308,USD,
S006395,2026-05-08,P019684,capture,2383,99,2284,USD,
S006397,2026-05-08,P007296,capture,9580,308,9272,USD,
S006399,2026-05-08,P016095,capture,2140,92,2048,USD,
S006400,2026-05-08,P001098,capture,17565,539,17026,USD,
S006402,2026-05-08,P005602,capture,3021,118,2903,USD,
S006403,2026-05-08,P013343,capture,35986,1074,34912,USD,
S006404,2026-05-08,P019669,capture,2662,107,2555,USD,
S006405,2026-05-08,P006745,capture,7984,262,7722,USD,
S006407,2026-05-08,P015999,capture,5634,193,5441,USD,
S006408,2026-05-08,P004938,capture,3583,134,3449,USD,
S006409,2026-05-08,P010753,capture,13407,419,12988,USD,
S006412,2026-05-08,P014090,capture,12193,384,11809,USD,
S006413,2026-05-08,P014459,capture,1113,62,1051,USD,
S006414,2026-05-08,P005624,capture,28214,848,27366,USD,
S006415,2026-05-08,P017788,capture,4833,170,4663,USD,
S006417,2026-05-08,P004808,capture,16629,512,16117,USD,
S006420,2026-05-08,P002810,capture,17062,525,16537,USD,
S006421,2026-05-08,P009199,capture,2213,94,2119,USD,
S006422,2026-05-08,P009810,capture,4313,155,4158,USD,
S006423,2026-05-08,P001811,capture,17568,539,17029,USD,
S006425,2026-05-08,P002014,capture,7386,244,7142,USD,
S006428,2026-05-08,P007953,capture,1234,66,1168,USD,
S006429,2026-05-08,P018343,capture,3939,144,3795,USD,
S006432,2026-05-08,P016621,capture,2845,113,2732,USD,
S006439,2026-05-08,P007835,capture,4095,149,3946,USD,
S006440,2026-05-08,P018819,capture,3092,120,2972,USD,
S006442,2026-05-08,P002119,capture,2516,103,2413,USD,
S006443,2026-05-08,P002928,capture,2133,92,2041,USD,
S006447,2026-05-08,P012305,capture,35901,1071,34830,USD,
S006450,2026-05-08,P012684,capture,2165,93,2072,USD,
S006452,2026-05-08,P012404,capture,3998,146,3852,USD,
S006453,2026-05-08,P006831,capture,7644,252,7392,USD,
S006454,2026-05-08,P012225,capture,4823,170,4653,USD,
S006456,2026-05-08,P013833,capture,12371,389,11982,USD,
S006457,2026-05-08,P009999,capture,2745,110,2635,USD,
S006458,2026-05-08,P006499,capture,3288,125,3163,USD,
S006459,2026-05-08,P018051,capture,2117,91,2026,USD,
S006460,2026-05-08,P009892,capture,4474,160,4314,USD,
S006462,2026-05-08,P019506,capture,5964,203,5761,USD,
S006463,2026-05-08,P005313,capture,1133,63,1070,USD,
S006464,2026-05-08,P013172,capture,3691,137,3554,USD,
S006465,2026-05-08,P004482,capture,9529,306,9223,USD,
S006467,2026-05-08,P005226,capture,25341,765,24576,USD,
S006468,2026-05-08,P003611,capture,1656,78,1578,USD,
S006469,2026-05-08,P013180,capture,776,53,723,USD,
S006470,2026-05-08,P006879,capture,2715,109,2606,USD,
S006471,2026-05-08,P013969,capture,13403,419,12984,USD,
S006473,2026-05-08,P012850,capture,18630,570,18060,USD,
S006476,2026-05-08,P017561,capture,3324,126,3198,USD,
S006479,2026-05-08,P007918,capture,20411,622,19789,USD,
S006480,2026-05-08,P002695,capture,4693,166,4527,USD,
S006482,2026-05-08,P019571,capture,2273,96,2177,USD,
S006485,2026-05-08,P002821,capture,37054,1105,35949,USD,
S006486,2026-05-08,P004696,capture,4212,152,4060,USD,
S006487,2026-05-08,P011533,capture,15277,473,14804,USD,
S006488,2026-05-08,P017567,capture,6262,212,6050,USD,
S006489,2026-05-08,P015733,capture,1723,80,1643,USD,
S006490,2026-05-08,P000240,capture,9699,311,9388,USD,
S006491,2026-05-08,P002254,capture,3891,143,3748,USD,
S006492,2026-05-08,P012721,capture,7579,250,7329,USD,
S006493,2026-05-08,P010186,capture,9164,296,8868,USD,
S006495,2026-05-08,P010020,capture,5059,177,4882,USD,
S006498,2026-05-08,P007221,capture,9497,305,9192,USD,
S006499,2026-05-08,P019375,capture,3892,143,3749,USD,
S006500,2026-05-08,P007564,capture,7010,233,6777,USD,
S006502,2026-05-08,P016467,capture,6874,229,6645,USD,
S006503,2026-05-08,P008634,capture,1887,85,1802,USD,
S006504,2026-05-08,P015329,capture,2240,95,2145,USD,
S006505,2026-05-08,P003111,capture,1984,88,1896,USD,
S006507,2026-05-08,P014280,capture,10352,330,10022,USD,
S006508,2026-05-08,P001832,capture,2792,111,2681,USD,
S006509,2026-05-08,P010430,capture,4666,165,4501,USD,
S006511,2026-05-08,P005079,capture,4398,158,4240,USD,
S006512,2026-05-08,P014194,capture,687,50,637,USD,
S006514,2026-05-08,P010661,capture,12606,396,12210,USD,
S006515,2026-05-08,P017086,capture,11027,350,10677,USD,
S006516,2026-05-08,P008708,capture,877,55,822,USD,
S006517,2026-05-08,P000694,capture,4198,152,4046,USD,
S006519,2026-05-08,P009838,capture,5816,199,5617,USD,
S006521,2026-05-08,P006182,capture,5803,198,5605,USD,
S006525,2026-05-08,P014707,capture,780,53,727,USD,
S006526,2026-05-08,P008292,capture,19115,584,18531,USD,
S006528,2026-05-08,P009513,capture,5523,190,5333,USD,
S006529,2026-05-08,P002110,capture,16104,497,15607,USD,
S006531,2026-05-08,P006156,capture,1471,73,1398,USD,
S006534,2026-05-08,P014616,capture,16659,513,16146,USD,
S006535,2026-05-08,P002925,capture,9166,296,8870,USD,
S006540,2026-05-08,P015028,capture,19383,592,18791,USD,
S006542,2026-05-08,P002136,capture,5494,189,5305,USD,
S006543,2026-05-08,P017801,capture,11949,377,11572,USD,
S006544,2026-05-08,P018074,capture,31765,951,30814,USD,
S006545,2026-05-08,P010017,capture,15476,479,14997,USD,
S006546,2026-05-08,P018032,capture,1407,71,1336,USD,
S006547,2026-05-08,P009406,capture,2328,98,2230,USD,
S006548,2026-05-08,P017719,capture,3947,144,3803,USD,
S006550,2026-05-08,P003864,capture,4430,158,4272,USD,
S006552,2026-05-08,P016261,capture,3114,120,2994,USD,
S006553,2026-05-08,P004124,capture,11405,361,11044,USD,
S006554,2026-05-08,P014372,capture,5675,195,5480,USD,
S006555,2026-05-08,P015018,capture,13412,419,12993,USD,
S006556,2026-05-08,P019870,capture,13115,410,12705,USD,
S006558,2026-05-08,P018446,capture,6076,206,5870,USD,
S006559,2026-05-08,P001311,capture,5918,202,5716,USD,
S006561,2026-05-08,P005613,capture,7074,235,6839,USD,
S006565,2026-05-08,P006325,capture,14061,438,13623,USD,
S006566,2026-05-08,P011563,capture,4232,153,4079,USD,
S006567,2026-05-08,P003562,capture,13383,418,12965,USD,
S006569,2026-05-08,P012208,capture,13927,434,13493,USD,
S006572,2026-05-08,P008985,capture,7114,236,6878,USD,
S006573,2026-05-08,P003742,capture,3457,130,3327,USD,
S006574,2026-05-08,P013471,capture,1706,79,1627,USD,
S006575,2026-05-08,P015723,capture,14771,458,14313,USD,
S006578,2026-05-08,P016059,capture,3704,137,3567,USD,
S006580,2026-05-08,P000282,capture,1080,61,1019,USD,
S006581,2026-05-08,P013086,capture,1014,59,955,USD,
S006582,2026-05-08,P016160,capture,1668,78,1590,USD,
S006583,2026-05-08,P005397,capture,27486,827,26659,USD,
S006584,2026-05-08,P013601,capture,11289,357,10932,USD,
S006586,2026-05-08,P012197,capture,6318,213,6105,USD,
S006587,2026-05-08,P006581,capture,4113,149,3964,USD,
S006591,2026-05-08,P000645,capture,1401,71,1330,USD,
S006592,2026-05-08,P005487,capture,8786,285,8501,USD,
S006593,2026-05-08,P014158,capture,4097,149,3948,USD,
S006594,2026-05-08,P009551,capture,9789,314,9475,USD,
S006595,2026-05-08,P012004,capture,1035,60,975,USD,
S006596,2026-05-08,P016867,capture,16182,499,15683,USD,
S006599,2026-05-08,P014019,capture,9230,298,8932,USD,
S006600,2026-05-08,P004358,capture,6415,216,6199,USD,
S006601,2026-05-08,P003017,capture,3854,142,3712,USD,
S006602,2026-05-08,P000687,capture,5705,195,5510,USD,
S006603,2026-05-08,P012786,capture,1237,66,1171,USD,
S006604,2026-05-08,P013011,capture,6659,223,6436,USD,
S006608,2026-05-08,P012463,capture,7417,245,7172,USD,
S006610,2026-05-08,P003282,capture,1754,81,1673,USD,
S006612,2026-05-08,P000915,capture,10550,336,10214,USD,
S006615,2026-05-08,P015183,capture,6699,224,6475,USD,
S006618,2026-05-08,P006007,capture,6348,214,6134,USD,
S006619,2026-05-08,P010221,capture,3965,145,3820,USD,
S006620,2026-05-08,P016452,capture,1749,81,1668,USD,
S006621,2026-05-08,P011122,capture,5834,199,5635,USD,
S006623,2026-05-08,P001019,capture,9756,313,9443,USD,
S006625,2026-05-08,P009098,capture,14749,458,14291,USD,
S006626,2026-05-08,P010775,capture,21682,659,21023,USD,
S006627,2026-05-08,P006524,capture,15987,494,15493,USD,
S006628,2026-05-08,P016295,capture,2809,111,2698,USD,
S006630,2026-05-08,P007693,capture,63078,1859,61219,USD,
S006631,2026-05-08,P002533,capture,3867,142,3725,USD,
S006633,2026-05-08,P007073,capture,7673,253,7420,USD,
S006634,2026-05-08,P009684,capture,4456,159,4297,USD,
S006635,2026-05-08,P008828,capture,2326,97,2229,USD,
S006636,2026-05-08,P011121,capture,3391,128,3263,USD,
S006637,2026-05-08,P011675,capture,9291,299,8992,USD,
S006638,2026-05-08,P019951,capture,19262,589,18673,USD,
S006640,2026-05-08,P012081,capture,7262,240,7022,EUR,converted at 1.0961
S006643,2026-05-08,P006793,capture,12088,381,11707,USD,
S006644,2026-05-08,P015082,capture,8146,266,7880,USD,
S006646,2026-05-08,P014955,capture,2657,107,2550,USD,
S006647,2026-05-08,P004855,capture,5995,204,5791,USD,
S006649,2026-05-08,P017362,capture,4166,151,4015,USD,
S006650,2026-05-08,P002470,capture,3426,129,3297,USD,
S006651,2026-05-08,P004338,capture,13512,422,13090,USD,
S006653,2026-05-08,P001416,capture,14075,439,13636,EUR,converted at 1.0961
S006654,2026-05-08,P013385,capture,4023,147,3876,USD,
S006655,2026-05-08,P017893,capture,4812,170,4642,USD,
S006657,2026-05-08,P008903,capture,960,58,902,USD,
S006660,2026-05-08,P003910,capture,4311,155,4156,USD,
S006661,2026-05-08,P016972,capture,38484,1146,37338,USD,
S006662,2026-05-08,P004720,capture,17720,543,17177,EUR,converted at 1.0961
S006663,2026-05-08,P015824,capture,4029,147,3882,USD,
S006664,2026-05-08,P014853,capture,6933,231,6702,USD,
S006666,2026-05-08,P017532,capture,12996,407,12589,USD,
S006667,2026-05-08,P015606,capture,7155,237,6918,USD,
S006669,2026-05-08,P010973,capture,8783,285,8498,USD,
S006670,2026-05-08,P003219,capture,2665,107,2558,USD,
S006671,2026-05-08,P008058,capture,2433,101,2332,USD,
S006673,2026-05-08,P012900,capture,8312,271,8041,USD,
S006674,2026-05-08,P006857,capture,12040,379,11661,USD,
S006677,2026-05-08,P007695,capture,5575,192,5383,USD,
S006680,2026-05-08,P009573,capture,6569,221,6348,USD,
S006681,2026-05-08,P010260,capture,32743,980,31763,USD,
S006682,2026-05-08,P016829,capture,3889,143,3746,USD,
S006683,2026-05-08,P011549,capture,2668,107,2561,USD,
S006684,2026-05-08,P003991,capture,2411,100,2311,USD,
S006686,2026-05-08,P007711,capture,3005,117,2888,USD,
S006687,2026-05-08,P010037,capture,9339,301,9038,USD,
S006689,2026-05-08,P004154,capture,3913,143,3770,USD,
S006690,2026-05-08,P009296,capture,2020,89,1931,USD,
S006691,2026-05-08,P000423,capture,51235,1516,49719,USD,
S006692,2026-05-08,P006177,capture,1951,87,1864,USD,
S006694,2026-05-08,P019996,capture,2646,107,2539,USD,
S006697,2026-05-08,P009261,capture,4532,161,4371,USD,
S006698,2026-05-08,P001665,capture,2547,104,2443,USD,
S006700,2026-05-08,P000819,capture,3201,123,3078,USD,
S006705,2026-05-08,P005016,capture,5703,195,5508,USD,
S006707,2026-05-08,P001854,capture,5351,185,5166,USD,
S006708,2026-05-08,P018671,capture,15433,478,14955,USD,
S006709,2026-05-08,P001515,capture,11374,360,11014,USD,
S006712,2026-05-08,P008665,capture,14852,461,14391,USD,
S006713,2026-05-08,P002041,capture,18162,557,17605,USD,
S006714,2026-05-08,P019462,capture,1235,66,1169,USD,
S006715,2026-05-08,P018952,capture,8132,266,7866,USD,
S006716,2026-05-08,P012642,capture,7062,235,6827,USD,
S006718,2026-05-08,P015001,capture,11234,356,10878,USD,
S006719,2026-05-08,P016495,capture,9772,313,9459,USD,
S006721,2026-05-08,P012136,capture,5154,179,4975,USD,
S006722,2026-05-08,P009223,capture,5591,192,5399,USD,
S006725,2026-05-08,P017160,capture,1342,69,1273,USD,
S006727,2026-05-08,P001034,capture,676,50,626,USD,
S006728,2026-05-08,P012835,capture,5539,191,5348,USD,
S006729,2026-05-08,P002785,capture,4511,161,4350,USD,
S006733,2026-05-08,P001616,capture,1575,75,1500,EUR,converted at 1.0961
S006734,2026-05-08,P010897,capture,1590,76,1514,USD,
S006736,2026-05-08,P004637,capture,2157,93,2064,USD,
S006737,2026-05-08,P014484,capture,7641,252,7389,USD,
S006738,2026-05-08,P012028,capture,6432,217,6215,USD,
S006739,2026-05-08,P001159,capture,5522,190,5332,USD,
S006740,2026-05-08,P012341,capture,4534,161,4373,USD,
S006744,2026-05-08,P015888,capture,1671,78,1593,USD,
S006745,2026-05-08,P006553,capture,4895,172,4723,USD,
S006746,2026-05-08,P012723,capture,2478,102,2376,USD,
S006751,2026-05-08,P003709,capture,28531,857,27674,USD,
S006752,2026-05-08,P019664,capture,1157,64,1093,USD,
S006753,2026-05-08,P003868,capture,5653,194,5459,USD,
S006755,2026-05-08,P006635,capture,5003,175,4828,USD,
S006759,2026-05-08,P008270,capture,1502,74,1428,USD,
S006766,2026-05-08,P018856,capture,11117,352,10765,USD,
S006768,2026-05-08,P015192,capture,3532,132,3400,USD,
S006769,2026-05-08,P017231,capture,3747,139,3608,USD,
S006771,2026-05-08,P003888,capture,1739,80,1659,USD,
S006773,2026-05-08,P002237,capture,9571,308,9263,USD,
S006774,2026-05-08,P009292,capture,3767,139,3628,USD,
S006775,2026-05-08,P008150,capture,18233,559,17674,USD,
S006777,2026-05-08,P014474,capture,1259,67,1192,USD,
S006779,2026-05-08,P016305,capture,11125,353,10772,USD,
S006780,2026-05-08,P006416,capture,6045,205,5840,USD,
S006781,2026-05-08,P011143,capture,5120,178,4942,USD,
S006782,2026-05-08,P005592,capture,2302,97,2205,USD,
S006783,2026-05-08,P005309,capture,13149,411,12738,USD,
S006786,2026-05-08,P018615,capture,15609,483,15126,USD,
S006787,2026-05-08,P002553,capture,3851,142,3709,USD,
S006788,2026-05-08,P005989,capture,4095,149,3946,USD,
S006789,2026-05-08,P005723,capture,19164,586,18578,USD,
S006790,2026-05-08,P008900,capture,7602,250,7352,USD,
S006792,2026-05-08,P009672,capture,1977,87,1890,USD,
S006793,2026-05-08,P007187,capture,11367,360,11007,USD,
S006794,2026-05-08,P006235,capture,6263,212,6051,USD,
S006795,2026-05-08,P013548,capture,10632,338,10294,USD,
S006798,2026-05-08,P014343,capture,13710,428,13282,USD,
S006799,2026-05-08,P004586,capture,2484,102,2382,USD,
S006800,2026-05-08,P013790,capture,10013,320,9693,USD,
S006801,2026-05-08,P019541,capture,2466,102,2364,USD,
S006802,2026-05-08,P015342,capture,6538,220,6318,USD,
S006803,2026-05-08,P013415,capture,6310,213,6097,USD,
S006805,2026-05-08,P018723,capture,4196,152,4044,USD,
S006808,2026-05-08,P009444,capture,2259,96,2163,USD,
S006810,2026-05-08,P008487,capture,3323,126,3197,USD,
S006811,2026-05-08,P014693,capture,8128,266,7862,USD,
S006812,2026-05-08,P007151,capture,4912,172,4740,USD,
S006813,2026-05-08,P001820,capture,2621,106,2515,USD,
S006814,2026-05-08,P001575,capture,4989,175,4814,USD,
S006815,2026-05-08,P017472,capture,6624,222,6402,USD,
S006820,2026-05-08,P004830,capture,3161,122,3039,USD,
S006821,2026-05-08,P012853,refund,-3075,0,-3075,USD,
S006823,2026-05-08,P018160,capture,14300,445,13855,USD,
S006824,2026-05-08,P019292,capture,1484,73,1411,USD,
S006825,2026-05-08,P016729,capture,5713,196,5517,USD,
S006826,2026-05-08,P009483,capture,6947,231,6716,USD,
S006828,2026-05-08,P017773,capture,14817,460,14357,USD,
S006829,2026-05-08,P000143,capture,4691,166,4525,USD,
S006831,2026-05-08,P015592,capture,30665,919,29746,USD,
S006832,2026-05-08,P018974,capture,9604,309,9295,USD,
S006833,2026-05-08,P015810,capture,5234,182,5052,USD,
S006834,2026-05-08,P012060,capture,12829,401,12428,EUR,converted at 1.0961
S006835,2026-05-08,P004800,refund,-3440,0,-3440,USD,
S006837,2026-05-08,P007435,capture,6791,227,6564,USD,
S006840,2026-05-08,P013208,capture,7527,248,7279,USD,
S006841,2026-05-08,P007488,capture,18199,558,17641,USD,
S006842,2026-05-08,P018046,capture,24935,753,24182,USD,
S006843,2026-05-08,P016231,capture,3096,120,2976,USD,
S006845,2026-05-08,P017411,capture,4383,157,4226,USD,
S006846,2026-05-08,P000926,capture,1800,82,1718,USD,
S006847,2026-05-08,P002295,capture,9477,305,9172,USD,
S006849,2026-05-08,P000135,capture,5717,196,5521,USD,
S006850,2026-05-08,P006994,capture,5694,195,5499,USD,
S006852,2026-05-08,P000328,capture,2552,104,2448,USD,
S006857,2026-05-08,P005096,capture,34001,1016,32985,USD,
S006858,2026-05-08,P001449,capture,6018,205,5813,USD,
S006859,2026-05-08,P012065,capture,15049,466,14583,USD,
S006860,2026-05-08,P000437,capture,345,40,305,USD,
S006862,2026-05-08,P007775,capture,5332,185,5147,USD,
S006864,2026-05-08,P003985,capture,7728,254,7474,USD,
S006865,2026-05-08,P014541,capture,2635,106,2529,USD,
S006866,2026-05-08,P009978,capture,2909,114,2795,USD,
S006867,2026-05-08,P005806,capture,6407,216,6191,USD,
S006868,2026-05-08,P015589,capture,1521,74,1447,USD,
S006869,2026-05-08,P008248,capture,4691,166,4525,USD,
S006871,2026-05-08,P019469,capture,2040,89,1951,USD,
S006873,2026-05-08,P003692,capture,14964,464,14500,USD,
S006877,2026-05-08,P008909,capture,4246,153,4093,USD,
S006878,2026-05-08,P003541,capture,4663,165,4498,USD,
S006880,2026-05-08,P015763,capture,65774,1937,63837,USD,
S006882,2026-05-08,P002938,capture,4574,163,4411,USD,
S006883,2026-05-08,P007553,capture,6622,222,6400,USD,
S006884,2026-05-08,P017122,capture,11898,375,11523,USD,
S006886,2026-05-08,P004875,capture,5304,184,5120,USD,
S006887,2026-05-08,P018191,capture,1595,76,1519,USD,
S006889,2026-05-08,P006845,capture,34875,1041,33834,USD,
S006890,2026-05-08,P011102,capture,4595,163,4432,USD,
S006891,2026-05-08,P001678,capture,14543,452,14091,USD,
S006892,2026-05-08,P011265,capture,627,48,579,USD,
S006896,2026-05-08,P010720,capture,4135,150,3985,USD,
S006897,2026-05-08,P012776,capture,1607,77,1530,USD,
S006898,2026-05-08,P004273,capture,5694,195,5499,USD,
S006899,2026-05-08,P002768,capture,32584,975,31609,USD,
S006902,2026-05-08,P013783,capture,7365,244,7121,USD,
S006903,2026-05-08,P011125,capture,41367,1230,40137,USD,
S006904,2026-05-08,P015269,capture,3304,126,3178,USD,
S006905,2026-05-08,P002016,capture,34998,1045,33953,USD,
S006906,2026-05-08,P017416,capture,5241,182,5059,USD,
S006908,2026-05-08,P005451,capture,16137,498,15639,USD,
S006909,2026-05-08,P005976,capture,7930,260,7670,USD,
S006910,2026-05-08,P003925,capture,3613,135,3478,USD,
S006913,2026-05-08,P019062,capture,28011,842,27169,USD,
S006915,2026-05-08,P007200,capture,8248,269,7979,USD,
S006916,2026-05-08,P012785,capture,5786,197,5589,EUR,converted at 1.0961
S006917,2026-05-08,P009733,capture,13806,430,13376,USD,
S006918,2026-05-08,P004931,capture,3675,137,3538,USD,
S006919,2026-05-08,P007922,capture,16679,514,16165,USD,
S006920,2026-05-08,P009320,capture,16170,499,15671,USD,
S006921,2026-05-08,P001104,capture,23248,704,22544,USD,
S006922,2026-05-08,P016218,capture,4896,172,4724,USD,
S006924,2026-05-08,P004884,capture,4917,173,4744,USD,
S006926,2026-05-08,P019448,capture,4571,163,4408,USD,
S006927,2026-05-08,P000181,capture,14480,450,14030,USD,
S006928,2026-05-08,P019900,capture,2913,114,2799,USD,
S006929,2026-05-08,P003253,capture,10229,327,9902,USD,
S006930,2026-05-08,P015271,capture,1221,65,1156,USD,
S006934,2026-05-08,P019634,capture,5378,186,5192,USD,
S006935,2026-05-08,P000265,capture,2875,113,2762,USD,
S006938,2026-05-08,P015223,capture,9628,309,9319,USD,
S006941,2026-05-08,P018912,capture,7261,241,7020,USD,
S006943,2026-05-08,P012772,capture,7050,234,6816,USD,
S006945,2026-05-08,P017675,capture,3118,120,2998,USD,
S006946,2026-05-08,P016646,capture,3593,134,3459,USD,
S006950,2026-05-08,P006475,capture,5171,180,4991,USD,
S006951,2026-05-08,P000660,capture,879,55,824,USD,
S006952,2026-05-08,P011241,capture,2856,113,2743,USD,
S006953,2026-05-08,P019920,capture,3537,133,3404,USD,
S006954,2026-05-08,P008923,capture,5223,181,5042,USD,
S006956,2026-05-08,P016855,capture,47284,1401,45883,USD,
S006957,2026-05-08,P010962,capture,7436,246,7190,USD,
S006960,2026-05-08,P009247,capture,36255,1081,35174,USD,
S006961,2026-05-08,P008753,capture,708,51,657,USD,
S006962,2026-05-08,P012526,capture,1906,85,1821,USD,
S006965,2026-05-08,P000058,capture,5765,197,5568,USD,
S006966,2026-05-08,P001596,capture,21625,657,20968,USD,
S006968,2026-05-08,P007185,capture,2761,110,2651,USD,
S006969,2026-05-08,P011960,capture,3765,139,3626,USD,
S006970,2026-05-08,P000587,capture,6146,208,5938,USD,
S006971,2026-05-08,P011027,capture,1527,74,1453,USD,
S006972,2026-05-08,P009151,capture,240,37,203,USD,
S006973,2026-05-08,P012337,capture,3198,123,3075,USD,
S006974,2026-05-08,P003379,capture,13475,421,13054,USD,
S006975,2026-05-08,P000192,capture,1662,78,1584,USD,
S006979,2026-05-08,P017882,capture,15590,482,15108,USD,
S006980,2026-05-08,P008987,capture,2083,90,1993,USD,
S006981,2026-05-08,P013598,capture,2748,110,2638,USD,
S006982,2026-05-08,P012745,capture,11334,359,10975,USD,
S006984,2026-05-08,P002808,capture,4085,148,3937,USD,
S006985,2026-05-08,P010350,capture,4788,169,4619,USD,
S006986,2026-05-08,P019074,capture,5929,202,5727,USD,
S006987,2026-05-08,P010528,capture,10648,339,10309,USD,
S006989,2026-05-08,P006272,capture,2177,93,2084,USD,
S006991,2026-05-08,P005052,capture,3110,120,2990,USD,
S006992,2026-05-08,P007170,capture,24471,740,23731,USD,
S006994,2026-05-08,P001701,capture,27672,831,26841,EUR,converted at 1.0961
S006996,2026-05-08,P013649,capture,1816,83,1733,USD,
S006997,2026-05-08,P014701,capture,5015,175,4840,USD,
S006998,2026-05-08,P010028,capture,2737,109,2628,USD,
S006999,2026-05-08,P015916,capture,641,49,592,USD,
S007000,2026-05-08,P003945,capture,11343,359,10984,USD,
S007001,2026-05-08,P015788,capture,4540,162,4378,USD,
S007002,2026-05-08,P015317,capture,4692,166,4526,USD,
S007004,2026-05-08,P011750,capture,7269,241,7028,USD,
S007006,2026-05-08,P011593,capture,2931,115,2816,USD,
S007009,2026-05-08,P013923,capture,3592,134,3458,USD,
S007011,2026-05-08,P017220,capture,30435,913,29522,USD,
S007012,2026-05-08,P015415,capture,3805,140,3665,USD,
S007013,2026-05-08,P001333,capture,8022,263,7759,USD,
S007016,2026-05-08,P018646,capture,30157,905,29252,USD,
S007019,2026-05-08,P018072,capture,4530,161,4369,USD,
S007020,2026-05-08,P015245,capture,7279,241,7038,USD,
S007021,2026-05-08,P001546,capture,2887,114,2773,USD,
S007023,2026-05-08,P012696,capture,5767,196,5571,EUR,converted at 1.0961
S007024,2026-05-08,P013789,capture,3632,135,3497,USD,
S007027,2026-05-08,P011939,capture,7181,238,6943,USD,
S007028,2026-05-08,P007428,capture,3732,138,3594,USD,
S007029,2026-05-08,P018336,capture,1493,73,1420,USD,
S007031,2026-05-08,P013033,capture,11859,375,11484,EUR,converted at 1.0961
S007033,2026-05-08,P018224,capture,5397,187,5210,USD,
S007034,2026-05-08,P014181,capture,6707,225,6482,USD,
S007037,2026-05-08,P014998,capture,892,56,836,USD,
S007038,2026-05-08,P004384,capture,8368,273,8095,USD,
S007040,2026-05-08,P018231,capture,10740,341,10399,USD,
S007043,2026-05-08,P012095,capture,6460,217,6243,USD,
S007044,2026-05-08,P005341,capture,11423,361,11062,USD,
S007045,2026-05-08,P011653,capture,2171,93,2078,USD,
S007046,2026-05-08,P009018,capture,23488,711,22777,USD,
S007047,2026-05-08,P005876,capture,35067,1047,34020,USD,
S007049,2026-05-08,P004746,capture,2490,102,2388,USD,
S007050,2026-05-08,P008238,capture,16033,495,15538,USD,
S007051,2026-05-08,P008877,capture,598,47,551,USD,
S007052,2026-05-08,P010785,capture,24057,728,23329,USD,
S007054,2026-05-08,P009338,capture,15496,479,15017,USD,
S007055,2026-05-08,P006166,capture,13123,411,12712,USD,
S007057,2026-05-08,P009222,capture,30042,901,29141,USD,
S007058,2026-05-08,P014378,capture,2683,108,2575,USD,
S007059,2026-05-08,P002804,capture,20070,612,19458,USD,
S007061,2026-05-08,P014359,capture,11411,361,11050,USD,
S007062,2026-05-08,P007547,capture,3021,118,2903,USD,
S007063,2026-05-08,P004804,capture,54376,1607,52769,USD,
S007064,2026-05-08,P009456,capture,4816,170,4646,USD,
S007065,2026-05-08,P004959,capture,4680,166,4514,USD,
S007066,2026-05-08,P012314,capture,11090,352,10738,USD,
S007067,2026-05-08,P018763,capture,3228,124,3104,USD,
S007068,2026-05-08,P010889,capture,5516,190,5326,USD,
S007069,2026-05-08,P013881,capture,3551,133,3418,USD,
S007070,2026-05-08,P013370,capture,4986,175,4811,USD,
S007073,2026-05-08,P007482,capture,4086,148,3938,USD,
S007075,2026-05-08,P010693,capture,12445,391,12054,USD,
S007077,2026-05-08,P018124,capture,1892,85,1807,USD,
S007078,2026-05-08,P005534,capture,4545,162,4383,USD,
S007079,2026-05-08,P008580,capture,1914,86,1828,USD,
S007080,2026-05-08,P008301,capture,28855,867,27988,USD,
S007081,2026-05-08,P010331,capture,5513,190,5323,USD,
S007083,2026-05-08,P005869,capture,2021,89,1932,USD,
S007085,2026-05-08,P012453,capture,3645,135,3510,EUR,converted at 1.0961
S007086,2026-05-08,P013213,capture,1828,83,1745,USD,
S007088,2026-05-08,P013248,capture,5526,190,5336,USD,
S007090,2026-05-08,P008629,capture,23787,720,23067,USD,
S007091,2026-05-08,P015876,capture,3410,129,3281,USD,
S007092,2026-05-08,P018292,capture,1999,88,1911,USD,
S007094,2026-05-08,P004049,capture,7373,244,7129,USD,
S007095,2026-05-08,P002642,capture,1842,83,1759,USD,
S007096,2026-05-08,P002368,capture,12340,388,11952,USD,
S007097,2026-05-08,P001371,capture,5883,201,5682,USD,
S007098,2026-05-08,P003262,capture,7529,248,7281,USD,
S007099,2026-05-08,P003277,capture,6655,223,6432,USD,
S007100,2026-05-08,P009914,capture,977,58,919,USD,
S007101,2026-05-08,P006178,capture,12686,398,12288,USD,
S007103,2026-05-08,P005689,capture,3055,119,2936,USD,
S007105,2026-05-08,P018304,capture,4109,149,3960,USD,
S007109,2026-05-08,P005805,capture,7567,249,7318,USD,
S007110,2026-05-08,P005233,capture,12998,407,12591,USD,
S007112,2026-05-08,P007777,capture,8778,285,8493,USD,
S007114,2026-05-08,P013260,capture,8937,289,8648,USD,
S007118,2026-05-08,P015688,capture,3743,139,3604,USD,
S007121,2026-05-08,P013839,capture,2330,98,2232,USD,
S007122,2026-05-08,P012682,capture,1464,72,1392,USD,
S007124,2026-05-08,P017367,capture,1335,69,1266,USD,
S007125,2026-05-08,P017609,capture,2252,95,2157,USD,
S007126,2026-05-08,P009639,capture,12954,406,12548,USD,
S007127,2026-05-08,P001751,capture,31648,948,30700,USD,
S007128,2026-05-08,P001146,capture,3188,122,3066,USD,
S007135,2026-05-08,P013288,capture,2882,114,2768,USD,
S007136,2026-05-08,P002758,capture,5076,177,4899,USD,
S007138,2026-05-08,P003372,capture,4843,170,4673,USD,
S007139,2026-05-08,P017036,capture,5697,195,5502,USD,
S007140,2026-05-08,P004059,capture,836,54,782,USD,
S007141,2026-05-08,P013356,capture,17292,531,16761,USD,
S007142,2026-05-08,P010025,capture,716,51,665,USD,
S007144,2026-05-08,P017206,capture,4306,155,4151,USD,
S007146,2026-05-08,P000567,capture,2288,96,2192,USD,
S007148,2026-05-08,P002923,capture,2998,117,2881,USD,
S007149,2026-05-08,P018553,capture,1428,71,1357,USD,
S007152,2026-05-08,P016958,capture,6324,213,6111,USD,
S007154,2026-05-08,P011668,capture,532,45,487,USD,
S007158,2026-05-08,P005312,capture,5405,187,5218,USD,
S007160,2026-05-08,P015669,capture,1495,73,1422,USD,
S007162,2026-05-08,P013701,capture,1476,73,1403,USD,
S007163,2026-05-08,P010464,capture,6145,208,5937,USD,
S007165,2026-05-08,P010660,capture,7491,247,7244,USD,
S007166,2026-05-08,P012600,capture,20263,618,19645,USD,
S007169,2026-05-08,P019863,capture,2900,114,2786,USD,
S007171,2026-05-08,P014261,capture,1810,82,1728,USD,
S007172,2026-05-08,P011383,capture,7579,250,7329,USD,
S007173,2026-05-08,P012084,capture,15166,470,14696,USD,
S007174,2026-05-08,P017205,capture,11284,357,10927,USD,
S007175,2026-05-08,P015445,capture,11594,366,11228,USD,
S007176,2026-05-08,P011764,capture,2524,103,2421,USD,
S007179,2026-05-08,P012882,capture,2992,117,2875,USD,
S007180,2026-05-08,P007546,capture,8177,267,7910,USD,
S007182,2026-05-08,P013121,capture,7996,262,7734,USD,
S007184,2026-05-08,P009608,capture,318,39,279,USD,
S007186,2026-05-08,P014332,capture,2481,102,2379,USD,
S007187,2026-05-08,P004173,capture,5803,198,5605,USD,
S007189,2026-05-08,P001186,capture,11380,360,11020,USD,
S007190,2026-05-08,P015675,capture,15191,471,14720,USD,
S007192,2026-05-08,P011209,capture,3162,122,3040,USD,
S007194,2026-05-08,P017909,capture,10395,331,10064,USD,
S007196,2026-05-08,P018734,capture,9854,316,9538,USD,
S007197,2026-05-08,P005248,capture,6234,211,6023,USD,
S007198,2026-05-08,P012621,capture,9067,293,8774,USD,
S007199,2026-05-08,P010242,capture,1432,72,1360,USD,
S007200,2026-05-08,P003666,capture,27382,824,26558,USD,
S007201,2026-05-08,P008814,capture,3776,140,3636,USD,
S007203,2026-05-08,P001996,capture,5798,198,5600,USD,
S007204,2026-05-08,P015059,capture,4536,162,4374,USD,
S007205,2026-05-08,P017660,capture,3423,129,3294,USD,
S007206,2026-05-08,P008633,capture,9281,299,8982,USD,
S007208,2026-05-08,P010001,capture,9069,293,8776,USD,
S007211,2026-05-08,P018577,capture,856,55,801,USD,
S007212,2026-05-08,P012347,capture,2645,107,2538,USD,
S007214,2026-05-08,P010145,capture,7209,239,6970,USD,
S007216,2026-05-08,P002124,capture,6886,230,6656,USD,
S007218,2026-05-08,P013232,capture,2174,93,2081,USD,
S007219,2026-05-08,P013830,capture,5591,192,5399,USD,
S007220,2026-05-08,P000559,capture,29584,888,28696,USD,
S007224,2026-05-08,P017876,capture,22131,672,21459,USD,
S007225,2026-05-08,P009085,capture,2209,94,2115,USD,
S007226,2026-05-08,P012687,capture,1588,76,1512,USD,
S007231,2026-05-08,P004196,capture,2415,100,2315,USD,
S007233,2026-05-08,P006243,capture,18121,556,17565,USD,
S007234,2026-05-08,P005962,capture,10416,332,10084,USD,
S007237,2026-05-08,P003437,capture,4505,161,4344,USD,
S007238,2026-05-08,P009541,capture,9452,304,9148,USD,
S007239,2026-05-08,P018177,capture,6435,217,6218,USD,
S007240,2026-05-08,P013526,capture,4103,149,3954,USD,
S007241,2026-05-08,P009301,capture,1153,63,1090,USD,
S007243,2026-05-08,P018890,capture,2895,114,2781,USD,
S007244,2026-05-08,P003532,capture,2027,89,1938,USD,
S007245,2026-05-08,P017570,capture,2624,106,2518,USD,
S007248,2026-05-08,P000563,capture,1481,73,1408,USD,
S007250,2026-05-08,P019958,capture,5516,190,5326,USD,
S007253,2026-05-08,P019613,capture,2961,116,2845,USD,
S007254,2026-05-08,P007869,capture,2176,93,2083,USD,
S007255,2026-05-08,P000035,capture,28338,852,27486,USD,
S007256,2026-05-08,P010307,capture,13071,409,12662,USD,
S007257,2026-05-08,P011397,capture,2879,113,2766,USD,
S007261,2026-05-08,P014413,capture,1175,64,1111,USD,
S007262,2026-05-08,P019767,capture,8158,267,7891,USD,
S007263,2026-05-08,P016769,capture,4608,164,4444,USD,
S007265,2026-05-08,P008922,capture,9089,294,8795,USD,
S007267,2026-05-08,P007949,capture,3453,130,3323,USD,
S007269,2026-05-08,P007957,capture,1912,85,1827,USD,
S007270,2026-05-08,P015035,capture,6542,220,6322,USD,
S007271,2026-05-08,P010421,capture,8481,276,8205,USD,
S007272,2026-05-08,P001795,capture,16316,503,15813,USD,
S007273,2026-05-08,P006622,capture,22338,678,21660,USD,
S007276,2026-05-08,P010593,capture,9705,311,9394,USD,
S007277,2026-05-08,P003634,capture,9483,305,9178,USD,
S007279,2026-05-08,P000273,capture,25128,759,24369,USD,
S007282,2026-05-08,P004135,capture,5973,203,5770,USD,
S007283,2026-05-08,P005824,capture,9740,312,9428,USD,
S007284,2026-05-08,P018108,capture,4136,150,3986,USD,
S007285,2026-05-08,P011476,capture,3585,134,3451,USD,
S007288,2026-05-08,P013970,capture,9318,300,9018,USD,
S007289,2026-05-08,P009308,capture,7961,261,7700,USD,
S007292,2026-05-08,P014982,capture,6329,214,6115,USD,
S007293,2026-05-08,P016716,capture,1325,68,1257,USD,
S007294,2026-05-08,P004240,capture,2425,100,2325,USD,
S007295,2026-05-08,P008021,capture,2525,103,2422,USD,
S007296,2026-05-08,P014747,capture,10352,330,10022,USD,
S007297,2026-05-08,P002564,capture,835,54,781,USD,
S007298,2026-05-08,P016678,capture,26433,797,25636,USD,
S007301,2026-05-08,P014188,capture,9389,302,9087,USD,
S007303,2026-05-08,P001109,capture,4835,170,4665,USD,
S007305,2026-05-08,P019570,capture,29115,874,28241,USD,
S007306,2026-05-08,P014469,capture,19823,605,19218,USD,
S007307,2026-05-08,P015652,capture,1934,86,1848,USD,
S007308,2026-05-08,P017094,capture,19343,591,18752,USD,
S007309,2026-05-08,P002498,capture,3785,140,3645,USD,
S007310,2026-05-08,P001708,capture,2440,101,2339,USD,
S007312,2026-05-08,P016708,capture,51512,1524,49988,USD,
S007315,2026-05-08,P009093,capture,15792,488,15304,USD,
S007316,2026-05-08,P014437,capture,7446,246,7200,USD,
S007319,2026-05-08,P008894,capture,1815,83,1732,USD,
S007320,2026-05-08,P002504,capture,1595,76,1519,USD,
S007321,2026-05-08,P016673,capture,60031,1771,58260,USD,
S007322,2026-05-08,P018018,capture,1282,67,1215,USD,
S007323,2026-05-08,P003619,capture,1770,81,1689,USD,
S007324,2026-05-08,P011048,capture,9655,310,9345,USD,
S007325,2026-05-08,P003816,capture,7044,234,6810,USD,
S007327,2026-05-08,P007619,capture,5722,196,5526,USD,
S007328,2026-05-08,P013956,capture,757,52,705,USD,
S007330,2026-05-08,P007622,capture,21536,655,20881,USD,
S007334,2026-05-08,P009259,capture,1655,78,1577,USD,
S007336,2026-05-08,P013623,capture,2791,111,2680,USD,
S007339,2026-05-08,P001720,capture,45306,1344,43962,USD,
S007340,2026-05-08,P005961,capture,2712,109,2603,USD,
S007341,2026-05-08,P016264,capture,5089,178,4911,USD,
S007342,2026-05-08,P008386,capture,3898,143,3755,USD,
S016604,2026-05-08,P006452,capture,1505,74,1431,USD,
S016610,2026-05-08,P008381,capture,2752,110,2642,USD,
S016621,2026-05-08,P012168,capture,1124,63,1061,USD,
S016624,2026-05-08,P013582,capture,3988,146,3842,USD,
S003018,2026-05-09,P000529,capture,1580,76,1504,USD,
S003030,2026-05-09,P015366,capture,42319,1257,41062,USD,
S003060,2026-05-09,P018975,capture,23010,697,22313,USD,
S003071,2026-05-09,P011821,capture,5930,202,5728,USD,
S003074,2026-05-09,P006218,capture,1436,72,1364,USD,
S003081,2026-05-09,P017158,capture,3049,118,2931,USD,
S003092,2026-05-09,P010491,capture,5839,199,5640,USD,
S003098,2026-05-09,P000094,capture,6973,232,6741,USD,
S003113,2026-05-09,P007024,capture,1278,67,1211,USD,
S003131,2026-05-09,P004146,capture,6149,208,5941,USD,
S003147,2026-05-09,P010386,capture,1751,81,1670,USD,
S003179,2026-05-09,P014351,capture,9992,320,9672,USD,
S003187,2026-05-09,P009230,capture,10480,334,10146,USD,
S003213,2026-05-09,P019788,capture,6278,212,6066,USD,
S003228,2026-05-09,P002780,capture,3899,143,3756,USD,
S003229,2026-05-09,P013120,capture,5476,189,5287,USD,
S003244,2026-05-09,P016925,capture,6616,222,6394,USD,
S003260,2026-05-09,P011230,capture,2924,115,2809,USD,
S003265,2026-05-09,P019126,capture,1497,73,1424,USD,
S003268,2026-05-09,P002859,capture,3820,141,3679,USD,
S003309,2026-05-09,P008586,capture,12170,383,11787,USD,
S003341,2026-05-09,P003593,capture,28071,844,27227,USD,
S003347,2026-05-09,P012401,capture,5304,184,5120,USD,
S003360,2026-05-09,P010441,capture,11185,354,10831,USD,
S003385,2026-05-09,P008352,capture,13567,423,13144,USD,
S003386,2026-05-09,P003109,capture,4074,148,3926,USD,
S003409,2026-05-09,P016400,capture,1324,68,1256,USD,
S003415,2026-05-09,P017508,capture,5987,204,5783,USD,
S003425,2026-05-09,P008037,capture,5903,201,5702,USD,
S003429,2026-05-09,P018832,capture,2394,99,2295,USD,
S003438,2026-05-09,P012015,capture,7272,241,7031,USD,
S003447,2026-05-09,P019003,capture,13834,431,13403,USD,
S003460,2026-05-09,P008842,capture,1221,65,1156,USD,
S003476,2026-05-09,P014839,capture,2285,96,2189,USD,
S003490,2026-05-09,P013022,capture,476,44,432,USD,
S003494,2026-05-09,P001013,capture,7241,240,7001,USD,
S003509,2026-05-09,P015162,capture,480,44,436,USD,
S003520,2026-05-09,P014911,capture,1696,79,1617,USD,
S003526,2026-05-09,P016367,capture,4345,156,4189,USD,
S003533,2026-05-09,P011139,capture,8082,264,7818,USD,
S003564,2026-05-09,P008918,capture,3055,119,2936,USD,
S003576,2026-05-09,P014148,capture,17743,545,17198,USD,
S003579,2026-05-09,P015297,capture,16702,514,16188,USD,
S003589,2026-05-09,P013104,capture,2440,101,2339,USD,
S003602,2026-05-09,P014408,capture,28076,844,27232,USD,
S003639,2026-05-09,P015451,capture,8685,282,8403,USD,
S003641,2026-05-09,P008394,capture,6499,218,6281,USD,
S003653,2026-05-09,P010041,capture,39417,1174,38243,EUR,converted at 1.0961
S003659,2026-05-09,P012325,capture,2581,105,2476,USD,
S003675,2026-05-09,P001798,capture,9393,302,9091,USD,
S003681,2026-05-09,P014518,capture,3056,119,2937,USD,
S003685,2026-05-09,P003889,capture,3278,125,3153,USD,
S003696,2026-05-09,P017701,capture,2940,115,2825,USD,
S003698,2026-05-09,P006360,capture,27212,819,26393,USD,
S003742,2026-05-09,P005064,capture,5970,203,5767,USD,
S003748,2026-05-09,P013963,capture,24171,731,23440,USD,
S003772,2026-05-09,P010562,capture,39044,1162,37882,USD,
S003774,2026-05-09,P011849,capture,7897,259,7638,USD,
S003864,2026-05-09,P013297,capture,1593,76,1517,USD,
S003886,2026-05-09,P002975,capture,709,51,658,USD,
S003889,2026-05-09,P011406,capture,2445,101,2344,USD,
S003893,2026-05-09,P005875,capture,7961,261,7700,USD,
S003917,2026-05-09,P009937,capture,20426,622,19804,USD,
S003919,2026-05-09,P017535,capture,4393,157,4236,USD,
S003956,2026-05-09,P015165,capture,20525,625,19900,USD,
S003957,2026-05-09,P014891,capture,6652,223,6429,USD,
S003969,2026-05-09,P000596,capture,6762,226,6536,USD,
S003972,2026-05-09,P007455,capture,3972,145,3827,USD,
S003976,2026-05-09,P016885,capture,5610,193,5417,USD,
S003977,2026-05-09,P016522,capture,6038,205,5833,USD,
S003980,2026-05-09,P010914,capture,10716,341,10375,USD,
S003992,2026-05-09,P010229,capture,7115,236,6879,USD,
S004010,2026-05-09,P011044,capture,2011,88,1923,USD,
S004015,2026-05-09,P008725,capture,4102,149,3953,USD,
S004021,2026-05-09,P003721,capture,3817,141,3676,USD,
S004035,2026-05-09,P008810,capture,16479,508,15971,USD,
S004053,2026-05-09,P016558,capture,4173,151,4022,USD,
S004086,2026-05-09,P003885,capture,608,48,560,USD,
S004111,2026-05-09,P004481,capture,2145,92,2053,USD,
S004123,2026-05-09,P015904,capture,9456,304,9152,USD,
S004127,2026-05-09,P014970,capture,695,50,645,USD,
S004134,2026-05-09,P005319,capture,5038,176,4862,USD,
S004148,2026-05-09,P014053,capture,25793,778,25015,USD,
S004151,2026-05-09,P002128,capture,5218,181,5037,USD,
S004208,2026-05-09,P006760,capture,8253,269,7984,USD,
S004223,2026-05-09,P006675,capture,5540,191,5349,USD,
S004238,2026-05-09,P010465,capture,2984,117,2867,USD,
S004247,2026-05-09,P012795,capture,5211,181,5030,USD,
S004254,2026-05-09,P011518,capture,2275,96,2179,USD,
S004262,2026-05-09,P010466,capture,14611,454,14157,USD,
S004273,2026-05-09,P001894,capture,5282,182,5100,EUR,converted at 1.0961
S004275,2026-05-09,P018730,capture,23206,703,22503,USD,
S004305,2026-05-09,P011037,capture,5190,181,5009,USD,
S004326,2026-05-09,P000953,capture,3864,142,3722,USD,
S004356,2026-05-09,P003717,capture,16483,508,15975,USD,
S004370,2026-05-09,P016217,capture,6715,225,6490,USD,
S004372,2026-05-09,P015398,capture,3237,124,3113,USD,
S004399,2026-05-09,P015840,capture,1810,82,1728,USD,
S004401,2026-05-09,P009228,capture,17786,546,17240,USD,
S004420,2026-05-09,P019846,capture,4997,175,4822,USD,
S004433,2026-05-09,P003360,capture,9931,318,9613,USD,
S004445,2026-05-09,P006143,capture,3882,143,3739,USD,
S004452,2026-05-09,P003694,capture,11293,357,10936,USD,
S004456,2026-05-09,P013318,capture,5758,197,5561,USD,
S004457,2026-05-09,P006081,capture,6028,205,5823,USD,
S004505,2026-05-09,P011190,capture,14864,461,14403,USD,
S004506,2026-05-09,P007888,capture,7261,241,7020,USD,
S004508,2026-05-09,P001597,capture,9665,310,9355,USD,
S004551,2026-05-09,P019715,capture,6237,211,6026,USD,
S004557,2026-05-09,P009790,capture,5880,201,5679,USD,
S004559,2026-05-09,P013912,capture,3369,128,3241,USD,
S004568,2026-05-09,P007534,capture,4521,161,4360,USD,
S004577,2026-05-09,P002374,capture,4408,158,4250,USD,
S004587,2026-05-09,P002300,capture,6779,227,6552,USD,
S004598,2026-05-09,P001018,capture,5308,184,5124,USD,
S004607,2026-05-09,P002704,capture,2123,92,2031,USD,
S004626,2026-05-09,P001144,capture,2988,117,2871,USD,
S004629,2026-05-09,P019408,capture,1315,68,1247,USD,
S004639,2026-05-09,P002841,capture,11439,362,11077,USD,
S004649,2026-05-09,P014204,capture,11799,372,11427,USD,
S004658,2026-05-09,P005865,capture,7759,255,7504,USD,
S004668,2026-05-09,P014729,capture,4467,160,4307,USD,
S004697,2026-05-09,P016093,capture,3703,137,3566,USD,
S004703,2026-05-09,P011903,capture,4903,172,4731,USD,
S004721,2026-05-09,P018537,capture,5730,196,5534,USD,
S004742,2026-05-09,P011716,capture,2263,96,2167,USD,
S004791,2026-05-09,P008267,capture,5259,183,5076,USD,
S004796,2026-05-09,P015839,capture,10597,337,10260,USD,
S004825,2026-05-09,P004508,capture,3475,131,3344,USD,
S004843,2026-05-09,P000800,capture,1512,74,1438,USD,
S004849,2026-05-09,P006471,capture,3826,141,3685,USD,
S004890,2026-05-09,P008663,capture,15028,466,14562,USD,
S004891,2026-05-09,P018570,capture,2361,98,2263,USD,
S004900,2026-05-09,P017344,capture,4622,164,4458,USD,
S004919,2026-05-09,P005819,capture,2453,101,2352,USD,
S004935,2026-05-09,P001670,capture,1457,72,1385,USD,
S004943,2026-05-09,P001651,capture,6334,214,6120,USD,
S004953,2026-05-09,P017886,capture,24410,738,23672,USD,
S004966,2026-05-09,P006140,capture,681,50,631,USD,
S004975,2026-05-09,P017842,capture,7374,244,7130,USD,
S004976,2026-05-09,P019450,capture,11321,358,10963,USD,
S005001,2026-05-09,P016755,capture,9059,293,8766,USD,
S005026,2026-05-09,P018015,capture,2793,111,2682,USD,
S005034,2026-05-09,P009929,capture,16003,494,15509,USD,
S005048,2026-05-09,P017033,capture,1858,84,1774,USD,
S005060,2026-05-09,P014571,capture,1346,69,1277,USD,
S005074,2026-05-09,P006914,capture,10776,343,10433,USD,
S005082,2026-05-09,P002249,capture,6009,204,5805,USD,
S005093,2026-05-09,P004688,capture,12005,378,11627,USD,
S005094,2026-05-09,P007669,capture,2232,95,2137,USD,
S005095,2026-05-09,P001932,capture,3361,127,3234,USD,
S005097,2026-05-09,P005069,capture,1979,87,1892,USD,
S005098,2026-05-09,P013366,capture,5704,195,5509,USD,
S005099,2026-05-09,P006350,capture,7727,254,7473,USD,
S005104,2026-05-09,P009747,capture,5576,192,5384,USD,
S005113,2026-05-09,P015084,capture,2545,104,2441,USD,
S005115,2026-05-09,P015038,capture,10363,331,10032,USD,
S005120,2026-05-09,P011116,capture,40089,1193,38896,USD,
S005122,2026-05-09,P017512,capture,8006,262,7744,USD,
S005123,2026-05-09,P006773,capture,4879,171,4708,USD,
S005127,2026-05-09,P004486,capture,3259,125,3134,USD,
S005132,2026-05-09,P004203,capture,2925,115,2810,USD,
S005134,2026-05-09,P003193,capture,6904,230,6674,USD,
S005142,2026-05-09,P019175,capture,2615,106,2509,USD,
S005146,2026-05-09,P001412,capture,4775,168,4607,USD,
S005149,2026-05-09,P004504,capture,7417,245,7172,USD,
S005153,2026-05-09,P009433,capture,2042,89,1953,USD,
S005160,2026-05-09,P007181,capture,6375,215,6160,USD,
S005163,2026-05-09,P013588,capture,2026,89,1937,USD,
S005166,2026-05-09,P012252,capture,7516,248,7268,USD,
S005168,2026-05-09,P010348,capture,22366,679,21687,USD,
S005177,2026-05-09,P007968,capture,6977,232,6745,USD,
S005178,2026-05-09,P019308,capture,1604,77,1527,USD,
S005180,2026-05-09,P013873,capture,12653,397,12256,USD,
S005181,2026-05-09,P013199,capture,4325,155,4170,USD,
S005195,2026-05-09,P011167,capture,11205,355,10850,USD,
S005200,2026-05-09,P012802,capture,8554,278,8276,USD,
S005204,2026-05-09,P002968,capture,5688,195,5493,USD,
S005205,2026-05-09,P012431,capture,22126,672,21454,USD,
S005210,2026-05-09,P014496,capture,909,56,853,USD,
S005213,2026-05-09,P016892,capture,7465,246,7219,USD,
S005217,2026-05-09,P001909,capture,1114,62,1052,USD,
S005220,2026-05-09,P013965,capture,42504,1263,41241,USD,
S005223,2026-05-09,P017956,capture,4503,161,4342,USD,
S005224,2026-05-09,P006205,capture,61511,1814,59697,USD,
S005227,2026-05-09,P002308,capture,5864,200,5664,USD,
S005231,2026-05-09,P003630,capture,3790,140,3650,USD,
S005235,2026-05-09,P000050,capture,3855,143,3712,EUR,converted at 1.0961
S005240,2026-05-09,P011933,capture,2375,99,2276,USD,
S005241,2026-05-09,P008770,capture,6350,214,6136,USD,
S005244,2026-05-09,P015195,capture,30892,926,29966,USD,
S005245,2026-05-09,P008365,capture,1639,78,1561,USD,
S005246,2026-05-09,P002435,capture,6125,208,5917,USD,
S005247,2026-05-09,P015631,capture,1576,76,1500,USD,
S005254,2026-05-09,P003724,capture,23792,720,23072,USD,
S005261,2026-05-09,P019627,capture,5111,178,4933,USD,
S005269,2026-05-09,P009478,capture,4415,158,4257,USD,
S005271,2026-05-09,P015231,capture,822,54,768,USD,
S005273,2026-05-09,P000457,capture,3362,127,3235,USD,
S005274,2026-05-09,P000999,capture,6209,210,5999,USD,
S005277,2026-05-09,P002438,capture,5263,183,5080,USD,
S005284,2026-05-09,P010118,capture,4569,163,4406,USD,
S005286,2026-05-09,P005160,capture,2744,110,2634,USD,
S005291,2026-05-09,P005884,capture,11717,370,11347,USD,
S005293,2026-05-09,P002080,capture,1194,65,1129,USD,
S005295,2026-05-09,P000341,capture,4351,156,4195,USD,
S005301,2026-05-09,P000276,capture,4945,173,4772,USD,
S005306,2026-05-09,P011998,capture,8053,264,7789,USD,
S005307,2026-05-09,P010598,capture,11914,376,11538,USD,
S005308,2026-05-09,P008073,capture,6105,207,5898,USD,
S005310,2026-05-09,P014005,capture,2243,95,2148,USD,
S005313,2026-05-09,P000601,capture,2062,90,1972,USD,
S005314,2026-05-09,P013139,capture,4928,173,4755,USD,
S005318,2026-05-09,P019705,capture,5945,202,5743,USD,
S005320,2026-05-09,P011020,capture,749,52,697,USD,
S005332,2026-05-09,P014843,capture,1177,64,1113,USD,
S005336,2026-05-09,P013298,capture,21215,645,20570,USD,
S005341,2026-05-09,P009962,capture,9146,295,8851,USD,
S005342,2026-05-09,P003597,capture,1997,88,1909,USD,
S005350,2026-05-09,P008556,capture,4059,148,3911,USD,
S005357,2026-05-09,P009714,capture,91057,2671,88386,USD,
S005360,2026-05-09,P004421,capture,79926,2348,77578,USD,
S005361,2026-05-09,P014262,capture,17491,537,16954,USD,
S005365,2026-05-09,P013476,capture,11163,354,10809,USD,
S005367,2026-05-09,P011542,capture,5993,204,5789,USD,
S005373,2026-05-09,P010769,capture,13432,420,13012,USD,
S005378,2026-05-09,P014275,capture,2046,89,1957,USD,
S005379,2026-05-09,P007730,capture,5574,192,5382,USD,
S005380,2026-05-09,P019149,capture,3489,131,3358,USD,
S005383,2026-05-09,P018896,capture,1107,62,1045,USD,
S005384,2026-05-09,P001002,capture,3753,139,3614,USD,
S005386,2026-05-09,P007978,capture,7883,259,7624,USD,
S005389,2026-05-09,P003059,capture,1575,76,1499,USD,
S005391,2026-05-09,P008717,capture,28371,853,27518,USD,
S005392,2026-05-09,P008585,capture,3548,133,3415,USD,
S005396,2026-05-09,P011401,capture,16707,515,16192,USD,
S005398,2026-05-09,P015236,capture,2116,91,2025,USD,
S005405,2026-05-09,P014652,capture,7549,248,7301,EUR,converted at 1.0961
S005406,2026-05-09,P002764,capture,7541,249,7292,USD,
S005407,2026-05-09,P010212,capture,19120,584,18536,USD,
S005414,2026-05-09,P000307,capture,8689,282,8407,USD,
S005417,2026-05-09,P000467,capture,5067,177,4890,USD,
S005421,2026-05-09,P002089,capture,9743,313,9430,USD,
S005424,2026-05-09,P009566,capture,3669,136,3533,USD,
S005425,2026-05-09,P004385,capture,10681,340,10341,USD,
S005426,2026-05-09,P009520,capture,11273,357,10916,USD,
S005428,2026-05-09,P007864,capture,43180,1282,41898,USD,
S005429,2026-05-09,P011632,capture,4603,163,4440,USD,
S005431,2026-05-09,P015487,capture,3176,122,3054,USD,
S005433,2026-05-09,P005834,capture,3394,128,3266,USD,
S005434,2026-05-09,P016164,capture,3519,132,3387,USD,
S005441,2026-05-09,P013659,capture,31121,933,30188,USD,
S005443,2026-05-09,P003298,capture,16480,508,15972,USD,
S005445,2026-05-09,P004215,capture,3153,121,3032,USD,
S005447,2026-05-09,P011982,capture,4492,160,4332,USD,
S005452,2026-05-09,P007937,capture,5379,186,5193,USD,
S005456,2026-05-09,P016620,capture,883,56,827,USD,
S005464,2026-05-09,P013653,capture,2213,94,2119,USD,
S005465,2026-05-09,P000707,capture,1868,84,1784,USD,
S005468,2026-05-09,P002566,capture,5646,194,5452,USD,
S005469,2026-05-09,P003466,capture,7689,253,7436,USD,
S005470,2026-05-09,P011989,capture,9694,311,9383,USD,
S005471,2026-05-09,P001511,capture,5458,188,5270,USD,
S005473,2026-05-09,P003068,capture,6963,232,6731,USD,
S005483,2026-05-09,P017599,capture,5798,198,5600,USD,
S005484,2026-05-09,P004996,capture,1327,68,1259,USD,
S005486,2026-05-09,P012074,capture,2804,111,2693,USD,
S005490,2026-05-09,P002902,capture,533,45,488,USD,
S005491,2026-05-09,P009692,capture,11227,356,10871,USD,
S005492,2026-05-09,P010085,capture,2090,91,1999,USD,
S005493,2026-05-09,P012559,capture,3934,144,3790,USD,
S005495,2026-05-09,P000503,capture,2999,117,2882,USD,
S005497,2026-05-09,P010619,capture,5633,193,5440,USD,
S005499,2026-05-09,P009169,capture,12656,397,12259,USD,
S005504,2026-05-09,P001056,capture,2643,107,2536,USD,
S005507,2026-05-09,P002123,capture,9187,296,8891,USD,
S005510,2026-05-09,P001142,capture,2582,105,2477,USD,
S005521,2026-05-09,P002801,capture,15711,486,15225,USD,
S005525,2026-05-09,P006281,capture,4032,147,3885,USD,
S005526,2026-05-09,P010994,capture,1646,78,1568,USD,
S005531,2026-05-09,P019283,capture,7499,247,7252,USD,
S005532,2026-05-09,P018389,capture,3931,144,3787,USD,
S005535,2026-05-09,P003026,capture,23558,713,22845,USD,
S005536,2026-05-09,P006799,capture,3691,137,3554,USD,
S005537,2026-05-09,P004863,capture,4042,147,3895,USD,
S005547,2026-05-09,P016402,capture,1174,64,1110,USD,
S005548,2026-05-09,P002948,capture,4148,150,3998,USD,
S005550,2026-05-09,P018017,capture,19445,594,18851,USD,
S005554,2026-05-09,P014644,capture,1175,64,1111,USD,
S005555,2026-05-09,P000566,capture,1598,76,1522,USD,
S005562,2026-05-09,P001417,capture,10514,335,10179,USD,
S005566,2026-05-09,P012849,capture,6130,208,5922,USD,
S005575,2026-05-09,P002437,capture,6778,227,6551,USD,
S005577,2026-05-09,P018895,capture,21871,664,21207,USD,
S005581,2026-05-09,P006999,capture,10094,323,9771,USD,
S005589,2026-05-09,P011467,capture,6749,226,6523,USD,
S005590,2026-05-09,P007940,capture,6311,213,6098,USD,
S005599,2026-05-09,P016340,capture,16876,519,16357,USD,
S005601,2026-05-09,P002920,capture,4983,175,4808,USD,
S005602,2026-05-09,P013152,capture,2879,113,2766,USD,
S005607,2026-05-09,P015807,capture,3494,131,3363,USD,
S005609,2026-05-09,P005191,capture,7795,256,7539,USD,
S005613,2026-05-09,P001126,capture,2554,104,2450,USD,
S005625,2026-05-09,P010469,refund,-13290,0,-13290,USD,
S005626,2026-05-09,P000849,capture,868,55,813,USD,
S005627,2026-05-09,P011710,capture,10656,339,10317,USD,
S005634,2026-05-09,P003576,capture,1730,80,1650,USD,
S005644,2026-05-09,P019289,capture,5802,198,5604,USD,
S005645,2026-05-09,P007514,capture,5381,186,5195,USD,
S005649,2026-05-09,P016003,capture,18653,571,18082,USD,
S005652,2026-05-09,P016349,capture,2719,109,2610,USD,
S005653,2026-05-09,P011828,capture,642,49,593,USD,
S005657,2026-05-09,P006774,capture,19902,607,19295,USD,
S005658,2026-05-09,P000613,capture,10604,338,10266,USD,
S005659,2026-05-09,P016348,capture,10011,320,9691,USD,
S005661,2026-05-09,P006311,capture,3229,124,3105,USD,
S005666,2026-05-09,P010109,capture,7039,234,6805,USD,
S005673,2026-05-09,P006893,capture,34735,1037,33698,USD,
S005677,2026-05-09,P002473,capture,13574,424,13150,USD,
S005688,2026-05-09,P001741,capture,6664,223,6441,USD,
S005689,2026-05-09,P012798,capture,4829,170,4659,USD,
S005694,2026-05-09,P001636,capture,34834,1040,33794,USD,
S005699,2026-05-09,P014038,capture,2627,106,2521,USD,
S005700,2026-05-09,P013431,capture,6324,213,6111,USD,
S005705,2026-05-09,P003596,capture,14689,456,14233,USD,
S005709,2026-05-09,P008831,capture,11721,370,11351,USD,
S005711,2026-05-09,P013237,capture,4287,154,4133,USD,
S005715,2026-05-09,P000742,capture,3109,120,2989,USD,
S005719,2026-05-09,P016176,capture,4064,148,3916,USD,
S005720,2026-05-09,P005315,capture,15630,483,15147,USD,
S005721,2026-05-09,P011150,capture,1188,64,1124,USD,
S005722,2026-05-09,P001396,capture,6944,231,6713,USD,
S005731,2026-05-09,P004759,capture,1214,65,1149,USD,
S005733,2026-05-09,P009243,capture,4761,168,4593,USD,
S005739,2026-05-09,P005201,capture,6905,230,6675,USD,
S005740,2026-05-09,P007062,capture,8977,290,8687,USD,
S005743,2026-05-09,P001068,capture,5172,180,4992,USD,
S005744,2026-05-09,P008446,capture,9345,301,9044,USD,
S005745,2026-05-09,P014245,capture,7165,238,6927,USD,
S005749,2026-05-09,P013383,capture,10105,323,9782,USD,
S005753,2026-05-09,P012062,capture,3913,143,3770,USD,
S005755,2026-05-09,P003508,capture,20583,627,19956,USD,
S005756,2026-05-09,P013186,capture,5020,176,4844,USD,
S005757,2026-05-09,P012161,capture,10790,343,10447,USD,
S005760,2026-05-09,P009778,capture,4538,162,4376,USD,
S005770,2026-05-09,P007135,capture,10764,342,10422,USD,
S005774,2026-05-09,P009100,capture,5398,187,5211,USD,
S005781,2026-05-09,P009313,capture,3896,143,3753,USD,
S005782,2026-05-09,P006807,capture,5517,190,5327,USD,
S005784,2026-05-09,P011839,capture,4657,165,4492,USD,
S005785,2026-05-09,P003259,capture,1614,77,1537,USD,
S005789,2026-05-09,P010622,capture,5762,197,5565,USD,
S005795,2026-05-09,P017291,capture,29624,889,28735,USD,
S005797,2026-05-09,P009977,capture,7239,240,6999,USD,
S005799,2026-05-09,P003260,capture,4985,175,4810,USD,
S005804,2026-05-09,P003240,capture,21343,649,20694,USD,
S005815,2026-05-09,P001893,capture,13182,412,12770,USD,
S005818,2026-05-09,P019923,capture,1126,63,1063,USD,
S005819,2026-05-09,P001283,capture,4279,154,4125,USD,
S005824,2026-05-09,P012869,capture,2278,96,2182,USD,
S005826,2026-05-09,P013102,capture,3619,135,3484,USD,
S005828,2026-05-09,P016336,capture,9088,294,8794,USD,
S005836,2026-05-09,P012001,capture,5889,201,5688,USD,
S005840,2026-05-09,P003247,capture,6482,218,6264,USD,
S005841,2026-05-09,P012122,capture,3180,122,3058,USD,
S005842,2026-05-09,P019235,capture,8120,265,7855,USD,
S005849,2026-05-09,P007080,capture,3275,125,3150,USD,
S005851,2026-05-09,P016131,capture,8346,273,8073,EUR,converted at 1.0961
S005852,2026-05-09,P003312,capture,6577,221,6356,USD,
S005856,2026-05-09,P007543,capture,4585,163,4422,USD,
S005858,2026-05-09,P013014,capture,638,49,589,USD,
S005860,2026-05-09,P004333,capture,5283,182,5101,EUR,converted at 1.0961
S005863,2026-05-09,P004006,capture,4405,158,4247,USD,
S005864,2026-05-09,P009435,capture,2264,96,2168,USD,
S005866,2026-05-09,P000751,capture,1951,87,1864,USD,
S005868,2026-05-09,P019666,capture,2457,101,2356,USD,
S005870,2026-05-09,P009391,capture,7914,260,7654,USD,
S005879,2026-05-09,P009006,capture,30467,914,29553,USD,
S005891,2026-05-09,P001712,capture,2189,93,2096,USD,
S005894,2026-05-09,P002090,capture,10201,326,9875,USD,
S005898,2026-05-09,P013522,capture,23037,698,22339,USD,
S005903,2026-05-09,P004771,capture,1900,85,1815,USD,
S005904,2026-05-09,P008803,capture,1068,61,1007,USD,
S005910,2026-05-09,P015902,capture,9616,309,9307,USD,
S005911,2026-05-09,P000638,capture,5216,181,5035,USD,
S005912,2026-05-09,P003377,capture,759,52,707,USD,
S005915,2026-05-09,P012058,capture,12582,395,12187,USD,
S005916,2026-05-09,P008418,capture,2819,112,2707,USD,
S005917,2026-05-09,P013638,capture,15785,488,15297,USD,
S005920,2026-05-09,P007228,capture,8911,289,8622,EUR,converted at 1.0961
S005928,2026-05-09,P002874,capture,1859,84,1775,USD,
S005931,2026-05-09,P014584,capture,3578,134,3444,USD,
S005933,2026-05-09,P007764,capture,9393,302,9091,USD,
S005936,2026-05-09,P016519,capture,1142,63,1079,USD,
S005940,2026-05-09,P008955,capture,3785,140,3645,USD,
S005942,2026-05-09,P018175,capture,2780,111,2669,USD,
S005952,2026-05-09,P000554,capture,15616,484,15132,EUR,converted at 1.0961
S005954,2026-05-09,P014751,capture,10271,328,9943,USD,
S005955,2026-05-09,P005253,capture,2399,100,2299,USD,
S005956,2026-05-09,P000918,capture,4902,172,4730,USD,
S005957,2026-05-09,P001918,capture,1810,82,1728,USD,
S005958,2026-05-09,P000947,capture,2256,95,2161,USD,
S005959,2026-05-09,P008232,capture,11506,364,11142,USD,
S005960,2026-05-09,P007712,capture,1043,60,983,USD,
S005963,2026-05-09,P014620,capture,6389,215,6174,USD,
S005967,2026-05-09,P010139,capture,14923,463,14460,USD,
S005969,2026-05-09,P017568,capture,274,38,236,USD,
S005973,2026-05-09,P014700,capture,6889,230,6659,USD,
S005975,2026-05-09,P005766,capture,3358,127,3231,USD,
S005977,2026-05-09,P005235,capture,7037,234,6803,USD,
S005980,2026-05-09,P015129,capture,19137,585,18552,USD,
S005981,2026-05-09,P010975,capture,434,43,391,USD,
S005982,2026-05-09,P001378,capture,1536,75,1461,USD,
S005985,2026-05-09,P011086,capture,14257,443,13814,USD,
S005987,2026-05-09,P005344,capture,1803,82,1721,USD,
S005988,2026-05-09,P014307,capture,5095,178,4917,USD,
S005989,2026-05-09,P015473,capture,4396,157,4239,USD,
S005990,2026-05-09,P012558,capture,934,57,877,USD,
S005995,2026-05-09,P017580,capture,2448,101,2347,USD,
S005997,2026-05-09,P004170,capture,21009,639,20370,USD,
S005999,2026-05-09,P011371,capture,4403,158,4245,USD,
S006000,2026-05-09,P012027,capture,5889,201,5688,USD,
S006001,2026-05-09,P007882,capture,16766,516,16250,USD,
S006012,2026-05-09,P012085,capture,5085,177,4908,USD,
S006022,2026-05-09,P009063,capture,3070,119,2951,USD,
S006025,2026-05-09,P000826,capture,1964,87,1877,USD,
S006028,2026-05-09,P005206,capture,1381,70,1311,USD,
S006030,2026-05-09,P000333,capture,2142,92,2050,USD,
S006031,2026-05-09,P002242,capture,4874,171,4703,USD,
S006034,2026-05-09,P001209,capture,42540,1264,41276,USD,
S006035,2026-05-09,P019620,capture,1375,70,1305,USD,
S006036,2026-05-09,P006686,capture,19411,593,18818,USD,
S006040,2026-05-09,P016715,capture,9026,292,8734,USD,
S006045,2026-05-09,P016122,capture,3351,127,3224,USD,
S006052,2026-05-09,P010357,capture,11641,368,11273,USD,
S006058,2026-05-09,P019710,capture,4074,148,3926,USD,
S006060,2026-05-09,P013148,capture,7692,253,7439,USD,
S006063,2026-05-09,P002420,capture,14436,449,13987,USD,
S006067,2026-05-09,P013105,capture,1800,82,1718,USD,
S006069,2026-05-09,P000184,capture,10303,329,9974,USD,
S006071,2026-05-09,P012999,capture,1340,69,1271,USD,
S006072,2026-05-09,P015002,capture,118692,3472,115220,USD,
S006077,2026-05-09,P008116,capture,1673,79,1594,USD,
S006079,2026-05-09,P010493,capture,2236,95,2141,USD,
S006081,2026-05-09,P003501,capture,1216,65,1151,USD,
S006092,2026-05-09,P010866,capture,4610,164,4446,USD,
S006099,2026-05-09,P007931,capture,224,36,188,USD,
S006100,2026-05-09,P018165,capture,3063,119,2944,USD,
S006101,2026-05-09,P000726,capture,3239,124,3115,USD,
S006104,2026-05-09,P006647,capture,10303,329,9974,USD,
S006109,2026-05-09,P016406,capture,11447,362,11085,USD,
S006111,2026-05-09,P004534,capture,1432,72,1360,USD,
S006113,2026-05-09,P010608,capture,3736,138,3598,USD,
S006115,2026-05-09,P015710,capture,5339,185,5154,USD,
S006117,2026-05-09,P001120,capture,2724,109,2615,USD,
S006125,2026-05-09,P010492,capture,10772,342,10430,USD,
S006126,2026-05-09,P008851,capture,6399,216,6183,USD,
S006130,2026-05-09,P013786,capture,15580,482,15098,USD,
S006132,2026-05-09,P016376,capture,1709,80,1629,USD,
S006133,2026-05-09,P012006,capture,2091,91,2000,USD,
S006134,2026-05-09,P012212,capture,1194,65,1129,USD,
S006140,2026-05-09,P018986,capture,5305,184,5121,USD,
S006145,2026-05-09,P018604,capture,576,47,529,USD,
S006146,2026-05-09,P006880,capture,14139,440,13699,USD,
S006148,2026-05-09,P017552,capture,10427,332,10095,USD,
S006149,2026-05-09,P008395,capture,4014,146,3868,USD,
S006155,2026-05-09,P010154,capture,3894,143,3751,USD,
S006157,2026-05-09,P004423,capture,11122,353,10769,USD,
S006162,2026-05-09,P015578,capture,4605,164,4441,USD,
S006166,2026-05-09,P008134,capture,2360,98,2262,USD,
S006168,2026-05-09,P015852,capture,18400,564,17836,USD,
S006174,2026-05-09,P009182,capture,7403,245,7158,USD,
S006179,2026-05-09,P011881,capture,30591,917,29674,USD,
S006180,2026-05-09,P000952,capture,5524,190,5334,USD,
S006183,2026-05-09,P002482,capture,14253,443,13810,USD,
S006184,2026-05-09,P017462,capture,1444,72,1372,USD,
S006185,2026-05-09,P005754,capture,794,53,741,USD,
S006187,2026-05-09,P011631,capture,11240,356,10884,USD,
S006199,2026-05-09,P019501,capture,3503,132,3371,USD,
S006209,2026-05-09,P013650,capture,17265,531,16734,USD,
S006215,2026-05-09,P016740,capture,37548,1119,36429,USD,
S006218,2026-05-09,P012811,capture,12801,401,12400,USD,
S006219,2026-05-09,P002782,capture,37404,1115,36289,USD,
S006223,2026-05-09,P013857,capture,2716,109,2607,USD,
S006228,2026-05-09,P003822,capture,4727,167,4560,USD,
S006232,2026-05-09,P013677,capture,6799,227,6572,USD,
S006234,2026-05-09,P018788,capture,6823,228,6595,USD,
S006239,2026-05-09,P003267,capture,11076,351,10725,USD,
S006244,2026-05-09,P002425,capture,6915,231,6684,USD,
S006245,2026-05-09,P001849,capture,6241,211,6030,USD,
S006250,2026-05-09,P005833,capture,3558,133,3425,USD,
S006251,2026-05-09,P016180,capture,4293,154,4139,USD,
S006260,2026-05-09,P004719,capture,9118,294,8824,USD,
S006263,2026-05-09,P005734,capture,1792,82,1710,USD,
S006264,2026-05-09,P006643,capture,7633,251,7382,USD,
S006265,2026-05-09,P002204,capture,1241,66,1175,USD,
S006267,2026-05-09,P019847,capture,2866,113,2753,USD,
S006271,2026-05-09,P010704,capture,4243,153,4090,USD,
S006280,2026-05-09,P013960,capture,5768,197,5571,USD,
S006281,2026-05-09,P003465,capture,720,51,669,USD,
S006287,2026-05-09,P010403,capture,18934,579,18355,USD,
S006289,2026-05-09,P013652,capture,5931,202,5729,USD,
S006290,2026-05-09,P016649,capture,2304,97,2207,USD,
S006293,2026-05-09,P017879,capture,2272,96,2176,USD,
S006297,2026-05-09,P009782,capture,1524,74,1450,USD,
S006298,2026-05-09,P018533,capture,5010,176,4834,EUR,converted at 1.0961
S006302,2026-05-09,P004430,capture,4002,146,3856,USD,
S006304,2026-05-09,P016440,capture,12836,402,12434,USD,
S006306,2026-05-09,P007401,capture,7209,239,6970,USD,
S006307,2026-05-09,P002546,capture,17872,548,17324,USD,
S006308,2026-05-09,P004522,capture,12418,390,12028,USD,
S006310,2026-05-09,P001012,capture,1373,70,1303,USD,
S006312,2026-05-09,P006457,capture,8209,268,7941,USD,
S006313,2026-05-09,P015220,capture,8669,281,8388,USD,
S006318,2026-05-09,P000095,capture,3097,120,2977,USD,
S006319,2026-05-09,P001182,capture,2284,96,2188,USD,
S006322,2026-05-09,P013479,capture,1670,78,1592,USD,
S006325,2026-05-09,P003315,capture,6250,211,6039,USD,
S006326,2026-05-09,P010167,capture,4613,164,4449,USD,
S006327,2026-05-09,P005772,capture,13026,408,12618,USD,
S006329,2026-05-09,P000583,capture,10211,326,9885,USD,
S006330,2026-05-09,P001513,capture,20805,633,20172,USD,
S006333,2026-05-09,P006691,capture,1667,78,1589,USD,
S006336,2026-05-09,P013252,capture,40675,1210,39465,USD,
S006339,2026-05-09,P011060,capture,736,51,685,USD,
S006341,2026-05-09,P011354,capture,1472,73,1399,USD,
S006344,2026-05-09,P019002,capture,6235,211,6024,USD,
S006347,2026-05-09,P012131,capture,38612,1150,37462,USD,
S006348,2026-05-09,P017828,capture,6565,220,6345,USD,
S006349,2026-05-09,P012578,capture,12704,398,12306,USD,
S006351,2026-05-09,P005441,capture,3477,131,3346,USD,
S006355,2026-05-09,P000893,capture,2481,102,2379,USD,
S006358,2026-05-09,P012265,capture,761,52,709,USD,
S006359,2026-05-09,P004913,capture,9185,296,8889,USD,
S006362,2026-05-09,P008795,capture,1455,72,1383,USD,
S006366,2026-05-09,P012991,capture,5045,176,4869,USD,
S006368,2026-05-09,P001155,capture,9142,295,8847,USD,
S006370,2026-05-09,P002414,capture,4365,157,4208,USD,
S006372,2026-05-09,P011478,capture,1152,63,1089,USD,
S006373,2026-05-09,P006850,capture,28922,869,28053,USD,
S006381,2026-05-09,P005151,capture,6044,205,5839,USD,
S006383,2026-05-09,P013654,capture,725,51,674,USD,
S006384,2026-05-09,P004003,capture,5388,186,5202,USD,
S006386,2026-05-09,P011972,capture,3635,135,3500,USD,
S006390,2026-05-09,P000586,capture,745,52,693,USD,
S006393,2026-05-09,P009175,capture,3250,124,3126,USD,
S006396,2026-05-09,P009379,capture,2555,104,2451,USD,
S006398,2026-05-09,P004060,capture,12503,393,12110,USD,
S006401,2026-05-09,P003270,capture,9740,312,9428,USD,
S006406,2026-05-09,P002732,capture,4863,171,4692,USD,
S006410,2026-05-09,P006504,capture,5312,184,5128,USD,
S006411,2026-05-09,P010936,capture,12584,395,12189,USD,
S006416,2026-05-09,P001337,capture,36246,1081,35165,USD,
S006419,2026-05-09,P007831,capture,7038,234,6804,USD,
S006424,2026-05-09,P011761,capture,7294,242,7052,USD,
S006426,2026-05-09,P008932,capture,1467,73,1394,USD,
S006427,2026-05-09,P000555,capture,6003,204,5799,USD,
S006430,2026-05-09,P002943,capture,5649,194,5455,USD,
S006431,2026-05-09,P010909,capture,11401,361,11040,USD,
S006433,2026-05-09,P005562,capture,10339,330,10009,USD,
S006434,2026-05-09,P001541,capture,9578,308,9270,USD,
S006435,2026-05-09,P007231,capture,59590,1758,57832,USD,
S006436,2026-05-09,P005543,capture,24518,741,23777,USD,
S006437,2026-05-09,P013870,capture,5800,198,5602,USD,
S006441,2026-05-09,P008519,capture,2888,114,2774,USD,
S006444,2026-05-09,P017129,capture,5554,191,5363,USD,
S006445,2026-05-09,P016699,capture,3426,129,3297,USD,
S006446,2026-05-09,P006732,capture,3431,129,3302,USD,
S006448,2026-05-09,P010728,capture,24351,736,23615,USD,
S006449,2026-05-09,P011647,capture,5600,192,5408,USD,
S006451,2026-05-09,P010497,capture,8310,271,8039,USD,
S006461,2026-05-09,P015987,capture,7938,260,7678,USD,
S006466,2026-05-09,P003358,capture,4112,149,3963,USD,
S006472,2026-05-09,P007994,capture,5125,179,4946,USD,
S006474,2026-05-09,P004929,capture,8540,278,8262,USD,
S006477,2026-05-09,P019937,capture,1557,75,1482,USD,
S006481,2026-05-09,P016316,capture,3466,131,3335,USD,
S006483,2026-05-09,P015901,capture,6370,215,6155,USD,
S006484,2026-05-09,P003454,capture,5310,183,5127,EUR,converted at 1.0961
S006494,2026-05-09,P015270,capture,603,47,556,USD,
S006496,2026-05-09,P019030,capture,1184,64,1120,USD,
S006497,2026-05-09,P005223,capture,3390,128,3262,USD,
S006506,2026-05-09,P003129,capture,14162,441,13721,USD,
S006510,2026-05-09,P019721,capture,3940,144,3796,USD,
S006513,2026-05-09,P013422,capture,9304,300,9004,USD,
S006520,2026-05-09,P005504,capture,20129,614,19515,USD,
S006522,2026-05-09,P018984,capture,2165,93,2072,USD,
S006524,2026-05-09,P004492,capture,34593,1033,33560,USD,
S006527,2026-05-09,P013629,refund,-6602,0,-6602,USD,
S006530,2026-05-09,P015777,capture,16992,523,16469,USD,
S006532,2026-05-09,P004657,capture,2300,97,2203,USD,
S006533,2026-05-09,P004633,capture,27585,830,26755,USD,
S006537,2026-05-09,P014353,capture,3373,128,3245,USD,
S006538,2026-05-09,P017764,capture,1735,80,1655,USD,
S006541,2026-05-09,P013270,capture,3322,126,3196,USD,
S006549,2026-05-09,P007820,capture,5854,200,5654,USD,
S006557,2026-05-09,P013700,capture,1786,82,1704,USD,
S006560,2026-05-09,P009297,capture,8124,266,7858,USD,
S006562,2026-05-09,P016133,capture,1594,76,1518,USD,
S006563,2026-05-09,P001728,capture,2584,106,2478,EUR,converted at 1.0961
S006564,2026-05-09,P003690,capture,18519,567,17952,USD,
S006568,2026-05-09,P005169,capture,11616,367,11249,USD,
S006570,2026-05-09,P008240,capture,3618,135,3483,USD,
S006571,2026-05-09,P010831,capture,6292,212,6080,USD,
S006576,2026-05-09,P009337,capture,14430,448,13982,USD,
S006579,2026-05-09,P017398,capture,5009,175,4834,USD,
S006585,2026-05-09,P007886,capture,14031,437,13594,USD,
S006588,2026-05-09,P001094,capture,2989,117,2872,USD,
S006589,2026-05-09,P008884,capture,1978,87,1891,USD,
S006590,2026-05-09,P009668,capture,5672,194,5478,USD,
S006597,2026-05-09,P003607,capture,1776,82,1694,USD,
S006605,2026-05-09,P002122,capture,8397,274,8123,USD,
S006606,2026-05-09,P013573,capture,2061,90,1971,USD,
S006607,2026-05-09,P017715,capture,2378,99,2279,USD,
S006609,2026-05-09,P017073,capture,8971,290,8681,USD,
S006614,2026-05-09,P002144,capture,15898,491,15407,USD,
S006616,2026-05-09,P003127,capture,9313,300,9013,USD,
S006617,2026-05-09,P004095,capture,3694,137,3557,USD,
S006624,2026-05-09,P016454,capture,8401,274,8127,USD,
S006629,2026-05-09,P011007,capture,25781,778,25003,USD,
S006639,2026-05-09,P017341,capture,1251,66,1185,USD,
S006641,2026-05-09,P016905,capture,8896,288,8608,USD,
S006642,2026-05-09,P003317,capture,47481,1407,46074,USD,
S006645,2026-05-09,P011665,capture,6474,218,6256,USD,
S006648,2026-05-09,P010883,capture,4584,163,4421,USD,
S006652,2026-05-09,P011899,capture,11406,361,11045,USD,
S006658,2026-05-09,P001508,capture,815,54,761,USD,
S006659,2026-05-09,P006518,capture,2264,96,2168,USD,
S006665,2026-05-09,P005456,capture,18001,552,17449,USD,
S006672,2026-05-09,P013440,capture,5551,191,5360,USD,
S006675,2026-05-09,P001930,capture,3947,144,3803,USD,
S006676,2026-05-09,P009357,capture,920,57,863,USD,
S006678,2026-05-09,P003583,capture,16610,512,16098,USD,
S006679,2026-05-09,P002709,capture,8885,288,8597,USD,
S006685,2026-05-09,P017294,capture,2884,114,2770,USD,
S006688,2026-05-09,P003146,capture,2598,105,2493,USD,
S006693,2026-05-09,P009890,capture,4434,159,4275,USD,
S006695,2026-05-09,P002102,capture,4859,171,4688,USD,
S006696,2026-05-09,P005145,capture,8440,275,8165,USD,
S006699,2026-05-09,P005404,capture,2628,106,2522,USD,
S006701,2026-05-09,P016937,capture,10999,349,10650,USD,
S006703,2026-05-09,P008936,capture,17657,542,17115,USD,
S006704,2026-05-09,P008098,capture,20054,612,19442,USD,
S006706,2026-05-09,P005209,capture,1024,60,964,USD,
S006710,2026-05-09,P018602,capture,9974,319,9655,USD,
S006711,2026-05-09,P018808,capture,12485,392,12093,USD,
S006720,2026-05-09,P009764,capture,2133,92,2041,USD,
S006724,2026-05-09,P001602,capture,362,40,322,USD,
S006726,2026-05-09,P006453,capture,1277,67,1210,USD,
S006730,2026-05-09,P004608,capture,2949,116,2833,USD,
S006732,2026-05-09,P002067,capture,24530,741,23789,USD,
S006735,2026-05-09,P000211,capture,12912,404,12508,USD,
S006742,2026-05-09,P011041,capture,5739,196,5543,USD,
S006743,2026-05-09,P002581,capture,4807,169,4638,USD,
S006747,2026-05-09,P015409,capture,11665,368,11297,USD,
S006748,2026-05-09,P001934,capture,4420,158,4262,USD,
S006749,2026-05-09,P017860,capture,8218,268,7950,USD,
S006750,2026-05-09,P018860,capture,43931,1304,42627,USD,
S006754,2026-05-09,P003617,capture,9195,297,8898,USD,
S006756,2026-05-09,P010190,capture,2540,104,2436,USD,
S006757,2026-05-09,P000665,capture,11941,376,11565,USD,
S006758,2026-05-09,P000450,capture,2518,103,2415,USD,
S006760,2026-05-09,P016196,capture,2935,115,2820,USD,
S006763,2026-05-09,P002020,capture,3806,140,3666,USD,
S006764,2026-05-09,P001590,capture,7130,237,6893,USD,
S006765,2026-05-09,P009275,capture,1713,80,1633,USD,
S006767,2026-05-09,P009351,capture,6338,214,6124,USD,
S006770,2026-05-09,P015077,capture,3861,142,3719,USD,
S006772,2026-05-09,P019039,capture,13383,418,12965,USD,
S006784,2026-05-09,P000424,capture,2023,89,1934,USD,
S006785,2026-05-09,P007216,capture,4644,165,4479,USD,
S006791,2026-05-09,P006114,capture,2464,101,2363,USD,
S006796,2026-05-09,P007816,capture,2599,105,2494,USD,
S006797,2026-05-09,P019893,capture,12662,397,12265,USD,
S006804,2026-05-09,P002101,capture,32580,975,31605,USD,
S006806,2026-05-09,P003740,capture,8001,262,7739,USD,
S006807,2026-05-09,P007368,capture,1101,62,1039,USD,
S006809,2026-05-09,P018040,capture,5192,180,5012,EUR,converted at 1.0961
S006816,2026-05-09,P010829,capture,791,53,738,USD,
S006817,2026-05-09,P016954,capture,2519,103,2416,USD,
S006818,2026-05-09,P014031,capture,5604,193,5411,USD,
S006819,2026-05-09,P010079,capture,669,49,620,USD,
S006822,2026-05-09,P015156,capture,3637,135,3502,USD,
S006830,2026-05-09,P006231,capture,18639,571,18068,USD,
S006836,2026-05-09,P007594,capture,1903,85,1818,USD,
S006838,2026-05-09,P001821,capture,7410,245,7165,USD,
S006839,2026-05-09,P019813,capture,14199,442,13757,USD,
S006844,2026-05-09,P019661,capture,5054,177,4877,USD,
S006851,2026-05-09,P016094,capture,2575,105,2470,USD,
S006853,2026-05-09,P010610,capture,1332,69,1263,USD,
S006854,2026-05-09,P012147,capture,3012,117,2895,USD,
S006855,2026-05-09,P004186,capture,3547,133,3414,USD,
S006861,2026-05-09,P006719,capture,2996,117,2879,USD,
S006863,2026-05-09,P005625,capture,11630,367,11263,USD,
S006870,2026-05-09,P015886,capture,3228,124,3104,USD,
S006872,2026-05-09,P004777,capture,11034,350,10684,USD,
S006874,2026-05-09,P009394,capture,1654,78,1576,USD,
S006876,2026-05-09,P020000,capture,3573,134,3439,USD,
S006881,2026-05-09,P000496,capture,15185,470,14715,USD,
S006885,2026-05-09,P011560,capture,6698,224,6474,USD,
S006888,2026-05-09,P018790,capture,4199,152,4047,USD,
S006894,2026-05-09,P006214,capture,9340,301,9039,USD,
S006895,2026-05-09,P001071,capture,6174,209,5965,USD,
S006900,2026-05-09,P010957,capture,25929,782,25147,USD,
S006901,2026-05-09,P011165,capture,2145,91,2054,EUR,converted at 1.0961
S006907,2026-05-09,P008989,capture,89945,2638,87307,USD,
S006911,2026-05-09,P004955,capture,3684,137,3547,USD,
S006912,2026-05-09,P001919,capture,2892,114,2778,USD,
S006914,2026-05-09,P016660,capture,1145,63,1082,USD,
S006925,2026-05-09,P000829,capture,12543,394,12149,USD,
S006931,2026-05-09,P009052,capture,13459,420,13039,USD,
S006933,2026-05-09,P011613,capture,3096,120,2976,USD,
S006937,2026-05-09,P015147,capture,2661,107,2554,USD,
S006939,2026-05-09,P010644,capture,46811,1388,45423,USD,
S006940,2026-05-09,P014809,capture,10694,340,10354,USD,
S006942,2026-05-09,P006407,capture,8106,265,7841,USD,
S006944,2026-05-09,P008330,capture,859,55,804,USD,
S006947,2026-05-09,P012126,capture,25982,783,25199,USD,
S006948,2026-05-09,P002640,capture,13296,416,12880,USD,
S006949,2026-05-09,P015854,capture,16343,504,15839,USD,
S006958,2026-05-09,P014978,capture,10702,340,10362,USD,
S006959,2026-05-09,P012487,capture,6924,231,6693,USD,
S006963,2026-05-09,P016517,capture,3706,137,3569,USD,
S006964,2026-05-09,P015478,capture,3792,140,3652,USD,
S006976,2026-05-09,P012012,capture,6684,224,6460,USD,
S006977,2026-05-09,P019382,capture,14684,456,14228,USD,
S006978,2026-05-09,P009146,capture,8174,267,7907,USD,
S006988,2026-05-09,P001782,capture,19654,600,19054,USD,
S006990,2026-05-09,P000369,capture,2063,90,1973,USD,
S006993,2026-05-09,P012618,capture,3889,143,3746,USD,
S006995,2026-05-09,P005699,capture,2716,109,2607,USD,
S007003,2026-05-09,P014867,capture,3617,135,3482,USD,
S007005,2026-05-09,P007774,capture,9395,302,9093,USD,
S007007,2026-05-09,P006676,capture,9355,301,9054,USD,
S007008,2026-05-09,P004733,capture,3180,121,3059,EUR,converted at 1.0961
S007014,2026-05-09,P008969,capture,2612,106,2506,USD,
S007017,2026-05-09,P005817,capture,2040,89,1951,USD,
S007022,2026-05-09,P013173,capture,3863,142,3721,USD,
S007025,2026-05-09,P002166,capture,20099,613,19486,USD,
S007030,2026-05-09,P003813,capture,28697,862,27835,USD,
S007032,2026-05-09,P002112,capture,2523,103,2420,USD,
S007039,2026-05-09,P019478,capture,2147,92,2055,USD,
S007041,2026-05-09,P011002,capture,8697,282,8415,USD,
S007053,2026-05-09,P006066,capture,4148,150,3998,USD,
S007056,2026-05-09,P017961,capture,4004,146,3858,USD,
S007060,2026-05-09,P014239,capture,3000,117,2883,USD,
S007071,2026-05-09,P013840,capture,5763,197,5566,USD,
S007072,2026-05-09,P005796,capture,5142,179,4963,USD,
S007074,2026-05-09,P019401,capture,6138,208,5930,USD,
S007076,2026-05-09,P012144,capture,3095,120,2975,USD,
S007082,2026-05-09,P011958,capture,854,55,799,USD,
S007084,2026-05-09,P002687,capture,23252,704,22548,USD,
S007093,2026-05-09,P015577,capture,30778,923,29855,USD,
S007102,2026-05-09,P010503,capture,11467,363,11104,USD,
S007104,2026-05-09,P007115,capture,4162,151,4011,USD,
S007106,2026-05-09,P007433,capture,27953,841,27112,USD,
S007108,2026-05-09,P012336,capture,855,55,800,USD,
S007111,2026-05-09,P005649,capture,726,51,675,USD,
S007113,2026-05-09,P010176,capture,1265,67,1198,USD,
S007115,2026-05-09,P007147,capture,10900,346,10554,USD,
S007116,2026-05-09,P008768,capture,3254,124,3130,USD,
S007117,2026-05-09,P011379,capture,32044,959,31085,USD,
S007119,2026-05-09,P008951,capture,11637,367,11270,USD,
S007120,2026-05-09,P011949,capture,19998,610,19388,USD,
S007123,2026-05-09,P018326,capture,8233,269,7964,USD,
S007129,2026-05-09,P013136,capture,6418,216,6202,USD,
S007130,2026-05-09,P008441,capture,878,55,823,USD,
S007132,2026-05-09,P013412,capture,1458,72,1386,USD,
S007133,2026-05-09,P003997,capture,48266,1430,46836,USD,
S007134,2026-05-09,P019392,capture,10923,347,10576,USD,
S007137,2026-05-09,P009508,capture,6301,213,6088,USD,
S007143,2026-05-09,P013633,capture,20296,619,19677,USD,
S007145,2026-05-09,P015096,capture,19875,606,19269,USD,
S007147,2026-05-09,P010640,capture,4258,153,4105,USD,
S007151,2026-05-09,P000597,capture,10235,327,9908,USD,
S007153,2026-05-09,P004583,capture,6393,215,6178,USD,
S007156,2026-05-09,P012467,capture,5372,186,5186,USD,
S007157,2026-05-09,P007194,capture,876,55,821,USD,
S007159,2026-05-09,P015086,capture,8612,280,8332,USD,
S007161,2026-05-09,P011977,capture,18517,567,17950,USD,
S007164,2026-05-09,P018919,capture,9107,294,8813,USD,
S007167,2026-05-09,P017100,capture,1517,74,1443,USD,
S007168,2026-05-09,P011212,capture,10440,333,10107,USD,
S007170,2026-05-09,P006234,capture,10501,335,10166,USD,
S007177,2026-05-09,P014338,capture,10809,343,10466,USD,
S007178,2026-05-09,P015191,capture,2545,104,2441,USD,
S007181,2026-05-09,P004646,capture,3815,141,3674,USD,
S007185,2026-05-09,P000107,capture,1293,67,1226,USD,
S007191,2026-05-09,P014784,capture,17950,551,17399,USD,
S007193,2026-05-09,P005937,capture,8052,264,7788,USD,
S007195,2026-05-09,P004805,capture,3392,128,3264,USD,
S007202,2026-05-09,P016209,capture,1346,69,1277,USD,
S007207,2026-05-09,P007146,capture,5960,203,5757,USD,
S007209,2026-05-09,P007526,capture,3901,143,3758,USD,
S007210,2026-05-09,P013048,capture,21383,650,20733,USD,
S007213,2026-05-09,P016210,capture,5100,178,4922,USD,
S007215,2026-05-09,P003352,capture,8822,286,8536,USD,
S007217,2026-05-09,P005704,capture,2307,97,2210,USD,
S007221,2026-05-09,P003565,capture,4467,160,4307,USD,
S007222,2026-05-09,P010796,capture,8785,285,8500,USD,
S007223,2026-05-09,P014213,capture,2330,98,2232,USD,
S007227,2026-05-09,P007412,capture,7126,237,6889,USD,
S007229,2026-05-09,P012659,capture,4586,163,4423,USD,
S007230,2026-05-09,P004450,capture,1067,61,1006,USD,
S007235,2026-05-09,P002139,capture,9488,305,9183,USD,
S007236,2026-05-09,P004182,capture,8235,269,7966,USD,
S007242,2026-05-09,P004635,capture,29450,884,28566,USD,
S007246,2026-05-09,P006303,capture,14879,461,14418,USD,
S007247,2026-05-09,P004111,capture,6441,217,6224,USD,
S007249,2026-05-09,P011424,capture,3863,142,3721,USD,
S007251,2026-05-09,P005544,capture,655,49,606,USD,
S007252,2026-05-09,P001975,capture,5432,188,5244,USD,
S007258,2026-05-09,P001899,capture,2511,103,2408,USD,
S007259,2026-05-09,P005851,capture,2649,107,2542,USD,
S007260,2026-05-09,P016637,capture,5018,176,4842,USD,
S007264,2026-05-09,P012648,capture,2297,97,2200,USD,
S007266,2026-05-09,P019821,capture,11246,356,10890,USD,
S007268,2026-05-09,P013605,capture,6739,225,6514,USD,
S007275,2026-05-09,P005120,capture,20049,611,19438,USD,
S007278,2026-05-09,P004027,capture,7517,248,7269,USD,
S007280,2026-05-09,P008375,capture,19228,588,18640,USD,
S007281,2026-05-09,P000578,capture,22738,689,22049,USD,
S007286,2026-05-09,P012076,capture,27604,831,26773,USD,
S007287,2026-05-09,P009952,capture,4897,172,4725,USD,
S007290,2026-05-09,P007857,capture,1016,59,957,USD,
S007291,2026-05-09,P005960,capture,4641,165,4476,USD,
S007299,2026-05-09,P010264,capture,5967,203,5764,USD,
S007300,2026-05-09,P000337,capture,4208,152,4056,USD,
S007302,2026-05-09,P016246,capture,4636,164,4472,USD,
S007304,2026-05-09,P005698,capture,2884,114,2770,USD,
S007311,2026-05-09,P000506,capture,16048,495,15553,USD,
S007313,2026-05-09,P010843,capture,2755,110,2645,USD,
S007314,2026-05-09,P005745,capture,4395,157,4238,USD,
S007318,2026-05-09,P001327,capture,12724,399,12325,USD,
S007326,2026-05-09,P005887,capture,4187,151,4036,USD,
S007329,2026-05-09,P015439,capture,2648,107,2541,USD,
S007331,2026-05-09,P003057,capture,118748,3474,115274,USD,
S007333,2026-05-09,P019257,capture,2737,109,2628,USD,
S007335,2026-05-09,P012476,capture,18983,581,18402,USD,
S007337,2026-05-09,P008976,capture,4905,172,4733,USD,
S007338,2026-05-09,P002596,capture,12406,390,12016,USD,
S007344,2026-05-09,P002583,capture,7014,233,6781,USD,
S007345,2026-05-09,P019373,capture,3406,129,3277,USD,
S007347,2026-05-09,P015646,capture,9850,316,9534,USD,
S007348,2026-05-09,P017723,capture,2744,110,2634,USD,
S007349,2026-05-09,P012560,capture,5579,192,5387,USD,
S007350,2026-05-09,P012281,capture,1872,84,1788,USD,
S007351,2026-05-09,P007975,capture,1167,64,1103,USD,
S007352,2026-05-09,P006629,capture,2216,94,2122,USD,
S007353,2026-05-09,P016323,capture,14358,446,13912,USD,
S007354,2026-05-09,P013366,refund,-2369,0,-2369,USD,
S007361,2026-05-09,P017807,capture,5346,185,5161,USD,
S007362,2026-05-09,P014828,capture,4582,163,4419,USD,
S007363,2026-05-09,P004982,capture,3369,128,3241,USD,
S007366,2026-05-09,P009674,capture,5487,189,5298,USD,
S007368,2026-05-09,P011490,capture,4243,153,4090,USD,
S007369,2026-05-09,P003489,capture,3433,130,3303,USD,
S007371,2026-05-09,P002397,capture,2989,117,2872,USD,
S007373,2026-05-09,P006709,capture,19824,605,19219,USD,
S007374,2026-05-09,P001282,capture,6965,232,6733,USD,
S007375,2026-05-09,P001102,capture,5750,197,5553,USD,
S007377,2026-05-09,P017067,refund,-4834,0,-4834,USD,
S007381,2026-05-09,P008832,capture,4778,169,4609,USD,
S007383,2026-05-09,P005433,capture,1750,81,1669,USD,
S007384,2026-05-09,P001507,capture,3636,135,3501,USD,
S007385,2026-05-09,P015586,capture,4982,174,4808,USD,
S007386,2026-05-09,P018244,capture,6350,214,6136,USD,
S007389,2026-05-09,P019044,capture,6358,214,6144,USD,
S007390,2026-05-09,P013515,capture,4940,173,4767,USD,
S007392,2026-05-09,P001630,capture,6536,220,6316,USD,
S007393,2026-05-09,P014029,capture,22233,675,21558,USD,
S007394,2026-05-09,P002708,capture,12823,402,12421,USD,
S007400,2026-05-09,P010959,capture,5403,187,5216,USD,
S007403,2026-05-09,P005868,capture,2905,114,2791,USD,
S007404,2026-05-09,P018992,capture,4675,166,4509,USD,
S007405,2026-05-09,P013527,capture,39814,1185,38629,USD,
S007407,2026-05-09,P009595,capture,11766,371,11395,USD,
S007408,2026-05-09,P012647,capture,1782,82,1700,USD,
S007409,2026-05-09,P004278,capture,1813,83,1730,USD,
S007410,2026-05-09,P004557,capture,6404,216,6188,USD,
S007412,2026-05-09,P003287,capture,8065,264,7801,USD,
S007413,2026-05-09,P010920,capture,8599,279,8320,USD,
S007416,2026-05-09,P012890,capture,24506,741,23765,USD,
S007417,2026-05-09,P008321,capture,770,52,718,USD,
S007418,2026-05-09,P001895,capture,15018,466,14552,USD,
S007419,2026-05-09,P012975,capture,5679,195,5484,USD,
S007420,2026-05-09,P009793,capture,3416,129,3287,USD,
S007421,2026-05-09,P004471,capture,2307,98,2209,EUR,converted at 1.0961
S007422,2026-05-09,P010095,capture,9112,294,8818,USD,
S007423,2026-05-09,P009365,capture,2734,109,2625,USD,
S007424,2026-05-09,P012976,capture,1595,76,1519,USD,
S007425,2026-05-09,P000109,capture,2013,88,1925,USD,
S007427,2026-05-09,P016877,capture,3609,135,3474,USD,
S007428,2026-05-09,P016279,capture,10291,328,9963,USD,
S007430,2026-05-09,P012193,capture,13827,431,13396,USD,
S007431,2026-05-09,P008887,capture,2206,94,2112,USD,
S007432,2026-05-09,P011439,capture,10802,343,10459,USD,
S007433,2026-05-09,P018807,capture,8968,290,8678,USD,
S007436,2026-05-09,P002411,capture,3483,131,3352,USD,
S007437,2026-05-09,P007737,capture,8364,273,8091,USD,
S007438,2026-05-09,P009941,capture,8293,270,8023,USD,
S007442,2026-05-09,P000812,capture,11680,369,11311,USD,
S007443,2026-05-09,P015279,capture,5524,190,5334,USD,
S007446,2026-05-09,P018071,capture,7628,251,7377,USD,
S007447,2026-05-09,P013145,capture,6437,217,6220,USD,
S007448,2026-05-09,P006060,capture,2001,88,1913,USD,
S007452,2026-05-09,P017488,capture,9572,308,9264,USD,
S007453,2026-05-09,P013352,capture,9140,295,8845,USD,
S007454,2026-05-09,P011270,capture,511,45,466,USD,
S007455,2026-05-09,P006840,capture,444,43,401,USD,
S007456,2026-05-09,P019538,capture,4977,174,4803,USD,
S007457,2026-05-09,P006509,capture,4224,152,4072,USD,
S007458,2026-05-09,P004870,capture,17968,551,17417,USD,
S007460,2026-05-09,P015219,capture,7385,244,7141,USD,
S007461,2026-05-09,P003682,capture,6883,230,6653,USD,
S007462,2026-05-09,P004259,capture,3912,143,3769,USD,
S007463,2026-05-09,P013203,capture,84059,2468,81591,USD,
S007464,2026-05-09,P005679,capture,17035,524,16511,USD,
S007465,2026-05-09,P000720,capture,6274,212,6062,USD,
S007466,2026-05-09,P000314,capture,2608,106,2502,USD,
S007467,2026-05-09,P002158,capture,24702,746,23956,USD,
S007468,2026-05-09,P011584,capture,11056,351,10705,USD,
S007469,2026-05-09,P014154,capture,4209,152,4057,USD,
S007470,2026-05-09,P000225,capture,5061,177,4884,USD,
S007472,2026-05-09,P017891,capture,4260,154,4106,USD,
S007474,2026-05-09,P003495,capture,3404,129,3275,USD,
S007475,2026-05-09,P001570,capture,6142,208,5934,USD,
S007476,2026-05-09,P009750,capture,3125,121,3004,USD,
S007478,2026-05-09,P005614,capture,2025,89,1936,USD,
S007479,2026-05-09,P012756,capture,2482,102,2380,USD,
S007481,2026-05-09,P011420,capture,5477,189,5288,USD,
S007483,2026-05-09,P009832,capture,5651,194,5457,USD,
S007485,2026-05-09,P008443,capture,11928,376,11552,USD,
S007487,2026-05-09,P000514,capture,6313,213,6100,USD,
S007488,2026-05-09,P005215,capture,4689,166,4523,USD,
S007489,2026-05-09,P002697,capture,83210,2443,80767,USD,
S007492,2026-05-09,P010997,capture,14014,436,13578,USD,
S007495,2026-05-09,P003859,capture,8489,276,8213,USD,
S007496,2026-05-09,P019041,capture,5017,175,4842,USD,
S007497,2026-05-09,P018434,capture,3776,140,3636,USD,
S007498,2026-05-09,P007873,capture,45649,1354,44295,USD,
S007499,2026-05-09,P007038,capture,14017,436,13581,USD,
S007502,2026-05-09,P006340,capture,5000,175,4825,USD,
S007503,2026-05-09,P016514,capture,3478,131,3347,USD,
S007504,2026-05-09,P013149,capture,8449,275,8174,USD,
S007505,2026-05-09,P017258,capture,1594,76,1518,USD,
S007507,2026-05-09,P008627,capture,38874,1157,37717,USD,
S007510,2026-05-09,P006529,capture,7338,243,7095,USD,
S007512,2026-05-09,P001411,capture,807,53,754,USD,
S007514,2026-05-09,P003803,capture,6052,206,5846,USD,
S007518,2026-05-09,P000923,capture,7167,238,6929,USD,
S007519,2026-05-09,P019988,capture,16225,501,15724,USD,
S007520,2026-05-09,P009270,capture,3385,128,3257,USD,
S007521,2026-05-09,P007838,capture,1023,60,963,USD,
S007522,2026-05-09,P013247,capture,3311,126,3185,USD,
S007523,2026-05-09,P011538,capture,12212,384,11828,USD,
S007524,2026-05-09,P001694,capture,1931,86,1845,USD,
S007528,2026-05-09,P012666,capture,6499,218,6281,USD,
S007529,2026-05-09,P013498,capture,1964,87,1877,USD,
S007531,2026-05-09,P000746,capture,9327,300,9027,USD,
S007533,2026-05-09,P016640,capture,4271,154,4117,USD,
S007534,2026-05-09,P000453,capture,3168,122,3046,USD,
S007535,2026-05-09,P012961,capture,7824,256,7568,EUR,converted at 1.0961
S007538,2026-05-09,P009397,capture,3505,132,3373,USD,
S007539,2026-05-09,P005744,capture,8952,290,8662,USD,
S007540,2026-05-09,P010488,capture,7455,246,7209,USD,
S007543,2026-05-09,P015947,capture,15332,475,14857,USD,
S007544,2026-05-09,P001681,capture,2296,98,2198,EUR,converted at 1.0961
S007545,2026-05-09,P019309,capture,7168,237,6931,EUR,converted at 1.0961
S007548,2026-05-09,P014033,capture,3296,126,3170,USD,
S007549,2026-05-09,P014040,capture,3705,137,3568,USD,
S007550,2026-05-09,P010373,capture,26179,789,25390,USD,
S007557,2026-05-09,P018854,capture,2805,111,2694,USD,
S007559,2026-05-09,P001913,capture,10781,343,10438,USD,
S007560,2026-05-09,P000193,capture,19704,601,19103,USD,
S007561,2026-05-09,P001858,capture,17414,535,16879,USD,
S007562,2026-05-09,P004249,capture,7621,251,7370,USD,
S007563,2026-05-09,P008957,capture,6979,232,6747,USD,
S007564,2026-05-09,P005808,capture,17548,539,17009,USD,
S007565,2026-05-09,P014124,capture,1853,84,1769,USD,
S007566,2026-05-09,P010844,capture,8647,281,8366,USD,
S007567,2026-05-09,P002287,capture,5592,192,5400,USD,
S007569,2026-05-09,P019877,capture,1736,80,1656,USD,
S007571,2026-05-09,P000411,capture,2394,99,2295,USD,
S007572,2026-05-09,P007901,capture,1872,84,1788,USD,
S007578,2026-05-09,P006079,capture,7950,261,7689,USD,
S007580,2026-05-09,P008765,capture,7791,256,7535,USD,
S007581,2026-05-09,P014373,capture,17014,523,16491,USD,
S007582,2026-05-09,P016100,capture,11929,376,11553,USD,
S007584,2026-05-09,P001338,capture,5956,203,5753,USD,
S007585,2026-05-09,P018871,capture,14758,458,14300,USD,
S007586,2026-05-09,P006219,capture,3472,131,3341,USD,
S007587,2026-05-09,P009176,capture,7909,259,7650,USD,
S007589,2026-05-09,P017603,capture,2926,115,2811,USD,
S007591,2026-05-09,P005950,capture,9154,295,8859,USD,
S007594,2026-05-09,P007592,capture,12820,402,12418,USD,
S007598,2026-05-09,P010342,capture,2663,107,2556,USD,
S007599,2026-05-09,P016112,capture,3916,144,3772,USD,
S007600,2026-05-09,P016020,capture,3730,138,3592,USD,
S007602,2026-05-09,P006853,capture,5992,204,5788,USD,
S007603,2026-05-09,P011715,capture,7795,256,7539,USD,
S007605,2026-05-09,P019244,capture,5787,198,5589,USD,
S007607,2026-05-09,P018076,capture,2508,103,2405,USD,
S007609,2026-05-09,P015551,capture,12055,380,11675,USD,
S007611,2026-05-09,P002190,capture,6157,209,5948,USD,
S007612,2026-05-09,P009928,capture,48822,1446,47376,USD,
S007616,2026-05-09,P009615,capture,7273,241,7032,USD,
S007619,2026-05-09,P018498,capture,1897,85,1812,USD,
S007621,2026-05-09,P005877,capture,1277,67,1210,USD,
S007622,2026-05-09,P011862,capture,9179,296,8883,USD,
S007623,2026-05-09,P011196,capture,5787,198,5589,USD,
S007624,2026-05-09,P018395,capture,3752,139,3613,USD,
S007626,2026-05-09,P019404,capture,2888,114,2774,USD,
S007627,2026-05-09,P002611,capture,4025,147,3878,USD,
S007628,2026-05-09,P011969,capture,18960,580,18380,USD,
S007630,2026-05-09,P015775,capture,4060,148,3912,USD,
S007631,2026-05-09,P015103,capture,7585,250,7335,USD,
S007632,2026-05-09,P002320,capture,4421,158,4263,USD,
S007634,2026-05-09,P001031,capture,5738,196,5542,USD,
S007635,2026-05-09,P004679,capture,21715,660,21055,USD,
S007636,2026-05-09,P003414,capture,8868,287,8581,USD,
S007637,2026-05-09,P009233,capture,2629,106,2523,USD,
S007639,2026-05-09,P001380,capture,1851,84,1767,USD,
S007641,2026-05-09,P017917,capture,18522,567,17955,USD,
S007642,2026-05-09,P017402,capture,1106,62,1044,USD,
S007644,2026-05-09,P014490,capture,14312,445,13867,USD,
S007646,2026-05-09,P001967,capture,6171,209,5962,USD,
S007647,2026-05-09,P014426,capture,51318,1518,49800,USD,
S007649,2026-05-09,P009229,capture,18604,570,18034,USD,
S007650,2026-05-09,P008408,capture,9994,320,9674,USD,
S007651,2026-05-09,P005416,capture,6636,222,6414,USD,
S007652,2026-05-09,P011617,capture,8313,271,8042,USD,
S007653,2026-05-09,P007988,capture,7190,239,6951,USD,
S007655,2026-05-09,P002942,capture,14665,455,14210,USD,
S007656,2026-05-09,P013799,capture,6387,215,6172,USD,
S007657,2026-05-09,P012920,capture,3199,123,3076,USD,
S007658,2026-05-09,P002571,capture,6448,217,6231,USD,
S007660,2026-05-09,P018687,capture,671,49,622,USD,
S007664,2026-05-09,P001822,capture,1246,66,1180,USD,
S007668,2026-05-09,P013447,capture,16922,521,16401,USD,
S007669,2026-05-09,P010971,capture,3309,126,3183,USD,
S007671,2026-05-09,P013035,capture,2962,116,2846,USD,
S007672,2026-05-09,P014562,capture,3971,145,3826,USD,
S007673,2026-05-09,P015945,capture,2912,114,2798,USD,
S007675,2026-05-09,P000267,capture,3524,132,3392,USD,
S007677,2026-05-09,P008115,capture,12631,396,12235,USD,
S007680,2026-05-09,P010027,capture,9627,309,9318,USD,
S007682,2026-05-09,P015420,capture,3997,146,3851,USD,
S007685,2026-05-09,P017779,capture,5901,201,5700,USD,
S007686,2026-05-09,P015956,capture,1796,82,1714,USD,
S007687,2026-05-09,P004312,refund,-2984,0,-2984,USD,
S007688,2026-05-09,P008354,capture,10540,336,10204,USD,
S007692,2026-05-09,P017181,capture,7574,250,7324,USD,
S007694,2026-05-09,P018075,capture,4317,155,4162,USD,
S007696,2026-05-09,P016513,capture,3619,135,3484,USD,
S007699,2026-05-09,P013554,capture,9882,317,9565,USD,
S007700,2026-05-09,P004052,capture,4197,152,4045,USD,
S007701,2026-05-09,P008345,capture,539,46,493,USD,
S007706,2026-05-09,P014147,capture,2376,99,2277,USD,
S007707,2026-05-09,P013098,capture,4790,169,4621,USD,
S007708,2026-05-09,P011946,capture,3697,137,3560,USD,
S007712,2026-05-09,P012715,capture,4845,171,4674,USD,
S007714,2026-05-09,P018530,capture,12372,389,11983,USD,
S007715,2026-05-09,P001771,capture,2081,90,1991,USD,
S007716,2026-05-09,P019933,capture,2374,99,2275,USD,
S007718,2026-05-09,P011567,capture,20936,637,20299,USD,
S007719,2026-05-09,P005597,capture,22117,671,21446,USD,
S007722,2026-05-09,P016167,capture,1129,63,1066,USD,
S007723,2026-05-09,P004195,capture,688,50,638,USD,
S007724,2026-05-09,P008347,capture,3832,141,3691,USD,
S007725,2026-05-09,P017311,capture,10214,326,9888,USD,
S007726,2026-05-09,P013096,capture,3777,140,3637,USD,
S007727,2026-05-09,P006913,capture,3830,141,3689,USD,
S007728,2026-05-09,P012898,capture,4452,159,4293,USD,
S007730,2026-05-09,P011279,capture,6883,230,6653,USD,
S007731,2026-05-09,P010594,capture,15950,493,15457,USD,
S007732,2026-05-09,P007700,capture,8673,282,8391,USD,
S007734,2026-05-09,P006348,capture,5417,187,5230,USD,
S007735,2026-05-09,P002913,capture,1235,66,1169,USD,
S007736,2026-05-09,P010481,capture,2301,97,2204,USD,
S007739,2026-05-09,P013057,capture,7656,252,7404,USD,
S007740,2026-05-09,P000837,capture,18168,557,17611,USD,
S007741,2026-05-09,P003686,capture,19939,608,19331,USD,
S007742,2026-05-09,P006960,capture,2513,103,2410,USD,
S007743,2026-05-09,P016630,capture,2870,113,2757,USD,
S007746,2026-05-09,P016358,capture,7129,237,6892,USD,
S007749,2026-05-09,P005282,capture,3570,134,3436,USD,
S007750,2026-05-09,P010939,capture,3477,131,3346,USD,
S007753,2026-05-09,P010197,capture,10147,324,9823,USD,
S007754,2026-05-09,P010336,capture,11276,357,10919,USD,
S007756,2026-05-09,P006495,capture,2086,90,1996,USD,
S007757,2026-05-09,P018958,capture,14719,457,14262,USD,
S007758,2026-05-09,P004567,capture,8181,267,7914,USD,
S007759,2026-05-09,P019584,capture,3986,146,3840,USD,
S007761,2026-05-09,P006103,capture,6951,232,6719,USD,
S007762,2026-05-09,P004610,capture,1384,70,1314,USD,
S007763,2026-05-09,P017654,capture,5211,181,5030,USD,
S007764,2026-05-09,P016947,capture,4165,151,4014,USD,
S007766,2026-05-09,P019033,capture,18391,563,17828,USD,
S007768,2026-05-09,P015126,capture,2379,99,2280,USD,
S007769,2026-05-09,P012452,capture,3201,123,3078,USD,
S007771,2026-05-09,P005821,capture,12590,395,12195,USD,
S007772,2026-05-09,P010967,capture,2165,93,2072,USD,
S007774,2026-05-09,P000122,capture,9120,294,8826,USD,
S007776,2026-05-09,P012838,capture,702,50,652,USD,
S007777,2026-05-09,P017598,capture,3808,140,3668,USD,
S007778,2026-05-09,P002461,capture,8900,288,8612,USD,
S007779,2026-05-09,P005095,capture,6101,207,5894,USD,
S007783,2026-05-09,P014410,capture,5325,184,5141,USD,
S007786,2026-05-09,P001690,capture,5146,179,4967,USD,
S007787,2026-05-09,P015964,capture,13117,410,12707,USD,
S007788,2026-05-09,P013429,capture,9864,316,9548,USD,
S007790,2026-05-09,P019082,capture,5716,196,5520,USD,
S007791,2026-05-09,P006735,capture,3227,124,3103,USD,
S007792,2026-05-09,P008399,capture,3468,131,3337,USD,
S007793,2026-05-09,P008568,capture,8048,263,7785,USD,
S007795,2026-05-09,P018242,capture,3745,139,3606,USD,
S007796,2026-05-09,P000198,capture,1417,71,1346,USD,
S007797,2026-05-09,P015091,capture,1721,80,1641,USD,
S007800,2026-05-09,P000534,capture,13979,435,13544,USD,
S007801,2026-05-09,P010083,capture,8105,265,7840,USD,
S007802,2026-05-09,P003771,capture,4188,151,4037,USD,
S007804,2026-05-09,P011118,capture,2789,111,2678,USD,
S007805,2026-05-09,P006169,capture,4284,154,4130,USD,
S007808,2026-05-09,P016445,capture,8830,286,8544,USD,
S007810,2026-05-09,P005738,capture,10480,334,10146,USD,
S007811,2026-05-09,P006458,capture,15837,489,15348,USD,
S007812,2026-05-09,P002121,capture,10436,333,10103,USD,
S007815,2026-05-09,P006638,capture,18646,571,18075,USD,
S007816,2026-05-09,P010258,capture,3271,125,3146,USD,
S007817,2026-05-09,P009785,capture,6931,231,6700,USD,
S007818,2026-05-09,P001236,capture,9160,296,8864,USD,
S007819,2026-05-09,P002625,capture,8255,269,7986,USD,
S007821,2026-05-09,P004748,capture,3149,121,3028,USD,
S007822,2026-05-09,P003699,capture,665,49,616,USD,
S007823,2026-05-09,P019690,capture,4253,153,4100,USD,
S007824,2026-05-09,P008488,capture,2156,93,2063,USD,
S007825,2026-05-09,P005848,capture,2876,113,2763,USD,
S007827,2026-05-09,P013574,capture,25915,782,25133,USD,
S007830,2026-05-09,P009859,capture,3818,141,3677,USD,
S007831,2026-05-09,P005430,capture,5636,193,5443,USD,
S007833,2026-05-09,P000068,capture,5347,185,5162,USD,
S007835,2026-05-09,P009980,capture,15095,468,14627,USD,
S007836,2026-05-09,P011569,capture,20651,629,20022,USD,
S007837,2026-05-09,P002706,capture,1591,76,1515,USD,
S007838,2026-05-09,P015820,capture,7052,235,6817,USD,
S007839,2026-05-09,P006894,capture,62507,1843,60664,USD,
S007842,2026-05-09,P004787,capture,4861,171,4690,USD,
S007846,2026-05-09,P006763,capture,1294,68,1226,USD,
S007847,2026-05-09,P009909,capture,1124,63,1061,USD,
S007849,2026-05-09,P000066,capture,1462,72,1390,USD,
S007850,2026-05-09,P008659,capture,7611,251,7360,USD,
S007851,2026-05-09,P017545,capture,23564,713,22851,USD,
S007854,2026-05-09,P013000,capture,3452,130,3322,USD,
S007855,2026-05-09,P004617,capture,5375,186,5189,USD,
S007856,2026-05-09,P004019,capture,8314,271,8043,USD,
S007857,2026-05-09,P011629,capture,30878,925,29953,USD,
S007858,2026-05-09,P016732,capture,2221,94,2127,USD,
S007859,2026-05-09,P018412,capture,5932,202,5730,USD,
S007861,2026-05-09,P004160,capture,9477,305,9172,USD,
S007862,2026-05-09,P004079,capture,11817,373,11444,USD,
S007863,2026-05-09,P016622,capture,1004,59,945,USD,
S007864,2026-05-09,P005891,capture,2673,108,2565,USD,
S007865,2026-05-09,P006315,capture,17646,542,17104,USD,
S007866,2026-05-09,P003782,capture,8368,273,8095,USD,
S007868,2026-05-09,P003598,capture,12141,383,11758,EUR,converted at 1.0961
S007870,2026-05-09,P011625,capture,7013,233,6780,USD,
S007872,2026-05-09,P019339,capture,14006,436,13570,USD,
S007873,2026-05-09,P007391,capture,1004,59,945,USD,
S007874,2026-05-09,P012635,capture,13006,407,12599,USD,
S007875,2026-05-09,P014435,capture,11818,373,11445,USD,
S007876,2026-05-09,P016893,capture,3697,137,3560,USD,
S007877,2026-05-09,P018942,capture,4052,148,3904,USD,
S007878,2026-05-09,P006639,capture,9498,305,9193,USD,
S007879,2026-05-09,P006992,capture,2078,90,1988,USD,
S007881,2026-05-09,P000987,capture,8807,285,8522,USD,
S007884,2026-05-09,P014674,capture,7685,253,7432,USD,
S007886,2026-05-09,P016560,capture,10540,336,10204,USD,
S007887,2026-05-09,P008383,capture,1094,62,1032,USD,
S007888,2026-05-09,P003506,capture,1725,80,1645,USD,
S007889,2026-05-09,P004285,capture,28617,860,27757,USD,
S007890,2026-05-09,P016187,capture,9796,314,9482,USD,
S007893,2026-05-09,P008554,capture,3849,142,3707,USD,
S007895,2026-05-09,P019882,capture,4376,157,4219,USD,
S007896,2026-05-09,P005172,capture,5346,185,5161,USD,
S007897,2026-05-09,P011810,capture,6807,227,6580,USD,
S007898,2026-05-09,P013890,capture,15623,483,15140,USD,
S007901,2026-05-09,P008392,capture,14576,453,14123,USD,
S007904,2026-05-09,P005783,capture,3057,119,2938,USD,
S007906,2026-05-09,P017661,capture,3995,146,3849,USD,
S007908,2026-05-09,P016684,capture,661,49,612,USD,
S007909,2026-05-09,P008597,capture,6808,227,6581,USD,
S007910,2026-05-09,P015695,capture,1511,74,1437,USD,
S007912,2026-05-09,P011440,capture,13693,427,13266,USD,
S007913,2026-05-09,P011947,capture,22102,671,21431,USD,
S007915,2026-05-09,P016614,capture,4983,175,4808,USD,
S007916,2026-05-09,P011832,capture,2527,103,2424,USD,
S007920,2026-05-09,P005554,capture,20910,636,20274,USD,
S007923,2026-05-09,P017690,capture,9400,303,9097,USD,
S007925,2026-05-09,P002645,capture,6205,210,5995,USD,
S007926,2026-05-09,P017994,capture,14568,452,14116,USD,
S007927,2026-05-09,P012914,capture,5106,178,4928,USD,
S007928,2026-05-09,P011690,capture,9083,293,8790,USD,
S007929,2026-05-09,P016350,capture,5605,193,5412,USD,
S007930,2026-05-09,P018693,capture,4482,160,4322,USD,
S007931,2026-05-09,P011874,capture,4532,161,4371,USD,
S007932,2026-05-09,P016070,capture,5343,185,5158,USD,
S007933,2026-05-09,P007496,capture,5346,185,5161,USD,
S007934,2026-05-09,P019407,capture,11526,364,11162,USD,
S007935,2026-05-09,P014085,capture,16702,514,16188,USD,
S007936,2026-05-09,P018491,capture,5384,186,5198,USD,
S007937,2026-05-09,P004332,capture,3535,133,3402,USD,
S007940,2026-05-09,P000177,capture,703,50,653,USD,
S007941,2026-05-09,P018456,capture,3711,138,3573,USD,
S007944,2026-05-09,P003324,capture,3806,140,3666,USD,
S007945,2026-05-09,P015203,capture,2249,95,2154,USD,
S007948,2026-05-09,P018499,capture,1993,88,1905,USD,
S007949,2026-05-09,P019492,capture,4099,149,3950,USD,
S007950,2026-05-09,P017655,capture,21131,643,20488,USD,
S007951,2026-05-09,P016756,capture,7167,238,6929,USD,
S007954,2026-05-09,P018838,capture,943,57,886,USD,
S007955,2026-05-09,P007054,capture,5004,175,4829,USD,
S007956,2026-05-09,P014559,capture,2228,95,2133,USD,
S007957,2026-05-09,P013334,capture,1380,70,1310,USD,
S007958,2026-05-09,P010047,capture,4121,150,3971,USD,
S007963,2026-05-09,P004002,capture,5353,185,5168,USD,
S007964,2026-05-09,P010414,capture,5683,195,5488,USD,
S007967,2026-05-09,P008944,capture,10599,337,10262,USD,
S007968,2026-05-09,P011312,capture,4998,175,4823,USD,
S007971,2026-05-09,P000906,capture,5994,204,5790,USD,
S007972,2026-05-09,P016823,capture,3342,127,3215,USD,
S007975,2026-05-09,P000517,capture,3067,119,2948,USD,
S007976,2026-05-09,P006298,capture,17887,549,17338,USD,
S007977,2026-05-09,P000790,capture,26479,798,25681,USD,
S007978,2026-05-09,P019362,capture,10880,346,10534,USD,
S007979,2026-05-09,P004629,capture,2837,112,2725,USD,
S007981,2026-05-09,P003479,capture,19168,586,18582,USD,
S007982,2026-05-09,P011173,capture,2712,109,2603,USD,
S007983,2026-05-09,P006189,capture,7611,251,7360,USD,
S007984,2026-05-09,P010706,capture,10861,345,10516,USD,
S007985,2026-05-09,P001082,capture,3151,121,3030,USD,
S007987,2026-05-09,P011071,capture,3545,133,3412,USD,
S007988,2026-05-09,P014146,capture,1890,85,1805,USD,
S007989,2026-05-09,P016789,capture,9921,318,9603,USD,
S007990,2026-05-09,P001134,capture,2703,107,2596,EUR,converted at 1.0961
S007991,2026-05-09,P017118,capture,6224,210,6014,USD,
S007992,2026-05-09,P016091,capture,5463,188,5275,USD,
S007994,2026-05-09,P012342,capture,9645,310,9335,USD,
S007995,2026-05-09,P007086,capture,11561,353,11208,USD,
S007996,2026-05-09,P018928,capture,795,53,742,USD,
S007997,2026-05-09,P005803,capture,1652,78,1574,USD,
S007998,2026-05-09,P016141,capture,5642,194,5448,USD,
S007999,2026-05-09,P001509,capture,38092,1135,36957,USD,
S008003,2026-05-09,P005831,capture,1331,69,1262,USD,
S008005,2026-05-09,P006596,capture,1313,68,1245,USD,
S008006,2026-05-09,P000026,capture,11321,358,10963,USD,
S008009,2026-05-09,P005057,capture,2273,96,2177,USD,
S008010,2026-05-09,P019514,capture,5282,183,5099,USD,
S008013,2026-05-09,P000074,capture,2456,101,2355,USD,
S008014,2026-05-09,P017992,capture,7462,246,7216,USD,
S008016,2026-05-09,P019300,capture,14557,452,14105,USD,
S008017,2026-05-09,P009021,capture,3379,128,3251,USD,
S008020,2026-05-09,P002275,capture,5796,198,5598,USD,
S008021,2026-05-09,P002875,capture,2305,97,2208,USD,
S008022,2026-05-09,P005448,capture,7592,250,7342,USD,
S008024,2026-05-09,P002598,capture,372,41,331,USD,
S008025,2026-05-09,P005812,capture,19080,583,18497,USD,
S008026,2026-05-09,P013980,capture,2242,95,2147,USD,
S008027,2026-05-09,P003625,capture,2845,113,2732,USD,
S008029,2026-05-09,P005074,capture,14737,457,14280,USD,
S008030,2026-05-09,P014179,capture,1460,72,1388,USD,
S008031,2026-05-09,P002986,capture,1871,84,1787,USD,
S008032,2026-05-09,P006576,capture,25351,765,24586,USD,
S008033,2026-05-09,P019490,capture,22478,682,21796,USD,
S008034,2026-05-09,P004528,capture,1120,62,1058,USD,
S008036,2026-05-09,P012188,capture,4270,154,4116,USD,
S008039,2026-05-09,P004939,capture,3561,133,3428,USD,
S008042,2026-05-09,P004718,capture,3849,142,3707,USD,
S008044,2026-05-09,P016859,capture,22770,690,22080,USD,
S008046,2026-05-09,P014973,capture,9800,314,9486,USD,
S008047,2026-05-09,P010764,capture,1937,86,1851,USD,
S008048,2026-05-09,P016472,capture,8425,274,8151,USD,
S008050,2026-05-09,P003339,capture,2714,109,2605,USD,
S008051,2026-05-09,P008873,capture,2042,89,1953,USD,
S008053,2026-05-09,P019740,capture,16745,516,16229,USD,
S008056,2026-05-09,P013672,capture,1923,86,1837,USD,
S008059,2026-05-09,P018825,capture,3011,117,2894,USD,
S008060,2026-05-09,P009111,capture,7314,242,7072,USD,
S008061,2026-05-09,P006437,capture,2174,93,2081,USD,
S008062,2026-05-09,P008114,capture,2553,104,2449,USD,
S008063,2026-05-09,P011892,capture,11846,374,11472,USD,
S008064,2026-05-09,P009231,capture,1788,82,1706,USD,
S008065,2026-05-09,P003148,capture,3047,118,2929,USD,
S008066,2026-05-09,P000681,capture,4866,171,4695,USD,
S008067,2026-05-09,P004812,capture,3642,136,3506,USD,
S008068,2026-05-09,P006839,capture,24334,736,23598,USD,
S008069,2026-05-09,P016057,capture,8055,264,7791,USD,
S008070,2026-05-09,P002155,capture,1271,67,1204,USD,
S008071,2026-05-09,P014690,capture,2820,112,2708,USD,
S008073,2026-05-09,P017600,capture,2661,107,2554,USD,
S008074,2026-05-09,P017058,capture,252,37,215,USD,
S008076,2026-05-09,P008603,capture,7313,242,7071,USD,
S008077,2026-05-09,P019110,capture,12993,407,12586,USD,
S008078,2026-05-09,P019905,capture,3749,139,3610,USD,
S008079,2026-05-09,P009382,capture,4380,157,4223,USD,
S008081,2026-05-09,P010968,capture,5099,178,4921,USD,
S008083,2026-05-09,P003001,capture,1051,60,991,USD,
S008084,2026-05-09,P017188,capture,4070,148,3922,USD,
S008085,2026-05-09,P002384,capture,13441,420,13021,USD,
S008087,2026-05-09,P005194,capture,4530,161,4369,USD,
S008088,2026-05-09,P019606,capture,2519,103,2416,USD,
S008089,2026-05-09,P011576,refund,-971,0,-971,USD,
S008090,2026-05-09,P010990,capture,10867,345,10522,USD,
S008091,2026-05-09,P008344,capture,2588,105,2483,USD,
S008094,2026-05-09,P009054,capture,2133,132,2001,USD,
S008096,2026-05-09,P017359,capture,2767,110,2657,USD,
S008097,2026-05-09,P019982,capture,4683,166,4517,USD,
S008098,2026-05-09,P000201,capture,2245,95,2150,USD,
S008102,2026-05-09,P014588,capture,21956,667,21289,USD,
S008103,2026-05-09,P017162,capture,20149,614,19535,USD,
S008107,2026-05-09,P017016,capture,5354,185,5169,USD,
S008108,2026-05-09,P017848,capture,16621,512,16109,USD,
S008110,2026-05-09,P004120,capture,3551,133,3418,USD,
S008112,2026-05-09,P016023,capture,2065,90,1975,USD,
S008113,2026-05-09,P019323,capture,14137,440,13697,USD,
S008116,2026-05-09,P016776,capture,3602,134,3468,USD,
S008117,2026-05-09,P018125,capture,15545,481,15064,USD,
S008118,2026-05-09,P009484,capture,7998,262,7736,USD,
S008120,2026-05-09,P013037,capture,4674,166,4508,USD,
S008122,2026-05-09,P017456,capture,5493,189,5304,USD,
S008124,2026-05-09,P004896,capture,3656,136,3520,USD,
S008125,2026-05-09,P005004,capture,4839,170,4669,USD,
S008127,2026-05-09,P015290,capture,14132,440,13692,USD,
S008129,2026-05-09,P016258,capture,3847,141,3706,EUR,converted at 1.0961
S008130,2026-05-09,P015024,capture,9383,302,9081,USD,
S008131,2026-05-09,P010259,capture,2853,113,2740,USD,
S008133,2026-05-09,P003046,capture,6406,216,6190,USD,
S008134,2026-05-09,P018574,capture,2057,90,1967,USD,
S008135,2026-05-09,P018934,capture,4077,148,3929,USD,
S008138,2026-05-09,P009705,capture,11443,362,11081,USD,
S008139,2026-05-09,P001489,capture,11817,373,11444,USD,
S008145,2026-05-09,P008162,capture,3215,123,3092,USD,
S008146,2026-05-09,P015350,capture,11305,358,10947,USD,
S008148,2026-05-09,P002747,capture,3133,121,3012,USD,
S008149,2026-05-09,P004964,capture,2810,111,2699,USD,
S008152,2026-05-09,P015032,capture,6048,205,5843,USD,
S008153,2026-05-09,P012304,capture,3824,141,3683,USD,
S008155,2026-05-09,P005426,capture,12590,395,12195,USD,
S008156,2026-05-09,P003539,capture,7424,245,7179,USD,
S008157,2026-05-09,P014046,capture,4666,165,4501,USD,
S008160,2026-05-09,P017787,capture,7230,240,6990,USD,
S008161,2026-05-09,P014577,capture,915,57,858,USD,
S008166,2026-05-09,P017434,capture,1589,76,1513,USD,
S008167,2026-05-09,P011543,capture,4858,171,4687,USD,
S008169,2026-05-09,P001383,capture,2536,104,2432,USD,
S008170,2026-05-09,P016205,capture,6517,219,6298,USD,
S008172,2026-05-09,P013570,capture,6690,224,6466,USD,
S008173,2026-05-09,P003246,capture,3618,135,3483,USD,
S008175,2026-05-09,P000636,capture,1696,79,1617,USD,
S008176,2026-05-09,P004009,capture,16083,496,15587,USD,
S008178,2026-05-09,P014922,capture,9329,301,9028,USD,
S008179,2026-05-09,P015905,capture,2793,111,2682,USD,
S008181,2026-05-09,P004455,capture,47051,1394,45657,USD,
S008187,2026-05-09,P000784,capture,4969,174,4795,USD,
S008188,2026-05-09,P012260,capture,11485,363,11122,USD,
S008189,2026-05-09,P013934,capture,2253,95,2158,USD,
S008190,2026-05-09,P008193,capture,5656,194,5462,USD,
S008191,2026-05-09,P001340,capture,2145,92,2053,USD,
S008193,2026-05-09,P013215,capture,1905,85,1820,USD,
S008196,2026-05-09,P000621,capture,2019,89,1930,USD,
S008197,2026-05-09,P000180,capture,10980,348,10632,USD,
S008199,2026-05-09,P019865,capture,6455,217,6238,USD,
S008200,2026-05-09,P011748,capture,4707,167,4540,USD,
S008201,2026-05-09,P004316,capture,5272,183,5089,USD,
S008202,2026-05-09,P012204,capture,8779,285,8494,USD,
S008203,2026-05-09,P015274,capture,13017,407,12610,USD,
S008204,2026-05-09,P013067,capture,4662,165,4497,USD,
S008206,2026-05-09,P008875,capture,2953,116,2837,USD,
S008208,2026-05-09,P012629,capture,46179,1369,44810,USD,
S008210,2026-05-09,P014015,capture,3914,144,3770,USD,
S008212,2026-05-09,P019887,capture,11853,374,11479,USD,
S008214,2026-05-09,P005688,capture,8793,285,8508,USD,
S008216,2026-05-09,P016946,capture,2310,97,2213,USD,
S008217,2026-05-09,P010303,capture,2982,116,2866,USD,
S008218,2026-05-09,P012268,capture,2760,110,2650,USD,
S008220,2026-05-09,P006403,capture,3265,125,3140,USD,
S008222,2026-05-09,P010200,capture,9692,311,9381,USD,
S008223,2026-05-09,P010219,capture,2075,90,1985,USD,
S008224,2026-05-09,P005826,capture,7332,243,7089,USD,
S008225,2026-05-09,P012515,capture,4884,172,4712,USD,
S008226,2026-05-09,P009837,capture,4969,174,4795,USD,
S008228,2026-05-09,P007688,capture,17482,537,16945,USD,
S008230,2026-05-09,P004826,capture,9719,312,9407,USD,
S008231,2026-05-09,P006919,capture,7843,257,7586,USD,
S008233,2026-05-09,P013178,capture,7753,255,7498,USD,
S008235,2026-05-09,P001639,capture,13772,429,13343,USD,
S008237,2026-05-09,P005375,capture,11830,374,11456,EUR,converted at 1.0961
S008238,2026-05-09,P017816,capture,8957,290,8667,USD,
S008239,2026-05-09,P002650,capture,2766,110,2656,USD,
S008240,2026-05-09,P008289,capture,6970,232,6738,USD,
S008241,2026-05-09,P013538,capture,1683,79,1604,USD,
S008242,2026-05-09,P015787,capture,3419,129,3290,USD,
S008245,2026-05-09,P017379,capture,3229,124,3105,USD,
S008247,2026-05-09,P014594,capture,4341,156,4185,USD,
S008250,2026-05-09,P013351,capture,9225,298,8927,USD,
S008251,2026-05-09,P009808,capture,7717,254,7463,USD,
S008252,2026-05-09,P012175,capture,1126,63,1063,USD,
S008253,2026-05-09,P015962,capture,7151,237,6914,USD,
S008254,2026-05-09,P005693,capture,5943,202,5741,USD,
S008255,2026-05-09,P017810,capture,30939,927,30012,USD,
S008257,2026-05-09,P014037,capture,6711,225,6486,USD,
S008262,2026-05-09,P001141,capture,7547,249,7298,USD,
S008266,2026-05-09,P000776,capture,5514,190,5324,USD,
S008267,2026-05-09,P001980,capture,5680,195,5485,USD,
S008270,2026-05-09,P001995,capture,3418,129,3289,USD,
S008273,2026-05-09,P003223,capture,1194,65,1129,USD,
S008274,2026-05-09,P013403,capture,3996,146,3850,USD,
S008276,2026-05-09,P006290,capture,1876,84,1792,USD,
S008277,2026-05-09,P008493,capture,12621,396,12225,USD,
S008278,2026-05-09,P009271,capture,19548,597,18951,USD,
S008279,2026-05-09,P004547,capture,6988,233,6755,USD,
S008281,2026-05-09,P018307,capture,5961,204,5757,EUR,converted at 1.0961
S008282,2026-05-09,P016556,capture,8414,274,8140,USD,
S008283,2026-05-09,P011429,capture,812,54,758,USD,
S008284,2026-05-09,P019360,capture,6880,230,6650,USD,
S008285,2026-05-09,P002862,capture,13898,433,13465,USD,
S008286,2026-05-09,P008497,capture,7305,242,7063,USD,
S008289,2026-05-09,P010293,capture,10018,321,9697,USD,
S008290,2026-05-09,P009642,capture,12527,393,12134,USD,
S008292,2026-05-09,P008423,capture,2241,95,2146,USD,
S008294,2026-05-09,P017415,capture,1341,69,1272,USD,
S008296,2026-05-09,P013410,capture,2696,108,2588,USD,
S008297,2026-05-09,P018008,capture,187,35,152,USD,
S008300,2026-05-09,P003288,capture,1749,81,1668,USD,
S008302,2026-05-09,P012047,capture,6379,215,6164,USD,
S008303,2026-05-09,P011773,capture,6277,212,6065,USD,
S008308,2026-05-09,P018339,capture,15658,484,15174,USD,
S008309,2026-05-09,P011049,capture,13491,421,13070,USD,
S008315,2026-05-09,P012407,capture,5186,180,5006,USD,
S008316,2026-05-09,P018087,capture,4222,152,4070,USD,
S008319,2026-05-09,P003303,capture,7135,237,6898,USD,
S008320,2026-05-09,P005878,capture,13989,436,13553,USD,
S008321,2026-05-09,P001351,capture,20319,619,19700,USD,
S008322,2026-05-09,P013781,capture,3836,141,3695,USD,
S008323,2026-05-09,P015088,capture,26715,805,25910,USD,
S008326,2026-05-09,P011264,capture,3025,118,2907,USD,
S008327,2026-05-09,P003383,capture,8245,269,7976,USD,
S008328,2026-05-09,P012160,capture,710,51,659,USD,
S008329,2026-05-09,P015034,capture,17263,531,16732,USD,
S008330,2026-05-09,P008261,capture,10473,334,10139,USD,
S008331,2026-05-09,P001610,capture,5143,179,4964,USD,
S008332,2026-05-09,P011043,capture,33396,998,32398,USD,
S008334,2026-05-09,P013559,capture,5424,187,5237,USD,
S008336,2026-05-09,P016545,capture,12059,380,11679,USD,
S008337,2026-05-09,P018317,capture,3311,126,3185,USD,
S008340,2026-05-09,P000354,capture,21428,651,20777,USD,
S008341,2026-05-09,P015536,capture,12757,400,12357,USD,
S008342,2026-05-09,P003841,capture,29441,884,28557,USD,
S008343,2026-05-09,P010926,capture,7821,257,7564,USD,
S008344,2026-05-09,P009315,capture,6404,216,6188,USD,
S008345,2026-05-09,P018789,capture,9484,305,9179,USD,
S008346,2026-05-09,P014989,capture,15943,492,15451,USD,
S008348,2026-05-09,P004664,capture,3230,124,3106,USD,
S008350,2026-05-09,P017608,capture,7451,246,7205,USD,
S008351,2026-05-09,P008511,capture,1749,81,1668,USD,
S008352,2026-05-09,P014048,capture,4042,147,3895,USD,
S008353,2026-05-09,P010759,capture,6084,206,5878,USD,
S008355,2026-05-09,P017645,capture,5592,192,5400,USD,
S008357,2026-05-09,P019417,capture,3846,142,3704,USD,
S008358,2026-05-09,P015477,refund,-7059,0,-7059,USD,
S008359,2026-05-09,P009095,capture,4750,167,4583,EUR,converted at 1.0961
S008360,2026-05-09,P016334,capture,3882,143,3739,USD,
S008361,2026-05-09,P006826,capture,5935,202,5733,USD,
S008362,2026-05-09,P017906,capture,5730,196,5534,USD,
S008366,2026-05-09,P014685,capture,9251,298,8953,USD,
S008368,2026-05-09,P008231,capture,4691,166,4525,USD,
S008369,2026-05-09,P006388,capture,13855,432,13423,USD,
S008370,2026-05-09,P012248,capture,4980,174,4806,USD,
S008371,2026-05-09,P017317,capture,3507,132,3375,USD,
S008373,2026-05-09,P012235,capture,9391,302,9089,USD,
S008374,2026-05-09,P006984,capture,7720,254,7466,USD,
S008375,2026-05-09,P002578,capture,16022,495,15527,USD,
S008377,2026-05-09,P005573,capture,1354,69,1285,USD,
S008378,2026-05-09,P016949,capture,2208,94,2114,USD,
S008382,2026-05-09,P000725,capture,1454,72,1382,USD,
S008384,2026-05-09,P007535,capture,1940,86,1854,USD,
S008385,2026-05-09,P018167,capture,10453,333,10120,USD,
S008386,2026-05-09,P018041,capture,4238,153,4085,USD,
S008387,2026-05-09,P016603,capture,20374,621,19753,USD,
S008389,2026-05-09,P003909,refund,-24368,0,-24368,USD,
S008390,2026-05-09,P019104,capture,11197,355,10842,USD,
S008393,2026-05-09,P012394,capture,3331,127,3204,USD,
S008395,2026-05-09,P001675,capture,10171,325,9846,USD,
S008396,2026-05-09,P006163,capture,2543,104,2439,USD,
S008397,2026-05-09,P007629,capture,13845,432,13413,USD,
S008399,2026-05-09,P013184,capture,1803,82,1721,USD,
S008400,2026-05-09,P002962,capture,10249,327,9922,USD,
S008401,2026-05-09,P007003,capture,2260,96,2164,USD,
S008404,2026-05-09,P000723,capture,1462,72,1390,USD,
S008405,2026-05-09,P004757,capture,3261,125,3136,USD,
S008406,2026-05-09,P007867,capture,22430,680,21750,USD,
S008407,2026-05-09,P003603,capture,25657,774,24883,USD,
S008408,2026-05-09,P007599,capture,1438,72,1366,USD,
S008409,2026-05-09,P017747,capture,5914,202,5712,USD,
S008410,2026-05-09,P011775,capture,5777,198,5579,USD,
S008411,2026-05-09,P018370,capture,3191,123,3068,USD,
S008412,2026-05-09,P004382,capture,17138,527,16611,USD,
S008413,2026-05-09,P000672,capture,2130,92,2038,USD,
S008414,2026-05-09,P015608,capture,5630,193,5437,USD,
S008415,2026-05-09,P018694,capture,7965,261,7704,USD,
S008424,2026-05-09,P007302,capture,3347,127,3220,USD,
S008425,2026-05-09,P000910,capture,2386,99,2287,USD,
S008426,2026-05-09,P017345,capture,9689,311,9378,USD,
S008427,2026-05-09,P009589,capture,13471,422,13049,EUR,converted at 1.0961
S008429,2026-05-09,P011841,capture,22544,684,21860,USD,
S008431,2026-05-09,P015247,capture,10903,346,10557,USD,
S008432,2026-05-09,P017489,capture,11533,364,11169,USD,
S008433,2026-05-09,P009634,capture,18712,573,18139,USD,
S008434,2026-05-09,P000796,capture,3177,122,3055,USD,
S008436,2026-05-09,P008100,capture,811,54,757,USD,
S008437,2026-05-09,P001175,capture,426,42,384,USD,
S008438,2026-05-09,P014070,capture,1528,74,1454,USD,
S008439,2026-05-09,P017595,capture,18864,577,18287,USD,
S008440,2026-05-09,P016625,capture,26631,802,25829,USD,
S008441,2026-05-09,P007418,capture,3796,140,3656,USD,
S008445,2026-05-09,P019071,capture,3241,124,3117,USD,
S008446,2026-05-09,P016377,capture,69391,2042,67349,USD,
S008447,2026-05-09,P003786,capture,15614,483,15131,USD,
S008449,2026-05-09,P008288,capture,1443,72,1371,USD,
S008450,2026-05-09,P013042,capture,3227,124,3103,USD,
S008451,2026-05-09,P018779,capture,3574,134,3440,USD,
S008452,2026-05-09,P012465,capture,11486,363,11123,USD,
S008455,2026-05-09,P008415,capture,5608,193,5415,USD,
S008456,2026-05-09,P015568,capture,3431,129,3302,USD,
S008457,2026-05-09,P001542,capture,10252,327,9925,USD,
S008459,2026-05-09,P003286,capture,4785,169,4616,USD,
S008460,2026-05-09,P013430,capture,8582,279,8303,USD,
S008461,2026-05-09,P010888,capture,2197,94,2103,USD,
S008463,2026-05-09,P013742,capture,7824,257,7567,USD,
S008464,2026-05-09,P010732,capture,16803,517,16286,USD,
S008466,2026-05-09,P015828,capture,5753,197,5556,USD,
S008467,2026-05-09,P009309,capture,8626,280,8346,USD,
S008468,2026-05-09,P002842,capture,6263,212,6051,USD,
S008471,2026-05-09,P003665,capture,1381,71,1310,EUR,converted at 1.0961
S008472,2026-05-09,P012201,capture,11059,351,10708,USD,
S008473,2026-05-09,P013604,capture,2936,115,2821,USD,
S008474,2026-05-09,P006025,capture,1531,74,1457,USD,
S008475,2026-05-09,P018799,capture,9894,317,9577,USD,
S008478,2026-05-09,P007842,capture,23562,713,22849,USD,
S008480,2026-05-09,P016301,capture,7948,260,7688,USD,
S008481,2026-05-09,P010756,capture,4973,174,4799,USD,
S008484,2026-05-09,P016840,capture,9011,291,8720,USD,
S008485,2026-05-09,P019856,capture,6863,229,6634,USD,
S008486,2026-05-09,P005920,capture,26197,790,25407,USD,
S008488,2026-05-09,P000693,capture,3968,145,3823,USD,
S008489,2026-05-09,P004750,capture,9665,310,9355,USD,
S008491,2026-05-09,P013597,capture,2712,109,2603,USD,
S008492,2026-05-09,P019819,capture,12754,400,12354,USD,
S008494,2026-05-09,P015449,capture,11992,366,11626,USD,
S008495,2026-05-09,P009820,capture,8495,276,8219,USD,
S008496,2026-05-09,P009132,capture,15207,471,14736,USD,
S008497,2026-05-09,P012873,capture,3164,122,3042,USD,
S008498,2026-05-09,P013822,capture,7577,250,7327,USD,
S008499,2026-05-09,P017483,capture,11919,376,11543,USD,
S008501,2026-05-09,P014515,capture,1095,62,1033,USD,
S008502,2026-05-09,P001593,capture,4007,146,3861,USD,
S008503,2026-05-09,P012672,capture,2114,91,2023,USD,
S008505,2026-05-09,P007110,capture,8144,266,7878,USD,
S008506,2026-05-09,P008897,capture,9216,297,8919,USD,
S008507,2026-05-09,P016546,capture,1502,74,1428,USD,
S008508,2026-05-09,P013295,capture,4988,175,4813,USD,
S008510,2026-05-09,P011425,capture,896,56,840,USD,
S008511,2026-05-09,P016746,capture,17714,544,17170,USD,
S008512,2026-05-09,P018123,capture,8133,266,7867,USD,
S008513,2026-05-09,P016389,capture,4701,166,4535,USD,
S008514,2026-05-09,P006497,capture,1943,86,1857,USD,
S008515,2026-05-09,P019579,capture,4900,172,4728,USD,
S008517,2026-05-09,P000108,capture,1722,80,1642,USD,
S008519,2026-05-09,P010201,capture,10834,344,10490,USD,
S008521,2026-05-09,P016245,capture,21880,665,21215,USD,
S008523,2026-05-09,P002995,capture,2584,105,2479,USD,
S008524,2026-05-09,P003582,capture,16605,512,16093,USD,
S008525,2026-05-09,P016268,capture,17564,539,17025,USD,
S008528,2026-05-09,P001184,capture,3727,138,3589,USD,
S008529,2026-05-09,P004356,capture,1619,77,1542,USD,
S008531,2026-05-09,P002058,capture,28875,867,28008,USD,
S008532,2026-05-09,P019646,capture,14365,447,13918,USD,
S008534,2026-05-09,P012645,capture,1765,81,1684,USD,
S008535,2026-05-09,P011308,capture,4009,146,3863,USD,
S008536,2026-05-09,P003248,capture,1399,71,1328,USD,
S008539,2026-05-09,P017778,capture,6069,206,5863,USD,
S008541,2026-05-09,P012633,capture,4468,160,4308,USD,
S008542,2026-05-09,P004568,capture,2347,98,2249,USD,
S008543,2026-05-09,P019910,capture,12631,396,12235,USD,
S008544,2026-05-09,P000040,capture,4120,149,3971,USD,
S008545,2026-05-09,P000114,refund,-1461,0,-1461,USD,
S008547,2026-05-09,P003430,capture,30141,904,29237,USD,
S008549,2026-05-09,P001956,capture,4094,149,3945,USD,
S008550,2026-05-09,P017499,capture,11381,360,11021,USD,
S008552,2026-05-09,P004998,capture,10481,334,10147,USD,
S008556,2026-05-09,P008719,capture,5993,204,5789,USD,
S008557,2026-05-09,P005021,capture,1798,82,1716,USD,
S008558,2026-05-09,P016940,capture,7652,252,7400,USD,
S008560,2026-05-09,P000513,capture,5376,186,5190,USD,
S008562,2026-05-09,P000626,capture,5812,199,5613,USD,
S008563,2026-05-09,P006440,capture,3535,133,3402,USD,
S008565,2026-05-09,P004732,capture,3303,126,3177,USD,
S008567,2026-05-09,P012830,capture,2099,91,2008,USD,
S008568,2026-05-09,P015587,capture,2791,111,2680,USD,
S008570,2026-05-09,P013991,capture,6236,211,6025,USD,
S008573,2026-05-09,P004714,capture,8878,287,8591,USD,
S008574,2026-05-09,P017173,capture,15482,479,15003,USD,
S008577,2026-05-09,P004280,capture,2632,106,2526,USD,
S008579,2026-05-09,P014507,capture,8406,274,8132,USD,
S008580,2026-05-09,P002890,capture,1229,66,1163,USD,
S008581,2026-05-09,P013530,capture,1069,61,1008,USD,
S008582,2026-05-09,P013950,capture,1943,86,1857,USD,
S008583,2026-05-09,P009010,capture,8367,273,8094,USD,
S008587,2026-05-09,P008780,capture,1219,65,1154,USD,
S008589,2026-05-09,P000439,capture,6810,227,6583,USD,
S008592,2026-05-09,P012713,capture,2780,111,2669,USD,
S008593,2026-05-09,P009627,capture,7469,247,7222,USD,
S008594,2026-05-09,P006520,capture,10306,329,9977,USD,
S008595,2026-05-09,P014865,capture,8233,269,7964,USD,
S008596,2026-05-09,P019037,capture,4980,174,4806,USD,
S008597,2026-05-09,P002150,capture,10981,347,10634,EUR,converted at 1.0961
S008598,2026-05-09,P000646,capture,9335,301,9034,USD,
S008601,2026-05-09,P018221,capture,2431,100,2331,USD,
S008603,2026-05-09,P006723,capture,903,56,847,USD,
S008607,2026-05-09,P016714,capture,1998,88,1910,USD,
S008608,2026-05-09,P002071,capture,9876,316,9560,USD,
S008609,2026-05-09,P006387,capture,3871,142,3729,USD,
S008610,2026-05-09,P002266,capture,934,57,877,USD,
S008611,2026-05-09,P013001,capture,629,48,581,USD,
S008612,2026-05-09,P012396,capture,1554,75,1479,USD,
S008613,2026-05-09,P001178,capture,5981,203,5778,USD,
S008614,2026-05-09,P018279,capture,4076,148,3928,USD,
S008615,2026-05-09,P009363,capture,801,53,748,USD,
S008616,2026-05-09,P001247,capture,11156,354,10802,USD,
S008617,2026-05-09,P008372,capture,6069,206,5863,USD,
S008621,2026-05-09,P015564,capture,3757,139,3618,USD,
S008623,2026-05-09,P015211,capture,2682,108,2574,USD,
S008625,2026-05-09,P013335,capture,3776,140,3636,USD,
S008627,2026-05-09,P000708,capture,1419,71,1348,USD,
S008628,2026-05-09,P007020,capture,9133,295,8838,USD,
S008629,2026-05-09,P003578,capture,4741,167,4574,USD,
S008631,2026-05-09,P017851,refund,-1334,0,-1334,USD,
S008632,2026-05-09,P011656,capture,1752,81,1671,USD,
S008633,2026-05-09,P017651,capture,6694,224,6470,USD,
S008634,2026-05-09,P009959,capture,9172,296,8876,USD,
S008635,2026-05-09,P006736,capture,4422,158,4264,USD,
S008638,2026-05-09,P018303,capture,7746,255,7491,USD,
S008639,2026-05-09,P010233,capture,11700,369,11331,USD,
S008641,2026-05-09,P012180,capture,6391,215,6176,USD,
S008643,2026-05-09,P001676,capture,4503,161,4342,USD,
S008644,2026-05-09,P002372,capture,10683,340,10343,USD,
S008646,2026-05-09,P019791,capture,5291,183,5108,USD,
S008647,2026-05-09,P011556,capture,25398,767,24631,USD,
S008648,2026-05-09,P005874,capture,5834,199,5635,USD,
S008649,2026-05-09,P012929,capture,10648,339,10309,USD,
S008650,2026-05-09,P019693,capture,17447,536,16911,USD,
S008651,2026-05-09,P011872,capture,17807,546,17261,USD,
S008653,2026-05-09,P007524,capture,13914,434,13480,USD,
S008654,2026-05-09,P019547,capture,3623,135,3488,USD,
S008655,2026-05-09,P014666,capture,3677,137,3540,USD,
S008657,2026-05-09,P015891,capture,9316,300,9016,USD,
S008658,2026-05-09,P000975,capture,35824,1069,34755,USD,
S008659,2026-05-09,P019197,capture,436,43,393,USD,
S008661,2026-05-09,P008363,capture,5821,199,5622,USD,
S008662,2026-05-09,P010335,capture,10822,344,10478,USD,
S008663,2026-05-09,P010821,capture,8533,277,8256,USD,
S008666,2026-05-09,P016990,capture,651,49,602,USD,
S008669,2026-05-09,P018218,capture,10958,348,10610,USD,
S008670,2026-05-09,P000097,capture,3561,133,3428,USD,
S008672,2026-05-09,P003000,capture,5100,178,4922,USD,
S008673,2026-05-09,P018452,capture,4131,150,3981,USD,
S008674,2026-05-09,P003831,capture,68425,2014,66411,USD,
S008677,2026-05-09,P002085,capture,6468,218,6250,USD,
S008679,2026-05-09,P005443,capture,4927,173,4754,USD,
S008683,2026-05-09,P003381,capture,18612,570,18042,USD,
S008684,2026-05-09,P016608,capture,3558,133,3425,USD,
S008686,2026-05-09,P001984,capture,2328,98,2230,USD,
S008687,2026-05-09,P000241,capture,2688,108,2580,USD,
S008688,2026-05-09,P002973,capture,7481,247,7234,USD,
S008689,2026-05-09,P015932,capture,2352,98,2254,USD,
S008690,2026-05-09,P019638,capture,9115,294,8821,USD,
S008692,2026-05-09,P008084,capture,9406,303,9103,USD,
S008696,2026-05-09,P014927,capture,11919,376,11543,USD,
S008697,2026-05-09,P017051,capture,2020,89,1931,USD,
S008699,2026-05-09,P001446,capture,2464,101,2363,USD,
S008700,2026-05-09,P001163,capture,2717,109,2608,USD,
S008701,2026-05-09,P015083,capture,6124,208,5916,USD,
S008702,2026-05-09,P014957,capture,1089,62,1027,USD,
S008703,2026-05-09,P012254,capture,6646,223,6423,USD,
S008704,2026-05-09,P005853,capture,2158,93,2065,USD,
S008705,2026-05-09,P010773,capture,956,58,898,USD,
S008707,2026-05-09,P009882,capture,2319,97,2222,USD,
S008710,2026-05-09,P005255,capture,9759,313,9446,USD,
S008711,2026-05-09,P001298,capture,1594,76,1518,USD,
S008713,2026-05-09,P002703,capture,16412,506,15906,USD,
S008714,2026-05-09,P011293,capture,1479,73,1406,USD,
S008715,2026-05-09,P005179,capture,2804,111,2693,USD,
S008716,2026-05-09,P010144,capture,2712,109,2603,USD,
S008718,2026-05-09,P015079,capture,5048,176,4872,USD,
S008720,2026-05-09,P006979,capture,3137,121,3016,USD,
S008722,2026-05-09,P019218,capture,894,44,850,USD,
S008723,2026-05-09,P014895,capture,11991,378,11613,USD,
S008724,2026-05-09,P007107,capture,6483,218,6265,USD,
S008725,2026-05-09,P007705,capture,1709,80,1629,USD,
S008728,2026-05-09,P015109,capture,1829,83,1746,USD,
S008729,2026-05-09,P019155,capture,4094,149,3945,USD,
S008730,2026-05-09,P005508,capture,13728,428,13300,USD,
S008731,2026-05-09,P016396,capture,3150,121,3029,USD,
S008733,2026-05-09,P015611,capture,3158,122,3036,USD,
S008734,2026-05-09,P002680,capture,5031,176,4855,USD,
S008735,2026-05-09,P000797,capture,1907,85,1822,USD,
S008736,2026-05-09,P001332,capture,1889,85,1804,USD,
S008737,2026-05-09,P010905,capture,4619,164,4455,USD,
S008738,2026-05-09,P006444,capture,3920,144,3776,USD,
S008741,2026-05-09,P019438,capture,2555,104,2451,USD,
S008742,2026-05-09,P001696,capture,4942,173,4769,USD,
S008743,2026-05-09,P012250,capture,2901,114,2787,USD,
S008744,2026-05-09,P007620,capture,4866,171,4695,USD,
S008745,2026-05-09,P003871,capture,8269,270,7999,USD,
S008746,2026-05-09,P000224,capture,2062,90,1972,USD,
S008748,2026-05-09,P009035,capture,1797,82,1715,USD,
S008749,2026-05-09,P004445,capture,16022,495,15527,USD,
S008750,2026-05-09,P002344,capture,930,57,873,USD,
S008751,2026-05-09,P018850,capture,5622,193,5429,USD,
S008753,2026-05-09,P013909,capture,4009,146,3863,USD,
S008755,2026-05-09,P018393,capture,9799,314,9485,USD,
S008757,2026-05-09,P018878,capture,2413,100,2313,USD,
S008759,2026-05-09,P006451,capture,3947,144,3803,USD,
S008760,2026-05-09,P002233,capture,9198,297,8901,USD,
S008761,2026-05-09,P000006,capture,12432,391,12041,USD,
S008762,2026-05-09,P016599,capture,5269,183,5086,USD,
S008763,2026-05-09,P014223,capture,11963,377,11586,USD,
S008764,2026-05-09,P017697,capture,39804,1184,38620,USD,
S008765,2026-05-09,P003836,capture,2616,106,2510,USD,
S008766,2026-05-09,P015215,capture,2002,88,1914,USD,
S008767,2026-05-09,P017597,capture,5306,184,5122,USD,
S008768,2026-05-09,P016791,capture,1588,76,1512,USD,
S008769,2026-05-09,P015804,capture,7521,248,7273,USD,
S008770,2026-05-09,P016345,capture,6525,219,6306,USD,
S008771,2026-05-09,P006069,capture,4000,146,3854,USD,
S008773,2026-05-09,P000525,capture,3925,144,3781,USD,
S008774,2026-05-09,P010748,capture,913,56,857,USD,
S008775,2026-05-09,P013943,capture,3145,121,3024,USD,
S008776,2026-05-09,P002523,capture,3026,118,2908,USD,
S008779,2026-05-09,P002298,capture,2100,91,2009,USD,
S008780,2026-05-09,P001578,capture,4285,154,4131,USD,
S008781,2026-05-09,P005763,capture,5390,186,5204,USD,
S008784,2026-05-09,P004531,capture,5205,181,5024,USD,
S008787,2026-05-09,P012694,capture,2924,115,2809,USD,
S008788,2026-05-09,P013847,capture,13335,417,12918,USD,
S008790,2026-05-09,P015443,capture,5237,182,5055,USD,
S008792,2026-05-09,P018584,capture,4052,148,3904,USD,
S008793,2026-05-09,P005380,capture,19001,581,18420,USD,
S008794,2026-05-09,P019523,capture,13903,433,13470,USD,
S008795,2026-05-09,P019902,capture,683,50,633,USD,
S008796,2026-05-09,P008023,capture,5620,193,5427,USD,
S008798,2026-05-09,P016015,capture,4288,154,4134,USD,
S008799,2026-05-09,P011739,capture,1956,87,1869,USD,
S008800,2026-05-09,P019142,capture,16931,521,16410,USD,
S008801,2026-05-09,P003569,capture,9534,306,9228,USD,
S008804,2026-05-09,P009380,capture,12693,398,12295,USD,
S008805,2026-05-09,P001157,capture,6469,218,6251,USD,
S008807,2026-05-09,P019529,capture,6352,214,6138,USD,
S008808,2026-05-09,P008752,capture,3668,136,3532,USD,
S008810,2026-05-09,P007528,capture,5244,182,5062,USD,
S008811,2026-05-09,P017653,capture,7159,238,6921,USD,
S008812,2026-05-09,P012846,capture,3070,119,2951,USD,
S008813,2026-05-09,P017936,capture,13452,420,13032,USD,
S008814,2026-05-09,P012498,capture,7793,256,7537,USD,
S008815,2026-05-09,P004299,capture,4895,172,4723,USD,
S008817,2026-05-09,P016488,capture,8379,273,8106,USD,
S008818,2026-05-09,P002453,capture,7915,260,7655,USD,
S008820,2026-05-09,P019325,capture,4508,161,4347,USD,
S008821,2026-05-09,P001255,capture,7814,257,7557,USD,
S008822,2026-05-09,P004208,capture,760,52,708,USD,
S008823,2026-05-09,P001430,capture,13184,412,12772,USD,
S008825,2026-05-09,P016510,capture,11752,371,11381,USD,
S008828,2026-05-09,P008433,capture,4209,152,4057,USD,
S008830,2026-05-09,P002474,capture,6214,210,6004,USD,
S008831,2026-05-09,P004624,capture,3505,132,3373,USD,
S008832,2026-05-09,P005146,capture,5160,180,4980,USD,
S008834,2026-05-09,P014732,capture,5969,203,5766,USD,
S008835,2026-05-09,P004406,capture,1070,61,1009,USD,
S008836,2026-05-09,P005362,capture,2849,113,2736,USD,
S008839,2026-05-09,P012294,capture,23930,724,23206,USD,
S008840,2026-05-09,P000932,capture,8026,263,7763,USD,
S008842,2026-05-09,P001325,capture,17101,526,16575,USD,
S008843,2026-05-09,P010617,capture,779,53,726,USD,
S008844,2026-05-09,P000145,capture,22287,676,21611,USD,
S008845,2026-05-09,P012599,capture,2961,116,2845,USD,
S008847,2026-05-09,P008709,capture,2950,116,2834,USD,
S008848,2026-05-09,P011410,capture,8510,277,8233,USD,
S008849,2026-05-09,P009453,capture,47693,1413,46280,USD,
S008850,2026-05-09,P019921,capture,2206,94,2112,USD,
S008851,2026-05-09,P005035,capture,1545,75,1470,USD,
S008854,2026-05-09,P007344,capture,3177,122,3055,USD,
S008859,2026-05-09,P010296,capture,3156,122,3034,USD,
S008860,2026-05-09,P006642,capture,104735,3067,101668,USD,
S008861,2026-05-09,P018210,capture,2521,103,2418,USD,
S008862,2026-05-09,P016255,capture,9910,317,9593,USD,
S008863,2026-05-09,P009099,capture,4487,160,4327,USD,
S008867,2026-05-09,P000767,capture,43613,1295,42318,USD,
S008868,2026-05-09,P015870,capture,6281,212,6069,USD,
S008871,2026-05-09,P019956,capture,5832,199,5633,USD,
S008872,2026-05-09,P009856,capture,2997,117,2880,USD,
S008873,2026-05-09,P007405,capture,4899,172,4727,USD,
S008875,2026-05-09,P014791,capture,6970,232,6738,USD,
S008876,2026-05-09,P015992,capture,5964,203,5761,USD,
S008878,2026-05-09,P008619,capture,5135,179,4956,USD,
S008879,2026-05-09,P001292,capture,2875,113,2762,USD,
S008880,2026-05-09,P019192,capture,5035,176,4859,USD,
S008881,2026-05-09,P006538,capture,5033,176,4857,USD,
S008882,2026-05-09,P012264,capture,6947,231,6716,USD,
S008883,2026-05-09,P018457,capture,6880,230,6650,USD,
S008884,2026-05-09,P017088,capture,12052,380,11672,USD,
S008885,2026-05-09,P004566,capture,35687,1065,34622,USD,
S008886,2026-05-09,P003405,capture,4403,158,4245,USD,
S008888,2026-05-09,P006223,capture,15667,484,15183,USD,
S008890,2026-05-09,P017717,capture,2240,95,2145,USD,
S008892,2026-05-09,P001648,capture,3116,120,2996,USD,
S008893,2026-05-09,P005682,capture,5657,194,5463,USD,
S008896,2026-05-09,P011428,capture,7082,235,6847,USD,
S008897,2026-05-09,P010459,capture,4338,156,4182,USD,
S008898,2026-05-09,P000466,capture,4984,175,4809,USD,
S008900,2026-05-09,P014676,capture,7156,238,6918,USD,
S008901,2026-05-09,P017846,capture,5996,204,5792,USD,
S008902,2026-05-09,P006597,capture,6065,206,5859,USD,
S008905,2026-05-09,P017201,capture,14971,464,14507,USD,
S008906,2026-05-09,P009899,capture,74035,2177,71858,USD,
S008908,2026-05-09,P004133,capture,26091,787,25304,USD,
S008911,2026-05-09,P014886,capture,16734,515,16219,USD,
S008914,2026-05-09,P016106,capture,2181,93,2088,USD,
S008916,2026-05-09,P005436,capture,752,52,700,USD,
S008918,2026-05-09,P012148,capture,2036,89,1947,USD,
S008920,2026-05-09,P003152,capture,7184,238,6946,USD,
S008923,2026-05-09,P015383,capture,21082,641,20441,USD,
S008925,2026-05-09,P008962,capture,2751,110,2641,USD,
S008928,2026-05-09,P010945,capture,7074,235,6839,USD,
S008930,2026-05-09,P010600,capture,7865,258,7607,USD,
S008931,2026-05-09,P005715,capture,4461,159,4302,USD,
S008932,2026-05-09,P002457,capture,4117,149,3968,USD,
S008933,2026-05-09,P015071,capture,10938,347,10591,USD,
S008934,2026-05-09,P014277,capture,2474,102,2372,USD,
S008935,2026-05-09,P005138,capture,7046,234,6812,USD,
S008936,2026-05-09,P017442,capture,4729,167,4562,USD,
S008937,2026-05-09,P011904,capture,45384,1346,44038,USD,
S008940,2026-05-09,P007697,capture,3587,134,3453,USD,
S008942,2026-05-09,P005775,capture,2097,91,2006,USD,
S008943,2026-05-09,P011444,capture,28508,857,27651,USD,
S008944,2026-05-09,P004597,capture,11466,363,11103,USD,
S008945,2026-05-09,P001789,capture,2474,102,2372,USD,
S008946,2026-05-09,P013055,capture,3693,137,3556,USD,
S008947,2026-05-09,P014498,capture,10944,347,10597,USD,
S008950,2026-05-09,P015480,capture,3069,119,2950,USD,
S008951,2026-05-09,P008474,capture,1950,87,1863,USD,
S008952,2026-05-09,P006549,capture,5765,197,5568,USD,
S008954,2026-05-09,P016437,capture,213,36,177,USD,
S008955,2026-05-09,P007074,capture,8641,281,8360,USD,
S008956,2026-05-09,P019193,capture,3881,143,3738,USD,
S008959,2026-05-09,P019282,capture,4356,156,4200,USD,
S008960,2026-05-09,P006778,capture,1868,84,1784,USD,
S008962,2026-05-09,P010896,capture,5045,176,4869,USD,
S008963,2026-05-09,P017867,capture,6373,215,6158,USD,
S008965,2026-05-09,P004769,capture,1432,72,1360,USD,
S008967,2026-05-09,P003670,capture,9636,309,9327,USD,
S008968,2026-05-09,P018810,capture,15990,494,15496,USD,
S008970,2026-05-09,P018350,capture,6868,229,6639,USD,
S008971,2026-05-09,P002231,capture,5052,177,4875,USD,
S008972,2026-05-09,P016351,capture,5585,192,5393,USD,
S008978,2026-05-09,P012354,capture,9458,304,9154,USD,
S008979,2026-05-09,P012073,capture,1885,85,1800,USD,
S008980,2026-05-09,P000869,capture,5708,196,5512,USD,
S008981,2026-05-09,P008972,capture,11141,353,10788,USD,
S008984,2026-05-09,P007670,capture,9470,305,9165,USD,
S008985,2026-05-09,P011987,capture,5292,183,5109,USD,
S008986,2026-05-09,P002060,capture,7191,239,6952,USD,
S008987,2026-05-09,P006946,capture,4720,167,4553,USD,
S008988,2026-05-09,P005556,capture,13178,412,12766,USD,
S008989,2026-05-09,P009548,capture,4737,167,4570,USD,
S008990,2026-05-09,P000311,capture,3886,143,3743,USD,
S008991,2026-05-09,P006005,capture,8146,266,7880,USD,
S008992,2026-05-09,P005386,capture,8591,279,8312,USD,
S008993,2026-05-09,P013087,capture,3237,124,3113,USD,
S008995,2026-05-09,P018717,capture,3510,132,3378,USD,
S008997,2026-05-09,P005582,capture,2010,88,1922,USD,
S008998,2026-05-09,P005526,capture,8465,275,8190,USD,
S008999,2026-05-09,P008574,capture,5999,204,5795,USD,
S009001,2026-05-09,P006177,refund,-1951,0,-1951,USD,
S009002,2026-05-09,P018649,capture,1671,78,1593,USD,
S009003,2026-05-09,P015262,capture,7357,242,7115,EUR,converted at 1.0961
S009005,2026-05-09,P018058,capture,7119,236,6883,USD,
S009008,2026-05-09,P013539,capture,5559,191,5368,USD,
S009010,2026-05-09,P006922,capture,5564,191,5373,USD,
S009011,2026-05-09,P000417,capture,32218,964,31254,USD,
S009013,2026-05-09,P002057,capture,8790,285,8505,USD,
S009015,2026-05-09,P002009,capture,1545,75,1470,USD,
S009016,2026-05-09,P004615,capture,8508,277,8231,USD,
S009017,2026-05-09,P007574,capture,17741,544,17197,USD,
S009019,2026-05-09,P010802,capture,8599,279,8320,USD,
S009022,2026-05-09,P016075,capture,7060,235,6825,USD,
S009023,2026-05-09,P017854,capture,708,51,657,USD,
S009026,2026-05-09,P009691,capture,7441,246,7195,USD,
S009029,2026-05-09,P007502,capture,1711,80,1631,USD,
S009030,2026-05-09,P001303,capture,11012,349,10663,USD,
S009031,2026-05-09,P010550,capture,11200,355,10845,USD,
S009034,2026-05-09,P000851,capture,7421,245,7176,USD,
S009036,2026-05-09,P016382,capture,15182,470,14712,USD,
S009037,2026-05-09,P014069,capture,11463,362,11101,USD,
S009038,2026-05-09,P001825,capture,4485,160,4325,USD,
S009039,2026-05-09,P017677,capture,16617,512,16105,USD,
S009040,2026-05-09,P016888,capture,5283,183,5100,USD,
S009041,2026-05-09,P017754,capture,4491,160,4331,USD,
S009043,2026-05-09,P015056,capture,1465,72,1393,USD,
S009044,2026-05-09,P002854,capture,1141,63,1078,USD,
S009046,2026-05-09,P011557,capture,10297,329,9968,USD,
S009048,2026-05-09,P009490,capture,15853,490,15363,USD,
S009049,2026-05-09,P007694,capture,2605,106,2499,USD,
S009050,2026-05-09,P016012,capture,2274,96,2178,USD,
S009053,2026-05-09,P010329,capture,25710,776,24934,USD,
S009054,2026-05-09,P012042,capture,25228,762,24466,USD,
S009056,2026-05-09,P014600,capture,1213,65,1148,USD,
S009057,2026-05-09,P001010,capture,20176,615,19561,USD,
S009059,2026-05-09,P005364,capture,6298,213,6085,USD,
S009060,2026-05-09,P011522,capture,7698,253,7445,USD,
S009061,2026-05-09,P017018,capture,8475,276,8199,USD,
S009062,2026-05-09,P014715,capture,1092,62,1030,USD,
S009063,2026-05-09,P009300,capture,8448,275,8173,USD,
S009064,2026-05-09,P015798,capture,20991,639,20352,USD,
S009069,2026-05-09,P013010,capture,14748,458,14290,USD,
S009071,2026-05-09,P017808,capture,9246,298,8948,USD,
S009072,2026-05-09,P017121,capture,8201,268,7933,USD,
S009073,2026-05-09,P013994,capture,3205,123,3082,USD,
S009074,2026-05-09,P015928,capture,4382,157,4225,USD,
S009075,2026-05-09,P003022,capture,29518,886,28632,USD,
S009076,2026-05-09,P009545,capture,14048,437,13611,USD,
S009077,2026-05-09,P017666,capture,11651,368,11283,USD,
S009078,2026-05-09,P001164,capture,2236,95,2141,USD,
S009082,2026-05-09,P017951,capture,7572,250,7322,USD,
S009084,2026-05-09,P014636,capture,1762,81,1681,USD,
S009085,2026-05-09,P016583,capture,3007,117,2890,USD,
S009086,2026-05-09,P001086,capture,4811,158,4653,USD,
S009089,2026-05-09,P017125,capture,5870,200,5670,USD,
S009090,2026-05-09,P019548,capture,17614,541,17073,USD,
S009091,2026-05-09,P008063,capture,2324,97,2227,USD,
S009092,2026-05-09,P012026,capture,9043,292,8751,USD,
S009093,2026-05-09,P008384,capture,6340,214,6126,USD,
S009094,2026-05-09,P003757,capture,23683,717,22966,USD,
S009095,2026-05-09,P003911,capture,29301,880,28421,USD,
S009096,2026-05-09,P012024,capture,1581,76,1505,USD,
S009097,2026-05-09,P010054,capture,6574,221,6353,USD,
S009100,2026-05-09,P013769,capture,6889,230,6659,USD,
S009102,2026-05-09,P004883,capture,1692,79,1613,USD,
S009104,2026-05-09,P010131,capture,4360,156,4204,USD,
S009105,2026-05-09,P018062,capture,10518,335,10183,USD,
S009106,2026-05-09,P013438,capture,1950,87,1863,USD,
S009108,2026-05-09,P015470,capture,3443,130,3313,USD,
S009109,2026-05-09,P008776,capture,1257,66,1191,USD,
S009110,2026-05-09,P001709,capture,12895,404,12491,USD,
S009111,2026-05-09,P003081,capture,6676,224,6452,USD,
S009114,2026-05-09,P013154,capture,26390,795,25595,USD,
S009116,2026-05-09,P011283,capture,14604,454,14150,USD,
S009119,2026-05-09,P007305,capture,2734,109,2625,USD,
S009120,2026-05-09,P008111,capture,6070,206,5864,USD,
S009121,2026-05-09,P005552,capture,15812,489,15323,USD,
S009123,2026-05-09,P001828,capture,3895,143,3752,USD,
S009125,2026-05-09,P019779,capture,978,58,920,USD,
S009126,2026-05-09,P007678,capture,16828,518,16310,USD,
S009133,2026-05-09,P004600,capture,2355,98,2257,USD,
S009134,2026-05-09,P009295,capture,6450,217,6233,USD,
S009135,2026-05-09,P006861,capture,20555,626,19929,USD,
S009136,2026-05-09,P001524,capture,7478,247,7231,USD,
S009137,2026-05-09,P001122,capture,5344,185,5159,USD,
S009138,2026-05-09,P011517,capture,7993,262,7731,USD,
S009139,2026-05-09,P012056,capture,7838,257,7581,USD,
S009140,2026-05-09,P007241,capture,29111,874,28237,USD,
S009144,2026-05-09,P000980,capture,2917,115,2802,USD,
S009145,2026-05-09,P004071,capture,5796,198,5598,USD,
S009146,2026-05-09,P011734,capture,2309,97,2212,USD,
S009147,2026-05-09,P012454,capture,15413,477,14936,USD,
S009149,2026-05-09,P009186,capture,9805,314,9491,USD,
S009150,2026-05-09,P007799,capture,3484,131,3353,USD,
S009151,2026-05-09,P016528,capture,22138,672,21466,USD,
S009154,2026-05-09,P002540,capture,3454,130,3324,USD,
S009156,2026-05-09,P014279,capture,6646,223,6423,USD,
S009157,2026-05-09,P012581,capture,11200,355,10845,USD,
S009158,2026-05-09,P017765,capture,6125,208,5917,USD,
S009161,2026-05-09,P009312,capture,2142,92,2050,USD,
S009162,2026-05-09,P001500,capture,1414,71,1343,USD,
S009163,2026-05-09,P010695,capture,983,59,924,USD,
S009164,2026-05-09,P015781,capture,6906,230,6676,USD,
S009166,2026-05-09,P000536,capture,1542,75,1467,USD,
S009167,2026-05-09,P015703,capture,10058,322,9736,USD,
S009169,2026-05-09,P015186,capture,2144,92,2052,USD,
S009171,2026-05-09,P012492,capture,2677,108,2569,USD,
S009172,2026-05-09,P015543,capture,836,54,782,USD,
S009173,2026-05-09,P002188,capture,3948,144,3804,USD,
S009176,2026-05-09,P007414,capture,9061,293,8768,USD,
S009179,2026-05-09,P012445,capture,12639,397,12242,USD,
S009181,2026-05-09,P000018,capture,6208,210,5998,USD,
S009182,2026-05-09,P007644,capture,12526,393,12133,USD,
S009183,2026-05-09,P001414,capture,4048,147,3901,USD,
S009186,2026-05-09,P019686,capture,16219,500,15719,USD,
S009187,2026-05-09,P014118,capture,5903,201,5702,USD,
S009188,2026-05-09,P010505,capture,11962,377,11585,USD,
S009189,2026-05-09,P006862,capture,7576,250,7326,USD,
S009191,2026-05-09,P011553,capture,2270,96,2174,USD,
S009194,2026-05-09,P000778,capture,18897,578,18319,USD,
S009195,2026-05-09,P013571,capture,5492,189,5303,USD,
S009198,2026-05-09,P014433,capture,11374,360,11014,USD,
S009199,2026-05-09,P015535,capture,2280,96,2184,USD,
S009200,2026-05-09,P019086,capture,6762,226,6536,USD,
S009203,2026-05-09,P015789,capture,1226,66,1160,USD,
S009204,2026-05-09,P013492,capture,2117,91,2026,USD,
S009206,2026-05-09,P008859,capture,7810,256,7554,USD,
S009207,2026-05-09,P013560,capture,3429,129,3300,USD,
S009208,2026-05-09,P002964,capture,3371,128,3243,USD,
S009209,2026-05-09,P004520,capture,1691,79,1612,USD,
S009210,2026-05-09,P011075,capture,16944,521,16423,USD,
S009211,2026-05-09,P014200,capture,12883,404,12479,USD,
S009212,2026-05-09,P011178,capture,2034,89,1945,USD,
S009213,2026-05-09,P000589,capture,4172,151,4021,USD,
S009214,2026-05-09,P010631,capture,3947,144,3803,USD,
S009217,2026-05-09,P017843,capture,2357,98,2259,USD,
S009219,2026-05-09,P010686,capture,972,58,914,USD,
S009220,2026-05-09,P004360,capture,1856,84,1772,USD,
S009221,2026-05-09,P015872,capture,7201,239,6962,USD,
S009223,2026-05-09,P000368,capture,20582,627,19955,USD,
S009225,2026-05-09,P010727,capture,7465,246,7219,USD,
S009226,2026-05-09,P006138,capture,7648,252,7396,USD,
S009227,2026-05-09,P006752,capture,4643,165,4478,USD,
S009228,2026-05-09,P006945,capture,2174,93,2081,USD,
S009229,2026-05-09,P015933,capture,5115,178,4937,USD,
S009231,2026-05-09,P008282,capture,8624,280,8344,USD,
S009233,2026-05-09,P003746,capture,45888,1361,44527,USD,
S009234,2026-05-09,P014078,capture,9862,316,9546,USD,
S009235,2026-05-09,P014930,capture,6939,231,6708,USD,
S009236,2026-05-09,P019997,capture,3811,141,3670,USD,
S009237,2026-05-09,P009570,capture,1122,63,1059,USD,
S009239,2026-05-09,P000110,capture,22006,668,21338,USD,
S009240,2026-05-09,P000416,capture,2614,106,2508,USD,
S009241,2026-05-09,P010130,capture,3124,121,3003,USD,
S009242,2026-05-09,P001788,capture,1943,86,1857,USD,
S009244,2026-05-09,P015532,capture,21606,657,20949,USD,
S009247,2026-05-09,P016693,capture,1531,74,1457,USD,
S009248,2026-05-09,P006777,capture,14825,460,14365,USD,
S009250,2026-05-09,P018002,capture,3553,133,3420,USD,
S009252,2026-05-09,P008818,capture,4074,148,3926,USD,
S009254,2026-05-09,P004394,capture,9138,296,8842,EUR,converted at 1.0961
S009255,2026-05-09,P016721,capture,1705,79,1626,USD,
S009256,2026-05-09,P013899,capture,10991,349,10642,USD,
S009257,2026-05-09,P007070,capture,3152,121,3031,USD,
S009258,2026-05-09,P004437,capture,1554,75,1479,USD,
S009260,2026-05-09,P009355,capture,2910,114,2796,USD,
S009264,2026-05-09,P003711,capture,3842,141,3701,USD,
S009265,2026-05-09,P010856,capture,11148,353,10795,USD,
S009266,2026-05-09,P016433,capture,2958,116,2842,USD,
S009267,2026-05-09,P000670,capture,15566,456,15110,USD,
S009268,2026-05-09,P001914,capture,4990,175,4815,USD,
S009269,2026-05-09,P004178,capture,3164,122,3042,USD,
S009270,2026-05-09,P010442,capture,7969,261,7708,USD,
S009273,2026-05-09,P001187,capture,10905,346,10559,USD,
S009274,2026-05-09,P010101,capture,1722,80,1642,USD,
S009278,2026-05-09,P001976,capture,2111,91,2020,USD,
S009279,2026-05-09,P015410,capture,8669,281,8388,USD,
S009281,2026-05-09,P017881,capture,13542,423,13119,USD,
S009282,2026-05-09,P001722,capture,8193,268,7925,USD,
S009284,2026-05-09,P007108,capture,5458,188,5270,USD,
S009285,2026-05-09,P015778,capture,6981,232,6749,USD,
S009286,2026-05-09,P016578,capture,19253,588,18665,USD,
S009287,2026-05-09,P015042,capture,1273,67,1206,USD,
S009288,2026-05-09,P018023,capture,4341,156,4185,USD,
S009289,2026-05-09,P011434,capture,1485,73,1412,USD,
S009290,2026-05-09,P003867,capture,9330,301,9029,USD,
S009293,2026-05-09,P001906,capture,2028,89,1939,USD,
S009298,2026-05-09,P000231,capture,1529,74,1455,USD,
S009300,2026-05-09,P002261,capture,23523,712,22811,USD,
S009302,2026-05-09,P012669,capture,11835,373,11462,USD,
S009303,2026-05-09,P015250,capture,4600,163,4437,USD,
S009304,2026-05-09,P008913,capture,7123,237,6886,USD,
S009305,2026-05-09,P016943,capture,6682,224,6458,USD,
S009307,2026-05-09,P009664,capture,5633,193,5440,USD,
S009310,2026-05-09,P019095,capture,5148,179,4969,USD,
S009311,2026-05-09,P018809,capture,11235,356,10879,USD,
S009313,2026-05-09,P007751,capture,4520,161,4359,USD,
S009315,2026-05-09,P003421,capture,10509,335,10174,USD,
S009316,2026-05-09,P018827,capture,1057,61,996,USD,
S009317,2026-05-09,P004796,capture,1293,67,1226,USD,
S009319,2026-05-09,P015515,capture,8674,282,8392,USD,
S009321,2026-05-09,P005002,capture,5021,176,4845,USD,
S009322,2026-05-09,P004108,capture,3559,133,3426,USD,
S009324,2026-05-09,P015020,capture,4154,150,4004,USD,
S009328,2026-05-09,P004297,capture,8250,269,7981,USD,
S009329,2026-05-09,P002444,capture,4520,161,4359,USD,
S009333,2026-05-09,P017221,capture,716,51,665,USD,
S009335,2026-05-09,P002026,capture,3025,118,2907,USD,
S009336,2026-05-09,P004936,capture,10985,349,10636,USD,
S009337,2026-05-09,P009868,capture,22766,690,22076,USD,
S009338,2026-05-09,P007623,capture,6058,206,5852,USD,
S009339,2026-05-09,P014314,capture,1832,83,1749,USD,
S009340,2026-05-09,P000271,capture,3857,142,3715,USD,
S009341,2026-05-09,P019084,capture,5047,176,4871,USD,
S009343,2026-05-09,P018176,capture,2542,104,2438,USD,
S009344,2026-05-09,P018161,capture,4937,173,4764,USD,
S009345,2026-05-09,P018357,capture,8311,271,8040,USD,
S009348,2026-05-09,P003156,capture,2304,97,2207,USD,
S009349,2026-05-09,P001972,capture,37672,1122,36550,USD,
S009350,2026-05-09,P018283,capture,2859,113,2746,USD,
S009352,2026-05-09,P018589,capture,12903,404,12499,USD,
S009353,2026-05-09,P008483,capture,2263,96,2167,USD,
S009354,2026-05-09,P017838,capture,4238,153,4085,USD,
S009356,2026-05-09,P001202,capture,10584,337,10247,USD,
S009357,2026-05-09,P007560,capture,10206,326,9880,USD,
S009360,2026-05-09,P006707,capture,7486,247,7239,USD,
S009362,2026-05-09,P014068,capture,7947,260,7687,USD,
S009363,2026-05-09,P013823,capture,6250,211,6039,USD,
S009366,2026-05-09,P017947,capture,10558,336,10222,USD,
S009368,2026-05-09,P018541,capture,3978,145,3833,USD,
S009369,2026-05-09,P001039,capture,979,58,921,USD,
S009371,2026-05-09,P010406,capture,12160,383,11777,USD,
S009374,2026-05-09,P001434,capture,5432,188,5244,USD,
S009375,2026-05-09,P003250,capture,1653,78,1575,USD,
S009376,2026-05-09,P008534,capture,2324,97,2227,USD,
S009377,2026-05-09,P000490,capture,2903,114,2789,USD,
S009378,2026-05-09,P007630,capture,2583,105,2478,USD,
S009379,2026-05-09,P008804,capture,4346,156,4190,USD,
S009381,2026-05-09,P008593,capture,6577,221,6356,USD,
S009384,2026-05-09,P017618,capture,11750,371,11379,USD,
S009385,2026-05-09,P004106,capture,7174,238,6936,USD,
S009386,2026-05-09,P015114,capture,4174,151,4023,USD,
S009387,2026-05-09,P012261,capture,20069,612,19457,USD,
S009390,2026-05-09,P001376,capture,1723,80,1643,USD,
S009391,2026-05-09,P017864,capture,2472,102,2370,USD,
S009393,2026-05-09,P005524,capture,2652,107,2545,USD,
S009394,2026-05-09,P019468,capture,2317,97,2220,USD,
S009395,2026-05-09,P010878,capture,12825,402,12423,USD,
S009397,2026-05-09,P009370,capture,45214,1341,43873,USD,
S009401,2026-05-09,P005596,capture,1999,88,1911,USD,
S009402,2026-05-09,P001869,capture,2789,111,2678,USD,
S009405,2026-05-09,P002802,capture,23659,716,22943,USD,
S009407,2026-05-09,P018077,capture,4184,151,4033,USD,
S009408,2026-05-09,P002113,capture,2828,112,2716,USD,
S009412,2026-05-09,P006386,capture,16800,517,16283,USD,
S009413,2026-05-09,P011920,capture,2446,101,2345,USD,
S009414,2026-05-09,P012537,capture,13635,424,13211,EUR,converted at 1.0961
S009415,2026-05-09,P003563,capture,17059,525,16534,USD,
S009418,2026-05-09,P002225,capture,10090,323,9767,USD,
S009420,2026-05-09,P002559,capture,4374,157,4217,USD,
S009421,2026-05-09,P018596,capture,6694,224,6470,USD,
S009422,2026-05-09,P015076,capture,894,56,838,USD,
S009423,2026-05-09,P014653,capture,4365,157,4208,USD,
S009424,2026-05-09,P013482,capture,10281,328,9953,USD,
S009425,2026-05-09,P000950,capture,2873,113,2760,USD,
S009427,2026-05-09,P007497,capture,12275,386,11889,USD,
S009428,2026-05-09,P013505,capture,11130,353,10777,USD,
S009433,2026-05-09,P019636,capture,16894,520,16374,USD,
S009434,2026-05-09,P007899,capture,742,52,690,USD,
S009435,2026-05-09,P016151,capture,2454,101,2353,USD,
S009436,2026-05-09,P011932,capture,2226,95,2131,USD,
S009437,2026-05-09,P004354,capture,13380,418,12962,USD,
S009438,2026-05-09,P017966,capture,5470,189,5281,USD,
S009439,2026-05-09,P011916,capture,2978,116,2862,USD,
S009440,2026-05-09,P015668,capture,16049,495,15554,USD,
S009441,2026-05-09,P013666,capture,11277,357,10920,USD,
S009442,2026-05-09,P013264,capture,9497,305,9192,USD,
S009444,2026-05-09,P003349,capture,5298,184,5114,USD,
S009445,2026-05-09,P016808,capture,12541,394,12147,USD,
S009447,2026-05-09,P008539,capture,6280,212,6068,USD,
S009449,2026-05-09,P003415,capture,2397,100,2297,USD,
S009451,2026-05-09,P003496,capture,1410,71,1339,USD,
S009452,2026-05-09,P016455,capture,6725,225,6500,USD,
S009453,2026-05-09,P005922,capture,2911,114,2797,USD,
S009454,2026-05-09,P005686,capture,3412,129,3283,USD,
S009455,2026-05-09,P006912,capture,9799,314,9485,USD,
S009458,2026-05-09,P004760,capture,1327,68,1259,USD,
S009460,2026-05-09,P000444,capture,8222,268,7954,USD,
S009464,2026-05-09,P011373,capture,18871,577,18294,USD,
S009469,2026-05-09,P019333,capture,7450,246,7204,USD,
S009470,2026-05-09,P000602,capture,7854,258,7596,USD,
S009472,2026-05-09,P013634,capture,2245,95,2150,USD,
S009478,2026-05-09,P019784,capture,2415,100,2315,USD,
S009480,2026-05-09,P002140,capture,1012,59,953,USD,
S009481,2026-05-09,P013306,capture,6541,220,6321,USD,
S009483,2026-05-09,P019133,capture,704,50,654,USD,
S009485,2026-05-09,P000197,capture,1998,88,1910,USD,
S009486,2026-05-09,P006749,capture,7216,239,6977,USD,
S009487,2026-05-09,P004885,capture,7501,248,7253,USD,
S009490,2026-05-09,P016190,capture,1842,83,1759,USD,
S009491,2026-05-09,P000185,capture,5174,180,4994,USD,
S009492,2026-05-09,P019574,capture,3359,127,3232,USD,
S009493,2026-05-09,P006448,capture,785,53,732,USD,
S009494,2026-05-09,P011215,capture,6711,225,6486,USD,
S009495,2026-05-09,P000998,capture,4604,164,4440,USD,
S009496,2026-05-09,P011087,capture,1463,72,1391,USD,
S009497,2026-05-09,P018056,capture,10312,329,9983,USD,
S009498,2026-05-09,P013392,capture,6423,216,6207,USD,
S009500,2026-05-09,P017989,capture,9901,317,9584,USD,
S009501,2026-05-09,P000361,capture,2461,101,2360,USD,
S009502,2026-05-09,P002501,capture,3017,117,2900,USD,
S009504,2026-05-09,P010739,capture,10711,341,10370,USD,
S009505,2026-05-09,P008161,capture,10388,331,10057,USD,
S009506,2026-05-09,P011979,capture,4381,157,4224,USD,
S009508,2026-05-09,P013328,capture,4182,151,4031,USD,
S009510,2026-05-09,P001618,capture,9468,305,9163,USD,
S009512,2026-05-09,P007557,capture,10951,348,10603,USD,
S009515,2026-05-09,P002227,capture,6954,232,6722,USD,
S009516,2026-05-09,P004369,capture,4121,150,3971,USD,
S009517,2026-05-09,P016875,capture,3181,122,3059,USD,
S009518,2026-05-09,P015484,capture,2616,106,2510,USD,
S009520,2026-05-09,P014208,capture,1304,68,1236,USD,
S009522,2026-05-09,P018784,capture,3733,138,3595,USD,
S009523,2026-05-09,P010819,capture,5779,198,5581,USD,
S009526,2026-05-09,P016166,capture,6362,214,6148,USD,
S009527,2026-05-09,P011352,capture,17098,526,16572,USD,
S009531,2026-05-09,P016820,capture,2366,99,2267,USD,
S009532,2026-05-09,P001775,capture,12778,401,12377,USD,
S009533,2026-05-09,P001993,capture,1315,68,1247,USD,
S009535,2026-05-09,P002516,capture,876,55,821,USD,
S009536,2026-05-09,P018759,capture,1896,85,1811,USD,
S009537,2026-05-09,P011171,capture,12112,381,11731,USD,
S009538,2026-05-09,P004563,capture,17788,546,17242,USD,
S009539,2026-05-09,P019771,capture,4018,147,3871,USD,
S009540,2026-05-09,P008429,capture,13800,430,13370,USD,
S009543,2026-05-09,P004457,capture,2794,111,2683,USD,
S009544,2026-05-09,P003525,capture,1415,71,1344,USD,
S009545,2026-05-09,P004944,capture,9945,318,9627,USD,
S009546,2026-05-09,P014781,capture,10346,330,10016,USD,
S009548,2026-05-09,P010097,capture,29868,896,28972,USD,
S009550,2026-05-09,P006964,capture,10420,332,10088,USD,
S009553,2026-05-09,P011589,capture,4810,169,4641,USD,
S009555,2026-05-09,P014633,capture,1959,87,1872,USD,
S009558,2026-05-09,P000574,capture,6442,217,6225,USD,
S009561,2026-05-09,P018861,capture,2058,90,1968,USD,
S009562,2026-05-09,P004831,capture,7727,254,7473,USD,
S009563,2026-05-09,P012512,capture,3764,139,3625,USD,
S009564,2026-05-09,P006981,capture,8050,263,7787,USD,
S009565,2026-05-09,P010868,capture,16718,515,16203,USD,
S009566,2026-05-09,P002560,capture,2664,107,2557,USD,
S009568,2026-05-09,P000709,capture,9153,295,8858,USD,
S009570,2026-05-09,P019497,capture,9457,305,9152,EUR,converted at 1.0961
S009571,2026-05-09,P018440,capture,1118,62,1056,USD,
S009575,2026-05-09,P002932,capture,4099,149,3950,USD,
S009578,2026-05-09,P001165,capture,28382,853,27529,USD,
S009579,2026-05-09,P006072,capture,1065,61,1004,USD,
S009580,2026-05-09,P018391,capture,3319,126,3193,USD,
S009582,2026-05-09,P019826,capture,2724,109,2615,USD,
S009583,2026-05-09,P000415,capture,9596,308,9288,USD,
S009585,2026-05-09,P006087,capture,3167,122,3045,USD,
S009588,2026-05-09,P011669,capture,5384,186,5198,USD,
S009589,2026-05-09,P019201,capture,5920,202,5718,USD,
S009590,2026-05-09,P013302,capture,1355,69,1286,USD,
S009591,2026-05-09,P014369,capture,7145,237,6908,USD,
S009593,2026-05-09,P009469,capture,2738,109,2629,USD,
S009595,2026-05-09,P004729,capture,6297,213,6084,USD,
S009597,2026-05-09,P008336,capture,1549,75,1474,USD,
S009598,2026-05-09,P017463,capture,2746,110,2636,USD,
S009600,2026-05-09,P011028,capture,7731,254,7477,USD,
S009601,2026-05-09,P012011,capture,7776,256,7520,USD,
S009603,2026-05-09,P012714,capture,3545,133,3412,USD,
S009604,2026-05-09,P004533,capture,2422,100,2322,USD,
S009606,2026-05-09,P010151,capture,3574,134,3440,USD,
S009608,2026-05-09,P007804,capture,3390,128,3262,USD,
S009609,2026-05-09,P009504,capture,1335,69,1266,USD,
S009610,2026-05-09,P006634,capture,6777,227,6550,USD,
S009613,2026-05-09,P016914,capture,3433,118,3315,USD,
S009614,2026-05-09,P005066,capture,6552,220,6332,USD,
S009615,2026-05-09,P002031,capture,5256,182,5074,USD,
S009616,2026-05-09,P013712,capture,8662,281,8381,USD,
S009618,2026-05-09,P007452,capture,1577,76,1501,USD,
S009621,2026-05-09,P008471,capture,639,49,590,USD,
S009622,2026-05-09,P006610,capture,7226,240,6986,USD,
S009623,2026-05-09,P014954,capture,21275,647,20628,USD,
S009624,2026-05-09,P009898,capture,3888,143,3745,USD,
S009625,2026-05-09,P001688,capture,1677,79,1598,USD,
S009626,2026-05-09,P009682,capture,1510,74,1436,USD,
S009627,2026-05-09,P000750,capture,18192,558,17634,USD,
S009628,2026-05-09,P002310,capture,11838,373,11465,USD,
S009629,2026-05-09,P011838,capture,7912,259,7653,USD,
S009630,2026-05-09,P004161,capture,10653,339,10314,USD,
S009632,2026-05-09,P004374,capture,2724,109,2615,USD,
S009633,2026-05-09,P005178,capture,762,52,710,USD,
S009634,2026-05-09,P006401,capture,4512,161,4351,USD,
S016608,2026-05-09,P008008,capture,3444,130,3314,USD,
S016615,2026-05-09,P010572,capture,18781,575,18206,USD,
S016620,2026-05-09,P011860,capture,5807,198,5609,USD,
S016631,2026-05-09,P016254,capture,12405,390,12015,USD,
S016636,2026-05-09,P019251,capture,802,53,749,USD,
S016637,2026-05-09,P019657,capture,1116,62,1054,USD,
S005100,2026-05-10,P011754,capture,5309,184,5125,USD,
S005110,2026-05-10,P006033,capture,3547,133,3414,USD,
S005114,2026-05-10,P011966,capture,1531,74,1457,USD,
S005116,2026-05-10,P019738,capture,12310,387,11923,USD,
S005133,2026-05-10,P004340,capture,4063,148,3915,USD,
S005154,2026-05-10,P015977,capture,3332,127,3205,USD,
S005206,2026-05-10,P000315,capture,1053,61,992,USD,
S005207,2026-05-10,P015176,capture,9903,317,9586,USD,
S005214,2026-05-10,P011673,capture,6899,230,6669,USD,
S005218,2026-05-10,P018385,capture,6013,204,5809,USD,
S005268,2026-05-10,P011119,capture,13571,424,13147,USD,
S005288,2026-05-10,P017977,capture,6976,232,6744,USD,
S005349,2026-05-10,P009525,capture,4354,156,4198,USD,
S005354,2026-05-10,P009540,capture,3776,140,3636,USD,
S005368,2026-05-10,P013228,capture,5915,202,5713,USD,
S005387,2026-05-10,P015742,capture,5096,178,4918,USD,
S005388,2026-05-10,P011700,capture,14252,443,13809,USD,
S005390,2026-05-10,P003554,capture,10172,325,9847,USD,
S005410,2026-05-10,P016623,capture,22011,668,21343,USD,
S005411,2026-05-10,P012455,capture,1555,75,1480,USD,
S005462,2026-05-10,P006280,capture,10259,328,9931,USD,
S005474,2026-05-10,P002396,capture,2159,93,2066,USD,
S005479,2026-05-10,P015401,capture,8839,286,8553,USD,
S005485,2026-05-10,P001799,capture,19116,584,18532,USD,
S005487,2026-05-10,P002263,capture,5532,190,5342,USD,
S005519,2026-05-10,P017894,capture,2716,109,2607,USD,
S005523,2026-05-10,P012550,capture,4917,173,4744,USD,
S005524,2026-05-10,P010040,capture,5862,200,5662,USD,
S005529,2026-05-10,P016744,capture,6541,220,6321,USD,
S005530,2026-05-10,P002514,capture,5019,176,4843,USD,
S005543,2026-05-10,P016299,capture,5725,196,5529,USD,
S005552,2026-05-10,P012631,capture,4278,154,4124,USD,
S005574,2026-05-10,P004464,capture,8248,269,7979,USD,
S005576,2026-05-10,P000237,capture,6067,206,5861,USD,
S005586,2026-05-10,P006133,capture,3947,144,3803,USD,
S005587,2026-05-10,P008184,capture,3826,141,3685,USD,
S005592,2026-05-10,P017476,capture,19711,602,19109,USD,
S005594,2026-05-10,P011965,capture,6128,208,5920,USD,
S005595,2026-05-10,P005610,capture,1137,63,1074,USD,
S005604,2026-05-10,P007538,capture,3610,135,3475,USD,
S005618,2026-05-10,P003783,capture,11570,366,11204,USD,
S005620,2026-05-10,P016801,capture,8784,285,8499,USD,
S005628,2026-05-10,P004045,capture,8687,282,8405,USD,
S005660,2026-05-10,P012010,capture,7266,241,7025,USD,
S005664,2026-05-10,P013531,capture,2794,111,2683,USD,
S005682,2026-05-10,P010253,capture,1926,86,1840,USD,
S005691,2026-05-10,P010886,capture,2279,96,2183,USD,
S005707,2026-05-10,P015276,capture,14467,450,14017,USD,
S005732,2026-05-10,P009927,capture,7780,256,7524,USD,
S005751,2026-05-10,P005816,capture,5173,180,4993,USD,
S005777,2026-05-10,P010449,capture,1292,67,1225,USD,
S005780,2026-05-10,P016061,capture,2157,93,2064,USD,
S005807,2026-05-10,P014311,capture,6485,218,6267,USD,
S005811,2026-05-10,P017780,capture,5008,175,4833,USD,
S005857,2026-05-10,P018982,capture,5594,192,5402,USD,
S005865,2026-05-10,P007326,capture,4142,150,3992,USD,
S005869,2026-05-10,P019564,capture,7661,252,7409,USD,
S005878,2026-05-10,P000990,capture,5976,203,5773,USD,
S005885,2026-05-10,P009669,capture,2306,97,2209,USD,
S005896,2026-05-10,P002165,capture,11269,357,10912,USD,
S005948,2026-05-10,P013112,capture,2675,108,2567,USD,
S006004,2026-05-10,P018240,capture,15977,493,15484,USD,
S006007,2026-05-10,P001060,capture,4271,154,4117,USD,
S006014,2026-05-10,P014184,capture,1212,65,1147,USD,
S006033,2026-05-10,P000098,capture,1543,75,1468,USD,
S006057,2026-05-10,P017079,capture,2921,115,2806,USD,
S006070,2026-05-10,P012421,capture,8687,282,8405,USD,
S006090,2026-05-10,P005923,capture,1435,72,1363,USD,
S006098,2026-05-10,P014631,capture,7652,252,7400,USD,
S006129,2026-05-10,P000451,capture,17209,529,16680,USD,
S006160,2026-05-10,P003218,capture,947,57,890,USD,
S006169,2026-05-10,P019349,capture,26704,804,25900,USD,
S006176,2026-05-10,P011572,capture,5626,193,5433,USD,
S006195,2026-05-10,P000969,capture,2083,90,1993,USD,
S006200,2026-05-10,P017786,capture,5024,176,4848,USD,
S006243,2026-05-10,P001050,capture,487,44,443,USD,
S006246,2026-05-10,P004171,capture,7168,238,6930,USD,
S006259,2026-05-10,P004790,capture,35056,1047,34009,USD,
S006292,2026-05-10,P008651,capture,10172,325,9847,USD,
S006300,2026-05-10,P014675,capture,9251,298,8953,USD,
S006314,2026-05-10,P010006,capture,1916,86,1830,USD,
S006337,2026-05-10,P018424,capture,2151,92,2059,USD,
S006338,2026-05-10,P010237,capture,4440,159,4281,USD,
S006385,2026-05-10,P014771,capture,1916,86,1830,USD,
S006418,2026-05-10,P011637,capture,7673,253,7420,USD,
S006438,2026-05-10,P015845,capture,1070,61,1009,USD,
S006455,2026-05-10,P012195,capture,7691,253,7438,USD,
S006475,2026-05-10,P000777,capture,341,40,301,USD,
S006478,2026-05-10,P007582,capture,41624,1237,40387,USD,
S006501,2026-05-10,P009811,capture,6339,214,6125,USD,
S006518,2026-05-10,P009443,capture,5337,185,5152,USD,
S006523,2026-05-10,P014711,capture,1308,68,1240,USD,
S006536,2026-05-10,P012806,capture,3364,128,3236,USD,
S006539,2026-05-10,P011271,capture,1560,75,1485,USD,
S006551,2026-05-10,P013474,capture,815,54,761,USD,
S006577,2026-05-10,P015957,capture,2430,100,2330,USD,
S006598,2026-05-10,P017934,capture,5817,199,5618,USD,
S006611,2026-05-10,P017475,capture,3703,137,3566,USD,
S006613,2026-05-10,P013242,capture,9929,318,9611,USD,
S006622,2026-05-10,P000359,capture,1728,80,1648,USD,
S006632,2026-05-10,P000803,capture,22974,696,22278,USD,
S006656,2026-05-10,P004284,capture,5141,179,4962,USD,
S006668,2026-05-10,P002655,capture,34314,1025,33289,USD,
S006702,2026-05-10,P010124,capture,11563,365,11198,USD,
S006717,2026-05-10,P002701,capture,4868,171,4697,USD,
S006723,2026-05-10,P011697,capture,2075,90,1985,USD,
S006731,2026-05-10,P011922,capture,4291,154,4137,USD,
S006741,2026-05-10,P009651,capture,13026,408,12618,USD,
S006761,2026-05-10,P019849,capture,13025,408,12617,USD,
S006762,2026-05-10,P003521,capture,2433,101,2332,USD,
S006776,2026-05-10,P013278,capture,5422,187,5235,USD,
S006778,2026-05-10,P003878,capture,8516,277,8239,USD,
S006827,2026-05-10,P013868,capture,1278,67,1211,USD,
S006848,2026-05-10,P006468,capture,4606,164,4442,USD,
S006856,2026-05-10,P004584,capture,4672,165,4507,USD,
S006875,2026-05-10,P009468,capture,1595,76,1519,USD,
S006879,2026-05-10,P005424,capture,2491,102,2389,USD,
S006893,2026-05-10,P003705,capture,3203,123,3080,USD,
S006923,2026-05-10,P018042,capture,2135,92,2043,USD,
S006932,2026-05-10,P018757,capture,23539,713,22826,USD,
S006936,2026-05-10,P008140,capture,10317,329,9988,USD,
S006955,2026-05-10,P007596,capture,765,52,713,USD,
S006967,2026-05-10,P001153,capture,2714,109,2605,USD,
S006983,2026-05-10,P008033,capture,2720,109,2611,USD,
S007010,2026-05-10,P017868,capture,10372,331,10041,USD,
S007015,2026-05-10,P013972,capture,8919,289,8630,USD,
S007018,2026-05-10,P003451,capture,4437,159,4278,USD,
S007026,2026-05-10,P001314,capture,12377,389,11988,USD,
S007035,2026-05-10,P015465,capture,7449,246,7203,USD,
S007036,2026-05-10,P011992,capture,11277,357,10920,USD,
S007042,2026-05-10,P019409,capture,785,53,732,USD,
S007048,2026-05-10,P017638,capture,1118,62,1056,USD,
S007087,2026-05-10,P017044,capture,5936,202,5734,USD,
S007089,2026-05-10,P003851,capture,8059,264,7795,USD,
S007107,2026-05-10,P006326,capture,2075,90,1985,USD,
S007131,2026-05-10,P006361,capture,6989,233,6756,USD,
S007150,2026-05-10,P012049,capture,10655,339,10316,USD,
S007155,2026-05-10,P000535,capture,2124,92,2032,USD,
S007183,2026-05-10,P016321,capture,1741,80,1661,USD,
S007188,2026-05-10,P018406,capture,21887,666,21221,EUR,converted at 1.0961
S007228,2026-05-10,P016033,capture,2400,100,2300,USD,
S007232,2026-05-10,P009253,capture,4809,169,4640,USD,
S007274,2026-05-10,P009930,capture,10328,330,9998,USD,
S007317,2026-05-10,P014794,capture,10740,341,10399,USD,
S007332,2026-05-10,P005018,capture,1494,73,1421,USD,
S007343,2026-05-10,P007213,capture,2439,101,2338,USD,
S007346,2026-05-10,P007686,capture,1976,87,1889,USD,
S007355,2026-05-10,P016132,capture,2885,114,2771,USD,
S007356,2026-05-10,P008192,capture,12059,380,11679,USD,
S007357,2026-05-10,P010262,capture,8902,288,8614,USD,
S007358,2026-05-10,P015050,capture,1546,75,1471,USD,
S007359,2026-05-10,P011654,capture,3905,143,3762,USD,
S007360,2026-05-10,P010665,capture,3515,132,3383,USD,
S007364,2026-05-10,P015087,capture,2362,98,2264,USD,
S007365,2026-05-10,P010643,capture,12243,385,11858,USD,
S007367,2026-05-10,P009463,capture,2524,103,2421,USD,
S007378,2026-05-10,P008723,capture,1582,76,1506,USD,
S007379,2026-05-10,P015659,capture,20281,618,19663,USD,
S007380,2026-05-10,P019736,capture,9868,316,9552,USD,
S007382,2026-05-10,P004813,capture,4360,156,4204,USD,
S007387,2026-05-10,P008136,capture,10725,341,10384,USD,
S007388,2026-05-10,P000683,capture,2613,106,2507,USD,
S007397,2026-05-10,P005044,capture,6063,206,5857,USD,
S007398,2026-05-10,P011356,capture,6057,206,5851,USD,
S007399,2026-05-10,P004205,capture,2716,109,2607,USD,
S007401,2026-05-10,P001033,capture,6982,232,6750,USD,
S007402,2026-05-10,P015100,capture,2800,111,2689,USD,
S007411,2026-05-10,P011184,capture,12004,378,11626,USD,
S007415,2026-05-10,P014905,capture,767,52,715,USD,
S007426,2026-05-10,P008654,capture,4530,161,4369,USD,
S007429,2026-05-10,P002675,capture,6579,221,6358,USD,
S007434,2026-05-10,P002476,capture,14446,449,13997,USD,
S007435,2026-05-10,P008771,capture,2489,102,2387,USD,
S007445,2026-05-10,P001710,capture,7758,255,7503,USD,
S007449,2026-05-10,P008182,capture,2936,115,2821,USD,
S007450,2026-05-10,P011742,capture,1427,71,1356,USD,
S007451,2026-05-10,P011612,capture,5346,185,5161,USD,
S007459,2026-05-10,P017596,capture,3548,133,3415,USD,
S007471,2026-05-10,P002734,capture,217,36,181,USD,
S007473,2026-05-10,P000462,capture,6078,206,5872,USD,
S007477,2026-05-10,P005490,capture,5286,183,5103,USD,
S007482,2026-05-10,P012022,capture,9000,291,8709,USD,
S007484,2026-05-10,P004730,capture,23904,723,23181,USD,
S007486,2026-05-10,P019316,capture,4110,149,3961,USD,
S007490,2026-05-10,P003477,capture,1562,75,1487,USD,
S007491,2026-05-10,P014295,capture,3652,136,3516,USD,
S007494,2026-05-10,P001817,capture,9489,305,9184,USD,
S007500,2026-05-10,P015736,capture,5537,191,5346,USD,
S007501,2026-05-10,P014719,capture,3829,141,3688,USD,
S007506,2026-05-10,P015729,capture,4560,162,4398,USD,
S007508,2026-05-10,P009195,capture,6013,204,5809,USD,
S007509,2026-05-10,P006017,capture,11528,364,11164,USD,
S007511,2026-05-10,P007766,capture,5871,200,5671,USD,
S007513,2026-05-10,P006503,capture,11680,369,11311,USD,
S007525,2026-05-10,P002550,capture,6564,220,6344,USD,
S007527,2026-05-10,P009143,capture,14848,461,14387,USD,
S007532,2026-05-10,P004309,capture,1545,75,1470,USD,
S007537,2026-05-10,P003772,capture,4380,157,4223,USD,
S007541,2026-05-10,P010877,capture,7620,251,7369,USD,
S007546,2026-05-10,P011846,capture,1306,68,1238,USD,
S007552,2026-05-10,P009954,capture,55250,1632,53618,USD,
S007553,2026-05-10,P000936,capture,5849,200,5649,USD,
S007554,2026-05-10,P010086,capture,6170,209,5961,USD,
S007555,2026-05-10,P003886,capture,6183,209,5974,USD,
S007556,2026-05-10,P002247,capture,752,52,700,USD,
S007558,2026-05-10,P009140,capture,14241,443,13798,USD,
S007568,2026-05-10,P012729,capture,2626,106,2520,USD,
S007570,2026-05-10,P012852,capture,14396,447,13949,USD,
S007573,2026-05-10,P006944,capture,2216,93,2123,EUR,converted at 1.0961
S007574,2026-05-10,P015743,capture,5785,198,5587,USD,
S007575,2026-05-10,P013794,capture,10609,338,10271,USD,
S007576,2026-05-10,P006595,capture,22676,688,21988,USD,
S007577,2026-05-10,P007385,capture,617,48,569,USD,
S007579,2026-05-10,P001777,capture,3150,121,3029,USD,
S007583,2026-05-10,P005860,capture,3034,118,2916,USD,
S007588,2026-05-10,P000409,capture,4196,152,4044,USD,
S007590,2026-05-10,P019123,capture,7589,250,7339,USD,
S007592,2026-05-10,P009096,capture,3736,138,3598,USD,
S007593,2026-05-10,P015304,capture,13633,425,13208,USD,
S007595,2026-05-10,P004376,capture,16548,510,16038,USD,
S007596,2026-05-10,P010584,capture,4408,158,4250,USD,
S007597,2026-05-10,P009956,capture,4641,165,4476,USD,
S007601,2026-05-10,P008147,capture,4516,161,4355,USD,
S007608,2026-05-10,P010387,capture,4302,155,4147,USD,
S007610,2026-05-10,P014080,capture,3357,127,3230,USD,
S007613,2026-05-10,P017008,capture,3370,128,3242,USD,
S007614,2026-05-10,P008009,capture,2070,90,1980,USD,
S007615,2026-05-10,P003769,capture,1979,87,1892,USD,
S007617,2026-05-10,P006201,capture,4813,170,4643,USD,
S007618,2026-05-10,P019078,capture,7520,249,7271,EUR,converted at 1.0961
S007620,2026-05-10,P019759,capture,4819,170,4649,USD,
S007625,2026-05-10,P014073,capture,4437,159,4278,USD,
S007638,2026-05-10,P019591,capture,4439,159,4280,USD,
S007640,2026-05-10,P008946,capture,10138,324,9814,USD,
S007643,2026-05-10,P012661,capture,2831,112,2719,USD,
S007645,2026-05-10,P011937,capture,1124,62,1062,EUR,converted at 1.0961
S007648,2026-05-10,P005076,capture,3253,124,3129,USD,
S007654,2026-05-10,P011088,capture,6783,227,6556,USD,
S007659,2026-05-10,P013610,capture,2296,97,2199,USD,
S007661,2026-05-10,P004210,capture,3272,125,3147,USD,
S007663,2026-05-10,P004039,capture,12784,401,12383,USD,
S007665,2026-05-10,P005276,capture,1303,68,1235,USD,
S007666,2026-05-10,P017646,capture,13036,408,12628,USD,
S007667,2026-05-10,P017454,capture,5049,176,4873,USD,
S007670,2026-05-10,P007060,capture,6174,209,5965,USD,
S007674,2026-05-10,P006021,capture,12471,392,12079,USD,
S007676,2026-05-10,P006134,capture,13195,413,12782,USD,
S007679,2026-05-10,P017957,capture,12815,402,12413,USD,
S007681,2026-05-10,P000492,capture,5749,197,5552,USD,
S007683,2026-05-10,P008576,capture,1201,65,1136,USD,
S007684,2026-05-10,P008763,capture,4156,151,4005,USD,
S007689,2026-05-10,P016282,capture,2170,93,2077,USD,
S007690,2026-05-10,P009681,capture,4563,162,4401,USD,
S007691,2026-05-10,P015594,capture,14961,464,14497,USD,
S007693,2026-05-10,P005478,capture,19384,592,18792,USD,
S007695,2026-05-10,P013331,capture,22968,696,22272,USD,
S007697,2026-05-10,P018883,capture,2999,117,2882,USD,
S007698,2026-05-10,P004322,capture,5234,182,5052,USD,
S007702,2026-05-10,P009417,capture,6169,209,5960,USD,
S007703,2026-05-10,P008029,capture,6252,211,6041,USD,
S007704,2026-05-10,P015442,capture,2325,97,2228,USD,
S007705,2026-05-10,P019299,capture,1342,69,1273,USD,
S007709,2026-05-10,P011823,capture,4749,168,4581,USD,
S007711,2026-05-10,P000863,capture,15061,467,14594,USD,
S007713,2026-05-10,P006508,capture,4211,152,4059,USD,
S007717,2026-05-10,P006316,capture,6921,231,6690,USD,
S007720,2026-05-10,P004686,capture,3296,126,3170,USD,
S007721,2026-05-10,P010321,capture,2548,104,2444,USD,
S007729,2026-05-10,P013791,capture,10826,344,10482,USD,
S007733,2026-05-10,P004029,capture,7567,249,7318,USD,
S007737,2026-05-10,P000671,capture,7118,236,6882,USD,
S007738,2026-05-10,P017194,capture,9633,309,9324,USD,
S007744,2026-05-10,P005983,capture,15792,488,15304,USD,
S007747,2026-05-10,P012013,capture,4551,162,4389,USD,
S007748,2026-05-10,P011019,capture,4166,151,4015,USD,
S007752,2026-05-10,P010717,capture,4517,161,4356,USD,
S007755,2026-05-10,P013516,capture,2208,94,2114,USD,
S007760,2026-05-10,P008171,capture,872,55,817,USD,
S007765,2026-05-10,P005100,capture,1939,86,1853,USD,
S007767,2026-05-10,P007256,capture,6623,222,6401,USD,
S007773,2026-05-10,P015993,capture,13279,415,12864,USD,
S007782,2026-05-10,P010075,capture,4941,173,4768,USD,
S007784,2026-05-10,P004231,capture,14158,441,13717,USD,
S007785,2026-05-10,P003752,capture,3603,134,3469,USD,
S007789,2026-05-10,P009970,capture,3733,138,3595,USD,
S007794,2026-05-10,P016571,capture,2219,94,2125,USD,
S007798,2026-05-10,P013032,capture,7054,235,6819,USD,
S007799,2026-05-10,P009033,capture,6650,223,6427,USD,
S007806,2026-05-10,P015128,capture,22614,686,21928,USD,
S007807,2026-05-10,P000257,capture,703,50,653,USD,
S007809,2026-05-10,P013952,capture,8475,276,8199,USD,
S007814,2026-05-10,P006120,capture,2275,96,2179,USD,
S007820,2026-05-10,P010651,capture,18367,563,17804,USD,
S007826,2026-05-10,P013296,capture,4024,147,3877,USD,
S007829,2026-05-10,P018731,capture,3953,145,3808,USD,
S007832,2026-05-10,P001568,capture,4445,159,4286,USD,
S007834,2026-05-10,P000093,capture,38191,1138,37053,USD,
S007840,2026-05-10,P015108,capture,14522,451,14071,USD,
S007841,2026-05-10,P010700,capture,4127,150,3977,USD,
S007843,2026-05-10,P013883,capture,3519,132,3387,USD,
S007844,2026-05-10,P003403,capture,3201,123,3078,USD,
S007853,2026-05-10,P010255,capture,2845,113,2732,USD,
S007860,2026-05-10,P017610,capture,1515,74,1441,USD,
S007867,2026-05-10,P005119,capture,1578,76,1502,USD,
S007869,2026-05-10,P011778,capture,2060,90,1970,USD,
S007871,2026-05-10,P013143,capture,1482,73,1409,USD,
S007880,2026-05-10,P008320,capture,4329,156,4173,USD,
S007882,2026-05-10,P009694,capture,2521,103,2418,USD,
S007883,2026-05-10,P014512,capture,1689,79,1610,USD,
S007885,2026-05-10,P008721,capture,12465,391,12074,USD,
S007891,2026-05-10,P003512,capture,5928,202,5726,USD,
S007892,2026-05-10,P001868,capture,9379,302,9077,USD,
S007899,2026-05-10,P018923,capture,4640,165,4475,USD,
S007902,2026-05-10,P015404,capture,1955,87,1868,USD,
S007907,2026-05-10,P006266,capture,7773,255,7518,USD,
S007911,2026-05-10,P018196,capture,5277,183,5094,USD,
S007914,2026-05-10,P008503,capture,3970,145,3825,USD,
S007917,2026-05-10,P010988,capture,12936,405,12531,USD,
S007922,2026-05-10,P006652,capture,6945,231,6714,USD,
S007938,2026-05-10,P017444,capture,5465,188,5277,USD,
S007942,2026-05-10,P005840,capture,4533,161,4372,USD,
S007943,2026-05-10,P011803,capture,17603,540,17063,USD,
S007946,2026-05-10,P004871,capture,3063,119,2944,USD,
S007947,2026-05-10,P013929,capture,2109,91,2018,USD,
S007952,2026-05-10,P004969,capture,24200,732,23468,USD,
S007953,2026-05-10,P010122,capture,7523,248,7275,USD,
S007959,2026-05-10,P017566,capture,5404,187,5217,USD,
S007961,2026-05-10,P003432,capture,8470,276,8194,USD,
S007962,2026-05-10,P016120,capture,3872,142,3730,USD,
S007965,2026-05-10,P002857,capture,14092,439,13653,USD,
S007966,2026-05-10,P014694,capture,4659,165,4494,USD,
S007970,2026-05-10,P014728,capture,6139,208,5931,USD,
S007973,2026-05-10,P008924,capture,3310,126,3184,USD,
S007974,2026-05-10,P019859,capture,23427,709,22718,USD,
S007980,2026-05-10,P002159,capture,697,50,647,USD,
S007986,2026-05-10,P013217,capture,4916,173,4743,USD,
S007993,2026-05-10,P000759,capture,1634,77,1557,USD,
S008000,2026-05-10,P009298,refund,-1517,0,-1517,USD,
S008002,2026-05-10,P010093,capture,43496,1291,42205,USD,
S008004,2026-05-10,P000229,capture,20073,612,19461,USD,
S008007,2026-05-10,P010245,capture,4425,158,4267,USD,
S008011,2026-05-10,P012307,capture,6389,215,6174,USD,
S008012,2026-05-10,P017861,capture,1608,77,1531,USD,
S008015,2026-05-10,P010454,capture,6665,223,6442,USD,
S008019,2026-05-10,P008094,capture,2197,94,2103,USD,
S008023,2026-05-10,P013893,capture,10575,337,10238,USD,
S008028,2026-05-10,P017830,capture,2371,99,2272,USD,
S008035,2026-05-10,P015148,capture,3453,130,3323,USD,
S008037,2026-05-10,P017251,capture,6917,231,6686,USD,
S008038,2026-05-10,P002856,capture,4325,155,4170,USD,
S008040,2026-05-10,P010368,capture,5971,203,5768,USD,
S008041,2026-05-10,P000119,capture,21783,663,21120,EUR,converted at 1.0961
S008045,2026-05-10,P011925,capture,4036,147,3889,USD,
S008049,2026-05-10,P003850,capture,2625,106,2519,USD,
S008054,2026-05-10,P014969,capture,2260,96,2164,USD,
S008055,2026-05-10,P016915,capture,17537,539,16998,USD,
S008057,2026-05-10,P001439,capture,5701,195,5506,USD,
S008058,2026-05-10,P017195,capture,6887,230,6657,USD,
S008072,2026-05-10,P006126,capture,1412,71,1341,USD,
S008075,2026-05-10,P016835,capture,10473,334,10139,USD,
S008082,2026-05-10,P003714,capture,8259,270,7989,USD,
S008086,2026-05-10,P017857,capture,9149,295,8854,USD,
S008092,2026-05-10,P012233,capture,2175,93,2082,USD,
S008093,2026-05-10,P012290,capture,2623,106,2517,USD,
S008095,2026-05-10,P019961,capture,2465,101,2364,USD,
S008099,2026-05-10,P003755,capture,12848,403,12445,USD,
S008100,2026-05-10,P016524,capture,5122,179,4943,USD,
S008101,2026-05-10,P003141,capture,4779,169,4610,USD,
S008104,2026-05-10,P012349,capture,4053,148,3905,USD,
S008105,2026-05-10,P016553,capture,4112,149,3963,USD,
S008106,2026-05-10,P000146,capture,18039,553,17486,USD,
S008109,2026-05-10,P002741,capture,3729,138,3591,USD,
S008111,2026-05-10,P009833,capture,15154,469,14685,USD,
S008114,2026-05-10,P003425,capture,2906,114,2792,USD,
S008115,2026-05-10,P009431,capture,1835,83,1752,USD,
S008119,2026-05-10,P018475,capture,19294,591,18703,EUR,converted at 1.0961
S008121,2026-05-10,P008587,capture,4209,152,4057,USD,
S008126,2026-05-10,P016169,capture,23116,700,22416,USD,
S008132,2026-05-10,P005222,capture,9046,292,8754,USD,
S008136,2026-05-10,P012596,capture,2760,110,2650,USD,
S008137,2026-05-10,P008890,capture,4848,171,4677,USD,
S008140,2026-05-10,P004711,capture,13005,407,12598,USD,
S008141,2026-05-10,P018348,capture,8180,267,7913,USD,
S008142,2026-05-10,P008117,capture,17540,539,17001,USD,
S008143,2026-05-10,P005575,capture,6206,210,5996,USD,
S008144,2026-05-10,P019243,capture,2609,106,2503,USD,
S008147,2026-05-10,P007802,capture,8720,283,8437,USD,
S008150,2026-05-10,P012339,capture,4135,150,3985,USD,
S008151,2026-05-10,P003035,capture,5076,177,4899,USD,
S008154,2026-05-10,P002898,capture,6610,222,6388,USD,
S008158,2026-05-10,P010113,capture,2787,111,2676,USD,
S008159,2026-05-10,P010618,capture,4290,154,4136,USD,
S008162,2026-05-10,P006459,capture,6758,226,6532,USD,
S008164,2026-05-10,P005616,capture,1524,74,1450,USD,
S008165,2026-05-10,P018936,capture,4059,148,3911,USD,
S008168,2026-05-10,P000259,capture,10920,347,10573,USD,
S008171,2026-05-10,P014123,capture,7393,219,7174,USD,
S008174,2026-05-10,P016633,capture,2499,102,2397,USD,
S008177,2026-05-10,P016753,capture,7313,242,7071,USD,
S008180,2026-05-10,P017110,capture,5014,175,4839,USD,
S008182,2026-05-10,P000722,capture,981,58,923,USD,
S008183,2026-05-10,P015121,capture,9529,306,9223,USD,
S008184,2026-05-10,P013243,capture,19246,588,18658,USD,
S008185,2026-05-10,P008549,capture,2147,92,2055,USD,
S008192,2026-05-10,P006878,capture,13130,411,12719,USD,
S008194,2026-05-10,P010557,capture,8857,287,8570,USD,
S008195,2026-05-10,P001762,capture,3350,127,3223,USD,
S008198,2026-05-10,P018137,capture,4683,166,4517,USD,
S008205,2026-05-10,P003364,capture,4418,158,4260,USD,
S008209,2026-05-10,P006309,capture,1416,71,1345,USD,
S008211,2026-05-10,P015676,capture,3543,133,3410,USD,
S008213,2026-05-10,P012244,capture,2798,111,2687,USD,
S008215,2026-05-10,P007803,capture,7682,253,7429,USD,
S008221,2026-05-10,P001987,capture,3157,122,3035,USD,
S008227,2026-05-10,P014841,capture,24312,735,23577,USD,
S008229,2026-05-10,P005115,capture,13080,409,12671,USD,
S008232,2026-05-10,P004128,capture,3225,124,3101,USD,
S008234,2026-05-10,P008949,capture,9317,300,9017,USD,
S008236,2026-05-10,P001944,capture,4175,151,4024,USD,
S008243,2026-05-10,P000164,capture,14126,440,13686,USD,
S008244,2026-05-10,P013887,capture,24287,734,23553,USD,
S008246,2026-05-10,P002296,capture,2659,107,2552,USD,
S008248,2026-05-10,P010824,capture,1856,84,1772,USD,
S008249,2026-05-10,P000993,capture,4290,154,4136,USD,
S008259,2026-05-10,P005605,capture,3980,145,3835,USD,
S008261,2026-05-10,P009716,capture,2294,97,2197,USD,
S008263,2026-05-10,P013875,capture,4755,168,4587,USD,
S008269,2026-05-10,P007849,capture,9671,310,9361,USD,
S008271,2026-05-10,P002752,capture,6757,226,6531,USD,
S008272,2026-05-10,P016906,capture,2532,103,2429,USD,
S008275,2026-05-10,P004391,capture,6661,223,6438,USD,
S008280,2026-05-10,P016119,capture,1329,69,1260,USD,
S008287,2026-05-10,P011812,refund,-1721,0,-1721,USD,
S008288,2026-05-10,P000591,capture,3487,131,3356,USD,
S008291,2026-05-10,P016006,capture,6251,211,6040,USD,
S008298,2026-05-10,P010743,capture,12885,404,12481,USD,
S008299,2026-05-10,P018289,capture,3753,139,3614,USD,
S008301,2026-05-10,P011320,capture,5224,181,5043,USD,
S008304,2026-05-10,P006135,capture,4406,158,4248,USD,
S008306,2026-05-10,P000331,capture,13245,414,12831,USD,
S008307,2026-05-10,P017895,capture,16583,511,16072,USD,
S008311,2026-05-10,P013081,capture,7488,247,7241,USD,
S008312,2026-05-10,P009629,capture,8670,281,8389,USD,
S008313,2026-05-10,P002199,capture,1337,69,1268,USD,
S008314,2026-05-10,P010066,capture,5079,177,4902,USD,
S008318,2026-05-10,P012310,capture,56462,1667,54795,USD,
S008324,2026-05-10,P000792,capture,6616,222,6394,USD,
S008325,2026-05-10,P002132,capture,5290,183,5107,USD,
S008333,2026-05-10,P007723,capture,14021,437,13584,USD,
S008335,2026-05-10,P013798,capture,2509,103,2406,USD,
S008339,2026-05-10,P004253,capture,15901,491,15410,USD,
S008347,2026-05-10,P007728,capture,2888,114,2774,USD,
S008349,2026-05-10,P004431,capture,3090,120,2970,USD,
S008354,2026-05-10,P014908,capture,7558,249,7309,USD,
S008356,2026-05-10,P001425,capture,2562,104,2458,USD,
S008363,2026-05-10,P006063,capture,9256,298,8958,USD,
S008364,2026-05-10,P013142,capture,8151,266,7885,USD,
S008365,2026-05-10,P011201,capture,17630,541,17089,USD,
S008372,2026-05-10,P009712,capture,4333,156,4177,USD,
S008376,2026-05-10,P004814,capture,5637,193,5444,USD,
S008379,2026-05-10,P011806,capture,12474,392,12082,USD,
S008380,2026-05-10,P010137,capture,2652,107,2545,USD,
S008381,2026-05-10,P017672,capture,6960,232,6728,USD,
S008383,2026-05-10,P014122,capture,4745,168,4577,USD,
S008388,2026-05-10,P009432,capture,1866,84,1782,USD,
S008391,2026-05-10,P004565,capture,7358,243,7115,USD,
S008392,2026-05-10,P006701,capture,937,57,880,USD,
S008398,2026-05-10,P009643,capture,4759,168,4591,USD,
S008402,2026-05-10,P000101,capture,3189,122,3067,USD,
S008416,2026-05-10,P013958,capture,3048,118,2930,USD,
S008417,2026-05-10,P012048,capture,1078,61,1017,USD,
S008418,2026-05-10,P013607,capture,22395,679,21716,USD,
S008419,2026-05-10,P019183,capture,2297,97,2200,USD,
S008420,2026-05-10,P012570,capture,9341,301,9040,USD,
S008421,2026-05-10,P010863,capture,2260,96,2164,USD,
S008422,2026-05-10,P013487,capture,7071,235,6836,USD,
S008423,2026-05-10,P001038,capture,4478,160,4318,USD,
S008428,2026-05-10,P015623,capture,12589,395,12194,USD,
S008430,2026-05-10,P006507,capture,9498,305,9193,USD,
S008435,2026-05-10,P016627,capture,1593,76,1517,USD,
S008442,2026-05-10,P005406,capture,2536,104,2432,USD,
S008443,2026-05-10,P012328,capture,1216,65,1151,USD,
S008453,2026-05-10,P013668,capture,5579,192,5387,USD,
S008454,2026-05-10,P018714,capture,1742,81,1661,USD,
S008458,2026-05-10,P011877,capture,4092,149,3943,USD,
S008465,2026-05-10,P019256,capture,5335,185,5150,USD,
S008469,2026-05-10,P004190,capture,6361,214,6147,USD,
S008470,2026-05-10,P018735,capture,885,56,829,USD,
S008476,2026-05-10,P005391,capture,9576,307,9269,EUR,converted at 1.0961
S008477,2026-05-10,P015435,capture,1452,72,1380,USD,
S008479,2026-05-10,P019098,capture,2880,114,2766,USD,
S008482,2026-05-10,P016634,capture,4586,163,4423,USD,
S008483,2026-05-10,P013755,capture,3786,140,3646,USD,
S008487,2026-05-10,P005725,capture,28332,852,27480,USD,
S008490,2026-05-10,P011503,capture,6522,219,6303,USD,
S008493,2026-05-10,P010950,capture,4429,158,4271,USD,
S008500,2026-05-10,P015095,capture,17633,541,17092,USD,
S008504,2026-05-10,P015984,capture,2187,93,2094,USD,
S008509,2026-05-10,P017533,capture,1967,87,1880,USD,
S008516,2026-05-10,P004897,capture,6178,209,5969,USD,
S008518,2026-05-10,P000840,capture,3274,125,3149,USD,
S008520,2026-05-10,P019167,capture,2298,97,2201,USD,
S008522,2026-05-10,P014698,capture,8115,265,7850,USD,
S008530,2026-05-10,P014602,capture,5921,202,5719,USD,
S008533,2026-05-10,P011859,capture,632,48,584,USD,
S008537,2026-05-10,P018257,capture,1878,84,1794,USD,
S008538,2026-05-10,P008496,capture,3112,120,2992,USD,
S008540,2026-05-10,P019801,capture,1211,65,1146,USD,
S008546,2026-05-10,P005308,capture,2259,96,2163,USD,
S008548,2026-05-10,P003306,capture,2207,94,2113,USD,
S008551,2026-05-10,P000376,capture,5493,189,5304,USD,
S008553,2026-05-10,P013810,capture,1481,73,1408,USD,
S008554,2026-05-10,P003140,refund,-2551,0,-2551,USD,
S008555,2026-05-10,P013085,capture,2035,89,1946,USD,
S008559,2026-05-10,P012158,capture,9240,298,8942,USD,
S008561,2026-05-10,P006216,capture,4866,171,4695,USD,
S008564,2026-05-10,P018957,capture,5974,203,5771,USD,
S008566,2026-05-10,P007191,capture,2306,97,2209,USD,
S008569,2026-05-10,P001673,capture,3814,141,3673,USD,
S008571,2026-05-10,P006687,capture,10567,336,10231,USD,
S008572,2026-05-10,P017390,capture,27546,829,26717,USD,
S008575,2026-05-10,P019270,capture,9092,294,8798,USD,
S008576,2026-05-10,P005466,capture,8246,269,7977,USD,
S008578,2026-05-10,P008167,capture,5965,203,5762,USD,
S008584,2026-05-10,P018786,capture,4629,164,4465,USD,
S008586,2026-05-10,P005485,capture,1029,60,969,USD,
S008588,2026-05-10,P011392,capture,6755,226,6529,USD,
S008590,2026-05-10,P016315,capture,3973,145,3828,USD,
S008591,2026-05-10,P017752,capture,7454,246,7208,USD,
S008599,2026-05-10,P004919,capture,1862,84,1778,USD,
S008602,2026-05-10,P010267,capture,5895,201,5694,USD,
S008604,2026-05-10,P017135,capture,9379,302,9077,USD,
S008605,2026-05-10,P016592,capture,9800,314,9486,USD,
S008606,2026-05-10,P010148,capture,3334,126,3208,EUR,converted at 1.0961
S008618,2026-05-10,P001705,capture,1400,71,1329,USD,
S008620,2026-05-10,P011709,capture,6743,226,6517,USD,
S008622,2026-05-10,P014000,capture,2282,96,2186,USD,
S008624,2026-05-10,P012356,capture,8283,270,8013,USD,
S008626,2026-05-10,P006664,capture,4025,147,3878,USD,
S008630,2026-05-10,P008016,capture,15389,476,14913,USD,
S008636,2026-05-10,P015358,capture,2690,108,2582,USD,
S008637,2026-05-10,P017237,capture,22830,692,22138,USD,
S008640,2026-05-10,P005249,capture,1937,86,1851,USD,
S008642,2026-05-10,P014361,capture,4216,152,4064,USD,
S008645,2026-05-10,P014387,capture,1191,65,1126,USD,
S008652,2026-05-10,P002679,capture,2569,105,2464,USD,
S008656,2026-05-10,P009788,capture,1393,70,1323,USD,
S008660,2026-05-10,P001962,capture,7681,253,7428,USD,
S008664,2026-05-10,P015206,capture,23414,709,22705,USD,
S008665,2026-05-10,P005665,capture,2895,114,2781,USD,
S008667,2026-05-10,P012949,capture,4276,154,4122,USD,
S008668,2026-05-10,P001562,capture,12817,402,12415,USD,
S008671,2026-05-10,P008304,capture,8794,285,8509,USD,
S008675,2026-05-10,P017849,capture,10160,325,9835,USD,
S008676,2026-05-10,P015117,capture,2985,117,2868,USD,
S008678,2026-05-10,P009234,capture,7520,248,7272,USD,
S008680,2026-05-10,P014533,capture,3700,137,3563,USD,
S008681,2026-05-10,P010224,capture,12551,394,12157,USD,
S008691,2026-05-10,P004233,capture,1507,74,1433,USD,
S008693,2026-05-10,P015490,capture,6785,227,6558,USD,
S008694,2026-05-10,P018682,capture,7994,262,7732,USD,
S008695,2026-05-10,P000295,capture,2070,90,1980,USD,
S008698,2026-05-10,P009283,capture,11375,360,11015,USD,
S008712,2026-05-10,P017943,capture,2433,101,2332,USD,
S008717,2026-05-10,P004191,capture,15953,493,15460,USD,
S008721,2026-05-10,P003419,capture,10391,331,10060,USD,
S008726,2026-05-10,P000569,capture,2808,111,2697,USD,
S008727,2026-05-10,P019510,capture,4750,168,4582,USD,
S008732,2026-05-10,P017342,capture,7270,241,7029,USD,
S008739,2026-05-10,P019678,capture,29434,884,28550,USD,
S008740,2026-05-10,P010804,capture,2840,112,2728,USD,
S008747,2026-05-10,P009158,capture,3390,128,3262,USD,
S008752,2026-05-10,P007666,capture,19274,589,18685,USD,
S008754,2026-05-10,P000362,capture,8183,267,7916,USD,
S008756,2026-05-10,P018631,capture,3832,141,3691,USD,
S008758,2026-05-10,P005629,capture,1943,86,1857,USD,
S008777,2026-05-10,P014572,capture,52333,1548,50785,USD,
S008778,2026-05-10,P001924,capture,7355,243,7112,USD,
S008782,2026-05-10,P001169,refund,-19034,0,-19034,USD,
S008783,2026-05-10,P000668,capture,1892,85,1807,USD,
S008785,2026-05-10,P014883,capture,22174,673,21501,USD,
S008786,2026-05-10,P011712,capture,8529,277,8252,USD,
S008789,2026-05-10,P014844,capture,13532,422,13110,USD,
S008791,2026-05-10,P009761,capture,4870,171,4699,USD,
S008797,2026-05-10,P019391,capture,5523,190,5333,USD,
S008802,2026-05-10,P014854,capture,5944,202,5742,USD,
S008803,2026-05-10,P000454,capture,2554,104,2450,USD,
S008816,2026-05-10,P018381,capture,2802,111,2691,USD,
S008819,2026-05-10,P017824,capture,1018,60,958,USD,
S008824,2026-05-10,P002017,capture,6792,227,6565,USD,
S008826,2026-05-10,P011328,capture,8889,288,8601,USD,
S008827,2026-05-10,P017209,capture,1958,87,1871,USD,
S008829,2026-05-10,P013428,capture,3433,130,3303,USD,
S008833,2026-05-10,P015875,capture,22305,677,21628,USD,
S008837,2026-05-10,P010422,capture,1696,79,1617,USD,
S008838,2026-05-10,P008994,capture,3710,138,3572,USD,
S008841,2026-05-10,P014093,capture,6474,218,6256,USD,
S008852,2026-05-10,P010326,capture,14489,450,14039,USD,
S008853,2026-05-10,P005000,capture,1708,80,1628,USD,
S008855,2026-05-10,P015364,capture,1680,79,1601,USD,
S008857,2026-05-10,P009635,capture,1831,83,1748,USD,
S008864,2026-05-10,P012678,capture,14084,438,13646,USD,
S008866,2026-05-10,P004083,capture,3380,128,3252,USD,
S008869,2026-05-10,P002661,capture,2298,97,2201,USD,
S008874,2026-05-10,P012998,capture,41494,1233,40261,USD,
S008877,2026-05-10,P004772,capture,1246,66,1180,USD,
S008887,2026-05-10,P016617,capture,13575,424,13151,USD,
S008889,2026-05-10,P016952,capture,3431,129,3302,USD,
S008891,2026-05-10,P015360,capture,5576,192,5384,USD,
S008894,2026-05-10,P006129,capture,3146,121,3025,USD,
S008895,2026-05-10,P002531,capture,5006,175,4831,USD,
S008899,2026-05-10,P017833,capture,3903,143,3760,USD,
S008903,2026-05-10,P011403,capture,1755,81,1674,USD,
S008907,2026-05-10,P006287,capture,6167,209,5958,USD,
S008910,2026-05-10,P004271,capture,9555,307,9248,USD,
S008912,2026-05-10,P004620,capture,1862,84,1778,USD,
S008913,2026-05-10,P001231,capture,17748,545,17203,USD,
S008915,2026-05-10,P001838,capture,3556,133,3423,USD,
S008917,2026-05-10,P004318,capture,12876,403,12473,USD,
S008919,2026-05-10,P019799,capture,1842,83,1759,USD,
S008922,2026-05-10,P019782,capture,1389,70,1319,USD,
S008924,2026-05-10,P000189,capture,2889,114,2775,USD,
S008926,2026-05-10,P000939,capture,1334,69,1265,USD,
S008927,2026-05-10,P009967,capture,4435,159,4276,USD,
S008929,2026-05-10,P010697,capture,26893,810,26083,USD,
S008938,2026-05-10,P007652,capture,9644,310,9334,USD,
S008939,2026-05-10,P013925,capture,11098,352,10746,USD,
S008941,2026-05-10,P002786,capture,790,53,737,USD,
S008948,2026-05-10,P019318,capture,2430,100,2330,USD,
S008949,2026-05-10,P015253,capture,16471,508,15963,USD,
S008958,2026-05-10,P010987,capture,2676,108,2568,USD,
S008961,2026-05-10,P005345,capture,1719,80,1639,USD,
S008964,2026-05-10,P009707,capture,7494,246,7248,EUR,converted at 1.0961
S008966,2026-05-10,P013303,capture,4547,162,4385,USD,
S008969,2026-05-10,P019895,capture,6701,224,6477,USD,
S008973,2026-05-10,P003401,capture,1870,84,1786,USD,
S008974,2026-05-10,P011105,capture,3004,117,2887,USD,
S008975,2026-05-10,P011069,capture,20371,621,19750,USD,
S008976,2026-05-10,P010069,capture,3906,143,3763,USD,
S008977,2026-05-10,P008064,capture,78576,2309,76267,USD,
S008982,2026-05-10,P011999,capture,12087,381,11706,USD,
S008983,2026-05-10,P012706,capture,4340,156,4184,USD,
S008994,2026-05-10,P014049,capture,12091,381,11710,USD,
S008996,2026-05-10,P011727,capture,1686,79,1607,USD,
S009000,2026-05-10,P015567,capture,15387,476,14911,USD,
S009004,2026-05-10,P004932,capture,9208,297,8911,USD,
S009006,2026-05-10,P017199,capture,9449,304,9145,USD,
S009007,2026-05-10,P008017,capture,2995,117,2878,USD,
S009009,2026-05-10,P017684,capture,5416,187,5229,USD,
S009012,2026-05-10,P018608,capture,35142,1049,34093,USD,
S009014,2026-05-10,P012923,capture,4503,161,4342,USD,
S009020,2026-05-10,P016159,capture,4294,155,4139,USD,
S009025,2026-05-10,P000805,capture,4494,160,4334,USD,
S009027,2026-05-10,P004523,capture,13090,410,12680,USD,
S009032,2026-05-10,P015690,capture,5245,182,5063,USD,
S009033,2026-05-10,P000841,capture,1118,62,1056,USD,
S009035,2026-05-10,P017214,capture,5645,194,5451,USD,
S009042,2026-05-10,P012625,capture,1673,79,1594,USD,
S009045,2026-05-10,P008072,capture,11370,360,11010,USD,
S009047,2026-05-10,P019914,capture,6595,221,6374,USD,
S009051,2026-05-10,P009439,capture,2612,106,2506,USD,
S009052,2026-05-10,P016464,capture,2675,108,2567,USD,
S009058,2026-05-10,P014665,capture,1891,85,1806,USD,
S009065,2026-05-10,P019566,capture,4766,168,4598,USD,
S009066,2026-05-10,P003313,capture,23931,724,23207,USD,
S009067,2026-05-10,P010038,capture,12782,401,12381,USD,
S009068,2026-05-10,P017276,capture,2917,115,2802,USD,
S009070,2026-05-10,P019692,capture,3647,136,3511,USD,
S009079,2026-05-10,P007677,capture,4513,161,4352,USD,
S009080,2026-05-10,P010530,capture,3152,121,3031,USD,
S009081,2026-05-10,P015523,capture,30003,900,29103,USD,
S009083,2026-05-10,P000870,capture,3142,121,3021,USD,
S009087,2026-05-10,P007639,capture,2638,107,2531,USD,
S009098,2026-05-10,P004165,capture,2641,107,2534,USD,
S009099,2026-05-10,P004676,capture,1420,71,1349,USD,
S009101,2026-05-10,P015744,capture,9043,292,8751,USD,
S009103,2026-05-10,P004578,capture,15457,478,14979,USD,
S009107,2026-05-10,P018027,capture,10803,343,10460,USD,
S009112,2026-05-10,P016676,capture,5540,191,5349,USD,
S009113,2026-05-10,P008789,capture,3986,146,3840,USD,
S009115,2026-05-10,P012191,capture,3145,121,3024,USD,
S009117,2026-05-10,P013914,capture,4662,165,4497,USD,
S009118,2026-05-10,P006674,capture,2356,98,2258,USD,
S009124,2026-05-10,P006259,capture,4022,147,3875,USD,
S009127,2026-05-10,P003965,capture,9897,316,9581,EUR,converted at 1.0961
S009128,2026-05-10,P019113,capture,18621,570,18051,USD,
S009129,2026-05-10,P002138,capture,13659,426,13233,USD,
S009130,2026-05-10,P007126,capture,3098,120,2978,USD,
S009131,2026-05-10,P001472,capture,12867,403,12464,USD,
S009132,2026-05-10,P004841,capture,14266,444,13822,USD,
S009141,2026-05-10,P015670,capture,8199,268,7931,USD,
S009142,2026-05-10,P017622,capture,1195,65,1130,USD,
S009148,2026-05-10,P019238,capture,6504,219,6285,USD,
S009152,2026-05-10,P016450,capture,8361,272,8089,USD,
S009153,2026-05-10,P012944,capture,4990,175,4815,USD,
S009155,2026-05-10,P012956,capture,4691,166,4525,USD,
S009159,2026-05-10,P006468,refund,-4606,0,-4606,USD,
S009160,2026-05-10,P004125,capture,2690,108,2582,USD,
S009165,2026-05-10,P004463,capture,4625,164,4461,USD,
S009168,2026-05-10,P004850,capture,6027,205,5822,USD,
S009177,2026-05-10,P007173,capture,7905,259,7646,USD,
S009178,2026-05-10,P004892,capture,5061,177,4884,USD,
S009180,2026-05-10,P006491,capture,10918,347,10571,USD,
S009185,2026-05-10,P000301,capture,9418,303,9115,USD,
S009190,2026-05-10,P014852,capture,7468,247,7221,USD,
S009192,2026-05-10,P004990,capture,8968,290,8678,USD,
S009193,2026-05-10,P017247,capture,15395,476,14919,USD,
S009196,2026-05-10,P010729,capture,38994,1161,37833,USD,
S009197,2026-05-10,P013735,capture,1571,76,1495,USD,
S009201,2026-05-10,P000954,capture,2724,109,2615,USD,
S009202,2026-05-10,P005174,capture,3910,143,3767,USD,
S009205,2026-05-10,P016460,capture,7456,246,7210,USD,
S009215,2026-05-10,P016087,capture,7168,238,6930,USD,
S009218,2026-05-10,P009373,capture,4338,156,4182,USD,
S009222,2026-05-10,P013587,capture,6164,209,5955,USD,
S009232,2026-05-10,P013869,capture,8320,271,8049,USD,
S009238,2026-05-10,P014260,capture,5485,189,5296,USD,
S009243,2026-05-10,P015739,capture,1867,84,1783,USD,
S009245,2026-05-10,P001815,capture,5422,187,5235,USD,
S009246,2026-05-10,P003042,capture,4398,158,4240,USD,
S009249,2026-05-10,P017403,capture,28320,851,27469,USD,
S009251,2026-05-10,P019365,capture,987,59,928,USD,
S009253,2026-05-10,P010404,capture,659,49,610,USD,
S009259,2026-05-10,P019888,capture,4922,173,4749,USD,
S009261,2026-05-10,P002825,capture,7868,258,7610,USD,
S009262,2026-05-10,P011661,capture,15978,493,15485,USD,
S009263,2026-05-10,P002534,capture,5392,186,5206,USD,
S009271,2026-05-10,P003183,capture,2555,104,2451,USD,
S009272,2026-05-10,P010089,capture,2466,102,2364,USD,
S009276,2026-05-10,P016985,capture,6005,204,5801,USD,
S009277,2026-05-10,P000065,capture,17237,530,16707,USD,
S009280,2026-05-10,P006053,capture,9338,301,9037,USD,
S009291,2026-05-10,P004763,capture,2811,112,2699,USD,
S009292,2026-05-10,P012446,capture,33581,1004,32577,USD,
S009295,2026-05-10,P005053,capture,5624,193,5431,USD,
S009296,2026-05-10,P016703,capture,6358,214,6144,USD,
S009297,2026-05-10,P011057,capture,4183,151,4032,USD,
S009299,2026-05-10,P005288,capture,10403,332,10071,USD,
S009306,2026-05-10,P008099,capture,3796,140,3656,USD,
S009308,2026-05-10,P015284,capture,13787,430,13357,USD,
S009309,2026-05-10,P010933,capture,30421,912,29509,USD,
S009312,2026-05-10,P008737,capture,27895,839,27056,USD,
S009314,2026-05-10,P015229,capture,4378,157,4221,USD,
S009320,2026-05-10,P006948,capture,7211,239,6972,USD,
S009323,2026-05-10,P008993,capture,24655,745,23910,USD,
S009326,2026-05-10,P003726,capture,4070,148,3922,USD,
S009327,2026-05-10,P001294,capture,12077,380,11697,USD,
S009330,2026-05-10,P016050,capture,8981,290,8691,USD,
S009331,2026-05-10,P011076,capture,1624,77,1547,USD,
S009332,2026-05-10,P008544,capture,12638,397,12241,USD,
S009334,2026-05-10,P012799,capture,6398,216,6182,USD,
S009342,2026-05-10,P000033,capture,8077,265,7812,EUR,converted at 1.0961
S009346,2026-05-10,P005072,capture,4469,160,4309,USD,
S009347,2026-05-10,P009264,capture,3788,140,3648,USD,
S009351,2026-05-10,P005136,capture,1393,70,1323,USD,
S009355,2026-05-10,P000760,refund,-6369,0,-6369,USD,
S009358,2026-05-10,P004881,capture,5636,193,5443,USD,
S009359,2026-05-10,P014734,capture,3591,134,3457,USD,
S009361,2026-05-10,P007314,capture,5103,178,4925,USD,
S009364,2026-05-10,P002512,capture,2294,97,2197,USD,
S009365,2026-05-10,P011760,capture,5875,200,5675,USD,
S009367,2026-05-10,P007091,capture,6077,206,5871,USD,
S009370,2026-05-10,P004141,capture,3086,119,2967,USD,
S009372,2026-05-10,P014904,capture,25116,758,24358,USD,
S009380,2026-05-10,P012288,capture,2973,116,2857,USD,
S009382,2026-05-10,P009057,capture,1104,62,1042,USD,
S009383,2026-05-10,P010143,capture,11258,356,10902,USD,
S009388,2026-05-10,P016240,capture,1004,59,945,USD,
S009389,2026-05-10,P000794,refund,-6989,0,-6989,USD,
S009392,2026-05-10,P017117,capture,6456,217,6239,USD,
S009396,2026-05-10,P017929,capture,1965,87,1878,USD,
S009398,2026-05-10,P019135,capture,2568,104,2464,USD,
S009400,2026-05-10,P008904,capture,6498,218,6280,USD,
S009404,2026-05-10,P018497,capture,2335,98,2237,USD,
S009406,2026-05-10,P017240,capture,2358,98,2260,USD,
S009409,2026-05-10,P017972,capture,21946,666,21280,USD,
S009410,2026-05-10,P017850,capture,7628,251,7377,USD,
S009411,2026-05-10,P009637,capture,4142,150,3992,USD,
S009417,2026-05-10,P009971,capture,24323,735,23588,USD,
S009426,2026-05-10,P019353,capture,5219,181,5038,USD,
S009429,2026-05-10,P018522,capture,3195,123,3072,USD,
S009430,2026-05-10,P001112,capture,1723,80,1643,USD,
S009431,2026-05-10,P013979,capture,3846,142,3704,USD,
S009443,2026-05-10,P009676,capture,11553,365,11188,USD,
S009446,2026-05-10,P013631,capture,7730,254,7476,USD,
S009448,2026-05-10,P003145,capture,12482,392,12090,USD,
S009450,2026-05-10,P001357,capture,13949,435,13514,USD,
S009456,2026-05-10,P012906,capture,2662,107,2555,USD,
S009457,2026-05-10,P014987,capture,5556,191,5365,USD,
S009459,2026-05-10,P000667,capture,9277,299,8978,USD,
S009461,2026-05-10,P012072,capture,2631,106,2525,USD,
S009462,2026-05-10,P005128,capture,11867,374,11493,USD,
S009463,2026-05-10,P000539,capture,18013,552,17461,USD,
S009465,2026-05-10,P006722,capture,3548,133,3415,USD,
S009466,2026-05-10,P001005,capture,5025,176,4849,USD,
S009467,2026-05-10,P014074,capture,6709,225,6484,USD,
S009468,2026-05-10,P019540,capture,17156,527,16629,EUR,converted at 1.0961
S009471,2026-05-10,P011091,capture,5506,190,5316,USD,
S009474,2026-05-10,P008190,capture,3519,132,3387,USD,
S009476,2026-05-10,P006823,capture,4461,159,4302,USD,
S009477,2026-05-10,P012090,capture,1948,86,1862,USD,
S009479,2026-05-10,P019288,capture,3091,120,2971,USD,
S009484,2026-05-10,P002056,capture,3338,127,3211,USD,
S009489,2026-05-10,P006239,capture,2247,95,2152,USD,
S009499,2026-05-10,P013845,capture,595,47,548,USD,
S009503,2026-05-10,P011005,capture,5176,180,4996,USD,
S009507,2026-05-10,P013330,capture,10487,334,10153,USD,
S009509,2026-05-10,P017739,capture,6666,223,6443,USD,
S009511,2026-05-10,P014945,capture,3209,123,3086,USD,
S009513,2026-05-10,P007587,capture,5003,175,4828,USD,
S009514,2026-05-10,P010884,capture,2351,98,2253,USD,
S009519,2026-05-10,P017469,capture,4473,160,4313,USD,
S009521,2026-05-10,P004485,capture,4824,170,4654,USD,
S009524,2026-05-10,P007893,capture,9367,302,9065,USD,
S009525,2026-05-10,P015830,capture,10754,342,10412,USD,
S009528,2026-05-10,P008967,capture,7658,252,7406,USD,
S009529,2026-05-10,P007264,capture,18696,572,18124,USD,
S009530,2026-05-10,P017662,capture,3504,132,3372,USD,
S009534,2026-05-10,P010155,capture,7284,241,7043,USD,
S009541,2026-05-10,P005517,capture,11163,354,10809,USD,
S009547,2026-05-10,P015425,capture,6253,211,6042,USD,
S009549,2026-05-10,P002926,capture,3256,124,3132,USD,
S009551,2026-05-10,P000594,capture,22711,689,22022,USD,
S009552,2026-05-10,P008036,capture,2515,103,2412,USD,
S009554,2026-05-10,P008729,capture,3785,140,3645,USD,
S009556,2026-05-10,P007634,capture,6180,209,5971,USD,
S009557,2026-05-10,P018353,capture,17337,533,16804,USD,
S009560,2026-05-10,P013467,capture,13522,422,13100,USD,
S009567,2026-05-10,P019797,capture,3450,130,3320,USD,
S009569,2026-05-10,P012880,capture,10112,323,9789,USD,
S009572,2026-05-10,P000388,capture,2650,107,2543,USD,
S009573,2026-05-10,P005559,capture,3089,120,2969,USD,
S009576,2026-05-10,P001220,capture,1823,83,1740,USD,
S009577,2026-05-10,P007352,capture,1364,70,1294,USD,
S009581,2026-05-10,P001778,capture,590,47,543,USD,
S009584,2026-05-10,P004117,capture,7801,256,7545,USD,
S009586,2026-05-10,P014759,capture,6143,208,5935,USD,
S009587,2026-05-10,P016838,capture,8941,289,8652,USD,
S009592,2026-05-10,P003190,capture,3491,131,3360,USD,
S009594,2026-05-10,P006107,capture,3416,129,3287,USD,
S009599,2026-05-10,P000440,capture,2152,92,2060,USD,
S009602,2026-05-10,P005924,capture,2445,101,2344,USD,
S009605,2026-05-10,P002563,capture,26263,792,25471,USD,
S009611,2026-05-10,P016352,capture,11746,371,11375,USD,
S009619,2026-05-10,P003773,capture,5940,202,5738,USD,
S009620,2026-05-10,P004749,capture,5922,202,5720,USD,
S009635,2026-05-10,P011360,capture,3339,127,3212,USD,
S009636,2026-05-10,P012390,capture,1246,66,1180,USD,
S009637,2026-05-10,P018280,capture,17670,542,17128,USD,
S009638,2026-05-10,P010203,capture,3438,130,3308,USD,
S009639,2026-05-10,P009740,capture,2695,108,2587,USD,
S009640,2026-05-10,P015616,capture,3699,137,3562,USD,
S009641,2026-05-10,P010569,capture,5439,188,5251,USD,
S009643,2026-05-10,P004734,capture,5463,188,5275,USD,
S009645,2026-05-10,P005603,capture,4939,173,4766,USD,
S009646,2026-05-10,P018776,capture,57925,1710,56215,USD,
S009647,2026-05-10,P016533,capture,3542,133,3409,USD,
S009648,2026-05-10,P011120,capture,17331,508,16823,USD,
S009649,2026-05-10,P009821,capture,5369,186,5183,USD,
S009650,2026-05-10,P014156,capture,2421,100,2321,USD,
S009651,2026-05-10,P002221,capture,3246,124,3122,USD,
S009652,2026-05-10,P011223,capture,2897,114,2783,USD,
S009653,2026-05-10,P006198,capture,6974,232,6742,USD,
S009654,2026-05-10,P003548,capture,1979,87,1892,USD,
S009655,2026-05-10,P005123,capture,7318,242,7076,USD,
S009656,2026-05-10,P003838,capture,4641,165,4476,USD,
S009657,2026-05-10,P002074,capture,27612,831,26781,USD,
S009658,2026-05-10,P003519,capture,4612,164,4448,USD,
S009659,2026-05-10,P019530,capture,3929,144,3785,USD,
S009661,2026-05-10,P014887,capture,4042,147,3895,USD,
S009662,2026-05-10,P003918,capture,6921,231,6690,USD,
S009664,2026-05-10,P001025,capture,975,58,917,USD,
S009666,2026-05-10,P017993,capture,9919,318,9601,USD,
S009672,2026-05-10,P011599,capture,48094,1425,46669,USD,
S009678,2026-05-10,P009993,capture,21350,649,20701,USD,
S009679,2026-05-10,P015961,capture,5672,194,5478,USD,
S009682,2026-05-10,P002423,capture,1518,74,1444,USD,
S009685,2026-05-10,P015813,capture,1704,79,1625,USD,
S009686,2026-05-10,P003697,capture,3782,140,3642,USD,
S009687,2026-05-10,P015496,capture,30907,926,29981,USD,
S009689,2026-05-10,P016899,capture,5978,203,5775,USD,
S009690,2026-05-10,P002292,capture,9473,305,9168,USD,
S009695,2026-05-10,P001840,capture,3459,130,3329,USD,
S009696,2026-05-10,P003946,capture,5218,181,5037,USD,
S009697,2026-05-10,P009438,capture,19710,602,19108,USD,
S009698,2026-05-10,P014497,capture,2578,105,2473,USD,
S009700,2026-05-10,P002108,capture,5187,180,5007,USD,
S009702,2026-05-10,P015243,capture,1795,82,1713,USD,
S009704,2026-05-10,P012748,capture,7214,239,6975,USD,
S009705,2026-05-10,P014430,capture,1684,79,1605,USD,
S009707,2026-05-10,P011845,capture,2200,94,2106,USD,
S009708,2026-05-10,P012725,capture,5592,192,5400,USD,
S009710,2026-05-10,P018753,capture,6285,212,6073,USD,
S009714,2026-05-10,P018625,capture,991,59,932,USD,
S009716,2026-05-10,P001569,capture,4134,150,3984,USD,
S009717,2026-05-10,P015080,capture,15386,476,14910,USD,
S009720,2026-05-10,P011751,capture,2967,116,2851,USD,
S009723,2026-05-10,P001474,capture,4521,161,4360,USD,
S009724,2026-05-10,P016901,capture,687,50,637,USD,
S009725,2026-05-10,P002669,capture,5474,189,5285,USD,
S009730,2026-05-10,P006116,capture,3670,136,3534,USD,
S009731,2026-05-10,P019461,capture,4993,175,4818,USD,
S009733,2026-05-10,P000138,capture,3217,123,3094,USD,
S009734,2026-05-10,P008412,capture,1210,65,1145,USD,
S009735,2026-05-10,P016775,capture,3440,130,3310,USD,
S009736,2026-05-10,P014491,capture,3414,129,3285,USD,
S009744,2026-05-10,P010360,capture,5324,184,5140,USD,
S009745,2026-05-10,P015150,capture,8252,269,7983,USD,
S009750,2026-05-10,P017151,capture,5747,197,5550,USD,
S009751,2026-05-10,P014259,capture,9569,308,9261,USD,
S009753,2026-05-10,P014126,capture,3120,120,3000,USD,
S009754,2026-05-10,P005343,capture,2754,109,2645,EUR,converted at 1.0961
S009755,2026-05-10,P010568,capture,11996,378,11618,USD,
S009756,2026-05-10,P005619,capture,14312,445,13867,USD,
S009757,2026-05-10,P005531,capture,14056,438,13618,USD,
S009760,2026-05-10,P005495,capture,4404,158,4246,USD,
S009761,2026-05-10,P015952,capture,8943,289,8654,USD,
S009762,2026-05-10,P001307,capture,5147,179,4968,USD,
S009763,2026-05-10,P004643,capture,7143,237,6906,USD,
S009764,2026-05-10,P018382,capture,4099,149,3950,USD,
S009765,2026-05-10,P000625,capture,995,59,936,USD,
S009766,2026-05-10,P007501,capture,1859,84,1775,USD,
S009767,2026-05-10,P018480,capture,27516,828,26688,USD,
S009768,2026-05-10,P002208,capture,7679,253,7426,USD,
S009771,2026-05-10,P003110,capture,9789,314,9475,USD,
S009772,2026-05-10,P014151,capture,21315,648,20667,USD,
S009773,2026-05-10,P003848,capture,1933,86,1847,USD,
S009774,2026-05-10,P012792,capture,1786,82,1704,USD,
S009777,2026-05-10,P013953,capture,6343,214,6129,USD,
S009779,2026-05-10,P006548,capture,2816,112,2704,USD,
S009780,2026-05-10,P001083,capture,2902,114,2788,USD,
S009781,2026-05-10,P006874,capture,2239,95,2144,USD,
S009784,2026-05-10,P003616,capture,1542,75,1467,USD,
S009786,2026-05-10,P007300,capture,3818,141,3677,USD,
S009787,2026-05-10,P005617,capture,5210,181,5029,USD,
S009788,2026-05-10,P014775,capture,12357,388,11969,USD,
S009790,2026-05-10,P016088,capture,1914,86,1828,USD,
S009792,2026-05-10,P005938,capture,7218,239,6979,USD,
S009793,2026-05-10,P000044,capture,2996,117,2879,USD,
S009795,2026-05-10,P005117,capture,2376,99,2277,USD,
S009798,2026-05-10,P015821,capture,6538,220,6318,USD,
S009799,2026-05-10,P017285,capture,888,56,832,USD,
S009801,2026-05-10,P019726,capture,2401,100,2301,USD,
S009802,2026-05-10,P011155,capture,5023,176,4847,USD,
S009803,2026-05-10,P002990,capture,625,48,577,USD,
S009805,2026-05-10,P012943,capture,5134,179,4955,USD,
S009806,2026-05-10,P005122,capture,2269,96,2173,USD,
S009807,2026-05-10,P001284,capture,1959,87,1872,USD,
S009809,2026-05-10,P013197,capture,1429,71,1358,USD,
S009813,2026-05-10,P019229,capture,2309,97,2212,USD,
S009814,2026-05-10,P011498,capture,7950,261,7689,USD,
S009815,2026-05-10,P014797,capture,6097,207,5890,USD,
S009816,2026-05-10,P011092,capture,4442,159,4283,USD,
S009817,2026-05-10,P007329,capture,1614,77,1537,USD,
S009819,2026-05-10,P010271,capture,7971,261,7710,USD,
S009820,2026-05-10,P009533,capture,6507,219,6288,USD,
S009821,2026-05-10,P012079,capture,5872,200,5672,USD,
S009822,2026-05-10,P003330,capture,3632,135,3497,USD,
S009824,2026-05-10,P008472,capture,1736,80,1656,USD,
S009825,2026-05-10,P007811,capture,6402,216,6186,USD,
S009826,2026-05-10,P001440,capture,5957,203,5754,USD,
S009827,2026-05-10,P016938,capture,2000,88,1912,USD,
S009830,2026-05-10,P008183,capture,2734,109,2625,USD,
S009831,2026-05-10,P002651,capture,9893,317,9576,USD,
S009832,2026-05-10,P005134,capture,1330,69,1261,USD,
S009836,2026-05-10,P006744,capture,8656,281,8375,USD,
S009838,2026-05-10,P004756,capture,1561,75,1486,USD,
S009843,2026-05-10,P019484,capture,6245,211,6034,USD,
S009844,2026-05-10,P011894,capture,7269,241,7028,USD,
S009847,2026-05-10,P008122,capture,1796,82,1714,USD,
S009848,2026-05-10,P019079,capture,7665,252,7413,USD,
S009850,2026-05-10,P001535,capture,5732,196,5536,USD,
S009852,2026-05-10,P009279,capture,3321,126,3195,USD,
S009854,2026-05-10,P005083,capture,5057,177,4880,USD,
S009855,2026-05-10,P003361,capture,4931,173,4758,USD,
S009856,2026-05-10,P001353,capture,9006,291,8715,USD,
S009858,2026-05-10,P016275,capture,10795,343,10452,USD,
S009860,2026-05-10,P010848,capture,8314,271,8043,USD,
S009864,2026-05-10,P005089,capture,20048,611,19437,USD,
S009865,2026-05-10,P007211,capture,1262,67,1195,USD,
S009866,2026-05-10,P014308,capture,1902,85,1817,USD,
S009869,2026-05-10,P000909,capture,984,59,925,USD,
S009871,2026-05-10,P011135,capture,3013,117,2896,USD,
S009873,2026-05-10,P004475,capture,9757,313,9444,USD,
S009874,2026-05-10,P005071,capture,1749,81,1668,USD,
S009875,2026-05-10,P005481,capture,12579,395,12184,USD,
S009876,2026-05-10,P019511,capture,6175,209,5966,USD,
S009879,2026-05-10,P006270,capture,15552,481,15071,USD,
S009880,2026-05-10,P006653,capture,34830,1040,33790,USD,
S009881,2026-05-10,P003235,capture,30617,918,29699,USD,
S009882,2026-05-10,P014215,capture,2018,89,1929,USD,
S009884,2026-05-10,P012988,capture,3090,120,2970,USD,
S009888,2026-05-10,P008943,capture,3649,136,3513,USD,
S009889,2026-05-10,P011003,capture,4531,161,4370,USD,
S009890,2026-05-10,P003712,capture,7782,256,7526,USD,
S009891,2026-05-10,P014456,capture,14293,444,13849,USD,
S009892,2026-05-10,P002520,capture,25869,780,25089,USD,
S009894,2026-05-10,P008796,capture,1892,85,1807,USD,
S009897,2026-05-10,P002066,capture,2387,99,2288,USD,
S009898,2026-05-10,P003345,capture,2934,115,2819,USD,
S009901,2026-05-10,P014138,capture,3934,144,3790,USD,
S009902,2026-05-10,P002333,capture,1760,81,1679,USD,
S009903,2026-05-10,P002366,capture,5394,186,5208,USD,
S009904,2026-05-10,P008342,capture,2747,110,2637,USD,
S009906,2026-05-10,P014766,capture,3736,138,3598,USD,
S009910,2026-05-10,P010292,capture,3878,142,3736,USD,
S009912,2026-05-10,P011093,capture,23554,713,22841,USD,
S009915,2026-05-10,P009731,capture,7871,258,7613,USD,
S009917,2026-05-10,P002537,capture,17729,544,17185,USD,
S009918,2026-05-10,P012165,capture,12798,401,12397,USD,
S009919,2026-05-10,P015495,capture,20322,619,19703,USD,
S009920,2026-05-10,P010100,capture,456,43,413,USD,
S009921,2026-05-10,P015051,capture,2235,95,2140,USD,
S009922,2026-05-10,P000769,capture,1867,84,1783,USD,
S009924,2026-05-10,P009880,capture,7918,260,7658,USD,
S009925,2026-05-10,P002507,capture,2492,102,2390,USD,
S009926,2026-05-10,P008164,capture,1664,78,1586,USD,
S009927,2026-05-10,P001477,capture,2660,107,2553,USD,
S009928,2026-05-10,P013695,capture,10077,322,9755,USD,
S009929,2026-05-10,P009101,capture,3070,119,2951,USD,
S009930,2026-05-10,P007914,capture,1972,87,1885,USD,
S009931,2026-05-10,P010146,capture,13389,418,12971,USD,
S009932,2026-05-10,P019453,capture,15828,489,15339,USD,
S009933,2026-05-10,P004803,capture,12380,389,11991,USD,
S009934,2026-05-10,P005873,capture,538,46,492,USD,
S009938,2026-05-10,P012157,capture,5701,195,5506,USD,
S009940,2026-05-10,P009241,capture,2792,111,2681,USD,
S009941,2026-05-10,P001970,capture,6071,206,5865,USD,
S009942,2026-05-10,P008880,capture,5187,180,5007,USD,
S009944,2026-05-10,P009904,capture,6657,223,6434,USD,
S009945,2026-05-10,P002497,capture,4847,171,4676,USD,
S009946,2026-05-10,P010223,capture,12848,403,12445,USD,
S009947,2026-05-10,P008456,capture,23109,700,22409,USD,
S009948,2026-05-10,P001734,capture,5113,178,4935,USD,
S009949,2026-05-10,P007925,capture,4420,158,4262,USD,
S009950,2026-05-10,P006824,capture,1638,78,1560,USD,
S009951,2026-05-10,P018531,capture,4440,159,4281,USD,
S009952,2026-05-10,P003192,capture,1102,62,1040,USD,
S009953,2026-05-10,P002822,capture,3325,126,3199,USD,
S009954,2026-05-10,P017116,capture,1342,69,1273,USD,
S009956,2026-05-10,P014247,capture,11200,355,10845,USD,
S009957,2026-05-10,P009208,capture,8551,278,8273,USD,
S009958,2026-05-10,P015356,capture,6106,207,5899,USD,
S009959,2026-05-10,P018745,capture,2507,103,2404,USD,
S009965,2026-05-10,P000604,capture,1917,86,1831,USD,
S009967,2026-05-10,P011331,capture,7396,244,7152,USD,
S009968,2026-05-10,P013706,capture,4610,164,4446,USD,
S009970,2026-05-10,P004428,capture,7048,234,6814,USD,
S009971,2026-05-10,P016084,capture,5929,202,5727,USD,
S009973,2026-05-10,P005261,capture,3078,119,2959,USD,
S009974,2026-05-10,P008298,capture,16764,516,16248,USD,
S009976,2026-05-10,P009341,capture,13603,424,13179,USD,
S009977,2026-05-10,P006832,capture,15215,471,14744,USD,
S009980,2026-05-10,P011411,capture,2339,98,2241,USD,
S009981,2026-05-10,P015382,capture,4142,150,3992,USD,
S009983,2026-05-10,P004328,capture,2365,99,2266,USD,
S009985,2026-05-10,P001624,capture,11019,350,10669,USD,
S009986,2026-05-10,P019531,capture,2899,114,2785,USD,
S009990,2026-05-10,P010855,capture,858,55,803,USD,
S009994,2026-05-10,P009774,capture,3672,136,3536,USD,
S009995,2026-05-10,P009523,capture,6958,232,6726,USD,
S009996,2026-05-10,P019195,capture,12146,382,11764,USD,
S009997,2026-05-10,P006750,capture,6967,232,6735,USD,
S009998,2026-05-10,P004512,capture,1541,75,1466,USD,
S010000,2026-05-10,P017005,capture,10431,332,10099,USD,
S010001,2026-05-10,P002927,capture,35659,1064,34595,USD,
S010002,2026-05-10,P012675,capture,5336,185,5151,USD,
S010004,2026-05-10,P016150,capture,1754,81,1673,USD,
S010005,2026-05-10,P000397,capture,305,39,266,USD,
S010006,2026-05-10,P008977,capture,14081,438,13643,USD,
S010007,2026-05-10,P008702,capture,2842,112,2730,USD,
S010010,2026-05-10,P019544,capture,6567,220,6347,USD,
S010012,2026-05-10,P012345,capture,2590,105,2485,USD,
S010013,2026-05-10,P010180,capture,11990,378,11612,USD,
S010014,2026-05-10,P014072,capture,1980,87,1893,USD,
S010015,2026-05-10,P009413,capture,5333,185,5148,USD,
S010018,2026-05-10,P005336,capture,6579,221,6358,USD,
S010020,2026-05-10,P016232,capture,1430,71,1359,USD,
S010021,2026-05-10,P010664,capture,7983,262,7721,USD,
S010023,2026-05-10,P017399,capture,5431,187,5244,USD,
S010025,2026-05-10,P015917,capture,10117,323,9794,USD,
S010028,2026-05-10,P018516,capture,9622,309,9313,USD,
S010029,2026-05-10,P001315,capture,2483,102,2381,USD,
S010030,2026-05-10,P002174,capture,4424,158,4266,USD,
S010031,2026-05-10,P018592,capture,3245,124,3121,USD,
S010032,2026-05-10,P006159,capture,12970,406,12564,USD,
S010034,2026-05-10,P002527,capture,1423,71,1352,USD,
S010036,2026-05-10,P015280,capture,4551,162,4389,USD,
S010037,2026-05-10,P007100,capture,9355,301,9054,USD,
S010039,2026-05-10,P018464,capture,1492,73,1419,USD,
S010040,2026-05-10,P009826,capture,8401,274,8127,USD,
S010041,2026-05-10,P016508,capture,1807,82,1725,USD,
S010043,2026-05-10,P015309,capture,6099,207,5892,USD,
S010044,2026-05-10,P002614,capture,2818,112,2706,USD,
S010045,2026-05-10,P010209,capture,2351,98,2253,USD,
S010047,2026-05-10,P003808,capture,31380,940,30440,USD,
S010050,2026-05-10,P000443,capture,5456,188,5268,USD,
S010053,2026-05-10,P007924,capture,9268,299,8969,USD,
S010054,2026-05-10,P000263,capture,30722,921,29801,USD,
S010055,2026-05-10,P012112,capture,5185,180,5005,USD,
S010056,2026-05-10,P001886,capture,2333,98,2235,USD,
S010058,2026-05-10,P009460,capture,3860,142,3718,USD,
S010059,2026-05-10,P004451,capture,10360,330,10030,USD,
S010060,2026-05-10,P010555,capture,4585,163,4422,USD,
S010061,2026-05-10,P010998,capture,1086,61,1025,USD,
S010065,2026-05-10,P007503,capture,4289,154,4135,USD,
S010066,2026-05-10,P018359,capture,5423,187,5236,USD,
S010068,2026-05-10,P001391,capture,7010,233,6777,USD,
S010069,2026-05-10,P010549,capture,7141,237,6904,USD,
S010070,2026-05-10,P010039,capture,13713,428,13285,USD,
S010071,2026-05-10,P015793,capture,7142,237,6905,USD,
S010072,2026-05-10,P000552,capture,6869,229,6640,USD,
S010073,2026-05-10,P018973,capture,1775,81,1694,USD,
S010074,2026-05-10,P013771,capture,15615,483,15132,USD,
S010075,2026-05-10,P014941,capture,2363,99,2264,USD,
S010076,2026-05-10,P003840,capture,3529,132,3397,USD,
S010078,2026-05-10,P001366,capture,5025,176,4849,USD,
S010079,2026-05-10,P005881,capture,4510,161,4349,USD,
S010080,2026-05-10,P016860,capture,3029,118,2911,USD,
S010082,2026-05-10,P011081,capture,2644,107,2537,USD,
S010083,2026-05-10,P017179,capture,3766,139,3627,USD,
S010085,2026-05-10,P003939,capture,2351,98,2253,USD,
S010086,2026-05-10,P014540,capture,1195,65,1130,USD,
S010087,2026-05-10,P006093,capture,1196,65,1131,USD,
S010088,2026-05-10,P005017,capture,9668,310,9358,USD,
S010091,2026-05-10,P005762,capture,1671,78,1593,USD,
S010092,2026-05-10,P006825,capture,3875,142,3733,USD,
S010094,2026-05-10,P010045,capture,4021,147,3874,USD,
S010095,2026-05-10,P015027,capture,636,48,588,USD,
S010096,2026-05-10,P005137,capture,16879,519,16360,USD,
S010097,2026-05-10,P007516,capture,5819,199,5620,USD,
S010099,2026-05-10,P014341,capture,2935,115,2820,USD,
S010100,2026-05-10,P002678,capture,4441,159,4282,USD,
S010101,2026-05-10,P007397,capture,10697,340,10357,USD,
S010102,2026-05-10,P010286,capture,1007,59,948,USD,
S010103,2026-05-10,P002367,capture,6311,213,6098,USD,
S010104,2026-05-10,P000212,capture,6204,210,5994,USD,
S010105,2026-05-10,P017589,capture,10993,349,10644,USD,
S010108,2026-05-10,P010436,capture,11446,362,11084,USD,
S010111,2026-05-10,P000053,capture,45529,1350,44179,USD,
S010112,2026-05-10,P005196,capture,1433,72,1361,USD,
S010113,2026-05-10,P017287,capture,1335,69,1266,USD,
S010115,2026-05-10,P003627,capture,4177,151,4026,USD,
S010116,2026-05-10,P006152,capture,9238,298,8940,USD,
S010119,2026-05-10,P003122,capture,9077,293,8784,USD,
S010120,2026-05-10,P000391,capture,2115,91,2024,USD,
S010122,2026-05-10,P017254,capture,8346,272,8074,USD,
S010124,2026-05-10,P002657,capture,5167,180,4987,USD,
S010126,2026-05-10,P015620,capture,2867,113,2754,USD,
S010127,2026-05-10,P003398,capture,7894,259,7635,USD,
S010128,2026-05-10,P013391,capture,6241,211,6030,USD,
S010129,2026-05-10,P007665,capture,6397,216,6181,USD,
S010130,2026-05-10,P005855,capture,6940,231,6709,USD,
S010132,2026-05-10,P003760,capture,1852,84,1768,USD,
S010133,2026-05-10,P006947,capture,8284,270,8014,USD,
S010135,2026-05-10,P013251,capture,3215,123,3092,USD,
S010136,2026-05-10,P008973,capture,31749,951,30798,USD,
S010137,2026-05-10,P002234,capture,2885,114,2771,USD,
S010138,2026-05-10,P018441,capture,4717,167,4550,USD,
S010146,2026-05-10,P004417,capture,4344,156,4188,USD,
S010147,2026-05-10,P007704,capture,3557,133,3424,USD,
S010148,2026-05-10,P017085,capture,4035,147,3888,USD,
S010151,2026-05-10,P014583,capture,2372,99,2273,USD,
S010153,2026-05-10,P013590,capture,7725,254,7471,USD,
S010154,2026-05-10,P001644,capture,29691,891,28800,USD,
S010155,2026-05-10,P003969,capture,32367,969,31398,USD,
S010157,2026-05-10,P017168,capture,8968,290,8678,USD,
S010158,2026-05-10,P004574,capture,2248,95,2153,USD,
S010159,2026-05-10,P010931,capture,3938,144,3794,USD,
S010160,2026-05-10,P001262,capture,6941,231,6710,USD,
S010162,2026-05-10,P012295,capture,9034,292,8742,USD,
S010163,2026-05-10,P010770,capture,15220,471,14749,USD,
S010165,2026-05-10,P009205,capture,30447,913,29534,USD,
S010166,2026-05-10,P019425,capture,5211,181,5030,USD,
S010169,2026-05-10,P018364,capture,2648,107,2541,USD,
S010170,2026-05-10,P001129,capture,4218,152,4066,USD,
S010171,2026-05-10,P019480,capture,6805,227,6578,USD,
S010172,2026-05-10,P018089,capture,1586,76,1510,USD,
S010177,2026-05-10,P013341,capture,17997,552,17445,USD,
S010179,2026-05-10,P011099,capture,12880,404,12476,USD,
S010181,2026-05-10,P012946,capture,5183,180,5003,USD,
S010182,2026-05-10,P002769,capture,2149,92,2057,USD,
S010183,2026-05-10,P001935,capture,2982,116,2866,USD,
S010184,2026-05-10,P009612,capture,6533,219,6314,USD,
S010185,2026-05-10,P013459,capture,11758,371,11387,USD,
S010187,2026-05-10,P012172,capture,14938,463,14475,USD,
S010190,2026-05-10,P018188,capture,6780,227,6553,USD,
S010192,2026-05-10,P000178,capture,1084,61,1023,USD,
S010193,2026-05-10,P014855,capture,1905,85,1820,USD,
S010195,2026-05-10,P001831,capture,1179,64,1115,USD,
S010196,2026-05-10,P019361,capture,6624,222,6402,USD,
S010197,2026-05-10,P003431,capture,1498,73,1425,USD,
S010198,2026-05-10,P019909,capture,5195,181,5014,USD,
S010201,2026-05-10,P005840,refund,-4533,0,-4533,USD,
S010203,2026-05-10,P003420,capture,1814,83,1731,USD,
S010205,2026-05-10,P018116,capture,6453,217,6236,USD,
S010207,2026-05-10,P016062,capture,1237,66,1171,USD,
S010208,2026-05-10,P000914,capture,2008,88,1920,USD,
S010209,2026-05-10,P004794,capture,1696,79,1617,USD,
S010210,2026-05-10,P008670,capture,3829,141,3688,USD,
S010211,2026-05-10,P016399,capture,4180,151,4029,USD,
S010214,2026-05-10,P005777,capture,2785,111,2674,USD,
S010216,2026-05-10,P016296,capture,3030,118,2912,USD,
S010217,2026-05-10,P009963,capture,5021,176,4845,USD,
S010218,2026-05-10,P011694,capture,4158,151,4007,USD,
S010219,2026-05-10,P018910,capture,8191,268,7923,USD,
S010222,2026-05-10,P002013,capture,6963,232,6731,USD,
S010223,2026-05-10,P011732,capture,4827,170,4657,USD,
S010224,2026-05-10,P010304,capture,7343,243,7100,USD,
S010225,2026-05-10,P002674,capture,518,45,473,USD,
S010226,2026-05-10,P013003,capture,36940,1101,35839,USD,
S010229,2026-05-10,P015765,capture,9128,295,8833,USD,
S010230,2026-05-10,P014746,capture,3076,119,2957,USD,
S010231,2026-05-10,P018355,capture,2672,107,2565,USD,
S010232,2026-05-10,P014202,capture,4272,154,4118,USD,
S010233,2026-05-10,P008990,capture,757,52,705,USD,
S010234,2026-05-10,P007208,capture,7320,242,7078,USD,
S010237,2026-05-10,P007762,capture,17232,518,16714,USD,
S010239,2026-05-10,P010621,capture,11714,370,11344,USD,
S010240,2026-05-10,P000233,capture,1632,77,1555,USD,
S010241,2026-05-10,P017215,capture,14995,465,14530,USD,
S010244,2026-05-10,P019455,capture,2488,102,2386,USD,
S010245,2026-05-10,P000938,capture,7504,248,7256,USD,
S010246,2026-05-10,P004245,capture,9533,306,9227,USD,
S010247,2026-05-10,P008798,capture,67317,1982,65335,USD,
S010248,2026-05-10,P006796,capture,22915,695,22220,USD,
S010250,2026-05-10,P010353,capture,16160,499,15661,USD,
S010251,2026-05-10,P006256,capture,5109,178,4931,USD,
S010256,2026-05-10,P006099,capture,8437,275,8162,USD,
S010258,2026-05-10,P016717,capture,3600,134,3466,USD,
S010260,2026-05-10,P006057,capture,2587,105,2482,USD,
S010261,2026-05-10,P015046,capture,1228,66,1162,USD,
S010262,2026-05-10,P013214,capture,1513,74,1439,USD,
S010264,2026-05-10,P017502,capture,47817,1417,46400,USD,
S010265,2026-05-10,P009265,capture,5460,188,5272,USD,
S010267,2026-05-10,P010382,capture,7876,258,7618,USD,
S010270,2026-05-10,P016423,capture,1688,79,1609,USD,
S010274,2026-05-10,P008690,capture,8738,284,8454,EUR,converted at 1.0961
S010275,2026-05-10,P016482,capture,936,57,879,USD,
S010279,2026-05-10,P001786,capture,8061,264,7797,USD,
S010280,2026-05-10,P008310,capture,7692,253,7439,USD,
S010282,2026-05-10,P016527,capture,5427,187,5240,USD,
S010283,2026-05-10,P014868,capture,5455,188,5267,USD,
S010285,2026-05-10,P004004,capture,2699,108,2591,USD,
S010286,2026-05-10,P002068,capture,15232,472,14760,USD,
S010288,2026-05-10,P010454,refund,-4239,0,-4239,USD,
S010290,2026-05-10,P004420,capture,629,48,581,USD,
S010291,2026-05-10,P019744,capture,7698,253,7445,USD,
S010292,2026-05-10,P018716,capture,4033,147,3886,USD,
S010293,2026-05-10,P019077,capture,1052,61,991,USD,
S010294,2026-05-10,P008280,capture,16846,519,16327,USD,
S010296,2026-05-10,P014656,capture,14000,436,13564,USD,
S010298,2026-05-10,P010970,capture,2062,90,1972,USD,
S010299,2026-05-10,P017727,capture,9559,307,9252,USD,
S010300,2026-05-10,P018830,capture,24579,743,23836,USD,
S010301,2026-05-10,P013724,capture,10334,330,10004,USD,
S010302,2026-05-10,P019350,capture,21893,665,21228,USD,
S010303,2026-05-10,P014726,capture,18034,553,17481,USD,
S010304,2026-05-10,P010379,capture,1236,66,1170,USD,
S010306,2026-05-10,P017447,capture,5985,205,5780,EUR,converted at 1.0961
S010307,2026-05-10,P007536,capture,3162,122,3040,USD,
S010308,2026-05-10,P003511,capture,5266,183,5083,USD,
S010309,2026-05-10,P004536,capture,5632,193,5439,USD,
S010310,2026-05-10,P010564,capture,2284,96,2188,USD,
S010311,2026-05-10,P015508,capture,1596,76,1520,USD,
S010312,2026-05-10,P017495,capture,1903,85,1818,USD,
S010313,2026-05-10,P017515,capture,720,51,669,USD,
S010314,2026-05-10,P013715,capture,3396,128,3268,USD,
S010315,2026-05-10,P007610,capture,5304,184,5120,USD,
S010318,2026-05-10,P010158,capture,7499,247,7252,USD,
S010321,2026-05-10,P012078,capture,4398,158,4240,USD,
S010324,2026-05-10,P013423,capture,1749,81,1668,USD,
S010325,2026-05-10,P004788,capture,3043,118,2925,USD,
S010326,2026-05-10,P008275,capture,24883,752,24131,USD,
S010328,2026-05-10,P018653,capture,4722,167,4555,USD,
S010330,2026-05-10,P014923,capture,1060,61,999,USD,
S010331,2026-05-10,P010228,capture,5033,176,4857,USD,
S010332,2026-05-10,P006000,capture,12863,403,12460,USD,
S010338,2026-05-10,P015474,capture,5519,190,5329,USD,
S010339,2026-05-10,P017581,capture,2419,100,2319,USD,
S010340,2026-05-10,P013466,capture,3538,133,3405,USD,
S010342,2026-05-10,P010879,capture,8680,282,8398,USD,
S010344,2026-05-10,P005671,capture,25964,783,25181,USD,
S010345,2026-05-10,P016825,capture,3877,142,3735,USD,
S010346,2026-05-10,P004880,capture,2878,113,2765,USD,
S010347,2026-05-10,P008268,capture,15397,477,14920,USD,
S010348,2026-05-10,P011310,capture,2395,99,2296,USD,
S010349,2026-05-10,P010198,capture,9588,308,9280,USD,
S010350,2026-05-10,P001493,capture,10370,331,10039,USD,
S010351,2026-05-10,P018477,capture,11010,349,10661,USD,
S010353,2026-05-10,P005608,capture,2667,107,2560,USD,
S010354,2026-05-10,P009564,capture,68972,2030,66942,USD,
S010355,2026-05-10,P018313,capture,6898,230,6668,USD,
S010356,2026-05-10,P004708,capture,5105,178,4927,USD,
S010357,2026-05-10,P000430,capture,33793,1010,32783,USD,
S010358,2026-05-10,P014397,capture,11958,377,11581,USD,
S010361,2026-05-10,P002865,capture,8455,275,8180,USD,
S010365,2026-05-10,P006616,capture,2930,115,2815,USD,
S010366,2026-05-10,P013667,capture,9540,307,9233,USD,
S010367,2026-05-10,P017706,capture,1304,68,1236,USD,
S010369,2026-05-10,P003907,capture,2903,114,2789,USD,
S010371,2026-05-10,P011172,capture,2681,108,2573,USD,
S010372,2026-05-10,P006522,capture,3873,142,3731,USD,
S010374,2026-05-10,P019358,capture,1208,65,1143,USD,
S010377,2026-05-10,P016979,capture,7472,247,7225,USD,
S010380,2026-05-10,P018742,capture,17681,543,17138,USD,
S010381,2026-05-10,P012730,capture,1036,60,976,USD,
S010386,2026-05-10,P014217,capture,9405,303,9102,USD,
S010387,2026-05-10,P013983,capture,12853,403,12450,USD,
S010391,2026-05-10,P015751,capture,3141,121,3020,USD,
S010393,2026-05-10,P004579,capture,6304,213,6091,USD,
S010395,2026-05-10,P000062,capture,12755,400,12355,USD,
S010396,2026-05-10,P001884,capture,4467,160,4307,USD,
S010397,2026-05-10,P019476,capture,7417,245,7172,USD,
S010400,2026-05-10,P003933,capture,4682,166,4516,USD,
S010404,2026-05-10,P014870,capture,1147,63,1084,USD,
S010405,2026-05-10,P018228,capture,1781,82,1699,USD,
S010406,2026-05-10,P009979,capture,9607,309,9298,USD,
S010407,2026-05-10,P013825,capture,6787,227,6560,USD,
S010408,2026-05-10,P010966,capture,3758,139,3619,USD,
S010409,2026-05-10,P004562,capture,8191,268,7923,USD,
S010410,2026-05-10,P012181,capture,7370,244,7126,USD,
S010411,2026-05-10,P013076,capture,3087,120,2967,USD,
S010412,2026-05-10,P018524,capture,3610,135,3475,USD,
S010413,2026-05-10,P000656,capture,2453,101,2352,USD,
S010414,2026-05-10,P013519,capture,1278,67,1211,USD,
S010417,2026-05-10,P019207,capture,5448,188,5260,USD,
S010418,2026-05-10,P019773,capture,7161,238,6923,USD,
S010423,2026-05-10,P019733,capture,6176,209,5967,USD,
S010425,2026-05-10,P015939,capture,5973,203,5770,USD,
S010427,2026-05-10,P006041,capture,2361,98,2263,USD,
S010428,2026-05-10,P002792,capture,3535,133,3402,USD,
S010431,2026-05-10,P002309,capture,6820,228,6592,USD,
S010432,2026-05-10,P001933,capture,2364,99,2265,USD,
S010433,2026-05-10,P017105,capture,8481,276,8205,USD,
S010435,2026-05-10,P011033,capture,405,42,363,USD,
S010438,2026-05-10,P009516,capture,6519,219,6300,USD,
S010441,2026-05-10,P004319,capture,27101,816,26285,USD,
S010442,2026-05-10,P009398,capture,13016,407,12609,USD,
S010443,2026-05-10,P010289,capture,2343,98,2245,USD,
S010444,2026-05-10,P017844,capture,2210,94,2116,USD,
S010445,2026-05-10,P003633,capture,7729,254,7475,USD,
S010447,2026-05-10,P000236,capture,5103,178,4925,USD,
S010448,2026-05-10,P000209,capture,4892,172,4720,USD,
S010451,2026-05-10,P018144,capture,11879,374,11505,USD,
S010453,2026-05-10,P018545,capture,3310,126,3184,USD,
S010454,2026-05-10,P002053,capture,37683,1123,36560,USD,
S010456,2026-05-10,P001183,capture,3873,142,3731,USD,
S010458,2026-05-10,P014549,capture,21196,645,20551,USD,
S010462,2026-05-10,P015178,capture,18753,574,18179,USD,
S010463,2026-05-10,P017738,capture,16582,511,16071,USD,
S010464,2026-05-10,P012856,capture,5451,188,5263,USD,
S010465,2026-05-10,P004862,capture,2195,94,2101,USD,
S010468,2026-05-10,P008291,capture,5480,189,5291,USD,
S010469,2026-05-10,P008302,capture,48745,1444,47301,USD,
S010470,2026-05-10,P008550,capture,5252,182,5070,USD,
S010471,2026-05-10,P009996,capture,2584,105,2479,USD,
S010472,2026-05-10,P010870,capture,4546,162,4384,USD,
S010473,2026-05-10,P010715,capture,2871,113,2758,USD,
S010474,2026-05-10,P012471,capture,4192,152,4040,USD,
S010475,2026-05-10,P001235,capture,1928,86,1842,USD,
S010478,2026-05-10,P014875,capture,9158,296,8862,USD,
S010480,2026-05-10,P012660,capture,3621,135,3486,USD,
S010483,2026-05-10,P003012,capture,4430,158,4272,USD,
S010484,2026-05-10,P001009,capture,1076,61,1015,USD,
S010485,2026-05-10,P011405,capture,8598,279,8319,USD,
S010486,2026-05-10,P007675,capture,5966,203,5763,USD,
S010490,2026-05-10,P014926,capture,17288,532,16756,EUR,converted at 1.0961
S010491,2026-05-10,P009481,capture,11656,368,11288,USD,
S010493,2026-05-10,P012924,capture,779,53,726,USD,
S010495,2026-05-10,P005913,capture,13841,431,13410,USD,
S010496,2026-05-10,P003121,capture,30067,902,29165,USD,
S010497,2026-05-10,P017435,capture,3638,136,3502,USD,
S010499,2026-05-10,P005549,capture,20627,628,19999,USD,
S010500,2026-05-10,P018927,capture,5600,192,5408,USD,
S010501,2026-05-10,P011378,capture,3482,131,3351,USD,
S010502,2026-05-10,P009936,capture,7942,260,7682,USD,
S010503,2026-05-10,P015731,capture,626,48,578,USD,
S010506,2026-05-10,P008368,capture,2840,112,2728,USD,
S010508,2026-05-10,P019389,capture,3972,145,3827,USD,
S010509,2026-05-10,P017920,capture,830,54,776,USD,
S010510,2026-05-10,P010400,capture,2941,115,2826,USD,
S010511,2026-05-10,P009034,capture,14848,461,14387,USD,
S010513,2026-05-10,P000461,capture,1829,83,1746,USD,
S010514,2026-05-10,P014173,capture,4124,150,3974,USD,
S010515,2026-05-10,P008679,capture,15090,468,14622,USD,
S010517,2026-05-10,P005527,capture,5295,184,5111,USD,
S010518,2026-05-10,P018983,capture,7655,252,7403,USD,
S010521,2026-05-10,P000941,capture,3280,125,3155,USD,
S010522,2026-05-10,P006633,capture,4718,167,4551,USD,
S010524,2026-05-10,P011565,capture,9306,300,9006,USD,
S010526,2026-05-10,P003628,capture,12925,405,12520,USD,
S010528,2026-05-10,P010182,capture,1269,67,1202,USD,
S010529,2026-05-10,P013354,capture,13636,425,13211,USD,
S010531,2026-05-10,P007674,capture,6327,213,6114,USD,
S010532,2026-05-10,P016462,capture,11414,361,11053,USD,
S010533,2026-05-10,P007655,capture,2099,91,2008,USD,
S010535,2026-05-10,P018337,capture,4237,153,4084,USD,
S010537,2026-05-10,P012211,capture,4193,152,4041,USD,
S010539,2026-05-10,P017536,capture,8092,265,7827,USD,
S010543,2026-05-10,P013894,capture,2477,102,2375,USD,
S010544,2026-05-10,P000992,capture,3057,119,2938,USD,
S010546,2026-05-10,P001154,capture,2766,110,2656,USD,
S010547,2026-05-10,P006929,capture,15742,487,15255,USD,
S010548,2026-05-10,P008119,capture,682,50,632,USD,
S010551,2026-05-10,P004957,capture,4659,165,4494,USD,
S010552,2026-05-10,P018769,capture,16236,501,15735,USD,
S010554,2026-05-10,P015289,capture,5562,191,5371,USD,
S010559,2026-05-10,P005548,capture,9461,304,9157,USD,
S010561,2026-05-10,P003274,capture,3682,137,3545,USD,
S010562,2026-05-10,P008874,capture,5360,185,5175,USD,
S010563,2026-05-10,P004105,capture,3997,146,3851,USD,
S010565,2026-05-10,P006699,capture,3287,126,3161,EUR,converted at 1.0961
S010567,2026-05-10,P008857,capture,3723,138,3585,USD,
S010568,2026-05-10,P001256,capture,8304,271,8033,USD,
S010569,2026-05-10,P001527,capture,14166,441,13725,USD,
S010570,2026-05-10,P004999,capture,10156,325,9831,USD,
S010571,2026-05-10,P000398,capture,6077,206,5871,USD,
S010572,2026-05-10,P004073,capture,3124,121,3003,USD,
S010573,2026-05-10,P015514,capture,8324,271,8053,USD,
S010575,2026-05-10,P002570,capture,4236,153,4083,USD,
S010578,2026-05-10,P009009,capture,11163,354,10809,USD,
S010581,2026-05-10,P006927,capture,5739,196,5543,USD,
S010582,2026-05-10,P001328,capture,1457,72,1385,USD,
S010583,2026-05-10,P012231,capture,3466,131,3335,USD,
S010584,2026-05-10,P016523,capture,10502,335,10167,USD,
S010585,2026-05-10,P006324,capture,2919,115,2804,USD,
S010586,2026-05-10,P007341,capture,5137,179,4958,USD,
S010587,2026-05-10,P009686,capture,1959,87,1872,USD,
S010590,2026-05-10,P014291,capture,3566,133,3433,USD,
S010591,2026-05-10,P018301,capture,2969,116,2853,USD,
S010593,2026-05-10,P003033,capture,6134,208,5926,USD,
S010597,2026-05-10,P002065,capture,984,59,925,USD,
S010598,2026-05-10,P006125,capture,17629,541,17088,USD,
S010599,2026-05-10,P008675,capture,10621,338,10283,USD,
S010600,2026-05-10,P004206,capture,4447,159,4288,USD,
S010601,2026-05-10,P013729,capture,8615,280,8335,USD,
S010602,2026-05-10,P010340,capture,22091,671,21420,USD,
S010604,2026-05-10,P005655,capture,4154,150,4004,USD,
S010605,2026-05-10,P004710,capture,3864,142,3722,USD,
S010606,2026-05-10,P018007,capture,3547,133,3414,USD,
S010607,2026-05-10,P003239,capture,3226,124,3102,USD,
S010608,2026-05-10,P019655,capture,3096,120,2976,USD,
S010609,2026-05-10,P004924,capture,2794,111,2683,USD,
S010612,2026-05-10,P004799,capture,9849,316,9533,USD,
S010615,2026-05-10,P007056,capture,1437,72,1365,USD,
S010616,2026-05-10,P007755,capture,12309,387,11922,USD,
S010618,2026-05-10,P008203,capture,6125,208,5917,USD,
S010619,2026-05-10,P010827,capture,1604,77,1527,USD,
S010620,2026-05-10,P015204,capture,3339,127,3212,USD,
S010621,2026-05-10,P007285,capture,5008,175,4833,USD,
S010622,2026-05-10,P009427,capture,5183,180,5003,USD,
S010623,2026-05-10,P003494,capture,7881,259,7622,USD,
S010624,2026-05-10,P013223,capture,3351,127,3224,USD,
S010625,2026-05-10,P014947,capture,2930,115,2815,USD,
S010627,2026-05-10,P001076,capture,10659,339,10320,USD,
S010628,2026-05-10,P018170,capture,37606,1121,36485,USD,
S010630,2026-05-10,P002324,capture,904,56,848,USD,
S010632,2026-05-10,P001560,capture,5354,185,5169,USD,
S010635,2026-05-10,P017308,capture,13790,430,13360,USD,
S010636,2026-05-10,P005813,capture,6193,210,5983,USD,
S010639,2026-05-10,P001635,capture,6785,227,6558,USD,
S010640,2026-05-10,P007767,capture,1458,72,1386,USD,
S010641,2026-05-10,P015714,capture,1564,75,1489,USD,
S010643,2026-05-10,P014740,capture,9422,303,9119,USD,
S010644,2026-05-10,P015746,capture,10057,322,9735,USD,
S010645,2026-05-10,P003036,capture,12392,389,12003,USD,
S010646,2026-05-10,P016903,capture,9755,313,9442,USD,
S010647,2026-05-10,P001824,capture,3144,121,3023,USD,
S010649,2026-05-10,P004317,capture,4885,172,4713,USD,
S010650,2026-05-10,P011684,capture,2045,89,1956,USD,
S010651,2026-05-10,P004413,capture,3618,135,3483,USD,
S010652,2026-05-10,P014592,capture,5297,184,5113,USD,
S010653,2026-05-10,P004921,capture,26710,805,25905,USD,
S010655,2026-05-10,P018729,capture,9611,309,9302,USD,
S010656,2026-05-10,P016386,capture,23975,725,23250,USD,
S010657,2026-05-10,P016083,capture,2465,101,2364,USD,
S010658,2026-05-10,P002740,capture,15338,475,14863,USD,
S010660,2026-05-10,P019265,capture,3314,126,3188,USD,
S010661,2026-05-10,P007672,capture,8882,288,8594,USD,
S010662,2026-05-10,P001296,capture,5723,196,5527,USD,
S010663,2026-05-10,P006196,capture,7219,239,6980,USD,
S010667,2026-05-10,P000459,capture,1171,64,1107,USD,
S010668,2026-05-10,P001702,capture,7509,248,7261,USD,
S010669,2026-05-10,P010746,capture,1773,81,1692,USD,
S010670,2026-05-10,P000843,capture,4756,168,4588,USD,
S010671,2026-05-10,P014679,capture,1770,81,1689,USD,
S010672,2026-05-10,P004207,capture,36438,1087,35351,USD,
S010673,2026-05-10,P010979,capture,5068,177,4891,USD,
S010674,2026-05-10,P007308,capture,13643,426,13217,USD,
S010675,2026-05-10,P013989,capture,2633,106,2527,USD,
S010676,2026-05-10,P008525,capture,9615,309,9306,USD,
S010677,2026-05-10,P015157,capture,9192,297,8895,USD,
S010680,2026-05-10,P015582,capture,6252,211,6041,USD,
S010681,2026-05-10,P013198,capture,10320,329,9991,USD,
S010683,2026-05-10,P000532,capture,4458,159,4299,USD,
S010685,2026-05-10,P012623,capture,8139,266,7873,USD,
S010686,2026-05-10,P014538,capture,3798,140,3658,USD,
S010687,2026-05-10,P017527,capture,4233,153,4080,USD,
S010690,2026-05-10,P009751,capture,3635,135,3500,USD,
S010692,2026-05-10,P014658,capture,4075,148,3927,USD,
S010693,2026-05-10,P005574,capture,46440,1377,45063,USD,
S010694,2026-05-10,P003243,capture,40744,1212,39532,USD,
S010695,2026-05-10,P019313,capture,12468,392,12076,USD,
S010696,2026-05-10,P010349,capture,10675,340,10335,USD,
S010697,2026-05-10,P006550,capture,6045,205,5840,USD,
S010698,2026-05-10,P012206,capture,776,54,722,EUR,converted at 1.0961
S010699,2026-05-10,P002922,capture,12520,393,12127,USD,
S010700,2026-05-10,P008984,capture,14350,446,13904,USD,
S010701,2026-05-10,P010645,capture,882,56,826,USD,
S010702,2026-05-10,P016127,capture,2577,105,2472,USD,
S010703,2026-05-10,P002641,capture,6534,219,6315,USD,
S010705,2026-05-10,P003906,capture,5725,196,5529,USD,
S010709,2026-05-10,P019028,capture,3002,117,2885,USD,
S010713,2026-05-10,P018663,capture,12032,379,11653,USD,
S010715,2026-05-10,P009396,capture,3712,138,3574,USD,
S010719,2026-05-10,P004265,capture,5266,183,5083,USD,
S010720,2026-05-10,P002644,capture,5872,200,5672,USD,
S010723,2026-05-10,P007856,capture,4221,152,4069,USD,
S010726,2026-05-10,P008051,capture,8645,281,8364,USD,
S010728,2026-05-10,P017710,capture,46232,1371,44861,USD,
S010729,2026-05-10,P012704,capture,10050,321,9729,USD,
S010731,2026-05-10,P011160,capture,5099,178,4921,USD,
S010733,2026-05-10,P007657,capture,9974,319,9655,USD,
S010737,2026-05-10,P011008,capture,2867,113,2754,USD,
S010740,2026-05-10,P007506,capture,12545,394,12151,USD,
S010741,2026-05-10,P014133,capture,9417,303,9114,USD,
S010742,2026-05-10,P009725,capture,3823,141,3682,USD,
S010745,2026-05-10,P011643,capture,7279,241,7038,USD,
S010746,2026-05-10,P019307,capture,4210,152,4058,USD,
S010747,2026-05-10,P009403,capture,10054,322,9732,USD,
S010748,2026-05-10,P016816,capture,3067,119,2948,USD,
S010749,2026-05-10,P013600,capture,1457,72,1385,USD,
S010751,2026-05-10,P005829,capture,4145,150,3995,USD,
S010755,2026-05-10,P009212,capture,3275,125,3150,USD,
S010756,2026-05-10,P002876,capture,2832,112,2720,USD,
S010757,2026-05-10,P001078,capture,6982,232,6750,USD,
S010759,2026-05-10,P019963,capture,5518,190,5328,USD,
S010760,2026-05-10,P015593,capture,4870,171,4699,USD,
S010764,2026-05-10,P017569,capture,2984,117,2867,USD,
S010765,2026-05-10,P006436,capture,3632,135,3497,USD,
S010766,2026-05-10,P017541,capture,15105,468,14637,USD,
S010767,2026-05-10,P001685,capture,4720,167,4553,USD,
S010768,2026-05-10,P006449,capture,8297,271,8026,USD,
S010770,2026-05-10,P018037,capture,9127,295,8832,USD,
S010771,2026-05-10,P008861,capture,26170,789,25381,USD,
S010773,2026-05-10,P011745,capture,1175,64,1111,USD,
S010774,2026-05-10,P018673,capture,1991,88,1903,USD,
S010776,2026-05-10,P006313,capture,7291,241,7050,USD,
S010777,2026-05-10,P010002,capture,1484,73,1411,USD,
S010778,2026-05-10,P001697,capture,3508,132,3376,USD,
S010779,2026-05-10,P002610,capture,2862,113,2749,USD,
S010781,2026-05-10,P006888,capture,2647,107,2540,USD,
S010782,2026-05-10,P000773,capture,2720,109,2611,USD,
S010784,2026-05-10,P003891,capture,2605,106,2499,USD,
S010786,2026-05-10,P003612,capture,4498,160,4338,USD,
S010787,2026-05-10,P004789,capture,4455,159,4296,USD,
S010788,2026-05-10,P010110,capture,11789,372,11417,USD,
S010790,2026-05-10,P003179,capture,3490,131,3359,USD,
S010791,2026-05-10,P005299,capture,11022,350,10672,USD,
S010792,2026-05-10,P015803,capture,2848,113,2735,USD,
S010795,2026-05-10,P018909,capture,3954,145,3809,USD,
S010796,2026-05-10,P018915,capture,5153,179,4974,USD,
S010797,2026-05-10,P010744,capture,3598,134,3464,USD,
S010798,2026-05-10,P017091,capture,5499,189,5310,USD,
S010802,2026-05-10,P002637,capture,2539,104,2435,USD,
S010803,2026-05-10,P008144,capture,14360,446,13914,USD,
S010804,2026-05-10,P003388,capture,8365,273,8092,USD,
S010807,2026-05-10,P019322,capture,5872,200,5672,USD,
S010808,2026-05-10,P003743,capture,3223,163,3060,USD,
S010809,2026-05-10,P005257,capture,2613,106,2507,USD,
S010810,2026-05-10,P018641,capture,11560,365,11195,USD,
S010811,2026-05-10,P012483,capture,4811,170,4641,USD,
S010812,2026-05-10,P018387,capture,3898,143,3755,USD,
S010813,2026-05-10,P011502,capture,5489,189,5300,USD,
S010814,2026-05-10,P010793,capture,3274,125,3149,USD,
S010815,2026-05-10,P014501,capture,4440,159,4281,USD,
S010816,2026-05-10,P014597,capture,1583,76,1507,USD,
S010821,2026-05-10,P016327,capture,8911,288,8623,USD,
S010822,2026-05-10,P001204,capture,7902,259,7643,USD,
S010823,2026-05-10,P013765,capture,2011,88,1923,USD,
S010825,2026-05-10,P008950,capture,1936,86,1850,USD,
S010827,2026-05-10,P015802,capture,4641,165,4476,USD,
S010828,2026-05-10,P000260,capture,18514,567,17947,USD,
S010832,2026-05-10,P019269,capture,1430,71,1359,USD,
S010834,2026-05-10,P007051,capture,10778,343,10435,USD,
S010835,2026-05-10,P019569,capture,3346,127,3219,USD,
S010836,2026-05-10,P018029,capture,6439,217,6222,USD,
S010837,2026-05-10,P008040,capture,1399,72,1327,EUR,converted at 1.0961
S010838,2026-05-10,P005926,capture,1013,59,954,USD,
S010839,2026-05-10,P002179,capture,1188,64,1124,USD,
S010840,2026-05-10,P009907,capture,77979,2291,75688,USD,
S010841,2026-05-10,P009822,capture,2613,106,2507,USD,
S010842,2026-05-10,P017856,capture,418,42,376,USD,
S010844,2026-05-10,P012839,capture,949,58,891,USD,
S010845,2026-05-10,P000855,capture,1206,65,1141,USD,
S010846,2026-05-10,P013768,capture,24782,749,24033,USD,
S010848,2026-05-10,P012664,capture,2940,115,2825,USD,
S010850,2026-05-10,P004524,capture,8278,270,8008,USD,
S010851,2026-05-10,P007822,capture,4540,162,4378,USD,
S010852,2026-05-10,P017555,capture,9913,317,9596,USD,
S010853,2026-05-10,P001230,capture,1402,71,1331,USD,
S010855,2026-05-10,P012164,capture,1019,60,959,USD,
S010859,2026-05-10,P018803,capture,2164,93,2071,USD,
S010860,2026-05-10,P012023,capture,20678,630,20048,USD,
S010863,2026-05-10,P010731,capture,1558,75,1483,USD,
S010864,2026-05-10,P005188,capture,6044,205,5839,USD,
S010865,2026-05-10,P010986,capture,6498,218,6280,USD,
S010866,2026-05-10,P012273,capture,4343,156,4187,USD,
S010867,2026-05-10,P014544,capture,3381,128,3253,USD,
S010868,2026-05-10,P006020,capture,17848,548,17300,USD,
S010869,2026-05-10,P014237,capture,17050,524,16526,USD,
S010870,2026-05-10,P018920,capture,2414,100,2314,USD,
S010872,2026-05-10,P016547,capture,3635,135,3500,USD,
S010873,2026-05-10,P001519,capture,921,57,864,USD,
S010876,2026-05-10,P016712,capture,3781,140,3641,USD,
S010878,2026-05-10,P017573,capture,33522,1002,32520,USD,
S010880,2026-05-10,P019554,capture,3694,112,3582,USD,
S010882,2026-05-10,P010576,capture,6612,222,6390,USD,
S010884,2026-05-10,P010496,capture,5598,192,5406,USD,
S010887,2026-05-10,P011780,capture,8754,284,8470,USD,
S010889,2026-05-10,P016612,capture,6088,207,5881,USD,
S010891,2026-05-10,P018677,capture,3555,133,3422,USD,
S010893,2026-05-10,P006860,capture,14755,458,14297,USD,
S010894,2026-05-10,P004848,capture,5389,186,5203,USD,
S010896,2026-05-10,P012982,capture,7018,234,6784,USD,
S010898,2026-05-10,P005353,capture,5812,199,5613,USD,
S010899,2026-05-10,P004353,capture,4077,148,3929,USD,
S010900,2026-05-10,P010034,capture,4269,154,4115,USD,
S010906,2026-05-10,P013439,capture,5753,197,5556,USD,
S010908,2026-05-10,P015522,capture,23274,705,22569,USD,
S010909,2026-05-10,P015363,capture,21090,642,20448,USD,
S010910,2026-05-10,P014303,capture,6077,206,5871,USD,
S010912,2026-05-10,P001676,refund,-4503,0,-4503,USD,
S010914,2026-05-10,P003659,capture,15266,473,14793,USD,
S010915,2026-05-10,P001808,capture,1818,83,1735,USD,
S010916,2026-05-10,P014220,capture,14151,440,13711,USD,
S010917,2026-05-10,P014367,capture,6515,219,6296,USD,
S010920,2026-05-10,P006728,capture,12991,407,12584,USD,
S010923,2026-05-10,P018513,capture,2656,107,2549,USD,
S010924,2026-05-10,P000931,capture,5277,183,5094,USD,
S010925,2026-05-10,P016585,capture,6989,233,6756,USD,
S010926,2026-05-10,P015098,capture,4023,147,3876,USD,
S010927,2026-05-10,P007640,capture,2376,99,2277,USD,
S010928,2026-05-10,P001355,capture,17809,546,17263,USD,
S010929,2026-05-10,P006783,capture,4494,160,4334,USD,
S010930,2026-05-10,P004986,capture,2509,103,2406,USD,
S010932,2026-05-10,P007653,capture,29729,892,28837,USD,
S010933,2026-05-10,P007008,capture,1386,70,1316,USD,
S010934,2026-05-10,P003983,capture,8808,285,8523,USD,
S010935,2026-05-10,P014768,capture,3839,141,3698,USD,
S010936,2026-05-10,P013511,capture,5819,199,5620,USD,
S010937,2026-05-10,P011783,capture,10549,336,10213,USD,
S010938,2026-05-10,P015006,capture,1809,82,1727,USD,
S010939,2026-05-10,P004636,capture,16543,510,16033,USD,
S010940,2026-05-10,P007373,capture,13031,408,12623,USD,
S010941,2026-05-10,P010388,capture,2558,104,2454,USD,
S010942,2026-05-10,P009943,capture,13228,414,12814,USD,
S010943,2026-05-10,P011192,capture,4599,163,4436,USD,
S010945,2026-05-10,P006055,capture,36323,1083,35240,USD,
S010946,2026-05-10,P010726,capture,8414,274,8140,USD,
S010948,2026-05-10,P005641,capture,10020,321,9699,USD,
S010949,2026-05-10,P014466,capture,7479,246,7233,EUR,converted at 1.0961
S010951,2026-05-10,P005995,capture,2858,113,2745,USD,
S010954,2026-05-10,P011842,capture,4405,158,4247,USD,
S010955,2026-05-10,P017264,capture,6871,229,6642,USD,
S010956,2026-05-10,P013741,capture,3230,124,3106,USD,
S010960,2026-05-10,P001732,capture,4376,157,4219,USD,
S010962,2026-05-10,P017212,capture,3217,123,3094,USD,
S010963,2026-05-10,P003514,capture,8511,277,8234,USD,
S010964,2026-05-10,P013529,capture,3408,129,3279,USD,
S010966,2026-05-10,P015230,capture,4406,158,4248,USD,
S010967,2026-05-10,P015934,capture,17018,524,16494,USD,
S010970,2026-05-10,P002173,capture,6051,205,5846,USD,
S010972,2026-05-10,P017634,capture,10866,345,10521,USD,
S010973,2026-05-10,P002202,capture,4998,175,4823,USD,
S010975,2026-05-10,P008555,capture,5495,189,5306,USD,
S010976,2026-05-10,P009339,capture,3791,140,3651,USD,
S010977,2026-05-10,P000884,capture,7664,252,7412,USD,
S010978,2026-05-10,P005975,capture,5363,186,5177,USD,
S010979,2026-05-10,P009080,capture,2198,94,2104,USD,
S010981,2026-05-10,P019001,capture,7690,253,7437,USD,
S010984,2026-05-10,P015655,capture,8838,286,8552,USD,
S010985,2026-05-10,P002360,capture,6333,214,6119,USD,
S010986,2026-05-10,P006469,capture,2607,106,2501,USD,
S010989,2026-05-10,P016691,capture,5585,192,5393,USD,
S010990,2026-05-10,P007172,capture,4382,157,4225,USD,
S010991,2026-05-10,P013256,capture,15090,468,14622,USD,
S010992,2026-05-10,P008299,capture,4324,155,4169,USD,
S010993,2026-05-10,P012392,capture,3345,127,3218,USD,
S010994,2026-05-10,P013981,capture,9369,302,9067,USD,
S010995,2026-05-10,P010989,capture,4507,161,4346,USD,
S010996,2026-05-10,P012545,capture,1057,61,996,USD,
S010998,2026-05-10,P017260,capture,3710,138,3572,USD,
S010999,2026-05-10,P014447,capture,15608,483,15125,USD,
S011000,2026-05-10,P014647,capture,23755,719,23036,USD,
S011002,2026-05-10,P007878,capture,12359,388,11971,USD,
S011004,2026-05-10,P012824,capture,2853,113,2740,USD,
S011011,2026-05-10,P006804,capture,9252,298,8954,USD,
S011012,2026-05-10,P019677,capture,6698,224,6474,USD,
S011013,2026-05-10,P014795,capture,13307,416,12891,USD,
S011014,2026-05-10,P011586,capture,1938,86,1852,USD,
S011015,2026-05-10,P001495,capture,4948,173,4775,USD,
S011016,2026-05-10,P005450,capture,2072,90,1982,USD,
S011017,2026-05-10,P003418,capture,3547,133,3414,USD,
S011019,2026-05-10,P012380,capture,8873,287,8586,USD,
S011021,2026-05-10,P007449,capture,2178,93,2085,USD,
S011023,2026-05-10,P009787,capture,10804,343,10461,USD,
S011024,2026-05-10,P017579,capture,6713,225,6488,USD,
S011026,2026-05-10,P000247,capture,3018,118,2900,USD,
S011027,2026-05-10,P016572,capture,2108,91,2017,USD,
S011031,2026-05-10,P019522,capture,1261,67,1194,USD,
S011032,2026-05-10,P015981,capture,24207,732,23475,USD,
S011035,2026-05-10,P007974,capture,19108,584,18524,USD,
S011036,2026-05-10,P014089,capture,12381,389,11992,USD,
S011037,2026-05-10,P009505,capture,3720,138,3582,USD,
S011039,2026-05-10,P002224,capture,21712,660,21052,USD,
S011040,2026-05-10,P017426,capture,3347,127,3220,USD,
S011041,2026-05-10,P017858,capture,13835,431,13404,USD,
S011042,2026-05-10,P008176,capture,3107,120,2987,USD,
S011043,2026-05-10,P018775,capture,2259,96,2163,USD,
S011044,2026-05-10,P006599,capture,2545,104,2441,USD,
S011046,2026-05-10,P011384,capture,9477,305,9172,USD,
S011047,2026-05-10,P019883,capture,965,58,907,USD,
S011048,2026-05-10,P014503,capture,5484,189,5295,USD,
S011049,2026-05-10,P008256,capture,1687,79,1608,USD,
S011050,2026-05-10,P002478,capture,2229,95,2134,USD,
S011051,2026-05-10,P003446,capture,6065,206,5859,USD,
S011052,2026-05-10,P014205,capture,5680,195,5485,USD,
S011054,2026-05-10,P002960,capture,8954,290,8664,USD,
S011056,2026-05-10,P001260,capture,4784,169,4615,USD,
S011059,2026-05-10,P019075,capture,16686,514,16172,USD,
S011060,2026-05-10,P019100,capture,5323,184,5139,USD,
S011062,2026-05-10,P006544,capture,2853,113,2740,USD,
S011063,2026-05-10,P005109,capture,3807,140,3667,USD,
S011065,2026-05-10,P019336,capture,7035,234,6801,USD,
S011066,2026-05-10,P018252,capture,7366,244,7122,USD,
S011069,2026-05-10,P018311,capture,10103,323,9780,USD,
S011070,2026-05-10,P019093,capture,12349,388,11961,USD,
S011073,2026-05-10,P003435,capture,14619,454,14165,USD,
S011074,2026-05-10,P010283,capture,9648,310,9338,USD,
S011075,2026-05-10,P004499,capture,5896,201,5695,USD,
S011077,2026-05-10,P019400,capture,10900,346,10554,USD,
S011078,2026-05-10,P018047,capture,3952,145,3807,USD,
S011079,2026-05-10,P017590,capture,3198,123,3075,USD,
S011080,2026-05-10,P007735,capture,5845,200,5645,USD,
S011082,2026-05-10,P016283,capture,7369,244,7125,USD,
S011084,2026-05-10,P008676,capture,2713,109,2604,USD,
S011085,2026-05-10,P013419,capture,2936,115,2821,USD,
S011086,2026-05-10,P010912,capture,28379,853,27526,USD,
S011087,2026-05-10,P010995,capture,12686,398,12288,USD,
S011088,2026-05-10,P007508,capture,10663,339,10324,USD,
S011089,2026-05-10,P008498,capture,3743,139,3604,USD,
S011090,2026-05-10,P004096,capture,3634,135,3499,USD,
S011092,2026-05-10,P007981,capture,2673,108,2565,USD,
S011093,2026-05-10,P015055,capture,10489,334,10155,USD,
S011094,2026-05-10,P015288,capture,5971,203,5768,USD,
S011095,2026-05-10,P004775,capture,6800,227,6573,USD,
S011096,2026-05-10,P009814,capture,1727,80,1647,USD,
S011097,2026-05-10,P013812,capture,1867,84,1783,USD,
S011098,2026-05-10,P000701,capture,2493,102,2391,USD,
S011099,2026-05-10,P019840,capture,26220,790,25430,USD,
S011100,2026-05-10,P001097,capture,1699,79,1620,USD,
S011101,2026-05-10,P016845,capture,13854,432,13422,USD,
S011102,2026-05-10,P010220,capture,3666,136,3530,USD,
S011103,2026-05-10,P004040,capture,10668,339,10329,USD,
S011105,2026-05-10,P014871,capture,4634,164,4470,USD,
S011106,2026-05-10,P006593,capture,17478,537,16941,USD,
S011107,2026-05-10,P000541,capture,6946,231,6715,USD,
S011108,2026-05-10,P006986,capture,14863,461,14402,USD,
S011110,2026-05-10,P007207,capture,280,38,242,USD,
S011112,2026-05-10,P007093,capture,2649,107,2542,USD,
S011113,2026-05-10,P009429,capture,6547,220,6327,USD,
S011114,2026-05-10,P015591,capture,16788,517,16271,USD,
S011116,2026-05-10,P010760,capture,16615,512,16103,USD,
S011117,2026-05-10,P015119,capture,3549,133,3416,USD,
S011118,2026-05-10,P014021,capture,4326,155,4171,USD,
S011120,2026-05-10,P009281,capture,8626,280,8346,USD,
S011121,2026-05-10,P011346,capture,2168,93,2075,USD,
S011122,2026-05-10,P010438,capture,6922,232,6690,EUR,converted at 1.0961
S011123,2026-05-10,P014528,capture,2180,93,2087,USD,
S011129,2026-05-10,P019008,capture,569,47,522,USD,
S011130,2026-05-10,P018383,capture,11422,361,11061,USD,
S011132,2026-05-10,P010279,capture,15109,468,14641,USD,
S011134,2026-05-10,P015422,capture,3452,130,3322,USD,
S011135,2026-05-10,P001433,capture,3958,144,3814,EUR,converted at 1.0961
S011137,2026-05-10,P009702,capture,4006,146,3860,USD,
S011139,2026-05-10,P014212,capture,3388,128,3260,USD,
S011140,2026-05-10,P008653,capture,11946,376,11570,USD,
S011144,2026-05-10,P002100,capture,420,42,378,USD,
S011147,2026-05-10,P008546,capture,2062,90,1972,USD,
S011149,2026-05-10,P001213,capture,2504,103,2401,USD,
S011150,2026-05-10,P017905,capture,1948,86,1862,USD,
S011152,2026-05-10,P005220,capture,13740,428,13312,USD,
S011153,2026-05-10,P014988,capture,24686,746,23940,USD,
S011154,2026-05-10,P015844,capture,9659,310,9349,USD,
S011155,2026-05-10,P016836,capture,4573,163,4410,USD,
S011156,2026-05-10,P001295,capture,6573,221,6352,USD,
S011159,2026-05-10,P002929,capture,2854,113,2741,USD,
S011160,2026-05-10,P003533,capture,1039,60,979,USD,
S011161,2026-05-10,P003107,capture,15714,486,15228,USD,
S011163,2026-05-10,P019965,capture,2282,96,2186,USD,
S011164,2026-05-10,P011464,capture,14510,451,14059,USD,
S011165,2026-05-10,P011128,capture,4290,155,4135,EUR,converted at 1.0961
S011166,2026-05-10,P008921,capture,1977,87,1890,USD,
S011167,2026-05-10,P001747,capture,2504,103,2401,USD,
S011168,2026-05-10,P007879,capture,8092,265,7827,USD,
S011169,2026-05-10,P006067,capture,4352,156,4196,USD,
S011172,2026-05-10,P008489,capture,5967,203,5764,USD,
S011175,2026-05-10,P014163,capture,4163,151,4012,USD,
S011176,2026-05-10,P015125,capture,5974,203,5771,USD,
S011177,2026-05-10,P014193,capture,5384,186,5198,USD,
S011179,2026-05-10,P005494,capture,1200,65,1135,USD,
S011180,2026-05-10,P011101,capture,2519,103,2416,USD,
S011182,2026-05-10,P013974,capture,1636,77,1559,USD,
S011183,2026-05-10,P008552,capture,5335,185,5150,USD,
S011187,2026-05-10,P013192,capture,1272,67,1205,USD,
S011189,2026-05-10,P003199,capture,29159,876,28283,USD,
S011190,2026-05-10,P002352,capture,4641,165,4476,USD,
S011191,2026-05-10,P001160,capture,9898,317,9581,USD,
S011193,2026-05-10,P012888,capture,781,53,728,USD,
S011194,2026-05-10,P000904,capture,3669,111,3558,USD,
S011197,2026-05-10,P009795,capture,4219,152,4067,USD,
S011198,2026-05-10,P003271,capture,4415,158,4257,USD,
S011201,2026-05-10,P015693,capture,8037,263,7774,USD,
S011202,2026-05-10,P017826,capture,21126,643,20483,USD,
S011204,2026-05-10,P004934,capture,20399,622,19777,USD,
S011209,2026-05-10,P014632,capture,8912,288,8624,USD,
S011210,2026-05-10,P004682,capture,8302,271,8031,USD,
S011211,2026-05-10,P008992,capture,3182,122,3060,USD,
S011212,2026-05-10,P009809,capture,752,52,700,USD,
S011213,2026-05-10,P012075,capture,6543,220,6323,USD,
S011214,2026-05-10,P019641,capture,1415,71,1344,USD,
S011216,2026-05-10,P016014,capture,9027,292,8735,USD,
S011217,2026-05-10,P006200,capture,7897,259,7638,USD,
S011220,2026-05-10,P009723,capture,2232,95,2137,USD,
S011221,2026-05-10,P000858,capture,4175,151,4024,USD,
S011222,2026-05-10,P011238,capture,4198,152,4046,USD,
S011226,2026-05-10,P002826,capture,7832,257,7575,USD,
S011227,2026-05-10,P015113,capture,1472,73,1399,USD,
S011230,2026-05-10,P004745,capture,8304,271,8033,USD,
S011232,2026-05-10,P000498,capture,9371,302,9069,USD,
S011234,2026-05-10,P019700,capture,2231,95,2136,USD,
S011236,2026-05-10,P016273,capture,15292,473,14819,USD,
S011238,2026-05-10,P002380,capture,35000,1045,33955,USD,
S011241,2026-05-10,P019869,capture,14668,455,14213,USD,
S011242,2026-05-10,P009139,capture,10885,346,10539,USD,
S011243,2026-05-10,P016956,capture,14553,452,14101,USD,
S011244,2026-05-10,P010776,capture,8774,284,8490,USD,
S011245,2026-05-10,P006026,capture,1933,86,1847,USD,
S011246,2026-05-10,P013443,capture,3008,117,2891,USD,
S011247,2026-05-10,P019719,capture,3632,135,3497,USD,
S011251,2026-05-10,P018689,capture,7558,249,7309,USD,
S011252,2026-05-10,P016611,capture,9221,297,8924,USD,
S011253,2026-05-10,P003599,capture,1253,66,1187,USD,
S011255,2026-05-10,P003703,capture,3700,137,3563,USD,
S011257,2026-05-10,P011046,capture,9197,297,8900,USD,
S011263,2026-05-10,P003004,capture,3614,135,3479,USD,
S011265,2026-05-10,P008830,capture,3775,139,3636,USD,
S011267,2026-05-10,P008506,capture,2440,101,2339,USD,
S011268,2026-05-10,P002749,capture,1889,85,1804,USD,
S011270,2026-05-10,P010771,capture,2748,110,2638,USD,
S011272,2026-05-10,P014119,capture,7503,248,7255,USD,
S011273,2026-05-10,P015295,capture,15054,467,14587,USD,
S011275,2026-05-10,P000134,capture,5471,189,5282,USD,
S011276,2026-05-10,P016847,capture,7942,260,7682,USD,
S011277,2026-05-10,P016502,capture,8064,264,7800,USD,
S011278,2026-05-10,P005646,capture,17198,529,16669,USD,
S011281,2026-05-10,P004909,capture,1796,82,1714,USD,
S011282,2026-05-10,P017119,capture,5066,177,4889,USD,
S011285,2026-05-10,P013655,capture,2383,99,2284,USD,
S011287,2026-05-10,P010673,capture,20209,616,19593,USD,
S011288,2026-05-10,P002428,capture,2829,112,2717,USD,
S011289,2026-05-10,P002894,capture,9088,294,8794,USD,
S011291,2026-05-10,P003879,capture,1041,60,981,USD,
S011292,2026-05-10,P011762,capture,4384,157,4227,USD,
S011294,2026-05-10,P001983,capture,2508,103,2405,USD,
S011296,2026-05-10,P015663,capture,1944,86,1858,USD,
S011297,2026-05-10,P019248,capture,1216,65,1151,USD,
S011299,2026-05-10,P004786,capture,33720,1008,32712,USD,
S011300,2026-05-10,P009328,capture,19953,609,19344,USD,
S011301,2026-05-10,P017616,capture,357,40,317,USD,
S011302,2026-05-10,P010266,capture,1099,62,1037,USD,
S011305,2026-05-10,P004251,capture,6240,211,6029,USD,
S011306,2026-05-10,P000356,capture,7322,242,7080,USD,
S011309,2026-05-10,P015151,capture,16266,502,15764,USD,
S011310,2026-05-10,P011447,capture,22914,695,22219,USD,
S011314,2026-05-10,P004898,capture,2246,95,2151,USD,
S011316,2026-05-10,P018250,capture,1984,88,1896,USD,
S011317,2026-05-10,P002152,capture,3977,145,3832,USD,
S011318,2026-05-10,P016848,capture,10106,323,9783,USD,
S011324,2026-05-10,P000756,capture,7313,242,7071,USD,
S011325,2026-05-10,P012068,capture,1516,74,1442,USD,
S011329,2026-05-10,P018906,capture,1045,60,985,USD,
S011330,2026-05-10,P019777,capture,11091,352,10739,USD,
S011331,2026-05-10,P017694,capture,1907,85,1822,USD,
S011333,2026-05-10,P008120,capture,6291,212,6079,USD,
S011334,2026-05-10,P011984,capture,10275,328,9947,USD,
S011335,2026-05-10,P015937,capture,4567,162,4405,USD,
S011336,2026-05-10,P015935,capture,1525,74,1451,USD,
S011339,2026-05-10,P010165,capture,6870,229,6641,USD,
S011342,2026-05-10,P014628,capture,1983,88,1895,USD,
S011343,2026-05-10,P015540,capture,9754,313,9441,USD,
S011344,2026-05-10,P019926,capture,494,44,450,USD,
S011345,2026-05-10,P001092,capture,2155,92,2063,USD,
S011347,2026-05-10,P008426,capture,14936,463,14473,USD,
S011349,2026-05-10,P016130,capture,1406,71,1335,USD,
S011350,2026-05-10,P016373,capture,5945,202,5743,USD,
S011351,2026-05-10,P010327,capture,9700,311,9389,USD,
S011352,2026-05-10,P009163,capture,7407,245,7162,USD,
S011353,2026-05-10,P011089,capture,13236,414,12822,USD,
S011354,2026-05-10,P003384,capture,20139,614,19525,USD,
S011356,2026-05-10,P001084,capture,4230,153,4077,USD,
S011357,2026-05-10,P008934,capture,2803,111,2692,USD,
S011358,2026-05-10,P014062,capture,1793,82,1711,USD,
S011359,2026-05-10,P004662,capture,738,51,687,USD,
S011362,2026-05-10,P004351,capture,5041,176,4865,USD,
S011366,2026-05-10,P003087,capture,43133,1281,41852,USD,
S011367,2026-05-10,P018569,capture,3530,132,3398,USD,
S011368,2026-05-10,P017050,capture,3702,137,3565,USD,
S011369,2026-05-10,P019602,capture,19429,593,18836,USD,
S011370,2026-05-10,P011770,capture,4508,161,4347,USD,
S011371,2026-05-10,P008954,capture,6493,218,6275,USD,
S011372,2026-05-10,P006171,capture,9627,309,9318,USD,
S011374,2026-05-10,P002604,capture,8139,266,7873,USD,
S011377,2026-05-10,P009983,capture,1485,73,1412,USD,
S011378,2026-05-10,P014910,capture,3130,121,3009,USD,
S011379,2026-05-10,P007129,capture,27813,837,26976,USD,
S011380,2026-05-10,P012683,capture,2012,88,1924,USD,
S011381,2026-05-10,P006013,capture,10478,334,10144,USD,
S011382,2026-05-10,P007876,capture,5633,193,5440,USD,
S011385,2026-05-10,P010241,capture,22759,690,22069,USD,
S011386,2026-05-10,P016516,capture,2706,108,2598,USD,
S011388,2026-05-10,P011251,capture,10638,339,10299,USD,
S011389,2026-05-10,P016206,capture,5622,193,5429,USD,
S011390,2026-05-10,P001804,capture,2569,105,2464,USD,
S011397,2026-05-10,P006031,capture,5447,188,5259,USD,
S011398,2026-05-10,P008604,capture,5028,176,4852,USD,
S011399,2026-05-10,P014272,capture,18179,557,17622,USD,
S011400,2026-05-10,P015951,capture,8205,268,7937,USD,
S011402,2026-05-10,P002283,capture,2115,91,2024,USD,
S011403,2026-05-10,P007930,capture,11043,350,10693,USD,
S011404,2026-05-10,P006276,capture,27605,831,26774,USD,
S011406,2026-05-10,P008092,capture,7467,247,7220,USD,
S011407,2026-05-10,P016481,capture,4857,171,4686,USD,
S011408,2026-05-10,P014526,capture,11481,363,11118,USD,
S011409,2026-05-10,P002906,capture,2958,116,2842,USD,
S011410,2026-05-10,P006011,capture,3821,141,3680,USD,
S011411,2026-05-10,P000355,capture,6068,206,5862,USD,
S011413,2026-05-10,P015639,capture,11638,368,11270,USD,
S011414,2026-05-10,P001723,capture,8383,273,8110,USD,
S011415,2026-05-10,P016537,capture,6390,215,6175,USD,
S011417,2026-05-10,P017075,capture,5838,199,5639,USD,
S011418,2026-05-10,P001015,capture,1617,77,1540,USD,
S011419,2026-05-10,P018168,capture,4492,160,4332,USD,
S011420,2026-05-10,P000174,capture,2015,88,1927,USD,
S011421,2026-05-10,P001042,capture,2185,93,2092,USD,
S011423,2026-05-10,P009495,capture,1605,77,1528,USD,
S011424,2026-05-10,P013080,capture,4043,147,3896,USD,
S011427,2026-05-10,P005897,capture,426,42,384,USD,
S011428,2026-05-10,P018131,capture,1982,87,1895,USD,
S011429,2026-05-10,P013577,capture,3728,138,3590,USD,
S011430,2026-05-10,P003394,capture,1842,83,1759,USD,
S011431,2026-05-10,P011380,capture,8832,286,8546,USD,
S011432,2026-05-10,P013124,capture,6023,205,5818,USD,
S011433,2026-05-10,P004823,capture,6233,211,6022,USD,
S011435,2026-05-10,P011772,capture,12628,396,12232,USD,
S011436,2026-05-10,P017407,capture,3068,119,2949,USD,
S011437,2026-05-10,P011548,capture,14760,458,14302,USD,
S011438,2026-05-10,P002727,capture,7836,257,7579,USD,
S011442,2026-05-10,P006513,capture,4663,165,4498,USD,
S011443,2026-05-10,P010964,capture,11923,376,11547,USD,
S011444,2026-05-10,P005942,capture,19874,606,19268,USD,
S011446,2026-05-10,P010861,capture,1076,61,1015,USD,
S011447,2026-05-10,P001522,capture,19595,598,18997,USD,
S011448,2026-05-10,P008925,capture,7499,247,7252,USD,
S011449,2026-05-10,P013892,capture,15743,487,15256,USD,
S011453,2026-05-10,P018933,capture,1457,72,1385,USD,
S011456,2026-05-10,P019034,capture,8495,276,8219,USD,
S011459,2026-05-10,P015377,capture,10968,348,10620,USD,
S011460,2026-05-10,P009476,capture,15390,476,14914,USD,
S011462,2026-05-10,P016720,capture,3004,117,2887,USD,
S011466,2026-05-10,P019080,capture,6263,212,6051,USD,
S011470,2026-05-10,P009069,refund,-9210,0,-9210,USD,
S011471,2026-05-10,P004773,capture,35583,1062,34521,USD,
S011472,2026-05-10,P000603,capture,1934,86,1848,USD,
S011473,2026-05-10,P004556,capture,4533,161,4372,USD,
S011474,2026-05-10,P013470,capture,4856,171,4685,USD,
S011475,2026-05-10,P016355,capture,3386,128,3258,USD,
S011476,2026-05-10,P003945,refund,-11343,0,-11343,USD,
S011478,2026-05-10,P014227,capture,4070,148,3922,USD,
S011479,2026-05-10,P007437,capture,11628,367,11261,USD,
S011480,2026-05-10,P018743,capture,6128,208,5920,USD,
S011482,2026-05-10,P013244,capture,977,58,919,USD,
S011485,2026-05-10,P009964,capture,19594,598,18996,USD,
S011488,2026-05-10,P005651,capture,9999,320,9679,USD,
S011490,2026-05-10,P006818,capture,2164,93,2071,USD,
S011492,2026-05-10,P002082,capture,601,47,554,USD,
S011493,2026-05-10,P003050,capture,1984,88,1896,USD,
S011494,2026-05-10,P016113,capture,15977,493,15484,USD,
S011497,2026-05-10,P011254,capture,29966,899,29067,USD,
S011499,2026-05-10,P006037,capture,5520,190,5330,USD,
S011500,2026-05-10,P006769,capture,8455,275,8180,USD,
S011501,2026-05-10,P017077,capture,17051,524,16527,USD,
S011503,2026-05-10,P005417,capture,6478,218,6260,USD,
S011504,2026-05-10,P018327,capture,15830,489,15341,USD,
S011506,2026-05-10,P013891,capture,1758,81,1677,USD,
S011507,2026-05-10,P017681,capture,3997,146,3851,USD,
S011508,2026-05-10,P003461,capture,4141,150,3991,USD,
S011509,2026-05-10,P004070,capture,21782,662,21120,USD,
S011510,2026-05-10,P005770,capture,1703,79,1624,USD,
S011512,2026-05-10,P014008,capture,20117,613,19504,USD,
S011513,2026-05-10,P000456,capture,8819,286,8533,USD,
S011514,2026-05-10,P014900,capture,14029,437,13592,USD,
S011518,2026-05-10,P015179,capture,1897,85,1812,USD,
S011524,2026-05-10,P012369,capture,29040,872,28168,USD,
S011526,2026-05-10,P019063,capture,19765,603,19162,USD,
S011528,2026-05-10,P019899,capture,3897,143,3754,USD,
S011529,2026-05-10,P019016,capture,6270,212,6058,USD,
S011532,2026-05-10,P007498,capture,8581,279,8302,USD,
S011533,2026-05-10,P016683,capture,7264,241,7023,USD,
S011534,2026-05-10,P003265,capture,3962,145,3817,USD,
S011535,2026-05-10,P018858,capture,2485,102,2383,USD,
S011537,2026-05-10,P018971,capture,11473,363,11110,USD,
S011538,2026-05-10,P015851,capture,9690,311,9379,USD,
S011539,2026-05-10,P003393,capture,17468,537,16931,USD,
S011540,2026-05-10,P004715,capture,10345,330,10015,USD,
S011542,2026-05-10,P002971,capture,16568,510,16058,USD,
S011543,2026-05-10,P011031,capture,16589,511,16078,USD,
S011545,2026-05-10,P005946,capture,8500,276,8224,USD,
S011547,2026-05-10,P019279,capture,321,39,282,USD,
S011549,2026-05-10,P017354,capture,10748,342,10406,USD,
S011554,2026-05-10,P018461,capture,5573,192,5381,USD,
S011556,2026-05-10,P005587,capture,9417,303,9114,USD,
S011557,2026-05-10,P010710,capture,2296,97,2199,USD,
S011558,2026-05-10,P015438,capture,9527,306,9221,USD,
S011559,2026-05-10,P018122,capture,1352,69,1283,USD,
S011561,2026-05-10,P002698,capture,6512,219,6293,USD,
S011563,2026-05-10,P005857,capture,1113,62,1051,USD,
S011564,2026-05-10,P015912,capture,14077,438,13639,USD,
S011565,2026-05-10,P000009,capture,1492,73,1419,USD,
S011566,2026-05-10,P019471,refund,-32872,0,-32872,USD,
S011567,2026-05-10,P011703,capture,4917,173,4744,USD,
S011568,2026-05-10,P013858,refund,-7394,0,-7394,USD,
S011569,2026-05-10,P011497,capture,5100,178,4922,USD,
S011570,2026-05-10,P013427,capture,13164,412,12752,USD,
S011571,2026-05-10,P015053,capture,21922,666,21256,USD,
S011574,2026-05-10,P013307,capture,39305,1170,38135,USD,
S011575,2026-05-10,P011786,capture,1978,87,1891,USD,
S011576,2026-05-10,P009016,capture,2854,113,2741,USD,
S011577,2026-05-10,P005127,capture,1534,74,1460,USD,
S011578,2026-05-10,P009728,capture,15180,470,14710,USD,
S011579,2026-05-10,P018813,capture,7754,255,7499,USD,
S011582,2026-05-10,P007511,capture,9639,310,9329,USD,
S011583,2026-05-10,P016404,capture,2492,102,2390,USD,
S011585,2026-05-10,P001265,capture,2260,96,2164,USD,
S011587,2026-05-10,P009110,capture,3242,124,3118,USD,
S011588,2026-05-10,P018891,capture,5581,192,5389,USD,
S011589,2026-05-10,P016704,capture,14889,462,14427,USD,
S011590,2026-05-10,P009994,capture,14847,461,14386,USD,
S011591,2026-05-10,P005461,capture,3623,135,3488,USD,
S011592,2026-05-10,P002050,capture,1378,70,1308,USD,
S011593,2026-05-10,P011847,capture,9310,300,9010,USD,
S011595,2026-05-10,P017076,capture,6005,204,5801,USD,
S011596,2026-05-10,P018342,capture,982,58,924,USD,
S011597,2026-05-10,P006394,capture,3499,131,3368,USD,
S011598,2026-05-10,P006056,capture,899,56,843,USD,
S011599,2026-05-10,P005132,capture,994,59,935,USD,
S011602,2026-05-10,P015291,capture,6717,225,6492,USD,
S011603,2026-05-10,P000991,capture,5280,183,5097,USD,
S011604,2026-05-10,P015661,capture,4020,147,3873,USD,
S011606,2026-05-10,P007266,capture,1321,68,1253,USD,
S011607,2026-05-10,P016304,capture,1329,69,1260,USD,
S011608,2026-05-10,P001287,capture,4465,159,4306,USD,
S011610,2026-05-10,P018816,capture,1897,85,1812,USD,
S011611,2026-05-10,P007796,capture,1748,81,1667,USD,
S011612,2026-05-10,P013751,capture,10030,321,9709,USD,
S011613,2026-05-10,P010880,refund,-12144,0,-12144,USD,
S011614,2026-05-10,P015692,capture,3713,138,3575,USD,
S011615,2026-05-10,P003037,capture,5297,184,5113,USD,
S011616,2026-05-10,P012146,capture,2607,106,2501,USD,
S011617,2026-05-10,P006571,capture,2452,101,2351,USD,
S011618,2026-05-10,P014717,capture,6957,232,6725,USD,
S011619,2026-05-10,P016056,capture,3617,135,3482,USD,
S011620,2026-05-10,P004275,capture,5280,183,5097,USD,
S011622,2026-05-10,P018913,capture,4436,159,4277,USD,
S011623,2026-05-10,P000390,capture,5395,186,5209,USD,
S011625,2026-05-10,P011909,capture,2618,106,2512,USD,
S011626,2026-05-10,P000876,capture,10479,334,10145,USD,
S011627,2026-05-10,P005015,capture,5487,189,5298,USD,
S011628,2026-05-10,P008273,capture,13070,409,12661,USD,
S011630,2026-05-10,P016078,capture,4376,157,4219,USD,
S011632,2026-05-10,P012805,capture,6531,219,6312,USD,
S011635,2026-05-10,P013071,capture,1334,69,1265,USD,
S011636,2026-05-10,P002422,capture,1460,72,1388,USD,
S011638,2026-05-10,P017193,capture,7172,238,6934,USD,
S011639,2026-05-10,P008393,capture,2124,92,2032,USD,
S011642,2026-05-10,P005659,capture,8656,281,8375,USD,
S011643,2026-05-10,P003788,capture,7388,244,7144,USD,
S011648,2026-05-10,P006343,capture,18342,562,17780,USD,
S011650,2026-05-10,P005505,capture,7074,235,6839,USD,
S011652,2026-05-10,P018500,capture,11574,366,11208,USD,
S011653,2026-05-10,P018345,capture,11222,355,10867,USD,
S011654,2026-05-10,P017979,capture,1608,77,1531,USD,
S011657,2026-05-10,P005302,capture,3915,144,3771,USD,
S011658,2026-05-10,P000497,capture,9070,293,8777,USD,
S011659,2026-05-10,P009945,capture,5184,180,5004,USD,
S011660,2026-05-10,P002355,capture,2717,109,2608,USD,
S011661,2026-05-10,P003767,capture,3040,118,2922,USD,
S011662,2026-05-10,P001870,capture,2470,102,2368,USD,
S011663,2026-05-10,P007819,capture,12157,383,11774,USD,
S011664,2026-05-10,P010461,capture,3571,134,3437,USD,
S011665,2026-05-10,P003329,capture,3579,134,3445,USD,
S011666,2026-05-10,P000974,capture,1633,77,1556,USD,
S011667,2026-05-10,P001390,capture,1453,72,1381,USD,
S011668,2026-05-10,P011585,capture,3981,145,3836,USD,
S011670,2026-05-10,P005228,capture,3844,141,3703,USD,
S011671,2026-05-10,P004722,capture,4718,167,4551,USD,
S011672,2026-05-10,P008807,capture,2844,112,2732,USD,
S011674,2026-05-10,P006770,capture,15148,469,14679,USD,
S011675,2026-05-10,P015557,capture,15125,469,14656,USD,
S011676,2026-05-10,P019031,capture,23207,703,22504,USD,
S011678,2026-05-10,P004833,refund,-1665,0,-1665,USD,
S011680,2026-05-10,P007969,capture,12661,397,12264,USD,
S011681,2026-05-10,P011948,capture,10028,321,9707,USD,
S011683,2026-05-10,P007963,capture,2575,105,2470,USD,
S011684,2026-05-10,P007576,capture,2864,113,2751,USD,
S011685,2026-05-10,P016802,capture,3159,122,3037,USD,
S011688,2026-05-10,P000929,capture,6747,226,6521,USD,
S011689,2026-05-10,P012262,capture,22646,687,21959,USD,
S011690,2026-05-10,P002888,capture,3259,125,3134,USD,
S011692,2026-05-10,P011335,capture,5482,189,5293,USD,
S011693,2026-05-10,P006483,capture,7633,251,7382,USD,
S011695,2026-05-10,P006353,capture,4867,171,4696,USD,
S011696,2026-05-10,P011834,capture,3496,131,3365,USD,
S011698,2026-05-10,P008606,capture,5310,184,5126,USD,
S011699,2026-05-10,P018151,capture,18923,579,18344,USD,
S011700,2026-05-10,P015494,capture,1733,80,1653,USD,
S011701,2026-05-10,P006916,capture,5754,197,5557,USD,
S011702,2026-05-10,P014329,capture,2402,100,2302,USD,
S011704,2026-05-10,P017467,capture,6066,206,5860,USD,
S011705,2026-05-10,P001074,capture,3721,138,3583,USD,
S011707,2026-05-10,P011175,capture,2827,112,2715,USD,
S011708,2026-05-10,P000219,capture,2638,107,2531,USD,
S011710,2026-05-10,P013068,capture,2419,100,2319,USD,
S011712,2026-05-10,P008592,capture,3722,138,3584,USD,
S011715,2026-05-10,P012925,capture,7639,253,7386,EUR,converted at 1.0961
S011716,2026-05-10,P007997,capture,886,56,830,USD,
S011717,2026-05-10,P019021,capture,46443,1377,45066,USD,
S011719,2026-05-10,P001679,capture,10580,337,10243,USD,
S011720,2026-05-10,P011681,capture,1122,63,1059,USD,
S011721,2026-05-10,P019783,capture,2358,98,2260,USD,
S011724,2026-05-10,P008166,capture,3566,133,3433,USD,
S011726,2026-05-10,P014643,capture,3956,145,3811,USD,
S011730,2026-05-10,P007398,capture,5612,193,5419,USD,
S011731,2026-05-10,P001348,capture,946,57,889,USD,
S011732,2026-05-10,P004731,capture,1557,75,1482,USD,
S011737,2026-05-10,P003085,capture,4933,173,4760,USD,
S011739,2026-05-10,P008146,capture,5122,179,4943,USD,
S011740,2026-05-10,P007740,capture,4313,155,4158,USD,
S011741,2026-05-10,P010745,capture,3550,133,3417,USD,
S011743,2026-05-10,P010428,capture,5366,186,5180,USD,
S011745,2026-05-10,P013063,capture,5193,181,5012,USD,
S011747,2026-05-10,P012171,capture,5572,192,5380,USD,
S011749,2026-05-10,P010126,capture,2502,103,2399,USD,
S011753,2026-05-10,P011650,capture,5193,181,5012,USD,
S011754,2026-05-10,P002837,capture,4281,154,4127,USD,
S011755,2026-05-10,P001455,capture,9628,309,9319,USD,
S011758,2026-05-10,P005991,capture,778,53,725,USD,
S011761,2026-05-10,P007182,capture,913,56,857,USD,
S011764,2026-05-10,P013299,capture,2570,105,2465,USD,
S011765,2026-05-10,P019108,capture,5212,181,5031,USD,
S011766,2026-05-10,P015446,capture,4300,155,4145,USD,
S011768,2026-05-10,P015619,capture,5044,176,4868,USD,
S011769,2026-05-10,P001626,capture,6078,206,5872,USD,
S011775,2026-05-10,P007532,capture,20478,624,19854,USD,
S011779,2026-05-10,P002103,capture,21703,659,21044,USD,
S011781,2026-05-10,P000994,capture,7749,255,7494,USD,
S011782,2026-05-10,P019178,capture,4579,163,4416,USD,
S011783,2026-05-10,P013462,capture,8387,273,8114,USD,
S011784,2026-05-10,P014893,capture,2493,102,2391,USD,
S011785,2026-05-10,P008862,capture,7964,261,7703,USD,
S011786,2026-05-10,P007865,capture,4177,151,4026,USD,
S011787,2026-05-10,P014246,capture,12793,401,12392,USD,
S011788,2026-05-10,P009206,capture,1318,68,1250,USD,
S011790,2026-05-10,P004904,capture,2680,108,2572,USD,
S011791,2026-05-10,P004960,capture,11582,366,11216,USD,
S011792,2026-05-10,P006226,capture,5112,178,4934,USD,
S011793,2026-05-10,P014318,capture,2993,117,2876,USD,
S011795,2026-05-10,P007251,capture,5129,179,4950,USD,
S011797,2026-05-10,P004346,capture,4258,153,4105,USD,
S011798,2026-05-10,P007421,capture,4472,160,4312,USD,
S011800,2026-05-10,P013584,capture,6646,223,6423,USD,
S011803,2026-05-10,P016957,capture,4018,147,3871,USD,
S011804,2026-05-10,P009347,capture,6385,215,6170,USD,
S011805,2026-05-10,P014953,capture,3186,122,3064,USD,
S011809,2026-05-10,P018290,capture,3480,131,3349,USD,
S011810,2026-05-10,P019848,capture,2915,115,2800,USD,
S011812,2026-05-10,P018390,capture,6308,213,6095,USD,
S011813,2026-05-10,P006972,capture,13397,419,12978,USD,
S011814,2026-05-10,P003117,capture,2383,99,2284,USD,
S011815,2026-05-10,P007403,capture,8920,289,8631,USD,
S011816,2026-05-10,P006356,capture,10879,345,10534,USD,
S011817,2026-05-10,P011774,capture,4116,149,3967,USD,
S011819,2026-05-10,P011838,refund,-7912,0,-7912,USD,
S011820,2026-05-10,P002035,capture,3307,126,3181,USD,
S011821,2026-05-10,P015561,capture,2478,102,2376,USD,
S011825,2026-05-10,P007295,capture,1999,88,1911,USD,
S011828,2026-05-10,P013935,capture,23775,719,23056,USD,
S011829,2026-05-10,P011659,capture,33759,1009,32750,USD,
S016602,2026-05-10,P003040,capture,28833,866,27967,USD,
S016606,2026-05-10,P006790,capture,12218,384,11834,USD,
S016625,2026-05-10,P014483,capture,2391,99,2292,USD,
S016626,2026-05-10,P014581,capture,6083,206,5877,USD,
S016629,2026-05-10,P015491,capture,4489,160,4329,USD,
S007370,2026-05-11,P019165,capture,2872,113,2759,USD,
S007372,2026-05-11,P008032,capture,19441,594,18847,USD,
S007376,2026-05-11,P014300,capture,19452,594,18858,USD,
S007391,2026-05-11,P002336,capture,24344,736,23608,USD,
S007395,2026-05-11,P007541,capture,9268,299,8969,USD,
S007396,2026-05-11,P004091,capture,1348,69,1279,USD,
S007406,2026-05-11,P015927,capture,1409,71,1338,USD,
S007414,2026-05-11,P018368,capture,5807,198,5609,USD,
S007439,2026-05-11,P017607,capture,1850,84,1766,USD,
S007440,2026-05-11,P004246,refund,-16816,0,-16816,USD,
S007441,2026-05-11,P011970,capture,2123,92,2031,USD,
S007444,2026-05-11,P017014,capture,5022,176,4846,USD,
S007480,2026-05-11,P017001,capture,3116,120,2996,USD,
S007493,2026-05-11,P015222,capture,14211,442,13769,USD,
S007515,2026-05-11,P002006,capture,3410,129,3281,USD,
S007516,2026-05-11,P002599,capture,3934,144,3790,USD,
S007517,2026-05-11,P010629,capture,5614,193,5421,USD,
S007526,2026-05-11,P014315,capture,31767,951,30816,USD,
S007530,2026-05-11,P000069,capture,12781,401,12380,USD,
S007536,2026-05-11,P016921,capture,22674,688,21986,USD,
S007542,2026-05-11,P005647,capture,6525,219,6306,USD,
S007547,2026-05-11,P014554,capture,8520,277,8243,USD,
S007551,2026-05-11,P019892,capture,9412,303,9109,USD,
S007604,2026-05-11,P012292,capture,3271,125,3146,USD,
S007606,2026-05-11,P012907,capture,7426,245,7181,USD,
S007629,2026-05-11,P018486,capture,1460,72,1388,USD,
S007633,2026-05-11,P015973,capture,5525,190,5335,USD,
S007662,2026-05-11,P007768,capture,1304,68,1236,USD,
S007678,2026-05-11,P009349,capture,23620,715,22905,USD,
S007710,2026-05-11,P007457,capture,6048,205,5843,USD,
S007745,2026-05-11,P019931,capture,3764,139,3625,USD,
S007751,2026-05-11,P013169,capture,5917,202,5715,USD,
S007770,2026-05-11,P018068,capture,2309,97,2212,USD,
S007775,2026-05-11,P005593,capture,8577,279,8298,USD,
S007780,2026-05-11,P016097,capture,8423,274,8149,USD,
S007781,2026-05-11,P010439,capture,3989,146,3843,USD,
S007803,2026-05-11,P015521,capture,6947,231,6716,USD,
S007813,2026-05-11,P000699,capture,8976,290,8686,USD,
S007828,2026-05-11,P003314,capture,3473,131,3342,USD,
S007845,2026-05-11,P008605,capture,9775,313,9462,USD,
S007848,2026-05-11,P004343,capture,2404,100,2304,USD,
S007852,2026-05-11,P009754,capture,5613,193,5420,USD,
S007894,2026-05-11,P007460,capture,3564,133,3431,USD,
S007900,2026-05-11,P014516,capture,7216,239,6977,USD,
S007903,2026-05-11,P006541,capture,12522,393,12129,USD,
S007905,2026-05-11,P011132,capture,3565,133,3432,USD,
S007918,2026-05-11,P016977,capture,15861,490,15371,USD,
S007919,2026-05-11,P013072,capture,3089,120,2969,USD,
S007921,2026-05-11,P004535,capture,3271,125,3146,USD,
S007924,2026-05-11,P002863,capture,5382,186,5196,USD,
S007939,2026-05-11,P000155,capture,2407,100,2307,USD,
S007960,2026-05-11,P011275,capture,6023,205,5818,USD,
S007969,2026-05-11,P009665,capture,5714,196,5518,USD,
S008001,2026-05-11,P008464,capture,3342,127,3215,USD,
S008008,2026-05-11,P008618,capture,5564,191,5373,USD,
S008018,2026-05-11,P019670,capture,4701,166,4535,USD,
S008043,2026-05-11,P017275,capture,1385,70,1315,USD,
S008052,2026-05-11,P006390,capture,13935,434,13501,USD,
S008080,2026-05-11,P016476,capture,41520,1234,40286,USD,
S008123,2026-05-11,P018162,capture,2045,89,1956,USD,
S008128,2026-05-11,P006237,capture,571,47,524,USD,
S008163,2026-05-11,P011822,capture,6613,222,6391,USD,
S008186,2026-05-11,P006422,capture,4455,159,4296,USD,
S008207,2026-05-11,P016687,capture,4069,148,3921,USD,
S008219,2026-05-11,P008955,refund,-3785,0,-3785,USD,
S008256,2026-05-11,P000046,capture,2560,104,2456,USD,
S008258,2026-05-11,P003963,capture,8450,275,8175,USD,
S008260,2026-05-11,P006711,capture,1977,87,1890,USD,
S008264,2026-05-11,P017046,capture,6147,208,5939,USD,
S008265,2026-05-11,P012887,capture,13147,411,12736,USD,
S008268,2026-05-11,P011651,capture,2590,105,2485,USD,
S008293,2026-05-11,P017986,capture,11189,354,10835,USD,
S008295,2026-05-11,P010841,capture,1611,77,1534,USD,
S008305,2026-05-11,P006608,capture,6059,206,5853,USD,
S008310,2026-05-11,P009666,capture,651,49,602,USD,
S008317,2026-05-11,P010628,capture,2866,113,2753,USD,
S008338,2026-05-11,P016134,capture,1490,73,1417,USD,
S008367,2026-05-11,P018171,capture,10219,326,9893,USD,
S008394,2026-05-11,P009020,capture,8311,271,8040,USD,
S008403,2026-05-11,P004403,capture,5435,188,5247,USD,
S008444,2026-05-11,P001475,capture,7469,247,7222,USD,
S008448,2026-05-11,P013339,capture,866,55,811,USD,
S008462,2026-05-11,P018141,capture,6646,223,6423,USD,
S008526,2026-05-11,P008239,capture,5121,179,4942,USD,
S008527,2026-05-11,P003351,capture,24180,731,23449,USD,
S008585,2026-05-11,P007881,capture,3020,118,2902,USD,
S008600,2026-05-11,P016751,capture,6587,221,6366,USD,
S008619,2026-05-11,P010272,capture,34947,1043,33904,USD,
S008682,2026-05-11,P017323,capture,5203,181,5022,USD,
S008685,2026-05-11,P003524,capture,5117,178,4939,USD,
S008706,2026-05-11,P016252,capture,14050,437,13613,USD,
S008708,2026-05-11,P006887,capture,17411,535,16876,USD,
S008709,2026-05-11,P006667,capture,2446,101,2345,USD,
S008719,2026-05-11,P009249,capture,1712,80,1632,USD,
S008772,2026-05-11,P018425,capture,28875,867,28008,USD,
S008806,2026-05-11,P018594,capture,10867,344,10523,EUR,converted at 1.0961
S008809,2026-05-11,P009556,capture,7971,261,7710,USD,
S008846,2026-05-11,P009656,capture,8090,265,7825,USD,
S008856,2026-05-11,P009383,capture,1803,82,1721,USD,
S008858,2026-05-11,P009374,capture,5543,191,5352,USD,
S008865,2026-05-11,P012926,capture,2791,111,2680,USD,
S008870,2026-05-11,P014499,capture,2910,114,2796,USD,
S008904,2026-05-11,P005453,capture,10899,346,10553,USD,
S008909,2026-05-11,P019524,capture,10573,337,10236,USD,
S008921,2026-05-11,P000130,capture,1393,70,1323,USD,
S008953,2026-05-11,P010068,capture,10559,336,10223,USD,
S008957,2026-05-11,P008034,capture,19630,599,19031,USD,
S009018,2026-05-11,P004300,capture,5822,199,5623,USD,
S009021,2026-05-11,P007853,capture,7020,234,6786,USD,
S009024,2026-05-11,P015677,capture,1060,61,999,USD,
S009028,2026-05-11,P019527,capture,5808,198,5610,USD,
S009055,2026-05-11,P006065,capture,4282,154,4128,USD,
S009088,2026-05-11,P008069,capture,2279,96,2183,USD,
S009122,2026-05-11,P019567,capture,30887,926,29961,USD,
S009143,2026-05-11,P001947,capture,5738,196,5542,USD,
S009170,2026-05-11,P019234,capture,9173,296,8877,USD,
S009174,2026-05-11,P009446,capture,46434,1377,45057,USD,
S009175,2026-05-11,P014971,capture,10387,331,10056,USD,
S009184,2026-05-11,P002653,capture,4934,173,4761,USD,
S009216,2026-05-11,P002445,capture,11326,358,10968,USD,
S009224,2026-05-11,P000628,capture,10748,342,10406,USD,
S009230,2026-05-11,P000297,capture,39878,1186,38692,USD,
S009275,2026-05-11,P004023,capture,5754,197,5557,USD,
S009283,2026-05-11,P004860,capture,7657,252,7405,USD,
S009294,2026-05-11,P014383,capture,14817,460,14357,USD,
S009301,2026-05-11,P016080,capture,5844,199,5645,USD,
S009318,2026-05-11,P018435,capture,6174,209,5965,USD,
S009325,2026-05-11,P011714,capture,13906,433,13473,USD,
S009373,2026-05-11,P019290,capture,9094,294,8800,USD,
S009399,2026-05-11,P005167,capture,2070,90,1980,USD,
S009403,2026-05-11,P007089,capture,7733,254,7479,USD,
S009416,2026-05-11,P006141,capture,6887,230,6657,USD,
S009419,2026-05-11,P014807,capture,7687,253,7434,USD,
S009432,2026-05-11,P003542,capture,1209,65,1144,USD,
S009473,2026-05-11,P012278,capture,2842,112,2730,USD,
S009475,2026-05-11,P006552,capture,8660,281,8379,USD,
S009482,2026-05-11,P006297,capture,8807,285,8522,USD,
S009488,2026-05-11,P000445,capture,1073,61,1012,USD,
S009542,2026-05-11,P010688,capture,2728,109,2619,USD,
S009559,2026-05-11,P002673,capture,10189,325,9864,USD,
S009574,2026-05-11,P005395,capture,6115,207,5908,USD,
S009596,2026-05-11,P000153,capture,11028,350,10678,USD,
S009607,2026-05-11,P013528,capture,1725,80,1645,USD,
S009612,2026-05-11,P019802,capture,10304,329,9975,USD,
S009617,2026-05-11,P002351,capture,1675,79,1596,USD,
S009631,2026-05-11,P003092,capture,3480,131,3349,USD,
S009644,2026-05-11,P002851,capture,1190,65,1125,USD,
S009660,2026-05-11,P019194,capture,1524,74,1450,USD,
S009663,2026-05-11,P010761,capture,2054,90,1964,USD,
S009665,2026-05-11,P014375,capture,6132,208,5924,USD,
S009667,2026-05-11,P006105,capture,5076,177,4899,USD,
S009668,2026-05-11,P004220,capture,5901,201,5700,USD,
S009671,2026-05-11,P001671,capture,907,56,851,USD,
S009673,2026-05-11,P016325,capture,4966,174,4792,USD,
S009674,2026-05-11,P012456,capture,1987,88,1899,USD,
S009675,2026-05-11,P008970,capture,4856,171,4685,USD,
S009676,2026-05-11,P019369,capture,11283,357,10926,USD,
S009677,2026-05-11,P014380,capture,6341,214,6127,USD,
S009680,2026-05-11,P007478,capture,2724,109,2615,USD,
S009681,2026-05-11,P002433,capture,13337,417,12920,USD,
S009683,2026-05-11,P010623,capture,4357,156,4201,USD,
S009684,2026-05-11,P008042,capture,8481,276,8205,USD,
S009688,2026-05-11,P006551,capture,14327,445,13882,USD,
S009691,2026-05-11,P006611,capture,5704,195,5509,USD,
S009693,2026-05-11,P019024,capture,7509,248,7261,USD,
S009694,2026-05-11,P018748,capture,5886,201,5685,USD,
S009699,2026-05-11,P012875,capture,17693,543,17150,USD,
S009701,2026-05-11,P011826,capture,1528,74,1454,USD,
S009709,2026-05-11,P012626,capture,11361,359,11002,USD,
S009711,2026-05-11,P017437,capture,14080,438,13642,USD,
S009715,2026-05-11,P003588,capture,10927,347,10580,USD,
S009718,2026-05-11,P014754,capture,633,48,585,USD,
S009719,2026-05-11,P003264,capture,2968,116,2852,USD,
S009721,2026-05-11,P018402,capture,4812,170,4642,USD,
S009722,2026-05-11,P017926,capture,14829,460,14369,USD,
S009726,2026-05-11,P005268,capture,3957,145,3812,USD,
S009727,2026-05-11,P013690,capture,8376,273,8103,USD,
S009728,2026-05-11,P002595,capture,1624,77,1547,USD,
S009732,2026-05-11,P015106,capture,5580,192,5388,USD,
S009738,2026-05-11,P017817,capture,2161,93,2068,USD,
S009739,2026-05-11,P005700,capture,2773,110,2663,USD,
S009740,2026-05-11,P011584,refund,-4677,0,-4677,USD,
S009741,2026-05-11,P019340,capture,4345,156,4189,USD,
S009742,2026-05-11,P014453,capture,3410,129,3281,USD,
S009747,2026-05-11,P012724,capture,5558,191,5367,USD,
S009748,2026-05-11,P005356,capture,6037,205,5832,USD,
S009749,2026-05-11,P005491,capture,1782,82,1700,USD,
S009752,2026-05-11,P016785,capture,45125,1339,43786,USD,
S009758,2026-05-11,P006154,capture,8785,285,8500,USD,
S009759,2026-05-11,P016966,capture,2665,107,2558,USD,
S009769,2026-05-11,P019366,capture,9090,294,8796,USD,
S009770,2026-05-11,P004224,capture,1222,65,1157,USD,
S009775,2026-05-11,P019125,capture,5787,198,5589,USD,
S009776,2026-05-11,P019711,capture,5774,197,5577,USD,
S009778,2026-05-11,P005604,capture,19583,598,18985,USD,
S009782,2026-05-11,P000651,capture,19549,597,18952,USD,
S009783,2026-05-11,P007462,capture,33739,1009,32730,EUR,converted at 1.0961
S009785,2026-05-11,P003579,capture,5110,178,4932,USD,
S009789,2026-05-11,P017720,capture,4184,151,4033,USD,
S009794,2026-05-11,P009594,capture,13189,412,12777,USD,
S009796,2026-05-11,P015757,capture,3702,137,3565,USD,
S009797,2026-05-11,P011156,capture,5935,202,5733,USD,
S009800,2026-05-11,P008856,capture,2372,99,2273,USD,
S009804,2026-05-11,P019691,capture,4746,168,4578,USD,
S009810,2026-05-11,P002742,capture,4489,160,4329,USD,
S009811,2026-05-11,P003484,capture,1718,80,1638,USD,
S009812,2026-05-11,P005418,capture,5008,175,4833,USD,
S009828,2026-05-11,P017171,capture,3602,134,3468,USD,
S009829,2026-05-11,P001118,capture,97694,2863,94831,USD,
S009833,2026-05-11,P014494,capture,3578,134,3444,USD,
S009834,2026-05-11,P011919,capture,1742,81,1661,USD,
S009835,2026-05-11,P012132,capture,1329,69,1260,USD,
S009837,2026-05-11,P011853,capture,1140,63,1077,USD,
S009839,2026-05-11,P019962,capture,12639,397,12242,USD,
S009842,2026-05-11,P009334,capture,3341,127,3214,USD,
S009845,2026-05-11,P000435,capture,1303,68,1235,USD,
S009849,2026-05-11,P008773,capture,3532,132,3400,USD,
S009851,2026-05-11,P012728,capture,23875,721,23154,EUR,converted at 1.0961
S009853,2026-05-11,P009219,capture,2621,106,2515,USD,
S009857,2026-05-11,P007673,capture,3865,142,3723,USD,
S009859,2026-05-11,P002814,capture,3593,134,3459,USD,
S009861,2026-05-11,P001003,capture,7411,245,7166,USD,
S009862,2026-05-11,P013257,capture,5057,177,4880,USD,
S009863,2026-05-11,P018581,capture,8526,277,8249,USD,
S009867,2026-05-11,P010767,capture,3283,125,3158,USD,
S009868,2026-05-11,P006137,capture,24452,739,23713,USD,
S009870,2026-05-11,P010147,capture,12892,404,12488,USD,
S009872,2026-05-11,P018962,capture,5960,203,5757,USD,
S009877,2026-05-11,P019278,capture,2598,105,2493,USD,
S009885,2026-05-11,P004943,capture,3337,127,3210,USD,
S009886,2026-05-11,P018892,capture,16396,505,15891,USD,
S009893,2026-05-11,P010393,capture,21834,663,21171,USD,
S009895,2026-05-11,P001190,capture,8615,280,8335,USD,
S009896,2026-05-11,P004468,capture,5604,193,5411,USD,
S009905,2026-05-11,P019631,capture,6053,206,5847,USD,
S009907,2026-05-11,P008012,capture,10244,327,9917,USD,
S009908,2026-05-11,P018851,capture,4903,172,4731,USD,
S009909,2026-05-11,P015979,capture,17676,543,17133,USD,
S009911,2026-05-11,P000485,capture,2765,110,2655,USD,
S009913,2026-05-11,P001780,capture,1233,66,1167,USD,
S009914,2026-05-11,P018444,capture,6311,213,6098,USD,
S009916,2026-05-11,P015826,capture,1185,64,1121,USD,
S009923,2026-05-11,P015241,capture,749,52,697,USD,
S009935,2026-05-11,P005274,capture,1483,73,1410,USD,
S009936,2026-05-11,P019667,capture,17079,525,16554,USD,
S009937,2026-05-11,P009974,capture,1844,83,1761,USD,
S009939,2026-05-11,P019617,capture,6087,207,5880,USD,
S009943,2026-05-11,P009893,capture,6925,231,6694,USD,
S009955,2026-05-11,P013788,capture,18834,576,18258,USD,
S009960,2026-05-11,P014508,capture,5358,185,5173,USD,
S009961,2026-05-11,P019731,capture,7086,235,6851,USD,
S009962,2026-05-11,P010890,capture,2286,96,2190,USD,
S009964,2026-05-11,P019064,capture,7391,243,7148,EUR,converted at 1.0961
S009966,2026-05-11,P019623,capture,1955,87,1868,USD,
S009969,2026-05-11,P001558,capture,3756,139,3617,USD,
S009972,2026-05-11,P007197,capture,2120,91,2029,USD,
S009975,2026-05-11,P010489,capture,9911,317,9594,USD,
S009979,2026-05-11,P014278,capture,4385,157,4228,USD,
S009982,2026-05-11,P009090,capture,2092,91,2001,USD,
S009984,2026-05-11,P005778,capture,3990,146,3844,USD,
S009987,2026-05-11,P004407,capture,1563,75,1488,USD,
S009988,2026-05-11,P004663,capture,4549,162,4387,USD,
S009989,2026-05-11,P017249,capture,7557,249,7308,USD,
S009991,2026-05-11,P008377,capture,3628,135,3493,USD,
S009992,2026-05-11,P019014,capture,13685,427,13258,USD,
S009993,2026-05-11,P005639,capture,2379,99,2280,USD,
S009999,2026-05-11,P011615,capture,1003,59,944,USD,
S010003,2026-05-11,P010788,capture,3552,133,3419,USD,
S010009,2026-05-11,P018822,capture,2979,116,2863,USD,
S010011,2026-05-11,P018918,capture,1813,83,1730,USD,
S010016,2026-05-11,P007105,capture,6535,220,6315,USD,
S010017,2026-05-11,P006004,capture,59310,1750,57560,USD,
S010019,2026-05-11,P017962,capture,12346,388,11958,USD,
S010022,2026-05-11,P019595,capture,2943,115,2828,USD,
S010026,2026-05-11,P015374,capture,2186,93,2093,USD,
S010027,2026-05-11,P004660,capture,1501,74,1427,USD,
S010033,2026-05-11,P017588,capture,5278,183,5095,USD,
S010042,2026-05-11,P017266,capture,1681,79,1602,USD,
S010046,2026-05-11,P014985,capture,15740,486,15254,USD,
S010048,2026-05-11,P008711,capture,5088,178,4910,USD,
S010049,2026-05-11,P008097,capture,11886,375,11511,USD,
S010051,2026-05-11,P019707,capture,4353,156,4197,USD,
S010052,2026-05-11,P004915,capture,1855,84,1771,USD,
S010057,2026-05-11,P019089,capture,7892,259,7633,USD,
S010062,2026-05-11,P000789,capture,5742,197,5545,USD,
S010064,2026-05-11,P005620,capture,975,58,917,USD,
S010067,2026-05-11,P003955,capture,1813,83,1730,USD,
S010077,2026-05-11,P013905,capture,2676,108,2568,USD,
S010081,2026-05-11,P019580,capture,31201,935,30266,USD,
S010084,2026-05-11,P011798,capture,7450,246,7204,USD,
S010089,2026-05-11,P015833,capture,1773,81,1692,USD,
S010090,2026-05-11,P001586,capture,10745,342,10403,USD,
S010093,2026-05-11,P017820,capture,2381,99,2282,USD,
S010098,2026-05-11,P010263,capture,3644,136,3508,USD,
S010106,2026-05-11,P012324,capture,6293,212,6081,USD,
S010110,2026-05-11,P004381,capture,10386,331,10055,USD,
S010114,2026-05-11,P004236,capture,2708,109,2599,USD,
S010117,2026-05-11,P001365,capture,1499,73,1426,USD,
S010118,2026-05-11,P011525,capture,48560,1438,47122,USD,
S010121,2026-05-11,P003189,capture,1395,70,1325,USD,
S010123,2026-05-11,P001641,capture,2826,112,2714,USD,
S010125,2026-05-11,P008014,capture,4805,169,4636,USD,
S010131,2026-05-11,P013435,capture,3308,126,3182,USD,
S010134,2026-05-11,P001964,capture,14272,444,13828,USD,
S010139,2026-05-11,P004045,refund,-5369,0,-5369,USD,
S010140,2026-05-11,P000226,capture,14034,437,13597,USD,
S010141,2026-05-11,P011349,capture,4761,168,4593,USD,
S010142,2026-05-11,P016370,capture,967,58,909,USD,
S010143,2026-05-11,P019532,capture,8283,270,8013,USD,
S010144,2026-05-11,P008700,capture,8616,280,8336,USD,
S010150,2026-05-11,P010777,capture,23368,708,22660,USD,
S010156,2026-05-11,P009491,capture,3323,126,3197,USD,
S010161,2026-05-11,P010115,capture,4562,162,4400,USD,
S010164,2026-05-11,P013576,capture,4593,163,4430,USD,
S010167,2026-05-11,P017318,capture,7054,235,6819,USD,
S010168,2026-05-11,P016216,capture,3683,137,3546,USD,
S010173,2026-05-11,P004361,capture,7882,259,7623,USD,
S010174,2026-05-11,P016987,capture,5942,202,5740,USD,
S010175,2026-05-11,P008241,capture,5959,203,5756,USD,
S010176,2026-05-11,P018492,capture,9775,313,9462,USD,
S010178,2026-05-11,P002699,capture,5192,181,5011,USD,
S010186,2026-05-11,P019214,capture,1981,87,1894,USD,
S010189,2026-05-11,P015534,capture,16988,523,16465,USD,
S010191,2026-05-11,P017918,capture,4728,167,4561,USD,
S010194,2026-05-11,P001194,capture,417,42,375,USD,
S010199,2026-05-11,P003206,capture,11241,356,10885,USD,
S010200,2026-05-11,P007137,capture,4007,146,3861,USD,
S010202,2026-05-11,P017412,capture,2921,115,2806,USD,
S010204,2026-05-11,P016260,capture,3939,144,3795,USD,
S010206,2026-05-11,P014142,capture,7548,249,7299,USD,
S010212,2026-05-11,P007413,capture,4615,164,4451,USD,
S010220,2026-05-11,P006310,capture,5833,199,5634,USD,
S010221,2026-05-11,P019059,capture,2348,98,2250,USD,
S010227,2026-05-11,P011784,capture,846,55,791,USD,
S010228,2026-05-11,P016610,capture,5191,181,5010,USD,
S010235,2026-05-11,P013183,capture,26135,788,25347,USD,
S010236,2026-05-11,P016852,capture,8232,269,7963,USD,
S010238,2026-05-11,P007092,capture,10795,343,10452,USD,
S010242,2026-05-11,P014043,capture,2426,100,2326,USD,
S010243,2026-05-11,P012707,capture,30982,928,30054,USD,
S010252,2026-05-11,P000958,capture,799,53,746,USD,
S010253,2026-05-11,P003462,capture,10902,346,10556,USD,
S010254,2026-05-11,P006568,capture,14011,436,13575,USD,
S010255,2026-05-11,P018658,capture,4766,168,4598,USD,
S010257,2026-05-11,P007058,capture,3187,122,3065,USD,
S010259,2026-05-11,P006044,capture,7979,261,7718,USD,
S010263,2026-05-11,P000049,capture,3032,118,2914,USD,
S010268,2026-05-11,P016408,capture,79110,2324,76786,USD,
S010269,2026-05-11,P013401,capture,3866,142,3724,USD,
S010272,2026-05-11,P007877,capture,2903,114,2789,USD,
S010273,2026-05-11,P014709,capture,2851,113,2738,USD,
S010277,2026-05-11,P002982,capture,4430,158,4272,USD,
S010281,2026-05-11,P019048,capture,2376,99,2277,USD,
S010284,2026-05-11,P007935,capture,4034,147,3887,USD,
S010287,2026-05-11,P013797,capture,6016,204,5812,USD,
S010295,2026-05-11,P002340,capture,1164,64,1100,USD,
S010297,2026-05-11,P015190,capture,4907,172,4735,USD,
S010305,2026-05-11,P013367,capture,7454,246,7208,USD,
S010316,2026-05-11,P004011,capture,789,53,736,USD,
S010317,2026-05-11,P014504,capture,6046,205,5841,USD,
S010322,2026-05-11,P015208,capture,6493,218,6275,USD,
S010323,2026-05-11,P013258,capture,5147,179,4968,USD,
S010327,2026-05-11,P009344,capture,1416,71,1345,USD,
S010334,2026-05-11,P012615,capture,4948,173,4775,USD,
S010335,2026-05-11,P005378,capture,5981,203,5778,USD,
S010336,2026-05-11,P012876,capture,14853,461,14392,USD,
S010337,2026-05-11,P011619,capture,4451,159,4292,USD,
S010343,2026-05-11,P013185,capture,2820,112,2708,USD,
S010352,2026-05-11,P000852,capture,8029,263,7766,USD,
S010359,2026-05-11,P016530,capture,957,58,899,USD,
S010360,2026-05-11,P017919,capture,28089,845,27244,USD,
S010362,2026-05-11,P010666,capture,14047,437,13610,USD,
S010363,2026-05-11,P006759,capture,3722,138,3584,USD,
S010364,2026-05-11,P000336,capture,1427,71,1356,USD,
S010368,2026-05-11,P011900,capture,4213,152,4061,USD,
S010370,2026-05-11,P013565,capture,2794,111,2683,USD,
S010373,2026-05-11,P005623,capture,6873,229,6644,USD,
S010375,2026-05-11,P007195,capture,2567,104,2463,USD,
S010376,2026-05-11,P005836,capture,3747,139,3608,USD,
S010378,2026-05-11,P005389,capture,5008,175,4833,USD,
S010383,2026-05-11,P011096,capture,3425,129,3296,USD,
S010384,2026-05-11,P009571,capture,7768,255,7513,USD,
S010385,2026-05-11,P006040,capture,4396,157,4239,USD,
S010388,2026-05-11,P005687,capture,3357,127,3230,USD,
S010390,2026-05-11,P006434,capture,1915,86,1829,USD,
S010394,2026-05-11,P015308,capture,24483,740,23743,USD,
S010398,2026-05-11,P006559,capture,3718,138,3580,USD,
S010399,2026-05-11,P002277,capture,1326,68,1258,USD,
S010401,2026-05-11,P016922,capture,2134,92,2042,USD,
S010402,2026-05-11,P012083,capture,1662,78,1584,USD,
S010403,2026-05-11,P001703,capture,9150,295,8855,USD,
S010415,2026-05-11,P001882,capture,3446,130,3316,USD,
S010419,2026-05-11,P006473,capture,2177,93,2084,USD,
S010420,2026-05-11,P010073,capture,17570,540,17030,USD,
S010421,2026-05-11,P006220,capture,4729,167,4562,USD,
S010422,2026-05-11,P012425,capture,4878,171,4707,USD,
S010424,2026-05-11,P000379,capture,8143,266,7877,USD,
S010426,2026-05-11,P009619,capture,3192,123,3069,USD,
S010429,2026-05-11,P008255,capture,2496,102,2394,USD,
S010430,2026-05-11,P006514,capture,4559,162,4397,USD,
S010434,2026-05-11,P002183,capture,5219,181,5038,USD,
S010436,2026-05-11,P018172,capture,6961,232,6729,USD,
S010437,2026-05-11,P011288,capture,7625,251,7374,USD,
S010439,2026-05-11,P000996,capture,2946,115,2831,USD,
S010440,2026-05-11,P005126,capture,6412,216,6196,USD,
S010446,2026-05-11,P016686,capture,864,55,809,USD,
S010449,2026-05-11,P017903,capture,1546,75,1471,USD,
S010450,2026-05-11,P010009,capture,9680,311,9369,USD,
S010457,2026-05-11,P006683,capture,7107,236,6871,USD,
S010459,2026-05-11,P013658,capture,1917,86,1831,USD,
S010461,2026-05-11,P014573,capture,13029,408,12621,USD,
S010467,2026-05-11,P016478,capture,5941,202,5739,USD,
S010476,2026-05-11,P013332,capture,3831,141,3690,USD,
S010477,2026-05-11,P015838,capture,885,56,829,USD,
S010479,2026-05-11,P003874,capture,8243,269,7974,USD,
S010482,2026-05-11,P014796,capture,12805,401,12404,USD,
S010487,2026-05-11,P010837,capture,16910,520,16390,USD,
S010488,2026-05-11,P018907,capture,2454,101,2353,USD,
S010489,2026-05-11,P005486,capture,9766,313,9453,USD,
S010492,2026-05-11,P006780,capture,2536,104,2432,USD,
S010498,2026-05-11,P017721,capture,19165,586,18579,USD,
S010504,2026-05-11,P000491,capture,5594,192,5402,USD,
S010505,2026-05-11,P002187,capture,8387,273,8114,USD,
S010507,2026-05-11,P012187,capture,7230,240,6990,USD,
S010512,2026-05-11,P001448,capture,2138,92,2046,USD,
S010520,2026-05-11,P008297,capture,2272,96,2176,USD,
S010523,2026-05-11,P016582,capture,5825,199,5626,USD,
S010525,2026-05-11,P004324,capture,3733,138,3595,USD,
S010527,2026-05-11,P019908,capture,1827,83,1744,USD,
S010530,2026-05-11,P002076,capture,17190,529,16661,USD,
S010534,2026-05-11,P013674,capture,1570,76,1494,USD,
S010536,2026-05-11,P013210,capture,6030,205,5825,USD,
S010538,2026-05-11,P000031,capture,9115,294,8821,USD,
S010540,2026-05-11,P014097,capture,23531,712,22819,USD,
S010541,2026-05-11,P018251,capture,7294,242,7052,USD,
S010542,2026-05-11,P016983,capture,1998,88,1910,USD,
S010549,2026-05-11,P019141,capture,4770,168,4602,USD,
S010550,2026-05-11,P009252,capture,5477,189,5288,USD,
S010553,2026-05-11,P004723,capture,1436,72,1364,USD,
S010555,2026-05-11,P013646,capture,24616,744,23872,USD,
S010556,2026-05-11,P010928,capture,3217,123,3094,USD,
S010557,2026-05-11,P005232,capture,7629,251,7378,USD,
S010558,2026-05-11,P004671,capture,3357,127,3230,USD,
S010564,2026-05-11,P004926,capture,675,50,625,USD,
S010566,2026-05-11,P007920,capture,3619,135,3484,USD,
S010574,2026-05-11,P001261,capture,4000,146,3854,USD,
S010577,2026-05-11,P002957,capture,1682,79,1603,USD,
S010579,2026-05-11,P004227,capture,2773,110,2663,USD,
S010580,2026-05-11,P002265,capture,4563,162,4401,USD,
S010588,2026-05-11,P012576,capture,8029,263,7766,USD,
S010589,2026-05-11,P012230,capture,16480,508,15972,USD,
S010594,2026-05-11,P015827,capture,14520,451,14069,USD,
S010595,2026-05-11,P013630,capture,3019,118,2901,USD,
S010596,2026-05-11,P014595,capture,1628,77,1551,USD,
S010603,2026-05-11,P000325,capture,38930,1159,37771,USD,
S010610,2026-05-11,P009211,capture,4101,149,3952,USD,
S010611,2026-05-11,P004712,capture,2974,116,2858,USD,
S010613,2026-05-11,P000989,capture,13853,432,13421,USD,
S010614,2026-05-11,P017642,capture,5796,198,5598,USD,
S010617,2026-05-11,P007124,capture,23738,718,23020,USD,
S010626,2026-05-11,P000011,capture,2640,107,2533,USD,
S010629,2026-05-11,P007490,capture,7961,261,7700,USD,
S010631,2026-05-11,P013738,capture,5769,197,5572,USD,
S010634,2026-05-11,P003173,capture,4285,154,4131,USD,
S010637,2026-05-11,P002230,capture,3955,145,3810,USD,
S010638,2026-05-11,P003171,capture,2900,114,2786,USD,
S010642,2026-05-11,P019335,capture,8031,263,7768,USD,
S010648,2026-05-11,P002991,capture,6564,220,6344,USD,
S010659,2026-05-11,P001556,capture,94803,2779,92024,USD,
S010664,2026-05-11,P006620,capture,13590,424,13166,USD,
S010665,2026-05-11,P012670,capture,1732,80,1652,USD,
S010666,2026-05-11,P015880,capture,2808,111,2697,USD,
S010678,2026-05-11,P016262,capture,4145,150,3995,USD,
S010679,2026-05-11,P004168,capture,4762,168,4594,USD,
S010682,2026-05-11,P019697,capture,6498,218,6280,USD,
S010684,2026-05-11,P016880,capture,2015,88,1927,USD,
S010688,2026-05-11,P013816,capture,2705,108,2597,USD,
S010689,2026-05-11,P003587,capture,5794,198,5596,USD,
S010706,2026-05-11,P000607,capture,13105,410,12695,USD,
S010707,2026-05-11,P004675,capture,12488,392,12096,USD,
S010710,2026-05-11,P014121,capture,813,54,759,USD,
S010712,2026-05-11,P013553,capture,11575,366,11209,USD,
S010714,2026-05-11,P001501,capture,3557,133,3424,USD,
S010716,2026-05-11,P014825,capture,5147,179,4968,USD,
S010717,2026-05-11,P013689,capture,3213,123,3090,USD,
S010721,2026-05-11,P018200,capture,4232,153,4079,USD,
S010722,2026-05-11,P017639,capture,3335,127,3208,USD,
S010724,2026-05-11,P015930,capture,3378,128,3250,USD,
S010727,2026-05-11,P005259,capture,28403,854,27549,USD,
S010730,2026-05-11,P017562,capture,3287,125,3162,USD,
S010732,2026-05-11,P001347,capture,3569,134,3435,USD,
S010734,2026-05-11,P016766,capture,1838,83,1755,USD,
S010735,2026-05-11,P006197,capture,3406,129,3277,USD,
S010736,2026-05-11,P015769,capture,2280,96,2184,USD,
S010743,2026-05-11,P007936,capture,1265,67,1198,USD,
S010753,2026-05-11,P000141,capture,1672,78,1594,USD,
S010754,2026-05-11,P013425,capture,3669,136,3533,USD,
S010758,2026-05-11,P010026,capture,3763,139,3624,USD,
S010761,2026-05-11,P001711,capture,10515,335,10180,USD,
S010763,2026-05-11,P007615,capture,3234,124,3110,USD,
S010769,2026-05-11,P019053,capture,6432,217,6215,USD,
S010772,2026-05-11,P014056,capture,2622,106,2516,USD,
S010775,2026-05-11,P005584,capture,1525,74,1451,USD,
S010780,2026-05-11,P006668,capture,5154,179,4975,USD,
S010783,2026-05-11,P015167,capture,3688,137,3551,USD,
S010785,2026-05-11,P006940,capture,1225,66,1159,USD,
S010789,2026-05-11,P009586,capture,10954,348,10606,USD,
S010793,2026-05-11,P005536,capture,364,41,323,USD,
S010794,2026-05-11,P000971,capture,11331,359,10972,USD,
S010799,2026-05-11,P005656,capture,7468,247,7221,USD,
S010800,2026-05-11,P003844,capture,1081,61,1020,USD,
S010801,2026-05-11,P008086,capture,10969,348,10621,USD,
S010805,2026-05-11,P001823,capture,6149,208,5941,USD,
S010806,2026-05-11,P001774,capture,2625,106,2519,USD,
S010817,2026-05-11,P015588,capture,9455,304,9151,USD,
S010819,2026-05-11,P001940,capture,2084,90,1994,USD,
S010820,2026-05-11,P016976,capture,2055,90,1965,USD,
S010824,2026-05-11,P006737,capture,4781,169,4612,USD,
S010826,2026-05-11,P018842,capture,2102,91,2011,USD,
S010829,2026-05-11,P011868,capture,4430,158,4272,USD,
S010830,2026-05-11,P008747,capture,2985,117,2868,USD,
S010831,2026-05-11,P005844,capture,10548,336,10212,USD,
S010843,2026-05-11,P013918,capture,1317,68,1249,USD,
S010847,2026-05-11,P002522,capture,11922,376,11546,USD,
S010849,2026-05-11,P017656,capture,6259,212,6047,USD,
S010854,2026-05-11,P012641,capture,1973,87,1886,USD,
S010856,2026-05-11,P007552,capture,3765,139,3626,USD,
S010858,2026-05-11,P000842,capture,2136,92,2044,USD,
S010861,2026-05-11,P019794,capture,14727,457,14270,USD,
S010862,2026-05-11,P014270,capture,14281,444,13837,USD,
S010871,2026-05-11,P010274,capture,10633,338,10295,USD,
S010875,2026-05-11,P009984,capture,31741,950,30791,USD,
S010877,2026-05-11,P007795,capture,11133,353,10780,USD,
S010879,2026-05-11,P009103,capture,1133,63,1070,USD,
S010881,2026-05-11,P019440,capture,16994,523,16471,USD,
S010883,2026-05-11,P012577,capture,2635,106,2529,USD,
S010885,2026-05-11,P001293,capture,6397,216,6181,USD,
S010886,2026-05-11,P013254,capture,17539,539,17000,USD,
S010888,2026-05-11,P005358,capture,4480,160,4320,USD,
S010890,2026-05-11,P000614,capture,7306,242,7064,USD,
S010892,2026-05-11,P008671,capture,4716,167,4549,USD,
S010895,2026-05-11,P015835,capture,6889,230,6659,USD,
S010901,2026-05-11,P014888,capture,4932,173,4759,USD,
S010902,2026-05-11,P017000,capture,5830,199,5631,USD,
S010903,2026-05-11,P015913,capture,9096,294,8802,USD,
S010904,2026-05-11,P012871,capture,9400,303,9097,USD,
S010905,2026-05-11,P005468,capture,8390,273,8117,USD,
S010907,2026-05-11,P016718,capture,2034,89,1945,USD,
S010911,2026-05-11,P004348,capture,2197,94,2103,USD,
S010913,2026-05-11,P016239,capture,5318,184,5134,USD,
S010918,2026-05-11,P014444,capture,3060,119,2941,USD,
S010919,2026-05-11,P015003,capture,22796,691,22105,USD,
S010921,2026-05-11,P015070,capture,4176,151,4025,USD,
S010922,2026-05-11,P003622,capture,2910,114,2796,USD,
S010931,2026-05-11,P013230,capture,1049,60,989,USD,
S010944,2026-05-11,P001168,capture,18042,553,17489,USD,
S010947,2026-05-11,P003826,capture,4855,171,4684,USD,
S010950,2026-05-11,P010091,capture,8462,275,8187,USD,
S010952,2026-05-11,P016950,capture,1732,80,1652,USD,
S010953,2026-05-11,P000326,capture,3591,134,3457,USD,
S010957,2026-05-11,P012602,capture,9046,292,8754,USD,
S010958,2026-05-11,P019981,capture,4612,164,4448,USD,
S010959,2026-05-11,P017114,capture,3476,131,3345,USD,
S010961,2026-05-11,P000160,capture,4873,171,4702,USD,
S010968,2026-05-11,P015665,capture,5970,203,5767,USD,
S010969,2026-05-11,P015239,capture,27155,817,26338,USD,
S010971,2026-05-11,P011804,capture,4266,154,4112,USD,
S010982,2026-05-11,P008285,capture,3160,122,3038,USD,
S010983,2026-05-11,P015779,capture,8755,284,8471,USD,
S010988,2026-05-11,P018384,capture,3305,126,3179,USD,
S010997,2026-05-11,P009023,capture,5700,195,5505,USD,
S011001,2026-05-11,P012863,capture,3075,119,2956,USD,
S011003,2026-05-11,P000084,capture,4224,152,4072,USD,
S011005,2026-05-11,P012912,refund,-5853,0,-5853,USD,
S011006,2026-05-11,P005856,capture,3418,129,3289,USD,
S011007,2026-05-11,P002043,capture,7356,243,7113,USD,
S011008,2026-05-11,P002603,capture,6680,224,6456,USD,
S011009,2026-05-11,P005670,capture,30148,904,29244,USD,
S011010,2026-05-11,P010033,capture,37228,1110,36118,USD,
S011018,2026-05-11,P001764,capture,2554,104,2450,USD,
S011028,2026-05-11,P015347,capture,1444,72,1372,USD,
S011029,2026-05-11,P018053,capture,1525,74,1451,USD,
S011030,2026-05-11,P019271,capture,7759,255,7504,USD,
S011033,2026-05-11,P012973,capture,14712,457,14255,USD,
S011038,2026-05-11,P013233,capture,6400,216,6184,USD,
S011045,2026-05-11,P018696,capture,4655,165,4490,USD,
S011053,2026-05-11,P017441,capture,10666,339,10327,USD,
S011055,2026-05-11,P002480,capture,7344,243,7101,USD,
S011058,2026-05-11,P016742,capture,3744,139,3605,USD,
S011061,2026-05-11,P015168,capture,648,49,599,USD,
S011064,2026-05-11,P008988,capture,14814,460,14354,USD,
S011067,2026-05-11,P016657,capture,3058,119,2939,USD,
S011068,2026-05-11,P013585,capture,6317,213,6104,USD,
S011071,2026-05-11,P013106,capture,14479,450,14029,USD,
S011076,2026-05-11,P012874,capture,3820,141,3679,USD,
S011081,2026-05-11,P018551,capture,6325,224,6101,USD,
S011083,2026-05-11,P011115,capture,9502,306,9196,USD,
S011091,2026-05-11,P013542,capture,10885,346,10539,USD,
S011104,2026-05-11,P015926,capture,6725,225,6500,USD,
S011109,2026-05-11,P015388,capture,8889,288,8601,USD,
S011111,2026-05-11,P008639,capture,7539,249,7290,USD,
S011115,2026-05-11,P015799,capture,2224,94,2130,USD,
S011119,2026-05-11,P012981,refund,-13302,0,-13302,USD,
S011124,2026-05-11,P003629,capture,3574,134,3440,USD,
S011125,2026-05-11,P006689,capture,4680,166,4514,USD,
S011126,2026-05-11,P009758,capture,39062,1163,37899,USD,
S011127,2026-05-11,P017273,capture,9821,315,9506,USD,
S011128,2026-05-11,P013094,capture,3292,125,3167,USD,
S011133,2026-05-11,P006806,capture,20381,621,19760,USD,
S011136,2026-05-11,P008155,capture,7319,242,7077,USD,
S011142,2026-05-11,P012179,capture,2168,93,2075,USD,
S011143,2026-05-11,P003153,capture,5790,198,5592,USD,
S011145,2026-05-11,P014182,capture,5688,195,5493,USD,
S011146,2026-05-11,P014813,capture,1338,69,1269,USD,
S011148,2026-05-11,P004433,capture,5055,177,4878,USD,
S011157,2026-05-11,P002981,capture,2003,88,1915,USD,
S011162,2026-05-11,P018712,capture,1305,68,1237,USD,
S011170,2026-05-11,P004270,capture,1283,67,1216,USD,
S011171,2026-05-11,P007393,capture,3215,123,3092,USD,
S011173,2026-05-11,P014248,capture,2927,115,2812,USD,
S011174,2026-05-11,P016574,capture,7804,256,7548,USD,
S011181,2026-05-11,P014226,capture,1741,80,1661,USD,
S011184,2026-05-11,P001512,capture,13703,427,13276,USD,
S011185,2026-05-11,P018710,capture,4283,154,4129,USD,
S011186,2026-05-11,P007125,capture,18537,568,17969,USD,
S011192,2026-05-11,P001633,capture,1892,85,1807,USD,
S011195,2026-05-11,P011511,capture,14511,451,14060,USD,
S011196,2026-05-11,P012108,capture,5048,176,4872,USD,
S011199,2026-05-11,P018536,capture,4313,155,4158,USD,
S011200,2026-05-11,P008808,capture,1918,86,1832,USD,
S011205,2026-05-11,P011344,capture,6326,213,6113,USD,
S011206,2026-05-11,P000220,capture,2208,94,2114,USD,
S011207,2026-05-11,P006726,capture,1863,84,1779,USD,
S011208,2026-05-11,P008055,capture,6582,221,6361,USD,
S011215,2026-05-11,P010106,capture,1614,77,1537,USD,
S011218,2026-05-11,P012834,capture,10865,345,10520,USD,
S011219,2026-05-11,P009539,capture,18061,554,17507,USD,
S011224,2026-05-11,P017671,capture,4692,166,4526,USD,
S011228,2026-05-11,P008061,capture,7572,250,7322,USD,
S011229,2026-05-11,P001577,capture,12823,402,12421,USD,
S011231,2026-05-11,P004211,capture,32314,967,31347,USD,
S011233,2026-05-11,P017759,capture,18548,568,17980,USD,
S011235,2026-05-11,P002503,capture,15358,475,14883,USD,
S011237,2026-05-11,P003858,capture,3850,142,3708,USD,
S011239,2026-05-11,P019533,capture,1490,73,1417,USD,
S011248,2026-05-11,P008154,capture,4074,148,3926,USD,
S011249,2026-05-11,P009127,capture,5297,184,5113,USD,
S011250,2026-05-11,P008219,capture,806,53,753,USD,
S011254,2026-05-11,P018152,capture,6819,228,6591,USD,
S011256,2026-05-11,P017420,capture,4611,164,4447,USD,
S011259,2026-05-11,P011980,capture,6506,219,6287,USD,
S011260,2026-05-11,P001258,capture,14723,457,14266,USD,
S011264,2026-05-11,P012077,capture,4195,152,4043,USD,
S011266,2026-05-11,P013133,capture,10133,324,9809,USD,
S011269,2026-05-11,P019551,capture,11375,360,11015,USD,
S011271,2026-05-11,P009919,capture,3623,135,3488,USD,
S011279,2026-05-11,P019519,capture,2702,108,2594,USD,
S011280,2026-05-11,P008553,capture,5344,185,5159,USD,
S011283,2026-05-11,P008452,capture,3941,144,3797,USD,
S011284,2026-05-11,P002883,capture,3246,124,3122,USD,
S011286,2026-05-11,P002018,capture,5155,179,4976,USD,
S011290,2026-05-11,P018038,capture,11514,364,11150,USD,
S011293,2026-05-11,P008819,capture,2811,112,2699,USD,
S011295,2026-05-11,P004069,capture,1270,67,1203,USD,
S011298,2026-05-11,P005757,capture,1280,67,1213,USD,
S011303,2026-05-11,P007156,capture,1202,65,1137,USD,
S011304,2026-05-11,P001095,capture,3974,145,3829,USD,
S011307,2026-05-11,P015576,capture,3887,143,3744,USD,
S011311,2026-05-11,P006786,capture,1532,74,1458,USD,
S011312,2026-05-11,P003078,capture,8502,277,8225,USD,
S011313,2026-05-11,P016526,capture,8563,278,8285,USD,
S011315,2026-05-11,P018274,capture,6299,213,6086,USD,
S011320,2026-05-11,P004490,capture,6222,210,6012,USD,
S011321,2026-05-11,P006075,capture,1089,62,1027,USD,
S011326,2026-05-11,P000399,capture,16283,502,15781,USD,
S011327,2026-05-11,P005080,capture,6993,233,6760,USD,
S011328,2026-05-11,P000966,capture,12225,385,11840,USD,
S011332,2026-05-11,P006431,capture,5555,191,5364,USD,
S011338,2026-05-11,P004287,capture,2855,113,2742,USD,
S011340,2026-05-11,P007082,capture,709,51,658,USD,
S011341,2026-05-11,P019054,capture,5529,190,5339,USD,
S011346,2026-05-11,P013619,capture,11734,370,11364,USD,
S011348,2026-05-11,P011385,capture,6293,212,6081,USD,
S011355,2026-05-11,P019463,capture,14910,462,14448,USD,
S011360,2026-05-11,P008899,capture,2300,97,2203,USD,
S011361,2026-05-11,P017102,capture,5875,200,5675,USD,
S011363,2026-05-11,P004149,capture,10878,345,10533,USD,
S011364,2026-05-11,P019498,capture,8919,289,8630,USD,
S011365,2026-05-11,P014742,capture,3564,133,3431,USD,
S011373,2026-05-11,P018886,capture,7261,241,7020,USD,
S011375,2026-05-11,P003047,capture,6917,231,6686,USD,
S011376,2026-05-11,P014536,capture,3867,142,3725,USD,
S011383,2026-05-11,P002580,capture,4906,172,4734,USD,
S011384,2026-05-11,P013097,capture,3551,133,3418,USD,
S011392,2026-05-11,P015861,capture,3295,126,3169,USD,
S011393,2026-05-11,P017503,capture,9183,296,8887,USD,
S011394,2026-05-11,P009946,capture,9320,300,9020,USD,
S011395,2026-05-11,P019159,capture,1340,69,1271,USD,
S011396,2026-05-11,P018012,capture,4161,151,4010,USD,
S011405,2026-05-11,P012378,capture,3047,118,2929,USD,
S011412,2026-05-11,P018174,capture,5853,200,5653,USD,
S011416,2026-05-11,P012275,capture,3981,145,3836,USD,
S011422,2026-05-11,P011914,capture,14462,449,14013,USD,
S011425,2026-05-11,P002252,capture,4472,160,4312,USD,
S011426,2026-05-11,P001026,capture,665,49,616,USD,
S011439,2026-05-11,P007027,capture,1201,65,1136,USD,
S011441,2026-05-11,P016213,capture,3228,124,3104,USD,
S011445,2026-05-11,P005835,capture,1298,68,1230,USD,
S011450,2026-05-11,P015716,capture,8378,273,8105,USD,
S011452,2026-05-11,P005408,capture,2791,111,2680,USD,
S011454,2026-05-11,P010390,capture,1437,72,1365,USD,
S011455,2026-05-11,P017740,capture,1995,88,1907,USD,
S011457,2026-05-11,P001954,capture,1266,67,1199,USD,
S011458,2026-05-11,P010191,capture,1234,66,1168,USD,
S011461,2026-05-11,P000111,capture,2042,89,1953,USD,
S011463,2026-05-11,P009210,capture,5307,184,5123,USD,
S011464,2026-05-11,P002593,capture,6060,206,5854,USD,
S011467,2026-05-11,P017377,capture,33777,1010,32767,USD,
S011477,2026-05-11,P019979,capture,5281,183,5098,USD,
S011481,2026-05-11,P017819,capture,33692,1007,32685,USD,
S011483,2026-05-11,P013489,capture,5502,190,5312,USD,
S011487,2026-05-11,P011216,capture,3642,136,3506,USD,
S011491,2026-05-11,P017930,capture,1968,87,1881,USD,
S011495,2026-05-11,P015037,capture,2749,110,2639,USD,
S011502,2026-05-11,P010585,capture,5605,193,5412,USD,
S011505,2026-05-11,P013820,capture,5704,195,5509,USD,
S011511,2026-05-11,P018377,capture,2771,110,2661,USD,
S011515,2026-05-11,P002271,capture,12418,390,12028,USD,
S011516,2026-05-11,P013990,capture,3355,127,3228,USD,
S011519,2026-05-11,P007098,capture,7330,243,7087,USD,
S011520,2026-05-11,P016036,capture,3537,133,3404,USD,
S011521,2026-05-11,P000132,capture,21394,650,20744,USD,
S011522,2026-05-11,P006991,capture,8895,288,8607,USD,
S011523,2026-05-11,P011941,capture,3932,144,3788,USD,
S011525,2026-05-11,P002149,capture,625,48,577,USD,
S011527,2026-05-11,P011688,capture,3204,123,3081,USD,
S011530,2026-05-11,P007227,capture,5690,195,5495,USD,
S011531,2026-05-11,P005847,capture,6804,227,6577,USD,
S011541,2026-05-11,P015941,capture,6530,219,6311,USD,
S011544,2026-05-11,P019196,capture,3103,120,2983,USD,
S011546,2026-05-11,P004877,capture,446,43,403,USD,
S011550,2026-05-11,P012199,capture,3716,138,3578,USD,
S011551,2026-05-11,P005193,capture,6032,205,5827,USD,
S011552,2026-05-11,P006833,capture,1413,71,1342,USD,
S011553,2026-05-11,P005935,capture,7054,235,6819,USD,
S011555,2026-05-11,P006188,capture,2223,94,2129,USD,
S011560,2026-05-11,P011195,capture,2018,89,1929,USD,
S011562,2026-05-11,P011229,capture,11876,374,11502,USD,
S011572,2026-05-11,P010417,capture,2395,99,2296,USD,
S011580,2026-05-11,P009973,capture,1068,61,1007,USD,
S011581,2026-05-11,P003970,capture,5467,189,5278,USD,
S011584,2026-05-11,P004093,capture,1067,61,1006,USD,
S011586,2026-05-11,P003639,capture,12955,406,12549,USD,
S011594,2026-05-11,P009596,capture,4378,157,4221,USD,
S011600,2026-05-11,P004987,capture,2081,90,1991,USD,
S011601,2026-05-11,P018420,capture,7060,235,6825,USD,
S011605,2026-05-11,P012263,capture,3865,142,3723,USD,
S011609,2026-05-11,P013464,capture,2674,108,2566,USD,
S011621,2026-05-11,P012478,capture,11981,377,11604,USD,
S011624,2026-05-11,P019432,capture,1665,78,1587,USD,
S011629,2026-05-11,P017954,capture,13672,426,13246,USD,
S011631,2026-05-11,P000365,capture,5094,178,4916,USD,
S011633,2026-05-11,P013101,capture,9466,305,9161,USD,
S011637,2026-05-11,P019405,capture,3258,124,3134,USD,
S011640,2026-05-11,P004558,capture,3125,121,3004,USD,
S011641,2026-05-11,P017410,capture,14197,442,13755,USD,
S011644,2026-05-11,P003567,capture,4324,155,4169,USD,
S011646,2026-05-11,P004902,capture,3867,142,3725,USD,
S011649,2026-05-11,P008212,capture,5052,177,4875,USD,
S011651,2026-05-11,P008077,capture,6885,230,6655,USD,
S011656,2026-05-11,P016613,capture,3593,134,3459,USD,
S011669,2026-05-11,P007904,capture,2321,97,2224,USD,
S011677,2026-05-11,P017549,capture,3166,122,3044,USD,
S011679,2026-05-11,P008223,capture,15079,467,14612,USD,
S011682,2026-05-11,P017144,capture,683,50,633,USD,
S011691,2026-05-11,P006405,capture,8043,263,7780,USD,
S011694,2026-05-11,P000871,capture,2615,106,2509,USD,
S011697,2026-05-11,P004901,capture,3114,120,2994,USD,
S011703,2026-05-11,P008227,capture,30862,925,29937,USD,
S011706,2026-05-11,P012705,capture,9154,295,8859,USD,
S011709,2026-05-11,P007758,capture,1989,88,1901,USD,
S011711,2026-05-11,P002269,capture,10098,323,9775,USD,
S011713,2026-05-11,P016426,capture,12480,392,12088,USD,
S011714,2026-05-11,P012726,capture,5072,177,4895,USD,
S011722,2026-05-11,P003884,capture,8753,284,8469,USD,
S011723,2026-05-11,P005078,capture,31743,951,30792,USD,
S011725,2026-05-11,P017130,capture,640,49,591,USD,
S011727,2026-05-11,P009507,capture,1089,62,1027,USD,
S011728,2026-05-11,P008198,capture,1818,83,1735,USD,
S011729,2026-05-11,P003400,capture,7328,243,7085,USD,
S011733,2026-05-11,P002276,capture,3314,126,3188,USD,
S011734,2026-05-11,P006937,capture,8413,274,8139,USD,
S011735,2026-05-11,P000367,capture,3878,142,3736,USD,
S011736,2026-05-11,P002784,capture,6834,228,6606,USD,
S011738,2026-05-11,P015361,capture,16155,498,15657,USD,
S011742,2026-05-11,P011504,refund,-3011,0,-3011,USD,
S011744,2026-05-11,P018899,capture,3955,145,3810,USD,
S011748,2026-05-11,P001345,capture,4797,169,4628,USD,
S011751,2026-05-11,P016146,capture,8467,276,8191,USD,
S011752,2026-05-11,P011535,capture,1271,67,1204,USD,
S011756,2026-05-11,P009944,capture,4919,173,4746,USD,
S011757,2026-05-11,P016521,capture,7312,242,7070,USD,
S011759,2026-05-11,P010635,capture,5457,188,5269,USD,
S011760,2026-05-11,P015194,capture,3425,129,3296,USD,
S011762,2026-05-11,P014639,capture,2388,99,2289,USD,
S011763,2026-05-11,P004649,capture,2882,114,2768,USD,
S011767,2026-05-11,P012516,capture,1740,80,1660,USD,
S011772,2026-05-11,P000641,capture,2886,114,2772,USD,
S011773,2026-05-11,P001863,capture,7059,235,6824,USD,
S011777,2026-05-11,P001999,capture,6024,205,5819,USD,
S011794,2026-05-11,P013027,capture,9223,297,8926,USD,
S011796,2026-05-11,P008110,capture,3906,143,3763,USD,
S011799,2026-05-11,P011558,capture,1674,79,1595,USD,
S011801,2026-05-11,P007358,capture,2362,98,2264,USD,
S011806,2026-05-11,P006412,capture,12982,406,12576,USD,
S011807,2026-05-11,P010919,capture,2032,89,1943,USD,
S011808,2026-05-11,P011864,capture,3329,127,3202,USD,
S011811,2026-05-11,P000882,capture,5272,183,5089,USD,
S011818,2026-05-11,P012845,capture,20579,627,19952,USD,
S011822,2026-05-11,P000615,capture,3006,117,2889,USD,
S011823,2026-05-11,P009452,capture,6820,228,6592,USD,
S011824,2026-05-11,P018949,capture,1272,67,1205,USD,
S011826,2026-05-11,P016974,capture,2741,109,2632,USD,
S011827,2026-05-11,P005178,refund,-516,0,-516,USD,
S011830,2026-05-11,P006654,capture,8036,263,7773,USD,
S011831,2026-05-11,P016138,capture,5371,186,5185,USD,
S011833,2026-05-11,P017009,capture,8510,277,8233,USD,
S011834,2026-05-11,P000644,capture,25729,776,24953,USD,
S011835,2026-05-11,P008414,capture,11807,372,11435,USD,
S011836,2026-05-11,P011662,capture,3066,119,2947,USD,
S011837,2026-05-11,P009215,capture,7119,236,6883,USD,
S011839,2026-05-11,P008319,capture,20054,612,19442,USD,
S011840,2026-05-11,P009326,capture,8713,283,8430,USD,
S011841,2026-05-11,P006766,capture,4400,158,4242,USD,
S011843,2026-05-11,P011022,capture,5655,194,5461,USD,
S011844,2026-05-11,P017722,capture,1242,66,1176,USD,
S011845,2026-05-11,P018741,capture,9349,301,9048,USD,
S011846,2026-05-11,P011277,capture,1796,82,1714,USD,
S011847,2026-05-11,P019261,capture,3373,128,3245,USD,
S011848,2026-05-11,P016981,capture,9886,317,9569,USD,
S011851,2026-05-11,P019616,capture,12003,378,11625,USD,
S011854,2026-05-11,P003119,capture,6692,224,6468,USD,
S011855,2026-05-11,P015384,capture,8099,265,7834,USD,
S011856,2026-05-11,P019368,capture,1579,76,1503,USD,
S011857,2026-05-11,P017602,capture,24660,745,23915,USD,
S011858,2026-05-11,P001064,capture,20362,620,19742,USD,
S011859,2026-05-11,P014896,capture,2422,100,2322,USD,
S011861,2026-05-11,P017988,capture,3074,119,2955,USD,
S011862,2026-05-11,P003500,capture,9870,316,9554,USD,
S011865,2026-05-11,P009924,capture,945,57,888,USD,
S011866,2026-05-11,P015260,capture,1758,81,1677,USD,
S011867,2026-05-11,P000511,capture,4978,174,4804,USD,
S011869,2026-05-11,P006910,capture,13104,410,12694,USD,
S011873,2026-05-11,P003847,capture,4802,169,4633,USD,
S011874,2026-05-11,P013579,capture,886,56,830,USD,
S011876,2026-05-11,P002063,capture,1348,69,1279,USD,
S011878,2026-05-11,P012657,capture,8313,271,8042,USD,
S011879,2026-05-11,P013523,capture,1026,60,966,USD,
S011880,2026-05-11,P003552,capture,10487,334,10153,USD,
S011882,2026-05-11,P016999,capture,1309,68,1241,USD,
S011884,2026-05-11,P009160,capture,7509,248,7261,USD,
S011885,2026-05-11,P014885,capture,2022,89,1933,USD,
S011887,2026-05-11,P002442,capture,8631,280,8351,USD,
S011888,2026-05-11,P015169,capture,1946,86,1860,USD,
S011889,2026-05-11,P006498,capture,3790,140,3650,USD,
S011890,2026-05-11,P002326,capture,5616,193,5423,USD,
S011891,2026-05-11,P009116,capture,3545,133,3412,USD,
S011892,2026-05-11,P013902,capture,4669,165,4504,USD,
S011893,2026-05-11,P014398,capture,8152,266,7886,USD,
S011895,2026-05-11,P015955,capture,5685,195,5490,USD,
S011896,2026-05-11,P016008,capture,71055,2091,68964,USD,
S011898,2026-05-11,P016140,capture,4962,174,4788,USD,
S011899,2026-05-11,P011237,capture,5169,180,4989,USD,
S011901,2026-05-11,P013078,capture,3663,136,3527,USD,
S011902,2026-05-11,P006347,capture,3955,145,3810,USD,
S011903,2026-05-11,P005242,capture,8464,275,8189,USD,
S011904,2026-05-11,P001207,capture,3245,124,3121,USD,
S011905,2026-05-11,P006983,capture,8762,284,8478,USD,
S011906,2026-05-11,P019412,capture,7087,236,6851,USD,
S011907,2026-05-11,P017910,capture,7099,236,6863,USD,
S011909,2026-05-11,P012788,capture,5375,186,5189,USD,
S011911,2026-05-11,P004519,capture,702,50,652,USD,
S011912,2026-05-11,P001958,capture,12215,384,11831,USD,
S011915,2026-05-11,P003710,capture,9247,298,8949,USD,
S011916,2026-05-11,P009732,capture,10413,332,10081,USD,
S011917,2026-05-11,P003647,capture,10336,330,10006,USD,
S011918,2026-05-11,P003323,capture,3338,127,3211,USD,
S011920,2026-05-11,P014713,capture,2640,107,2533,USD,
S011921,2026-05-11,P011994,capture,5333,185,5148,USD,
S011922,2026-05-11,P005638,capture,1783,82,1701,USD,
S011924,2026-05-11,P016964,capture,6564,220,6344,USD,
S011926,2026-05-11,P009449,capture,4821,170,4651,USD,
S011928,2026-05-11,P014833,capture,3033,118,2915,USD,
S011930,2026-05-11,P012367,capture,847,55,792,USD,
S011932,2026-05-11,P000070,capture,4286,154,4132,USD,
S011934,2026-05-11,P012141,capture,6418,216,6202,USD,
S011935,2026-05-11,P015717,capture,18786,575,18211,USD,
S011937,2026-05-11,P007303,capture,2547,104,2443,USD,
S011939,2026-05-11,P009855,capture,5407,187,5220,USD,
S011940,2026-05-11,P019917,capture,1800,82,1718,USD,
S011945,2026-05-11,P009170,capture,1732,80,1652,USD,
S011946,2026-05-11,P017164,capture,4797,169,4628,USD,
S011947,2026-05-11,P010102,capture,7044,234,6810,USD,
S011949,2026-05-11,P016887,capture,1571,76,1495,USD,
S011953,2026-05-11,P010051,capture,8817,286,8531,USD,
S011954,2026-05-11,P013065,capture,3458,130,3328,USD,
S011955,2026-05-11,P004412,capture,10862,345,10517,USD,
S011958,2026-05-11,P003859,refund,-8489,0,-8489,USD,
S011959,2026-05-11,P008961,capture,19037,582,18455,USD,
S011960,2026-05-11,P014328,capture,2656,107,2549,USD,
S011961,2026-05-11,P010580,capture,10820,344,10476,USD,
S011962,2026-05-11,P012650,capture,199,36,163,USD,
S011963,2026-05-11,P014890,capture,5482,189,5293,USD,
S011964,2026-05-11,P011807,capture,9961,319,9642,USD,
S011965,2026-05-11,P005604,refund,-19583,0,-19583,USD,
S011967,2026-05-11,P002633,capture,12582,395,12187,USD,
S011968,2026-05-11,P002575,capture,9691,311,9380,USD,
S011970,2026-05-11,P015948,capture,5315,184,5131,USD,
S011971,2026-05-11,P000047,capture,4885,172,4713,USD,
S011972,2026-05-11,P014856,capture,4730,167,4563,USD,
S011973,2026-05-11,P010807,capture,14783,459,14324,USD,
S011974,2026-05-11,P013276,capture,3467,131,3336,USD,
S011975,2026-05-11,P019609,capture,7414,245,7169,USD,
S011976,2026-05-11,P000426,capture,2893,114,2779,USD,
S011978,2026-05-11,P001452,capture,13442,420,13022,USD,
S011979,2026-05-11,P019812,capture,2390,99,2291,USD,
S011980,2026-05-11,P009359,capture,2235,95,2140,USD,
S011982,2026-05-11,P016577,capture,6168,209,5959,USD,
S011984,2026-05-11,P015145,capture,11154,353,10801,USD,
S011986,2026-05-11,P015330,capture,16457,507,15950,USD,
S011988,2026-05-11,P009842,capture,18154,556,17598,USD,
S011989,2026-05-11,P008968,capture,11346,359,10987,USD,
S011991,2026-05-11,P012346,capture,8863,287,8576,USD,
S011993,2026-05-11,P005729,capture,12117,381,11736,USD,
S011995,2026-05-11,P010003,capture,9089,294,8795,USD,
S011996,2026-05-11,P014416,capture,2995,117,2878,USD,
S011997,2026-05-11,P013785,capture,24911,752,24159,USD,
S011999,2026-05-11,P000150,capture,3239,124,3115,USD,
S012000,2026-05-11,P006329,capture,7025,234,6791,USD,
S012001,2026-05-11,P007396,capture,11995,378,11617,USD,
S012002,2026-05-11,P014120,capture,1126,63,1063,USD,
S012005,2026-05-11,P007840,capture,5984,204,5780,USD,
S012006,2026-05-11,P015094,capture,5284,183,5101,USD,
S012009,2026-05-11,P010022,capture,2478,102,2376,USD,
S012010,2026-05-11,P004200,capture,8928,289,8639,USD,
S012011,2026-05-11,P007479,capture,6942,231,6711,USD,
S012012,2026-05-11,P015978,capture,13671,426,13245,USD,
S012013,2026-05-11,P003998,capture,8366,273,8093,USD,
S012020,2026-05-11,P010076,capture,10037,321,9716,USD,
S012021,2026-05-11,P017619,capture,1038,59,979,EUR,converted at 1.0961
S012025,2026-05-11,P005031,capture,1985,88,1897,USD,
S012027,2026-05-11,P009982,capture,5518,190,5328,USD,
S012029,2026-05-11,P006569,capture,9140,295,8845,USD,
S012030,2026-05-11,P014918,capture,7190,239,6951,USD,
S012034,2026-05-11,P010662,capture,6492,218,6274,USD,
S012035,2026-05-11,P007706,capture,3319,126,3193,USD,
S012037,2026-05-11,P007372,capture,1879,84,1795,USD,
S012038,2026-05-11,P008865,capture,18020,553,17467,USD,
S012039,2026-05-11,P004256,capture,13462,420,13042,USD,
S012040,2026-05-11,P010196,capture,11337,359,10978,USD,
S012042,2026-05-11,P013496,capture,10188,325,9863,USD,
S012043,2026-05-11,P006184,capture,9277,299,8978,USD,
S012044,2026-05-11,P016202,capture,8036,263,7773,USD,
S012045,2026-05-11,P017378,capture,5704,195,5509,USD,
S012046,2026-05-11,P014514,capture,10346,330,10016,USD,
S012048,2026-05-11,P006351,capture,10537,336,10201,USD,
S012049,2026-05-11,P000861,capture,8584,279,8305,USD,
S012050,2026-05-11,P010690,capture,5028,176,4852,USD,
S012051,2026-05-11,P008407,capture,13025,408,12617,USD,
S012052,2026-05-11,P017246,capture,2253,95,2158,USD,
S012054,2026-05-11,P013508,capture,7074,235,6839,USD,
S012056,2026-05-11,P005707,capture,3101,120,2981,USD,
S012057,2026-05-11,P003258,capture,12135,382,11753,USD,
S012058,2026-05-11,P005429,capture,16429,506,15923,USD,
S012063,2026-05-11,P014745,capture,4265,154,4111,USD,
S012066,2026-05-11,P000711,capture,2886,114,2772,USD,
S012067,2026-05-11,P000373,capture,4354,156,4198,USD,
S012068,2026-05-11,P016936,capture,6615,222,6393,USD,
S012069,2026-05-11,P014614,capture,2398,100,2298,USD,
S012071,2026-05-11,P018532,capture,5262,183,5079,USD,
S012072,2026-05-11,P016302,capture,8216,268,7948,USD,
S012075,2026-05-11,P003807,capture,2454,101,2353,USD,
S012076,2026-05-11,P007116,capture,1939,86,1853,USD,
S012077,2026-05-11,P004000,capture,5229,182,5047,USD,
S012079,2026-05-11,P001377,capture,3949,145,3804,USD,
S012080,2026-05-11,P002087,capture,6175,210,5965,EUR,converted at 1.0961
S012082,2026-05-11,P015009,capture,3329,127,3202,USD,
S012086,2026-05-11,P005809,capture,4258,153,4105,USD,
S012087,2026-05-11,P007192,capture,1369,70,1299,USD,
S012089,2026-05-11,P011298,capture,1569,76,1493,USD,
S012090,2026-05-11,P002692,capture,11529,364,11165,USD,
S012091,2026-05-11,P005267,capture,3688,137,3551,USD,
S012092,2026-05-11,P005338,capture,2219,94,2125,USD,
S012093,2026-05-11,P013209,capture,5704,195,5509,USD,
S012094,2026-05-11,P010050,capture,16545,510,16035,USD,
S012095,2026-05-11,P006292,capture,605,48,557,USD,
S012096,2026-05-11,P001920,capture,833,54,779,USD,
S012098,2026-05-11,P019708,capture,5624,193,5431,USD,
S012099,2026-05-11,P000422,capture,3714,138,3576,USD,
S012101,2026-05-11,P007862,capture,11985,378,11607,USD,
S012104,2026-05-11,P018195,capture,3106,120,2986,USD,
S012105,2026-05-11,P016939,capture,9163,296,8867,USD,
S012106,2026-05-11,P018366,capture,5483,189,5294,USD,
S012108,2026-05-11,P000334,capture,1857,84,1773,USD,
S012110,2026-05-11,P006655,capture,10699,340,10359,USD,
S012111,2026-05-11,P005771,capture,4117,150,3967,EUR,converted at 1.0961
S012112,2026-05-11,P005748,capture,4446,159,4287,USD,
S012115,2026-05-11,P017735,capture,17449,536,16913,USD,
S012116,2026-05-11,P018309,capture,25151,759,24392,USD,
S012117,2026-05-11,P019795,capture,3438,130,3308,USD,
S012118,2026-05-11,P009375,capture,4750,168,4582,USD,
S012119,2026-05-11,P009610,capture,2486,102,2384,USD,
S012120,2026-05-11,P006801,capture,2621,106,2515,USD,
S012121,2026-05-11,P008999,capture,15523,480,15043,USD,
S012122,2026-05-11,P001666,capture,6392,215,6177,USD,
S012126,2026-05-11,P002081,capture,5984,244,5740,USD,
S012127,2026-05-11,P000560,capture,1174,64,1110,USD,
S012129,2026-05-11,P018885,capture,8411,274,8137,USD,
S012130,2026-05-11,P001000,capture,10885,346,10539,USD,
S012134,2026-05-11,P006714,capture,1479,73,1406,USD,
S012135,2026-05-11,P000154,capture,1694,79,1615,USD,
S012137,2026-05-11,P015014,capture,1963,87,1876,USD,
S012138,2026-05-11,P012769,capture,23382,708,22674,USD,
S012139,2026-05-11,P017256,capture,17631,541,17090,USD,
S012140,2026-05-11,P007962,capture,8761,284,8477,USD,
S012141,2026-05-11,P009123,capture,6908,230,6678,USD,
S012142,2026-05-11,P017683,capture,2950,116,2834,USD,
S012143,2026-05-11,P002143,capture,5140,179,4961,USD,
S012144,2026-05-11,P011248,capture,6603,221,6382,USD,
S012145,2026-05-11,P015708,capture,8437,263,8174,USD,
S012146,2026-05-11,P011367,capture,5995,204,5791,USD,
S012147,2026-05-11,P017059,capture,8427,274,8153,USD,
S012149,2026-05-11,P005207,capture,3437,130,3307,USD,
S012150,2026-05-11,P009521,capture,2096,91,2005,USD,
S012151,2026-05-11,P001561,capture,2051,89,1962,USD,
S012152,2026-05-11,P007001,capture,4473,160,4313,USD,
S012155,2026-05-11,P014047,capture,6462,217,6245,USD,
S012160,2026-05-11,P016259,capture,5768,197,5571,USD,
S012161,2026-05-11,P007588,capture,6779,227,6552,USD,
S012163,2026-05-11,P003696,capture,18710,573,18137,USD,
S012165,2026-05-11,P001228,capture,26121,788,25333,USD,
S012166,2026-05-11,P004596,capture,5204,181,5023,USD,
S012168,2026-05-11,P003916,capture,7255,240,7015,USD,
S012169,2026-05-11,P016136,capture,4745,168,4577,USD,
S012171,2026-05-11,P016727,refund,-14227,0,-14227,USD,
S012172,2026-05-11,P005850,capture,5312,184,5128,USD,
S012175,2026-05-11,P007631,capture,21336,649,20687,USD,
S012176,2026-05-11,P019743,capture,57673,1703,55970,USD,
S012180,2026-05-11,P001404,capture,5580,192,5388,USD,
S012181,2026-05-11,P018127,capture,6669,223,6446,USD,
S012182,2026-05-11,P001908,capture,3647,136,3511,USD,
S012183,2026-05-11,P002383,capture,962,58,904,USD,
S012185,2026-05-11,P004544,capture,10968,348,10620,USD,
S012188,2026-05-11,P007894,capture,2327,97,2230,USD,
S012189,2026-05-11,P004159,capture,3156,122,3034,USD,
S012191,2026-05-11,P007174,capture,4187,151,4036,USD,
S012192,2026-05-11,P005135,capture,2033,89,1944,USD,
S012196,2026-05-11,P009278,capture,1019,60,959,USD,
S012198,2026-05-11,P001105,capture,1015,59,956,USD,
S012200,2026-05-11,P004441,capture,2820,112,2708,USD,
S012201,2026-05-11,P000432,capture,8267,270,7997,USD,
S012202,2026-05-11,P007432,capture,14743,458,14285,USD,
S012203,2026-05-11,P011627,capture,10052,322,9730,USD,
S012204,2026-05-11,P017177,capture,4449,159,4290,USD,
S012207,2026-05-11,P003839,capture,50463,1493,48970,USD,
S012208,2026-05-11,P017261,capture,2154,92,2062,USD,
S012209,2026-05-11,P019213,refund,-6982,0,-6982,USD,
S012210,2026-05-11,P017978,capture,5306,184,5122,USD,
S012212,2026-05-11,P013144,capture,18202,558,17644,USD,
S012213,2026-05-11,P017203,capture,3052,119,2933,USD,
S012214,2026-05-11,P000856,capture,4545,162,4383,USD,
S012215,2026-05-11,P006598,capture,1685,79,1606,USD,
S012216,2026-05-11,P006619,capture,7561,249,7312,USD,
S012218,2026-05-11,P007983,capture,3810,140,3670,USD,
S012219,2026-05-11,P014882,capture,1392,70,1322,USD,
S012221,2026-05-11,P007144,capture,7836,257,7579,USD,
S012222,2026-05-11,P017726,capture,11810,372,11438,USD,
S012224,2026-05-11,P012067,capture,5775,197,5578,USD,
S012227,2026-05-11,P015097,capture,1736,80,1656,USD,
S012228,2026-05-11,P013361,capture,1663,78,1585,USD,
S012231,2026-05-11,P008370,capture,12010,378,11632,USD,
S012232,2026-05-11,P005902,capture,17464,536,16928,USD,
S012233,2026-05-11,P015526,capture,6808,227,6581,USD,
S012234,2026-05-11,P009780,capture,27664,832,26832,USD,
S012235,2026-05-11,P011246,capture,616,48,568,USD,
S012236,2026-05-11,P008839,capture,3124,121,3003,USD,
S012238,2026-05-11,P002691,capture,6220,210,6010,USD,
S012239,2026-05-11,P015633,capture,6753,226,6527,USD,
S012240,2026-05-11,P019055,capture,792,53,739,USD,
S012242,2026-05-11,P016341,capture,4074,148,3926,USD,
S012243,2026-05-11,P002796,capture,1688,79,1609,USD,
S012244,2026-05-11,P009189,capture,8503,277,8226,USD,
S012249,2026-05-11,P019334,capture,5598,192,5406,USD,
S012251,2026-05-11,P009323,capture,6307,213,6094,USD,
S012252,2026-05-11,P019326,capture,983,59,924,USD,
S012257,2026-05-11,P007715,capture,64592,1903,62689,USD,
S012260,2026-05-11,P011449,capture,22402,680,21722,USD,
S012261,2026-05-11,P018998,capture,3711,138,3573,USD,
S012263,2026-05-11,P011013,capture,3118,120,2998,USD,
S012264,2026-05-11,P007263,capture,16921,521,16400,USD,
S012265,2026-05-11,P009975,capture,2098,91,2007,USD,
S012267,2026-05-11,P004687,capture,2283,96,2187,USD,
S012268,2026-05-11,P007684,capture,2703,108,2595,USD,
S012269,2026-05-11,P004439,capture,7240,240,7000,USD,
S012270,2026-05-11,P017731,capture,5385,186,5199,USD,
S012271,2026-05-11,P010014,capture,3903,143,3760,USD,
S012272,2026-05-11,P018070,capture,1482,73,1409,USD,
S012274,2026-05-11,P005458,capture,8483,276,8207,USD,
S012276,2026-05-11,P017591,capture,3778,140,3638,USD,
S012277,2026-05-11,P000085,capture,13211,413,12798,USD,
S012278,2026-05-11,P003695,capture,2474,102,2372,USD,
S012280,2026-05-11,P009062,capture,3637,135,3502,USD,
S012281,2026-05-11,P008538,capture,3873,142,3731,USD,
S012283,2026-05-11,P003702,capture,8567,278,8289,USD,
S012284,2026-05-11,P019971,capture,2290,96,2194,USD,
S012285,2026-05-11,P017370,capture,7901,259,7642,USD,
S012287,2026-05-11,P005445,capture,3161,122,3039,USD,
S012288,2026-05-11,P009384,capture,8859,287,8572,USD,
S012289,2026-05-11,P009472,capture,1234,66,1168,USD,
S012292,2026-05-11,P013413,capture,4770,168,4602,USD,
S012295,2026-05-11,P018593,capture,1668,78,1590,USD,
S012297,2026-05-11,P000386,capture,7153,237,6916,USD,
S012298,2026-05-11,P004218,capture,39434,1174,38260,USD,
S012299,2026-05-11,P012370,capture,3362,127,3235,USD,
S012300,2026-05-11,P001769,capture,3774,139,3635,USD,
S012301,2026-05-11,P018489,capture,1820,83,1737,USD,
S012302,2026-05-11,P018067,capture,5459,188,5271,USD,
S012303,2026-05-11,P005648,capture,827,54,773,USD,
S012304,2026-05-11,P009214,capture,1619,77,1542,USD,
S012305,2026-05-11,P002024,capture,6030,205,5825,USD,
S012306,2026-05-11,P007242,capture,1494,73,1421,USD,
S012308,2026-05-11,P003693,capture,12268,386,11882,USD,
S012310,2026-05-11,P001649,capture,2080,90,1990,USD,
S012314,2026-05-11,P006740,capture,6820,228,6592,USD,
S012316,2026-05-11,P014641,capture,17851,548,17303,USD,
S012317,2026-05-11,P000420,capture,2207,94,2113,USD,
S012318,2026-05-11,P018756,capture,1980,87,1893,USD,
S012320,2026-05-11,P012182,capture,5048,176,4872,USD,
S012321,2026-05-11,P010985,capture,2233,95,2138,USD,
S012324,2026-05-11,P006954,capture,18272,560,17712,USD,
S012325,2026-05-11,P011534,capture,4066,148,3918,USD,
S012326,2026-05-11,P007128,capture,2718,109,2609,USD,
S012327,2026-05-11,P007313,capture,1322,68,1254,USD,
S012329,2026-05-11,P009891,capture,9127,295,8832,USD,
S012330,2026-05-11,P000418,capture,11835,373,11462,USD,
S012334,2026-05-11,P017063,capture,5725,196,5529,USD,
S012335,2026-05-11,P017686,capture,22572,685,21887,USD,
S012339,2026-05-11,P004737,capture,2396,99,2297,USD,
S012340,2026-05-11,P014087,capture,10926,347,10579,USD,
S012341,2026-05-11,P004882,capture,7038,234,6804,USD,
S012342,2026-05-11,P007598,capture,4261,154,4107,USD,
S012344,2026-05-11,P006978,capture,5813,199,5614,USD,
S012346,2026-05-11,P002686,capture,12553,394,12159,USD,
S012347,2026-05-11,P000550,capture,7241,240,7001,USD,
S012349,2026-05-11,P010477,capture,4321,155,4166,USD,
S012350,2026-05-11,P002148,capture,19446,594,18852,USD,
S012351,2026-05-11,P008919,capture,4303,155,4148,USD,
S012353,2026-05-11,P019932,capture,3915,144,3771,USD,
S012355,2026-05-11,P006852,capture,1187,64,1123,USD,
S012356,2026-05-11,P009022,capture,2491,102,2389,USD,
S012357,2026-05-11,P006805,capture,7399,245,7154,USD,
S012359,2026-05-11,P008052,capture,3349,127,3222,USD,
S012362,2026-05-11,P011073,capture,15896,491,15405,USD,
S012363,2026-05-11,P009148,capture,2449,101,2348,USD,
S012364,2026-05-11,P015735,capture,2532,103,2429,USD,
S012366,2026-05-11,P014704,capture,9641,310,9331,USD,
S012369,2026-05-11,P008703,capture,6209,210,5999,USD,
S012370,2026-05-11,P013305,capture,8731,283,8448,USD,
S012371,2026-05-11,P006630,capture,4188,151,4037,USD,
S012373,2026-05-11,P001589,capture,4606,164,4442,USD,
S012374,2026-05-11,P005484,capture,15047,466,14581,USD,
S012375,2026-05-11,P016654,capture,818,54,764,USD,
S012380,2026-05-11,P001748,capture,4940,173,4767,USD,
S012384,2026-05-11,P011995,capture,2780,111,2669,USD,
S012385,2026-05-11,P016677,capture,4286,154,4132,USD,
S012387,2026-05-11,P009616,capture,6821,228,6593,USD,
S012389,2026-05-11,P014874,capture,4989,175,4814,USD,
S012390,2026-05-11,P004331,capture,3974,145,3829,USD,
S012391,2026-05-11,P012326,capture,2224,94,2130,USD,
S012392,2026-05-11,P000606,capture,15282,473,14809,USD,
S012396,2026-05-11,P015153,capture,3528,132,3396,USD,
S012399,2026-05-11,P017235,capture,2305,97,2208,USD,
S012400,2026-05-11,P019967,capture,12543,394,12149,USD,
S012402,2026-05-11,P002870,capture,2330,98,2232,USD,
S012403,2026-05-11,P002863,refund,-5382,0,-5382,USD,
S012404,2026-05-11,P001928,capture,5201,181,5020,USD,
S012405,2026-05-11,P005615,capture,16830,518,16312,USD,
S012407,2026-05-11,P007157,capture,5327,184,5143,USD,
S012408,2026-05-11,P012170,capture,5265,183,5082,USD,
S012410,2026-05-11,P005374,capture,5304,184,5120,USD,
S012416,2026-05-11,P006439,capture,2925,115,2810,USD,
S012417,2026-05-11,P017981,capture,10638,339,10299,USD,
S012418,2026-05-11,P018506,capture,5501,190,5311,USD,
S012419,2026-05-11,P001426,capture,10030,321,9709,USD,
S012420,2026-05-11,P001263,capture,3050,118,2932,USD,
S012422,2026-05-11,P008469,capture,9562,307,9255,USD,
S012424,2026-05-11,P019138,capture,1992,88,1904,USD,
S012426,2026-05-11,P016728,capture,32726,979,31747,USD,
S012427,2026-05-11,P007278,capture,10268,328,9940,USD,
S012428,2026-05-11,P008018,capture,1311,68,1243,USD,
S012430,2026-05-11,P017813,capture,712,51,661,USD,
S012432,2026-05-11,P005969,capture,1356,69,1287,USD,
S012434,2026-05-11,P001201,capture,5954,203,5751,USD,
S012435,2026-05-11,P015950,capture,627,48,579,USD,
S012436,2026-05-11,P001668,capture,14476,450,14026,USD,
S012439,2026-05-11,P018192,capture,3209,123,3086,USD,
S012442,2026-05-11,P019387,capture,6153,208,5945,USD,
S012443,2026-05-11,P010064,capture,7759,255,7504,USD,
S012445,2026-05-11,P005027,capture,12777,401,12376,USD,
S012447,2026-05-11,P017592,capture,3345,127,3218,USD,
S012450,2026-05-11,P013481,capture,4601,163,4438,USD,
S012452,2026-05-11,P016409,capture,1317,68,1249,USD,
S012454,2026-05-11,P010312,capture,20776,633,20143,USD,
S012456,2026-05-11,P012707,refund,-30982,0,-30982,USD,
S012457,2026-05-11,P006703,capture,2437,101,2336,USD,
S012458,2026-05-11,P014113,capture,3402,129,3273,USD,
S012459,2026-05-11,P001857,capture,3579,135,3444,EUR,converted at 1.0961
S012461,2026-05-11,P012710,capture,2781,111,2670,USD,
S012463,2026-05-11,P014762,capture,17480,537,16943,USD,
S012465,2026-05-11,P001898,capture,1184,64,1120,USD,
S012466,2026-05-11,P010302,capture,7239,240,6999,USD,
S012469,2026-05-11,P000039,capture,1656,78,1578,USD,
S012470,2026-05-11,P001841,capture,1982,86,1896,EUR,converted at 1.0961
S012471,2026-05-11,P005529,capture,2675,108,2567,USD,
S012472,2026-05-11,P017641,capture,3178,122,3056,USD,
S012476,2026-05-11,P003263,capture,993,59,934,USD,
S012478,2026-05-11,P011901,capture,5830,199,5631,USD,
S012481,2026-05-11,P006083,capture,2627,106,2521,USD,
S012482,2026-05-11,P014012,capture,17800,546,17254,USD,
S012483,2026-05-11,P002343,capture,2195,94,2101,USD,
S012485,2026-05-11,P006419,capture,3320,126,3194,USD,
S012486,2026-05-11,P016223,capture,10068,322,9746,USD,
S012487,2026-05-11,P016626,capture,12732,399,12333,USD,
S012488,2026-05-11,P013696,capture,4876,171,4705,USD,
S012489,2026-05-11,P018362,capture,24640,745,23895,USD,
S012490,2026-05-11,P014198,capture,6296,213,6083,USD,
S012491,2026-05-11,P006446,capture,595,47,548,USD,
S012492,2026-05-11,P000017,refund,-4494,0,-4494,USD,
S012493,2026-05-11,P012459,capture,5709,196,5513,USD,
S012495,2026-05-11,P003416,capture,6890,230,6660,USD,
S012497,2026-05-11,P001208,capture,4248,153,4095,USD,
S012499,2026-05-11,P012438,capture,5461,188,5273,USD,
S012500,2026-05-11,P002137,capture,11589,366,11223,USD,
S012501,2026-05-11,P001727,capture,1361,69,1292,USD,
S012502,2026-05-11,P000383,capture,3604,135,3469,USD,
S012503,2026-05-11,P001491,capture,6348,214,6134,USD,
S012505,2026-05-11,P017584,capture,2715,109,2606,USD,
S012507,2026-05-11,P004925,capture,9569,308,9261,USD,
S012508,2026-05-11,P013864,capture,8812,286,8526,USD,
S012509,2026-05-11,P017814,capture,7609,251,7358,USD,
S012510,2026-05-11,P012002,capture,8507,277,8230,USD,
S012511,2026-05-11,P008845,capture,5169,180,4989,USD,
S012512,2026-05-11,P007919,capture,4039,147,3892,USD,
S012513,2026-05-11,P017175,capture,24650,745,23905,USD,
S012514,2026-05-11,P005279,capture,4685,166,4519,USD,
S012518,2026-05-11,P018908,capture,9898,317,9581,USD,
S012519,2026-05-11,P007559,capture,4390,157,4233,USD,
S012520,2026-05-11,P007487,capture,7242,240,7002,USD,
S012522,2026-05-11,P007642,capture,3169,122,3047,USD,
S012529,2026-05-11,P001796,capture,26138,788,25350,USD,
S012530,2026-05-11,P014319,capture,3919,144,3775,USD,
S012532,2026-05-11,P007280,capture,15728,486,15242,USD,
S012534,2026-05-11,P016105,capture,978,58,920,USD,
S012537,2026-05-11,P017281,capture,2079,90,1989,USD,
S012539,2026-05-11,P017406,capture,3616,135,3481,USD,
S012540,2026-05-11,P011577,capture,2833,152,2681,USD,
S012542,2026-05-11,P002843,capture,1444,72,1372,USD,
S012543,2026-05-11,P013949,capture,10441,333,10108,USD,
S012544,2026-05-11,P004609,capture,6129,208,5921,USD,
S012545,2026-05-11,P016154,capture,1704,79,1625,USD,
S012546,2026-05-11,P004453,capture,2474,102,2372,USD,
S012551,2026-05-11,P000486,capture,3890,143,3747,USD,
S012553,2026-05-11,P004260,capture,1326,68,1258,USD,
S012555,2026-05-11,P009735,capture,1223,65,1158,USD,
S012556,2026-05-11,P018705,capture,4384,157,4227,USD,
S012557,2026-05-11,P011038,capture,16641,513,16128,USD,
S012558,2026-05-11,P010480,capture,3607,135,3472,USD,
S012560,2026-05-11,P017223,capture,1973,87,1886,USD,
S012561,2026-05-11,P004593,capture,21580,656,20924,USD,
S012563,2026-05-11,P014313,capture,5840,199,5641,USD,
S012564,2026-05-11,P009792,capture,3491,131,3360,USD,
S012565,2026-05-11,P008661,capture,781,53,728,USD,
S012568,2026-05-11,P009390,capture,4028,147,3881,USD,
S012569,2026-05-11,P007621,capture,7130,237,6893,USD,
S012570,2026-05-11,P009173,capture,3593,134,3459,USD,
S012571,2026-05-11,P017711,capture,1891,85,1806,USD,
S012572,2026-05-11,P010650,capture,7902,259,7643,USD,
S012574,2026-05-11,P009895,capture,7564,249,7315,USD,
S012575,2026-05-11,P003299,capture,2131,92,2039,USD,
S012576,2026-05-11,P001401,capture,7991,262,7729,USD,
S012577,2026-05-11,P008004,capture,9457,304,9153,USD,
S012578,2026-05-11,P004063,capture,1891,85,1806,USD,
S012579,2026-05-11,P003706,capture,9548,307,9241,USD,
S012582,2026-05-11,P016109,capture,5109,178,4931,USD,
S012585,2026-05-11,P000822,capture,10925,347,10578,USD,
S012589,2026-05-11,P015196,capture,11313,358,10955,USD,
S012590,2026-05-11,P005049,capture,12030,379,11651,USD,
S012592,2026-05-11,P003463,capture,1182,64,1118,USD,
S012593,2026-05-11,P018603,capture,1837,83,1754,USD,
S012598,2026-05-11,P008759,capture,4050,147,3903,USD,
S012600,2026-05-11,P005896,capture,2651,107,2544,USD,
S012602,2026-05-11,P012237,capture,5634,193,5441,USD,
S012603,2026-05-11,P013040,capture,5132,179,4953,USD,
S012604,2026-05-11,P015860,capture,21117,642,20475,USD,
S012606,2026-05-11,P004984,capture,5804,198,5606,USD,
S012607,2026-05-11,P002872,capture,1317,68,1249,USD,
S012608,2026-05-11,P015651,capture,1258,66,1192,USD,
S012609,2026-05-11,P015700,capture,16277,502,15775,USD,
S012615,2026-05-11,P007850,capture,5505,190,5315,USD,
S012617,2026-05-11,P017142,capture,22058,670,21388,USD,
S012619,2026-05-11,P019925,capture,23268,705,22563,USD,
S012620,2026-05-11,P015753,capture,1991,88,1903,USD,
S012621,2026-05-11,P012457,capture,73490,2161,71329,USD,
S012622,2026-05-11,P007348,capture,13608,425,13183,USD,
S012624,2026-05-11,P012966,capture,23147,701,22446,USD,
S012625,2026-05-11,P000663,capture,24253,733,23520,USD,
S012626,2026-05-11,P002967,capture,2928,115,2813,USD,
S012628,2026-05-11,P008242,capture,2955,116,2839,USD,
S012630,2026-05-11,P000609,capture,6002,204,5798,USD,
S012631,2026-05-11,P010398,capture,4330,156,4174,USD,
S012636,2026-05-11,P008626,capture,8668,281,8387,USD,
S012637,2026-05-11,P007902,capture,26990,813,26177,USD,
S012638,2026-05-11,P018691,capture,7368,244,7124,USD,
S012639,2026-05-11,P001584,capture,7139,237,6902,USD,
S012640,2026-05-11,P015942,capture,9081,293,8788,USD,
S012642,2026-05-11,P011106,capture,2310,97,2213,USD,
S012645,2026-05-11,P004515,capture,1230,66,1164,USD,
S012649,2026-05-11,P016004,capture,11344,359,10985,USD,
S012650,2026-05-11,P004416,capture,9289,299,8990,USD,
S012651,2026-05-11,P016359,capture,14912,462,14450,USD,
S012653,2026-05-11,P017064,capture,12165,383,11782,USD,
S012654,2026-05-11,P016807,capture,6206,210,5996,USD,
S012658,2026-05-11,P003560,capture,13246,414,12832,USD,
S012659,2026-05-11,P010499,capture,1756,81,1675,USD,
S012661,2026-05-11,P001028,capture,15957,493,15464,USD,
S012663,2026-05-11,P016040,capture,13106,410,12696,USD,
S012664,2026-05-11,P000521,capture,7726,254,7472,USD,
S012665,2026-05-11,P012613,capture,21523,654,20869,USD,
S012667,2026-05-11,P009462,capture,1867,84,1783,USD,
S012669,2026-05-11,P010615,capture,5449,188,5261,USD,
S012670,2026-05-11,P005724,capture,5365,186,5179,USD,
S012671,2026-05-11,P005165,capture,10933,347,10586,USD,
S012672,2026-05-11,P004365,capture,1353,68,1285,EUR,converted at 1.0961
S012674,2026-05-11,P013292,capture,4269,154,4115,USD,
S012675,2026-05-11,P012778,capture,1240,66,1174,USD,
S012677,2026-05-11,P007090,capture,1553,75,1478,USD,
S012681,2026-05-11,P000612,capture,3054,119,2935,USD,
S012682,2026-05-11,P009400,capture,12939,405,12534,USD,
S012683,2026-05-11,P017888,capture,1621,77,1544,USD,
S012685,2026-05-11,P018423,capture,7032,234,6798,USD,
S012687,2026-05-11,P007154,capture,16275,502,15773,USD,
S012688,2026-05-11,P013179,capture,4861,171,4690,USD,
S012691,2026-05-11,P013455,capture,8093,265,7828,USD,
S012692,2026-05-11,P010872,capture,3775,139,3636,USD,
S012693,2026-05-11,P009404,capture,1600,76,1524,USD,
S012694,2026-05-11,P004228,capture,31987,958,31029,USD,
S012696,2026-05-11,P006058,capture,9986,320,9666,USD,
S012698,2026-05-11,P002781,capture,18140,556,17584,USD,
S012699,2026-05-11,P003048,capture,16188,499,15689,USD,
S012700,2026-05-11,P006851,capture,11295,358,10937,USD,
S012701,2026-05-11,P007250,capture,3923,144,3779,USD,
S012703,2026-05-11,P000287,capture,3706,137,3569,USD,
S012706,2026-05-11,P010614,capture,4638,165,4473,USD,
S012707,2026-05-11,P016917,capture,5662,194,5468,USD,
S012710,2026-05-11,P013265,capture,4635,164,4471,USD,
S012713,2026-05-11,P004018,capture,6057,206,5851,USD,
S012714,2026-05-11,P014543,capture,12249,385,11864,USD,
S012715,2026-05-11,P000076,capture,13493,421,13072,USD,
S012716,2026-05-11,P018994,capture,3612,135,3477,USD,
S012718,2026-05-11,P016702,capture,15629,483,15146,USD,
S012719,2026-05-11,P006502,capture,6834,228,6606,USD,
S012720,2026-05-11,P016430,capture,10149,324,9825,USD,
S012722,2026-05-11,P001458,capture,3530,132,3398,USD,
S012725,2026-05-11,P003160,capture,1341,69,1272,USD,
S012726,2026-05-11,P016343,capture,6368,215,6153,USD,
S012727,2026-05-11,P012316,capture,4183,151,4032,USD,
S012728,2026-05-11,P010653,capture,1698,79,1619,USD,
S012730,2026-05-11,P007434,capture,2299,97,2202,USD,
S012733,2026-05-11,P000352,capture,3577,134,3443,USD,
S012734,2026-05-11,P015130,capture,5104,178,4926,USD,
S012735,2026-05-11,P003125,capture,4007,146,3861,USD,
S012736,2026-05-11,P003452,capture,6346,214,6132,USD,
S012738,2026-05-11,P007747,capture,11347,359,10988,USD,
S012739,2026-05-11,P017976,capture,4761,168,4593,USD,
S012741,2026-05-11,P017991,capture,3107,120,2987,USD,
S012743,2026-05-11,P013400,capture,996,59,937,USD,
S012744,2026-05-11,P000250,capture,1821,83,1738,USD,
S012747,2026-05-11,P007783,capture,13741,428,13313,USD,
S012748,2026-05-11,P012166,capture,2234,95,2139,USD,
S012749,2026-05-11,P015021,capture,8418,274,8144,USD,
S012750,2026-05-11,P013754,capture,1749,81,1668,USD,
S012751,2026-05-11,P009992,capture,3506,132,3374,USD,
S012752,2026-05-11,P003974,capture,4616,164,4452,USD,
S012756,2026-05-11,P003209,capture,7674,253,7421,USD,
S012758,2026-05-11,P010529,capture,17673,543,17130,USD,
S012763,2026-05-11,P009527,capture,1770,81,1689,USD,
S012764,2026-05-11,P010811,capture,9241,297,8944,EUR,converted at 1.0961
S012765,2026-05-11,P017274,capture,36524,1089,35435,USD,
S012766,2026-05-11,P009794,capture,1116,62,1054,USD,
S012767,2026-05-11,P019198,capture,558,46,512,USD,
S012768,2026-05-11,P006263,capture,14584,453,14131,USD,
S012770,2026-05-11,P002475,capture,4670,165,4505,USD,
S012771,2026-05-11,P019231,capture,1114,62,1052,USD,
S012774,2026-05-11,P001206,capture,7278,241,7037,USD,
S012779,2026-05-11,P008879,capture,12814,402,12412,USD,
S012780,2026-05-11,P008451,capture,4004,146,3858,USD,
S012781,2026-05-11,P015379,capture,8634,280,8354,USD,
S012782,2026-05-11,P001350,capture,9411,303,9108,USD,
S012784,2026-05-11,P001053,capture,2994,117,2877,USD,
S012786,2026-05-11,P001563,capture,12210,384,11826,USD,
S012788,2026-05-11,P004084,capture,1752,81,1671,USD,
S012789,2026-05-11,P014692,capture,11409,361,11048,USD,
S012790,2026-05-11,P012674,capture,7247,240,7007,USD,
S012791,2026-05-11,P000623,capture,3418,129,3289,USD,
S012792,2026-05-11,P016549,capture,15484,479,15005,USD,
S012793,2026-05-11,P004114,capture,21449,652,20797,USD,
S012794,2026-05-11,P001299,capture,2841,112,2729,USD,
S012795,2026-05-11,P010774,capture,15320,474,14846,USD,
S012796,2026-05-11,P019114,capture,6970,232,6738,USD,
S012797,2026-05-11,P015773,capture,2909,114,2795,USD,
S012799,2026-05-11,P007005,capture,2378,99,2279,USD,
S012800,2026-05-11,P001089,capture,2648,107,2541,USD,
S012801,2026-05-11,P014684,capture,4577,163,4414,USD,
S012803,2026-05-11,P003676,capture,3005,117,2888,USD,
S012804,2026-05-11,P001239,capture,2830,112,2718,USD,
S012805,2026-05-11,P013591,capture,5013,175,4838,USD,
S012806,2026-05-11,P001369,capture,1066,61,1005,USD,
S012808,2026-05-11,P018634,capture,5445,188,5257,USD,
S012809,2026-05-11,P009150,capture,1171,64,1107,USD,
S012811,2026-05-11,P019436,capture,3565,133,3432,USD,
S012812,2026-05-11,P007761,capture,2882,114,2768,USD,
S012813,2026-05-11,P014899,capture,4285,154,4131,USD,
S012814,2026-05-11,P004966,capture,1168,64,1104,USD,
S012817,2026-05-11,P008326,capture,2952,117,2835,EUR,converted at 1.0961
S012818,2026-05-11,P005764,capture,2841,112,2729,USD,
S012820,2026-05-11,P006989,capture,5957,203,5754,USD,
S012821,2026-05-11,P012411,capture,2109,91,2018,USD,
S012823,2026-05-11,P004710,refund,-3864,0,-3864,USD,
S012824,2026-05-11,P002848,capture,9428,303,9125,USD,
S012827,2026-05-11,P005101,capture,17944,550,17394,USD,
S012828,2026-05-11,P008457,capture,4904,172,4732,USD,
S012829,2026-05-11,P013059,capture,760,52,708,USD,
S012832,2026-05-11,P000540,capture,1115,62,1053,USD,
S012835,2026-05-11,P004797,capture,3342,127,3215,USD,
S012836,2026-05-11,P010563,capture,1795,82,1713,USD,
S012837,2026-05-11,P001481,capture,6328,214,6114,USD,
S012841,2026-05-11,P011024,capture,7716,254,7462,USD,
S012843,2026-05-11,P004156,capture,9329,301,9028,USD,
S012844,2026-05-11,P015387,capture,5342,185,5157,USD,
S012846,2026-05-11,P008492,capture,4673,166,4507,USD,
S012847,2026-05-11,P011357,capture,1367,70,1297,USD,
S012848,2026-05-11,P000471,capture,3473,131,3342,USD,
S012849,2026-05-11,P007339,capture,8194,268,7926,USD,
S012850,2026-05-11,P004821,capture,2872,113,2759,USD,
S012851,2026-05-11,P004267,capture,614,48,566,USD,
S012852,2026-05-11,P010840,capture,1930,86,1844,USD,
S012853,2026-05-11,P005121,capture,10109,323,9786,USD,
S012854,2026-05-11,P003116,capture,12996,407,12589,USD,
S012855,2026-05-11,P016011,capture,6869,229,6640,USD,
S012856,2026-05-11,P014030,capture,7334,243,7091,USD,
S012858,2026-05-11,P013827,capture,1705,79,1626,USD,
S012859,2026-05-11,P012470,capture,3305,126,3179,USD,
S012860,2026-05-11,P019395,capture,2863,113,2750,USD,
S012863,2026-05-11,P014476,capture,13148,411,12737,USD,
S012865,2026-05-11,P014967,capture,677,50,627,USD,
S012872,2026-05-11,P006404,capture,1241,66,1175,USD,
S012873,2026-05-11,P002471,capture,13926,434,13492,USD,
S012876,2026-05-11,P017365,capture,3334,127,3207,USD,
S012878,2026-05-11,P004834,capture,15873,490,15383,USD,
S012879,2026-05-11,P005918,capture,2663,107,2556,USD,
S012881,2026-05-11,P016384,capture,2841,112,2729,USD,
S012883,2026-05-11,P018234,capture,3416,129,3287,USD,
S012885,2026-05-11,P017373,capture,3744,139,3605,USD,
S012888,2026-05-11,P016883,capture,6772,226,6546,USD,
S012889,2026-05-11,P007225,capture,9338,301,9037,USD,
S012892,2026-05-11,P019502,capture,12291,386,11905,USD,
S012893,2026-05-11,P008682,capture,2043,89,1954,USD,
S012894,2026-05-11,P005204,capture,5817,199,5618,USD,
S012895,2026-05-11,P000815,capture,2053,90,1963,USD,
S012896,2026-05-11,P016748,capture,15294,474,14820,USD,
S012897,2026-05-11,P014630,capture,3432,130,3302,USD,
S012898,2026-05-11,P007801,capture,2071,90,1981,USD,
S012900,2026-05-11,P003041,capture,1936,86,1850,USD,
S012901,2026-05-11,P003691,capture,4140,150,3990,USD,
S012902,2026-05-11,P002852,capture,958,58,900,USD,
S012904,2026-05-11,P010457,capture,880,56,824,USD,
S012905,2026-05-11,P004167,capture,876,55,821,USD,
S012906,2026-05-11,P001241,capture,10952,348,10604,USD,
S012907,2026-05-11,P003221,capture,5440,188,5252,USD,
S012908,2026-05-11,P010332,capture,4712,167,4545,USD,
S012909,2026-05-11,P008669,capture,8087,265,7822,USD,
S012912,2026-05-11,P017335,capture,5427,187,5240,USD,
S012913,2026-05-11,P019495,capture,4558,162,4396,USD,
S012914,2026-05-11,P002407,capture,8002,262,7740,USD,
S012915,2026-05-11,P011551,capture,29733,892,28841,USD,
S012916,2026-05-11,P000886,capture,3818,141,3677,USD,
S012917,2026-05-11,P010354,capture,6102,207,5895,USD,
S012920,2026-05-11,P008106,capture,10795,343,10452,USD,
S012921,2026-05-11,P018660,capture,5495,189,5306,USD,
S012922,2026-05-11,P006321,capture,4801,169,4632,USD,
S012923,2026-05-11,P003106,capture,8681,282,8399,USD,
S012925,2026-05-11,P018374,capture,4010,146,3864,USD,
S012926,2026-05-11,P016788,capture,9941,318,9623,USD,
S012928,2026-05-11,P005801,capture,23826,721,23105,USD,
S012929,2026-05-11,P017980,capture,1836,83,1753,USD,
S012930,2026-05-11,P018642,refund,-17159,0,-17159,USD,
S012933,2026-05-11,P000721,capture,1704,79,1625,USD,
S012934,2026-05-11,P001977,capture,15658,484,15174,USD,
S012936,2026-05-11,P018019,capture,4680,166,4514,USD,
S012937,2026-05-11,P017774,capture,3775,139,3636,USD,
S012938,2026-05-11,P004702,capture,6763,226,6537,USD,
S012939,2026-05-11,P000905,capture,6440,217,6223,USD,
S012941,2026-05-11,P013618,capture,8202,268,7934,USD,
S012942,2026-05-11,P003214,capture,15167,470,14697,USD,
S012943,2026-05-11,P004489,capture,5426,187,5239,USD,
S012944,2026-05-11,P005712,capture,22338,678,21660,USD,
S012946,2026-05-11,P014449,capture,3395,128,3267,USD,
S012947,2026-05-11,P000820,capture,6517,219,6298,USD,
S012949,2026-05-11,P010170,capture,2080,90,1990,USD,
S012953,2026-05-11,P002648,capture,5160,180,4980,USD,
S012955,2026-05-11,P009654,capture,3551,132,3419,EUR,converted at 1.0961
S012956,2026-05-11,P004188,capture,30178,905,29273,USD,
S012958,2026-05-11,P000293,capture,12242,385,11857,USD,
S012964,2026-05-11,P004517,capture,15353,475,14878,USD,
S012967,2026-05-11,P017845,capture,11617,367,11250,USD,
S012968,2026-05-11,P011413,capture,1569,76,1493,USD,
S012969,2026-05-11,P017400,capture,31347,939,30408,USD,
S012970,2026-05-11,P002491,capture,1637,77,1560,USD,
S012971,2026-05-11,P009845,capture,4510,161,4349,USD,
S012972,2026-05-11,P018107,capture,9827,315,9512,USD,
S012973,2026-05-11,P016017,capture,14138,440,13698,USD,
S012974,2026-05-11,P017519,capture,1063,61,1002,USD,
S012975,2026-05-11,P016212,capture,8945,289,8656,USD,
S012976,2026-05-11,P006901,capture,34597,1033,33564,USD,
S012978,2026-05-11,P018318,capture,1165,64,1101,USD,
S012980,2026-05-11,P019413,capture,10364,331,10033,USD,
S012982,2026-05-11,P017319,capture,10480,334,10146,USD,
S012984,2026-05-11,P007828,capture,51388,1520,49868,USD,
S012986,2026-05-11,P014906,capture,3238,124,3114,USD,
S012988,2026-05-11,P019673,capture,4583,163,4420,USD,
S012991,2026-05-11,P013395,capture,13273,415,12858,USD,
S012992,2026-05-11,P002972,capture,10392,331,10061,USD,
S012993,2026-05-11,P017252,capture,777,53,724,USD,
S012995,2026-05-11,P007064,capture,2978,116,2862,USD,
S012997,2026-05-11,P003436,capture,8457,275,8182,USD,
S013000,2026-05-11,P017419,capture,10722,341,10381,USD,
S013001,2026-05-11,P000465,capture,2958,116,2842,USD,
S013002,2026-05-11,P004639,capture,1033,60,973,USD,
S013004,2026-05-11,P003853,capture,6294,213,6081,USD,
S013005,2026-05-11,P012954,capture,9964,319,9645,USD,
S013008,2026-05-11,P011829,capture,3117,120,2997,USD,
S013009,2026-05-11,P001379,capture,2390,99,2291,USD,
S013010,2026-05-11,P016137,capture,37295,1112,36183,USD,
S013011,2026-05-11,P010956,capture,4899,172,4727,USD,
S013012,2026-05-11,P003720,capture,5752,197,5555,USD,
S013013,2026-05-11,P002316,capture,2243,95,2148,USD,
S013014,2026-05-11,P019867,capture,4452,159,4293,USD,
S013015,2026-05-11,P019393,capture,5026,176,4850,USD,
S013017,2026-05-11,P007696,capture,8513,277,8236,USD,
S013018,2026-05-11,P000476,capture,3811,141,3670,USD,
S013019,2026-05-11,P005528,capture,1094,62,1032,USD,
S013021,2026-05-11,P010181,capture,248,37,211,USD,
S013023,2026-05-11,P004465,capture,9324,300,9024,USD,
S013024,2026-05-11,P013345,capture,4507,161,4346,USD,
S013025,2026-05-11,P013760,capture,3818,141,3677,USD,
S013029,2026-05-11,P019977,capture,13166,412,12754,USD,
S013031,2026-05-11,P019255,capture,748,52,696,USD,
S013033,2026-05-11,P013622,capture,4012,146,3866,USD,
S013034,2026-05-11,P019845,capture,3514,132,3382,USD,
S013038,2026-05-11,P006938,capture,9279,299,8980,USD,
S013040,2026-05-11,P010290,capture,1748,81,1667,USD,
S013043,2026-05-11,P019603,capture,13323,416,12907,USD,
S013044,2026-05-11,P010910,capture,27330,823,26507,USD,
S013045,2026-05-11,P000067,capture,3342,127,3215,USD,
S013046,2026-05-11,P000642,capture,3890,143,3747,USD,
S013048,2026-05-11,P016992,capture,342,40,302,USD,
S013050,2026-05-11,P013020,capture,876,55,821,USD,
S013051,2026-05-11,P015822,capture,6813,228,6585,USD,
S013052,2026-05-11,P017586,capture,3546,133,3413,USD,
S013053,2026-05-11,P016520,capture,49718,1472,48246,USD,
S013054,2026-05-11,P006594,capture,4373,157,4216,USD,
S013055,2026-05-11,P007597,capture,3365,128,3237,USD,
S013058,2026-05-11,P007032,capture,1511,74,1437,USD,
S013061,2026-05-11,P016335,capture,3588,134,3454,USD,
S013067,2026-05-11,P006779,capture,2765,110,2655,USD,
S013068,2026-05-11,P019585,capture,23789,720,23069,USD,
S013069,2026-05-11,P000374,capture,10439,333,10106,USD,
S013071,2026-05-11,P007708,capture,5357,185,5172,USD,
S013072,2026-05-11,P006122,capture,8047,263,7784,USD,
S013074,2026-05-11,P008816,capture,1673,79,1594,USD,
S013075,2026-05-11,P008510,capture,3433,130,3303,USD,
S013076,2026-05-11,P012764,capture,4613,164,4449,USD,
S013077,2026-05-11,P016158,capture,6188,209,5979,USD,
S013078,2026-05-11,P016668,capture,1467,73,1394,USD,
S013081,2026-05-11,P017525,capture,4624,164,4460,USD,
S013084,2026-05-11,P016767,capture,4489,160,4329,USD,
S013085,2026-05-11,P002077,capture,3247,124,3123,USD,
S013087,2026-05-11,P013761,capture,15881,490,15391,EUR,converted at 1.0961
S013089,2026-05-11,P003471,capture,2120,91,2029,USD,
S013090,2026-05-11,P002977,capture,12363,388,11975,EUR,converted at 1.0961
S013091,2026-05-11,P004030,capture,4877,171,4706,USD,
S013096,2026-05-11,P013556,capture,2192,94,2098,USD,
S013097,2026-05-11,P013568,capture,14539,452,14087,USD,
S013098,2026-05-11,P013927,capture,7972,261,7711,USD,
S013100,2026-05-11,P014004,capture,6470,218,6252,USD,
S013101,2026-05-11,P019342,capture,4883,172,4711,USD,
S013102,2026-05-11,P019172,capture,6782,227,6555,USD,
S013109,2026-05-11,P005293,capture,8971,290,8681,USD,
S013111,2026-05-11,P017226,capture,10777,343,10434,USD,
S013112,2026-05-11,P015124,capture,6152,208,5944,USD,
S013114,2026-05-11,P018728,capture,2039,89,1950,USD,
S013115,2026-05-11,P006096,capture,11924,376,11548,USD,
S013116,2026-05-11,P000358,capture,1367,70,1297,USD,
S013117,2026-05-11,P004888,capture,10028,321,9707,USD,
S013120,2026-05-11,P013263,capture,3568,133,3435,USD,
S013121,2026-05-11,P016338,capture,6587,221,6366,USD,
S013122,2026-05-11,P016652,capture,14218,442,13776,USD,
S013123,2026-05-11,P003655,capture,2084,90,1994,USD,
S013124,2026-05-11,P003649,capture,1312,68,1244,USD,
S013126,2026-05-11,P010138,capture,1003,59,944,USD,
S013127,2026-05-11,P005291,capture,1473,73,1400,USD,
S013129,2026-05-11,P004339,capture,2278,96,2182,USD,
S013132,2026-05-11,P001588,capture,9017,291,8726,USD,
S013135,2026-05-11,P014563,capture,3662,136,3526,USD,
S013136,2026-05-11,P018459,capture,8528,277,8251,USD,
S013137,2026-05-11,P010043,capture,4313,155,4158,USD,
S013138,2026-05-11,P007158,capture,6360,214,6146,USD,
S013139,2026-05-11,P018296,capture,2338,98,2240,USD,
S013140,2026-05-11,P016244,capture,6934,231,6703,USD,
S013142,2026-05-11,P015417,capture,2092,91,2001,USD,
S013143,2026-05-11,P016234,capture,759,52,707,USD,
S013145,2026-05-11,P015929,capture,2146,92,2054,USD,
S013146,2026-05-11,P019927,capture,1839,83,1756,USD,
S013148,2026-05-11,P013268,capture,1760,81,1679,USD,
S013151,2026-05-11,P015922,capture,1809,82,1727,USD,
S013153,2026-05-11,P005859,capture,16727,515,16212,USD,
S013156,2026-05-11,P012743,capture,21801,662,21139,USD,
S013158,2026-05-11,P009354,capture,1382,70,1312,USD,
S013160,2026-05-11,P003304,capture,2594,105,2489,USD,
S013164,2026-05-11,P005286,capture,4986,175,4811,USD,
S013165,2026-05-11,P003635,capture,6392,215,6177,USD,
S013167,2026-05-11,P004038,capture,2927,115,2812,USD,
S013168,2026-05-11,P015513,capture,14236,443,13793,USD,
S013169,2026-05-11,P000477,capture,2646,107,2539,USD,
S013173,2026-05-11,P018711,capture,5641,194,5447,USD,
S013176,2026-05-11,P014500,capture,2120,91,2029,USD,
S013178,2026-05-11,P017776,capture,17337,533,16804,USD,
S013180,2026-05-11,P017332,capture,44695,1326,43369,USD,
S013181,2026-05-11,P018100,capture,17356,533,16823,USD,
S013186,2026-05-11,P013580,capture,10234,327,9907,USD,
S013187,2026-05-11,P001471,capture,2204,94,2110,USD,
S013188,2026-05-11,P000739,capture,1638,78,1560,USD,
S013189,2026-05-11,P014912,capture,2707,109,2598,USD,
S013191,2026-05-11,P002022,capture,3619,135,3484,USD,
S013192,2026-05-11,P012990,capture,2265,96,2169,USD,
S013193,2026-05-11,P008179,capture,1830,83,1747,USD,
S013194,2026-05-11,P010565,capture,9911,317,9594,USD,
S013195,2026-05-11,P002427,capture,14055,438,13617,USD,
S013196,2026-05-11,P009340,capture,3880,143,3737,USD,
S013199,2026-05-11,P006050,capture,1375,70,1305,USD,
S013203,2026-05-11,P018508,capture,2266,96,2170,USD,
S013204,2026-05-11,P016035,capture,14674,456,14218,USD,
S013206,2026-05-11,P014132,capture,1481,73,1408,USD,
S013207,2026-05-11,P010486,capture,3548,133,3415,USD,
S013208,2026-05-11,P002577,capture,11169,354,10815,USD,
S013209,2026-05-11,P009625,capture,637,48,589,USD,
S013210,2026-05-11,P007989,capture,20042,611,19431,USD,
S013212,2026-05-11,P013757,capture,6739,225,6514,USD,
S013214,2026-05-11,P001843,capture,12762,400,12362,USD,
S013216,2026-05-11,P017507,capture,8327,271,8056,USD,
S013217,2026-05-11,P005493,capture,9965,319,9646,USD,
S013218,2026-05-11,P013103,capture,5187,180,5007,USD,
S013219,2026-05-11,P019370,capture,1341,69,1272,USD,
S013220,2026-05-11,P014348,capture,4609,164,4445,USD,
S013222,2026-05-11,P002245,capture,3039,118,2921,USD,
S013223,2026-05-11,P009299,capture,4271,154,4117,USD,
S013225,2026-05-11,P004867,capture,758,52,706,USD,
S013228,2026-05-11,P019942,capture,9714,312,9402,USD,
S013229,2026-05-11,P000568,capture,2149,92,2057,USD,
S013230,2026-05-11,P005310,capture,1358,69,1289,USD,
S013232,2026-05-11,P008822,capture,5786,198,5588,USD,
S013233,2026-05-11,P002979,capture,4950,174,4776,USD,
S013236,2026-05-11,P009245,capture,2177,93,2084,USD,
S013237,2026-05-11,P009756,capture,17140,527,16613,USD,
S013238,2026-05-11,P014236,capture,18169,557,17612,USD,
S013239,2026-05-11,P011524,capture,26082,786,25296,USD,
S013240,2026-05-11,P000507,capture,6881,230,6651,USD,
S013242,2026-05-11,P008793,capture,10406,332,10074,USD,
S013243,2026-05-11,P003194,capture,6461,217,6244,USD,
S013247,2026-05-11,P017128,capture,6833,228,6605,USD,
S013249,2026-05-11,P000148,capture,1979,87,1892,USD,
S013253,2026-05-11,P003063,capture,592,47,545,USD,
S013255,2026-05-11,P018637,capture,843,54,789,USD,
S013257,2026-05-11,P010246,capture,1575,76,1499,USD,
S013259,2026-05-11,P017006,capture,13458,420,13038,USD,
S013260,2026-05-11,P004494,capture,4194,152,4042,USD,
S013261,2026-05-11,P016411,capture,2283,96,2187,USD,
S013264,2026-05-11,P003341,capture,3927,144,3783,USD,
S013266,2026-05-11,P007776,capture,4384,157,4227,USD,
S013267,2026-05-11,P015687,capture,3459,130,3329,USD,
S013270,2026-05-11,P008104,capture,4223,152,4071,USD,
S013271,2026-05-11,P018635,capture,8179,267,7912,USD,
S013272,2026-05-11,P003476,capture,24306,735,23571,USD,
S013274,2026-05-11,P003172,capture,6887,230,6657,USD,
S013275,2026-05-11,P006870,capture,1237,66,1171,USD,
S013276,2026-05-11,P015841,capture,16556,510,16046,USD,
S013278,2026-05-11,P013948,capture,1696,79,1617,USD,
S013279,2026-05-11,P015452,capture,8064,264,7800,USD,
S013280,2026-05-11,P001643,capture,4691,166,4525,USD,
S013281,2026-05-11,P018431,capture,25441,768,24673,USD,
S013282,2026-05-11,P005685,capture,5161,180,4981,USD,
S013283,2026-05-11,P001402,capture,4025,147,3878,USD,
S013284,2026-05-11,P012996,capture,45569,1352,44217,USD,
S013287,2026-05-11,P006153,capture,1921,86,1835,USD,
S013288,2026-05-11,P008609,capture,3070,118,2952,EUR,converted at 1.0961
S013289,2026-05-11,P014901,capture,3269,125,3144,USD,
S013290,2026-05-11,P013865,capture,837,54,783,USD,
S013292,2026-05-11,P011358,capture,6868,229,6639,USD,
S013296,2026-05-11,P002592,capture,1658,78,1580,USD,
S013297,2026-05-11,P011292,capture,2813,112,2701,USD,
S013299,2026-05-11,P002028,capture,23701,717,22984,USD,
S013300,2026-05-11,P018312,capture,12634,395,12239,EUR,converted at 1.0961
S013302,2026-05-11,P001609,capture,4491,160,4331,USD,
S013304,2026-05-11,P018433,capture,3944,144,3800,USD,
S013307,2026-05-11,P011422,capture,7164,238,6926,USD,
S013309,2026-05-11,P006738,capture,2043,89,1954,USD,
S013310,2026-05-11,P003200,capture,24791,749,24042,USD,
S013311,2026-05-11,P006461,capture,3325,126,3199,USD,
S013313,2026-05-11,P013436,capture,5162,180,4982,USD,
S013315,2026-05-11,P008929,capture,7256,240,7016,USD,
S013316,2026-05-11,P018153,capture,7158,238,6920,USD,
S013317,2026-05-11,P002588,capture,16645,513,16132,USD,
S013319,2026-05-11,P000364,capture,2387,99,2288,USD,
S013321,2026-05-11,P009957,capture,3426,129,3297,USD,
S013322,2026-05-11,P006268,capture,7740,254,7486,USD,
S013323,2026-05-11,P007579,capture,1081,61,1020,USD,
S013324,2026-05-11,P014117,capture,4365,157,4208,USD,
S013325,2026-05-11,P002452,capture,3493,131,3362,USD,
S013328,2026-05-11,P008507,capture,25072,757,24315,USD,
S013329,2026-05-11,P007549,capture,10406,332,10074,USD,
S013330,2026-05-11,P011338,capture,5119,178,4941,USD,
S013331,2026-05-11,P000142,capture,6993,233,6760,USD,
S013332,2026-05-11,P000147,capture,875,55,820,USD,
S013333,2026-05-11,P013774,capture,8320,271,8049,USD,
S013335,2026-05-11,P007332,capture,10955,348,10607,USD,
S013336,2026-05-11,P006428,capture,469,44,425,USD,
S013339,2026-05-11,P009065,capture,3546,133,3413,USD,
S013340,2026-05-11,P016759,capture,2740,109,2631,USD,
S013342,2026-05-11,P008148,capture,3305,126,3179,USD,
S013343,2026-05-11,P006070,capture,893,56,837,USD,
S013345,2026-05-11,P007319,capture,13017,407,12610,USD,
S013349,2026-05-11,P011757,capture,9630,309,9321,USD,
S013350,2026-05-11,P014131,capture,6461,217,6244,USD,
S013351,2026-05-11,P013277,capture,11265,357,10908,USD,
S013353,2026-05-11,P014432,capture,4784,169,4615,USD,
S013357,2026-05-11,P011256,capture,1335,69,1266,USD,
S013358,2026-05-11,P015726,capture,5224,181,5043,USD,
S013360,2026-05-11,P007720,capture,16427,506,15921,USD,
S013361,2026-05-11,P008527,capture,9629,309,9320,USD,
S013362,2026-05-11,P004641,capture,491,44,447,USD,
S013363,2026-05-11,P011398,capture,26666,803,25863,USD,
S013364,2026-05-11,P017138,capture,9645,310,9335,USD,
S013365,2026-05-11,P019068,capture,8250,269,7981,USD,
S013366,2026-05-11,P010547,capture,17014,523,16491,USD,
S013367,2026-05-11,P001096,capture,3695,137,3558,USD,
S013369,2026-05-11,P002505,capture,3448,130,3318,USD,
S013370,2026-05-11,P019582,capture,6984,233,6751,USD,
S013372,2026-05-11,P002301,capture,8699,282,8417,USD,
S013373,2026-05-11,P016581,capture,6830,228,6602,USD,
S013375,2026-05-11,P008206,capture,13335,417,12918,USD,
S013379,2026-05-11,P004436,capture,7813,257,7556,USD,
S013381,2026-05-11,P005765,capture,6358,214,6144,USD,
S013382,2026-05-11,P006784,capture,6740,225,6515,USD,
S013383,2026-05-11,P000866,capture,3185,122,3063,USD,
S013385,2026-05-11,P012400,capture,6066,206,5860,USD,
S013386,2026-05-11,P003937,capture,42543,1264,41279,USD,
S013388,2026-05-11,P003661,capture,4175,151,4024,USD,
S013390,2026-05-11,P016798,capture,8877,287,8590,USD,
S013391,2026-05-11,P005632,capture,4119,149,3970,USD,
S013392,2026-05-11,P017872,capture,3260,125,3135,USD,
S013393,2026-05-11,P003486,capture,4550,162,4388,USD,
S013394,2026-05-11,P015159,refund,-24527,0,-24527,USD,
S013395,2026-05-11,P016379,capture,12235,385,11850,USD,
S013396,2026-05-11,P005908,capture,6793,227,6566,USD,
S013397,2026-05-11,P001942,capture,2023,89,1934,USD,
S013398,2026-05-11,P010168,capture,13661,426,13235,USD,
S013399,2026-05-11,P018025,capture,2653,107,2546,USD,
S013403,2026-05-11,P008720,capture,7131,237,6894,USD,
S013404,2026-05-11,P014050,capture,2186,93,2093,USD,
S013405,2026-05-11,P019526,capture,1012,59,953,USD,
S013407,2026-05-11,P010310,capture,71197,2095,69102,USD,
S013408,2026-05-11,P001432,capture,2127,92,2035,USD,
S013411,2026-05-11,P018182,capture,18010,552,17458,USD,
S013413,2026-05-11,P006112,capture,9341,301,9040,USD,
S013414,2026-05-11,P018413,capture,2312,97,2215,USD,
S013415,2026-05-11,P003968,capture,2563,104,2459,USD,
S013417,2026-05-11,P015894,capture,24114,729,23385,USD,
S013419,2026-05-11,P011945,capture,6627,222,6405,USD,
S013420,2026-05-11,P002253,capture,2447,101,2346,USD,
S013421,2026-05-11,P007010,capture,1939,86,1853,USD,
S013422,2026-05-11,P008715,capture,3585,134,3451,USD,
S013423,2026-05-11,P007289,capture,3581,134,3447,USD,
S013426,2026-05-11,P006724,capture,2635,106,2529,USD,
S013428,2026-05-11,P018298,capture,1095,62,1033,USD,
S013430,2026-05-11,P010941,capture,16435,507,15928,USD,
S013431,2026-05-11,P013153,capture,3623,135,3488,USD,
S013434,2026-05-11,P017703,capture,2290,96,2194,USD,
S013435,2026-05-11,P012298,capture,6341,214,6127,USD,
S013436,2026-05-11,P015702,capture,1673,79,1594,USD,
S013437,2026-05-11,P008011,capture,6044,205,5839,USD,
S013438,2026-05-11,P019083,capture,26656,803,25853,USD,
S013439,2026-05-11,P018930,capture,7620,251,7369,USD,
S013440,2026-05-11,P009781,capture,801,53,748,USD,
S013442,2026-05-11,P009037,capture,4074,148,3926,USD,
S013444,2026-05-11,P019477,capture,26574,801,25773,USD,
S013445,2026-05-11,P007088,capture,1847,84,1763,USD,
S013448,2026-05-11,P007249,capture,5233,182,5051,USD,
S013450,2026-05-11,P017202,capture,2469,102,2367,USD,
S013451,2026-05-11,P001794,refund,-4955,0,-4955,USD,
S013453,2026-05-11,P002494,capture,1432,72,1360,USD,
S013455,2026-05-11,P009875,capture,10368,331,10037,USD,
S013456,2026-05-11,P000640,capture,3171,122,3049,USD,
S013457,2026-05-11,P001939,capture,21140,643,20497,USD,
S013458,2026-05-11,P008251,capture,11838,372,11466,EUR,converted at 1.0961
S013460,2026-05-11,P009393,capture,25360,765,24595,USD,
S013463,2026-05-11,P001747,refund,-2504,0,-2504,USD,
S013465,2026-05-11,P013563,capture,8673,282,8391,USD,
S013467,2026-05-11,P007381,capture,5823,199,5624,USD,
S013468,2026-05-11,P005102,capture,4228,153,4075,USD,
S013469,2026-05-11,P015161,capture,4432,159,4273,USD,
S013470,2026-05-11,P013451,capture,7659,252,7407,USD,
S013473,2026-05-11,P012771,capture,31315,938,30377,USD,
S013476,2026-05-11,P014928,capture,6291,212,6079,USD,
S013477,2026-05-11,P002807,capture,9465,304,9161,USD,
S013478,2026-05-11,P007628,capture,14440,449,13991,USD,
S013479,2026-05-11,P002879,capture,3339,127,3212,USD,
S013481,2026-05-11,P017027,capture,6624,222,6402,USD,
S013482,2026-05-11,P000927,capture,1619,77,1542,USD,
S013484,2026-05-11,P015132,capture,850,55,795,USD,
S013485,2026-05-11,P008080,capture,5364,186,5178,USD,
S013488,2026-05-11,P008348,capture,13402,419,12983,USD,
S013492,2026-05-11,P010462,capture,12569,395,12174,USD,
S013493,2026-05-11,P008060,capture,3122,121,3001,USD,
S013494,2026-05-11,P012841,capture,2132,92,2040,USD,
S013495,2026-05-11,P008933,capture,3380,128,3252,USD,
S013498,2026-05-11,P007402,capture,4803,169,4634,USD,
S013499,2026-05-11,P016022,capture,2904,114,2790,USD,
S013500,2026-05-11,P009827,capture,3106,120,2986,USD,
S013501,2026-05-11,P006982,capture,2207,94,2113,USD,
S013502,2026-05-11,P012940,capture,2153,92,2061,USD,
S013504,2026-05-11,P008357,capture,1484,73,1411,USD,
S013505,2026-05-11,P012332,capture,3773,139,3634,USD,
S013506,2026-05-11,P016765,capture,7465,246,7219,USD,
S013510,2026-05-11,P016648,capture,4538,162,4376,USD,
S013513,2026-05-11,P003535,capture,2963,116,2847,USD,
S013514,2026-05-11,P003646,capture,12797,401,12396,USD,
S013515,2026-05-11,P011644,capture,13653,426,13227,USD,
S013516,2026-05-11,P007985,capture,3375,128,3247,USD,
S013517,2026-05-11,P005234,capture,7316,242,7074,USD,
S013518,2026-05-11,P007045,capture,5979,203,5776,USD,
S013519,2026-05-11,P017473,capture,1283,67,1216,USD,
S013520,2026-05-11,P002999,capture,4343,156,4187,USD,
S013521,2026-05-11,P003373,capture,3643,136,3507,USD,
S013524,2026-05-11,P001548,capture,5937,202,5735,USD,
S013525,2026-05-11,P019796,capture,10647,339,10308,USD,
S013526,2026-05-11,P014613,capture,28106,845,27261,USD,
S013527,2026-05-11,P002672,capture,2108,91,2017,USD,
S013530,2026-05-11,P004392,capture,39338,1171,38167,USD,
S013531,2026-05-11,P013195,capture,8772,284,8488,USD,
S013532,2026-05-11,P002904,capture,31092,932,30160,USD,
S013533,2026-05-11,P008542,capture,4707,167,4540,USD,
S013535,2026-05-11,P007891,capture,2253,95,2158,USD,
S013537,2026-05-11,P008594,capture,1729,80,1649,USD,
S013538,2026-05-11,P014207,capture,3028,118,2910,USD,
S013540,2026-05-11,P006043,capture,3065,119,2946,USD,
S013544,2026-05-11,P008425,capture,2131,92,2039,USD,
S013547,2026-05-11,P006669,capture,7849,258,7591,USD,
S013550,2026-05-11,P019485,capture,2555,104,2451,USD,
S013551,2026-05-11,P019560,capture,7979,261,7718,USD,
S013553,2026-05-11,P016496,capture,3214,123,3091,USD,
S013555,2026-05-11,P006906,capture,2410,100,2310,USD,
S013556,2026-05-11,P015991,capture,4617,164,4453,USD,
S013557,2026-05-11,P001661,capture,7758,255,7503,USD,
S013558,2026-05-11,P008364,capture,7003,233,6770,USD,
S013560,2026-05-11,P007133,capture,4129,150,3979,USD,
S013561,2026-05-11,P005720,capture,18132,556,17576,USD,
S013562,2026-05-11,P002961,capture,12823,402,12421,USD,
S013563,2026-05-11,P003683,capture,3193,123,3070,USD,
S013564,2026-05-11,P014752,capture,1721,80,1641,USD,
S013565,2026-05-11,P005161,capture,11148,353,10795,USD,
S013566,2026-05-11,P010012,capture,11836,373,11463,USD,
S013567,2026-05-11,P004887,capture,877,55,822,USD,
S013568,2026-05-11,P002318,capture,444,43,401,USD,
S013569,2026-05-11,P000403,capture,11459,362,11097,USD,
S013570,2026-05-11,P011300,capture,2793,111,2682,USD,
S013571,2026-05-11,P011689,capture,2151,92,2059,USD,
S013572,2026-05-11,P010288,capture,19964,609,19355,USD,
S013574,2026-05-11,P003211,capture,4359,156,4203,USD,
S013575,2026-05-11,P009287,capture,9592,308,9284,USD,
S013576,2026-05-11,P004467,capture,12201,384,11817,USD,
S013577,2026-05-11,P019295,capture,8805,285,8520,USD,
S013580,2026-05-11,P016013,capture,4111,149,3962,USD,
S013582,2026-05-11,P015718,capture,3705,137,3568,USD,
S013583,2026-05-11,P018679,capture,520,45,475,USD,
S013586,2026-05-11,P005736,capture,4791,169,4622,USD,
S013589,2026-05-11,P011831,capture,17309,532,16777,USD,
S013592,2026-05-11,P015689,capture,2093,91,2002,USD,
S013594,2026-05-11,P015797,capture,4589,163,4426,USD,
S013595,2026-05-11,P005758,capture,7738,254,7484,USD,
S013599,2026-05-11,P014137,capture,3015,117,2898,USD,
S013600,2026-05-11,P006128,capture,2519,103,2416,USD,
S013602,2026-05-11,P001444,capture,10568,336,10232,USD,
S013603,2026-05-11,P008082,capture,7703,253,7450,USD,
S013604,2026-05-11,P007883,capture,9795,314,9481,USD,
S013605,2026-05-11,P001599,capture,5939,202,5737,USD,
S013606,2026-05-11,P006791,capture,3830,141,3689,USD,
S013607,2026-05-11,P004016,capture,2899,114,2785,USD,
S013609,2026-05-11,P011174,capture,1102,62,1040,USD,
S013610,2026-05-11,P005144,capture,4059,148,3911,USD,
S013612,2026-05-11,P016754,capture,22450,681,21769,USD,
S013614,2026-05-11,P012355,capture,3176,122,3054,USD,
S013615,2026-05-11,P013804,refund,-2456,0,-2456,USD,
S013616,2026-05-11,P013357,capture,5090,178,4912,USD,
S013618,2026-05-11,P009831,capture,2623,106,2517,USD,
S013619,2026-05-11,P012917,capture,22664,687,21977,USD,
S013620,2026-05-11,P007427,capture,10085,322,9763,USD,
S013622,2026-05-11,P010586,capture,887,56,831,USD,
S013623,2026-05-11,P018104,capture,6311,213,6098,USD,
S013624,2026-05-11,P008517,capture,1738,80,1658,USD,
S013625,2026-05-11,P000014,capture,11379,360,11019,USD,
S013626,2026-05-11,P002467,capture,5619,193,5426,USD,
S013627,2026-05-11,P011222,capture,16052,496,15556,USD,
S013633,2026-05-11,P017506,capture,1736,80,1656,USD,
S013635,2026-05-11,P018230,capture,19275,589,18686,USD,
S013636,2026-05-11,P009267,capture,654,49,605,USD,
S013638,2026-05-11,P013002,capture,2442,101,2341,USD,
S013640,2026-05-11,P004950,capture,6796,227,6569,USD,
S013641,2026-05-11,P015850,capture,3222,123,3099,USD,
S013644,2026-05-11,P014703,capture,6479,218,6261,USD,
S013645,2026-05-11,P016457,capture,10668,339,10329,USD,
S013646,2026-05-11,P000593,capture,13583,424,13159,USD,
S013647,2026-05-11,P000659,capture,2979,116,2863,USD,
S013650,2026-05-11,P018562,capture,1063,61,1002,USD,
S013651,2026-05-11,P012911,capture,4981,174,4807,USD,
S013653,2026-05-11,P011940,capture,6143,208,5935,USD,
S013659,2026-05-11,P004554,capture,4528,161,4367,USD,
S013660,2026-05-11,P018103,capture,10197,326,9871,USD,
S013661,2026-05-11,P013819,capture,10466,334,10132,USD,
S013662,2026-05-11,P018060,capture,18891,578,18313,USD,
S013663,2026-05-11,P016027,capture,6990,233,6757,USD,
S013664,2026-05-11,P008465,capture,6887,230,6657,USD,
S013665,2026-05-11,P004869,capture,7686,253,7433,USD,
S013667,2026-05-11,P017272,capture,7230,240,6990,USD,
S013669,2026-05-11,P019786,capture,967,58,909,USD,
S013670,2026-05-11,P019120,capture,5902,201,5701,USD,
S013671,2026-05-11,P011789,capture,1815,83,1732,USD,
S013672,2026-05-11,P018590,capture,2848,113,2735,USD,
S013676,2026-05-11,P008279,capture,1696,79,1617,USD,
S013680,2026-05-11,P000518,capture,5625,193,5432,USD,
S013681,2026-05-11,P007109,capture,7726,254,7472,USD,
S013682,2026-05-11,P010232,capture,6107,207,5900,USD,
S013684,2026-05-11,P001316,capture,1021,60,961,USD,
S013685,2026-05-11,P010482,capture,5479,189,5290,USD,
S013686,2026-05-11,P008174,capture,9035,292,8743,USD,
S013687,2026-05-11,P001781,capture,2627,106,2521,USD,
S013688,2026-05-11,P014252,capture,5539,191,5348,USD,
S013689,2026-05-11,P004132,capture,1007,59,948,USD,
S013692,2026-05-11,P016971,capture,2692,108,2584,USD,
S013694,2026-05-11,P001215,capture,6521,219,6302,USD,
S013695,2026-05-11,P003053,capture,11719,370,11349,USD,
S013696,2026-05-11,P009381,capture,2965,116,2849,USD,
S013699,2026-05-11,P018812,capture,11174,354,10820,USD,
S013700,2026-05-11,P000898,capture,23248,704,22544,USD,
S013701,2026-05-11,P013497,capture,4495,160,4335,USD,
S013702,2026-05-11,P006366,capture,16362,504,15858,USD,
S013704,2026-05-11,P008208,capture,5242,182,5060,USD,
S013708,2026-05-11,P018686,capture,8269,270,7999,USD,
S013712,2026-05-11,P013961,capture,16381,505,15876,USD,
S013713,2026-05-11,P001319,capture,10451,333,10118,USD,
S013714,2026-05-11,P009092,capture,21660,658,21002,USD,
S013715,2026-05-11,P002258,refund,-34929,0,-34929,USD,
S013716,2026-05-11,P000728,capture,3135,121,3014,USD,
S013717,2026-05-11,P012731,capture,12825,402,12423,USD,
S013720,2026-05-11,P003800,capture,2930,115,2815,USD,
S013722,2026-05-11,P014187,capture,5501,190,5311,USD,
S013723,2026-05-11,P017912,capture,9143,295,8848,USD,
S013724,2026-05-11,P015319,capture,23050,698,22352,USD,
S013725,2026-05-11,P003217,capture,4264,154,4110,USD,
S013726,2026-05-11,P013300,capture,6547,220,6327,USD,
S013728,2026-05-11,P007627,capture,6391,215,6176,USD,
S013729,2026-05-11,P003498,capture,526,45,481,USD,
S013730,2026-05-11,P012794,capture,4243,153,4090,USD,
S013732,2026-05-11,P013093,capture,5906,201,5705,USD,
S013733,2026-05-11,P001091,capture,5990,204,5786,USD,
S013736,2026-05-11,P019236,capture,8232,269,7963,USD,
S013739,2026-05-11,P012844,capture,4152,150,4002,USD,
S013740,2026-05-11,P002755,capture,45210,1341,43869,USD,
S013741,2026-05-11,P006170,capture,3666,136,3530,USD,
S013743,2026-05-11,P015892,capture,10737,341,10396,USD,
S013744,2026-05-11,P000502,capture,2611,106,2505,USD,
S013745,2026-05-11,P007701,capture,2031,89,1942,USD,
S013746,2026-05-11,P012922,capture,2743,110,2633,USD,
S013747,2026-05-11,P013408,capture,2849,113,2736,USD,
S013749,2026-05-11,P008512,capture,1711,80,1631,USD,
S013751,2026-05-11,P008749,capture,12055,380,11675,USD,
S013752,2026-05-11,P013283,capture,1124,63,1061,USD,
S013758,2026-05-11,P009825,capture,2742,110,2632,USD,
S013759,2026-05-11,P007984,capture,16063,496,15567,USD,
S013760,2026-05-11,P007306,capture,17871,548,17323,USD,
S013761,2026-05-11,P008746,capture,13718,428,13290,USD,
S013764,2026-05-11,P007691,capture,45537,1351,44186,USD,
S013766,2026-05-11,P015120,capture,3250,124,3126,USD,
S013767,2026-05-11,P006721,capture,3221,123,3098,USD,
S013769,2026-05-11,P014769,capture,8572,279,8293,USD,
S013770,2026-05-11,P008995,capture,14065,438,13627,USD,
S013771,2026-05-11,P016438,capture,2995,117,2878,USD,
S013772,2026-05-11,P009036,capture,1831,83,1748,USD,
S013773,2026-05-11,P010523,capture,3264,125,3139,USD,
S013774,2026-05-11,P018800,capture,7445,246,7199,USD,
S013775,2026-05-11,P002649,capture,5620,193,5427,USD,
S013777,2026-05-11,P003618,capture,3904,143,3761,USD,
S013779,2026-05-11,P012502,capture,4799,169,4630,USD,
S013780,2026-05-11,P002250,capture,3290,125,3165,USD,
S013782,2026-05-11,P002489,capture,3682,137,3545,USD,
S013784,2026-05-11,P016378,capture,19706,601,19105,USD,
S013785,2026-05-11,P002835,capture,15798,488,15310,USD,
S013787,2026-05-11,P018868,capture,4641,165,4476,USD,
S013789,2026-05-11,P005756,refund,-603,0,-603,USD,
S013790,2026-05-11,P017145,capture,6999,233,6766,USD,
S013791,2026-05-11,P014800,capture,15271,473,14798,USD,
S013792,2026-05-11,P016448,capture,2808,111,2697,USD,
S013793,2026-05-11,P012532,capture,20969,638,20331,USD,
S013795,2026-05-11,P015595,capture,2581,105,2476,USD,
S013797,2026-05-11,P018579,capture,8807,285,8522,USD,
S013798,2026-05-11,P005677,capture,13255,414,12841,USD,
S013799,2026-05-11,P019390,capture,6749,226,6523,USD,
S013800,2026-05-11,P005642,capture,13028,408,12620,USD,
S013801,2026-05-11,P001677,capture,3378,128,3250,USD,
S013802,2026-05-11,P005340,capture,1555,75,1480,USD,
S013804,2026-05-11,P005437,capture,3133,121,3012,USD,
S013805,2026-05-11,P016723,capture,18296,561,17735,USD,
S013806,2026-05-11,P013704,capture,3908,143,3765,USD,
S013809,2026-05-11,P005609,capture,21358,649,20709,USD,
S013810,2026-05-11,P008015,capture,2415,100,2315,USD,
S013811,2026-05-11,P006183,capture,7421,245,7176,USD,
S013812,2026-05-11,P006958,capture,2404,100,2304,USD,
S013813,2026-05-11,P019665,capture,25988,784,25204,USD,
S013815,2026-05-11,P004632,capture,19117,584,18533,USD,
S013816,2026-05-11,P002538,capture,3130,121,3009,USD,
S013817,2026-05-11,P005219,capture,3459,130,3329,USD,
S013818,2026-05-11,P013371,capture,6490,218,6272,USD,
S013819,2026-05-11,P001278,capture,3916,144,3772,USD,
S013821,2026-05-11,P004846,capture,11655,368,11287,USD,
S013823,2026-05-11,P001135,capture,5037,176,4861,USD,
S013826,2026-05-11,P010294,capture,3785,140,3645,USD,
S013827,2026-05-11,P010538,capture,3814,141,3673,USD,
S013828,2026-05-11,P014134,capture,13393,418,12975,USD,
S013829,2026-05-11,P001951,capture,7842,257,7585,USD,
S013830,2026-05-11,P002356,capture,6662,223,6439,USD,
S013831,2026-05-11,P013294,capture,16577,511,16066,USD,
S013832,2026-05-11,P015626,capture,4615,164,4451,USD,
S013834,2026-05-11,P018493,capture,5046,176,4870,USD,
S013835,2026-05-11,P013733,capture,4570,163,4407,USD,
S013837,2026-05-11,P006905,capture,3960,145,3815,USD,
S013839,2026-05-11,P007866,capture,7813,257,7556,USD,
S013841,2026-05-11,P017103,capture,10601,337,10264,USD,
S013845,2026-05-11,P014963,capture,1977,87,1890,USD,
S013846,2026-05-11,P000330,capture,20299,619,19680,USD,
S013847,2026-05-11,P011687,capture,2486,102,2384,USD,
S013848,2026-05-11,P001557,capture,2941,115,2826,USD,
S013849,2026-05-11,P008398,capture,806,53,753,USD,
S013850,2026-05-11,P011861,capture,8780,285,8495,USD,
S013851,2026-05-11,P002767,capture,6380,215,6165,USD,
S013853,2026-05-11,P013023,capture,8333,272,8061,USD,
S013854,2026-05-11,P007773,capture,9894,317,9577,USD,
S013855,2026-05-11,P002260,capture,11159,354,10805,USD,
S013856,2026-05-11,P016002,capture,2428,100,2328,USD,
S013857,2026-05-11,P000712,capture,1996,88,1908,USD,
S013858,2026-05-11,P003591,capture,5560,191,5369,USD,
S013859,2026-05-11,P008557,capture,5718,196,5522,USD,
S013861,2026-05-11,P009940,capture,20688,630,20058,USD,
S013862,2026-05-11,P014333,capture,2085,90,1995,USD,
S013864,2026-05-11,P005513,capture,4241,153,4088,USD,
S013866,2026-05-11,P008366,capture,17476,537,16939,USD,
S013867,2026-05-11,P010487,capture,6325,213,6112,USD,
S013868,2026-05-11,P003722,capture,2887,114,2773,USD,
S013869,2026-05-11,P015720,capture,3142,121,3021,USD,
S013870,2026-05-11,P002206,capture,6646,223,6423,USD,
S013871,2026-05-11,P002868,capture,1654,78,1576,USD,
S013872,2026-05-11,P010570,capture,6335,214,6121,USD,
S013873,2026-05-11,P018483,capture,13497,421,13076,USD,
S013875,2026-05-11,P013541,capture,7304,242,7062,USD,
S013878,2026-05-11,P005342,capture,16243,501,15742,USD,
S013879,2026-05-11,P013922,capture,2923,115,2808,USD,
S013880,2026-05-11,P000252,capture,1979,87,1892,USD,
S013881,2026-05-11,P013886,capture,5996,204,5792,USD,
S013883,2026-05-11,P012753,capture,3879,142,3737,USD,
S013884,2026-05-11,P011098,capture,3456,130,3326,USD,
S013887,2026-05-11,P002630,capture,3099,121,2978,EUR,converted at 1.0961
S013888,2026-05-11,P000979,capture,1123,63,1060,USD,
S013889,2026-05-11,P015381,capture,4502,161,4341,USD,
S013891,2026-05-11,P009988,capture,12684,398,12286,USD,
S013893,2026-05-11,P000116,capture,10727,341,10386,USD,
S013894,2026-05-11,P010250,capture,13209,413,12796,USD,
S013895,2026-05-11,P006242,capture,4522,161,4361,USD,
S013896,2026-05-11,P012580,capture,9206,297,8909,USD,
S013898,2026-05-11,P019995,capture,6060,206,5854,USD,
S013899,2026-05-11,P004910,capture,8161,267,7894,USD,
S013900,2026-05-11,P010062,capture,22874,693,22181,USD,
S013902,2026-05-11,P002092,capture,2195,94,2101,USD,
S013904,2026-05-11,P014767,capture,5743,197,5546,USD,
S013905,2026-05-11,P015102,capture,4079,148,3931,USD,
S013908,2026-05-11,P008068,capture,17908,549,17359,USD,
S013909,2026-05-11,P006516,capture,1820,83,1737,USD,
S013910,2026-05-11,P010226,capture,15568,481,15087,USD,
S013911,2026-05-11,P003231,capture,17308,532,16776,USD,
S013912,2026-05-11,P009871,capture,10854,345,10509,USD,
S013914,2026-05-11,P016300,capture,7944,260,7684,USD,
S013915,2026-05-11,P016443,capture,2942,115,2827,USD,
S013916,2026-05-11,P004314,capture,6845,229,6616,USD,
S013918,2026-05-11,P011537,capture,2256,95,2161,USD,
S013919,2026-05-11,P000752,capture,3579,134,3445,USD,
S013920,2026-05-11,P005533,capture,3172,122,3050,USD,
S013922,2026-05-11,P002410,capture,7930,260,7670,USD,
S013924,2026-05-11,P012584,capture,1160,64,1096,USD,
S013925,2026-05-11,P008960,capture,50976,1508,49468,USD,
S013928,2026-05-11,P013347,capture,2042,89,1953,USD,
S013930,2026-05-11,P004765,capture,5664,194,5470,USD,
S013931,2026-05-11,P003031,capture,7096,236,6860,USD,
S013932,2026-05-11,P000280,capture,5295,184,5111,USD,
S013933,2026-05-11,P002772,capture,11333,359,10974,USD,
S013935,2026-05-11,P018106,capture,11835,373,11462,USD,
S013936,2026-05-11,P011350,capture,1681,79,1602,USD,
S013938,2026-05-11,P012017,capture,13000,407,12593,USD,
S013939,2026-05-11,P008217,capture,3523,132,3391,USD,
S013942,2026-05-11,P018057,capture,3814,141,3673,USD,
S013944,2026-05-11,P010573,capture,4142,150,3992,USD,
S013945,2026-05-11,P000256,capture,16845,519,16326,USD,
S013946,2026-05-11,P002905,capture,10661,339,10322,USD,
S013952,2026-05-11,P011296,refund,-3110,0,-3110,USD,
S013953,2026-05-11,P006574,capture,6054,206,5848,USD,
S013955,2026-05-11,P010234,capture,9722,312,9410,USD,
S013956,2026-05-11,P010916,capture,1265,67,1198,USD,
S013957,2026-05-11,P014570,capture,1242,66,1176,USD,
S013958,2026-05-11,P001905,capture,2190,94,2096,USD,
S013959,2026-05-11,P016253,capture,6318,213,6105,USD,
S013960,2026-05-11,P018324,capture,4855,171,4684,USD,
S013961,2026-05-11,P005886,capture,1476,73,1403,USD,
S013963,2026-05-11,P018463,capture,1967,87,1880,USD,
S013964,2026-05-11,P002171,capture,9772,313,9459,USD,
S013965,2026-05-11,P018282,capture,2959,116,2843,USD,
S013966,2026-05-11,P002419,capture,1614,77,1537,USD,
S013968,2026-05-11,P016269,capture,15134,469,14665,USD,
S013969,2026-05-11,P004912,capture,2630,106,2524,USD,
S013971,2026-05-11,P017133,capture,5879,200,5679,USD,
S013972,2026-05-11,P009622,capture,3937,144,3793,USD,
S013973,2026-05-11,P018668,capture,15959,493,15466,USD,
S013974,2026-05-11,P002554,capture,5532,190,5342,USD,
S013975,2026-05-11,P003016,capture,6524,219,6305,USD,
S013976,2026-05-11,P012115,capture,2618,106,2512,USD,
S013977,2026-05-11,P012163,capture,10657,339,10318,USD,
S013979,2026-05-11,P007844,capture,11552,353,11199,USD,
S013980,2026-05-11,P011153,capture,2751,110,2641,USD,
S013983,2026-05-11,P019470,capture,8920,289,8631,USD,
S013984,2026-05-11,P001603,capture,871,55,816,USD,
S013986,2026-05-11,P015327,capture,10312,329,9983,USD,
S013987,2026-05-11,P015359,capture,2543,104,2439,USD,
S013988,2026-05-11,P008378,capture,3068,119,2949,USD,
S013989,2026-05-11,P000249,capture,8648,281,8367,USD,
S013990,2026-05-11,P002702,capture,5655,194,5461,USD,
S013991,2026-05-11,P013848,capture,6218,210,6008,USD,
S013992,2026-05-11,P006302,capture,4133,150,3983,USD,
S013994,2026-05-11,P012964,capture,8702,282,8420,USD,
S013996,2026-05-11,P015405,capture,1922,86,1836,USD,
S013997,2026-05-11,P005669,capture,11519,363,11156,EUR,converted at 1.0961
S013998,2026-05-11,P012767,capture,6168,209,5959,USD,
S013999,2026-05-11,P008340,capture,6506,219,6287,USD,
S014002,2026-05-11,P004291,capture,11681,369,11312,USD,
S014006,2026-05-11,P010581,capture,3764,139,3625,USD,
S014007,2026-05-11,P014651,capture,16633,512,16121,USD,
S014008,2026-05-11,P004461,capture,3138,121,3017,USD,
S014009,2026-05-11,P004670,capture,4806,169,4637,USD,
S014010,2026-05-11,P019886,capture,7483,247,7236,USD,
S014011,2026-05-11,P017497,capture,6115,207,5908,USD,
S014012,2026-05-11,P013984,capture,4057,148,3909,USD,
S014015,2026-05-11,P000483,capture,6632,222,6410,USD,
S014017,2026-05-11,P006959,capture,3371,128,3243,USD,
S014018,2026-05-11,P005420,capture,8503,277,8226,USD,
S014019,2026-05-11,P015131,capture,23176,702,22474,USD,
S014020,2026-05-11,P005965,capture,4294,155,4139,USD,
S014022,2026-05-11,P000978,capture,1637,77,1560,USD,
S014023,2026-05-11,P016162,capture,1572,76,1496,USD,
S014025,2026-05-11,P009926,capture,9960,319,9641,USD,
S014026,2026-05-11,P005474,capture,4568,162,4406,USD,
S014027,2026-05-11,P004852,capture,13515,422,13093,USD,
S014028,2026-05-11,P010638,capture,3675,137,3538,USD,
S014030,2026-05-11,P011382,capture,8975,290,8685,USD,
S014031,2026-05-11,P003989,capture,1443,72,1371,USD,
S014032,2026-05-11,P015039,capture,4997,175,4822,USD,
S014036,2026-05-11,P011763,capture,5383,186,5197,USD,
S014037,2026-05-11,P006762,capture,2099,91,2008,USD,
S014038,2026-05-11,P006369,capture,5757,197,5560,USD,
S014039,2026-05-11,P002860,capture,14805,459,14346,USD,
S014040,2026-05-11,P013281,capture,4588,163,4425,USD,
S014041,2026-05-11,P016278,capture,3894,143,3751,USD,
S014042,2026-05-11,P004648,capture,2814,112,2702,USD,
S014043,2026-05-11,P006332,capture,2610,106,2504,USD,
S014045,2026-05-11,P019222,capture,986,59,927,USD,
S014046,2026-05-11,P012952,capture,10247,327,9920,USD,
S014050,2026-05-11,P008265,capture,6313,213,6100,USD,
S014051,2026-05-11,P015197,capture,14137,440,13697,USD,
S014052,2026-05-11,P005294,capture,8804,285,8519,USD,
S014053,2026-05-11,P005811,capture,11724,370,11354,USD,
S014058,2026-05-11,P016559,capture,5182,180,5002,USD,
S014060,2026-05-11,P008236,capture,2792,111,2681,USD,
S014061,2026-05-11,P019592,capture,2501,103,2398,USD,
S014062,2026-05-11,P001253,capture,12359,388,11971,USD,
S014063,2026-05-11,P006206,capture,1823,83,1740,USD,
S014067,2026-05-11,P000864,capture,1099,62,1037,USD,
S014069,2026-05-11,P017397,capture,2702,108,2594,USD,
S014070,2026-05-11,P016197,capture,2050,88,1962,EUR,converted at 1.0961
S014071,2026-05-11,P007189,capture,4178,151,4027,USD,
S014072,2026-05-11,P003182,capture,777,53,724,USD,
S014073,2026-05-11,P018902,capture,2244,95,2149,USD,
S014074,2026-05-11,P007736,capture,6097,207,5890,USD,
S014075,2026-05-11,P007028,capture,1272,67,1205,USD,
S014077,2026-05-11,P011039,capture,12468,392,12076,USD,
S014079,2026-05-11,P013723,capture,1625,77,1548,USD,
S014081,2026-05-11,P004379,capture,9721,312,9409,USD,
S014083,2026-05-11,P018006,capture,2540,104,2436,USD,
S014084,2026-05-11,P009767,capture,6825,228,6597,USD,
S014087,2026-05-11,P000921,capture,10837,344,10493,USD,
S014091,2026-05-11,P019752,capture,1023,60,963,USD,
S014093,2026-05-11,P019377,capture,3139,121,3018,USD,
S014094,2026-05-11,P009064,capture,1587,76,1511,USD,
S014095,2026-05-11,P012527,capture,27419,825,26594,USD,
S014096,2026-05-11,P012257,capture,7452,246,7206,USD,
S014097,2026-05-11,P019266,capture,47196,1399,45797,USD,
S014099,2026-05-11,P012517,capture,10111,323,9788,USD,
S014101,2026-05-11,P007065,capture,13998,436,13562,USD,
S014102,2026-05-11,P013895,capture,1830,83,1747,USD,
S014103,2026-05-11,P014851,capture,16618,512,16106,USD,
S014104,2026-05-11,P007545,capture,2104,91,2013,USD,
S014105,2026-05-11,P018190,capture,2825,112,2713,USD,
S014106,2026-05-11,P000186,capture,19601,598,19003,USD,
S014107,2026-05-11,P001682,capture,11121,353,10768,USD,
S014111,2026-05-11,P014727,capture,2013,88,1925,USD,
S014113,2026-05-11,P010452,capture,7878,258,7620,USD,
S014114,2026-05-11,P019978,capture,5175,180,4995,USD,
S014116,2026-05-11,P002745,capture,3926,144,3782,USD,
S014117,2026-05-11,P001024,capture,5131,179,4952,USD,
S014120,2026-05-11,P004447,capture,1787,82,1705,USD,
S014121,2026-05-11,P012121,capture,5055,177,4878,USD,
S014122,2026-05-11,P000419,capture,4958,174,4784,USD,
S014124,2026-05-11,P014645,capture,7926,260,7666,USD,
S014126,2026-05-11,P014850,capture,8477,276,8201,USD,
S014127,2026-05-11,P019778,capture,12398,390,12008,USD,
S014128,2026-05-11,P009144,capture,4690,166,4524,USD,
S014129,2026-05-11,P013575,capture,7104,236,6868,USD,
S014130,2026-05-11,P013472,capture,3210,123,3087,USD,
S014131,2026-05-11,P012892,capture,1146,63,1083,USD,
S014134,2026-05-11,P016841,capture,772,52,720,USD,
S014135,2026-05-11,P001521,capture,1404,71,1333,USD,
S014136,2026-05-11,P019749,capture,3311,126,3185,USD,
S014138,2026-05-11,P002915,capture,8668,281,8387,USD,
S014139,2026-05-11,P014326,capture,3916,144,3772,USD,
S014142,2026-05-11,P014273,capture,5973,203,5770,USD,
S014145,2026-05-11,P009585,capture,5443,188,5255,USD,
S016601,2026-05-11,P002992,capture,9238,298,8940,USD,
S016603,2026-05-11,P005216,capture,1387,70,1317,USD,
S016609,2026-05-11,P008059,capture,6031,205,5826,USD,
S016611,2026-05-11,P009311,capture,2896,114,2782,USD,
S016612,2026-05-11,P009470,capture,16411,506,15905,USD,
S016613,2026-05-11,P009858,capture,3117,120,2997,USD,
S016617,2026-05-11,P010800,capture,46107,1367,44740,USD,
S016622,2026-05-11,P012646,capture,806,53,753,USD,
S009642,2026-05-12,P011460,capture,5836,199,5637,USD,
S009669,2026-05-12,P013353,capture,1935,86,1849,USD,
S009670,2026-05-12,P007014,capture,7796,256,7540,USD,
S009692,2026-05-12,P013272,capture,5631,193,5438,USD,
S009703,2026-05-12,P009932,capture,9623,309,9314,USD,
S009706,2026-05-12,P013782,capture,5049,176,4873,USD,
S009712,2026-05-12,P016403,capture,7451,246,7205,USD,
S009713,2026-05-12,P004098,capture,904,56,848,USD,
S009729,2026-05-12,P010943,capture,8598,279,8319,USD,
S009737,2026-05-12,P012962,capture,837,54,783,USD,
S009743,2026-05-12,P015679,capture,5587,192,5395,USD,
S009746,2026-05-12,P007624,capture,5626,193,5433,USD,
S009791,2026-05-12,P004738,capture,2089,91,1998,USD,
S009808,2026-05-12,P002176,capture,5853,200,5653,USD,
S009818,2026-05-12,P004879,capture,7439,246,7193,USD,
S009823,2026-05-12,P012521,capture,3231,124,3107,USD,
S009840,2026-05-12,P000292,capture,1912,85,1827,USD,
S009841,2026-05-12,P000112,capture,8972,290,8682,USD,
S009846,2026-05-12,P014460,capture,741,51,690,USD,
S009878,2026-05-12,P017935,capture,8903,288,8615,USD,
S009883,2026-05-12,P012547,capture,11715,370,11345,USD,
S009887,2026-05-12,P014776,capture,3058,119,2939,USD,
S009899,2026-05-12,P008353,capture,3310,126,3184,USD,
S009900,2026-05-12,P009120,capture,2297,97,2200,USD,
S009963,2026-05-12,P019550,capture,3050,118,2932,USD,
S009978,2026-05-12,P001498,capture,3935,144,3791,USD,
S010008,2026-05-12,P015970,capture,10324,329,9995,USD,
S010024,2026-05-12,P000719,capture,4353,156,4197,USD,
S010035,2026-05-12,P011850,capture,20873,635,20238,USD,
S010038,2026-05-12,P011333,capture,405,42,363,USD,
S010063,2026-05-12,P004169,capture,4561,162,4399,USD,
S010107,2026-05-12,P004851,capture,6575,221,6354,USD,
S010109,2026-05-12,P016960,capture,3363,128,3235,USD,
S010145,2026-05-12,P012899,capture,3969,145,3824,USD,
S010149,2026-05-12,P006617,capture,4816,170,4646,USD,
S010152,2026-05-12,P014560,capture,1605,77,1528,USD,
S010180,2026-05-12,P012974,capture,9769,313,9456,USD,
S010188,2026-05-12,P008089,capture,3587,134,3453,USD,
S010213,2026-05-12,P012368,capture,5455,188,5267,USD,
S010215,2026-05-12,P018944,capture,7957,261,7696,USD,
S010249,2026-05-12,P011085,capture,7988,262,7726,USD,
S010266,2026-05-12,P001938,capture,2444,101,2343,USD,
S010271,2026-05-12,P007246,capture,540,46,494,USD,
S010276,2026-05-12,P004459,capture,2661,107,2554,USD,
S010278,2026-05-12,P017225,capture,1859,84,1775,USD,
S010289,2026-05-12,P015459,capture,3645,136,3509,USD,
S010319,2026-05-12,P008458,capture,1717,80,1637,USD,
S010320,2026-05-12,P012519,capture,2407,100,2307,USD,
S010329,2026-05-12,P018626,capture,8986,291,8695,USD,
S010333,2026-05-12,P015805,capture,6364,215,6149,USD,
S010341,2026-05-12,P004890,capture,1462,72,1390,USD,
S010379,2026-05-12,P005278,capture,5706,195,5511,USD,
S010382,2026-05-12,P017757,capture,1154,63,1091,USD,
S010389,2026-05-12,P010667,capture,709,51,658,USD,
S010392,2026-05-12,P015795,capture,7330,243,7087,USD,
S010416,2026-05-12,P017669,capture,4459,159,4300,USD,
S010452,2026-05-12,P003995,capture,15862,490,15372,USD,
S010455,2026-05-12,P008475,capture,4496,160,4336,USD,
S010460,2026-05-12,P015158,capture,2739,109,2630,USD,
S010466,2026-05-12,P017123,capture,30769,922,29847,USD,
S010481,2026-05-12,P014327,capture,7710,254,7456,USD,
S010494,2026-05-12,P006150,capture,7041,234,6807,USD,
S010516,2026-05-12,P010603,capture,14941,463,14478,USD,
S010519,2026-05-12,P006973,capture,10027,321,9706,USD,
S010545,2026-05-12,P012963,capture,543,46,497,USD,
S010560,2026-05-12,P009503,capture,7004,233,6771,USD,
S010576,2026-05-12,P002040,capture,9999,320,9679,USD,
S010592,2026-05-12,P004526,capture,4894,172,4722,USD,
S010633,2026-05-12,P007079,capture,14835,460,14375,USD,
S010654,2026-05-12,P004193,capture,1370,70,1300,USD,
S010691,2026-05-12,P011785,capture,11157,354,10803,USD,
S010704,2026-05-12,P002867,capture,11879,374,11505,USD,
S010708,2026-05-12,P015013,capture,2441,101,2340,USD,
S010711,2026-05-12,P016501,capture,1735,80,1655,USD,
S010718,2026-05-12,P017795,capture,6835,228,6607,USD,
S010725,2026-05-12,P010705,capture,6296,213,6083,USD,
S010738,2026-05-12,P013337,capture,21259,647,20612,USD,
S010739,2026-05-12,P018410,capture,8630,280,8350,USD,
S010744,2026-05-12,P005116,capture,4084,148,3936,USD,
S010750,2026-05-12,P001504,capture,2386,99,2287,USD,
S010752,2026-05-12,P014330,capture,8194,268,7926,USD,
S010762,2026-05-12,P017623,capture,8688,282,8406,USD,
S010818,2026-05-12,P012299,capture,3743,139,3604,USD,
S010833,2026-05-12,P005090,capture,15368,476,14892,USD,
S010857,2026-05-12,P010178,capture,1966,87,1879,USD,
S010874,2026-05-12,P012107,capture,7175,238,6937,USD,
S010897,2026-05-12,P003731,capture,18409,564,17845,USD,
S010965,2026-05-12,P018333,capture,9680,311,9369,USD,
S010974,2026-05-12,P008350,capture,9858,316,9542,USD,
S010980,2026-05-12,P005841,capture,1981,87,1894,USD,
S010987,2026-05-12,P018873,capture,16207,500,15707,USD,
S011020,2026-05-12,P007738,capture,4553,162,4391,USD,
S011022,2026-05-12,P002072,capture,3430,129,3301,USD,
S011025,2026-05-12,P006094,capture,2894,114,2780,USD,
S011034,2026-05-12,P010401,capture,2892,114,2778,USD,
S011057,2026-05-12,P005943,capture,5727,196,5531,USD,
S011072,2026-05-12,P005518,capture,6008,204,5804,USD,
S011131,2026-05-12,P000643,capture,12675,398,12277,USD,
S011138,2026-05-12,P004761,capture,3441,130,3311,USD,
S011141,2026-05-12,P000196,capture,6852,229,6623,USD,
S011151,2026-05-12,P004334,capture,1290,67,1223,USD,
S011158,2026-05-12,P018804,capture,15686,485,15201,USD,
S011178,2026-05-12,P018417,capture,1936,86,1850,USD,
S011188,2026-05-12,P003070,capture,7672,252,7420,USD,
S011203,2026-05-12,P007734,capture,868,55,813,USD,
S011223,2026-05-12,P005205,capture,1242,66,1176,USD,
S011225,2026-05-12,P014157,capture,3945,144,3801,USD,
S011240,2026-05-12,P013049,capture,1268,67,1201,USD,
S011258,2026-05-12,P004426,capture,3611,135,3476,USD,
S011261,2026-05-12,P009376,capture,3440,130,3310,USD,
S011262,2026-05-12,P010668,capture,8843,286,8557,USD,
S011274,2026-05-12,P004185,capture,2694,108,2586,USD,
S011308,2026-05-12,P019343,refund,-7334,0,-7334,USD,
S011319,2026-05-12,P015971,capture,21289,647,20642,USD,
S011322,2026-05-12,P005545,capture,1928,86,1842,USD,
S011323,2026-05-12,P007519,capture,13638,426,13212,USD,
S011337,2026-05-12,P005370,refund,-851,0,-851,USD,
S011387,2026-05-12,P001657,capture,1179,63,1116,EUR,converted at 1.0961
S011391,2026-05-12,P016459,capture,9589,308,9281,USD,
S011401,2026-05-12,P013946,capture,4562,162,4400,USD,
S011434,2026-05-12,P009068,capture,6813,228,6585,USD,
S011440,2026-05-12,P004806,capture,6251,211,6040,USD,
S011451,2026-05-12,P008642,capture,2681,108,2573,USD,
S011465,2026-05-12,P000509,capture,2534,103,2431,USD,
S011468,2026-05-12,P014402,capture,6542,220,6322,USD,
S011469,2026-05-12,P014368,capture,3698,137,3561,USD,
S011484,2026-05-12,P017907,capture,3399,129,3270,USD,
S011486,2026-05-12,P013543,capture,15256,472,14784,USD,
S011489,2026-05-12,P014060,capture,12945,405,12540,USD,
S011496,2026-05-12,P015866,capture,5333,185,5148,USD,
S011498,2026-05-12,P011602,capture,31566,945,30621,USD,
S011517,2026-05-12,P016498,capture,8757,284,8473,USD,
S011536,2026-05-12,P015414,capture,3600,134,3466,USD,
S011548,2026-05-12,P004791,capture,4036,147,3889,USD,
S011573,2026-05-12,P001965,capture,3476,131,3345,USD,
S011634,2026-05-12,P004429,capture,6893,230,6663,USD,
S011645,2026-05-12,P000016,capture,8097,265,7832,USD,
S011647,2026-05-12,P010698,capture,5809,198,5611,USD,
S011655,2026-05-12,P019709,capture,25668,774,24894,USD,
S011673,2026-05-12,P005832,capture,2433,101,2332,USD,
S011686,2026-05-12,P000015,capture,7105,236,6869,USD,
S011687,2026-05-12,P005111,capture,3111,120,2991,USD,
S011718,2026-05-12,P017219,capture,6153,208,5945,USD,
S011746,2026-05-12,P015041,capture,28363,853,27510,USD,
S011750,2026-05-12,P016770,capture,3627,135,3492,USD,
S011770,2026-05-12,P019844,capture,6970,232,6738,USD,
S011771,2026-05-12,P000410,capture,9103,294,8809,USD,
S011774,2026-05-12,P014691,capture,7725,254,7471,USD,
S011776,2026-05-12,P018601,capture,4036,147,3889,USD,
S011778,2026-05-12,P002379,capture,12356,388,11968,USD,
S011780,2026-05-12,P017306,capture,7539,249,7290,USD,
S011789,2026-05-12,P012673,capture,3457,130,3327,USD,
S011802,2026-05-12,P001550,capture,5985,204,5781,USD,
S011832,2026-05-12,P004865,capture,3624,135,3489,USD,
S011838,2026-05-12,P000774,capture,2223,94,2129,USD,
S011842,2026-05-12,P005993,capture,1245,66,1179,USD,
S011849,2026-05-12,P009496,capture,1009,59,950,USD,
S011850,2026-05-12,P003644,capture,4404,158,4246,USD,
S011852,2026-05-12,P008430,capture,5967,203,5764,USD,
S011853,2026-05-12,P009592,capture,7026,234,6792,USD,
S011864,2026-05-12,P016876,capture,9615,309,9306,USD,
S011870,2026-05-12,P007880,capture,11553,365,11188,USD,
S011871,2026-05-12,P007059,capture,34081,1018,33063,USD,
S011872,2026-05-12,P012842,capture,19247,588,18659,USD,
S011875,2026-05-12,P005091,capture,3896,143,3753,USD,
S011877,2026-05-12,P001066,capture,1711,80,1631,USD,
S011881,2026-05-12,P000129,capture,918,57,861,USD,
S011883,2026-05-12,P018371,capture,10767,342,10425,USD,
S011886,2026-05-12,P012975,refund,-5679,0,-5679,USD,
S011894,2026-05-12,P017443,capture,10850,345,10505,USD,
S011897,2026-05-12,P000669,capture,2971,116,2855,USD,
S011900,2026-05-12,P019273,capture,7049,234,6815,USD,
S011908,2026-05-12,P005984,capture,2780,111,2669,USD,
S011910,2026-05-12,P002079,capture,5354,185,5169,USD,
S011913,2026-05-12,P018546,capture,8332,272,8060,USD,
S011914,2026-05-12,P019430,capture,813,54,759,USD,
S011919,2026-05-12,P013874,capture,9090,294,8796,USD,
S011923,2026-05-12,P006883,capture,4105,149,3956,USD,
S011929,2026-05-12,P001301,capture,2973,116,2857,USD,
S011931,2026-05-12,P011731,capture,2477,102,2375,USD,
S011933,2026-05-12,P017207,capture,14507,451,14056,USD,
S011938,2026-05-12,P005082,capture,1264,67,1197,USD,
S011941,2026-05-12,P010322,capture,4088,149,3939,USD,
S011942,2026-05-12,P011141,capture,4214,152,4062,USD,
S011943,2026-05-12,P001897,capture,1207,65,1142,USD,
S011944,2026-05-12,P002168,capture,4068,148,3920,USD,
S011950,2026-05-12,P011315,capture,3478,131,3347,USD,
S011951,2026-05-12,P010397,capture,1969,87,1882,USD,
S011952,2026-05-12,P006155,capture,1916,86,1830,USD,
S011956,2026-05-12,P018503,capture,8228,269,7959,USD,
S011957,2026-05-12,P019608,capture,3098,120,2978,USD,
S011969,2026-05-12,P014610,capture,4896,172,4724,USD,
S011977,2026-05-12,P017736,capture,11867,374,11493,USD,
S011981,2026-05-12,P015898,capture,7346,243,7103,USD,
S011983,2026-05-12,P006282,capture,3051,118,2933,USD,
S011987,2026-05-12,P002714,capture,4595,163,4432,USD,
S011992,2026-05-12,P015657,capture,2839,112,2727,USD,
S011994,2026-05-12,P010227,capture,49236,1458,47778,USD,
S012007,2026-05-12,P003966,capture,26835,808,26027,USD,
S012008,2026-05-12,P007219,capture,3528,132,3396,USD,
S012014,2026-05-12,P018264,capture,6512,219,6293,USD,
S012015,2026-05-12,P013532,capture,8719,294,8425,USD,
S012017,2026-05-12,P005454,capture,2314,97,2217,USD,
S012018,2026-05-12,P010463,capture,3157,122,3035,USD,
S012022,2026-05-12,P019038,capture,12084,380,11704,USD,
S012024,2026-05-12,P009804,capture,1142,63,1079,USD,
S012028,2026-05-12,P011719,capture,2329,98,2231,USD,
S012031,2026-05-12,P016554,capture,1971,87,1884,USD,
S012033,2026-05-12,P007749,capture,16339,504,15835,USD,
S012036,2026-05-12,P004051,capture,5849,200,5649,USD,
S012041,2026-05-12,P019396,capture,7406,245,7161,USD,
S012047,2026-05-12,P010175,capture,1036,60,976,USD,
S012053,2026-05-12,P015574,capture,1953,87,1866,USD,
S012055,2026-05-12,P013734,capture,10311,329,9982,USD,
S012059,2026-05-12,P002984,capture,4932,173,4759,USD,
S012061,2026-05-12,P000813,capture,2547,104,2443,USD,
S012062,2026-05-12,P011808,capture,9997,320,9677,USD,
S012064,2026-05-12,P018901,capture,4883,172,4711,USD,
S012070,2026-05-12,P011459,capture,2221,94,2127,USD,
S012073,2026-05-12,P006247,capture,2428,100,2328,USD,
S012074,2026-05-12,P013384,capture,7150,237,6913,USD,
S012078,2026-05-12,P017927,capture,3358,127,3231,USD,
S012081,2026-05-12,P013111,capture,14346,446,13900,USD,
S012083,2026-05-12,P018110,capture,9243,298,8945,USD,
S012084,2026-05-12,P017585,capture,14133,440,13693,USD,
S012085,2026-05-12,P019451,capture,5547,191,5356,USD,
S012088,2026-05-12,P013187,capture,2465,101,2364,USD,
S012097,2026-05-12,P014439,capture,4812,170,4642,USD,
S012100,2026-05-12,P016615,capture,10867,345,10522,USD,
S012102,2026-05-12,P009194,capture,9787,314,9473,USD,
S012103,2026-05-12,P000997,capture,1917,86,1831,USD,
S012107,2026-05-12,P001800,capture,7712,254,7458,USD,
S012109,2026-05-12,P018538,capture,1094,62,1032,USD,
S012113,2026-05-12,P017430,capture,3782,140,3642,USD,
S012114,2026-05-12,P005759,capture,736,51,685,USD,
S012124,2026-05-12,P012860,capture,8385,273,8112,USD,
S012125,2026-05-12,P018563,capture,2858,113,2745,USD,
S012128,2026-05-12,P009902,capture,8149,266,7883,USD,
S012131,2026-05-12,P009424,capture,4553,162,4391,USD,
S012132,2026-05-12,P001237,capture,6989,233,6756,USD,
S012133,2026-05-12,P010577,capture,2155,92,2063,USD,
S012148,2026-05-12,P010571,capture,3209,123,3086,USD,
S012154,2026-05-12,P001136,capture,8993,291,8702,USD,
S012156,2026-05-12,P006570,capture,5082,177,4905,USD,
S012162,2026-05-12,P013897,capture,13789,430,13359,USD,
S012170,2026-05-12,P003402,capture,6418,216,6202,USD,
S012173,2026-05-12,P019124,capture,1885,85,1800,USD,
S012174,2026-05-12,P006875,capture,14474,450,14024,USD,
S012177,2026-05-12,P005751,capture,10798,343,10455,USD,
S012178,2026-05-12,P019875,capture,1880,85,1795,USD,
S012179,2026-05-12,P016563,capture,5252,182,5070,USD,
S012184,2026-05-12,P011595,capture,43741,1298,42443,USD,
S012186,2026-05-12,P009843,capture,1371,70,1301,USD,
S012187,2026-05-12,P015694,capture,2573,105,2468,USD,
S012190,2026-05-12,P013639,capture,5244,182,5062,USD,
S012193,2026-05-12,P008643,capture,1690,79,1611,USD,
S012194,2026-05-12,P010517,capture,6520,219,6301,USD,
S012195,2026-05-12,P003673,capture,6147,208,5939,USD,
S012211,2026-05-12,P009378,capture,2295,97,2198,USD,
S012220,2026-05-12,P015530,capture,11383,360,11023,USD,
S012223,2026-05-12,P004109,capture,2168,93,2075,USD,
S012225,2026-05-12,P019296,capture,5564,191,5373,USD,
S012226,2026-05-12,P003126,capture,13529,422,13107,USD,
S012229,2026-05-12,P006859,capture,3949,145,3804,USD,
S012230,2026-05-12,P019766,capture,3230,124,3106,USD,
S012237,2026-05-12,P009737,capture,12028,379,11649,USD,
S012241,2026-05-12,P006085,capture,17952,551,17401,USD,
S012245,2026-05-12,P013460,capture,11226,356,10870,USD,
S012246,2026-05-12,P010656,capture,4148,150,3998,USD,
S012247,2026-05-12,P019487,capture,4676,166,4510,USD,
S012248,2026-05-12,P015026,capture,8718,283,8435,USD,
S012250,2026-05-12,P008561,capture,27793,836,26957,USD,
S012253,2026-05-12,P017544,capture,14548,452,14096,USD,
S012254,2026-05-12,P019065,capture,8522,277,8245,USD,
S012255,2026-05-12,P012807,capture,2885,114,2771,USD,
S012256,2026-05-12,P012525,capture,11926,416,11510,USD,
S012258,2026-05-12,P011835,capture,7681,253,7428,USD,
S012259,2026-05-12,P011047,capture,10622,338,10284,USD,
S012262,2026-05-12,P008727,capture,2286,95,2191,EUR,converted at 1.0961
S012266,2026-05-12,P012458,capture,7024,234,6790,USD,
S012275,2026-05-12,P004268,capture,11574,366,11208,USD,
S012286,2026-05-12,P007388,capture,4147,150,3997,USD,
S012291,2026-05-12,P015261,capture,1206,65,1141,USD,
S012293,2026-05-12,P001881,capture,8021,263,7758,USD,
S012294,2026-05-12,P010812,capture,2109,91,2018,USD,
S012296,2026-05-12,P008530,capture,2356,98,2258,USD,
S012307,2026-05-12,P002936,capture,7146,237,6909,USD,
S012309,2026-05-12,P015658,capture,32549,974,31575,USD,
S012311,2026-05-12,P016576,capture,6672,223,6449,USD,
S012315,2026-05-12,P006124,capture,6703,224,6479,USD,
S012319,2026-05-12,P008738,capture,14304,445,13859,USD,
S012322,2026-05-12,P002430,capture,5172,180,4992,USD,
S012323,2026-05-12,P004677,capture,4556,162,4394,USD,
S012328,2026-05-12,P010649,capture,2426,100,2326,USD,
S012332,2026-05-12,P001205,capture,4977,174,4803,USD,
S012333,2026-05-12,P019761,capture,15040,466,14574,USD,
S012336,2026-05-12,P019061,capture,13211,413,12798,USD,
S012337,2026-05-12,P012447,capture,9811,315,9496,USD,
S012338,2026-05-12,P014946,capture,14232,443,13789,USD,
S012345,2026-05-12,P004400,capture,12704,398,12306,USD,
S012348,2026-05-12,P009213,capture,4522,161,4361,USD,
S012354,2026-05-12,P010044,capture,2984,117,2867,USD,
S012358,2026-05-12,P001997,capture,301,39,262,USD,
S012360,2026-05-12,P012662,capture,12330,388,11942,USD,
S012361,2026-05-12,P015809,capture,500,44,456,USD,
S012365,2026-05-12,P014673,capture,10766,342,10424,USD,
S012367,2026-05-12,P011107,capture,3947,144,3803,USD,
S012368,2026-05-12,P011458,capture,5964,203,5761,USD,
S012377,2026-05-12,P007933,capture,14904,462,14442,USD,
S012378,2026-05-12,P006349,capture,4375,157,4218,USD,
S012379,2026-05-12,P012119,capture,5392,186,5206,USD,
S012381,2026-05-12,P019060,capture,10906,346,10560,USD,
S012382,2026-05-12,P018227,capture,2465,101,2364,USD,
S012383,2026-05-12,P012289,capture,1315,68,1247,USD,
S012388,2026-05-12,P007845,capture,23580,714,22866,USD,
S012394,2026-05-12,P005645,capture,3840,141,3699,USD,
S012397,2026-05-12,P016565,capture,1352,69,1283,USD,
S012398,2026-05-12,P019756,capture,2503,103,2400,USD,
S012401,2026-05-12,P018700,capture,2990,117,2873,USD,
S012406,2026-05-12,P010184,capture,8378,273,8105,USD,
S012409,2026-05-12,P000121,capture,7484,247,7237,USD,
S012411,2026-05-12,P003413,capture,7482,247,7235,USD,
S012412,2026-05-12,P006656,capture,2363,99,2264,USD,
S012413,2026-05-12,P013726,capture,6075,206,5869,USD,
S012414,2026-05-12,P017770,capture,5161,180,4981,USD,
S012415,2026-05-12,P003133,capture,1692,79,1613,USD,
S012421,2026-05-12,P009509,capture,4969,174,4795,USD,
S012423,2026-05-12,P007554,capture,8427,274,8153,USD,
S012425,2026-05-12,P001245,capture,4018,147,3871,USD,
S012429,2026-05-12,P016898,capture,23796,720,23076,USD,
S012431,2026-05-12,P005515,capture,3269,125,3144,USD,
S012433,2026-05-12,P005141,capture,1845,84,1761,USD,
S012437,2026-05-12,P019675,capture,2845,113,2732,USD,
S012438,2026-05-12,P000349,capture,4651,165,4486,USD,
S012440,2026-05-12,P018818,capture,4053,148,3905,USD,
S012441,2026-05-12,P011581,capture,7125,237,6888,USD,
S012444,2026-05-12,P015949,capture,7879,258,7621,USD,
S012446,2026-05-12,P012460,capture,3617,135,3482,USD,
S012448,2026-05-12,P011189,capture,1851,84,1767,USD,
S012449,2026-05-12,P010281,capture,42496,1262,41234,USD,
S012451,2026-05-12,P003984,capture,3613,135,3478,USD,
S012453,2026-05-12,P017155,capture,23892,723,23169,USD,
S012455,2026-05-12,P005273,capture,9450,304,9146,USD,
S012462,2026-05-12,P011062,capture,12685,398,12287,USD,
S012464,2026-05-12,P006742,capture,3198,123,3075,USD,
S012467,2026-05-12,P002021,capture,18078,554,17524,USD,
S012468,2026-05-12,P017271,capture,19391,592,18799,USD,
S012473,2026-05-12,P005694,capture,1868,84,1784,USD,
S012474,2026-05-12,P000787,capture,4810,169,4641,USD,
S012475,2026-05-12,P003438,capture,3166,122,3044,USD,
S012480,2026-05-12,P017363,capture,2020,89,1931,USD,
S012494,2026-05-12,P004372,capture,5859,200,5659,USD,
S012496,2026-05-12,P018217,refund,-4147,0,-4147,USD,
S012498,2026-05-12,P002717,capture,5483,189,5294,USD,
S012504,2026-05-12,P014340,capture,3004,117,2887,USD,
S012506,2026-05-12,P000120,capture,5796,198,5598,USD,
S012516,2026-05-12,P002350,capture,4486,160,4326,USD,
S012517,2026-05-12,P012840,capture,5631,193,5438,USD,
S012523,2026-05-12,P011886,capture,4199,152,4047,USD,
S012525,2026-05-12,P007714,capture,9410,303,9107,USD,
S012526,2026-05-12,P002573,capture,772,52,720,USD,
S012527,2026-05-12,P000308,capture,9517,306,9211,USD,
S012528,2026-05-12,P008902,capture,7600,250,7350,USD,
S012531,2026-05-12,P014956,capture,2604,106,2498,USD,
S012533,2026-05-12,P006704,capture,9101,294,8807,USD,
S012536,2026-05-12,P010298,capture,6990,233,6757,USD,
S012538,2026-05-12,P011936,capture,8102,265,7837,USD,
S012541,2026-05-12,P006398,capture,10765,342,10423,USD,
S012547,2026-05-12,P000516,capture,6634,222,6412,USD,
S012550,2026-05-12,P012140,capture,11291,357,10934,USD,
S012554,2026-05-12,P010606,capture,5334,185,5149,USD,
S012559,2026-05-12,P006047,capture,2224,94,2130,USD,
S012562,2026-05-12,P012588,capture,2270,96,2174,USD,
S012566,2026-05-12,P009231,refund,-1230,0,-1230,USD,
S012567,2026-05-12,P007217,capture,4868,171,4697,USD,
S012573,2026-05-12,P011956,capture,4041,147,3894,USD,
S012581,2026-05-12,P006441,capture,8075,264,7811,USD,
S012583,2026-05-12,P002748,capture,5525,190,5335,USD,
S012584,2026-05-12,P019565,capture,38923,1159,37764,USD,
S012586,2026-05-12,P007909,capture,3933,144,3789,USD,
S012587,2026-05-12,P001062,capture,3031,118,2913,USD,
S012588,2026-05-12,P013824,capture,8972,290,8682,USD,
S012591,2026-05-12,P007602,capture,4448,159,4289,USD,
S012594,2026-05-12,P005108,capture,6115,207,5908,USD,
S012595,2026-05-12,P012205,capture,2352,98,2254,USD,
S012596,2026-05-12,P014680,capture,14669,455,14214,USD,
S012597,2026-05-12,P002107,capture,27394,824,26570,USD,
S012599,2026-05-12,P011134,capture,5872,200,5672,USD,
S012605,2026-05-12,P012561,capture,1526,74,1452,USD,
S012610,2026-05-12,P011317,capture,5326,184,5142,USD,
S012611,2026-05-12,P005768,capture,5427,187,5240,USD,
S012612,2026-05-12,P005361,capture,14887,462,14425,USD,
S012613,2026-05-12,P012836,capture,7884,259,7625,USD,
S012614,2026-05-12,P016821,capture,13783,430,13353,USD,
S012616,2026-05-12,P014242,capture,3776,140,3636,USD,
S012618,2026-05-12,P007376,capture,1772,81,1691,USD,
S012623,2026-05-12,P006702,capture,2713,109,2604,USD,
S012627,2026-05-12,P003658,capture,2854,113,2741,USD,
S012629,2026-05-12,P016911,capture,11930,376,11554,USD,
S012632,2026-05-12,P003748,capture,2364,99,2265,USD,
S012633,2026-05-12,P017351,capture,13196,413,12783,USD,
S012634,2026-05-12,P006415,capture,5979,203,5776,USD,
S012635,2026-05-12,P016538,capture,7949,261,7688,USD,
S012641,2026-05-12,P007570,capture,25346,765,24581,USD,
S012643,2026-05-12,P015667,capture,1932,86,1846,USD,
S012644,2026-05-12,P016698,capture,2575,105,2470,USD,
S012647,2026-05-12,P010927,capture,8391,273,8118,USD,
S012648,2026-05-12,P010318,capture,5425,187,5238,USD,
S012655,2026-05-12,P005980,capture,18842,576,18266,USD,
S012656,2026-05-12,P010337,capture,2944,115,2829,USD,
S012657,2026-05-12,P018979,capture,13820,431,13389,USD,
S012660,2026-05-12,P007404,capture,9917,318,9599,USD,
S012662,2026-05-12,P013924,capture,5891,201,5690,USD,
S012668,2026-05-12,P003284,capture,5255,182,5073,USD,
S012673,2026-05-12,P009248,capture,11575,366,11209,USD,
S012676,2026-05-12,P007683,capture,6093,207,5886,USD,
S012678,2026-05-12,P007612,capture,7166,238,6928,USD,
S012679,2026-05-12,P004977,capture,5549,191,5358,USD,
S012680,2026-05-12,P017298,capture,7839,257,7582,USD,
S012686,2026-05-12,P013271,capture,4285,154,4131,USD,
S012689,2026-05-12,P010654,capture,4771,168,4603,USD,
S012690,2026-05-12,P007150,capture,8922,289,8633,USD,
S012695,2026-05-12,P002164,capture,1400,71,1329,USD,
S012697,2026-05-12,P000400,capture,3349,127,3222,USD,
S012702,2026-05-12,P007366,capture,10383,331,10052,USD,
S012704,2026-05-12,P003894,capture,6990,233,6757,USD,
S012705,2026-05-12,P000874,capture,5875,200,5675,USD,
S012708,2026-05-12,P000255,capture,7274,241,7033,USD,
S012709,2026-05-12,P005284,capture,24711,747,23964,USD,
S012711,2026-05-12,P011016,capture,1857,84,1773,USD,
S012712,2026-05-12,P010426,capture,3963,145,3818,USD,
S012717,2026-05-12,P002976,capture,1161,64,1097,USD,
S012721,2026-05-12,P019583,capture,2189,93,2096,USD,
S012723,2026-05-12,P000216,capture,442,43,399,USD,
S012724,2026-05-12,P005576,capture,6786,227,6559,USD,
S012729,2026-05-12,P008204,capture,2086,90,1996,USD,
S012731,2026-05-12,P000266,capture,8575,279,8296,USD,
S012737,2026-05-12,P007036,capture,37566,1119,36447,USD,
S012740,2026-05-12,P014009,capture,14991,465,14526,USD,
S012742,2026-05-12,P005915,capture,3060,119,2941,USD,
S012746,2026-05-12,P019615,capture,7723,254,7469,USD,
S012754,2026-05-12,P009083,capture,6703,224,6479,USD,
S012755,2026-05-12,P008751,capture,23056,699,22357,USD,
S012757,2026-05-12,P004614,capture,5754,197,5557,USD,
S012759,2026-05-12,P000396,capture,8407,274,8133,USD,
S012760,2026-05-12,P015906,capture,1650,78,1572,USD,
S012761,2026-05-12,P014079,capture,26747,806,25941,USD,
S012762,2026-05-12,P017674,capture,5143,179,4964,USD,
S012769,2026-05-12,P012312,capture,4183,151,4032,USD,
S012772,2026-05-12,P013851,capture,8937,289,8648,USD,
S012776,2026-05-12,P003824,capture,2505,103,2402,USD,
S012778,2026-05-12,P000545,capture,16774,516,16258,USD,
S012783,2026-05-12,P008201,capture,34009,1016,32993,USD,
S012785,2026-05-12,P018411,capture,3426,129,3297,USD,
S012787,2026-05-12,P018559,capture,454,43,411,USD,
S012798,2026-05-12,P012497,capture,1297,68,1229,USD,
S012802,2026-05-12,P001536,capture,6487,218,6269,USD,
S012807,2026-05-12,P016497,capture,4116,149,3967,USD,
S012810,2026-05-12,P016900,capture,1200,65,1135,USD,
S012815,2026-05-12,P010057,capture,3223,123,3100,USD,
S012816,2026-05-12,P019800,capture,4950,174,4776,USD,
S012819,2026-05-12,P008049,capture,10683,340,10343,USD,
S012822,2026-05-12,P019824,capture,4201,152,4049,USD,
S012826,2026-05-12,P007230,capture,8546,278,8268,USD,
S012830,2026-05-12,P000860,capture,3522,132,3390,USD,
S012831,2026-05-12,P017433,capture,11787,372,11415,USD,
S012834,2026-05-12,P004594,capture,4395,157,4238,USD,
S012838,2026-05-12,P015008,capture,1492,73,1419,USD,
S012839,2026-05-12,P006144,capture,3622,135,3487,USD,
S012840,2026-05-12,P012690,capture,1840,83,1757,USD,
S012842,2026-05-12,P015825,capture,4991,175,4816,USD,
S012845,2026-05-12,P002048,capture,8025,263,7762,USD,
S012857,2026-05-12,P012531,capture,9877,316,9561,USD,
S012861,2026-05-12,P003674,capture,3101,120,2981,USD,
S012864,2026-05-12,P010652,capture,10344,330,10014,USD,
S012866,2026-05-12,P004330,capture,5253,182,5071,USD,
S012867,2026-05-12,P011516,capture,4620,164,4456,USD,
S012868,2026-05-12,P004452,capture,6148,208,5940,USD,
S012869,2026-05-12,P017020,capture,1108,62,1046,USD,
S012870,2026-05-12,P018479,capture,7472,247,7225,USD,
S012871,2026-05-12,P001981,capture,4041,147,3894,USD,
S012874,2026-05-12,P016356,capture,2791,111,2680,USD,
S012875,2026-05-12,P017439,capture,2282,96,2186,USD,
S012880,2026-05-12,P015914,capture,2186,93,2093,USD,
S012884,2026-05-12,P015524,capture,9224,297,8927,USD,
S012887,2026-05-12,P004375,capture,1478,73,1405,USD,
S012890,2026-05-12,P017633,capture,5053,177,4876,USD,
S012891,2026-05-12,P006764,capture,3066,119,2947,USD,
S012903,2026-05-12,P016666,capture,1295,68,1227,USD,
S012910,2026-05-12,P008435,capture,7642,252,7390,USD,
S012911,2026-05-12,P009049,capture,3276,125,3151,USD,
S012918,2026-05-12,P010913,capture,9382,302,9080,USD,
S012927,2026-05-12,P018183,capture,8617,280,8337,USD,
S012931,2026-05-12,P006258,capture,3064,119,2945,USD,
S012935,2026-05-12,P012098,capture,4866,171,4695,USD,
S012940,2026-05-12,P012100,capture,2383,99,2284,USD,
S012945,2026-05-12,P006447,capture,9618,309,9309,USD,
S012950,2026-05-12,P019486,capture,5104,178,4926,USD,
S012951,2026-05-12,P014878,capture,1472,73,1399,USD,
S012952,2026-05-12,P016998,capture,4721,167,4554,USD,
S012954,2026-05-12,P010508,capture,9326,300,9026,USD,
S012957,2026-05-12,P017522,capture,9998,320,9678,USD,
S012959,2026-05-12,P015918,capture,5171,180,4991,USD,
S012960,2026-05-12,P018404,capture,9904,317,9587,USD,
S012961,2026-05-12,P009528,capture,13616,425,13191,USD,
S012962,2026-05-12,P013313,capture,4401,158,4243,USD,
S012963,2026-05-12,P003677,capture,18545,568,17977,USD,
S012966,2026-05-12,P010732,refund,-8839,0,-8839,USD,
S012977,2026-05-12,P005569,capture,2263,96,2167,USD,
S012981,2026-05-12,P003072,capture,2186,93,2093,USD,
S012987,2026-05-12,P013973,capture,6934,231,6703,USD,
S012989,2026-05-12,P000738,capture,16000,494,15506,USD,
S012990,2026-05-12,P001360,capture,4640,165,4475,USD,
S012994,2026-05-12,P001612,capture,6475,218,6257,USD,
S012996,2026-05-12,P017343,capture,2861,113,2748,USD,
S012998,2026-05-12,P002163,capture,12818,402,12416,USD,
S012999,2026-05-12,P000208,capture,4702,166,4536,USD,
S013003,2026-05-12,P008341,capture,2345,98,2247,USD,
S013007,2026-05-12,P005171,capture,2823,112,2711,USD,
S013016,2026-05-12,P005547,capture,2641,107,2534,USD,
S013020,2026-05-12,P003585,capture,18171,557,17614,USD,
S013026,2026-05-12,P017003,capture,2499,102,2397,USD,
S013027,2026-05-12,P008410,capture,3820,141,3679,USD,
S013028,2026-05-12,P003920,capture,9631,309,9322,USD,
S013030,2026-05-12,P002047,capture,1979,87,1892,USD,
S013032,2026-05-12,P002268,capture,20882,636,20246,USD,
S013035,2026-05-12,P015900,capture,1263,67,1196,USD,
S013036,2026-05-12,P008309,capture,6628,222,6406,USD,
S013039,2026-05-12,P002548,capture,3756,139,3617,USD,
S013041,2026-05-12,P003203,capture,41752,1241,40511,USD,
S013042,2026-05-12,P006106,capture,6008,204,5804,USD,
S013047,2026-05-12,P008656,capture,91227,2676,88551,USD,
S013049,2026-05-12,P012308,capture,7244,240,7004,USD,
S013059,2026-05-12,P004103,capture,1591,76,1515,USD,
S013060,2026-05-12,P006556,capture,780,53,727,USD,
S013062,2026-05-12,P011867,capture,5036,176,4860,USD,
S013063,2026-05-12,P014965,capture,13942,434,13508,USD,
S013064,2026-05-12,P010419,capture,9548,307,9241,USD,
S013065,2026-05-12,P000862,capture,5173,180,4993,USD,
S013066,2026-05-12,P014028,capture,10868,345,10523,USD,
S013070,2026-05-12,P013329,capture,18589,569,18020,USD,
S013073,2026-05-12,P003780,capture,4221,152,4069,USD,
S013080,2026-05-12,P019960,capture,6961,232,6729,USD,
S013082,2026-05-12,P009121,capture,974,58,916,USD,
S013083,2026-05-12,P004683,capture,16157,499,15658,USD,
S013086,2026-05-12,P011318,capture,976,58,918,USD,
S013093,2026-05-12,P011477,capture,2173,93,2080,USD,
S013094,2026-05-12,P018156,capture,20142,614,19528,USD,
S013095,2026-05-12,P017262,capture,3592,134,3458,USD,
S013099,2026-05-12,P002965,capture,663,49,614,USD,
S013103,2026-05-12,P009658,capture,26805,807,25998,USD,
S013104,2026-05-12,P007017,capture,28362,852,27510,USD,
S013105,2026-05-12,P015092,capture,36605,1092,35513,USD,
S013106,2026-05-12,P015074,capture,15784,488,15296,USD,
S013107,2026-05-12,P012931,capture,7229,240,6989,USD,
S013110,2026-05-12,P003366,capture,837,54,783,USD,
S013113,2026-05-12,P000167,capture,6441,217,6224,USD,
S013119,2026-05-12,P009183,capture,53380,1578,51802,USD,
S013125,2026-05-12,P019596,capture,6924,231,6693,USD,
S013128,2026-05-12,P017302,capture,2810,111,2699,USD,
S013130,2026-05-12,P014952,capture,4785,169,4616,USD,
S013133,2026-05-12,P001959,capture,18750,574,18176,USD,
S013134,2026-05-12,P006370,capture,7465,246,7219,USD,
S013141,2026-05-12,P019973,capture,14246,443,13803,USD,
S013144,2026-05-12,P013170,capture,2545,104,2441,USD,
S013147,2026-05-12,P008981,capture,1543,75,1468,USD,
S013149,2026-05-12,P011017,capture,5990,204,5786,USD,
S013150,2026-05-12,P010244,capture,3500,132,3368,USD,
S013152,2026-05-12,P016696,capture,3925,144,3781,USD,
S013154,2026-05-12,P012698,capture,3576,134,3442,USD,
S013157,2026-05-12,P019241,capture,9312,300,9012,USD,
S013159,2026-05-12,P019919,capture,1780,82,1698,USD,
S013161,2026-05-12,P009053,capture,8010,262,7748,USD,
S013162,2026-05-12,P010820,capture,13287,415,12872,USD,
S013163,2026-05-12,P018066,capture,863,55,808,USD,
S013166,2026-05-12,P016042,capture,2257,95,2162,USD,
S013171,2026-05-12,P012720,capture,16642,513,16129,USD,
S013172,2026-05-12,P013954,capture,5742,197,5545,USD,
S013174,2026-05-12,P011183,capture,19261,589,18672,USD,
S013175,2026-05-12,P007563,capture,5158,180,4978,USD,
S013182,2026-05-12,P002956,capture,8388,273,8115,USD,
S013183,2026-05-12,P006557,capture,3704,137,3567,USD,
S013184,2026-05-12,P016593,capture,6921,231,6690,USD,
S013185,2026-05-12,P002370,capture,11359,359,11000,USD,
S013190,2026-05-12,P014640,capture,3232,124,3108,USD,
S013197,2026-05-12,P010416,capture,21238,646,20592,USD,
S013198,2026-05-12,P008199,capture,3000,117,2883,USD,
S013200,2026-05-12,P010230,capture,6287,212,6075,USD,
S013201,2026-05-12,P009598,capture,2707,109,2598,USD,
S013202,2026-05-12,P018394,capture,5800,198,5602,USD,
S013211,2026-05-12,P001436,capture,6939,231,6708,USD,
S013213,2026-05-12,P012627,capture,34237,1023,33214,USD,
S013215,2026-05-12,P002536,capture,1942,86,1856,USD,
S013224,2026-05-12,P010917,capture,1906,85,1821,USD,
S013227,2026-05-12,P000911,capture,5868,200,5668,USD,
S013231,2026-05-12,P017967,capture,3505,132,3373,USD,
S013234,2026-05-12,P003949,capture,7588,250,7338,USD,
S013241,2026-05-12,P001740,capture,1437,72,1365,USD,
S013244,2026-05-12,P001873,capture,1512,74,1438,USD,
S013245,2026-05-12,P003448,capture,7696,253,7443,USD,
S013248,2026-05-12,P019828,capture,16453,507,15946,USD,
S013250,2026-05-12,P000475,capture,6562,220,6342,USD,
S013251,2026-05-12,P001667,capture,21721,660,21061,USD,
S013252,2026-05-12,P015254,capture,1538,75,1463,USD,
S013254,2026-05-12,P006059,capture,4601,163,4438,USD,
S013256,2026-05-12,P012546,capture,10252,327,9925,USD,
S013258,2026-05-12,P002376,capture,3594,134,3460,USD,
S013262,2026-05-12,P007439,capture,12677,398,12279,USD,
S013265,2026-05-12,P014958,capture,2706,108,2598,USD,
S013268,2026-05-12,P007053,capture,3605,135,3470,USD,
S013269,2026-05-12,P016532,capture,12974,406,12568,USD,
S013273,2026-05-12,P006615,capture,2059,90,1969,USD,
S013277,2026-05-12,P002793,capture,6875,229,6646,USD,
S013285,2026-05-12,P003228,capture,3521,132,3389,USD,
S013286,2026-05-12,P006836,capture,1695,79,1616,USD,
S013293,2026-05-12,P015764,capture,16996,523,16473,USD,
S013295,2026-05-12,P003681,capture,713,51,662,USD,
S013301,2026-05-12,P011213,capture,1297,68,1229,USD,
S013303,2026-05-12,P015618,capture,3263,125,3138,USD,
S013305,2026-05-12,P009770,capture,13052,409,12643,USD,
S013308,2026-05-12,P016667,capture,10764,342,10422,USD,
S013314,2026-05-12,P008885,capture,16328,504,15824,USD,
S013318,2026-05-12,P004402,capture,20291,618,19673,USD,
S013326,2026-05-12,P001642,capture,5764,197,5567,USD,
S013327,2026-05-12,P014938,capture,4880,172,4708,USD,
S013337,2026-05-12,P001341,capture,12789,401,12388,USD,
S013338,2026-05-12,P006194,capture,3499,131,3368,USD,
S013341,2026-05-12,P014393,capture,3921,144,3777,USD,
S013344,2026-05-12,P002115,capture,5182,180,5002,USD,
S013347,2026-05-12,P012750,capture,2601,105,2496,USD,
S013348,2026-05-12,P017771,capture,11814,373,11441,USD,
S013352,2026-05-12,P010865,capture,11337,359,10978,USD,
S013354,2026-05-12,P011124,capture,13273,415,12858,USD,
S013355,2026-05-12,P015175,capture,20735,631,20104,USD,
S013356,2026-05-12,P017321,capture,19388,592,18796,USD,
S013359,2026-05-12,P017863,capture,3802,140,3662,USD,
S013368,2026-05-12,P012185,capture,8615,280,8335,USD,
S013371,2026-05-12,P013898,capture,16474,508,15966,USD,
S013374,2026-05-12,P006539,capture,15229,472,14757,USD,
S013376,2026-05-12,P005187,capture,1975,87,1888,USD,
S013377,2026-05-12,P012109,capture,4924,173,4751,USD,
S013378,2026-05-12,P000743,capture,5178,180,4998,USD,
S013380,2026-05-12,P009216,capture,6578,221,6357,USD,
S013384,2026-05-12,P012120,capture,5778,198,5580,USD,
S013387,2026-05-12,P002293,capture,12755,400,12355,USD,
S013389,2026-05-12,P016534,capture,6493,218,6275,USD,
S013400,2026-05-12,P002903,capture,6005,204,5801,USD,
S013401,2026-05-12,P009428,capture,3917,144,3773,USD,
S013402,2026-05-12,P014175,capture,10906,346,10560,USD,
S013406,2026-05-12,P010485,capture,23206,703,22503,USD,
S013409,2026-05-12,P015903,capture,11424,361,11063,USD,
S013410,2026-05-12,P000034,capture,23540,713,22827,USD,
S013412,2026-05-12,P000741,capture,7632,251,7381,USD,
S013418,2026-05-12,P008649,capture,8500,276,8224,USD,
S013425,2026-05-12,P005774,capture,13463,420,13043,USD,
S013429,2026-05-12,P001592,capture,9690,311,9379,USD,
S013433,2026-05-12,P011981,capture,2839,112,2727,USD,
S013441,2026-05-12,P009306,capture,11515,364,11151,USD,
S013443,2026-05-12,P003232,capture,3484,131,3353,USD,
S013447,2026-05-12,P010498,capture,654,49,605,USD,
S013449,2026-05-12,P009709,capture,3727,138,3589,USD,
S013452,2026-05-12,P018352,capture,4427,158,4269,USD,
S013454,2026-05-12,P005094,capture,5023,176,4847,USD,
S013459,2026-05-12,P012422,capture,8268,270,7998,USD,
S013461,2026-05-12,P018028,capture,6331,214,6117,USD,
S013462,2026-05-12,P013907,capture,8794,285,8509,USD,
S013464,2026-05-12,P011268,capture,1743,81,1662,USD,
S013466,2026-05-12,P003492,capture,2375,99,2276,USD,
S013471,2026-05-12,P015666,capture,5823,199,5624,USD,
S013472,2026-05-12,P012403,capture,5066,177,4889,USD,
S013474,2026-05-12,P011029,capture,11700,369,11331,USD,
S013475,2026-05-12,P017060,capture,10185,325,9860,USD,
S013480,2026-05-12,P009125,capture,10339,330,10009,USD,
S013483,2026-05-12,P000930,capture,2502,103,2399,USD,
S013486,2026-05-12,P002838,capture,16597,511,16086,USD,
S013487,2026-05-12,P014350,capture,2668,107,2561,USD,
S013489,2026-05-12,P012620,capture,19405,593,18812,USD,
S013490,2026-05-12,P005227,capture,11817,373,11444,USD,
S013491,2026-05-12,P014821,capture,19757,603,19154,USD,
S013496,2026-05-12,P006010,capture,2916,115,2801,USD,
S013497,2026-05-12,P008584,capture,7851,258,7593,USD,
S013503,2026-05-12,P015506,capture,4877,171,4706,USD,
S013508,2026-05-12,P010553,capture,9395,302,9093,USD,
S013509,2026-05-12,P001952,capture,4081,148,3933,USD,
S013528,2026-05-12,P004076,capture,545,46,499,USD,
S013534,2026-05-12,P008802,capture,47011,1393,45618,USD,
S013536,2026-05-12,P016645,capture,6804,227,6577,USD,
S013539,2026-05-12,P018548,capture,13273,415,12858,USD,
S013541,2026-05-12,P019473,capture,3366,128,3238,USD,
S013542,2026-05-12,P019628,capture,4196,152,4044,USD,
S013543,2026-05-12,P009663,capture,2202,94,2108,USD,
S013545,2026-05-12,P000279,capture,16950,522,16428,USD,
S013548,2026-05-12,P010816,capture,6790,227,6563,USD,
S013549,2026-05-12,P003652,capture,12427,390,12037,USD,
S013552,2026-05-12,P005254,capture,2952,116,2836,USD,
S013554,2026-05-12,P011396,capture,3976,145,3831,USD,
S013559,2026-05-12,P000652,capture,2841,112,2729,USD,
S013573,2026-05-12,P014530,capture,6267,212,6055,USD,
S013578,2026-05-12,P002753,capture,49429,1463,47966,USD,
S013579,2026-05-12,P001389,capture,2847,113,2734,USD,
S013581,2026-05-12,P016270,capture,10802,343,10459,USD,
S013585,2026-05-12,P006061,capture,6391,215,6176,USD,
S013587,2026-05-12,P001330,capture,3135,121,3014,USD,
S013588,2026-05-12,P018202,capture,4450,159,4291,USD,
S013590,2026-05-12,P018138,capture,11715,370,11345,USD,
S013591,2026-05-12,P014269,capture,1113,62,1051,USD,
S013593,2026-05-12,P008809,capture,10025,321,9704,USD,
S013597,2026-05-12,P008436,capture,2316,97,2219,USD,
S013598,2026-05-12,P015975,capture,2181,93,2088,USD,
S013611,2026-05-12,P008958,capture,1662,78,1584,USD,
S013613,2026-05-12,P000306,capture,16884,520,16364,USD,
S013617,2026-05-12,P006631,capture,7627,251,7376,USD,
S013621,2026-05-12,P008277,capture,9376,302,9074,USD,
S013628,2026-05-12,P000661,capture,17487,537,16950,USD,
S013629,2026-05-12,P011819,capture,13689,426,13263,EUR,converted at 1.0961
S013630,2026-05-12,P000309,capture,15114,468,14646,USD,
S013631,2026-05-12,P015755,capture,21840,663,21177,USD,
S013632,2026-05-12,P014539,capture,4091,149,3942,USD,
S013634,2026-05-12,P003362,capture,7718,254,7464,USD,
S013637,2026-05-12,P002328,capture,6728,225,6503,USD,
S013639,2026-05-12,P003236,capture,3898,143,3755,USD,
S013642,2026-05-12,P016372,capture,9872,316,9556,USD,
S013643,2026-05-12,P015637,capture,8565,278,8287,USD,
S013648,2026-05-12,P006899,capture,1851,84,1767,USD,
S013649,2026-05-12,P006587,capture,11370,360,11010,USD,
S013654,2026-05-12,P017782,capture,4203,152,4051,USD,
S013656,2026-05-12,P000894,capture,18765,574,18191,USD,
S013657,2026-05-12,P018846,capture,16790,517,16273,USD,
S013658,2026-05-12,P004780,capture,24368,737,23631,USD,
S013666,2026-05-12,P016552,capture,11496,363,11133,USD,
S013668,2026-05-12,P018990,capture,3298,126,3172,USD,
S013675,2026-05-12,P007698,capture,5648,194,5454,USD,
S013677,2026-05-12,P007663,capture,3821,141,3680,USD,
S013678,2026-05-12,P008613,capture,7464,286,7178,USD,
S013679,2026-05-12,P005889,capture,8454,275,8179,USD,
S013690,2026-05-12,P005940,capture,20915,637,20278,USD,
S013693,2026-05-12,P010850,capture,3238,124,3114,USD,
S013698,2026-05-12,P017990,capture,8220,268,7952,USD,
S013703,2026-05-12,P016792,capture,2407,100,2307,USD,
S013705,2026-05-12,P004818,capture,4993,175,4818,USD,
S013707,2026-05-12,P010495,capture,6806,227,6579,USD,
S013711,2026-05-12,P003108,capture,4472,160,4312,USD,
S013718,2026-05-12,P017939,capture,10276,328,9948,USD,
S013721,2026-05-12,P003830,capture,14867,461,14406,USD,
S013727,2026-05-12,P003249,capture,4013,146,3867,USD,
S013734,2026-05-12,P008939,capture,11377,360,11017,USD,
S013735,2026-05-12,P016896,capture,14841,460,14381,USD,
S013738,2026-05-12,P003641,capture,2509,103,2406,USD,
S013742,2026-05-12,P009289,capture,2280,96,2184,USD,
S013750,2026-05-12,P010781,capture,4096,149,3947,USD,
S013754,2026-05-12,P016311,capture,2858,113,2745,USD,
S013755,2026-05-12,P008774,capture,11179,354,10825,USD,
S013756,2026-05-12,P009475,capture,11250,356,10894,USD,
S013757,2026-05-12,P005653,capture,5809,198,5611,USD,
S013762,2026-05-12,P013978,capture,7808,256,7552,USD,
S013763,2026-05-12,P012549,capture,1739,80,1659,USD,
S013765,2026-05-12,P013201,capture,5043,176,4867,USD,
S013768,2026-05-12,P008413,capture,3649,136,3513,USD,
S013778,2026-05-12,P008043,capture,235,37,198,USD,
S013781,2026-05-12,P007043,capture,4273,154,4119,USD,
S013783,2026-05-12,P000392,capture,5740,196,5544,USD,
S013794,2026-05-12,P013446,capture,30976,928,30048,USD,
S013803,2026-05-12,P003713,capture,821,54,767,USD,
S013807,2026-05-12,P013075,capture,3482,131,3351,USD,
S013808,2026-05-12,P019741,capture,2954,116,2838,USD,
S013814,2026-05-12,P002386,capture,1821,83,1738,USD,
S013820,2026-05-12,P012870,capture,14950,464,14486,USD,
S013822,2026-05-12,P012025,capture,4204,152,4052,USD,
S013824,2026-05-12,P000272,capture,2806,111,2695,USD,
S013825,2026-05-12,P001045,capture,4870,171,4699,USD,
S013833,2026-05-12,P006997,capture,2647,107,2540,USD,
S013836,2026-05-12,P001128,capture,2505,103,2402,USD,
S013838,2026-05-12,P000010,capture,13458,420,13038,USD,
S013840,2026-05-12,P004680,capture,6008,204,5804,USD,
S013843,2026-05-12,P014763,capture,11362,359,11003,USD,
S013844,2026-05-12,P004795,capture,9098,294,8804,USD,
S013852,2026-05-12,P006179,capture,7996,262,7734,USD,
S013860,2026-05-12,P012111,capture,6842,228,6614,USD,
S013863,2026-05-12,P001297,capture,1161,64,1097,USD,
S013874,2026-05-12,P001254,capture,4708,167,4541,USD,
S013877,2026-05-12,P015031,capture,3087,120,2967,USD,
S013882,2026-05-12,P003311,capture,12745,400,12345,USD,
S013885,2026-05-12,P000182,capture,7675,253,7422,USD,
S013890,2026-05-12,P019866,capture,641,49,592,USD,
S013892,2026-05-12,P008328,capture,239,37,202,USD,
S013901,2026-05-12,P018354,capture,2968,116,2852,USD,
S013903,2026-05-12,P011879,capture,11958,377,11581,USD,
S013906,2026-05-12,P010701,capture,5893,201,5692,USD,
S013913,2026-05-12,P008886,capture,4437,159,4278,USD,
S013921,2026-05-12,P010192,capture,742,52,690,USD,
S013923,2026-05-12,P009369,capture,5288,183,5105,USD,
S013926,2026-05-12,P006386,refund,-5695,0,-5695,USD,
S013927,2026-05-12,P004684,capture,3482,131,3351,USD,
S013929,2026-05-12,P018030,capture,2980,116,2864,USD,
S013934,2026-05-12,P012365,capture,6699,224,6475,USD,
S013937,2026-05-12,P019827,capture,6273,212,6061,USD,
S013940,2026-05-12,P003902,capture,10649,339,10310,USD,
S013943,2026-05-12,P004072,capture,6547,220,6327,USD,
S013947,2026-05-12,P007365,capture,19903,607,19296,USD,
S013948,2026-05-12,P004010,capture,10377,331,10046,USD,
S013949,2026-05-12,P006950,capture,1348,69,1279,USD,
S013950,2026-05-12,P004352,capture,2470,102,2368,USD,
S013951,2026-05-12,P000675,capture,3311,126,3185,USD,
S013954,2026-05-12,P018874,capture,6446,217,6229,USD,
S013962,2026-05-12,P006671,capture,843,54,789,USD,
S013967,2026-05-12,P006891,capture,4294,155,4139,USD,
S013978,2026-05-12,P016777,capture,5538,191,5347,USD,
S013982,2026-05-12,P014983,capture,16070,496,15574,USD,
S013985,2026-05-12,P007377,capture,6146,208,5938,USD,
S013993,2026-05-12,P012867,capture,4713,167,4546,USD,
S013995,2026-05-12,P001579,capture,1379,70,1309,USD,
S014000,2026-05-12,P018774,capture,7167,238,6929,USD,
S014001,2026-05-12,P013025,capture,522,45,477,USD,
S014003,2026-05-12,P008854,capture,3346,127,3219,USD,
S014004,2026-05-12,P005578,capture,8639,280,8359,EUR,converted at 1.0961
S014005,2026-05-12,P017055,capture,3149,121,3028,USD,
S014014,2026-05-12,P013801,capture,11835,373,11462,USD,
S014016,2026-05-12,P019351,capture,2546,104,2442,USD,
S014021,2026-05-12,P003096,capture,11031,350,10681,USD,
S014024,2026-05-12,P005497,capture,1157,64,1093,USD,
S014029,2026-05-12,P008624,capture,3093,120,2973,USD,
S014033,2026-05-12,P004560,capture,964,58,906,USD,
S014034,2026-05-12,P009154,capture,2522,103,2419,USD,
S014035,2026-05-12,P004442,capture,51677,1529,50148,USD,
S014044,2026-05-12,P010494,capture,10418,332,10086,USD,
S014047,2026-05-12,P002142,capture,9156,296,8860,USD,
S014048,2026-05-12,P011717,capture,10661,339,10322,USD,
S014049,2026-05-12,P019989,capture,19806,604,19202,USD,
S014054,2026-05-12,P017792,capture,4324,155,4169,USD,
S014055,2026-05-12,P011752,capture,3779,140,3639,USD,
S014056,2026-05-12,P014092,capture,10234,327,9907,USD,
S014057,2026-05-12,P015214,capture,1204,65,1139,USD,
S014059,2026-05-12,P014864,capture,1271,67,1204,USD,
S014064,2026-05-12,P002900,capture,1326,68,1258,USD,
S014065,2026-05-12,P001989,capture,11900,375,11525,USD,
S014066,2026-05-12,P006536,capture,14648,455,14193,USD,
S014076,2026-05-12,P008640,capture,7259,241,7018,USD,
S014078,2026-05-12,P013030,capture,5674,195,5479,USD,
S014080,2026-05-12,P015213,capture,5148,179,4969,USD,
S014082,2026-05-12,P004214,capture,2515,103,2412,USD,
S014085,2026-05-12,P007274,capture,4051,147,3904,USD,
S014086,2026-05-12,P018409,capture,11344,359,10985,USD,
S014088,2026-05-12,P017405,capture,4213,152,4061,USD,
S014089,2026-05-12,P004832,capture,3830,141,3689,USD,
S014090,2026-05-12,P014671,capture,3976,145,3831,USD,
S014092,2026-05-12,P011509,capture,7193,239,6954,USD,
S014098,2026-05-12,P012781,capture,2357,98,2259,USD,
S014100,2026-05-12,P000537,capture,1200,66,1134,EUR,converted at 1.0961
S014108,2026-05-12,P001617,capture,23707,718,22989,USD,
S014109,2026-05-12,P007134,capture,11383,360,11023,USD,
S014110,2026-05-12,P014764,capture,734,51,683,USD,
S014115,2026-05-12,P002314,capture,1591,76,1515,USD,
S014118,2026-05-12,P007261,capture,2996,117,2879,USD,
S014123,2026-05-12,P007364,capture,6183,209,5974,USD,
S014125,2026-05-12,P019984,capture,5422,187,5235,USD,
S014132,2026-05-12,P017696,capture,2863,113,2750,USD,
S014133,2026-05-12,P008149,capture,5633,193,5440,USD,
S014137,2026-05-12,P002348,capture,9008,291,8717,USD,
S014140,2026-05-12,P015528,capture,11749,371,11378,USD,
S014141,2026-05-12,P007299,capture,18613,570,18043,USD,
S014146,2026-05-12,P010269,capture,11918,376,11542,USD,
S014147,2026-05-12,P008195,capture,2109,91,2018,USD,
S014148,2026-05-12,P002378,capture,2438,101,2337,USD,
S014153,2026-05-12,P017062,capture,13339,417,12922,USD,
S014154,2026-05-12,P004500,capture,12861,403,12458,USD,
S014155,2026-05-12,P017513,capture,1561,75,1486,USD,
S014157,2026-05-12,P001223,capture,5374,186,5188,USD,
S014158,2026-05-12,P016285,capture,13802,430,13372,USD,
S014159,2026-05-12,P003835,capture,1951,87,1864,USD,
S014163,2026-05-12,P006511,capture,3597,134,3463,USD,
S014164,2026-05-12,P010754,capture,42145,1252,40893,USD,
S014169,2026-05-12,P003136,capture,4523,161,4362,USD,
S014170,2026-05-12,P003883,capture,5440,188,5252,USD,
S014172,2026-05-12,P012361,capture,1327,68,1259,USD,
S014173,2026-05-12,P000321,capture,2251,95,2156,USD,
S014175,2026-05-12,P003093,capture,15287,473,14814,USD,
S014178,2026-05-12,P014842,capture,6635,222,6413,USD,
S014179,2026-05-12,P011696,capture,5629,193,5436,USD,
S014180,2026-05-12,P016700,capture,12785,401,12384,USD,
S014182,2026-05-12,P000175,capture,4235,153,4082,USD,
S014184,2026-05-12,P014917,capture,3266,125,3141,USD,
S014185,2026-05-12,P003700,capture,9425,303,9122,USD,
S014186,2026-05-12,P005411,capture,13391,418,12973,USD,
S014187,2026-05-12,P011068,capture,4044,147,3897,USD,
S014189,2026-05-12,P009134,capture,1926,86,1840,USD,
S014191,2026-05-12,P015936,capture,4850,171,4679,USD,
S014193,2026-05-12,P001978,capture,8542,278,8264,USD,
S014196,2026-05-12,P015940,capture,14443,449,13994,USD,
S014198,2026-05-12,P004050,capture,24210,732,23478,USD,
S014199,2026-05-12,P007517,capture,18654,571,18083,USD,
S014200,2026-05-12,P005977,capture,2140,92,2048,USD,
S014201,2026-05-12,P006988,capture,8435,275,8160,USD,
S014202,2026-05-12,P004693,capture,4158,151,4007,USD,
S014203,2026-05-12,P005438,capture,4331,156,4175,USD,
S014204,2026-05-12,P014650,capture,848,55,793,USD,
S014205,2026-05-12,P010663,capture,10059,322,9737,USD,
S014206,2026-05-12,P017369,capture,3212,123,3089,USD,
S014209,2026-05-12,P014625,capture,4650,165,4485,USD,
S014210,2026-05-12,P005281,capture,21883,665,21218,USD,
S014212,2026-05-12,P000463,capture,1323,68,1255,USD,
S014213,2026-05-12,P013363,capture,19596,598,18998,USD,
S014214,2026-05-12,P012045,capture,2927,115,2812,USD,
S014215,2026-05-12,P011198,capture,1814,83,1731,USD,
S014216,2026-05-12,P000988,capture,3666,136,3530,USD,
S014217,2026-05-12,P014377,capture,4016,146,3870,USD,
S014219,2026-05-12,P012725,refund,-5592,0,-5592,USD,
S014220,2026-05-12,P003167,capture,8163,267,7896,USD,
S014221,2026-05-12,P012957,capture,5512,190,5322,USD,
S014222,2026-05-12,P003166,capture,6837,228,6609,USD,
S014223,2026-05-12,P014196,capture,5925,202,5723,USD,
S014224,2026-05-12,P008571,capture,9084,293,8791,USD,
S014225,2026-05-12,P019147,capture,2326,97,2229,USD,
S014226,2026-05-12,P006953,capture,6878,229,6649,USD,
S014227,2026-05-12,P003779,capture,4704,166,4538,USD,
S014228,2026-05-12,P016474,capture,2459,101,2358,USD,
S014233,2026-05-12,P009881,capture,11134,353,10781,USD,
S014234,2026-05-12,P017707,capture,3133,121,3012,USD,
S014236,2026-05-12,P001861,capture,10917,347,10570,USD,
S014237,2026-05-12,P013051,capture,4654,165,4489,USD,
S014238,2026-05-12,P012186,capture,5657,194,5463,USD,
S014239,2026-05-12,P010882,capture,7175,238,6937,USD,
S014240,2026-05-12,P009766,capture,6263,212,6051,USD,
S014241,2026-05-12,P008420,capture,6901,230,6671,USD,
S014243,2026-05-12,P017436,capture,2110,91,2019,USD,
S014245,2026-05-12,P007558,capture,711,51,660,USD,
S014246,2026-05-12,P001718,capture,2365,99,2266,USD,
S014247,2026-05-12,P011021,capture,3152,121,3031,USD,
S014248,2026-05-12,P011361,capture,2547,104,2443,USD,
S014251,2026-05-12,P014780,capture,14190,442,13748,USD,
S014254,2026-05-12,P005987,capture,927,57,870,USD,
S014255,2026-05-12,P013558,capture,1357,69,1288,USD,
S014257,2026-05-12,P003013,capture,9110,294,8816,USD,
S014259,2026-05-12,P003778,capture,998,59,939,USD,
S014260,2026-05-12,P009465,capture,2954,116,2838,USD,
S014265,2026-05-12,P016734,capture,1895,85,1810,USD,
S014266,2026-05-12,P008252,capture,11575,366,11209,USD,
S014267,2026-05-12,P001637,capture,5691,195,5496,USD,
S014268,2026-05-12,P007906,capture,3279,125,3154,USD,
S014269,2026-05-12,P015867,capture,8980,290,8690,USD,
S014271,2026-05-12,P007097,capture,5283,183,5100,USD,
S014272,2026-05-12,P002211,capture,2552,104,2448,USD,
S014274,2026-05-12,P007031,capture,8285,270,8015,USD,
S014275,2026-05-12,P009430,capture,1817,83,1734,USD,
S014276,2026-05-12,P012239,capture,2627,106,2521,USD,
S014277,2026-05-12,P004946,capture,5413,187,5226,USD,
S014278,2026-05-12,P005546,capture,4494,160,4334,USD,
S014279,2026-05-12,P011034,capture,7687,253,7434,USD,
S014280,2026-05-12,P009178,capture,2141,92,2049,USD,
S014281,2026-05-12,P004735,capture,5017,175,4842,USD,
S014283,2026-05-12,P003950,capture,2454,101,2353,USD,
S014285,2026-05-12,P000963,capture,7240,240,7000,USD,
S014287,2026-05-12,P016815,capture,952,58,894,USD,
S014288,2026-05-12,P003980,capture,7083,235,6848,USD,
S014289,2026-05-12,P004973,capture,1547,75,1472,USD,
S014290,2026-05-12,P003537,capture,2610,106,2504,USD,
S014291,2026-05-12,P011491,capture,1880,85,1795,USD,
S014292,2026-05-12,P005297,capture,14103,439,13664,USD,
S014293,2026-05-12,P005272,capture,4731,167,4564,USD,
S014294,2026-05-12,P012207,capture,10327,329,9998,USD,
S014295,2026-05-12,P006867,capture,8710,283,8427,USD,
S014297,2026-05-12,P008121,capture,2856,113,2743,USD,
S014298,2026-05-12,P010257,capture,8123,266,7857,USD,
S014300,2026-05-12,P018149,capture,9463,304,9159,USD,
S014305,2026-05-12,P004129,capture,7375,244,7131,USD,
S014306,2026-05-12,P013092,capture,2734,109,2625,USD,
S014308,2026-05-12,P007817,capture,5287,183,5104,USD,
S014310,2026-05-12,P004612,capture,4671,165,4506,USD,
S014312,2026-05-12,P011463,capture,982,58,924,USD,
S014313,2026-05-12,P007112,capture,26275,792,25483,USD,
S014315,2026-05-12,P009753,capture,659,49,610,USD,
S014316,2026-05-12,P004175,capture,3763,139,3624,USD,
S014318,2026-05-12,P005001,capture,7282,241,7041,USD,
S014320,2026-05-12,P003225,capture,1315,68,1247,USD,
S014321,2026-05-12,P010642,capture,30305,909,29396,USD,
S014322,2026-05-12,P018783,capture,3365,128,3237,USD,
S014326,2026-05-12,P016147,capture,4870,171,4699,USD,
S014327,2026-05-12,P001885,capture,4397,158,4239,USD,
S014328,2026-05-12,P004879,refund,-2962,0,-2962,USD,
S014330,2026-05-12,P002205,capture,59044,1742,57302,USD,
S014331,2026-05-12,P010894,capture,1669,78,1591,USD,
S014332,2026-05-12,P019804,capture,8914,289,8625,USD,
S014334,2026-05-12,P007521,capture,113662,3326,110336,USD,
S014335,2026-05-12,P007419,capture,1455,72,1383,USD,
S014336,2026-05-12,P004304,capture,5499,189,5310,USD,
S014337,2026-05-12,P004768,capture,3651,136,3515,USD,
S014338,2026-05-12,P005350,capture,2259,96,2163,USD,
S014339,2026-05-12,P015458,capture,2307,97,2210,USD,
S014340,2026-05-12,P007290,capture,2760,110,2650,USD,
S014342,2026-05-12,P001566,capture,16035,495,15540,USD,
S014343,2026-05-12,P014667,capture,3190,123,3067,USD,
S014346,2026-05-12,P011626,capture,1928,86,1842,USD,
S014347,2026-05-12,P003637,capture,5344,185,5159,USD,
S014349,2026-05-12,P007012,capture,2707,109,2598,USD,
S014352,2026-05-12,P012747,capture,2537,104,2433,USD,
S014355,2026-05-12,P010801,capture,7917,260,7657,USD,
S014357,2026-05-12,P000649,capture,6453,217,6236,USD,
S014358,2026-05-12,P011042,capture,6208,210,5998,USD,
S014359,2026-05-12,P011926,capture,6201,210,5991,USD,
S014360,2026-05-12,P013698,capture,5705,195,5510,USD,
S014361,2026-05-12,P013945,capture,8346,272,8074,USD,
S014363,2026-05-12,P015629,capture,3153,121,3032,USD,
S014364,2026-05-12,P010297,capture,28491,856,27635,USD,
S014365,2026-05-12,P016773,capture,1679,79,1600,USD,
S014366,2026-05-12,P000791,capture,5173,180,4993,USD,
S014367,2026-05-12,P004435,capture,4256,153,4103,USD,
S014368,2026-05-12,P001591,capture,9891,317,9574,USD,
S014369,2026-05-12,P014421,capture,4627,164,4463,USD,
S014371,2026-05-12,P013018,capture,14560,452,14108,USD,
S014372,2026-05-12,P008230,capture,693,50,643,USD,
S014373,2026-05-12,P018241,capture,6314,213,6101,USD,
S014374,2026-05-12,P005673,capture,13569,424,13145,USD,
S014375,2026-05-12,P006074,capture,1688,79,1609,USD,
S014376,2026-05-12,P013274,capture,6042,205,5837,USD,
S014377,2026-05-12,P013656,capture,1423,71,1352,USD,
S014378,2026-05-12,P013177,capture,4599,163,4436,USD,
S014379,2026-05-12,P011314,capture,5070,177,4893,USD,
S014380,2026-05-12,P011738,capture,26209,790,25419,USD,
S014382,2026-05-12,P005990,capture,12907,404,12503,USD,
S014383,2026-05-12,P000658,capture,10149,324,9825,USD,
S014385,2026-05-12,P018676,capture,4741,167,4574,USD,
S014387,2026-05-12,P001988,capture,12613,396,12217,USD,
S014388,2026-05-12,P002446,capture,23218,703,22515,USD,
S014389,2026-05-12,P004527,capture,9393,302,9091,USD,
S014390,2026-05-12,P002030,capture,12189,383,11806,USD,
S014391,2026-05-12,P007139,capture,2800,111,2689,USD,
S014392,2026-05-12,P000896,capture,3380,128,3252,USD,
S014393,2026-05-12,P003188,capture,4619,164,4455,USD,
S014395,2026-05-12,P015022,capture,3846,142,3704,USD,
S014396,2026-05-12,P009824,capture,5809,198,5611,USD,
S014398,2026-05-12,P008905,capture,3321,126,3195,USD,
S014399,2026-05-12,P016568,capture,4983,175,4808,USD,
S014400,2026-05-12,P002513,capture,1095,62,1033,USD,
S014402,2026-05-12,P000060,capture,3867,142,3725,USD,
S014403,2026-05-12,P018773,capture,7138,237,6901,USD,
S014404,2026-05-12,P011862,refund,-9179,0,-9179,USD,
S014408,2026-05-12,P017197,capture,7151,237,6914,USD,
S014410,2026-05-12,P002135,capture,4213,152,4061,USD,
S014411,2026-05-12,P008915,capture,3167,122,3045,USD,
S014413,2026-05-12,P000519,capture,2782,111,2671,USD,
S014416,2026-05-12,P004344,capture,1356,69,1287,USD,
S014417,2026-05-12,P012473,capture,2439,101,2338,USD,
S014418,2026-05-12,P019287,capture,15678,485,15193,USD,
S014419,2026-05-12,P017725,capture,2784,111,2673,USD,
S014420,2026-05-12,P005612,capture,4167,151,4016,USD,
S014421,2026-05-12,P018762,capture,9490,305,9185,USD,
S014422,2026-05-12,P018485,capture,5087,178,4909,USD,
S014423,2026-05-12,P017185,capture,4436,159,4277,USD,
S014425,2026-05-12,P005618,capture,1065,61,1004,USD,
S014428,2026-05-12,P019066,capture,1264,67,1197,USD,
S014429,2026-05-12,P014418,capture,10093,323,9770,USD,
S014431,2026-05-12,P017453,capture,3077,119,2958,USD,
S014433,2026-05-12,P011145,capture,4469,160,4309,USD,
S014434,2026-05-12,P005301,capture,10776,343,10433,USD,
S014435,2026-05-12,P019656,capture,2204,94,2110,USD,
S014436,2026-05-12,P004335,capture,8955,290,8665,USD,
S014438,2026-05-12,P005631,capture,4635,164,4471,USD,
S014440,2026-05-12,P010149,capture,3879,142,3737,USD,
S014441,2026-05-12,P014714,capture,367,41,326,USD,
S014442,2026-05-12,P005114,capture,2188,93,2095,USD,
S014444,2026-05-12,P010712,capture,4400,158,4242,USD,
S014445,2026-05-12,P009153,capture,1366,70,1296,USD,
S014448,2026-05-12,P013090,capture,3562,133,3429,USD,
S014450,2026-05-12,P001950,capture,1949,87,1862,USD,
S014453,2026-05-12,P003802,capture,3650,136,3514,USD,
S014454,2026-05-12,P001583,capture,2864,113,2751,USD,
S014455,2026-05-12,P013066,capture,2239,95,2144,USD,
S014456,2026-05-12,P010223,refund,-9202,0,-9202,USD,
S014458,2026-05-12,P005043,capture,37913,1129,36784,USD,
S014460,2026-05-12,P016456,capture,31253,936,30317,USD,
S014461,2026-05-12,P013773,capture,3770,139,3631,USD,
S014462,2026-05-12,P014604,capture,11255,356,10899,USD,
S014463,2026-05-12,P016655,capture,9381,302,9079,USD,
S014464,2026-05-12,P012464,capture,7825,257,7568,USD,
S014465,2026-05-12,P001683,capture,8678,282,8396,USD,
S014468,2026-05-12,P001317,capture,49549,1467,48082,USD,
S014469,2026-05-12,P007567,capture,3279,125,3154,USD,
S014470,2026-05-12,P001058,capture,2817,112,2705,USD,
S014471,2026-05-12,P006609,capture,1665,78,1587,USD,
S014472,2026-05-12,P002305,capture,9440,304,9136,USD,
S014473,2026-05-12,P015015,capture,15591,482,15109,USD,
S014474,2026-05-12,P001156,capture,717,51,666,USD,
S014475,2026-05-12,P011536,capture,440,43,397,USD,
S014481,2026-05-12,P008772,capture,3860,142,3718,USD,
S014485,2026-05-12,P010813,capture,9606,309,9297,USD,
S014486,2026-05-12,P016904,capture,7626,251,7375,USD,
S014490,2026-05-12,P011342,capture,1254,66,1188,USD,
S014491,2026-05-12,P009679,capture,2925,115,2810,USD,
S014492,2026-05-12,P015552,capture,6434,217,6217,USD,
S014493,2026-05-12,P003487,capture,8126,266,7860,USD,
S014497,2026-05-12,P000873,capture,2251,95,2156,USD,
S014499,2026-05-12,P009729,capture,6879,229,6650,USD,
S014500,2026-05-12,P008595,capture,3660,136,3524,USD,
S014501,2026-05-12,P008628,capture,10106,323,9783,USD,
S014502,2026-05-12,P018877,capture,7270,241,7029,USD,
S014503,2026-05-12,P013849,capture,5400,187,5213,USD,
S014504,2026-05-12,P003942,capture,5220,181,5039,USD,
S014507,2026-05-12,P009602,capture,18158,557,17601,USD,
S014508,2026-05-12,P006776,capture,8030,263,7767,USD,
S014509,2026-05-12,P007870,capture,9049,292,8757,USD,
S014511,2026-05-12,P007780,capture,6370,215,6155,USD,
S014512,2026-05-12,P008570,capture,15388,476,14912,USD,
S014517,2026-05-12,P011590,capture,2106,91,2015,USD,
S014519,2026-05-12,P017559,capture,26207,790,25417,USD,
S014520,2026-05-12,P009447,capture,8307,271,8036,USD,
S014521,2026-05-12,P009802,capture,14544,452,14092,USD,
S014523,2026-05-12,P019052,capture,15154,469,14685,USD,
S014527,2026-05-12,P001693,capture,4246,153,4093,USD,
S014529,2026-05-12,P008095,capture,10370,331,10039,USD,
S014533,2026-05-12,P018501,capture,9671,310,9361,USD,
S014534,2026-05-12,P005087,capture,9973,319,9654,USD,
S014535,2026-05-12,P018527,capture,6750,226,6524,USD,
S014537,2026-05-12,P016805,capture,713,51,662,USD,
S014538,2026-05-12,P010389,capture,1948,86,1862,USD,
S014539,2026-05-12,P001773,capture,2258,95,2163,USD,
S014540,2026-05-12,P012413,capture,5396,186,5210,USD,
S014543,2026-05-12,P016292,capture,7889,259,7630,USD,
S014545,2026-05-12,P019985,capture,20429,622,19807,USD,
S014546,2026-05-12,P018791,capture,10041,321,9720,USD,
S014547,2026-05-12,P005911,capture,68260,2010,66250,USD,
S014550,2026-05-12,P012751,capture,8193,268,7925,USD,
S014552,2026-05-12,P007571,capture,5224,181,5043,USD,
S014553,2026-05-12,P010895,capture,5123,179,4944,USD,
S014556,2026-05-12,P003719,capture,7205,239,6966,USD,
S014557,2026-05-12,P007190,capture,8242,269,7973,USD,
S014558,2026-05-12,P017617,capture,5734,196,5538,USD,
S014559,2026-05-12,P011372,capture,1090,62,1028,USD,
S014560,2026-05-12,P017772,capture,31808,952,30856,USD,
S014561,2026-05-12,P011645,capture,4229,153,4076,USD,
S014562,2026-05-12,P011011,capture,16626,512,16114,USD,
S014564,2026-05-12,P011671,capture,4191,152,4039,USD,
S014565,2026-05-12,P014576,capture,1877,84,1793,USD,
S014567,2026-05-12,P017320,capture,3314,126,3188,USD,
S014569,2026-05-12,P000878,capture,4617,164,4453,USD,
S014570,2026-05-12,P014545,capture,2914,115,2799,USD,
S014571,2026-05-12,P012932,capture,31476,943,30533,USD,
S014572,2026-05-12,P006210,capture,6406,216,6190,USD,
S014574,2026-05-12,P014409,capture,4659,165,4494,USD,
S014576,2026-05-12,P003293,capture,15222,471,14751,USD,
S014578,2026-05-12,P018328,capture,39344,1171,38173,USD,
S014582,2026-05-12,P001266,capture,6709,225,6484,USD,
S014585,2026-05-12,P019528,capture,9633,309,9324,USD,
S014586,2026-05-12,P004709,capture,806,53,753,USD,
S014587,2026-05-12,P001565,capture,3205,123,3082,USD,
S014590,2026-05-12,P001485,capture,1668,78,1590,USD,
S014591,2026-05-12,P018926,capture,4075,148,3927,USD,
S014593,2026-05-12,P001791,capture,10513,335,10178,USD,
S014594,2026-05-12,P000654,capture,4261,154,4107,USD,
S014596,2026-05-12,P000438,capture,854,55,799,USD,
S014597,2026-05-12,P012309,capture,943,57,886,USD,
S014599,2026-05-12,P000161,capture,26074,786,25288,USD,
S014600,2026-05-12,P005800,capture,5755,197,5558,USD,
S014601,2026-05-12,P012381,capture,15512,480,15032,USD,
S014604,2026-05-12,P008374,capture,5642,194,5448,USD,
S014605,2026-05-12,P000830,capture,21626,657,20969,USD,
S014606,2026-05-12,P013784,capture,2771,110,2661,USD,
S014607,2026-05-12,P006952,capture,6195,210,5985,USD,
S014608,2026-05-12,P012522,capture,6800,227,6573,USD,
S014609,2026-05-12,P003872,capture,871,55,816,USD,
S014610,2026-05-12,P007415,capture,4541,162,4379,USD,
S014611,2026-05-12,P007972,capture,8706,282,8424,USD,
S014615,2026-05-12,P005909,capture,20745,632,20113,USD,
S014616,2026-05-12,P005561,capture,4098,149,3949,USD,
S014617,2026-05-12,P016248,capture,2534,103,2431,USD,
S014618,2026-05-12,P015372,capture,2434,101,2333,USD,
S014619,2026-05-12,P017887,capture,2747,110,2637,USD,
S014622,2026-05-12,P019694,capture,616,48,568,USD,
S014624,2026-05-12,P002743,capture,4303,155,4148,USD,
S014625,2026-05-12,P002195,capture,4447,159,4288,USD,
S014627,2026-05-12,P008687,capture,2251,95,2156,USD,
S014632,2026-05-12,P013140,capture,19423,593,18830,USD,
S014635,2026-05-12,P001466,capture,6610,222,6388,USD,
S014636,2026-05-12,P013802,capture,1040,60,980,USD,
S014638,2026-05-12,P005636,capture,2764,110,2654,USD,
S014639,2026-05-12,P011200,capture,3447,130,3317,USD,
S014640,2026-05-12,P016535,capture,1660,78,1582,USD,
S014642,2026-05-12,P014962,capture,4324,155,4169,USD,
S014644,2026-05-12,P002399,capture,1105,62,1043,USD,
S014645,2026-05-12,P002731,capture,6915,231,6684,USD,
S014646,2026-05-12,P019689,capture,14837,460,14377,USD,
S014647,2026-05-12,P019069,capture,29703,891,28812,USD,
S014648,2026-05-12,P016250,capture,6074,206,5868,USD,
S014649,2026-05-12,P005457,capture,1027,60,967,USD,
S014650,2026-05-12,P000162,capture,1560,75,1485,USD,
S014651,2026-05-12,P004028,capture,3717,138,3579,USD,
S014653,2026-05-12,P000446,capture,26916,811,26105,USD,
S014654,2026-05-12,P018204,capture,13826,431,13395,USD,
S014655,2026-05-12,P004194,capture,3074,119,2955,USD,
S014656,2026-05-12,P005523,capture,3540,133,3407,USD,
S014658,2026-05-12,P002757,capture,9414,303,9111,USD,
S014659,2026-05-12,P002484,capture,20262,618,19644,USD,
S014660,2026-05-12,P000685,capture,4647,165,4482,USD,
S014661,2026-05-12,P008953,capture,5820,199,5621,USD,
S014662,2026-05-12,P008057,capture,2675,108,2567,USD,
S014663,2026-05-12,P018857,capture,23627,715,22912,USD,
S014666,2026-05-12,P004393,capture,1816,83,1733,USD,
S014667,2026-05-12,P011704,capture,2179,93,2086,USD,
S014670,2026-05-12,P001604,capture,7962,261,7701,USD,
S014671,2026-05-12,P012444,capture,5377,186,5191,USD,
S014672,2026-05-12,P005085,capture,2618,106,2512,USD,
S014674,2026-05-12,P011983,capture,1368,70,1298,USD,
S014675,2026-05-12,P000360,capture,4912,172,4740,USD,
S014677,2026-05-12,P001880,capture,2890,114,2776,USD,
S014678,2026-05-12,P008834,capture,10136,324,9812,USD,
S014679,2026-05-12,P012643,capture,11739,370,11369,USD,
S014680,2026-05-12,P006086,capture,14207,442,13765,USD,
S014681,2026-05-12,P014889,capture,12175,383,11792,USD,
S014682,2026-05-12,P019058,capture,8891,288,8603,USD,
S014683,2026-05-12,P011442,capture,2466,102,2364,USD,
S014684,2026-05-12,P014482,capture,6543,220,6323,USD,
S014685,2026-05-12,P003605,capture,2027,89,1938,USD,
S014686,2026-05-12,P016857,capture,2976,116,2860,USD,
S014687,2026-05-12,P012818,capture,3045,118,2927,USD,
S014688,2026-05-12,P014580,capture,917,57,860,USD,
S014690,2026-05-12,P004752,capture,3614,135,3479,USD,
S014693,2026-05-12,P006822,capture,7788,256,7532,USD,
S014695,2026-05-12,P002871,capture,5574,192,5382,USD,
S014697,2026-05-12,P005075,capture,11266,357,10909,USD,
S014698,2026-05-12,P005979,capture,38905,1158,37747,USD,
S014699,2026-05-12,P010451,capture,4345,156,4189,USD,
S014700,2026-05-12,P012499,capture,4275,154,4121,USD,
S014702,2026-05-12,P011623,capture,2428,100,2328,USD,
S014704,2026-05-12,P018941,capture,2149,92,2057,USD,
S014705,2026-05-12,P014002,capture,1404,71,1333,USD,
S014707,2026-05-12,P010685,capture,5916,202,5714,USD,
S014710,2026-05-12,P014596,capture,16203,500,15703,USD,
S014712,2026-05-12,P016227,capture,3582,134,3448,USD,
S014713,2026-05-12,P014263,capture,9545,307,9238,USD,
S014716,2026-05-12,P003761,capture,36203,1080,35123,USD,
S014717,2026-05-12,P018518,capture,9623,309,9314,USD,
S014718,2026-05-12,P015226,capture,5498,189,5309,USD,
S014719,2026-05-12,P003718,capture,20806,633,20173,USD,
S014723,2026-05-12,P004506,capture,27090,816,26274,USD,
S014724,2026-05-12,P004104,capture,5383,186,5197,USD,
S014728,2026-05-12,P016834,capture,3114,120,2994,USD,
S014729,2026-05-12,P016021,capture,1405,71,1334,USD,
S014730,2026-05-12,P008775,capture,8044,263,7781,USD,
S014735,2026-05-12,P007815,capture,66476,1958,64518,USD,
S014737,2026-05-12,P014101,capture,8016,262,7754,USD,
S014738,2026-05-12,P000406,capture,9599,308,9291,USD,
S014740,2026-05-12,P009613,capture,38180,1137,37043,USD,
S014743,2026-05-12,P005398,capture,7987,262,7725,USD,
S014745,2026-05-12,P014473,capture,1584,76,1508,USD,
S014746,2026-05-12,P015177,capture,2261,96,2165,USD,
S014748,2026-05-12,P000698,capture,973,58,915,USD,
S014749,2026-05-12,P015503,capture,5737,196,5541,USD,
S014751,2026-05-12,P017107,capture,13539,423,13116,USD,
S014752,2026-05-12,P012758,capture,5695,195,5500,USD,
S014753,2026-05-12,P015287,capture,14151,440,13711,USD,
S014754,2026-05-12,P002299,capture,14165,441,13724,USD,
S014755,2026-05-12,P010008,capture,10459,333,10126,USD,
S014756,2026-05-12,P000133,capture,2451,101,2350,USD,
S014757,2026-05-12,P010684,capture,7526,248,7278,USD,
S014758,2026-05-12,P006158,capture,19521,596,18925,USD,
S014759,2026-05-12,P011776,capture,10102,323,9779,USD,
S014761,2026-05-12,P014265,capture,41966,1247,40719,USD,
S014762,2026-05-12,P004244,capture,3524,132,3392,USD,
S014764,2026-05-12,P013275,capture,2449,101,2348,USD,
S014765,2026-05-12,P012220,capture,37922,1130,36792,USD,
S014766,2026-05-12,P015610,capture,12971,406,12565,USD,
S014767,2026-05-12,P014642,capture,45859,1360,44499,USD,
S014769,2026-05-12,P019163,capture,15671,484,15187,USD,
S014770,2026-05-12,P017682,capture,1199,65,1134,USD,
S014775,2026-05-12,P007171,capture,836,54,782,USD,
S014777,2026-05-12,P017374,capture,12960,406,12554,USD,
S014778,2026-05-12,P003715,capture,5734,196,5538,USD,
S014780,2026-05-12,P009002,capture,8235,269,7966,USD,
S014781,2026-05-12,P017937,capture,1937,86,1851,USD,
S014782,2026-05-12,P017222,capture,7703,253,7450,USD,
S014783,2026-05-12,P004753,capture,1483,73,1410,USD,
S014784,2026-05-12,P010041,refund,-8535,0,-8535,USD,
S014785,2026-05-12,P001499,capture,3108,120,2988,USD,
S014786,2026-05-12,P003518,capture,5769,197,5572,USD,
S014787,2026-05-12,P003938,capture,23119,700,22419,USD,
S014788,2026-05-12,P013995,capture,5933,202,5731,USD,
S014791,2026-05-12,P007823,capture,2583,105,2478,USD,
S014793,2026-05-12,P014266,capture,2997,117,2880,USD,
S014794,2026-05-12,P015392,capture,16934,521,16413,USD,
S014795,2026-05-12,P015479,capture,5131,179,4952,USD,
S014796,2026-05-12,P004507,capture,1774,81,1693,USD,
S014797,2026-05-12,P008125,capture,8913,288,8625,USD,
S014798,2026-05-12,P002421,capture,4834,171,4663,EUR,converted at 1.0961
S014799,2026-05-12,P012092,capture,24987,755,24232,USD,
S014800,2026-05-12,P006844,capture,3702,137,3565,USD,
S014801,2026-05-12,P006558,capture,2885,114,2771,USD,
S014803,2026-05-12,P014222,capture,5577,192,5385,USD,
S014805,2026-05-12,P013675,capture,2775,110,2665,USD,
S014806,2026-05-12,P014959,capture,7680,253,7427,USD,
S014809,2026-05-12,P004007,capture,18678,572,18106,USD,
S014810,2026-05-12,P013594,capture,4461,159,4302,USD,
S014811,2026-05-12,P017636,capture,1470,73,1397,USD,
S014812,2026-05-12,P019017,capture,3589,134,3455,USD,
S014813,2026-05-12,P004525,capture,1403,71,1332,USD,
S014815,2026-05-12,P012362,capture,12084,380,11704,USD,
S014817,2026-05-12,P002241,capture,7691,253,7438,USD,
S014818,2026-05-12,P016908,capture,1707,80,1627,USD,
S014819,2026-05-12,P016092,capture,23202,703,22499,USD,
S014820,2026-05-12,P018777,capture,3128,121,3007,USD,
S014821,2026-05-12,P008522,capture,9922,318,9604,USD,
S014822,2026-05-12,P016818,capture,4332,156,4176,USD,
S014825,2026-05-12,P015209,capture,8414,274,8140,USD,
S014828,2026-05-12,P015520,capture,5219,181,5038,USD,
S014830,2026-05-12,P017620,capture,4710,167,4543,USD,
S014834,2026-05-12,P006345,capture,1422,71,1351,USD,
S014835,2026-05-12,P018881,capture,7597,250,7347,USD,
S014836,2026-05-12,P000686,capture,4602,163,4439,USD,
S014839,2026-05-12,P015648,capture,3328,127,3201,USD,
S014840,2026-05-12,P001478,capture,3175,122,3053,USD,
S014841,2026-05-12,P011818,capture,3169,122,3047,USD,
S014842,2026-05-12,P003098,capture,30532,915,29617,USD,
S014843,2026-05-12,P011340,capture,3122,121,3001,USD,
S014845,2026-05-12,P002803,capture,33972,1015,32957,USD,
S014846,2026-05-12,P018684,capture,5087,178,4909,USD,
S014847,2026-05-12,P010094,capture,1994,88,1906,USD,
S014851,2026-05-12,P003481,capture,8678,282,8396,USD,
S014852,2026-05-12,P007237,capture,10115,323,9792,USD,
S014853,2026-05-12,P017762,capture,1833,83,1750,USD,
S014854,2026-05-12,P010722,capture,898,56,842,USD,
S014856,2026-05-12,P009922,capture,10442,333,10109,USD,
S014858,2026-05-12,P019764,capture,20252,617,19635,USD,
S014859,2026-05-12,P009220,capture,29419,883,28536,USD,
S014860,2026-05-12,P010518,capture,7025,234,6791,USD,
S014862,2026-05-12,P002951,capture,7776,256,7520,USD,
S014863,2026-05-12,P010141,capture,2064,90,1974,USD,
S014864,2026-05-12,P006082,capture,15167,470,14697,USD,
S014866,2026-05-12,P013843,capture,3675,137,3538,USD,
S014867,2026-05-12,P003060,capture,2465,101,2364,USD,
S014869,2026-05-12,P018321,capture,14414,448,13966,USD,
S014874,2026-05-12,P010444,capture,23939,724,23215,USD,
S014876,2026-05-12,P012282,capture,23587,714,22873,USD,
S014877,2026-05-12,P008891,capture,12084,380,11704,USD,
S014878,2026-05-12,P000657,capture,4937,173,4764,USD,
S014880,2026-05-12,P016953,capture,2286,96,2190,USD,
S014882,2026-05-12,P012717,capture,28753,864,27889,USD,
S014884,2026-05-12,P001413,capture,2033,89,1944,USD,
S014885,2026-05-12,P015313,capture,2281,96,2185,USD,
S014888,2026-05-12,P019889,capture,20911,636,20275,USD,
S014891,2026-05-12,P007674,refund,-6327,0,-6327,USD,
S014893,2026-05-12,P002094,capture,5341,185,5156,USD,
S014894,2026-05-12,P008726,capture,1581,76,1505,USD,
S014896,2026-05-12,P009997,capture,6646,223,6423,USD,
S014897,2026-05-12,P019952,capture,12511,393,12118,USD,
S014899,2026-05-12,P010193,capture,2153,92,2061,USD,
S014900,2026-05-12,P001955,capture,3215,123,3092,USD,
S014901,2026-05-12,P010370,capture,14878,461,14417,USD,
S014902,2026-05-12,P017695,capture,5934,202,5732,USD,
S014904,2026-05-12,P003660,capture,2394,99,2295,USD,
S014905,2026-05-12,P005289,capture,5866,200,5666,USD,
S014906,2026-05-12,P018639,capture,4377,157,4220,USD,
S014907,2026-05-12,P013196,capture,1323,68,1255,USD,
S014909,2026-05-12,P011341,capture,9686,311,9375,USD,
S014910,2026-05-12,P015817,capture,42061,1250,40811,USD,
S014913,2026-05-12,P019831,capture,2727,109,2618,USD,
S014914,2026-05-12,P004521,refund,-13686,0,-13686,USD,
S014915,2026-05-12,P011805,capture,3376,128,3248,USD,
S014916,2026-05-12,P010399,capture,1237,66,1171,USD,
S014917,2026-05-12,P019437,capture,5348,185,5163,USD,
S014918,2026-05-12,P002846,capture,6706,224,6482,USD,
S014919,2026-05-12,P000179,capture,12555,394,12161,USD,
S014920,2026-05-12,P001819,capture,688,50,638,USD,
S014922,2026-05-12,P000989,refund,-13853,0,-13853,USD,
S014923,2026-05-12,P018519,capture,4351,156,4195,USD,
S014924,2026-05-12,P003976,capture,3809,140,3669,USD,
S014925,2026-05-12,P019722,capture,31576,946,30630,USD,
S014926,2026-05-12,P018980,capture,2824,112,2712,USD,
S014927,2026-05-12,P018344,capture,8622,280,8342,USD,
S014930,2026-05-12,P018439,capture,22678,688,21990,USD,
S014931,2026-05-12,P002005,capture,2317,97,2220,USD,
S014933,2026-05-12,P005972,capture,15278,473,14805,USD,
S014934,2026-05-12,P009961,capture,2076,90,1986,USD,
S014936,2026-05-12,P018831,capture,19149,585,18564,USD,
S014937,2026-05-12,P008602,capture,11647,368,11279,USD,
S014940,2026-05-12,P008583,capture,2562,104,2458,USD,
S014942,2026-05-12,P005230,capture,4702,166,4536,USD,
S014943,2026-05-12,P011605,capture,5080,177,4903,USD,
S014944,2026-05-12,P019137,capture,3566,133,3433,USD,
S014945,2026-05-12,P013454,capture,4420,158,4262,USD,
S014946,2026-05-12,P001656,capture,4541,162,4379,USD,
S014947,2026-05-12,P008332,capture,13817,431,13386,USD,
S014948,2026-05-12,P000684,capture,832,54,778,USD,
S014949,2026-05-12,P005246,capture,1584,76,1508,USD,
S014953,2026-05-12,P010548,capture,13777,430,13347,USD,
S014955,2026-05-12,P017041,capture,835,54,781,USD,
S014957,2026-05-12,P016262,refund,-4145,0,-4145,USD,
S014958,2026-05-12,P007281,capture,4340,156,4184,USD,
S014961,2026-05-12,P004371,capture,16134,498,15636,USD,
S014962,2026-05-12,P016813,capture,1383,70,1313,USD,
S014963,2026-05-12,P019553,capture,2702,108,2594,USD,
S014964,2026-05-12,P014104,capture,3365,128,3237,USD,
S014965,2026-05-12,P013535,capture,19047,582,18465,USD,
S014966,2026-05-12,P011917,capture,1953,87,1866,USD,
S014968,2026-05-12,P018436,capture,5870,200,5670,USD,
S014970,2026-05-12,P010789,capture,14476,450,14026,USD,
S014971,2026-05-12,P008216,capture,7740,254,7486,USD,
S014972,2026-05-12,P011646,capture,3533,132,3401,USD,
S014973,2026-05-12,P008210,capture,15595,482,15113,USD,
S014974,2026-05-12,P016337,capture,5402,187,5215,USD,
S014976,2026-05-12,P005660,capture,5502,190,5312,USD,
S014978,2026-05-12,P002213,capture,7707,254,7453,USD,
S014979,2026-05-12,P009457,capture,787,53,734,USD,
S014981,2026-05-12,P002618,capture,6636,222,6414,USD,
S014983,2026-05-12,P002049,capture,4603,163,4440,USD,
S014984,2026-05-12,P012637,capture,6118,207,5911,USD,
S014985,2026-05-12,P012335,capture,2343,98,2245,USD,
S014988,2026-05-12,P010670,capture,3184,122,3062,USD,
S014989,2026-05-12,P004078,capture,5824,199,5625,USD,
S014991,2026-05-12,P013113,capture,7081,235,6846,USD,
S014992,2026-05-12,P004355,capture,3094,120,2974,USD,
S014994,2026-05-12,P000156,capture,46317,1372,44945,EUR,converted at 1.0961
S014995,2026-05-12,P006371,capture,1055,61,994,USD,
S014996,2026-05-12,P005606,capture,2338,98,2240,USD,
S014998,2026-05-12,P009846,capture,4715,167,4548,USD,
S014999,2026-05-12,P005425,capture,2820,112,2708,USD,
S015000,2026-05-12,P000348,capture,4694,166,4528,USD,
S015002,2026-05-12,P019650,capture,5092,178,4914,USD,
S015003,2026-05-12,P012343,capture,1494,73,1421,USD,
S015006,2026-05-12,P012644,capture,2170,93,2077,USD,
S015007,2026-05-12,P000054,capture,1212,65,1147,USD,
S015008,2026-05-12,P003546,capture,19943,608,19335,USD,
S015009,2026-05-12,P007159,capture,794,41,753,USD,
S015010,2026-05-12,P004989,capture,1671,78,1593,USD,
S015011,2026-05-12,P007703,capture,12284,386,11898,USD,
S015014,2026-05-12,P016236,capture,7777,256,7521,USD,
S015015,2026-05-12,P002492,capture,11769,371,11398,USD,
S015016,2026-05-12,P013947,capture,5073,177,4896,USD,
S015018,2026-05-12,P009113,capture,5569,192,5377,USD,
S015019,2026-05-12,P011674,capture,2822,112,2710,USD,
S015020,2026-05-12,P019399,capture,3571,134,3437,USD,
S015021,2026-05-12,P014702,refund,-743,0,-743,USD,
S015023,2026-05-12,P001937,capture,7137,237,6900,USD,
S015024,2026-05-12,P003798,capture,4745,168,4577,USD,
S015025,2026-05-12,P002330,capture,3197,123,3074,USD,
S015026,2026-05-12,P000522,capture,59618,1759,57859,USD,
S015027,2026-05-12,P012376,capture,1704,79,1625,USD,
S015029,2026-05-12,P000664,capture,9741,312,9429,USD,
S015031,2026-05-12,P017421,capture,11691,369,11322,USD,
S015032,2026-05-12,P016123,capture,7121,237,6884,USD,
S015033,2026-05-12,P001620,capture,5961,203,5758,USD,
S015037,2026-05-12,P000940,capture,14051,437,13614,USD,
S015039,2026-05-12,P009362,capture,21164,644,20520,USD,
S015040,2026-05-12,P012886,capture,4382,157,4225,USD,
S015041,2026-05-12,P011641,capture,8128,266,7862,USD,
S015042,2026-05-12,P016973,capture,6588,221,6367,USD,
S015043,2026-05-12,P014621,capture,5668,194,5474,USD,
S015044,2026-05-12,P000244,capture,11405,361,11044,USD,
S015046,2026-05-12,P015010,capture,2822,112,2710,USD,
S015049,2026-05-12,P002375,capture,3876,142,3734,USD,
S015050,2026-05-12,P019794,refund,-14727,0,-14727,USD,
S015051,2026-05-12,P002288,capture,36030,1075,34955,USD,
S015052,2026-05-12,P003090,capture,25098,758,24340,USD,
S015053,2026-05-12,P004894,capture,21787,662,21125,USD,
S015055,2026-05-12,P010112,capture,4865,171,4694,USD,
S015058,2026-05-12,P016449,capture,10343,330,10013,USD,
S015060,2026-05-12,P000717,capture,834,54,780,USD,
S015061,2026-05-12,P001787,capture,4624,164,4460,USD,
S015063,2026-05-12,P015421,capture,72236,2125,70111,USD,
S015065,2026-05-12,P018609,capture,5464,188,5276,USD,
S015067,2026-05-12,P019549,capture,4328,156,4172,USD,
S015068,2026-05-12,P006928,capture,9995,320,9675,USD,
S015070,2026-05-12,P000757,capture,5532,190,5342,USD,
S015071,2026-05-12,P002125,capture,3264,125,3139,USD,
S015072,2026-05-12,P019005,capture,10729,341,10388,USD,
S015073,2026-05-12,P001087,capture,6587,221,6366,USD,
S015074,2026-05-12,P002086,capture,11152,353,10799,USD,
S015075,2026-05-12,P007283,capture,9334,301,9033,USD,
S015076,2026-05-12,P003045,capture,1888,85,1803,USD,
S015078,2026-05-12,P005073,capture,2146,92,2054,USD,
S015081,2026-05-12,P002725,capture,5807,198,5609,USD,
S015082,2026-05-12,P006876,capture,1733,80,1653,USD,
S015083,2026-05-12,P004666,capture,5830,199,5631,USD,
S015084,2026-05-12,P017571,capture,4346,156,4190,USD,
S015086,2026-05-12,P005502,capture,10790,343,10447,USD,
S015088,2026-05-12,P009972,capture,8202,268,7934,USD,
S015089,2026-05-12,P016986,capture,2290,96,2194,USD,
S015090,2026-05-12,P008706,capture,1248,66,1182,USD,
S015091,2026-05-12,P017865,capture,11438,362,11076,USD,
S015092,2026-05-12,P013008,capture,7798,255,7543,EUR,converted at 1.0961
S015093,2026-05-12,P014915,capture,10012,320,9692,USD,
S015094,2026-05-12,P006195,capture,1879,84,1795,USD,
S015095,2026-05-12,P002325,capture,1652,78,1574,USD,
S015097,2026-05-12,P001674,capture,10556,336,10220,USD,
S015098,2026-05-12,P012377,capture,1266,67,1199,USD,
S015100,2026-05-12,P002395,capture,996,59,937,USD,
S015101,2026-05-12,P005275,capture,5989,204,5785,USD,
S015103,2026-05-12,P002839,capture,8186,267,7919,USD,
S015104,2026-05-12,P011660,capture,9112,294,8818,USD,
S015112,2026-05-12,P019880,capture,1561,75,1486,USD,
S015113,2026-05-12,P003154,capture,3558,133,3425,USD,
S015114,2026-05-12,P014240,capture,8578,279,8299,USD,
S015115,2026-05-12,P014234,capture,14521,451,14070,USD,
S015118,2026-05-12,P007416,capture,458,43,415,USD,
S015119,2026-05-12,P003956,capture,5751,197,5554,USD,
S015120,2026-05-12,P003856,capture,5374,186,5188,USD,
S015121,2026-05-12,P002897,capture,6637,222,6415,USD,
S015122,2026-05-12,P017093,capture,38997,1161,37836,USD,
S015123,2026-05-12,P001363,capture,6548,220,6328,USD,
S015124,2026-05-12,P014919,capture,8564,278,8286,USD,
S015128,2026-05-12,P003254,capture,4381,157,4224,USD,
S015130,2026-05-12,P017985,capture,1131,63,1068,USD,
S015132,2026-05-12,P012878,capture,7077,235,6842,USD,
S015133,2026-05-12,P002220,capture,37865,1128,36737,USD,
S015134,2026-05-12,P002759,capture,1756,81,1675,USD,
S015135,2026-05-12,P007039,capture,1842,83,1759,USD,
S015136,2026-05-12,P010687,capture,7217,239,6978,USD,
S015137,2026-05-12,P008688,capture,6374,215,6159,USD,
S015138,2026-05-12,P008608,capture,2525,103,2422,USD,
S015140,2026-05-12,P015376,capture,10323,329,9994,USD,
S015141,2026-05-12,P003620,capture,19963,609,19354,USD,
S015144,2026-05-12,P019561,capture,5544,191,5353,USD,
S015145,2026-05-12,P006748,capture,6221,210,6011,USD,
S015146,2026-05-12,P001496,capture,5624,193,5431,USD,
S015147,2026-05-12,P013702,capture,15140,469,14671,USD,
S015148,2026-05-12,P014042,capture,734,51,683,USD,
S015149,2026-05-12,P017728,capture,2782,111,2671,USD,
S015150,2026-05-12,P012896,capture,903,56,847,USD,
S015152,2026-05-12,P009201,capture,5713,196,5517,USD,
S015153,2026-05-12,P010135,capture,1071,61,1010,USD,
S015155,2026-05-12,P007505,capture,1334,69,1265,USD,
S015160,2026-05-12,P019406,capture,3085,119,2966,USD,
S015161,2026-05-12,P012276,capture,1074,61,1013,USD,
S015162,2026-05-12,P019233,capture,13563,423,13140,USD,
S015166,2026-05-12,P013537,capture,1644,66,1578,USD,
S015167,2026-05-12,P014427,capture,7983,262,7721,USD,
S015168,2026-05-12,P001158,capture,1082,61,1021,USD,
S015169,2026-05-12,P019128,capture,11363,360,11003,USD,
S015170,2026-05-12,P016959,capture,4052,148,3904,USD,
S015173,2026-05-12,P000258,capture,4487,160,4327,USD,
S015174,2026-05-12,P015210,capture,29385,882,28503,USD,
S015176,2026-05-12,P004015,capture,14756,458,14298,USD,
S015177,2026-05-12,P001310,capture,4336,156,4180,USD,
S015178,2026-05-12,P018794,capture,433,43,390,USD,
S015180,2026-05-12,P017224,capture,1047,60,987,USD,
S015181,2026-05-12,P002869,capture,6276,212,6064,USD,
S015182,2026-05-12,P011208,capture,3150,121,3029,USD,
S015184,2026-05-12,P008895,capture,19305,590,18715,USD,
S015186,2026-05-12,P016515,capture,3518,132,3386,USD,
S015187,2026-05-12,P015997,capture,5633,193,5440,USD,
S015188,2026-05-12,P015344,capture,22914,695,22219,USD,
S015189,2026-05-12,P004742,capture,22118,671,21447,USD,
S015190,2026-05-12,P014022,capture,13371,418,12953,USD,
S015191,2026-05-12,P015285,capture,5108,178,4930,USD,
S015192,2026-05-12,P017099,capture,6139,208,5931,USD,
S015193,2026-05-12,P015847,capture,1470,73,1397,USD,
S015194,2026-05-12,P018586,capture,2892,114,2778,USD,
S015195,2026-05-12,P008226,capture,1853,84,1769,USD,
S015198,2026-05-12,P016489,capture,12741,399,12342,USD,
S015199,2026-05-12,P005595,capture,5450,188,5262,USD,
S015200,2026-05-12,P009650,capture,1600,76,1524,USD,
S015204,2026-05-12,P000835,capture,16671,513,16158,USD,
S015206,2026-05-12,P005371,capture,5140,179,4961,USD,
S015207,2026-05-12,P011546,capture,3349,127,3222,USD,
S015208,2026-05-12,P010239,capture,606,48,558,USD,
S015210,2026-05-12,P003105,capture,2467,102,2365,USD,
S015211,2026-05-12,P009887,capture,5071,177,4894,USD,
S015212,2026-05-12,P007202,capture,1809,82,1727,USD,
S015213,2026-05-12,P005845,capture,3191,123,3068,USD,
S015216,2026-05-12,P019015,capture,7200,239,6961,USD,
S015218,2026-05-12,P004580,capture,4081,148,3933,USD,
S015220,2026-05-12,P007346,capture,1041,60,981,USD,
S015221,2026-05-12,P001750,capture,4860,171,4689,USD,
S015222,2026-05-12,P018947,capture,3290,125,3165,USD,
S015225,2026-05-12,P003657,capture,8959,290,8669,USD,
S015226,2026-05-12,P019647,capture,18847,577,18270,USD,
S015228,2026-05-12,P018373,capture,13955,435,13520,USD,
S015229,2026-05-12,P019857,capture,1821,83,1738,USD,
S015230,2026-05-12,P002402,capture,5814,199,5615,USD,
S015232,2026-05-12,P006203,refund,-3759,0,-3759,USD,
S015233,2026-05-12,P001131,capture,4035,147,3888,USD,
S015235,2026-05-12,P002613,capture,5160,180,4980,USD,
S015236,2026-05-12,P014964,capture,3136,121,3015,USD,
S015237,2026-05-12,P003704,capture,8057,264,7793,USD,
S015238,2026-05-12,P002908,capture,5436,188,5248,USD,
S015239,2026-05-12,P011339,capture,2632,106,2526,USD,
S015242,2026-05-12,P004176,capture,7139,237,6902,USD,
S015243,2026-05-12,P000073,capture,6166,209,5957,USD,
S015244,2026-05-12,P005640,capture,7226,240,6986,USD,
S015247,2026-05-12,P008837,capture,2049,89,1960,USD,
S015248,2026-05-12,P010733,capture,5424,187,5237,USD,
S015249,2026-05-12,P011199,capture,3983,146,3837,USD,
S015251,2026-05-12,P016826,capture,4630,164,4466,USD,
S015252,2026-05-12,P013045,capture,10777,343,10434,USD,
S015253,2026-05-12,P007236,capture,6788,227,6561,USD,
S015256,2026-05-12,P015832,capture,6773,226,6547,USD,
S015258,2026-05-12,P017946,capture,5949,203,5746,USD,
S015262,2026-05-12,P018955,capture,1659,78,1581,USD,
S015263,2026-05-12,P017446,capture,2579,105,2474,USD,
S015264,2026-05-12,P010727,refund,-7465,0,-7465,USD,
S015265,2026-05-12,P012735,capture,11972,377,11595,USD,
S015266,2026-05-12,P008730,capture,6702,224,6478,USD,
S015267,2026-05-12,P010627,capture,4557,162,4395,USD,
S015269,2026-05-12,P019830,capture,5184,180,5004,USD,
S015270,2026-05-12,P018897,capture,9756,313,9443,USD,
S015271,2026-05-12,P017921,capture,4828,170,4658,USD,
S015272,2026-05-12,P011065,capture,19115,584,18531,USD,
S015273,2026-05-12,P012797,capture,6987,233,6754,USD,
S015276,2026-05-12,P009051,capture,13912,433,13479,USD,
S015277,2026-05-12,P018567,capture,7425,245,7180,USD,
S015280,2026-05-12,P010992,capture,5482,189,5293,USD,
S015281,2026-05-12,P016548,capture,4746,168,4578,USD,
S015282,2026-05-12,P000248,capture,1693,79,1614,USD,
S015284,2026-05-12,P017637,refund,-3613,0,-3613,USD,
S015285,2026-05-12,P001753,capture,4308,155,4153,USD,
S015286,2026-05-12,P008229,capture,4826,170,4656,USD,
S015287,2026-05-12,P015982,capture,18648,571,18077,USD,
S015288,2026-05-12,P011797,capture,1373,70,1303,USD,
S015289,2026-05-12,P010010,capture,8387,273,8114,USD,
S015290,2026-05-12,P018715,capture,4099,149,3950,USD,
S015291,2026-05-12,P004034,capture,3197,123,3074,USD,
S015292,2026-05-12,P007789,capture,2250,95,2155,USD,
S015296,2026-05-12,P013212,capture,762,52,710,USD,
S015298,2026-05-12,P013855,capture,1797,82,1715,USD,
S015300,2026-05-12,P007360,capture,3441,130,3311,USD,
S015302,2026-05-12,P004065,capture,4656,165,4491,USD,
S015303,2026-05-12,P019968,capture,16279,502,15777,USD,
S015304,2026-05-12,P012801,capture,6778,227,6551,USD,
S015305,2026-05-12,P009746,capture,2575,105,2470,USD,
S015306,2026-05-12,P019160,capture,4125,150,3975,USD,
S015307,2026-05-12,P015879,capture,4353,156,4197,USD,
S015308,2026-05-12,P019374,capture,5851,200,5651,USD,
S015310,2026-05-12,P007760,capture,3056,119,2937,USD,
S015311,2026-05-12,P019559,capture,2107,91,2016,USD,
S015312,2026-05-12,P009242,refund,-3396,0,-3396,USD,
S015313,2026-05-12,P003843,capture,5413,187,5226,USD,
S015314,2026-05-12,P018517,capture,8795,285,8510,USD,
S015315,2026-05-12,P015538,capture,7303,242,7061,USD,
S015317,2026-05-12,P010099,capture,5361,185,5176,USD,
S016616,2026-05-12,P010714,capture,845,55,790,USD,
S016623,2026-05-12,P012864,capture,6480,218,6262,USD,
S016627,2026-05-12,P014873,capture,12809,401,12408,USD,
S016628,2026-05-12,P015264,capture,13971,435,13536,USD,
S011860,2026-05-13,P006097,capture,8630,280,8350,USD,
S011863,2026-05-13,P015635,capture,17384,534,16850,USD,
S011868,2026-05-13,P018713,capture,8586,279,8307,USD,
S011925,2026-05-13,P018760,capture,7264,241,7023,USD,
S011927,2026-05-13,P017387,capture,2888,114,2774,USD,
S011936,2026-05-13,P014521,capture,3208,123,3085,USD,
S011948,2026-05-13,P006354,capture,2370,99,2271,USD,
S011966,2026-05-13,P019558,capture,1804,82,1722,USD,
S011985,2026-05-13,P016333,capture,7157,238,6919,USD,
S011990,2026-05-13,P013495,capture,5090,178,4912,USD,
S011998,2026-05-13,P008234,capture,3002,117,2885,USD,
S012003,2026-05-13,P011561,capture,18666,571,18095,USD,
S012004,2026-05-13,P009332,capture,3989,146,3843,USD,
S012016,2026-05-13,P016701,capture,9137,295,8842,USD,
S012019,2026-05-13,P004626,capture,16356,504,15852,USD,
S012023,2026-05-13,P016291,capture,12851,403,12448,USD,
S012026,2026-05-13,P007451,capture,8096,265,7831,USD,
S012032,2026-05-13,P012918,capture,19746,603,19143,USD,
S012060,2026-05-13,P001232,capture,14874,461,14413,USD,
S012065,2026-05-13,P019625,capture,8010,262,7748,USD,
S012123,2026-05-13,P005051,capture,13447,420,13027,USD,
S012136,2026-05-13,P009316,capture,5851,200,5651,USD,
S012153,2026-05-13,P017900,capture,950,58,892,USD,
S012157,2026-05-13,P012059,refund,-2060,0,-2060,USD,
S012158,2026-05-13,P001147,capture,1648,78,1570,USD,
S012159,2026-05-13,P013293,capture,1782,82,1700,USD,
S012164,2026-05-13,P013478,capture,22528,683,21845,USD,
S012167,2026-05-13,P002591,capture,1294,68,1226,USD,
S012197,2026-05-13,P011117,capture,1968,87,1881,USD,
S012199,2026-05-13,P017518,capture,2395,99,2296,USD,
S012205,2026-05-13,P006465,capture,22769,690,22079,USD,
S012206,2026-05-13,P008087,capture,1561,75,1486,USD,
S012217,2026-05-13,P006811,capture,5067,177,4890,USD,
S012273,2026-05-13,P006466,capture,2060,90,1970,USD,
S012279,2026-05-13,P002812,capture,1699,79,1620,USD,
S012282,2026-05-13,P000753,capture,1551,75,1476,USD,
S012290,2026-05-13,P008438,capture,2251,95,2156,USD,
S012312,2026-05-13,P010596,capture,2034,89,1945,USD,
S012313,2026-05-13,P007604,capture,6568,220,6348,USD,
S012331,2026-05-13,P015411,capture,2853,113,2740,USD,
S012343,2026-05-13,P002619,capture,10288,328,9960,USD,
S012352,2026-05-13,P018737,capture,13582,424,13158,USD,
S012372,2026-05-13,P014587,capture,6409,216,6193,USD,
S012376,2026-05-13,P018847,capture,3462,130,3332,USD,
S012386,2026-05-13,P007739,capture,2224,94,2130,USD,
S012393,2026-05-13,P003806,capture,1403,71,1332,USD,
S012395,2026-05-13,P013680,capture,585,47,538,USD,
S012460,2026-05-13,P006283,capture,5792,198,5594,USD,
S012477,2026-05-13,P019130,capture,4670,165,4505,USD,
S012479,2026-05-13,P019577,capture,2408,100,2308,USD,
S012484,2026-05-13,P019221,capture,15955,493,15462,USD,
S012515,2026-05-13,P014509,capture,1804,82,1722,USD,
S012521,2026-05-13,P011792,capture,5351,185,5166,USD,
S012524,2026-05-13,P000169,capture,3181,122,3059,USD,
S012535,2026-05-13,P000786,capture,16320,503,15817,USD,
S012548,2026-05-13,P011374,capture,11505,364,11141,USD,
S012549,2026-05-13,P000885,capture,2152,92,2060,USD,
S012552,2026-05-13,P005479,capture,14050,437,13613,USD,
S012580,2026-05-13,P014858,capture,19085,583,18502,USD,
S012601,2026-05-13,P017485,capture,4009,146,3863,USD,
S012646,2026-05-13,P009951,capture,1156,64,1092,USD,
S012652,2026-05-13,P008714,capture,6461,217,6244,USD,
S012666,2026-05-13,P006286,capture,2165,93,2072,USD,
S012684,2026-05-13,P005449,capture,5742,197,5545,USD,
S012732,2026-05-13,P019947,capture,3034,117,2917,EUR,converted at 1.0961
S012745,2026-05-13,P018632,capture,30630,918,29712,USD,
S012753,2026-05-13,P010725,capture,1608,77,1531,USD,
S012773,2026-05-13,P001991,capture,1989,88,1901,USD,
S012775,2026-05-13,P000442,capture,3889,143,3746,USD,
S012777,2026-05-13,P011880,capture,1854,84,1770,USD,
S012825,2026-05-13,P012542,capture,4957,174,4783,USD,
S012833,2026-05-13,P001555,capture,8113,265,7848,USD,
S012862,2026-05-13,P019732,capture,10858,345,10513,USD,
S012877,2026-05-13,P009862,capture,6414,216,6198,USD,
S012882,2026-05-13,P018465,capture,6381,215,6166,USD,
S012886,2026-05-13,P013236,capture,7386,244,7142,USD,
S012899,2026-05-13,P014831,capture,21036,640,20396,USD,
S012919,2026-05-13,P009583,capture,345,40,305,USD,
S012924,2026-05-13,P000055,capture,4937,173,4764,USD,
S012932,2026-05-13,P013226,capture,1143,63,1080,USD,
S012948,2026-05-13,P014999,capture,11730,370,11360,USD,
S012965,2026-05-13,P011528,capture,2800,111,2689,USD,
S012979,2026-05-13,P000611,capture,1622,77,1545,USD,
S012983,2026-05-13,P001713,capture,11305,358,10947,USD,
S012985,2026-05-13,P010546,capture,5697,195,5502,USD,
S013006,2026-05-13,P011606,capture,3095,120,2975,USD,
S013022,2026-05-13,P009302,capture,3435,130,3305,USD,
S013037,2026-05-13,P018438,capture,4817,170,4647,USD,
S013056,2026-05-13,P018045,capture,1706,79,1627,USD,
S013057,2026-05-13,P009367,capture,589,47,542,USD,
S013079,2026-05-13,P018261,capture,3491,131,3360,USD,
S013088,2026-05-13,P014229,capture,5907,201,5706,USD,
S013092,2026-05-13,P006111,capture,11167,354,10813,USD,
S013108,2026-05-13,P019770,capture,7943,260,7683,USD,
S013118,2026-05-13,P010023,capture,2002,88,1914,USD,
S013131,2026-05-13,P015370,capture,3518,132,3386,USD,
S013155,2026-05-13,P018189,capture,2165,93,2072,USD,
S013170,2026-05-13,P007203,capture,4078,148,3930,USD,
S013177,2026-05-13,P001375,capture,11390,360,11030,USD,
S013179,2026-05-13,P009683,capture,10423,332,10091,USD,
S013205,2026-05-13,P014162,capture,6014,204,5810,USD,
S013221,2026-05-13,P001387,capture,3378,128,3250,USD,
S013226,2026-05-13,P015306,capture,1271,67,1204,USD,
S013235,2026-05-13,P005250,capture,2138,92,2046,USD,
S013246,2026-05-13,P006754,capture,8927,289,8638,USD,
S013263,2026-05-13,P002924,capture,1035,60,975,USD,
S013291,2026-05-13,P008495,capture,4039,147,3892,USD,
S013294,2026-05-13,P005331,capture,4280,154,4126,USD,
S013298,2026-05-13,P006951,capture,3755,139,3616,USD,
S013306,2026-05-13,P010202,capture,3604,135,3469,USD,
S013312,2026-05-13,P003181,refund,-8356,0,-8356,USD,
S013320,2026-05-13,P005730,capture,6634,222,6412,USD,
S013334,2026-05-13,P017148,capture,8558,278,8280,USD,
S013346,2026-05-13,P009350,capture,7660,252,7408,USD,
S013416,2026-05-13,P001837,capture,17194,529,16665,USD,
S013424,2026-05-13,P007383,capture,8811,286,8525,USD,
S013427,2026-05-13,P009749,capture,11508,364,11144,USD,
S013432,2026-05-13,P011000,capture,7134,237,6897,USD,
S013446,2026-05-13,P008449,capture,3189,122,3067,USD,
S013507,2026-05-13,P013871,capture,6878,229,6649,USD,
S013511,2026-05-13,P017494,capture,5719,196,5523,USD,
S013512,2026-05-13,P003981,capture,1836,83,1753,USD,
S013522,2026-05-13,P017327,capture,11738,370,11368,USD,
S013523,2026-05-13,P019500,capture,14703,456,14247,USD,
S013529,2026-05-13,P018514,capture,12705,398,12307,USD,
S013546,2026-05-13,P007046,capture,3570,134,3436,USD,
S013584,2026-05-13,P002105,capture,4352,156,4196,USD,
S013596,2026-05-13,P006062,capture,3326,126,3200,USD,
S013601,2026-05-13,P017474,capture,4554,162,4392,USD,
S013608,2026-05-13,P012553,capture,1871,84,1787,USD,
S013652,2026-05-13,P003687,capture,1152,63,1089,USD,
S013655,2026-05-13,P007444,capture,9629,309,9320,USD,
S013673,2026-05-13,P018186,capture,7990,262,7728,USD,
S013674,2026-05-13,P013540,capture,7790,256,7534,USD,
S013683,2026-05-13,P005469,capture,4948,173,4775,USD,
S013691,2026-05-13,P000899,capture,3495,131,3364,USD,
S013697,2026-05-13,P019341,capture,17284,531,16753,USD,
S013706,2026-05-13,P017022,capture,14841,460,14381,USD,
S013709,2026-05-13,P002668,capture,7549,249,7300,USD,
S013710,2026-05-13,P006244,capture,793,53,740,USD,
S013719,2026-05-13,P013722,capture,3565,133,3432,USD,
S013731,2026-05-13,P008799,capture,1272,67,1205,USD,
S013737,2026-05-13,P010432,capture,4570,163,4407,USD,
S013748,2026-05-13,P006864,capture,3503,132,3371,USD,
S013753,2026-05-13,P015612,capture,8183,267,7916,USD,
S013776,2026-05-13,P012183,capture,3751,139,3612,USD,
S013786,2026-05-13,P015704,capture,4739,167,4572,USD,
S013788,2026-05-13,P005732,capture,5326,184,5142,USD,
S013796,2026-05-13,P002170,capture,5640,194,5446,USD,
S013842,2026-05-13,P004621,capture,5441,188,5253,USD,
S013865,2026-05-13,P014805,capture,2526,103,2423,USD,
S013876,2026-05-13,P019297,capture,406,42,364,USD,
S013886,2026-05-13,P016107,capture,3819,141,3678,USD,
S013897,2026-05-13,P000245,capture,6792,227,6565,USD,
S013907,2026-05-13,P000149,capture,3483,131,3352,USD,
S013917,2026-05-13,P010409,capture,4525,161,4364,USD,
S013941,2026-05-13,P016961,capture,3700,137,3563,USD,
S013970,2026-05-13,P006912,refund,-9799,0,-9799,USD,
S013981,2026-05-13,P010860,capture,3061,118,2943,EUR,converted at 1.0961
S014013,2026-05-13,P007229,capture,12358,388,11970,USD,
S014068,2026-05-13,P010114,capture,6394,215,6179,USD,
S014112,2026-05-13,P019922,capture,3729,138,3591,USD,
S014119,2026-05-13,P008300,capture,24251,733,23518,USD,
S014143,2026-05-13,P008820,capture,2693,108,2585,USD,
S014144,2026-05-13,P008003,capture,16144,498,15646,USD,
S014149,2026-05-13,P002980,capture,7391,244,7147,USD,
S014150,2026-05-13,P013191,capture,5232,182,5050,USD,
S014151,2026-05-13,P008852,capture,2997,117,2880,USD,
S014152,2026-05-13,P003701,capture,2178,93,2085,USD,
S014156,2026-05-13,P006427,capture,1069,61,1008,USD,
S014160,2026-05-13,P017149,capture,5569,192,5377,USD,
S014161,2026-05-13,P011079,capture,9510,306,9204,USD,
S014162,2026-05-13,P016935,capture,2651,107,2544,USD,
S014165,2026-05-13,P005871,capture,1959,87,1872,USD,
S014166,2026-05-13,P001807,capture,15289,473,14816,USD,
S014168,2026-05-13,P007832,capture,3986,146,3840,USD,
S014171,2026-05-13,P013908,capture,3091,120,2971,USD,
S014174,2026-05-13,P007748,capture,1173,64,1109,USD,
S014176,2026-05-13,P012500,capture,931,57,874,USD,
S014177,2026-05-13,P002719,capture,731,51,680,USD,
S014181,2026-05-13,P016589,capture,12368,389,11979,USD,
S014183,2026-05-13,P007293,capture,11067,351,10716,USD,
S014190,2026-05-13,P005804,capture,8303,271,8032,USD,
S014192,2026-05-13,P013044,capture,8160,267,7893,USD,
S014195,2026-05-13,P010752,capture,6306,213,6093,USD,
S014197,2026-05-13,P010657,capture,6506,219,6287,USD,
S014208,2026-05-13,P008194,capture,4312,155,4157,USD,
S014211,2026-05-13,P015517,capture,16803,517,16286,USD,
S014229,2026-05-13,P017847,capture,23142,701,22441,USD,
S014230,2026-05-13,P008867,capture,6154,208,5946,USD,
S014231,2026-05-13,P018115,capture,6360,214,6146,USD,
S014232,2026-05-13,P009086,capture,4406,158,4248,USD,
S014235,2026-05-13,P011276,capture,3463,130,3333,USD,
S014244,2026-05-13,P014386,capture,6709,225,6484,USD,
S014249,2026-05-13,P012831,capture,10754,342,10412,USD,
S014250,2026-05-13,P006657,capture,18801,575,18226,USD,
S014252,2026-05-13,P007361,capture,10858,345,10513,USD,
S014253,2026-05-13,P014838,capture,9470,305,9165,USD,
S014256,2026-05-13,P012686,capture,1456,72,1384,USD,
S014258,2026-05-13,P008335,capture,1286,67,1219,USD,
S014261,2026-05-13,P001170,capture,9001,291,8710,USD,
S014262,2026-05-13,P012977,capture,6926,231,6695,USD,
S014263,2026-05-13,P017791,capture,3174,122,3052,USD,
S014264,2026-05-13,P014249,capture,7649,252,7397,USD,
S014270,2026-05-13,P006102,capture,1689,79,1610,USD,
S014282,2026-05-13,P004988,capture,7414,245,7169,USD,
S014284,2026-05-13,P010849,capture,3338,127,3211,USD,
S014286,2026-05-13,P006583,capture,6156,209,5947,USD,
S014299,2026-05-13,P002820,capture,13335,417,12918,USD,
S014302,2026-05-13,P019035,capture,3609,135,3474,USD,
S014303,2026-05-13,P003276,capture,4931,173,4758,USD,
S014304,2026-05-13,P018178,capture,4376,157,4219,USD,
S014309,2026-05-13,P000903,capture,10758,342,10416,USD,
S014311,2026-05-13,P007980,capture,18589,569,18020,USD,
S014314,2026-05-13,P006164,capture,7060,235,6825,USD,
S014317,2026-05-13,P016920,capture,28273,850,27423,USD,
S014319,2026-05-13,P007595,capture,2401,100,2301,USD,
S014323,2026-05-13,P017658,capture,1919,86,1833,USD,
S014324,2026-05-13,P006517,capture,16224,500,15724,USD,
S014325,2026-05-13,P005158,capture,6034,205,5829,USD,
S014329,2026-05-13,P006537,capture,24034,727,23307,USD,
S014333,2026-05-13,P019515,capture,1488,73,1415,USD,
S014341,2026-05-13,P015301,capture,760,52,708,USD,
S014344,2026-05-13,P017691,capture,18153,556,17597,USD,
S014345,2026-05-13,P017875,capture,14457,449,14008,USD,
S014348,2026-05-13,P012385,capture,6276,212,6064,USD,
S014350,2026-05-13,P009599,capture,3081,119,2962,USD,
S014353,2026-05-13,P015863,capture,1840,83,1757,USD,
S014354,2026-05-13,P010016,capture,1003,59,944,USD,
S014370,2026-05-13,P000763,capture,5479,189,5290,USD,
S014381,2026-05-13,P002739,capture,8200,268,7932,USD,
S014386,2026-05-13,P005092,capture,44094,1309,42785,USD,
S014394,2026-05-13,P009600,capture,4810,169,4641,USD,
S014397,2026-05-13,P014169,capture,8379,273,8106,USD,
S014405,2026-05-13,P000298,capture,15497,479,15018,USD,
S014406,2026-05-13,P004751,capture,22719,689,22030,USD,
S014407,2026-05-13,P010070,capture,5600,192,5408,USD,
S014409,2026-05-13,P014661,capture,2063,90,1973,USD,
S014412,2026-05-13,P005650,capture,9190,297,8893,USD,
S014414,2026-05-13,P004767,capture,1026,60,966,USD,
S014415,2026-05-13,P009133,capture,6494,218,6276,USD,
S014426,2026-05-13,P008237,capture,2410,100,2310,USD,
S014427,2026-05-13,P001312,capture,2018,89,1929,USD,
S014432,2026-05-13,P013647,capture,21920,666,21254,USD,
S014437,2026-05-13,P015572,capture,13813,431,13382,USD,
S014443,2026-05-13,P007140,capture,2545,104,2441,USD,
S014446,2026-05-13,P018758,capture,3755,139,3616,USD,
S014447,2026-05-13,P019150,capture,333,39,294,EUR,converted at 1.0961
S014452,2026-05-13,P005810,capture,3132,121,3011,USD,
S014457,2026-05-13,P006592,capture,2107,91,2016,USD,
S014459,2026-05-13,P001460,capture,6601,221,6380,USD,
S014466,2026-05-13,P011248,refund,-6603,0,-6603,USD,
S014467,2026-05-13,P018829,capture,6631,222,6409,USD,
S014476,2026-05-13,P008559,capture,11795,372,11423,USD,
S014477,2026-05-13,P000096,capture,10861,345,10516,USD,
S014478,2026-05-13,P012820,capture,1997,87,1910,EUR,converted at 1.0961
S014480,2026-05-13,P019874,capture,17271,531,16740,USD,
S014482,2026-05-13,P011326,capture,2974,116,2858,USD,
S014484,2026-05-13,P019748,capture,1647,78,1569,USD,
S014487,2026-05-13,P003348,capture,1138,63,1075,USD,
S014488,2026-05-13,P018078,capture,5950,203,5747,USD,
S014494,2026-05-13,P016319,capture,6660,223,6437,USD,
S014495,2026-05-13,P005797,capture,3103,120,2983,USD,
S014496,2026-05-13,P010214,capture,10951,348,10603,USD,
S014505,2026-05-13,P003849,capture,899,56,843,USD,
S014506,2026-05-13,P018073,capture,8088,265,7823,USD,
S014513,2026-05-13,P003994,capture,9522,306,9216,USD,
S014514,2026-05-13,P000924,capture,5650,194,5456,USD,
S014515,2026-05-13,P018721,capture,3062,119,2943,USD,
S014516,2026-05-13,P003309,capture,16924,521,16403,USD,
S014518,2026-05-13,P006132,capture,2354,98,2256,USD,
S014522,2026-05-13,P013557,capture,13281,415,12866,USD,
S014524,2026-05-13,P011908,capture,5035,176,4859,USD,
S014526,2026-05-13,P001110,capture,4522,161,4361,USD,
S014530,2026-05-13,P004747,capture,1094,62,1032,USD,
S014531,2026-05-13,P012051,capture,4874,171,4703,USD,
S014532,2026-05-13,P015823,capture,3518,132,3386,USD,
S014536,2026-05-13,P005376,capture,7427,245,7182,USD,
S014544,2026-05-13,P015749,capture,6255,211,6044,USD,
S014548,2026-05-13,P013846,capture,9777,314,9463,USD,
S014549,2026-05-13,P008998,capture,1846,84,1762,USD,
S014551,2026-05-13,P003919,capture,9517,306,9211,USD,
S014554,2026-05-13,P016102,capture,4538,162,4376,USD,
S014555,2026-05-13,P013711,capture,10823,344,10479,USD,
S014563,2026-05-13,P016224,capture,3398,129,3269,USD,
S014566,2026-05-13,P012375,capture,3527,132,3395,USD,
S014568,2026-05-13,P005895,capture,10886,346,10540,USD,
S014573,2026-05-13,P008836,capture,7603,250,7353,USD,
S014575,2026-05-13,P008500,capture,6658,223,6435,USD,
S014577,2026-05-13,P012331,capture,4329,156,4173,USD,
S014580,2026-05-13,P014276,capture,10589,337,10252,USD,
S014581,2026-05-13,P014961,capture,13750,429,13321,USD,
S014583,2026-05-13,P004602,capture,1173,64,1109,USD,
S014584,2026-05-13,P019493,capture,6228,211,6017,USD,
S014588,2026-05-13,P019810,capture,10745,342,10403,USD,
S014589,2026-05-13,P019944,capture,8083,264,7819,USD,
S014595,2026-05-13,P016211,capture,7423,245,7178,USD,
S014598,2026-05-13,P000798,capture,4282,154,4128,USD,
S014602,2026-05-13,P014649,capture,3263,125,3138,USD,
S014603,2026-05-13,P007580,capture,6395,215,6180,USD,
S014613,2026-05-13,P005667,capture,2870,113,2757,USD,
S014614,2026-05-13,P017899,capture,2481,102,2379,USD,
S014620,2026-05-13,P015647,capture,3860,142,3718,USD,
S014623,2026-05-13,P007041,capture,3452,130,3322,USD,
S014626,2026-05-13,P015762,capture,1589,76,1513,USD,
S014628,2026-05-13,P006374,capture,18549,568,17981,USD,
S014629,2026-05-13,P019557,capture,27419,825,26594,USD,
S014630,2026-05-13,P004617,refund,-5375,0,-5375,USD,
S014634,2026-05-13,P010252,capture,3079,119,2960,USD,
S014641,2026-05-13,P001040,capture,1886,85,1801,USD,
S014643,2026-05-13,P008481,capture,3056,119,2937,USD,
S014652,2026-05-13,P003926,capture,2303,97,2206,USD,
S014657,2026-05-13,P009079,capture,5421,187,5234,USD,
S014664,2026-05-13,P019423,capture,9329,301,9028,USD,
S014665,2026-05-13,P002345,capture,1478,73,1405,USD,
S014668,2026-05-13,P007847,capture,13224,413,12811,USD,
S014669,2026-05-13,P018964,capture,56304,1663,54641,USD,
S014673,2026-05-13,P004941,capture,12243,385,11858,USD,
S014676,2026-05-13,P016066,capture,2221,94,2127,USD,
S014689,2026-05-13,P011221,capture,32798,981,31817,USD,
S014692,2026-05-13,P009489,capture,13135,411,12724,USD,
S014694,2026-05-13,P012481,capture,7814,257,7557,USD,
S014696,2026-05-13,P000662,capture,5569,192,5377,USD,
S014701,2026-05-13,P002185,capture,13929,434,13495,USD,
S014703,2026-05-13,P015334,capture,7462,246,7216,USD,
S014706,2026-05-13,P002815,capture,3577,134,3443,USD,
S014708,2026-05-13,P019067,capture,1533,74,1459,USD,
S014709,2026-05-13,P008132,capture,2556,104,2452,USD,
S014711,2026-05-13,P004667,capture,9115,294,8821,USD,
S014714,2026-05-13,P001802,capture,10322,329,9993,USD,
S014720,2026-05-13,P012259,capture,18699,572,18127,USD,
S014721,2026-05-13,P014591,capture,1371,70,1301,USD,
S014722,2026-05-13,P012428,capture,33255,994,32261,USD,
S014725,2026-05-13,P006418,capture,5540,191,5349,USD,
S014726,2026-05-13,P013596,capture,7157,238,6919,USD,
S014731,2026-05-13,P017530,capture,9690,311,9379,USD,
S014732,2026-05-13,P014091,capture,15968,493,15475,USD,
S014733,2026-05-13,P003893,capture,724,51,673,USD,
S014736,2026-05-13,P010225,capture,10412,332,10080,USD,
S014739,2026-05-13,P016962,capture,5732,196,5536,USD,
S014741,2026-05-13,P015808,capture,4693,166,4527,USD,
S014742,2026-05-13,P002039,capture,38942,1159,37783,USD,
S014744,2026-05-13,P008664,capture,2582,105,2477,USD,
S014747,2026-05-13,P001462,capture,6062,206,5856,USD,
S014750,2026-05-13,P019216,capture,18626,570,18056,USD,
S014763,2026-05-13,P013850,capture,4356,156,4200,USD,
S014771,2026-05-13,P015115,capture,5610,193,5417,USD,
S014772,2026-05-13,P012777,capture,6004,204,5800,USD,
S014773,2026-05-13,P007029,capture,25053,757,24296,USD,
S014774,2026-05-13,P013821,capture,38338,1142,37196,USD,
S014789,2026-05-13,P018299,capture,3288,125,3163,USD,
S014790,2026-05-13,P011512,capture,15131,469,14662,USD,
S014792,2026-05-13,P011527,capture,1072,61,1011,USD,
S014802,2026-05-13,P004212,capture,1334,69,1265,USD,
S014807,2026-05-13,P003368,capture,2441,141,2300,USD,
S014808,2026-05-13,P017182,capture,2402,100,2302,USD,
S014814,2026-05-13,P015138,capture,6495,218,6277,USD,
S014816,2026-05-13,P019640,capture,4682,166,4516,USD,
S014823,2026-05-13,P013379,capture,1767,81,1686,USD,
S014824,2026-05-13,P002816,capture,4742,168,4574,USD,
S014826,2026-05-13,P019878,capture,396,41,355,USD,
S014831,2026-05-13,P002232,capture,11819,373,11446,USD,
S014832,2026-05-13,P005182,capture,2819,112,2707,USD,
S014833,2026-05-13,P007477,capture,13325,416,12909,USD,
S014837,2026-05-13,P005153,capture,16002,494,15508,USD,
S014838,2026-05-13,P009440,capture,2825,112,2713,USD,
S014844,2026-05-13,P002282,capture,4394,157,4237,USD,
S014849,2026-05-13,P002311,capture,9268,299,8969,USD,
S014850,2026-05-13,P011967,capture,4907,172,4735,USD,
S014855,2026-05-13,P001766,capture,44430,1318,43112,USD,
S014857,2026-05-13,P010958,capture,870,55,815,USD,
S014861,2026-05-13,P019504,capture,6309,213,6096,USD,
S014868,2026-05-13,P001364,capture,16845,519,16326,USD,
S014870,2026-05-13,P011113,capture,5147,179,4968,USD,
S014872,2026-05-13,P007475,capture,7787,256,7531,USD,
S014873,2026-05-13,P016381,capture,6946,231,6715,USD,
S014875,2026-05-13,P009501,capture,27904,839,27065,USD,
S014879,2026-05-13,P016604,capture,1546,75,1471,USD,
S014881,2026-05-13,P010560,capture,7208,239,6969,USD,
S014883,2026-05-13,P011023,capture,3640,136,3504,USD,
S014886,2026-05-13,P006212,capture,1505,74,1431,USD,
S014887,2026-05-13,P000061,capture,15593,482,15111,USD,
S014889,2026-05-13,P005716,capture,80748,2372,78376,USD,
S014890,2026-05-13,P012609,capture,2121,92,2029,USD,
S014892,2026-05-13,P007934,capture,1025,60,965,USD,
S014895,2026-05-13,P016924,capture,12223,384,11839,USD,
S014898,2026-05-13,P003944,capture,2317,97,2220,USD,
S014903,2026-05-13,P011471,capture,2680,108,2572,USD,
S014908,2026-05-13,P013854,capture,2013,88,1925,USD,
S014911,2026-05-13,P012693,capture,1634,77,1557,USD,
S014912,2026-05-13,P010189,capture,2385,99,2286,USD,
S014928,2026-05-13,P001277,capture,3895,143,3752,USD,
S014929,2026-05-13,P001242,capture,11724,370,11354,USD,
S014935,2026-05-13,P016417,capture,14635,454,14181,USD,
S014938,2026-05-13,P002051,capture,3217,123,3094,USD,
S014939,2026-05-13,P011162,capture,2762,110,2652,USD,
S014941,2026-05-13,P018591,capture,1849,84,1765,USD,
S014950,2026-05-13,P014523,capture,1853,84,1769,USD,
S014952,2026-05-13,P005721,capture,10000,320,9680,USD,
S014956,2026-05-13,P007606,capture,7952,261,7691,USD,
S014959,2026-05-13,P008096,capture,13955,435,13520,USD,
S014960,2026-05-13,P014067,capture,5217,181,5036,USD,
S014975,2026-05-13,P002222,capture,4808,169,4639,USD,
S014977,2026-05-13,P007572,capture,1687,79,1608,USD,
S014980,2026-05-13,P016172,capture,18462,565,17897,USD,
S014987,2026-05-13,P002688,capture,26900,810,26090,USD,
S014997,2026-05-13,P018232,capture,6231,211,6020,USD,
S015001,2026-05-13,P006987,capture,775,52,723,USD,
S015004,2026-05-13,P003147,capture,9912,317,9595,USD,
S015005,2026-05-13,P019737,capture,4475,160,4315,USD,
S015012,2026-05-13,P009900,capture,8856,287,8569,USD,
S015017,2026-05-13,P009704,capture,4154,150,4004,USD,
S015022,2026-05-13,P008521,capture,11344,359,10985,USD,
S015028,2026-05-13,P001467,capture,1477,73,1404,USD,
S015030,2026-05-13,P019651,capture,1211,65,1146,USD,
S015034,2026-05-13,P019950,capture,4955,174,4781,USD,
S015035,2026-05-13,P016809,capture,3062,119,2943,USD,
S015036,2026-05-13,P002683,capture,16607,512,16095,USD,
S015038,2026-05-13,P010173,capture,36794,1097,35697,USD,
S015045,2026-05-13,P002524,capture,5422,187,5235,USD,
S015047,2026-05-13,P001900,capture,17175,528,16647,USD,
S015048,2026-05-13,P019496,capture,18210,558,17652,USD,
S015054,2026-05-13,P017300,capture,4374,157,4217,USD,
S015059,2026-05-13,P006855,capture,7721,254,7467,USD,
S015062,2026-05-13,P014481,capture,3240,124,3116,USD,
S015064,2026-05-13,P011552,capture,18904,578,18326,USD,
S015066,2026-05-13,P000372,capture,4111,149,3962,USD,
S015069,2026-05-13,P008499,capture,6498,218,6280,USD,
S015077,2026-05-13,P018725,refund,-2681,0,-2681,USD,
S015079,2026-05-13,P010891,capture,2822,112,2710,USD,
S015080,2026-05-13,P009861,capture,1718,80,1638,USD,
S015085,2026-05-13,P019791,refund,-2478,0,-2478,USD,
S015087,2026-05-13,P006215,capture,14810,459,14351,USD,
S015099,2026-05-13,P014848,capture,10041,321,9720,USD,
S015105,2026-05-13,P014744,capture,1347,69,1278,USD,
S015106,2026-05-13,P000949,refund,-4141,0,-4141,USD,
S015107,2026-05-13,P000019,capture,3922,144,3778,USD,
S015108,2026-05-13,P003310,capture,12926,405,12521,USD,
S015111,2026-05-13,P006627,capture,13057,409,12648,USD,
S015116,2026-05-13,P017395,capture,3010,117,2893,USD,
S015117,2026-05-13,P005823,capture,5467,189,5278,USD,
S015125,2026-05-13,P015566,capture,3488,131,3357,USD,
S015126,2026-05-13,P017944,capture,3146,121,3025,USD,
S015127,2026-05-13,P008405,capture,6189,209,5980,USD,
S015129,2026-05-13,P014127,capture,18384,563,17821,USD,
S015131,2026-05-13,P000203,capture,7670,252,7418,USD,
S015139,2026-05-13,P013287,capture,4899,172,4727,USD,
S015143,2026-05-13,P004849,capture,7616,251,7365,USD,
S015151,2026-05-13,P017612,capture,1456,72,1384,USD,
S015156,2026-05-13,P007011,capture,2411,100,2311,USD,
S015157,2026-05-13,P011438,capture,2714,109,2605,USD,
S015158,2026-05-13,P018349,capture,49064,1453,47611,USD,
S015159,2026-05-13,P003553,capture,27283,821,26462,USD,
S015164,2026-05-13,P005381,capture,9250,298,8952,USD,
S015165,2026-05-13,P011791,capture,27861,838,27023,USD,
S015171,2026-05-13,P003406,capture,1705,79,1626,USD,
S015172,2026-05-13,P000254,capture,5243,182,5061,USD,
S015175,2026-05-13,P008565,capture,9037,292,8745,USD,
S015179,2026-05-13,P015141,capture,15962,493,15469,USD,
S015183,2026-05-13,P004137,capture,6269,212,6057,USD,
S015185,2026-05-13,P016969,capture,8689,282,8407,USD,
S015196,2026-05-13,P017376,capture,7014,233,6781,USD,
S015197,2026-05-13,P003680,capture,3268,125,3143,USD,
S015201,2026-05-13,P010918,capture,1469,73,1396,USD,
S015202,2026-05-13,P003137,capture,6982,232,6750,USD,
S015203,2026-05-13,P011282,capture,12861,403,12458,USD,
S015205,2026-05-13,P008712,refund,-19751,0,-19751,USD,
S015209,2026-05-13,P015772,capture,5460,188,5272,USD,
S015214,2026-05-13,P018021,capture,4881,172,4709,USD,
S015215,2026-05-13,P008476,capture,9606,309,9297,USD,
S015219,2026-05-13,P008878,capture,2092,91,2001,USD,
S015223,2026-05-13,P014802,capture,8089,265,7824,USD,
S015224,2026-05-13,P015988,capture,6304,213,6091,USD,
S015231,2026-05-13,P011587,capture,5991,204,5787,USD,
S015234,2026-05-13,P007889,capture,21030,640,20390,USD,
S015240,2026-05-13,P002443,capture,17260,531,16729,USD,
S015245,2026-05-13,P000346,capture,2829,112,2717,USD,
S015246,2026-05-13,P009087,capture,4506,161,4345,USD,
S015250,2026-05-13,P003557,capture,5388,186,5202,USD,
S015257,2026-05-13,P001437,capture,9926,318,9608,USD,
S015260,2026-05-13,P002549,capture,28965,870,28095,USD,
S015261,2026-05-13,P001054,capture,5225,182,5043,USD,
S015274,2026-05-13,P007438,capture,2560,104,2456,USD,
S015275,2026-05-13,P016918,capture,7396,244,7152,USD,
S015279,2026-05-13,P018690,capture,3920,144,3776,USD,
S015283,2026-05-13,P010431,capture,6128,208,5920,USD,
S015293,2026-05-13,P015829,capture,6299,213,6086,USD,
S015294,2026-05-13,P006297,refund,-8807,0,-8807,USD,
S015297,2026-05-13,P002535,capture,5676,195,5481,USD,
S015299,2026-05-13,P001408,capture,6195,210,5985,USD,
S015309,2026-05-13,P014013,capture,8925,289,8636,USD,
S015316,2026-05-13,P003948,capture,5234,182,5052,USD,
S015319,2026-05-13,P002955,capture,4359,156,4203,USD,
S015320,2026-05-13,P010873,capture,20989,639,20350,USD,
S015321,2026-05-13,P005280,capture,23287,705,22582,USD,
S015322,2026-05-13,P001717,capture,7265,241,7024,USD,
S015323,2026-05-13,P006008,capture,3476,131,3345,USD,
S015325,2026-05-13,P001125,capture,22681,688,21993,USD,
S015326,2026-05-13,P009653,capture,7484,247,7237,USD,
S015328,2026-05-13,P018048,capture,10977,348,10629,USD,
S015329,2026-05-13,P014986,capture,2213,94,2119,USD,
S015330,2026-05-13,P009137,capture,4211,152,4059,USD,
S015332,2026-05-13,P013544,capture,18067,554,17513,USD,
S015334,2026-05-13,P015730,capture,9134,295,8839,USD,
S015335,2026-05-13,P010854,capture,15880,491,15389,USD,
S015337,2026-05-13,P010719,capture,12849,403,12446,USD,
S015338,2026-05-13,P009912,capture,4499,160,4339,USD,
S015339,2026-05-13,P006454,capture,1440,72,1368,USD,
S015340,2026-05-13,P007721,capture,6439,217,6222,USD,
S015342,2026-05-13,P006510,capture,18712,573,18139,USD,
S015343,2026-05-13,P007649,capture,4423,158,4265,USD,
S015344,2026-05-13,P009028,capture,3610,135,3475,USD,
S015346,2026-05-13,P015989,capture,20942,637,20305,USD,
S015347,2026-05-13,P016596,capture,12698,398,12300,USD,
S015348,2026-05-13,P004607,capture,1671,78,1593,USD,
S015349,2026-05-13,P009791,capture,1737,80,1657,USD,
S015352,2026-05-13,P008694,capture,18809,575,18234,USD,
S015353,2026-05-13,P016525,capture,2623,106,2517,USD,
S015354,2026-05-13,P018099,capture,7524,248,7276,USD,
S015355,2026-05-13,P015104,capture,4674,166,4508,USD,
S015357,2026-05-13,P004645,capture,8559,278,8281,USD,
S015358,2026-05-13,P011311,capture,7394,244,7150,USD,
S015359,2026-05-13,P006819,capture,926,57,869,USD,
S015360,2026-05-13,P005530,capture,16506,509,15997,USD,
S015361,2026-05-13,P011299,capture,4355,156,4199,USD,
S015362,2026-05-13,P011235,capture,2676,108,2568,USD,
S015363,2026-05-13,P001335,capture,4243,153,4090,USD,
S015369,2026-05-13,P001149,capture,1523,74,1449,USD,
S015371,2026-05-13,P017793,capture,26555,800,25755,USD,
S015373,2026-05-13,P010501,capture,4496,160,4336,USD,
S015374,2026-05-13,P017253,capture,2886,114,2772,USD,
S015376,2026-05-13,P004257,capture,6645,223,6422,USD,
S015377,2026-05-13,P001373,capture,8696,282,8414,USD,
S015378,2026-05-13,P008898,capture,3340,127,3213,USD,
S015379,2026-05-13,P001790,capture,17832,547,17285,USD,
S015380,2026-05-13,P012622,capture,5806,198,5608,USD,
S015381,2026-05-13,P003739,capture,2341,98,2243,USD,
S015382,2026-05-13,P008369,capture,7976,261,7715,USD,
S015384,2026-05-13,P003390,capture,10853,345,10508,USD,
S015385,2026-05-13,P009966,capture,481,44,437,USD,
S015386,2026-05-13,P009893,refund,-4701,0,-4701,USD,
S015387,2026-05-13,P007830,capture,3073,119,2954,USD,
S015388,2026-05-13,P002162,capture,498,44,454,USD,
S015390,2026-05-13,P010249,capture,5530,190,5340,USD,
S015391,2026-05-13,P018521,capture,5349,185,5164,USD,
S015393,2026-05-13,P014909,capture,3394,128,3266,USD,
S015394,2026-05-13,P010963,capture,4835,170,4665,USD,
S015395,2026-05-13,P010875,capture,7823,257,7566,USD,
S015396,2026-05-13,P013301,capture,7635,251,7384,USD,
S015397,2026-05-13,P004878,capture,2176,93,2083,USD,
S015398,2026-05-13,P016500,capture,4636,164,4472,USD,
S015399,2026-05-13,P005013,capture,4354,156,4198,USD,
S015400,2026-05-13,P015307,capture,3856,142,3714,USD,
S015401,2026-05-13,P001551,capture,18147,556,17591,USD,
S015404,2026-05-13,P006712,capture,2897,114,2783,USD,
S015406,2026-05-13,P007469,capture,10656,339,10317,USD,
S015408,2026-05-13,P000190,capture,4046,147,3899,USD,
S015409,2026-05-13,P012203,capture,3333,127,3206,USD,
S015410,2026-05-13,P010922,capture,3242,124,3118,USD,
S015411,2026-05-13,P002243,capture,19312,590,18722,USD,
S015412,2026-05-13,P013686,capture,2452,101,2351,USD,
S015413,2026-05-13,P007041,refund,-3452,0,-3452,USD,
S015414,2026-05-13,P015325,capture,1401,71,1330,USD,
S015415,2026-05-13,P009001,capture,32796,981,31815,USD,
S015417,2026-05-13,P008244,capture,3360,127,3233,USD,
S015420,2026-05-13,P013901,capture,3596,134,3462,USD,
S015423,2026-05-13,P012034,capture,5138,179,4959,USD,
S015424,2026-05-13,P010605,capture,3985,146,3839,USD,
S015425,2026-05-13,P016857,refund,-2976,0,-2976,USD,
S015431,2026-05-13,P015182,capture,3573,134,3439,USD,
S015432,2026-05-13,P019503,capture,6680,224,6456,USD,
S015433,2026-05-13,P019106,capture,2127,92,2035,USD,
S015434,2026-05-13,P011978,capture,10127,324,9803,USD,
S015436,2026-05-13,P015273,capture,2346,98,2248,USD,
S015437,2026-05-13,P003464,capture,9451,304,9147,USD,
S015438,2026-05-13,P000340,capture,2880,114,2766,USD,
S015439,2026-05-13,P009304,capture,11680,369,11311,USD,
S015441,2026-05-13,P013165,capture,19781,604,19177,USD,
S015443,2026-05-13,P016658,capture,2448,101,2347,USD,
S015444,2026-05-13,P019946,capture,3087,120,2967,USD,
S015445,2026-05-13,P005379,capture,7079,235,6844,USD,
S015447,2026-05-13,P007387,capture,14814,460,14354,USD,
S015448,2026-05-13,P018329,capture,2969,116,2853,USD,
S015450,2026-05-13,P004744,capture,3055,119,2936,USD,
S015451,2026-05-13,P000740,capture,2652,107,2545,USD,
S015452,2026-05-13,P010305,capture,1098,62,1036,USD,
S015453,2026-05-13,P002612,capture,1878,84,1794,USD,
S015457,2026-05-13,P019090,capture,1716,80,1636,USD,
S015458,2026-05-13,P014552,capture,558,46,512,USD,
S015459,2026-05-13,P014253,capture,2914,115,2799,USD,
S015462,2026-05-13,P002555,capture,17502,538,16964,USD,
S015463,2026-05-13,P012665,capture,10256,327,9929,USD,
S015464,2026-05-13,P017521,capture,4508,161,4347,USD,
S015465,2026-05-13,P017279,capture,10962,348,10614,USD,
S015466,2026-05-13,P014342,capture,8877,287,8590,USD,
S015467,2026-05-13,P018207,capture,6221,210,6011,USD,
S015469,2026-05-13,P007726,capture,6578,221,6357,USD,
S015470,2026-05-13,P009748,capture,3559,133,3426,USD,
S015471,2026-05-13,P011391,capture,6641,223,6418,USD,
S015472,2026-05-13,P019460,capture,3895,143,3752,USD,
S015473,2026-05-13,P009293,capture,1925,86,1839,USD,
S015474,2026-05-13,P004510,capture,7545,249,7296,USD,
S015476,2026-05-13,P006338,capture,2166,93,2073,USD,
S015477,2026-05-13,P017965,capture,6619,222,6397,USD,
S015478,2026-05-13,P017178,capture,2226,95,2131,USD,
S015479,2026-05-13,P014309,capture,1044,60,984,USD,
S015481,2026-05-13,P006573,capture,10773,342,10431,USD,
S015485,2026-05-13,P007837,capture,4237,153,4084,USD,
S015487,2026-05-13,P003614,capture,1928,86,1842,USD,
S015488,2026-05-13,P018655,capture,13654,426,13228,USD,
S015489,2026-05-13,P001299,refund,-1331,0,-1331,USD,
S015490,2026-05-13,P013004,capture,4832,170,4662,USD,
S015492,2026-05-13,P016016,capture,3099,120,2979,USD,
S015493,2026-05-13,P010411,capture,26383,795,25588,USD,
S015494,2026-05-13,P010105,capture,3052,119,2933,USD,
S015497,2026-05-13,P002895,capture,1166,64,1102,USD,
S015500,2026-05-13,P017756,refund,-2515,0,-2515,USD,
S015501,2026-05-13,P006304,capture,15997,494,15503,USD,
S015509,2026-05-13,P007518,capture,7728,254,7474,USD,
S015511,2026-05-13,P014658,refund,-4075,0,-4075,USD,
S015512,2026-05-13,P019268,capture,1804,82,1722,USD,
S015514,2026-05-13,P000666,capture,2684,108,2576,USD,
S015515,2026-05-13,P005712,refund,-22338,0,-22338,USD,
S015517,2026-05-13,P002671,capture,12420,390,12030,USD,
S015518,2026-05-13,P014417,capture,1627,77,1550,USD,
S015519,2026-05-13,P010763,capture,2868,113,2755,USD,
S015522,2026-05-13,P012916,capture,2396,99,2297,USD,
S015523,2026-05-13,P004503,capture,8677,282,8395,USD,
S015524,2026-05-13,P009586,refund,-10954,0,-10954,USD,
S015525,2026-05-13,P012102,capture,11002,349,10653,USD,
S015527,2026-05-13,P005460,capture,17990,552,17438,USD,
S015529,2026-05-13,P004741,capture,1737,80,1657,USD,
S015530,2026-05-13,P008247,capture,4556,162,4394,USD,
S015531,2026-05-13,P002966,capture,3993,146,3847,USD,
S015538,2026-05-13,P018386,capture,7831,257,7574,USD,
S015539,2026-05-13,P018069,capture,4006,146,3860,USD,
S015543,2026-05-13,P015738,capture,2994,117,2877,USD,
S015544,2026-05-13,P001162,capture,3291,125,3166,USD,
S015546,2026-05-13,P011290,capture,4821,170,4651,USD,
S015547,2026-05-13,P017915,capture,6633,222,6411,USD,
S015549,2026-05-13,P017644,capture,4903,172,4731,USD,
S015550,2026-05-13,P005026,capture,9849,316,9533,USD,
S015551,2026-05-13,P008724,capture,8798,285,8513,USD,
S015552,2026-05-13,P005154,capture,3111,120,2991,USD,
S015553,2026-05-13,P003988,capture,21759,661,21098,USD,
S015554,2026-05-13,P015399,capture,1698,79,1619,USD,
S015556,2026-05-13,P018437,capture,2391,99,2292,USD,
S015558,2026-05-13,P017080,capture,5888,201,5687,USD,
S015559,2026-05-13,P016679,capture,9270,299,8971,USD,
S015560,2026-05-13,P015316,capture,7279,241,7038,USD,
S015561,2026-05-13,P005550,capture,12324,387,11937,USD,
S015562,2026-05-13,P011563,refund,-1047,0,-1047,USD,
S015563,2026-05-13,P004308,capture,7448,246,7202,USD,
S015564,2026-05-13,P012733,capture,7316,242,7074,USD,
S015565,2026-05-13,P001248,capture,6610,222,6388,USD,
S015571,2026-05-13,P016144,refund,-2140,0,-2140,USD,
S015572,2026-05-13,P007939,capture,2441,101,2340,USD,
S015573,2026-05-13,P013624,capture,16953,522,16431,USD,
S015574,2026-05-13,P012246,capture,2865,114,2751,EUR,converted at 1.0961
S015575,2026-05-13,P013079,capture,12673,398,12275,USD,
S015577,2026-05-13,P008764,capture,1361,69,1292,USD,
S015578,2026-05-13,P018823,refund,-4419,0,-4419,USD,
S015580,2026-05-13,P009239,capture,5423,187,5236,USD,
S015583,2026-05-13,P017999,capture,10302,329,9973,USD,
S015584,2026-05-13,P018203,capture,2472,102,2370,USD,
S015585,2026-05-13,P008402,capture,3663,136,3527,USD,
S015586,2026-05-13,P002000,capture,1987,88,1899,USD,
S015587,2026-05-13,P019614,capture,7441,246,7195,USD,
S015588,2026-05-13,P010127,capture,925,57,868,USD,
S015590,2026-05-13,P007277,capture,1355,69,1286,USD,
S015593,2026-05-13,P010588,capture,17525,538,16987,USD,
S015594,2026-05-13,P017070,capture,13209,453,12756,USD,
S015597,2026-05-13,P007347,capture,6031,205,5826,USD,
S015599,2026-05-13,P008935,capture,6402,216,6186,USD,
S015602,2026-05-13,P006175,refund,-4268,0,-4268,USD,
S015603,2026-05-13,P017163,capture,19154,585,18569,USD,
S015604,2026-05-13,P015839,refund,-10597,0,-10597,USD,
S015606,2026-05-13,P015669,refund,-1495,0,-1495,USD,
S015607,2026-05-13,P000934,capture,8127,266,7861,USD,
S015608,2026-05-13,P011091,refund,-5506,0,-5506,USD,
S015609,2026-05-13,P013212,refund,-762,0,-762,USD,
S015612,2026-05-13,P000080,capture,6412,216,6196,USD,
S015613,2026-05-13,P015194,refund,-1065,0,-1065,USD,
S014167,2026-05-14,P016276,capture,7200,239,6961,USD,
S014188,2026-05-14,P017923,capture,1174,64,1110,USD,
S014194,2026-05-14,P019717,capture,1096,62,1034,USD,
S014207,2026-05-14,P017959,capture,19803,604,19199,USD,
S014218,2026-05-14,P019992,capture,13623,425,13198,USD,
S014242,2026-05-14,P014553,capture,8143,266,7877,USD,
S014273,2026-05-14,P019177,capture,6187,209,5978,USD,
S014296,2026-05-14,P014894,refund,-12186,0,-12186,USD,
S014301,2026-05-14,P003233,capture,5281,183,5098,USD,
S014307,2026-05-14,P014160,capture,2408,100,2308,USD,
S014351,2026-05-14,P001607,capture,7098,236,6862,USD,
S014356,2026-05-14,P007166,capture,15152,469,14683,USD,
S014362,2026-05-14,P009675,capture,971,58,913,USD,
S014384,2026-05-14,P003999,capture,5000,175,4825,USD,
S014401,2026-05-14,P007035,capture,5215,181,5034,USD,
S014424,2026-05-14,P002983,capture,3410,129,3281,USD,
S014430,2026-05-14,P007733,capture,8563,278,8285,USD,
S014439,2026-05-14,P010542,capture,53073,1569,51504,USD,
S014449,2026-05-14,P008581,capture,2966,91,2875,USD,
S014451,2026-05-14,P000833,capture,7242,240,7002,USD,
S014479,2026-05-14,P001199,capture,6065,206,5859,USD,
S014483,2026-05-14,P002180,capture,7834,257,7577,USD,
S014489,2026-05-14,P001454,capture,14520,451,14069,USD,
S014498,2026-05-14,P003971,capture,44742,1328,43414,USD,
S014510,2026-05-14,P007369,capture,7857,258,7599,USD,
S014525,2026-05-14,P006787,capture,16690,514,16176,USD,
S014528,2026-05-14,P007818,capture,10945,347,10598,USD,
S014541,2026-05-14,P006377,capture,1009,59,950,USD,
S014542,2026-05-14,P002477,capture,4976,174,4802,USD,
S014579,2026-05-14,P016463,capture,10005,320,9685,USD,
S014592,2026-05-14,P017438,capture,4578,163,4415,USD,
S014612,2026-05-14,P011452,capture,21753,661,21092,USD,
S014621,2026-05-14,P008145,capture,2648,107,2541,USD,
S014631,2026-05-14,P015242,capture,19744,603,19141,USD,
S014633,2026-05-14,P012587,capture,2862,113,2749,USD,
S014637,2026-05-14,P018335,capture,1804,82,1722,USD,
S014691,2026-05-14,P015715,capture,3804,140,3664,USD,
S014715,2026-05-14,P008777,capture,2244,95,2149,USD,
S014727,2026-05-14,P001272,capture,2951,116,2835,USD,
S014734,2026-05-14,P001427,capture,493,44,449,USD,
S014760,2026-05-14,P011284,capture,29789,894,28895,USD,
S014768,2026-05-14,P009763,capture,2483,102,2381,USD,
S014776,2026-05-14,P003346,capture,12901,404,12497,USD,
S014779,2026-05-14,P000007,capture,3044,118,2926,USD,
S014804,2026-05-14,P012232,capture,3680,137,3543,USD,
S014827,2026-05-14,P007411,capture,1663,78,1585,USD,
S014829,2026-05-14,P016416,capture,7821,257,7564,USD,
S014848,2026-05-14,P000818,capture,2586,105,2481,USD,
S014865,2026-05-14,P013109,capture,8009,262,7747,USD,
S014871,2026-05-14,P006957,capture,5688,195,5493,USD,
S014921,2026-05-14,P017213,capture,1011,59,952,USD,
S014932,2026-05-14,P016812,capture,10323,329,9994,USD,
S014951,2026-05-14,P009693,capture,1935,86,1849,USD,
S014954,2026-05-14,P003280,capture,5452,188,5264,USD,
S014967,2026-05-14,P009000,capture,8520,277,8243,USD,
S014969,2026-05-14,P018079,refund,-740,0,-740,USD,
S014982,2026-05-14,P012118,capture,14302,445,13857,USD,
S014986,2026-05-14,P016494,capture,1669,78,1591,USD,
S014990,2026-05-14,P017176,capture,16319,503,15816,USD,
S014993,2026-05-14,P004650,refund,-12331,0,-12331,USD,
S015013,2026-05-14,P004262,capture,5448,188,5260,USD,
S015056,2026-05-14,P018540,capture,11385,360,11025,USD,
S015057,2026-05-14,P019447,capture,2623,106,2517,USD,
S015096,2026-05-14,P016289,capture,6803,227,6576,USD,
S015102,2026-05-14,P017072,capture,10164,325,9839,USD,
S015109,2026-05-14,P017078,capture,2565,104,2461,USD,
S015110,2026-05-14,P003930,capture,8297,271,8026,USD,
S015142,2026-05-14,P005023,capture,7815,257,7558,USD,
S015154,2026-05-14,P005664,capture,2300,97,2203,USD,
S015163,2026-05-14,P017460,capture,3146,121,3025,USD,
S015217,2026-05-14,P018198,capture,5931,202,5729,USD,
S015227,2026-05-14,P005581,capture,29080,873,28207,USD,
S015241,2026-05-14,P008307,capture,3572,134,3438,USD,
S015254,2026-05-14,P017174,capture,2988,117,2871,USD,
S015255,2026-05-14,P000285,capture,2159,93,2066,USD,
S015259,2026-05-14,P007470,capture,2239,95,2144,USD,
S015268,2026-05-14,P009825,refund,-2742,0,-2742,USD,
S015278,2026-05-14,P003842,capture,6245,211,6034,USD,
S015295,2026-05-14,P013997,capture,4075,148,3927,USD,
S015301,2026-05-14,P012226,capture,35664,1064,34600,USD,
S015318,2026-05-14,P002304,capture,15408,477,14931,USD,
S015324,2026-05-14,P001304,capture,8470,276,8194,USD,
S015327,2026-05-14,P014244,capture,6640,223,6417,USD,
S015331,2026-05-14,P004997,capture,3421,129,3292,USD,
S015333,2026-05-14,P006705,capture,4368,157,4211,USD,
S015336,2026-05-14,P014535,capture,4552,162,4390,USD,
S015345,2026-05-14,P011678,capture,5756,197,5559,USD,
S015350,2026-05-14,P012601,capture,1159,64,1095,USD,
S015351,2026-05-14,P003870,capture,8457,275,8182,USD,
S015356,2026-05-14,P018633,capture,15285,473,14812,USD,
S015364,2026-05-14,P012941,capture,6604,222,6382,USD,
S015365,2026-05-14,P014494,refund,-3578,0,-3578,USD,
S015366,2026-05-14,P009345,capture,16024,495,15529,USD,
S015367,2026-05-14,P009078,capture,3033,118,2915,USD,
S015368,2026-05-14,P018033,capture,2420,101,2319,EUR,converted at 1.0961
S015370,2026-05-14,P004032,capture,1776,82,1694,USD,
S015372,2026-05-14,P004935,capture,9563,307,9256,USD,
S015375,2026-05-14,P017372,capture,2914,115,2799,USD,
S015383,2026-05-14,P013709,capture,9229,298,8931,USD,
S015389,2026-05-14,P015221,capture,7620,251,7369,USD,
S015392,2026-05-14,P012529,capture,8548,278,8270,USD,
S015402,2026-05-14,P006408,capture,5280,183,5097,USD,
S015403,2026-05-14,P013117,capture,6566,220,6346,USD,
S015416,2026-05-14,P002557,capture,6067,206,5861,USD,
S015418,2026-05-14,P012150,capture,12846,403,12443,USD,
S015419,2026-05-14,P014761,capture,2360,98,2262,USD,
S015422,2026-05-14,P005475,capture,6151,208,5943,USD,
S015427,2026-05-14,P016507,capture,1428,71,1357,USD,
S015429,2026-05-14,P019324,capture,3802,140,3662,USD,
S015430,2026-05-14,P019834,capture,4785,169,4616,USD,
S015446,2026-05-14,P007713,capture,819,54,765,USD,
S015449,2026-05-14,P016230,capture,2980,116,2864,USD,
S015454,2026-05-14,P006006,capture,4930,173,4757,USD,
S015455,2026-05-14,P001188,capture,5948,202,5746,USD,
S015461,2026-05-14,P015407,capture,1717,80,1637,USD,
S015468,2026-05-14,P001859,capture,3971,145,3826,USD,
S015475,2026-05-14,P008478,capture,8211,268,7943,USD,
S015482,2026-05-14,P015499,refund,-1986,0,-1986,USD,
S015483,2026-05-14,P006271,capture,4947,173,4774,USD,
S015484,2026-05-14,P013547,capture,27651,832,26819,USD,
S015486,2026-05-14,P016184,capture,4554,162,4392,USD,
S015491,2026-05-14,P007121,capture,9213,297,8916,USD,
S015496,2026-05-14,P019685,capture,4014,146,3868,USD,
S015498,2026-05-14,P007431,capture,9600,308,9292,USD,
S015499,2026-05-14,P000901,capture,4250,153,4097,USD,
S015503,2026-05-14,P003675,capture,2797,111,2686,USD,
S015505,2026-05-14,P010359,capture,12250,385,11865,USD,
S015506,2026-05-14,P015341,capture,1241,66,1175,USD,
S015507,2026-05-14,P017560,capture,11598,366,11232,USD,
S015508,2026-05-14,P019723,capture,7436,246,7190,USD,
S015510,2026-05-14,P007494,capture,5864,200,5664,USD,
S015513,2026-05-14,P016927,capture,2798,111,2687,USD,
S015516,2026-05-14,P010859,capture,5375,186,5189,USD,
S015520,2026-05-14,P011111,capture,6335,214,6121,USD,
S015521,2026-05-14,P001004,capture,3426,129,3297,USD,
S015528,2026-05-14,P003191,capture,2155,92,2063,USD,
S015532,2026-05-14,P013167,capture,1121,63,1058,USD,
S015533,2026-05-14,P004238,capture,1778,82,1696,USD,
S015534,2026-05-14,P018953,capture,2928,115,2813,USD,
S015535,2026-05-14,P003775,capture,7613,251,7362,USD,
S015536,2026-05-14,P009077,capture,16532,509,16023,USD,
S015537,2026-05-14,P009325,capture,5567,191,5376,USD,
S015541,2026-05-14,P010474,capture,6163,209,5954,USD,
S015542,2026-05-14,P018505,capture,11264,357,10907,USD,
S015548,2026-05-14,P000771,capture,30086,902,29184,USD,
S015555,2026-05-14,P005462,capture,19931,608,19323,USD,
S015566,2026-05-14,P002903,refund,-6005,0,-6005,USD,
S015567,2026-05-14,P010984,capture,6287,212,6075,USD,
S015570,2026-05-14,P005986,capture,3219,123,3096,USD,
S015579,2026-05-14,P009224,capture,3105,120,2985,USD,
S015581,2026-05-14,P009106,capture,12273,386,11887,USD,
S015582,2026-05-14,P001911,capture,40518,1205,39313,USD,
S015589,2026-05-14,P015127,capture,3716,138,3578,USD,
S015591,2026-05-14,P013685,capture,4109,149,3960,USD,
S015595,2026-05-14,P003115,capture,5436,188,5248,USD,
S015596,2026-05-14,P003322,capture,1370,70,1300,USD,
S015598,2026-05-14,P008794,capture,8728,283,8445,USD,
S015601,2026-05-14,P003132,capture,46305,1373,44932,USD,
S015605,2026-05-14,P010025,refund,-241,0,-241,USD,
S015610,2026-05-14,P012347,refund,-2645,0,-2645,USD,
S015611,2026-05-14,P009896,capture,21142,643,20499,USD,
S015614,2026-05-14,P000320,refund,-6141,0,-6141,USD,
S015615,2026-05-14,P014318,refund,-2993,0,-2993,USD,
S015616,2026-05-14,P014375,refund,-6132,0,-6132,USD,
S015617,2026-05-14,P005129,refund,-4594,0,-4594,USD,
S015618,2026-05-14,P018346,capture,3957,145,3812,USD,
S015620,2026-05-14,P009522,capture,8724,283,8441,USD,
S015622,2026-05-14,P007702,capture,22291,676,21615,USD,
S015623,2026-05-14,P002884,capture,6683,224,6459,USD,
S015624,2026-05-14,P002631,capture,13920,434,13486,USD,
S015625,2026-05-14,P001561,refund,-2051,0,-2051,USD,
S015626,2026-05-14,P004328,refund,-2365,0,-2365,USD,
S015627,2026-05-14,P013159,capture,3477,131,3346,USD,
S015628,2026-05-14,P011133,refund,-1638,0,-1638,USD,
S015629,2026-05-14,P007571,refund,-5224,0,-5224,USD,
S015630,2026-05-14,P013046,capture,18005,552,17453,USD,
S015635,2026-05-14,P001503,capture,4607,164,4443,USD,
S015636,2026-05-14,P010077,capture,432,43,389,USD,
S015638,2026-05-14,P013955,capture,487,44,443,USD,
S015639,2026-05-14,P006977,capture,915,57,858,USD,
S015640,2026-05-14,P018707,capture,2079,90,1989,USD,
S015642,2026-05-14,P015556,capture,2867,113,2754,USD,
S015643,2026-05-14,P008360,capture,10077,322,9755,USD,
S015644,2026-05-14,P018130,capture,6157,209,5948,USD,
S015645,2026-05-14,P011519,capture,96843,2838,94005,USD,
S015648,2026-05-14,P017025,capture,11843,373,11470,USD,
S015649,2026-05-14,P005471,capture,2490,102,2388,USD,
S015650,2026-05-14,P017916,capture,5013,175,4838,USD,
S015652,2026-05-14,P009122,capture,24505,741,23764,USD,
S015653,2026-05-14,P013322,capture,4177,151,4026,USD,
S015654,2026-05-14,P010765,capture,2199,94,2105,USD,
S015655,2026-05-14,P004288,capture,6276,212,6064,USD,
S015657,2026-05-14,P013089,capture,10199,327,9872,EUR,converted at 1.0961
S015658,2026-05-14,P009531,capture,3824,141,3683,USD,
S015659,2026-05-14,P016145,capture,13082,397,12685,USD,
S015660,2026-05-14,P008124,capture,4569,163,4406,USD,
S015661,2026-05-14,P004886,refund,-878,0,-878,USD,
S015663,2026-05-14,P013746,capture,5863,200,5663,USD,
S015664,2026-05-14,P004844,capture,4168,151,4017,USD,
S015665,2026-05-14,P009923,capture,14623,454,14169,USD,
S015666,2026-05-14,P002278,capture,2345,98,2247,USD,
S015667,2026-05-14,P016068,capture,11066,351,10715,USD,
S015669,2026-05-14,P007743,capture,886,56,830,USD,
S015670,2026-05-14,P013373,capture,2498,102,2396,USD,
S015671,2026-05-14,P002104,capture,8294,271,8023,USD,
S015672,2026-05-14,P009164,refund,-5975,0,-5975,USD,
S015673,2026-05-14,P010325,capture,1397,71,1326,USD,
S015674,2026-05-14,P001549,refund,-11984,0,-11984,USD,
S015676,2026-05-14,P018866,capture,6715,225,6490,USD,
S015678,2026-05-14,P014415,capture,9629,309,9320,USD,
S015679,2026-05-14,P015896,capture,18559,568,17991,USD,
S015680,2026-05-14,P015158,refund,-2739,0,-2739,USD,
S015682,2026-05-14,P011058,capture,3392,128,3264,USD,
S015683,2026-05-14,P010625,capture,15568,481,15087,USD,
S015685,2026-05-14,P008716,capture,4814,170,4644,USD,
S015687,2026-05-14,P019594,capture,9540,307,9233,USD,
S015689,2026-05-14,P011129,capture,11235,356,10879,USD,
S015690,2026-05-14,P008197,capture,8460,275,8185,USD,
S015693,2026-05-14,P004474,capture,24383,737,23646,USD,
S015695,2026-05-14,P005476,capture,4141,150,3991,USD,
S015697,2026-05-14,P017042,capture,2421,100,2321,USD,
S015698,2026-05-14,P000188,capture,10958,348,10610,USD,
S015699,2026-05-14,P017938,capture,20638,629,20009,USD,
S015701,2026-05-14,P003765,capture,7174,238,6936,USD,
S015702,2026-05-14,P008152,capture,3054,130,2924,USD,
S015704,2026-05-14,P001381,capture,1379,70,1309,USD,
S015705,2026-05-14,P004014,capture,3880,143,3737,USD,
S015708,2026-05-14,P009724,capture,5634,193,5441,USD,
S015710,2026-05-14,P003790,capture,3735,138,3597,USD,
S015713,2026-05-14,P004456,capture,5661,194,5467,USD,
S015716,2026-05-14,P003737,capture,2536,104,2432,USD,
S015718,2026-05-14,P019987,capture,3570,134,3436,USD,
S015722,2026-05-14,P017554,capture,3683,137,3546,USD,
S015724,2026-05-14,P006023,refund,-1895,0,-1895,USD,
S015725,2026-05-14,P014455,capture,4712,167,4545,USD,
S015726,2026-05-14,P014755,capture,9828,315,9513,USD,
S015729,2026-05-14,P000983,capture,3003,117,2886,USD,
S015730,2026-05-14,P016511,capture,14253,443,13810,USD,
S015731,2026-05-14,P002637,refund,-2539,0,-2539,USD,
S015736,2026-05-14,P019543,refund,-512,0,-512,USD,
S015738,2026-05-14,P011540,capture,8568,278,8290,USD,
S015740,2026-05-14,P014363,refund,-2279,0,-2279,USD,
S015741,2026-05-14,P009081,capture,10335,330,10005,USD,
S015742,2026-05-14,P014270,refund,-4574,0,-4574,USD,
S015743,2026-05-14,P016431,capture,5534,190,5344,USD,
S015744,2026-05-14,P003602,capture,30763,922,29841,USD,
S015747,2026-05-14,P019555,capture,4503,161,4342,USD,
S015750,2026-05-14,P001600,capture,8657,281,8376,USD,
S015751,2026-05-14,P002853,capture,2612,106,2506,USD,
S015752,2026-05-14,P006472,capture,2451,101,2350,USD,
S015755,2026-05-14,P009067,capture,3096,120,2976,USD,
S015756,2026-05-14,P008417,capture,19618,599,19019,USD,
S015757,2026-05-14,P010637,capture,9238,298,8940,USD,
S015758,2026-05-14,P000343,capture,1944,86,1858,USD,
S015759,2026-05-14,P006798,capture,6488,218,6270,USD,
S015760,2026-05-14,P006174,capture,2482,102,2380,USD,
S015761,2026-05-14,P018654,capture,5260,183,5077,USD,
S015762,2026-05-14,P011247,capture,7621,251,7370,USD,
S015763,2026-05-14,P017758,capture,1180,64,1116,USD,
S015765,2026-05-14,P018323,capture,1736,80,1656,USD,
S015767,2026-05-14,P010087,refund,-2286,0,-2286,USD,
S015772,2026-05-14,P009618,capture,2766,110,2656,USD,
S015774,2026-05-14,P006288,capture,18881,578,18303,USD,
S015775,2026-05-14,P018841,capture,19170,586,18584,USD,
S015776,2026-05-14,P002339,capture,5484,189,5295,USD,
S015777,2026-05-14,P001111,capture,989,59,930,USD,
S015780,2026-05-14,P002011,capture,1157,64,1093,USD,
S015781,2026-05-14,P009985,capture,13541,423,13118,USD,
S015782,2026-05-14,P000531,capture,20826,634,20192,USD,
S015783,2026-05-14,P013748,capture,3280,125,3155,USD,
S015784,2026-05-14,P014968,refund,-1689,0,-1689,USD,
S015786,2026-05-14,P012088,capture,5824,199,5625,USD,
S015787,2026-05-14,P015011,capture,2076,90,1986,USD,
S015788,2026-05-14,P006131,capture,2942,115,2827,USD,
S015792,2026-05-14,P016648,refund,-3244,0,-3244,USD,
S015794,2026-05-14,P000071,capture,18708,573,18135,USD,
S015796,2026-05-14,P011351,capture,7877,258,7619,USD,
S015799,2026-05-14,P007050,capture,2540,104,2436,USD,
S015800,2026-05-14,P004177,capture,7203,239,6964,USD,
S015802,2026-05-14,P010276,capture,4558,162,4396,USD,
S015803,2026-05-14,P016709,capture,1061,49,1012,USD,
S015804,2026-05-14,P000384,capture,1767,81,1686,USD,
S015805,2026-05-14,P003510,capture,15084,467,14617,USD,
S015806,2026-05-14,P003134,capture,16362,504,15858,USD,
S015809,2026-05-14,P014619,capture,8136,266,7870,USD,
S015811,2026-05-14,P000899,refund,-3495,0,-3495,USD,
S015813,2026-05-14,P008673,capture,5103,178,4925,USD,
S015815,2026-05-14,P018683,capture,4971,174,4797,USD,
S015816,2026-05-14,P008047,capture,5018,176,4842,USD,
S015817,2026-05-14,P015456,capture,30416,912,29504,USD,
S015818,2026-05-14,P014354,capture,7189,238,6951,USD,
S015819,2026-05-14,P004899,capture,8187,267,7920,USD,
S015820,2026-05-14,P001847,capture,5287,183,5104,USD,
S015821,2026-05-14,P005325,capture,3886,143,3743,USD,
S015822,2026-05-14,P006523,capture,1111,62,1049,USD,
S015823,2026-05-14,P016226,capture,3316,126,3190,USD,
S015824,2026-05-14,P001839,capture,3328,127,3201,USD,
S015827,2026-05-14,P000182,refund,-7675,0,-7675,USD,
S015831,2026-05-14,P005879,refund,-1001,0,-1001,USD,
S015832,2026-05-14,P016595,capture,25170,760,24410,USD,
S015833,2026-05-14,P015931,capture,3110,120,2990,USD,
S015341,2026-05-15,P001442,capture,2221,94,2127,USD,
S015405,2026-05-15,P016984,capture,3006,117,2889,USD,
S015407,2026-05-15,P008917,capture,161,35,126,USD,
S015421,2026-05-15,P002582,capture,19417,593,18824,USD,
S015426,2026-05-15,P005077,capture,1802,82,1720,USD,
S015428,2026-05-15,P018272,capture,6025,205,5820,USD,
S015435,2026-05-15,P006283,refund,-5792,0,-5792,USD,
S015440,2026-05-15,P005654,capture,6297,213,6084,USD,
S015442,2026-05-15,P013126,capture,545,46,499,USD,
S015456,2026-05-15,P004350,capture,2103,91,2012,USD,
S015460,2026-05-15,P001917,capture,1725,80,1645,USD,
S015480,2026-05-15,P003441,capture,3682,137,3545,USD,
S015495,2026-05-15,P014822,capture,4150,150,4000,USD,
S015502,2026-05-15,P005354,capture,14856,461,14395,USD,
S015504,2026-05-15,P009726,refund,-3039,0,-3039,USD,
S015526,2026-05-15,P009019,capture,19065,583,18482,USD,
S015540,2026-05-15,P003642,capture,2088,91,1997,USD,
S015545,2026-05-15,P010708,capture,25068,757,24311,USD,
S015557,2026-05-15,P013434,capture,5904,201,5703,USD,
S015568,2026-05-15,P012989,capture,8709,283,8426,USD,
S015569,2026-05-15,P008962,refund,-2751,0,-2751,USD,
S015576,2026-05-15,P015640,capture,10098,323,9775,USD,
S015592,2026-05-15,P017526,capture,14004,436,13568,USD,
S015600,2026-05-15,P015853,capture,21273,647,20626,USD,
S015619,2026-05-15,P003977,capture,16190,500,15690,USD,
S015621,2026-05-15,P003225,refund,-999,0,-999,USD,
S015631,2026-05-15,P017911,capture,966,58,908,USD,
S015632,2026-05-15,P006251,capture,10049,321,9728,USD,
S015633,2026-05-15,P000955,capture,14058,438,13620,USD,
S015634,2026-05-15,P016415,capture,8301,271,8030,USD,
S015637,2026-05-15,P007667,capture,3319,126,3193,USD,
S015641,2026-05-15,P014808,capture,15188,470,14718,USD,
S015646,2026-05-15,P016891,capture,12568,394,12174,USD,
S015647,2026-05-15,P017730,capture,5065,177,4888,USD,
S015651,2026-05-15,P010833,capture,4486,160,4326,USD,
S015656,2026-05-15,P011301,capture,4260,154,4106,USD,
S015662,2026-05-15,P005714,capture,9836,315,9521,USD,
S015668,2026-05-15,P006560,capture,1329,69,1260,USD,
S015675,2026-05-15,P001279,capture,28790,865,27925,USD,
S015677,2026-05-15,P015959,capture,7769,255,7514,USD,
S015681,2026-05-15,P015812,capture,32586,975,31611,USD,
S015684,2026-05-15,P005486,refund,-9766,0,-9766,USD,
S015686,2026-05-15,P006054,capture,16498,508,15990,USD,
S015688,2026-05-15,P015943,capture,4814,170,4644,USD,
S015691,2026-05-15,P002953,capture,3731,138,3593,USD,
S015692,2026-05-15,P016722,capture,9643,350,9293,USD,
S015694,2026-05-15,P002636,capture,10028,321,9707,USD,
S015696,2026-05-15,P009482,capture,1246,66,1180,USD,
S015700,2026-05-15,P007201,capture,10310,329,9981,USD,
S015703,2026-05-15,P011923,capture,1715,80,1635,USD,
S015707,2026-05-15,P014634,capture,14650,455,14195,USD,
S015709,2026-05-15,P007515,capture,12443,391,12052,USD,
S015711,2026-05-15,P019712,refund,-3194,0,-3194,USD,
S015712,2026-05-15,P005838,capture,8405,274,8131,USD,
S015714,2026-05-15,P016531,capture,2777,111,2666,USD,
S015715,2026-05-15,P013280,capture,6816,228,6588,USD,
S015717,2026-05-15,P006837,capture,956,58,898,USD,
S015719,2026-05-15,P007504,capture,12832,402,12430,USD,
S015720,2026-05-15,P001385,capture,4649,165,4484,USD,
S015721,2026-05-15,P012358,capture,5296,184,5112,USD,
S015728,2026-05-15,P005563,capture,1443,72,1371,USD,
S015732,2026-05-15,P009029,capture,3630,135,3495,USD,
S015733,2026-05-15,P009291,capture,8768,284,8484,USD,
S015734,2026-05-15,P008272,capture,6258,211,6047,USD,
S015735,2026-05-15,P005243,capture,2992,117,2875,USD,
S015737,2026-05-15,P016706,capture,4245,153,4092,USD,
S015745,2026-05-15,P006445,capture,5184,180,5004,USD,
S015746,2026-05-15,P010899,capture,5006,175,4831,USD,
S015748,2026-05-15,P002228,capture,12335,388,11947,USD,
S015749,2026-05-15,P007577,capture,7314,242,7072,USD,
S015754,2026-05-15,P007022,capture,16054,496,15558,USD,
S015764,2026-05-15,P015733,refund,-697,0,-697,USD,
S015766,2026-05-15,P006379,capture,9904,317,9587,USD,
S015768,2026-05-15,P003540,capture,6328,214,6114,USD,
S015769,2026-05-15,P008785,capture,1460,73,1387,EUR,converted at 1.0961
S015770,2026-05-15,P010911,capture,1111,62,1049,USD,
S015773,2026-05-15,P014933,capture,4806,169,4637,USD,
S015778,2026-05-15,P017218,capture,7040,234,6806,USD,
S015779,2026-05-15,P010380,capture,1537,75,1462,USD,
S015785,2026-05-15,P005351,capture,2769,110,2659,USD,
S015789,2026-05-15,P014798,capture,5026,176,4850,USD,
S015790,2026-05-15,P003056,capture,2589,105,2484,USD,
S015791,2026-05-15,P005814,capture,2562,104,2458,USD,
S015793,2026-05-15,P003168,capture,5469,189,5280,USD,
S015797,2026-05-15,P010575,capture,2878,113,2765,USD,
S015798,2026-05-15,P002770,capture,1735,80,1655,USD,
S015807,2026-05-15,P019912,capture,12549,394,12155,USD,
S015808,2026-05-15,P003467,capture,8736,283,8453,USD,
S015812,2026-05-15,P001321,capture,2721,109,2612,USD,
S015814,2026-05-15,P000697,capture,1457,72,1385,USD,
S015825,2026-05-15,P006512,capture,2867,113,2754,USD,
S015826,2026-05-15,P009353,capture,6715,225,6490,USD,
S015829,2026-05-15,P001760,capture,1163,64,1099,USD,
S015830,2026-05-15,P007311,refund,-17599,0,-17599,USD,
S015835,2026-05-15,P014554,refund,-2960,0,-2960,USD,
S015838,2026-05-15,P016995,refund,-13488,0,-13488,USD,
S015839,2026-05-15,P018120,capture,3357,127,3230,USD,
S015840,2026-05-15,P000499,capture,10368,331,10037,USD,
S015841,2026-05-15,P007105,refund,-6535,0,-6535,USD,
S015842,2026-05-15,P018882,capture,3261,125,3136,USD,
S015843,2026-05-15,P018937,capture,2571,105,2466,USD,
S015847,2026-05-15,P012323,capture,7751,255,7496,USD,
S015850,2026-05-15,P011997,refund,-1124,0,-1124,USD,
S015851,2026-05-15,P002568,capture,1504,74,1430,USD,
S015852,2026-05-15,P001264,capture,11299,358,10941,USD,
S015853,2026-05-15,P000371,capture,1986,88,1898,USD,
S015855,2026-05-15,P018661,capture,3072,119,2953,USD,
S015856,2026-05-15,P005046,capture,1698,79,1619,USD,
S015857,2026-05-15,P016886,capture,2322,97,2225,USD,
S015859,2026-05-15,P013850,refund,-4356,0,-4356,USD,
S015860,2026-05-15,P006199,capture,3121,121,3000,USD,
S015862,2026-05-15,P016632,capture,2547,104,2443,USD,
S015864,2026-05-15,P000822,refund,-10925,0,-10925,USD,
S015865,2026-05-15,P012101,capture,3058,119,2939,USD,
S015866,2026-05-15,P019000,capture,34034,1017,33017,USD,
S015867,2026-05-15,P000460,capture,6140,208,5932,USD,
S015870,2026-05-15,P000441,capture,6178,209,5969,USD,
S015871,2026-05-15,P003207,capture,32247,965,31282,USD,
S015873,2026-05-15,P013178,refund,-7753,0,-7753,USD,
S015874,2026-05-15,P016722,refund,-9643,0,-9643,USD,
S015876,2026-05-15,P011953,capture,8325,271,8054,USD,
S015878,2026-05-15,P007486,capture,1153,63,1090,USD,
S015879,2026-05-15,P019025,capture,9907,317,9590,USD,
S015880,2026-05-15,P006902,capture,2329,98,2231,USD,
S015882,2026-05-15,P004501,capture,3243,124,3119,USD,
S015887,2026-05-15,P002392,capture,14101,438,13663,EUR,converted at 1.0961
S015888,2026-05-15,P007633,capture,13369,418,12951,USD,
S015891,2026-05-15,P017778,refund,-6069,0,-6069,USD,
S015892,2026-05-15,P002677,chargeback,-1681,1500,-3181,USD,
S015893,2026-05-15,P007467,capture,2677,108,2569,USD,
S015894,2026-05-15,P009546,capture,8633,280,8353,USD,
S015895,2026-05-15,P011286,capture,4469,160,4309,USD,
S015896,2026-05-15,P014025,capture,4340,156,4184,USD,
S015897,2026-05-15,P010185,capture,6504,219,6285,USD,
S015899,2026-05-15,P001632,capture,3217,123,3094,USD,
S015901,2026-05-15,P016803,capture,493,44,449,USD,
S015902,2026-05-15,P001429,capture,27480,827,26653,USD,
S015904,2026-05-15,P004657,refund,-1827,0,-1827,USD,
S015906,2026-05-15,P008676,refund,-2713,0,-2713,USD,
S015907,2026-05-15,P004956,capture,11337,359,10978,USD,
S015908,2026-05-15,P001094,refund,-2989,0,-2989,USD,
S015909,2026-05-15,P006307,capture,5974,203,5771,USD,
S015913,2026-05-15,P019692,refund,-3647,0,-3647,USD,
S015914,2026-05-15,P007945,capture,9694,311,9383,USD,
S015917,2026-05-15,P015935,refund,-391,0,-391,USD,
S015922,2026-05-15,P013972,refund,-8919,0,-8919,USD,
S015925,2026-05-15,P005505,refund,-7074,0,-7074,USD,
S015926,2026-05-15,P018158,refund,-8292,0,-8292,USD,
S015706,2026-05-16,P012695,capture,7346,243,7103,USD,
S015723,2026-05-16,P017960,capture,3963,145,3818,USD,
S015727,2026-05-16,P001691,capture,4909,172,4737,USD,
S015739,2026-05-16,P014382,capture,10262,328,9934,USD,
S015753,2026-05-16,P014585,capture,3480,131,3349,USD,
S015771,2026-05-16,P005788,capture,5769,197,5572,USD,
S015795,2026-05-16,P005139,capture,6173,209,5964,USD,
S015801,2026-05-16,P019442,capture,18672,571,18101,USD,
S015810,2026-05-16,P016828,capture,2953,116,2837,USD,
S015828,2026-05-16,P007900,refund,-2577,0,-2577,USD,
S015834,2026-05-16,P008770,refund,-2373,0,-2373,USD,
S015836,2026-05-16,P003417,capture,5365,186,5179,USD,
S015837,2026-05-16,P004257,refund,-6645,0,-6645,USD,
S015844,2026-05-16,P016984,refund,-926,0,-926,USD,
S015845,2026-05-16,P010839,capture,3391,128,3263,USD,
S015846,2026-05-16,P017996,capture,6154,208,5946,USD,
S015848,2026-05-16,P005522,capture,19309,590,18719,USD,
S015849,2026-05-16,P017899,refund,-2481,0,-2481,USD,
S015858,2026-05-16,P009604,capture,4296,155,4141,USD,
S015861,2026-05-16,P014297,capture,3323,126,3197,USD,
S015863,2026-05-16,P019905,refund,-3749,0,-3749,USD,
S015868,2026-05-16,P000146,refund,-18039,0,-18039,USD,
S015872,2026-05-16,P014349,capture,7371,244,7127,USD,
S015875,2026-05-16,P016737,capture,4782,169,4613,USD,
S015877,2026-05-16,P007959,refund,-20376,0,-20376,USD,
S015881,2026-05-16,P016824,capture,2319,97,2222,USD,
S015884,2026-05-16,P016941,capture,20454,623,19831,USD,
S015885,2026-05-16,P016064,capture,7091,236,6855,USD,
S015886,2026-05-16,P015139,capture,4499,160,4339,USD,
S015889,2026-05-16,P003957,capture,3344,127,3217,USD,
S015890,2026-05-16,P007806,capture,13483,421,13062,USD,
S015898,2026-05-16,P004548,capture,4916,174,4742,EUR,converted at 1.0961
S015900,2026-05-16,P006877,capture,1586,76,1510,USD,
S015903,2026-05-16,P003204,capture,7684,253,7431,USD,
S015905,2026-05-16,P010982,capture,7070,235,6835,USD,
S015910,2026-05-16,P013221,capture,2894,114,2780,USD,
S015911,2026-05-16,P018810,refund,-4865,0,-4865,USD,
S015912,2026-05-16,P018407,capture,5607,193,5414,USD,
S015915,2026-05-16,P008914,refund,-1423,0,-1423,USD,
S015916,2026-05-16,P008535,refund,-7477,0,-7477,USD,
S015918,2026-05-16,P003467,refund,-3267,0,-3267,USD,
S015919,2026-05-16,P019938,refund,-8317,0,-8317,USD,
S015920,2026-05-16,P017416,refund,-5241,0,-5241,USD,
S015923,2026-05-16,P005857,refund,-374,0,-374,USD,
S015924,2026-05-16,P019116,refund,-1829,0,-1829,USD,
S015928,2026-05-16,P003724,refund,-23792,0,-23792,USD,
S015930,2026-05-16,P013752,capture,3005,117,2888,USD,
S015931,2026-05-16,P001812,capture,6675,224,6451,USD,
S015932,2026-05-16,P016164,refund,-3519,0,-3519,USD,
S015934,2026-05-16,P001851,capture,1750,81,1669,USD,
S015935,2026-05-16,P003849,refund,-899,0,-899,USD,
S015936,2026-05-16,P000503,refund,-2263,0,-2263,USD,
S015938,2026-05-16,P011583,capture,2512,103,2409,USD,
S015939,2026-05-16,P004274,refund,-13385,0,-13385,USD,
S015940,2026-05-16,P018367,capture,5389,186,5203,USD,
S015942,2026-05-16,P019045,capture,4014,146,3868,USD,
S015944,2026-05-16,P006482,capture,3684,137,3547,USD,
S015945,2026-05-16,P004184,capture,2339,98,2241,USD,
S015952,2026-05-16,P009358,refund,-1511,0,-1511,USD,
S015953,2026-05-16,P008846,capture,8046,263,7783,USD,
S015956,2026-05-16,P015634,capture,18095,555,17540,USD,
S015959,2026-05-16,P015897,capture,2819,112,2707,USD,
S015961,2026-05-16,P011887,capture,13527,422,13105,USD,
S015963,2026-05-16,P002705,refund,-15070,0,-15070,USD,
S015964,2026-05-16,P013262,capture,13988,436,13552,USD,
S015965,2026-05-16,P006041,refund,-844,0,-844,USD,
S015966,2026-05-16,P017120,capture,1905,85,1820,USD,
S015968,2026-05-16,P008411,capture,33273,995,32278,USD,
S015969,2026-05-16,P018314,refund,-8886,0,-8886,USD,
S015970,2026-05-16,P013630,refund,-1158,0,-1158,USD,
S015971,2026-05-16,P019871,capture,13154,411,12743,USD,
S015972,2026-05-16,P018995,capture,4023,147,3876,USD,
S015973,2026-05-16,P009915,capture,4090,149,3941,USD,
S015974,2026-05-16,P014920,capture,2245,95,2150,USD,
S015975,2026-05-16,P014434,refund,-15392,0,-15392,USD,
S015977,2026-05-16,P008876,capture,3344,127,3217,USD,
S015978,2026-05-16,P010793,refund,-3274,0,-3274,USD,
S015979,2026-05-16,P014984,capture,6743,226,6517,USD,
S015980,2026-05-16,P015493,capture,4290,154,4136,USD,
S015981,2026-05-16,P010676,capture,5542,191,5351,USD,
S015984,2026-05-16,P010942,capture,13534,422,13112,USD,
S015985,2026-05-16,P018279,refund,-2456,0,-2456,USD,
S015986,2026-05-16,P011596,capture,8055,264,7791,USD,
S015987,2026-05-16,P013321,capture,4782,169,4613,USD,
S015988,2026-05-16,P002297,capture,19166,586,18580,USD,
S015989,2026-05-16,P014316,capture,9129,295,8834,USD,
S015991,2026-05-16,P004313,refund,-6490,0,-6490,USD,
S015992,2026-05-16,P018884,refund,-1438,0,-1438,USD,
S015993,2026-05-16,P013256,refund,-15090,0,-15090,USD,
S015994,2026-05-16,P005629,refund,-1522,0,-1522,USD,
S015995,2026-05-16,P010429,capture,6939,231,6708,USD,
S015996,2026-05-16,P014735,capture,1793,82,1711,USD,
S015998,2026-05-16,P018392,refund,-7745,0,-7745,USD,
S015999,2026-05-16,P001614,capture,6123,208,5915,USD,
S016000,2026-05-16,P008240,refund,-978,0,-978,USD,
S016001,2026-05-16,P012414,capture,8688,282,8406,USD,
S016002,2026-05-16,P000915,refund,-6652,0,-6652,USD,
S016003,2026-05-16,P016454,refund,-8401,0,-8401,USD,
S016004,2026-05-16,P000714,capture,6476,218,6258,USD,
S016005,2026-05-16,P011164,refund,-1723,0,-1723,USD,
S016006,2026-05-16,P005086,refund,-14713,0,-14713,USD,
S016009,2026-05-16,P015925,capture,2387,99,2288,USD,
S016010,2026-05-16,P018579,refund,-8807,0,-8807,USD,
S016012,2026-05-16,P015876,refund,-2444,0,-2444,USD,
S016013,2026-05-16,P001368,refund,-10582,0,-10582,USD,
S016016,2026-05-16,P018064,refund,-1337,0,-1337,USD,
S016018,2026-05-16,P010972,capture,12679,398,12281,USD,
S015854,2026-05-17,P004506,refund,-27090,0,-27090,USD,
S015869,2026-05-17,P013074,capture,6153,208,5945,USD,
S015883,2026-05-17,P016191,capture,6440,217,6223,USD,
S015921,2026-05-17,P013312,refund,-5942,0,-5942,USD,
S015927,2026-05-17,P000508,refund,-7143,0,-7143,USD,
S015929,2026-05-17,P009502,refund,-4747,0,-4747,USD,
S015933,2026-05-17,P003201,capture,1685,79,1606,USD,
S015937,2026-05-17,P002174,refund,-4424,0,-4424,USD,
S015941,2026-05-17,P005807,capture,22822,692,22130,USD,
S015943,2026-05-17,P003604,capture,16115,497,15618,USD,
S015946,2026-05-17,P002023,capture,15089,468,14621,USD,
S015947,2026-05-17,P010109,refund,-7039,0,-7039,USD,
S015948,2026-05-17,P019507,capture,3231,124,3107,USD,
S015949,2026-05-17,P017412,refund,-1182,0,-1182,USD,
S015950,2026-05-17,P005792,capture,15178,470,14708,USD,
S015951,2026-05-17,P019449,capture,1466,73,1393,USD,
S015954,2026-05-17,P000222,capture,3656,136,3520,USD,
S015955,2026-05-17,P000005,capture,9360,301,9059,USD,
S015957,2026-05-17,P016580,capture,7538,249,7289,USD,
S015958,2026-05-17,P000729,capture,1730,80,1650,USD,
S015960,2026-05-17,P003049,refund,-1712,0,-1712,USD,
S015962,2026-05-17,P015427,refund,-7897,0,-7897,USD,
S015967,2026-05-17,P006842,capture,3071,119,2952,USD,
S015976,2026-05-17,P007828,refund,-51388,0,-51388,USD,
S015982,2026-05-17,P015531,capture,5777,198,5579,USD,
S015990,2026-05-17,P006455,capture,3236,124,3112,USD,
S015997,2026-05-17,P005038,capture,17260,531,16729,USD,
S016008,2026-05-17,P007414,refund,-9061,0,-9061,USD,
S016011,2026-05-17,P016723,refund,-18296,0,-18296,USD,
S016014,2026-05-17,P008217,refund,-3523,0,-3523,USD,
S016015,2026-05-17,P014653,refund,-4365,0,-4365,USD,
S016017,2026-05-17,P015189,refund,-1794,0,-1794,USD,
S016019,2026-05-17,P004098,refund,-384,0,-384,USD,
S016020,2026-05-17,P003264,refund,-1714,0,-1714,USD,
S016024,2026-05-17,P011738,refund,-26209,0,-26209,USD,
S016026,2026-05-17,P006368,refund,-8997,0,-8997,USD,
S016028,2026-05-17,P005933,capture,758,52,706,USD,
S016029,2026-05-17,P010783,capture,11555,365,11190,USD,
S016030,2026-05-17,P008397,capture,5250,182,5068,USD,
S016031,2026-05-17,P006204,capture,6362,214,6148,USD,
S016033,2026-05-17,P007077,capture,19829,605,19224,USD,
S016037,2026-05-17,P017729,capture,2744,110,2634,USD,
S016038,2026-05-17,P005141,refund,-1845,0,-1845,USD,
S016039,2026-05-17,P010934,capture,6939,231,6708,USD,
S016042,2026-05-17,P007585,refund,-15227,0,-15227,USD,
S016043,2026-05-17,P003023,capture,980,58,922,USD,
S016044,2026-05-17,P000783,capture,637,48,589,USD,
S016045,2026-05-17,P004487,capture,2587,105,2482,USD,
S016047,2026-05-17,P000205,capture,480,44,436,USD,
S016049,2026-05-17,P002338,capture,2189,93,2096,USD,
S016050,2026-05-17,P019446,capture,13493,421,13072,USD,
S016052,2026-05-17,P004074,capture,33146,991,32155,USD,
S016053,2026-05-17,P003922,refund,-3267,0,-3267,USD,
S016054,2026-05-17,P009512,capture,6816,228,6588,USD,
S016055,2026-05-17,P006542,capture,2235,95,2140,USD,
S016056,2026-05-17,P015625,capture,2227,95,2132,USD,
S016057,2026-05-17,P013942,capture,5396,186,5210,USD,
S016059,2026-05-17,P005501,capture,8188,267,7921,USD,
S016060,2026-05-17,P000431,capture,27868,838,27030,USD,
S016061,2026-05-17,P012695,refund,-7346,0,-7346,USD,
S016064,2026-05-17,P009576,refund,-4123,0,-4123,USD,
S016065,2026-05-17,P003538,capture,13206,413,12793,USD,
S016068,2026-05-17,P013020,refund,-305,0,-305,USD,
S016070,2026-05-17,P013779,capture,9452,304,9148,USD,
S016073,2026-05-17,P019981,refund,-1521,0,-1521,USD,
S016074,2026-05-17,P002496,capture,7870,258,7612,USD,
S016075,2026-05-17,P009179,capture,4819,170,4649,USD,
S016076,2026-05-17,P003198,capture,3613,135,3478,USD,
S016077,2026-05-17,P013239,capture,8734,283,8451,USD,
S016078,2026-05-17,P018594,refund,-9914,0,-9914,USD,
S016080,2026-05-17,P011507,refund,-19732,0,-19732,USD,
S016082,2026-05-17,P015344,refund,-22914,0,-22914,USD,
S016083,2026-05-17,P000339,refund,-1966,0,-1966,USD,
S016084,2026-05-17,P004181,capture,4047,147,3900,USD,
S016087,2026-05-17,P011918,refund,-2442,0,-2442,USD,
S016088,2026-05-17,P008238,refund,-16033,0,-16033,USD,
S016089,2026-05-17,P019989,refund,-19806,0,-19806,USD,
S016090,2026-05-17,P010919,refund,-2032,0,-2032,USD,
S015983,2026-05-18,P012913,capture,5349,185,5164,USD,
S016007,2026-05-18,P007013,capture,15826,489,15337,USD,
S016021,2026-05-18,P009732,refund,-10413,0,-10413,USD,
S016022,2026-05-18,P017667,refund,-9167,0,-9167,USD,
S016023,2026-05-18,P011807,refund,-9961,0,-9961,USD,
S016027,2026-05-18,P005434,capture,2014,88,1926,USD,
S016032,2026-05-18,P010065,capture,15618,483,15135,USD,
S016034,2026-05-18,P003350,capture,7502,248,7254,USD,
S016035,2026-05-18,P006024,refund,-6212,0,-6212,USD,
S016036,2026-05-18,P013483,capture,23360,707,22653,USD,
S016040,2026-05-18,P002181,capture,7708,254,7454,USD,
S016041,2026-05-18,P017330,capture,580,47,533,USD,
S016046,2026-05-18,P017649,refund,-4128,0,-4128,USD,
S016048,2026-05-18,P005583,capture,7195,239,6956,USD,
S016051,2026-05-18,P003294,capture,2943,115,2828,USD,
S016062,2026-05-18,P018583,capture,12186,383,11803,USD,
S016063,2026-05-18,P013310,capture,1072,61,1011,USD,
S016067,2026-05-18,P002010,capture,4929,173,4756,USD,
S016069,2026-05-18,P005591,capture,2065,90,1975,USD,
S016071,2026-05-18,P001600,refund,-8657,0,-8657,USD,
S016072,2026-05-18,P018513,refund,-1473,0,-1473,USD,
S016079,2026-05-18,P003698,capture,5460,188,5272,USD,
S016081,2026-05-18,P013707,refund,-3073,0,-3073,USD,
S016085,2026-05-18,P014159,capture,5323,184,5139,USD,
S016086,2026-05-18,P009938,refund,-3070,0,-3070,USD,
S016091,2026-05-18,P004865,refund,-3624,0,-3624,USD,
S016092,2026-05-18,P013353,refund,-1935,0,-1935,USD,
S016093,2026-05-18,P002465,refund,-3205,0,-3205,USD,
S016096,2026-05-18,P019126,refund,-1497,0,-1497,USD,
S016097,2026-05-18,P017203,refund,-3052,0,-3052,USD,
S016098,2026-05-18,P000190,refund,-4046,0,-4046,USD,
S016100,2026-05-18,P009079,refund,-5421,0,-5421,USD,
S016101,2026-05-18,P003174,refund,-5776,0,-5776,USD,
S016102,2026-05-18,P011301,refund,-4260,0,-4260,USD,
S016103,2026-05-18,P001491,refund,-6348,0,-6348,USD,
S016106,2026-05-18,P019140,refund,-6813,0,-6813,USD,
S016112,2026-05-18,P006094,refund,-1389,0,-1389,USD,
S016113,2026-05-18,P003707,refund,-5204,0,-5204,USD,
S016116,2026-05-18,P019602,refund,-19429,0,-19429,USD,
S016118,2026-05-18,P011614,refund,-12426,0,-12426,USD,
S016119,2026-05-18,P017019,refund,-1007,0,-1007,USD,
S016121,2026-05-18,P005651,refund,-9999,0,-9999,USD,
S016123,2026-05-18,P009389,refund,-17659,0,-17659,USD,
S016124,2026-05-18,P003513,refund,-5302,0,-5302,USD,
S016125,2026-05-18,P006121,refund,-6686,0,-6686,USD,
S016127,2026-05-18,P010406,refund,-5246,0,-5246,USD,
S016128,2026-05-18,P018954,refund,-68210,0,-68210,USD,
S016025,2026-05-19,P012988,refund,-3090,0,-3090,USD,
S016058,2026-05-19,P016906,refund,-2532,0,-2532,USD,
S016066,2026-05-19,P002133,capture,7860,258,7602,USD,
S016094,2026-05-19,P011034,refund,-7687,0,-7687,USD,
S016099,2026-05-19,P001964,refund,-14272,0,-14272,USD,
S016104,2026-05-19,P011368,refund,-2552,0,-2552,USD,
S016107,2026-05-19,P003294,refund,-2943,0,-2943,USD,
S016108,2026-05-19,P017897,refund,-37144,0,-37144,USD,
S016109,2026-05-19,P004789,refund,-4455,0,-4455,USD,
S016110,2026-05-19,P019596,refund,-6924,0,-6924,USD,
S016111,2026-05-19,P002086,refund,-5331,0,-5331,USD,
S016115,2026-05-19,P008972,refund,-11141,0,-11141,USD,
S016120,2026-05-19,P019680,refund,-4011,0,-4011,USD,
S016122,2026-05-19,P016683,refund,-5436,0,-5436,USD,
S016126,2026-05-19,P018124,chargeback,-1892,1500,-3392,USD,
S016129,2026-05-19,P003182,refund,-777,0,-777,USD,
S016130,2026-05-19,P011640,refund,-10910,0,-10910,USD,
S016134,2026-05-19,P007069,refund,-259,0,-259,USD,
S016136,2026-05-19,P013784,refund,-2771,0,-2771,USD,
S016137,2026-05-19,P016284,refund,-1837,0,-1837,USD,
S016138,2026-05-19,P002345,refund,-1478,0,-1478,USD,
S016142,2026-05-19,P007029,refund,-25053,0,-25053,USD,
S016144,2026-05-19,P012058,refund,-12582,0,-12582,USD,
S016145,2026-05-19,P010141,refund,-2064,0,-2064,USD,
S016146,2026-05-19,P015943,refund,-4814,0,-4814,USD,
S016147,2026-05-19,P006872,refund,-18343,0,-18343,USD,
S016149,2026-05-19,P018170,refund,-37606,0,-37606,USD,
S016151,2026-05-19,P014449,refund,-936,0,-936,USD,
S016153,2026-05-19,P009053,refund,-8010,0,-8010,USD,
S016156,2026-05-19,P013831,refund,-764,0,-764,USD,
S016158,2026-05-19,P015884,refund,-3588,0,-3588,USD,
S016159,2026-05-19,P003864,refund,-4430,0,-4430,USD,
S016160,2026-05-19,P009650,refund,-1600,0,-1600,USD,
S016161,2026-05-19,P008060,refund,-3122,0,-3122,USD,
S016163,2026-05-19,P003313,refund,-23931,0,-23931,USD,
S016164,2026-05-19,P019410,refund,-1796,0,-1796,USD,
S016165,2026-05-19,P018931,refund,-2279,0,-2279,USD,
S016166,2026-05-19,P008065,refund,-21013,0,-21013,USD,
S016167,2026-05-19,P007282,refund,-2101,0,-2101,USD,
S016095,2026-05-20,P015094,refund,-1725,0,-1725,USD,
S016105,2026-05-20,P008271,refund,-4254,0,-4254,USD,
S016114,2026-05-20,P003152,refund,-7184,0,-7184,USD,
S016117,2026-05-20,P001919,refund,-1153,0,-1153,USD,
S016131,2026-05-20,P002714,refund,-4595,0,-4595,USD,
S016132,2026-05-20,P016084,refund,-5929,0,-5929,USD,
S016135,2026-05-20,P007071,refund,-2574,0,-2574,USD,
S016139,2026-05-20,P019909,refund,-5195,0,-5195,USD,
S016140,2026-05-20,P006419,refund,-3320,0,-3320,USD,
S016141,2026-05-20,P004008,chargeback,-3722,1500,-5222,USD,
S016143,2026-05-20,P000885,refund,-2152,0,-2152,USD,
S016148,2026-05-20,P009271,refund,-19548,0,-19548,USD,
S016150,2026-05-20,P012006,refund,-2091,0,-2091,USD,
S016152,2026-05-20,P016649,refund,-2304,0,-2304,USD,
S016154,2026-05-20,P018508,refund,-2266,0,-2266,USD,
S016162,2026-05-20,P009638,refund,-8528,0,-8528,USD,
S016168,2026-05-20,P010908,refund,-4596,0,-4596,USD,
S016170,2026-05-20,P012677,refund,-786,0,-786,USD,
S016171,2026-05-20,P016961,refund,-3700,0,-3700,USD,
S016173,2026-05-20,P008032,refund,-19441,0,-19441,USD,
S016175,2026-05-20,P003779,refund,-4704,0,-4704,USD,
S016176,2026-05-20,P010216,refund,-3089,0,-3089,USD,
S016178,2026-05-20,P017799,refund,-4344,0,-4344,USD,
S016180,2026-05-20,P002321,refund,-1553,0,-1553,USD,
S016183,2026-05-20,P011632,refund,-4603,0,-4603,USD,
S016184,2026-05-20,P000924,refund,-5650,0,-5650,USD,
S016186,2026-05-20,P011798,refund,-7450,0,-7450,USD,
S016188,2026-05-20,P015651,refund,-1258,0,-1258,USD,
S016189,2026-05-20,P004712,refund,-2974,0,-2974,USD,
S016192,2026-05-20,P002508,refund,-4234,0,-4234,USD,
S016194,2026-05-20,P001384,refund,-1069,0,-1069,USD,
S016195,2026-05-20,P004165,refund,-2641,0,-2641,USD,
S016196,2026-05-20,P014431,refund,-8375,0,-8375,USD,
S016197,2026-05-20,P005513,refund,-4241,0,-4241,USD,
S016198,2026-05-20,P006242,refund,-4522,0,-4522,USD,
S016199,2026-05-20,P011680,refund,-1678,0,-1678,USD,
S016200,2026-05-20,P004446,refund,-16536,0,-16536,USD,
S016201,2026-05-20,P017972,refund,-21946,0,-21946,USD,
S016202,2026-05-20,P009331,refund,-19303,0,-19303,USD,
S016203,2026-05-20,P019405,refund,-3258,0,-3258,USD,
S016204,2026-05-20,P011764,refund,-2524,0,-2524,USD,
S016207,2026-05-20,P014639,refund,-2388,0,-2388,USD,
S016208,2026-05-20,P008963,refund,-4472,0,-4472,USD,
S016210,2026-05-20,P001688,refund,-1677,0,-1677,USD,
S016133,2026-05-21,P007700,refund,-8673,0,-8673,USD,
S016155,2026-05-21,P014348,refund,-4609,0,-4609,USD,
S016157,2026-05-21,P002627,refund,-5516,0,-5516,USD,
S016169,2026-05-21,P006707,refund,-7486,0,-7486,USD,
S016172,2026-05-21,P013071,refund,-1334,0,-1334,USD,
S016174,2026-05-21,P017959,refund,-9356,0,-9356,USD,
S016177,2026-05-21,P011555,refund,-24656,0,-24656,USD,
S016179,2026-05-21,P000746,refund,-9327,0,-9327,USD,
S016181,2026-05-21,P012622,refund,-5806,0,-5806,USD,
S016182,2026-05-21,P010823,refund,-1197,0,-1197,USD,
S016185,2026-05-21,P015633,refund,-6753,0,-6753,USD,
S016187,2026-05-21,P006605,refund,-5574,0,-5574,USD,
S016190,2026-05-21,P016127,refund,-2577,0,-2577,USD,
S016191,2026-05-21,P009260,refund,-55393,0,-55393,USD,
S016205,2026-05-21,P007238,refund,-14505,0,-14505,USD,
S016206,2026-05-21,P007969,refund,-12661,0,-12661,USD,
S016209,2026-05-21,P009329,refund,-11004,0,-11004,USD,
S016214,2026-05-21,P009424,refund,-4553,0,-4553,USD,
S016215,2026-05-21,P011823,refund,-4749,0,-4749,USD,
S016217,2026-05-21,P002796,refund,-1688,0,-1688,USD,
S016218,2026-05-21,P007715,refund,-64592,0,-64592,USD,
S016219,2026-05-21,P011349,refund,-2409,0,-2409,USD,
S016220,2026-05-21,P005662,refund,-5394,0,-5394,USD,
S016221,2026-05-21,P015032,refund,-6048,0,-6048,USD,
S016222,2026-05-21,P003060,refund,-2465,0,-2465,USD,
S016223,2026-05-21,P001918,refund,-1810,0,-1810,USD,
S016224,2026-05-21,P017568,refund,-89,0,-89,USD,
S016225,2026-05-21,P007124,refund,-18008,0,-18008,USD,
S016228,2026-05-21,P013652,refund,-5931,0,-5931,USD,
S016229,2026-05-21,P004145,refund,-7279,0,-7279,USD,
S016230,2026-05-21,P010148,refund,-3042,0,-3042,USD,
S016231,2026-05-21,P012392,refund,-3345,0,-3345,USD,
S016232,2026-05-21,P008433,refund,-4209,0,-4209,USD,
S016236,2026-05-21,P014821,refund,-19757,0,-19757,USD,
S016237,2026-05-21,P002999,refund,-4343,0,-4343,USD,
S016238,2026-05-21,P010163,refund,-12238,0,-12238,USD,
S016240,2026-05-21,P013281,refund,-1512,0,-1512,USD,
S016241,2026-05-21,P005294,refund,-8804,0,-8804,USD,
S016242,2026-05-21,P001109,refund,-3591,0,-3591,USD,
S016243,2026-05-21,P004611,refund,-2522,0,-2522,USD,
S016193,2026-05-22,P018051,refund,-925,0,-925,USD,
S016211,2026-05-22,P009703,refund,-780,0,-780,USD,
S016213,2026-05-22,P007262,refund,-2770,0,-2770,USD,
S016216,2026-05-22,P005996,refund,-10984,0,-10984,USD,
S016227,2026-05-22,P019698,refund,-5412,0,-5412,USD,
S016233,2026-05-22,P007508,refund,-7989,0,-7989,USD,
S016234,2026-05-22,P005774,chargeback,-13463,1500,-14963,USD,
S016239,2026-05-22,P000303,chargeback,-6113,1500,-7613,USD,
S016245,2026-05-22,P007517,refund,-9398,0,-9398,USD,
S016246,2026-05-22,P006727,refund,-6284,0,-6284,USD,
S016247,2026-05-22,P010849,refund,-3338,0,-3338,USD,
S016248,2026-05-22,P009522,refund,-8724,0,-8724,USD,
S016249,2026-05-22,P011314,refund,-1126,0,-1126,USD,
S016250,2026-05-22,P015401,chargeback,-8839,1500,-10339,USD,
S016251,2026-05-22,P011239,refund,-6215,0,-6215,USD,
S016252,2026-05-22,P017680,refund,-10807,0,-10807,USD,
S016253,2026-05-22,P016530,refund,-957,0,-957,USD,
S016255,2026-05-22,P009462,refund,-1024,0,-1024,USD,
S016257,2026-05-22,P010293,chargeback,-10018,1500,-11518,USD,
S016258,2026-05-22,P006344,refund,-453,0,-453,USD,
S016259,2026-05-22,P002876,refund,-2832,0,-2832,USD,
S016261,2026-05-22,P012102,refund,-6821,0,-6821,USD,
S016262,2026-05-22,P001849,refund,-3461,0,-3461,USD,
S016263,2026-05-22,P008651,refund,-10172,0,-10172,USD,
S016264,2026-05-22,P000946,refund,-13379,0,-13379,USD,
S016266,2026-05-22,P004633,refund,-27585,0,-27585,USD,
S016268,2026-05-22,P007746,refund,-1495,0,-1495,USD,
S016269,2026-05-22,P000927,refund,-810,0,-810,USD,
S016270,2026-05-22,P012620,refund,-5634,0,-5634,USD,
S016271,2026-05-22,P002701,refund,-3624,0,-3624,USD,
S016272,2026-05-22,P019485,refund,-2555,0,-2555,USD,
S016273,2026-05-22,P009593,refund,-22537,0,-22537,USD,
S016274,2026-05-22,P016709,refund,-477,0,-477,USD,
S016275,2026-05-22,P005002,refund,-5021,0,-5021,USD,
S016278,2026-05-22,P002758,refund,-5076,0,-5076,USD,
S016212,2026-05-23,P017001,refund,-983,0,-983,USD,
S016226,2026-05-23,P015710,chargeback,-5339,1500,-6839,USD,
S016235,2026-05-23,P016437,refund,-213,0,-213,USD,
S016244,2026-05-23,P015936,refund,-2991,0,-2991,USD,
S016254,2026-05-23,P005153,refund,-5434,0,-5434,USD,
S016265,2026-05-23,P001984,refund,-1696,0,-1696,USD,
S016267,2026-05-23,P010995,refund,-9369,0,-9369,USD,
S016276,2026-05-23,P018096,refund,-598,0,-598,USD,
S016277,2026-05-23,P018332,refund,-1996,0,-1996,USD,
S016279,2026-05-23,P007824,refund,-17003,0,-17003,USD,
S016281,2026-05-23,P006722,refund,-3548,0,-3548,USD,
S016282,2026-05-23,P002378,refund,-2438,0,-2438,USD,
S016283,2026-05-23,P008103,refund,-6940,0,-6940,USD,
S016285,2026-05-23,P008420,refund,-2557,0,-2557,USD,
S016287,2026-05-23,P012614,refund,-3811,0,-3811,USD,
S016288,2026-05-23,P009078,refund,-3033,0,-3033,USD,
S016289,2026-05-23,P014460,refund,-212,0,-212,USD,
S016290,2026-05-23,P000769,refund,-1867,0,-1867,USD,
S016292,2026-05-23,P015823,refund,-3518,0,-3518,USD,
S016294,2026-05-23,P001770,refund,-1875,0,-1875,USD,
S016298,2026-05-23,P009382,refund,-4380,0,-4380,USD,
S016299,2026-05-23,P018639,refund,-4377,0,-4377,USD,
S016300,2026-05-23,P012691,refund,-432,0,-432,USD,
S016302,2026-05-23,P015596,refund,-11213,0,-11213,USD,
S016303,2026-05-23,P005733,refund,-4498,0,-4498,USD,
S016304,2026-05-23,P015587,refund,-1916,0,-1916,USD,
S016306,2026-05-23,P010425,refund,-2819,0,-2819,USD,
S016307,2026-05-23,P012008,refund,-1710,0,-1710,USD,
S016311,2026-05-23,P002894,refund,-9088,0,-9088,USD,
S016315,2026-05-23,P001538,refund,-1787,0,-1787,USD,
S016316,2026-05-23,P014338,refund,-5856,0,-5856,USD,
S016317,2026-05-23,P008396,refund,-6238,0,-6238,USD,
S016318,2026-05-23,P002745,refund,-3926,0,-3926,USD,
S016256,2026-05-24,P007220,refund,-8762,0,-8762,USD,
S016260,2026-05-24,P007159,refund,-794,0,-794,USD,
S016280,2026-05-24,P018324,refund,-4855,0,-4855,USD,
S016284,2026-05-24,P019738,refund,-5148,0,-5148,USD,
S016286,2026-05-24,P000315,refund,-1053,0,-1053,USD,
S016291,2026-05-24,P012909,chargeback,-10313,1500,-11813,USD,
S016293,2026-05-24,P006825,refund,-1228,0,-1228,USD,
S016295,2026-05-24,P012010,refund,-7266,0,-7266,USD,
S016296,2026-05-24,P001727,refund,-1361,0,-1361,USD,
S016297,2026-05-24,P012519,chargeback,-2407,1500,-3907,USD,
S016301,2026-05-24,P005056,chargeback,-5121,1500,-6621,USD,
S016305,2026-05-24,P000945,refund,-1296,0,-1296,USD,
S016308,2026-05-24,P015019,refund,-6512,0,-6512,USD,
S016310,2026-05-24,P009490,refund,-15853,0,-15853,USD,
S016313,2026-05-24,P000181,refund,-14480,0,-14480,USD,
S016314,2026-05-24,P003842,refund,-6245,0,-6245,USD,
S016320,2026-05-24,P006218,refund,-1436,0,-1436,USD,
S016323,2026-05-24,P004256,refund,-8374,0,-8374,USD,
S016324,2026-05-24,P009194,refund,-9787,0,-9787,USD,
S016326,2026-05-24,P011850,refund,-20873,0,-20873,USD,
S016328,2026-05-24,P016400,refund,-1324,0,-1324,USD,
S016329,2026-05-24,P014819,chargeback,-2168,1500,-3668,USD,
S016330,2026-05-24,P004673,refund,-14293,0,-14293,USD,
S016333,2026-05-24,P009612,refund,-6533,0,-6533,USD,
S016334,2026-05-24,P014855,refund,-901,0,-901,USD,
S016340,2026-05-24,P004156,refund,-2635,0,-2635,USD,
S016341,2026-05-24,P015267,refund,-2024,0,-2024,USD,
S016342,2026-05-24,P013604,refund,-924,0,-924,USD,
S016343,2026-05-24,P019673,refund,-4583,0,-4583,USD,
S016344,2026-05-24,P012916,refund,-2396,0,-2396,USD,
S016345,2026-05-24,P006497,refund,-1943,0,-1943,USD,
S016346,2026-05-24,P018969,refund,-6855,0,-6855,USD,
S016347,2026-05-24,P005250,refund,-2138,0,-2138,USD,
S016348,2026-05-24,P004849,refund,-7616,0,-7616,USD,
S016349,2026-05-24,P014711,refund,-1308,0,-1308,USD,
S016350,2026-05-24,P001755,refund,-6603,0,-6603,USD,
S016351,2026-05-24,P013624,refund,-16953,0,-16953,USD,
S016352,2026-05-24,P000071,refund,-18708,0,-18708,USD,
S016355,2026-05-24,P011125,refund,-41367,0,-41367,USD,
S016358,2026-05-24,P015465,refund,-7449,0,-7449,USD,
S016359,2026-05-24,P018122,refund,-1352,0,-1352,USD,
S016360,2026-05-24,P012453,refund,-3325,0,-3325,USD,
S016361,2026-05-24,P016741,refund,-1381,0,-1381,USD,
S016309,2026-05-25,P003105,refund,-2467,0,-2467,USD,
S016312,2026-05-25,P008111,refund,-6070,0,-6070,USD,
S016319,2026-05-25,P002596,refund,-12406,0,-12406,USD,
S016321,2026-05-25,P017258,refund,-1594,0,-1594,USD,
S016322,2026-05-25,P005158,refund,-6034,0,-6034,USD,
S016325,2026-05-25,P009562,refund,-1823,0,-1823,USD,
S016327,2026-05-25,P008711,refund,-5088,0,-5088,USD,
S016335,2026-05-25,P004372,refund,-5859,0,-5859,USD,
S016336,2026-05-25,P016109,refund,-5109,0,-5109,USD,
S016337,2026-05-25,P012596,refund,-2760,0,-2760,USD,
S016338,2026-05-25,P008327,refund,-2070,0,-2070,USD,
S016339,2026-05-25,P003377,refund,-759,0,-759,USD,
S016353,2026-05-25,P019853,refund,-6997,0,-6997,USD,
S016354,2026-05-25,P015192,refund,-3532,0,-3532,USD,
S016356,2026-05-25,P013244,refund,-977,0,-977,USD,
S016362,2026-05-25,P019863,refund,-2900,0,-2900,USD,
S016363,2026-05-25,P011005,refund,-5176,0,-5176,USD,
S016364,2026-05-25,P013895,refund,-1433,0,-1433,USD,
S016365,2026-05-25,P013558,refund,-1357,0,-1357,USD,
S016366,2026-05-25,P003772,refund,-4380,0,-4380,USD,
S016370,2026-05-25,P014985,refund,-15740,0,-15740,USD,
S016371,2026-05-25,P016175,refund,-7401,0,-7401,USD,
S016372,2026-05-25,P018365,refund,-3492,0,-3492,USD,
S016373,2026-05-25,P011818,chargeback,-3169,1500,-4669,USD,
S016374,2026-05-25,P019676,refund,-2378,0,-2378,USD,
S016375,2026-05-25,P009404,refund,-475,0,-475,USD,
S016376,2026-05-25,P003032,refund,-11375,0,-11375,USD,
S016377,2026-05-25,P000768,chargeback,-12897,1500,-14397,USD,
S016378,2026-05-25,P006658,refund,-9970,0,-9970,USD,
S016379,2026-05-25,P015579,refund,-13846,0,-13846,USD,
S016380,2026-05-25,P016666,refund,-1295,0,-1295,USD,
S016381,2026-05-25,P013280,refund,-6816,0,-6816,USD,
S016382,2026-05-25,P016650,refund,-3280,0,-3280,USD,
S016383,2026-05-25,P017571,refund,-1046,0,-1046,USD,
S016385,2026-05-25,P014795,refund,-13307,0,-13307,USD,
S016386,2026-05-25,P015764,refund,-16996,0,-16996,USD,
S016387,2026-05-25,P009761,refund,-4870,0,-4870,USD,
S016389,2026-05-25,P004124,refund,-11405,0,-11405,USD,
S016392,2026-05-25,P011287,refund,-5838,0,-5838,USD,
S016394,2026-05-25,P011222,refund,-16052,0,-16052,USD,
S016395,2026-05-25,P017694,refund,-1907,0,-1907,USD,
S016397,2026-05-25,P016366,refund,-4404,0,-4404,USD,
S016399,2026-05-25,P003567,refund,-3022,0,-3022,USD,
S016331,2026-05-26,P005484,refund,-15047,0,-15047,USD,
S016332,2026-05-26,P015556,refund,-1159,0,-1159,USD,
S016357,2026-05-26,P011750,refund,-3890,0,-3890,USD,
S016367,2026-05-26,P000763,refund,-5479,0,-5479,USD,
S016368,2026-05-26,P018721,refund,-3062,0,-3062,USD,
S016369,2026-05-26,P010939,refund,-3477,0,-3477,USD,
S016390,2026-05-26,P010279,refund,-15109,0,-15109,USD,
S016393,2026-05-26,P007427,refund,-10085,0,-10085,USD,
S016396,2026-05-26,P008818,refund,-4074,0,-4074,USD,
S016398,2026-05-26,P016843,refund,-6504,0,-6504,USD,
S016400,2026-05-26,P014643,refund,-3956,0,-3956,USD,
S016401,2026-05-26,P007403,refund,-6734,0,-6734,USD,
S016402,2026-05-26,P013544,refund,-13586,0,-13586,USD,
S016403,2026-05-26,P015757,refund,-3702,0,-3702,USD,
S016404,2026-05-26,P010501,refund,-4496,0,-4496,USD,
S016405,2026-05-26,P002215,refund,-32303,0,-32303,USD,
S016407,2026-05-26,P019528,refund,-7688,0,-7688,USD,
S016408,2026-05-26,P004102,refund,-2184,0,-2184,USD,
S016409,2026-05-26,P017787,refund,-7230,0,-7230,USD,
S016410,2026-05-26,P009083,refund,-6703,0,-6703,USD,
S016411,2026-05-26,P006404,refund,-839,0,-839,USD,
S016416,2026-05-26,P018069,refund,-4006,0,-4006,USD,
S016418,2026-05-26,P007676,refund,-1862,0,-1862,USD,
S016420,2026-05-26,P001939,refund,-21140,0,-21140,USD,
S016421,2026-05-26,P017276,refund,-2917,0,-2917,USD,
S016422,2026-05-26,P003879,refund,-730,0,-730,USD,
S016423,2026-05-26,P001122,refund,-5344,0,-5344,USD,
S016425,2026-05-26,P009051,refund,-13912,0,-13912,USD,
S016427,2026-05-26,P000929,refund,-6747,0,-6747,USD,
S016429,2026-05-26,P004258,refund,-2676,0,-2676,USD,
S016384,2026-05-27,P011660,chargeback,-9112,1500,-10612,USD,
S016388,2026-05-27,P011168,refund,-3959,0,-3959,USD,
S016391,2026-05-27,P011007,refund,-25781,0,-25781,USD,
S016406,2026-05-27,P008456,refund,-23109,0,-23109,USD,
S016412,2026-05-27,P018085,refund,-2313,0,-2313,USD,
S016413,2026-05-27,P015157,refund,-9192,0,-9192,USD,
S016414,2026-05-27,P002222,refund,-3846,0,-3846,USD,
S016415,2026-05-27,P001182,refund,-2284,0,-2284,USD,
S016419,2026-05-27,P004555,refund,-744,0,-744,USD,
S016424,2026-05-27,P019901,refund,-8454,0,-8454,USD,
S016426,2026-05-27,P002828,refund,-2347,0,-2347,USD,
S016428,2026-05-27,P019754,refund,-4328,0,-4328,USD,
S016430,2026-05-27,P009334,refund,-3341,0,-3341,USD,
S016434,2026-05-27,P014587,refund,-1779,0,-1779,USD,
S016436,2026-05-27,P008554,refund,-3849,0,-3849,USD,
S016437,2026-05-27,P011828,chargeback,-642,1500,-2142,USD,
S016438,2026-05-27,P017730,refund,-5065,0,-5065,USD,
S016439,2026-05-27,P010382,refund,-4304,0,-4304,USD,
S016440,2026-05-27,P006446,refund,-595,0,-595,USD,
S016442,2026-05-27,P001342,refund,-18378,0,-18378,USD,
S016443,2026-05-27,P001171,refund,-6174,0,-6174,USD,
S016444,2026-05-27,P016406,refund,-11447,0,-11447,USD,
S016448,2026-05-27,P009281,refund,-8626,0,-8626,USD,
S016450,2026-05-27,P006786,refund,-1532,0,-1532,USD,
S016452,2026-05-27,P000143,refund,-4691,0,-4691,USD,
S016453,2026-05-27,P009940,refund,-16388,0,-16388,USD,
S016454,2026-05-27,P009013,refund,-1133,0,-1133,USD,
S016456,2026-05-27,P001989,refund,-3589,0,-3589,USD,
S016417,2026-05-28,P009787,refund,-5997,0,-5997,USD,
S016432,2026-05-28,P009714,refund,-64283,0,-64283,USD,
S016435,2026-05-28,P016187,refund,-9796,0,-9796,USD,
S016441,2026-05-28,P017291,refund,-29624,0,-29624,USD,
S016445,2026-05-28,P007563,refund,-5158,0,-5158,USD,
S016446,2026-05-28,P009649,refund,-5041,0,-5041,USD,
S016449,2026-05-28,P008449,refund,-3189,0,-3189,USD,
S016451,2026-05-28,P000014,refund,-6070,0,-6070,USD,
S016459,2026-05-28,P001908,refund,-3647,0,-3647,USD,
S016461,2026-05-28,P003026,refund,-23558,0,-23558,USD,
S016462,2026-05-28,P014276,refund,-8303,0,-8303,USD,
S016464,2026-05-28,P009213,refund,-4522,0,-4522,USD,
S016466,2026-05-28,P013638,refund,-15785,0,-15785,USD,
S016467,2026-05-28,P017965,refund,-4543,0,-4543,USD,
S016468,2026-05-28,P008897,refund,-4933,0,-4933,USD,
S016469,2026-05-28,P013170,refund,-2545,0,-2545,USD,
S016470,2026-05-28,P018417,refund,-1536,0,-1536,USD,
S016472,2026-05-28,P009139,refund,-5976,0,-5976,USD,
S016473,2026-05-28,P005646,refund,-12777,0,-12777,USD,
S016474,2026-05-28,P017050,refund,-2560,0,-2560,USD,
S016476,2026-05-28,P016331,chargeback,-32726,1500,-34226,USD,
S016431,2026-05-29,P004397,refund,-4167,0,-4167,USD,
S016433,2026-05-29,P005405,refund,-2716,0,-2716,USD,
S016447,2026-05-29,P009892,refund,-4474,0,-4474,USD,
S016455,2026-05-29,P018151,refund,-18923,0,-18923,USD,
S016458,2026-05-29,P019711,refund,-5774,0,-5774,USD,
S016460,2026-05-29,P012413,refund,-5396,0,-5396,USD,
S016471,2026-05-29,P016273,refund,-15292,0,-15292,USD,
S016475,2026-05-29,P010242,refund,-1432,0,-1432,USD,
S016477,2026-05-29,P003816,refund,-7044,0,-7044,USD,
S016478,2026-05-29,P016138,refund,-5371,0,-5371,USD,
S016479,2026-05-29,P007361,refund,-10858,0,-10858,USD,
S016480,2026-05-29,P009600,refund,-3027,0,-3027,USD,
S016483,2026-05-29,P013516,refund,-2208,0,-2208,USD,
S016484,2026-05-29,P018958,refund,-14719,0,-14719,USD,
S016486,2026-05-29,P010286,refund,-362,0,-362,USD,
S016487,2026-05-29,P018456,refund,-3711,0,-3711,USD,
S016489,2026-05-29,P018934,refund,-2909,0,-2909,USD,
S016491,2026-05-29,P009619,refund,-2418,0,-2418,USD,
S016494,2026-05-29,P000672,refund,-1089,0,-1089,USD,
S016495,2026-05-29,P015593,refund,-2126,0,-2126,USD,
S016497,2026-05-29,P019172,refund,-4818,0,-4818,USD,
S016500,2026-05-29,P016515,refund,-3518,0,-3518,USD,
S016501,2026-05-29,P015772,refund,-5460,0,-5460,USD,
S016457,2026-05-30,P014259,refund,-9569,0,-9569,USD,
S016463,2026-05-30,P008488,refund,-2156,0,-2156,USD,
S016465,2026-05-30,P019967,chargeback,-12543,1500,-14043,USD,
S016481,2026-05-30,P011196,refund,-1950,0,-1950,USD,
S016482,2026-05-30,P010517,refund,-4263,0,-4263,USD,
S016485,2026-05-30,P018501,refund,-9671,0,-9671,USD,
S016490,2026-05-30,P007570,refund,-6443,0,-6443,USD,
S016492,2026-05-30,P013738,refund,-5769,0,-5769,USD,
S016496,2026-05-30,P009077,refund,-16532,0,-16532,USD,
S016499,2026-05-30,P008619,refund,-5135,0,-5135,USD,
S016502,2026-05-30,P005139,refund,-3347,0,-3347,USD,
S016505,2026-05-30,P018753,chargeback,-6285,1500,-7785,USD,
S016506,2026-05-30,P017207,refund,-14507,0,-14507,USD,
S016508,2026-05-30,P007329,refund,-794,0,-794,USD,
S016509,2026-05-30,P014614,refund,-2398,0,-2398,USD,
S016510,2026-05-30,P000560,refund,-304,0,-304,USD,
S016511,2026-05-30,P004544,refund,-10968,0,-10968,USD,
S016514,2026-05-30,P002243,refund,-19312,0,-19312,USD,
S016515,2026-05-30,P004667,refund,-9115,0,-9115,USD,
S016518,2026-05-30,P002672,refund,-635,0,-635,USD,
S016520,2026-05-30,P008592,refund,-3722,0,-3722,USD,
S016488,2026-05-31,P019000,refund,-34034,0,-34034,USD,
S016493,2026-05-31,P009643,refund,-4759,0,-4759,USD,
S016498,2026-05-31,P006738,refund,-2043,0,-2043,USD,
S016503,2026-05-31,P010581,refund,-3764,0,-3764,USD,
S016504,2026-05-31,P014887,refund,-4042,0,-4042,USD,
S016507,2026-05-31,P007112,refund,-26275,0,-26275,USD,
S016512,2026-05-31,P014909,refund,-1356,0,-1356,USD,
S016513,2026-05-31,P005445,refund,-3161,0,-3161,USD,
S016516,2026-05-31,P004245,refund,-9533,0,-9533,USD,
S016517,2026-05-31,P000611,refund,-1622,0,-1622,USD,
S016519,2026-05-31,P010588,refund,-17525,0,-17525,USD,
S016523,2026-05-31,P007933,refund,-14904,0,-14904,USD,
S016524,2026-05-31,P017641,refund,-1664,0,-1664,USD,
S016527,2026-05-31,P007202,refund,-513,0,-513,USD,
S016528,2026-05-31,P004854,chargeback,-12169,1500,-13669,USD,
S016530,2026-05-31,P008557,refund,-2168,0,-2168,USD,
S016531,2026-05-31,P010431,refund,-4820,0,-4820,USD,
S016521,2026-06-01,P016333,refund,-7157,0,-7157,USD,
S016522,2026-06-01,P002686,refund,-8390,0,-8390,USD,
S016526,2026-06-01,P013927,refund,-5320,0,-5320,USD,
S016529,2026-06-01,P011300,chargeback,-2793,1500,-4293,USD,
S016532,2026-06-01,P005374,chargeback,-5304,1500,-6804,USD,
S016533,2026-06-01,P010763,refund,-2868,0,-2868,USD,
S016534,2026-06-01,P015934,chargeback,-17018,1500,-18518,USD,
S016535,2026-06-01,P015316,refund,-4394,0,-4394,USD,
S016525,2026-06-02,P017554,refund,-3683,0,-3683,USD,
S016536,2026-06-02,P000712,chargeback,-1996,1500,-3496,USD,
S016537,2026-06-02,P003602,refund,-30763,0,-30763,USD,
S016538,2026-06-03,P017644,refund,-4903,0,-4903,USD,
S016540,2026-06-03,P009473,chargeback,-3505,1500,-5005,USD,
S016543,2026-06-03,P016828,refund,-2953,0,-2953,USD,
S016539,2026-06-04,P005986,refund,-3219,0,-3219,USD,
S016541,2026-06-04,P001385,refund,-4649,0,-4649,USD,
S016542,2026-06-04,P010942,refund,-13534,0,-13534,USD,
S016544,2026-06-04,P001760,refund,-1163,0,-1163,USD,
S016545,2026-06-04,P014430,chargeback,-1684,1500,-3184,USD,
S016547,2026-06-04,P014735,refund,-1255,0,-1255,USD,
S016546,2026-06-05,P011583,refund,-2512,0,-2512,USD,
S016548,2026-06-05,P015070,chargeback,-4176,1500,-5676,USD,
S016549,2026-06-07,P009800,chargeback,-2894,1500,-4394,USD,
S016551,2026-06-07,P016384,chargeback,-2841,1500,-4341,USD,
S016552,2026-06-07,P000513,chargeback,-5376,1500,-6876,USD,
S016550,2026-06-09,P007818,chargeback,-10945,1500,-12445,USD,
S016553,2026-06-09,P006405,chargeback,-8043,1500,-9543,USD,
S016554,2026-06-12,P001577,chargeback,-12823,1500,-14323,USD,
S016557,2026-06-13,P014383,chargeback,-14817,1500,-16317,USD,
S016555,2026-06-14,P003003,chargeback,-11309,1500,-12809,USD,
S016556,2026-06-14,P005470,chargeback,-18334,1500,-19834,USD,
S016558,2026-06-14,P000037,chargeback,-12377,1500,-13877,USD,
S016559,2026-06-15,P006120,chargeback,-2275,1500,-3775,USD,
S016560,2026-06-15,P017466,chargeback,-1536,1500,-3036,USD,
S016561,2026-06-16,P005698,chargeback,-2884,1500,-4384,USD,
S016562,2026-06-16,P012161,chargeback,-10790,1500,-12290,USD,
S016564,2026-06-16,P017771,chargeback,-11814,1500,-13314,USD,
S016563,2026-06-17,P006557,chargeback,-3704,1500,-5204,USD,
S016565,2026-06-17,P009599,chargeback,-3081,1500,-4581,USD,
S016566,2026-06-17,P008475,chargeback,-4496,1500,-5996,USD,
S016567,2026-06-17,P009293,chargeback,-1925,1500,-3425,USD,
S016568,2026-06-18,P008310,chargeback,-7692,1500,-9192,USD,
S016569,2026-06-19,P007865,chargeback,-4177,1500,-5677,USD,
S016570,2026-06-19,P005771,chargeback,-3756,1500,-5256,USD,
S016571,2026-06-21,P004182,chargeback,-8235,1500,-9735,USD,
S016572,2026-06-21,P008589,chargeback,-4758,1500,-6258,USD,
S016574,2026-06-22,P011859,chargeback,-632,1500,-2132,USD,
S016573,2026-06-23,P014947,chargeback,-2930,1500,-4430,USD,
S016575,2026-06-24,P002669,chargeback,-5474,1500,-6974,USD,
S016576,2026-06-25,P007263,chargeback,-16921,1500,-18421,USD,
S016577,2026-06-26,P003212,chargeback,-7031,1500,-8531,USD,
S016578,2026-06-26,P019030,chargeback,-1184,1500,-2684,USD,
S016579,2026-06-27,P010260,chargeback,-32743,1500,-34243,USD,
S016580,2026-06-27,P009521,chargeback,-2096,1500,-3596,USD,
S016581,2026-06-27,P017350,chargeback,-6663,1500,-8163,USD,
S016584,2026-06-28,P009735,chargeback,-1223,1500,-2723,USD,
S016582,2026-06-29,P014040,chargeback,-3705,1500,-5205,USD,
S016583,2026-06-29,P000349,chargeback,-4651,1500,-6151,USD,
S016585,2026-06-30,P008965,chargeback,-5064,1500,-6564,USD,
S016586,2026-06-30,P012568,chargeback,-26103,1500,-27603,USD,
S016587,2026-06-30,P011633,chargeback,-5466,1500,-6966,USD,
S016588,2026-07-01,P014291,chargeback,-3566,1500,-5066,USD,
S016589,2026-07-02,P009264,chargeback,-3788,1500,-5288,USD,
S016590,2026-07-02,P013190,chargeback,-4198,1500,-5698,USD,
S016591,2026-07-02,P003798,chargeback,-4745,1500,-6245,USD,
S016592,2026-07-02,P011305,chargeback,-22663,1500,-24163,USD,
S016593,2026-07-03,P011646,chargeback,-3533,1500,-5033,USD,
S016594,2026-07-03,P003704,chargeback,-8057,1500,-9557,USD,
S016595,2026-07-05,P004358,chargeback,-6415,1500,-7915,USD,
S016596,2026-07-06,P000161,chargeback,-26074,1500,-27574,USD,
S016597,2026-07-07,P001145,chargeback,-12430,1500,-13930,USD,
S016598,2026-07-07,P017122,chargeback,-11898,1500,-13398,USD,
S016599,2026-07-07,P009417,chargeback,-6169,1500,-7669,USD,
S016600,2026-07-10,P002232,chargeback,-11819,1500,-13319,USD,
