txn_id,timestamp,customer_id,amount,category,country,card_present,hours_since_prev_txn,txns_last_1h,is_fraud
T101212,2025-06-01 00:34:00,C1328,50.53,gaming,VN,1,2.53,0,0
T103037,2025-06-01 00:41:00,C1109,48.93,gaming,VN,0,14.96,0,0
T100367,2025-06-01 02:44:00,C1262,17.14,electronics,VN,1,1.17,1,0
T104182,2025-06-01 02:46:00,C1171,34.9,electronics,VN,1,3.32,1,0
T104873,2025-06-01 03:06:00,C1041,4.36,gaming,VN,0,3.62,0,0
T100181,2025-06-01 05:54:00,C1075,124.43,pharmacy,VN,0,3.61,0,0
T103604,2025-06-01 06:28:00,C1366,63.29,fuel,VN,0,6.34,1,0
T103529,2025-06-01 06:34:00,C1271,31.67,gaming,VN,1,1.62,0,0
T105666,2025-06-01 06:58:00,C1329,36.92,gaming,VN,0,4.74,0,0
T100056,2025-06-01 07:01:00,C1327,15.18,gaming,VN,1,7.05,0,0
T102344,2025-06-01 07:02:00,C1018,17.01,grocery,VN,1,2.73,0,0
T101435,2025-06-01 07:20:00,C1166,28.83,electronics,VN,0,23.4,0,0
T101450,2025-06-01 07:49:00,C1005,18.9,gaming,VN,1,2.42,1,0
T100348,2025-06-01 07:57:00,C1338,5.75,pharmacy,VN,0,0.6,0,0
T101369,2025-06-01 08:12:00,C1231,87.9,grocery,VN,0,11.01,0,0
T100359,2025-06-01 08:48:00,C1204,6.72,clothing,VN,1,1.74,0,0
T100177,2025-06-01 08:49:00,C1005,5.7,grocery,VN,1,51.77,2,0
T102139,2025-06-01 08:49:00,C1383,14.74,grocery,VN,1,1.44,3,0
T104493,2025-06-01 09:00:00,C1287,47.14,gaming,VN,0,7.81,0,0
T102360,2025-06-01 09:15:00,C1080,11.02,gaming,VN,1,13.21,2,0
T104159,2025-06-01 09:17:00,C1063,17.84,gaming,VN,1,9.05,1,0
T101187,2025-06-01 09:18:00,C1063,14.17,gaming,VN,0,33.33,0,0
T103382,2025-06-01 09:38:00,C1326,9.14,gaming,VN,1,164.02,0,0
T100917,2025-06-01 09:40:00,C1264,41.44,travel,VN,1,6.45,1,0
T101644,2025-06-01 10:07:00,C1339,17.16,fuel,VN,1,34.73,0,0
T100146,2025-06-01 10:29:00,C1151,28.58,restaurant,VN,0,0.9,0,0
T104543,2025-06-01 10:33:00,C1032,14.36,clothing,VN,1,7.63,1,0
T100445,2025-06-01 10:39:00,C1279,15.77,pharmacy,VN,1,2.23,0,0
T101600,2025-06-01 10:39:00,C1050,35.03,pharmacy,VN,1,63.96,3,0
T103309,2025-06-01 10:45:00,C1251,25.58,pharmacy,VN,1,173.01,2,0
T100747,2025-06-01 10:58:00,C1270,27.65,gaming,VN,0,3.27,1,0
T104342,2025-06-01 11:06:00,C1178,47.21,restaurant,VN,1,6.18,3,0
T101815,2025-06-01 11:18:00,C1080,126.45,electronics,VN,0,4.54,0,0
T100442,2025-06-01 11:27:00,C1006,7.63,clothing,VN,1,4.42,0,0
T101716,2025-06-01 11:35:00,C1351,4.93,fuel,VN,1,3.12,0,0
T102843,2025-06-01 11:40:00,C1350,30.44,gaming,VN,1,4.03,0,0
T104313,2025-06-01 11:47:00,C1012,8.32,grocery,VN,0,31.19,1,0
T104885,2025-06-01 11:54:00,C1199,64.5,electronics,VN,0,8.38,1,0
T105029,2025-06-01 11:56:00,C1359,56.52,clothing,VN,0,5.36,1,0
T104415,2025-06-01 12:01:00,C1198,16.92,restaurant,VN,0,35.09,0,0
T104137,2025-06-01 12:03:00,C1367,10.85,travel,VN,0,3.45,0,0
T105042,2025-06-01 12:07:00,C1227,18.89,grocery,VN,0,2.55,0,0
T105272,2025-06-01 12:14:00,C1138,21.6,travel,VN,1,16.84,0,0
T104627,2025-06-01 12:24:00,C1211,30.76,restaurant,VN,0,7.41,1,0
T105438,2025-06-01 12:33:00,C1355,16.9,fuel,VN,0,2.27,0,0
T103274,2025-06-01 12:36:00,C1239,57.37,travel,VN,1,8.29,0,0
T101095,2025-06-01 12:38:00,C1118,132.41,travel,VN,1,8.22,2,0
T105508,2025-06-01 12:38:00,C1304,13.63,restaurant,VN,0,23.74,1,0
T102158,2025-06-01 13:07:00,C1224,16.78,electronics,VN,0,28.36,0,0
T101933,2025-06-01 13:09:00,C1171,10.58,fuel,VN,1,1.64,2,0
T100089,2025-06-01 13:10:00,C1380,7.53,gaming,VN,0,12.99,2,0
T101255,2025-06-01 13:10:00,C1394,40.27,electronics,VN,0,2.83,0,0
T104552,2025-06-01 13:17:00,C1107,8.41,grocery,NG,1,27.14,0,0
T102392,2025-06-01 13:39:00,C1249,78.0,grocery,VN,1,26.85,0,0
T100786,2025-06-01 13:42:00,C1112,18.81,grocery,VN,1,0.99,1,0
T103000,2025-06-01 13:44:00,C1357,9.38,gaming,NG,0,5.55,0,0
T102779,2025-06-01 14:07:00,C1101,9.19,travel,VN,1,16.96,1,0
T102921,2025-06-01 14:07:00,C1092,28.08,restaurant,VN,0,6.85,1,0
T102312,2025-06-01 14:08:00,C1314,103.37,clothing,VN,1,69.99,0,0
T102982,2025-06-01 14:15:00,C1314,42.61,grocery,VN,1,7.51,1,0
T101433,2025-06-01 14:24:00,C1358,36.24,restaurant,VN,0,41.43,0,0
T105699,2025-06-01 14:27:00,C1256,55.77,travel,VN,1,5.28,1,0
T102789,2025-06-01 14:30:00,C1139,56.95,grocery,VN,1,12.43,0,0
T100667,2025-06-01 14:36:00,C1093,12.87,fuel,VN,1,11.52,0,0
T105957,2025-06-01 14:38:00,C1152,7.26,pharmacy,VN,1,13.03,2,0
T104021,2025-06-01 15:07:00,C1020,45.83,fuel,VN,1,7.67,0,0
T105034,2025-06-01 15:16:00,C1257,60.03,gaming,VN,0,4.18,0,0
T101222,2025-06-01 15:32:00,C1400,7.55,clothing,VN,1,30.48,1,0
T105122,2025-06-01 15:44:00,C1061,14.51,grocery,VN,1,1.23,0,0
T101262,2025-06-01 15:55:00,C1181,40.09,fuel,VN,0,1.43,2,0
T102917,2025-06-01 16:07:00,C1060,22.27,fuel,VN,1,25.03,1,0
T101198,2025-06-01 16:27:00,C1026,32.18,pharmacy,VN,1,19.11,0,0
T103689,2025-06-01 16:50:00,C1202,52.07,electronics,VN,0,5.49,0,0
T101988,2025-06-01 16:54:00,C1044,11.88,travel,VN,0,20.22,0,0
T101134,2025-06-01 17:01:00,C1050,9.3,pharmacy,VN,1,4.29,0,0
T100708,2025-06-01 17:14:00,C1230,31.13,pharmacy,VN,1,13.94,0,0
T101570,2025-06-01 17:18:00,C1064,20.47,grocery,VN,1,3.49,0,0
T102362,2025-06-01 17:30:00,C1329,1.75,grocery,VN,0,2.82,0,0
T100955,2025-06-01 18:19:00,C1201,29.12,pharmacy,VN,1,21.95,0,0
T100186,2025-06-01 18:22:00,C1292,42.08,clothing,VN,1,9.44,2,0
T104639,2025-06-01 18:26:00,C1139,99.93,clothing,VN,0,16.31,0,0
T100414,2025-06-01 18:29:00,C1267,26.54,electronics,VN,1,5.48,0,0
T103820,2025-06-01 18:33:00,C1207,32.87,pharmacy,VN,1,9.4,0,0
T100538,2025-06-01 18:35:00,C1014,20.37,electronics,VN,0,1.53,0,0
T102858,2025-06-01 18:45:00,C1276,20.94,clothing,VN,1,9.31,0,0
T104585,2025-06-01 18:58:00,C1008,29.72,gaming,VN,0,4.03,3,0
T102072,2025-06-01 19:00:00,C1375,10.06,travel,VN,0,6.06,1,0
T104345,2025-06-01 19:04:00,C1333,16.33,fuel,VN,1,59.86,0,0
T105963,2025-06-01 19:05:00,C1231,29.56,restaurant,VN,1,19.47,0,0
T104069,2025-06-01 19:12:00,C1267,121.71,grocery,VN,1,24.9,0,0
T102699,2025-06-01 19:13:00,C1088,12.71,electronics,VN,0,7.68,0,0
T105319,2025-06-01 19:33:00,C1281,38.53,travel,VN,0,83.76,0,0
T101084,2025-06-01 19:36:00,C1249,12.44,electronics,VN,0,20.37,2,0
T100310,2025-06-01 19:53:00,C1087,31.78,fuel,VN,1,1.02,0,0
T104015,2025-06-01 19:56:00,C1074,18.46,electronics,VN,1,45.85,1,0
T103354,2025-06-01 19:57:00,C1277,6.63,clothing,VN,1,5.37,0,0
T102513,2025-06-01 20:00:00,C1278,7.98,clothing,VN,0,15.34,0,0
T100911,2025-06-01 20:02:00,C1191,24.84,restaurant,VN,1,5.2,0,0
T105098,2025-06-01 20:11:00,C1114,48.2,grocery,VN,0,3.14,1,0
T105587,2025-06-01 20:11:00,C1205,28.55,gaming,VN,0,33.52,1,0
T100250,2025-06-01 20:19:00,C1268,30.95,restaurant,VN,1,15.27,2,0
T102533,2025-06-01 20:26:00,C1171,8.7,travel,VN,1,21.13,3,0
T100086,2025-06-01 20:42:00,C1189,34.21,restaurant,VN,0,3.88,0,0
T102545,2025-06-01 21:08:00,C1040,11.3,clothing,VN,1,9.29,0,0
T102750,2025-06-01 21:10:00,C1320,29.92,grocery,VN,0,11.21,0,0
T104008,2025-06-01 21:20:00,C1265,185.14,electronics,BR,0,0.48,4,1
T100599,2025-06-01 21:52:00,C1003,21.28,electronics,VN,0,5.51,1,0
T102374,2025-06-01 22:11:00,C1151,32.02,gaming,VN,1,7.9,0,0
T104671,2025-06-01 22:13:00,C1208,11.26,travel,VN,1,5.75,1,0
T102098,2025-06-01 22:18:00,C1317,32.34,electronics,BR,0,0.07,0,1
T105594,2025-06-02 00:22:00,C1122,26.0,grocery,VN,0,2.41,0,0
T104977,2025-06-02 00:26:00,C1315,5.27,restaurant,VN,0,19.43,0,0
T100923,2025-06-02 01:07:00,C1287,8.96,fuel,VN,1,15.51,0,0
T103509,2025-06-02 01:39:00,C1367,15.01,electronics,VN,1,0.43,0,0
T105125,2025-06-02 01:45:00,C1149,32.28,grocery,VN,1,3.45,2,0
T100643,2025-06-02 03:03:00,C1357,77.9,gaming,RU,0,0.41,4,1
T104545,2025-06-02 03:45:00,C1251,9.0,travel,VN,1,5.83,1,0
T102433,2025-06-02 05:45:00,C1089,7.03,travel,VN,0,39.76,2,0
T104905,2025-06-02 06:12:00,C1049,30.8,grocery,VN,1,2.57,0,0
T104699,2025-06-02 07:00:00,C1148,13.97,grocery,VN,1,17.08,0,0
T105907,2025-06-02 07:14:00,C1170,30.37,electronics,VN,1,7.52,2,0
T101518,2025-06-02 07:42:00,C1041,77.55,clothing,VN,1,1.44,0,0
T104620,2025-06-02 07:48:00,C1245,9.38,restaurant,VN,1,44.72,0,0
T105441,2025-06-02 07:48:00,C1318,52.95,gaming,VN,1,9.42,0,0
T104756,2025-06-02 08:03:00,C1392,6.05,travel,VN,1,3.66,0,0
T102628,2025-06-02 08:21:00,C1088,5.81,clothing,VN,0,2.62,0,0
T101269,2025-06-02 08:22:00,C1195,38.1,gaming,VN,1,1.41,0,0
T103346,2025-06-02 08:31:00,C1012,16.07,travel,VN,1,89.46,1,0
T104691,2025-06-02 09:05:00,C1023,4.06,fuel,VN,1,33.8,0,0
T102827,2025-06-02 09:21:00,C1382,23.15,restaurant,VN,1,3.29,1,0
T101070,2025-06-02 09:32:00,C1239,6.41,grocery,VN,0,7.36,1,0
T105793,2025-06-02 09:48:00,C1152,18.74,travel,VN,0,65.08,0,0
T104869,2025-06-02 09:49:00,C1112,18.88,clothing,VN,0,31.39,0,0
T102902,2025-06-02 10:00:00,C1317,43.92,clothing,VN,1,59.76,2,0
T100399,2025-06-02 10:01:00,C1352,29.02,electronics,VN,1,18.58,0,0
T104769,2025-06-02 10:04:00,C1047,13.45,grocery,VN,0,5.02,0,0
T103080,2025-06-02 10:10:00,C1002,58.98,restaurant,VN,1,1.83,2,0
T100418,2025-06-02 10:20:00,C1038,16.24,travel,VN,0,3.42,1,0
T103395,2025-06-02 10:27:00,C1336,10.79,restaurant,VN,0,8.89,1,0
T103321,2025-06-02 10:31:00,C1297,20.71,gaming,VN,0,3.42,2,0
T102386,2025-06-02 10:36:00,C1093,10.02,pharmacy,RU,0,18.84,0,0
T102380,2025-06-02 10:38:00,C1143,51.49,travel,VN,0,10.79,0,0
T103962,2025-06-02 10:43:00,C1185,40.9,travel,VN,0,16.36,1,0
T103064,2025-06-02 11:04:00,C1316,22.64,electronics,VN,0,21.56,0,0
T103343,2025-06-02 11:08:00,C1086,35.68,clothing,VN,1,1.17,0,0
T101182,2025-06-02 11:11:00,C1367,47.92,clothing,VN,0,2.21,0,0
T105332,2025-06-02 11:15:00,C1243,21.32,gaming,VN,1,7.79,0,0
T105851,2025-06-02 11:23:00,C1001,24.71,restaurant,VN,0,13.43,0,0
T105525,2025-06-02 11:24:00,C1318,28.26,fuel,VN,0,3.14,1,0
T101099,2025-06-02 11:35:00,C1321,30.73,pharmacy,VN,0,2.3,1,0
T104978,2025-06-02 11:54:00,C1234,10.41,electronics,VN,0,1.52,0,0
T102032,2025-06-02 12:11:00,C1256,17.61,restaurant,VN,0,10.18,1,0
T101790,2025-06-02 12:16:00,C1366,96.19,fuel,VN,0,5.29,0,0
T102020,2025-06-02 12:39:00,C1074,21.44,clothing,VN,1,20.22,0,0
T103392,2025-06-02 12:46:00,C1269,7.27,gaming,VN,0,14.09,0,0
T105329,2025-06-02 13:31:00,C1035,33.59,fuel,VN,1,11.28,0,0
T100583,2025-06-02 13:35:00,C1153,17.93,pharmacy,VN,1,39.99,0,0
T103973,2025-06-02 13:45:00,C1006,38.57,clothing,VN,0,31.75,0,0
T103347,2025-06-02 13:47:00,C1220,131.02,fuel,VN,1,70.87,0,0
T104557,2025-06-02 13:52:00,C1211,14.68,gaming,VN,0,6.31,0,0
T103245,2025-06-02 14:38:00,C1102,14.78,pharmacy,VN,1,11.38,0,0
T100334,2025-06-02 14:40:00,C1059,40.67,pharmacy,VN,0,3.92,0,0
T103702,2025-06-02 14:50:00,C1097,20.88,travel,VN,1,4.65,2,0
T100566,2025-06-02 14:51:00,C1047,39.93,fuel,VN,1,17.1,0,0
T103894,2025-06-02 15:05:00,C1137,5.1,travel,SG,1,16.64,0,0
T105142,2025-06-02 15:18:00,C1341,22.86,restaurant,VN,1,5.72,3,0
T104727,2025-06-02 15:24:00,C1326,23.39,restaurant,VN,1,1.89,2,0
T105922,2025-06-02 15:51:00,C1208,8.68,clothing,VN,0,9.34,0,0
T105431,2025-06-02 15:57:00,C1278,15.97,travel,VN,0,4.19,0,0
T101947,2025-06-02 16:02:00,C1348,141.98,electronics,VN,1,2.96,0,0
T104805,2025-06-02 16:07:00,C1293,19.79,electronics,SG,1,5.21,1,0
T102774,2025-06-02 16:16:00,C1340,6.57,grocery,VN,1,5.98,0,0
T100106,2025-06-02 16:23:00,C1349,67.07,grocery,VN,0,1.55,0,0
T103284,2025-06-02 16:26:00,C1005,51.46,restaurant,VN,1,20.46,0,0
T104607,2025-06-02 16:26:00,C1007,34.88,travel,VN,0,6.56,0,0
T103157,2025-06-02 16:27:00,C1113,12.54,pharmacy,US,1,11.08,0,0
T104383,2025-06-02 16:35:00,C1388,119.3,fuel,VN,1,1.51,0,0
T101238,2025-06-02 16:40:00,C1265,17.81,fuel,RU,1,4.28,1,0
T105714,2025-06-02 16:46:00,C1308,32.54,clothing,VN,1,3.02,2,0
T101817,2025-06-02 16:47:00,C1083,7.48,grocery,VN,1,4.94,0,0
T103486,2025-06-02 16:52:00,C1352,13.71,pharmacy,VN,0,1.34,0,0
T101220,2025-06-02 16:53:00,C1367,29.37,restaurant,VN,0,53.54,0,0
T100111,2025-06-02 16:56:00,C1071,29.98,restaurant,VN,0,45.55,0,0
T102772,2025-06-02 16:57:00,C1009,36.87,travel,RU,1,13.98,1,0
T103675,2025-06-02 17:04:00,C1201,5.73,pharmacy,NG,0,1.39,1,0
T102473,2025-06-02 17:05:00,C1067,6.81,pharmacy,VN,1,177.66,0,0
T100834,2025-06-02 17:06:00,C1342,38.08,grocery,VN,0,6.84,2,0
T101151,2025-06-02 17:08:00,C1155,65.53,gaming,VN,0,4.26,0,0
T104399,2025-06-02 17:10:00,C1213,56.98,travel,VN,1,5.83,0,0
T100291,2025-06-02 17:13:00,C1370,23.42,travel,VN,1,27.72,0,0
T101968,2025-06-02 17:25:00,C1377,8.98,clothing,SG,1,13.62,0,0
T103619,2025-06-02 17:27:00,C1134,116.98,fuel,VN,0,52.32,2,0
T101785,2025-06-02 17:28:00,C1030,35.94,gaming,VN,0,25.08,2,0
T103981,2025-06-02 17:29:00,C1336,60.79,gaming,VN,1,0.88,0,0
T103344,2025-06-02 17:36:00,C1398,6.91,electronics,VN,1,3.68,1,0
T101162,2025-06-02 17:56:00,C1260,39.38,travel,VN,0,14.03,0,0
T104195,2025-06-02 18:08:00,C1081,4.45,restaurant,VN,1,11.04,0,0
T104676,2025-06-02 18:14:00,C1316,91.82,pharmacy,US,0,13.94,2,0
T102992,2025-06-02 18:28:00,C1157,44.75,restaurant,VN,0,15.25,0,0
T101445,2025-06-02 18:40:00,C1289,13.32,fuel,VN,1,4.96,1,0
T101480,2025-06-02 18:40:00,C1254,35.33,grocery,GB,0,11.17,0,0
T103181,2025-06-02 18:40:00,C1039,13.26,pharmacy,VN,0,1.85,0,0
T100096,2025-06-02 18:55:00,C1021,21.19,grocery,GB,1,338.5,0,0
T102553,2025-06-02 18:55:00,C1312,14.1,grocery,VN,1,41.11,3,0
T100070,2025-06-02 19:09:00,C1218,19.77,pharmacy,VN,1,13.46,1,0
T100068,2025-06-02 19:14:00,C1082,71.15,grocery,VN,0,5.8,2,0
T102405,2025-06-02 19:15:00,C1150,15.8,electronics,VN,0,12.48,1,0
T104175,2025-06-02 19:39:00,C1157,114.36,gaming,RU,0,3.61,4,1
T102298,2025-06-02 19:48:00,C1157,16.73,gaming,VN,1,0.65,0,0
T105384,2025-06-02 19:58:00,C1335,8.99,restaurant,VN,1,6.0,0,0
T101408,2025-06-02 20:06:00,C1176,6.63,electronics,VN,1,2.53,3,0
T101969,2025-06-02 20:18:00,C1335,44.5,electronics,VN,0,8.9,0,0
T102470,2025-06-02 20:22:00,C1193,17.0,pharmacy,VN,1,16.16,1,0
T102529,2025-06-02 20:39:00,C1247,12.03,travel,VN,1,15.29,1,0
T102801,2025-06-02 21:59:00,C1345,21.81,clothing,VN,1,1.42,0,0
T101845,2025-06-02 22:22:00,C1134,38.63,restaurant,VN,1,10.2,0,0
T100009,2025-06-02 23:11:00,C1225,30.03,fuel,VN,1,7.26,2,0
T104102,2025-06-03 00:23:00,C1161,27.89,electronics,BR,0,0.17,6,1
T105115,2025-06-03 01:23:00,C1123,9.64,travel,SG,1,0.92,0,0
T102168,2025-06-03 01:51:00,C1339,61.63,gaming,VN,0,1.39,4,1
T104072,2025-06-03 03:16:00,C1021,9.85,travel,VN,1,3.88,0,0
T102112,2025-06-03 05:49:00,C1110,11.88,gaming,VN,0,7.08,0,0
T104943,2025-06-03 06:44:00,C1051,53.16,electronics,VN,1,25.57,0,0
T105370,2025-06-03 06:53:00,C1120,10.54,grocery,VN,0,2.81,0,0
T102307,2025-06-03 06:55:00,C1383,18.25,restaurant,VN,1,17.48,1,0
T101274,2025-06-03 07:01:00,C1052,27.18,electronics,VN,1,8.55,0,0
T100849,2025-06-03 07:13:00,C1239,11.01,travel,VN,0,9.66,0,0
T102760,2025-06-03 08:04:00,C1132,24.11,gaming,VN,1,14.92,1,0
T100874,2025-06-03 08:10:00,C1073,52.03,fuel,VN,1,38.88,0,0
T102151,2025-06-03 08:21:00,C1248,16.59,grocery,VN,0,4.84,1,0
T104767,2025-06-03 08:50:00,C1339,4.57,grocery,VN,0,44.99,0,0
T105119,2025-06-03 09:13:00,C1124,3.42,gaming,VN,1,9.22,1,0
T100723,2025-06-03 09:21:00,C1321,7.95,electronics,VN,1,50.08,0,0
T100938,2025-06-03 09:21:00,C1157,39.12,travel,VN,1,17.61,0,0
T101670,2025-06-03 09:24:00,C1269,12.85,fuel,VN,1,4.67,1,0
T103775,2025-06-03 09:51:00,C1009,20.26,gaming,VN,1,61.43,0,0
T100659,2025-06-03 09:56:00,C1357,27.22,gaming,VN,1,7.13,0,0
T104310,2025-06-03 10:02:00,C1245,84.0,gaming,VN,1,17.38,1,0
T105459,2025-06-03 10:03:00,C1335,21.11,fuel,VN,0,6.81,0,0
T105049,2025-06-03 10:27:00,C1295,27.69,gaming,VN,1,3.56,0,0
T100627,2025-06-03 10:44:00,C1066,30.04,clothing,VN,0,26.31,1,0
T104623,2025-06-03 10:46:00,C1184,30.69,pharmacy,VN,0,18.15,1,0
T102614,2025-06-03 10:50:00,C1194,7.32,fuel,SG,0,18.89,0,0
T102215,2025-06-03 11:15:00,C1310,18.71,restaurant,RU,0,22.77,0,0
T101388,2025-06-03 11:19:00,C1305,19.07,fuel,VN,0,1.96,1,0
T105554,2025-06-03 11:26:00,C1160,20.24,electronics,VN,1,3.25,0,0
T100451,2025-06-03 11:35:00,C1146,20.66,gaming,VN,1,12.41,3,0
T103942,2025-06-03 11:37:00,C1312,13.31,travel,VN,0,18.89,2,0
T103491,2025-06-03 11:38:00,C1326,171.74,pharmacy,VN,0,1.2,0,0
T100692,2025-06-03 11:52:00,C1343,95.14,travel,VN,1,9.34,0,0
T101882,2025-06-03 11:52:00,C1197,16.28,travel,VN,1,3.48,0,0
T105759,2025-06-03 11:55:00,C1121,19.3,pharmacy,VN,0,45.83,0,0
T103569,2025-06-03 11:56:00,C1216,62.06,electronics,VN,1,4.02,0,0
T102209,2025-06-03 11:57:00,C1025,25.12,grocery,VN,0,27.43,2,0
T101897,2025-06-03 12:35:00,C1024,7.18,gaming,VN,1,5.45,0,0
T104034,2025-06-03 12:57:00,C1344,15.79,gaming,VN,1,1.7,0,0
T105747,2025-06-03 13:14:00,C1388,8.79,travel,VN,1,1.47,3,0
T101639,2025-06-03 13:18:00,C1268,29.39,grocery,VN,0,2.92,2,0
T103301,2025-06-03 13:32:00,C1168,24.52,fuel,VN,1,20.21,0,0
T102034,2025-06-03 13:35:00,C1287,41.31,fuel,VN,0,2.14,0,0
T105994,2025-06-03 13:40:00,C1372,62.33,electronics,VN,1,4.95,3,0
T104045,2025-06-03 13:45:00,C1252,8.62,grocery,VN,1,17.41,2,0
T100934,2025-06-03 14:07:00,C1363,26.41,fuel,VN,1,4.04,0,0
T102512,2025-06-03 14:09:00,C1241,32.76,clothing,VN,0,4.32,2,0
T104269,2025-06-03 15:02:00,C1169,9.23,gaming,VN,1,2.93,2,0
T103778,2025-06-03 15:06:00,C1297,18.91,grocery,VN,1,2.5,0,0
T103696,2025-06-03 15:10:00,C1131,20.97,grocery,VN,1,31.09,3,0
T102974,2025-06-03 15:36:00,C1011,36.03,electronics,VN,0,3.53,0,0
T103307,2025-06-03 15:44:00,C1392,14.63,gaming,VN,0,8.68,0,0
T104976,2025-06-03 15:51:00,C1235,120.61,restaurant,VN,1,8.96,2,0
T102571,2025-06-03 16:06:00,C1160,40.38,grocery,RU,0,23.45,2,0
T100040,2025-06-03 16:07:00,C1220,32.94,clothing,VN,0,2.43,0,0
T101747,2025-06-03 16:24:00,C1008,21.04,electronics,VN,1,10.19,1,0
T101682,2025-06-03 16:40:00,C1208,15.13,electronics,VN,1,1.1,1,0
T103708,2025-06-03 17:15:00,C1317,14.01,fuel,VN,1,55.27,0,0
T104789,2025-06-03 17:28:00,C1110,10.7,fuel,VN,1,4.58,0,0
T105523,2025-06-03 17:34:00,C1363,27.16,electronics,VN,1,0.62,0,0
T102952,2025-06-03 17:44:00,C1091,33.49,travel,VN,0,24.76,0,0
T101152,2025-06-03 17:49:00,C1360,76.07,fuel,VN,1,2.93,0,0
T104768,2025-06-03 18:01:00,C1226,39.07,grocery,VN,0,6.69,1,0
T101728,2025-06-03 18:08:00,C1060,28.86,restaurant,VN,1,4.81,3,0
T105845,2025-06-03 18:10:00,C1166,11.04,pharmacy,VN,1,13.14,0,0
T100053,2025-06-03 18:25:00,C1161,19.57,clothing,VN,1,3.22,0,0
T102190,2025-06-03 18:27:00,C1196,62.39,travel,VN,1,29.6,0,0
T102277,2025-06-03 18:32:00,C1372,37.49,travel,VN,1,4.1,0,0
T101890,2025-06-03 18:47:00,C1113,49.24,grocery,VN,1,0.21,2,0
T102706,2025-06-03 19:32:00,C1112,32.89,electronics,VN,1,26.7,1,0
T100243,2025-06-03 19:44:00,C1030,183.29,grocery,VN,0,0.68,2,0
T105086,2025-06-03 19:57:00,C1256,30.27,grocery,VN,1,8.53,0,0
T101783,2025-06-03 19:59:00,C1396,3.22,pharmacy,VN,1,7.16,2,0
T102391,2025-06-03 19:59:00,C1319,56.51,fuel,VN,1,17.39,0,0
T105251,2025-06-03 20:02:00,C1265,19.93,travel,VN,1,2.44,0,0
T103098,2025-06-03 20:08:00,C1012,8.83,clothing,VN,1,2.48,0,0
T105647,2025-06-03 20:20:00,C1043,49.66,fuel,VN,1,3.73,1,0
T105936,2025-06-03 20:30:00,C1059,34.39,gaming,VN,0,0.96,0,0
T104940,2025-06-03 20:44:00,C1232,53.55,travel,VN,1,12.76,0,0
T104006,2025-06-03 21:07:00,C1387,14.43,clothing,VN,1,13.91,1,0
T101777,2025-06-03 21:19:00,C1364,8.61,pharmacy,VN,1,0.81,0,0
T100448,2025-06-03 21:23:00,C1001,28.11,pharmacy,VN,1,2.18,0,0
T100556,2025-06-03 22:56:00,C1170,34.81,clothing,VN,0,616.58,2,0
T104862,2025-06-04 02:39:00,C1211,7.83,electronics,VN,0,1.81,1,0
T102554,2025-06-04 03:47:00,C1032,409.49,clothing,VN,0,0.57,2,1
T104424,2025-06-04 04:48:00,C1233,43.4,electronics,VN,0,1.64,3,1
T105341,2025-06-04 05:00:00,C1015,26.75,electronics,SG,1,84.28,2,0
T105824,2025-06-04 05:03:00,C1379,24.25,pharmacy,VN,0,47.85,3,0
T100628,2025-06-04 05:51:00,C1331,31.91,grocery,VN,0,3.73,0,0
T102308,2025-06-04 06:09:00,C1239,86.58,fuel,VN,1,2.72,0,0
T104433,2025-06-04 06:16:00,C1184,12.68,pharmacy,VN,1,18.1,1,0
T101623,2025-06-04 06:17:00,C1256,8.06,pharmacy,VN,1,3.14,1,0
T101014,2025-06-04 06:41:00,C1260,51.18,travel,VN,0,9.82,0,0
T103123,2025-06-04 06:52:00,C1379,52.16,gaming,VN,1,30.18,0,0
T102802,2025-06-04 07:06:00,C1396,7.55,pharmacy,VN,1,1.96,0,0
T100436,2025-06-04 07:45:00,C1083,5.57,clothing,VN,1,2.71,0,0
T103002,2025-06-04 08:02:00,C1355,6.25,restaurant,VN,1,5.28,0,0
T103748,2025-06-04 08:07:00,C1181,12.91,restaurant,VN,1,1.07,1,0
T103332,2025-06-04 08:49:00,C1389,2.31,pharmacy,VN,0,53.48,0,0
T105413,2025-06-04 08:55:00,C1092,18.36,pharmacy,VN,1,3.77,0,0
T102652,2025-06-04 08:58:00,C1254,7.93,pharmacy,VN,0,4.0,0,0
T105715,2025-06-04 09:02:00,C1242,37.82,pharmacy,VN,0,89.66,0,0
T101068,2025-06-04 09:05:00,C1330,20.6,clothing,VN,1,15.99,1,0
T102724,2025-06-04 09:09:00,C1067,25.59,gaming,VN,0,36.09,0,0
T101415,2025-06-04 09:21:00,C1112,6.62,electronics,VN,1,95.16,0,0
T102183,2025-06-04 09:45:00,C1354,12.67,grocery,VN,0,57.26,1,0
T102155,2025-06-04 09:46:00,C1246,62.07,pharmacy,VN,0,16.33,0,0
T105799,2025-06-04 09:50:00,C1152,38.06,clothing,VN,1,19.55,0,0
T102501,2025-06-04 09:55:00,C1319,8.6,electronics,VN,1,3.84,1,0
T104822,2025-06-04 09:55:00,C1399,7.98,grocery,VN,1,37.54,0,0
T100709,2025-06-04 10:12:00,C1255,3.38,travel,VN,1,4.3,0,0
T103488,2025-06-04 10:21:00,C1091,5.55,travel,BR,0,0.86,0,0
T100337,2025-06-04 10:28:00,C1081,21.96,electronics,VN,1,62.42,0,0
T102883,2025-06-04 10:30:00,C1344,19.48,fuel,VN,1,10.78,0,0
T104029,2025-06-04 10:43:00,C1111,138.87,clothing,VN,0,16.99,0,0
T100364,2025-06-04 11:19:00,C1209,11.14,restaurant,VN,0,16.01,0,0
T100856,2025-06-04 11:39:00,C1116,61.18,fuel,VN,1,19.07,0,0
T102698,2025-06-04 11:48:00,C1087,20.61,grocery,VN,0,17.38,0,0
T103467,2025-06-04 11:55:00,C1353,30.75,grocery,VN,0,18.36,2,0
T100150,2025-06-04 12:02:00,C1007,28.7,travel,VN,0,15.18,0,0
T102427,2025-06-04 12:26:00,C1044,36.06,fuel,VN,1,53.21,2,0
T104360,2025-06-04 12:32:00,C1084,2.87,clothing,VN,0,2.82,0,0
T103394,2025-06-04 12:37:00,C1329,70.12,gaming,VN,0,15.52,0,0
T105252,2025-06-04 12:56:00,C1241,45.46,travel,RU,0,0.51,5,1
T101158,2025-06-04 13:00:00,C1245,16.95,fuel,VN,1,0.95,3,0
T104749,2025-06-04 13:03:00,C1075,34.36,pharmacy,VN,0,12.85,0,0
T103442,2025-06-04 13:13:00,C1134,10.5,travel,VN,0,1.07,0,0
T102329,2025-06-04 13:19:00,C1380,24.88,travel,VN,0,12.23,1,0
T102828,2025-06-04 13:26:00,C1330,20.65,restaurant,VN,1,2.31,0,0
T101290,2025-06-04 13:33:00,C1115,45.28,pharmacy,VN,1,10.16,1,0
T104273,2025-06-04 13:34:00,C1360,51.09,gaming,VN,1,4.33,1,0
T102124,2025-06-04 13:39:00,C1023,45.53,pharmacy,VN,0,1.72,1,0
T100844,2025-06-04 13:56:00,C1086,23.03,pharmacy,VN,0,4.2,0,0
T101926,2025-06-04 14:04:00,C1219,38.85,grocery,VN,1,10.37,3,0
T100999,2025-06-04 14:45:00,C1151,22.04,electronics,VN,1,2.16,1,0
T102667,2025-06-04 14:46:00,C1225,75.08,fuel,VN,0,12.8,0,0
T100355,2025-06-04 14:48:00,C1118,11.46,restaurant,BR,0,1.64,2,0
T105950,2025-06-04 15:33:00,C1188,25.91,gaming,VN,0,8.2,0,0
T105779,2025-06-04 15:42:00,C1327,63.56,clothing,VN,1,39.91,0,0
T103195,2025-06-04 16:04:00,C1234,18.25,pharmacy,VN,1,0.75,2,0
T104476,2025-06-04 16:04:00,C1154,133.37,restaurant,VN,1,5.63,1,0
T103380,2025-06-04 16:11:00,C1127,36.12,fuel,VN,1,8.58,1,0
T105183,2025-06-04 16:11:00,C1360,15.74,grocery,VN,1,43.33,0,0
T102197,2025-06-04 16:26:00,C1237,28.51,clothing,VN,1,22.74,0,0
T100506,2025-06-04 16:44:00,C1357,24.64,grocery,VN,0,11.73,1,0
T105062,2025-06-04 16:46:00,C1138,16.49,gaming,VN,1,1.82,2,0
T101295,2025-06-04 17:05:00,C1300,67.08,clothing,VN,1,13.89,0,0
T103918,2025-06-04 17:19:00,C1358,11.8,travel,VN,1,16.74,1,0
T105359,2025-06-04 17:33:00,C1289,130.45,restaurant,VN,0,15.6,0,0
T104236,2025-06-04 17:47:00,C1012,63.9,fuel,VN,1,1.49,0,0
T102399,2025-06-04 17:58:00,C1052,19.6,pharmacy,VN,1,4.02,0,0
T100626,2025-06-04 18:09:00,C1369,13.27,grocery,VN,1,0.9,1,0
T104722,2025-06-04 18:12:00,C1119,13.77,fuel,VN,1,1.14,0,0
T101615,2025-06-04 18:15:00,C1123,24.37,gaming,VN,0,13.18,0,0
T103196,2025-06-04 18:15:00,C1380,104.16,restaurant,VN,1,25.44,0,0
T100276,2025-06-04 18:33:00,C1277,15.43,fuel,VN,1,18.93,0,0
T104432,2025-06-04 18:41:00,C1350,60.44,electronics,VN,0,21.96,0,0
T100299,2025-06-04 18:45:00,C1355,39.52,clothing,VN,1,7.79,1,0
T100546,2025-06-04 19:31:00,C1325,120.81,restaurant,VN,1,8.13,0,0
T102959,2025-06-04 19:34:00,C1306,7.27,restaurant,VN,1,7.04,1,0
T103662,2025-06-04 19:37:00,C1051,10.24,electronics,VN,0,39.0,1,0
T101461,2025-06-04 19:44:00,C1312,60.68,electronics,VN,1,0.9,1,0
T102588,2025-06-04 19:50:00,C1066,21.09,travel,VN,0,27.26,0,0
T100522,2025-06-04 19:51:00,C1010,30.27,gaming,VN,1,0.36,2,0
T105412,2025-06-04 20:10:00,C1221,46.61,clothing,VN,1,13.86,0,0
T105839,2025-06-04 20:19:00,C1314,10.17,electronics,VN,1,12.39,1,0
T104922,2025-06-04 20:31:00,C1304,10.96,travel,VN,0,13.35,0,0
T101967,2025-06-04 20:46:00,C1107,30.49,restaurant,VN,0,7.12,0,0
T101678,2025-06-04 21:02:00,C1306,15.72,electronics,VN,1,4.63,0,0
T103567,2025-06-04 21:02:00,C1379,9.53,pharmacy,VN,1,15.85,0,0
T103423,2025-06-04 21:15:00,C1307,10.03,travel,VN,1,5.51,0,0
T100817,2025-06-04 21:40:00,C1177,6.21,grocery,VN,0,12.89,0,0
T105000,2025-06-04 21:43:00,C1238,135.83,travel,US,0,0.44,3,1
T103024,2025-06-05 01:13:00,C1114,17.61,clothing,VN,0,4.22,0,0
T101581,2025-06-05 01:39:00,C1236,17.78,gaming,VN,1,10.92,2,0
T100514,2025-06-05 03:16:00,C1114,41.84,gaming,US,1,5.81,0,0
T102179,2025-06-05 04:20:00,C1388,17.23,travel,VN,0,14.53,0,0
T105538,2025-06-05 05:03:00,C1369,14.76,restaurant,VN,0,1.83,2,0
T105402,2025-06-05 05:08:00,C1392,16.84,grocery,VN,1,6.9,0,0
T101903,2025-06-05 05:20:00,C1260,10.02,fuel,VN,1,0.89,3,0
T104218,2025-06-05 05:45:00,C1306,125.7,fuel,VN,1,13.99,0,0
T104095,2025-06-05 05:54:00,C1098,6.41,clothing,VN,0,15.55,0,0
T101109,2025-06-05 06:05:00,C1150,31.94,pharmacy,VN,1,11.8,0,0
T100077,2025-06-05 06:13:00,C1060,19.02,gaming,VN,1,16.23,1,0
T101130,2025-06-05 06:21:00,C1213,12.32,clothing,VN,1,4.57,0,0
T105677,2025-06-05 06:22:00,C1080,14.45,pharmacy,VN,1,3.56,1,0
T104249,2025-06-05 06:29:00,C1101,66.47,pharmacy,VN,1,0.32,0,0
T102062,2025-06-05 06:45:00,C1140,3.42,gaming,VN,0,25.24,0,0
T105368,2025-06-05 07:18:00,C1177,13.36,restaurant,VN,1,20.97,0,0
T105419,2025-06-05 07:28:00,C1197,31.6,restaurant,VN,0,7.25,1,0
T102900,2025-06-05 07:37:00,C1382,132.86,clothing,VN,0,12.41,1,0
T103593,2025-06-05 08:03:00,C1386,10.01,gaming,VN,1,9.83,0,0
T105132,2025-06-05 08:04:00,C1375,5.25,electronics,VN,1,40.73,2,0
T100232,2025-06-05 08:06:00,C1343,11.96,electronics,VN,0,0.83,0,0
T103424,2025-06-05 08:17:00,C1289,13.13,electronics,VN,1,1.19,3,0
T101883,2025-06-05 08:18:00,C1256,151.76,grocery,VN,1,3.66,1,0
T103155,2025-06-05 08:20:00,C1379,27.44,fuel,VN,1,7.89,0,0
T105990,2025-06-05 08:27:00,C1113,35.02,travel,VN,1,13.2,1,0
T100446,2025-06-05 08:32:00,C1035,49.74,gaming,VN,1,48.68,0,0
T100929,2025-06-05 08:38:00,C1267,12.29,pharmacy,VN,0,5.22,0,0
T105340,2025-06-05 08:59:00,C1348,24.37,fuel,VN,0,15.29,0,0
T105305,2025-06-05 09:01:00,C1250,7.71,electronics,VN,0,9.05,0,0
T105833,2025-06-05 09:04:00,C1354,21.25,electronics,VN,1,4.14,1,0
T100287,2025-06-05 09:16:00,C1297,14.4,restaurant,VN,0,23.98,0,0
T104761,2025-06-05 09:18:00,C1165,60.16,travel,VN,1,2.21,0,0
T100398,2025-06-05 09:44:00,C1198,67.36,pharmacy,VN,0,4.59,3,0
T101026,2025-06-05 09:55:00,C1049,28.41,gaming,VN,1,10.36,1,0
T104004,2025-06-05 09:59:00,C1041,95.97,fuel,GB,0,9.56,0,0
T102659,2025-06-05 10:05:00,C1110,13.98,grocery,VN,0,0.98,0,0
T104197,2025-06-05 10:13:00,C1378,4.94,electronics,VN,1,7.29,0,0
T105193,2025-06-05 10:48:00,C1234,30.18,gaming,VN,0,8.86,2,0
T100698,2025-06-05 10:49:00,C1254,32.56,fuel,VN,1,11.7,0,0
T105017,2025-06-05 10:54:00,C1180,15.7,clothing,VN,1,58.8,0,0
T103447,2025-06-05 10:58:00,C1213,15.83,grocery,VN,1,18.93,0,0
T102017,2025-06-05 11:06:00,C1171,57.33,electronics,VN,1,22.26,0,0
T101564,2025-06-05 11:09:00,C1216,109.0,grocery,VN,1,9.38,1,0
T103268,2025-06-05 11:13:00,C1305,64.99,grocery,VN,0,46.42,0,0
T103921,2025-06-05 11:13:00,C1276,17.33,gaming,VN,1,30.75,2,0
T104477,2025-06-05 11:29:00,C1388,3.29,grocery,VN,1,4.29,0,0
T103932,2025-06-05 11:33:00,C1280,17.68,travel,VN,1,7.74,0,0
T104658,2025-06-05 11:38:00,C1308,6.46,electronics,VN,0,12.17,0,0
T100226,2025-06-05 11:40:00,C1249,3.52,fuel,VN,1,12.05,0,0
T105841,2025-06-05 11:45:00,C1279,9.57,restaurant,VN,1,6.14,0,0
T102255,2025-06-05 11:58:00,C1283,19.77,travel,VN,0,52.18,1,0
T100373,2025-06-05 12:10:00,C1338,10.38,gaming,NG,1,22.28,1,0
T103434,2025-06-05 12:19:00,C1077,9.53,grocery,VN,0,5.58,0,0
T102653,2025-06-05 12:38:00,C1400,33.28,pharmacy,VN,0,8.07,0,0
T105806,2025-06-05 13:08:00,C1382,24.52,restaurant,VN,1,0.73,0,0
T104947,2025-06-05 13:12:00,C1118,16.95,gaming,VN,1,3.64,1,0
T104647,2025-06-05 13:19:00,C1337,28.18,electronics,VN,0,34.8,0,0
T103254,2025-06-05 13:43:00,C1394,21.02,travel,VN,0,1.84,0,0
T101616,2025-06-05 13:52:00,C1090,124.07,gaming,US,0,30.24,0,0
T104797,2025-06-05 13:59:00,C1123,31.38,travel,SG,1,14.22,2,0
T102831,2025-06-05 14:04:00,C1196,7.99,fuel,VN,1,2.3,0,0
T104677,2025-06-05 14:24:00,C1329,166.68,pharmacy,VN,0,4.43,1,0
T105299,2025-06-05 14:24:00,C1110,22.35,gaming,VN,0,3.7,0,0
T103704,2025-06-05 14:25:00,C1295,15.39,gaming,VN,1,4.58,2,0
T102784,2025-06-05 14:30:00,C1283,23.54,travel,VN,0,5.56,0,0
T104470,2025-06-05 14:39:00,C1181,7.6,pharmacy,VN,1,3.98,1,0
T102975,2025-06-05 14:52:00,C1176,106.06,grocery,VN,0,14.77,0,0
T101240,2025-06-05 15:05:00,C1024,23.15,travel,VN,0,38.45,0,0
T103668,2025-06-05 15:14:00,C1243,31.42,restaurant,VN,1,10.1,0,0
T100772,2025-06-05 15:32:00,C1369,57.42,fuel,VN,1,13.33,0,0
T104631,2025-06-05 15:38:00,C1167,41.09,electronics,RU,0,0.18,0,1
T104974,2025-06-05 15:43:00,C1264,25.74,fuel,VN,1,13.14,0,0
T100858,2025-06-05 16:13:00,C1226,146.28,fuel,SG,1,12.05,0,0
T104876,2025-06-05 16:18:00,C1139,26.63,fuel,VN,1,13.28,0,0
T105757,2025-06-05 16:25:00,C1077,9.67,restaurant,VN,0,3.26,0,0
T102486,2025-06-05 16:26:00,C1228,42.74,grocery,VN,0,5.02,2,0
T105515,2025-06-05 16:45:00,C1071,40.91,travel,VN,0,5.79,0,0
T101319,2025-06-05 16:46:00,C1059,18.69,clothing,VN,1,7.4,1,0
T102984,2025-06-05 16:51:00,C1352,53.77,gaming,VN,1,9.43,0,0
T102025,2025-06-05 16:59:00,C1252,59.37,grocery,VN,1,12.5,0,0
T104026,2025-06-05 17:18:00,C1041,15.26,pharmacy,VN,1,11.92,0,0
T101826,2025-06-05 17:22:00,C1074,30.07,fuel,JP,1,4.82,0,0
T100341,2025-06-05 17:32:00,C1180,17.24,travel,VN,0,5.65,0,0
T100673,2025-06-05 17:32:00,C1183,11.95,grocery,VN,1,8.83,2,0
T100893,2025-06-05 17:50:00,C1390,16.1,restaurant,VN,0,3.7,0,0
T104224,2025-06-05 17:59:00,C1372,8.43,pharmacy,VN,1,2.18,2,0
T103723,2025-06-05 18:04:00,C1027,42.03,clothing,VN,1,28.37,1,0
T103904,2025-06-05 18:09:00,C1006,14.09,restaurant,SG,1,3.99,1,0
T102383,2025-06-05 18:47:00,C1174,48.64,fuel,VN,0,3.91,1,0
T103766,2025-06-05 19:06:00,C1314,21.09,grocery,VN,1,35.0,1,0
T102986,2025-06-05 19:16:00,C1018,10.34,fuel,VN,1,4.72,1,0
T105362,2025-06-05 19:24:00,C1276,19.12,gaming,VN,1,5.19,0,0
T104694,2025-06-05 19:32:00,C1355,8.26,restaurant,VN,1,13.92,2,0
T104382,2025-06-05 19:34:00,C1382,7.16,electronics,VN,1,30.61,2,0
T100229,2025-06-05 19:48:00,C1023,5.62,travel,VN,1,10.16,0,0
T100903,2025-06-05 19:49:00,C1226,90.17,electronics,VN,1,8.86,0,0
T103225,2025-06-05 20:04:00,C1337,13.7,clothing,VN,0,2.5,0,0
T100223,2025-06-05 20:11:00,C1083,19.69,grocery,VN,1,18.52,0,0
T103597,2025-06-05 20:12:00,C1241,19.64,electronics,VN,1,16.04,0,0
T103667,2025-06-05 20:33:00,C1384,34.99,travel,VN,1,9.59,0,0
T105335,2025-06-05 20:33:00,C1361,13.88,travel,VN,0,6.03,1,0
T101029,2025-06-05 20:58:00,C1147,12.38,grocery,VN,0,9.87,1,0
T102636,2025-06-05 21:58:00,C1240,196.85,fuel,VN,1,5.97,1,0
T100182,2025-06-05 22:52:00,C1315,14.72,travel,VN,1,0.59,1,0
T105233,2025-06-05 23:54:00,C1061,31.08,gaming,VN,1,15.69,0,0
T102384,2025-06-06 00:17:00,C1147,19.06,electronics,VN,1,34.95,0,0
T103592,2025-06-06 01:30:00,C1316,48.19,clothing,VN,0,4.13,0,0
T105194,2025-06-06 03:42:00,C1210,10.46,electronics,VN,0,10.23,0,0
T105943,2025-06-06 07:14:00,C1220,21.7,restaurant,VN,0,18.77,0,0
T105462,2025-06-06 07:24:00,C1162,8.33,travel,VN,0,73.26,1,0
T104595,2025-06-06 07:33:00,C1102,7.95,pharmacy,VN,1,3.32,0,0
T100905,2025-06-06 07:41:00,C1202,8.08,restaurant,VN,1,3.54,0,0
T103618,2025-06-06 07:54:00,C1397,11.66,grocery,VN,0,3.05,1,0
T104089,2025-06-06 08:05:00,C1090,22.55,fuel,US,1,30.36,3,0
T100466,2025-06-06 08:38:00,C1295,18.88,travel,VN,0,7.29,0,0
T104948,2025-06-06 08:49:00,C1389,50.51,gaming,VN,0,11.19,0,0
T103142,2025-06-06 08:52:00,C1149,15.04,pharmacy,VN,0,0.93,0,0
T100696,2025-06-06 09:01:00,C1159,58.17,restaurant,VN,1,5.73,2,0
T104583,2025-06-06 09:02:00,C1303,119.62,electronics,VN,0,6.8,0,0
T105866,2025-06-06 09:18:00,C1206,59.31,fuel,VN,1,2.8,0,0
T103468,2025-06-06 09:24:00,C1319,24.07,restaurant,VN,0,3.33,0,0
T101989,2025-06-06 09:45:00,C1191,25.95,grocery,VN,1,2.24,1,0
T104431,2025-06-06 10:00:00,C1282,162.05,gaming,VN,1,9.85,0,0
T100775,2025-06-06 10:02:00,C1288,5.96,pharmacy,VN,1,6.02,0,0
T102261,2025-06-06 10:05:00,C1078,27.85,grocery,VN,0,16.97,0,0
T103474,2025-06-06 10:08:00,C1159,35.81,gaming,VN,1,2.24,1,0
T100390,2025-06-06 10:12:00,C1153,5.98,gaming,VN,0,5.46,1,0
T105502,2025-06-06 10:21:00,C1269,8.58,grocery,VN,0,5.93,0,0
T103446,2025-06-06 10:58:00,C1187,10.31,clothing,VN,1,6.25,0,0
T104170,2025-06-06 10:59:00,C1336,58.42,pharmacy,VN,0,7.57,2,0
T103769,2025-06-06 11:11:00,C1071,8.34,grocery,VN,1,39.05,0,0
T102010,2025-06-06 11:13:00,C1130,15.87,pharmacy,VN,0,11.8,1,0
T104401,2025-06-06 11:18:00,C1012,36.39,gaming,VN,1,7.35,0,0
T104051,2025-06-06 11:34:00,C1009,44.35,grocery,VN,1,0.92,1,0
T104563,2025-06-06 11:46:00,C1282,15.54,gaming,VN,1,12.91,0,0
T100180,2025-06-06 11:58:00,C1139,25.33,gaming,VN,1,12.29,2,0
T105701,2025-06-06 11:58:00,C1162,7.32,gaming,VN,1,8.13,0,0
T102440,2025-06-06 12:10:00,C1189,8.75,pharmacy,VN,1,7.67,0,0
T102581,2025-06-06 12:11:00,C1250,58.89,travel,VN,0,11.45,2,0
T104742,2025-06-06 12:18:00,C1091,58.84,fuel,VN,0,67.39,1,0
T101022,2025-06-06 12:19:00,C1078,62.58,clothing,VN,0,5.48,3,0
T101654,2025-06-06 12:22:00,C1378,17.46,gaming,VN,0,116.53,2,0
T100307,2025-06-06 12:28:00,C1057,12.01,grocery,VN,0,6.45,0,0
T105488,2025-06-06 12:45:00,C1352,5.72,gaming,VN,1,11.58,1,0
T100853,2025-06-06 12:50:00,C1235,3.37,travel,VN,0,3.22,0,0
T100861,2025-06-06 13:02:00,C1036,30.1,fuel,VN,1,2.72,1,0
T103990,2025-06-06 13:11:00,C1191,14.12,fuel,VN,0,10.27,0,0
T101752,2025-06-06 13:27:00,C1121,9.49,fuel,VN,1,1.61,2,0
T105780,2025-06-06 13:30:00,C1228,26.77,travel,VN,1,5.46,0,0
T103903,2025-06-06 13:57:00,C1114,9.42,gaming,VN,1,13.6,0,0
T100687,2025-06-06 14:16:00,C1328,37.28,electronics,VN,0,13.25,0,0
T105229,2025-06-06 14:21:00,C1018,6.79,restaurant,VN,0,19.59,0,0
T102574,2025-06-06 14:34:00,C1008,21.52,travel,VN,1,26.47,1,0
T102092,2025-06-06 14:37:00,C1065,43.48,electronics,VN,1,7.97,0,0
T105491,2025-06-06 14:42:00,C1040,8.46,travel,VN,1,19.68,3,0
T102895,2025-06-06 14:45:00,C1370,18.95,electronics,VN,1,7.8,1,0
T102406,2025-06-06 15:00:00,C1042,11.94,pharmacy,VN,0,1.59,2,0
T104213,2025-06-06 15:08:00,C1029,30.16,grocery,VN,1,38.94,1,0
T100497,2025-06-06 15:16:00,C1214,51.27,restaurant,VN,0,19.02,0,0
T105719,2025-06-06 15:31:00,C1320,65.5,travel,VN,1,2.5,1,0
T100895,2025-06-06 15:37:00,C1236,37.18,pharmacy,VN,0,4.12,1,0
T105704,2025-06-06 15:42:00,C1049,177.8,gaming,VN,0,1.29,1,0
T101659,2025-06-06 16:03:00,C1133,22.19,restaurant,VN,1,22.63,0,0
T104965,2025-06-06 16:08:00,C1147,23.18,gaming,VN,1,5.72,0,0
T103082,2025-06-06 16:09:00,C1151,13.12,travel,VN,1,22.64,1,0
T102949,2025-06-06 16:36:00,C1050,15.54,electronics,VN,1,28.24,0,0
T105210,2025-06-06 16:38:00,C1197,11.0,restaurant,VN,0,5.07,0,0
T105097,2025-06-06 17:16:00,C1126,30.5,electronics,VN,0,4.76,0,0
T102886,2025-06-06 17:30:00,C1144,24.95,pharmacy,VN,1,369.08,0,0
T102669,2025-06-06 17:35:00,C1148,40.87,electronics,VN,0,10.48,0,0
T101294,2025-06-06 17:38:00,C1345,27.83,gaming,VN,0,0.34,0,0
T102740,2025-06-06 17:45:00,C1210,33.43,travel,VN,0,6.01,0,0
T101900,2025-06-06 17:47:00,C1158,5.39,grocery,VN,0,1.7,0,0
T102475,2025-06-06 18:16:00,C1047,6.6,gaming,VN,1,12.36,0,0
T105381,2025-06-06 18:16:00,C1146,35.07,clothing,VN,0,6.11,2,0
T101977,2025-06-06 18:32:00,C1051,26.25,electronics,VN,0,12.14,2,0
T100268,2025-06-06 18:38:00,C1013,2.96,gaming,VN,0,16.84,0,0
T103670,2025-06-06 18:43:00,C1066,5.42,fuel,VN,1,9.71,1,0
T102936,2025-06-06 18:47:00,C1141,11.6,gaming,VN,1,0.83,0,0
T102024,2025-06-06 18:48:00,C1325,27.11,fuel,VN,1,1.93,0,0
T102841,2025-06-06 18:53:00,C1183,23.42,clothing,VN,1,2.32,1,0
T101208,2025-06-06 18:54:00,C1170,38.03,travel,VN,1,6.1,0,0
T100455,2025-06-06 19:06:00,C1044,7.16,gaming,VN,1,2.3,2,0
T101051,2025-06-06 19:20:00,C1102,7.04,fuel,VN,0,8.88,1,0
T105261,2025-06-06 19:28:00,C1312,3.4,pharmacy,VN,1,11.72,0,0
T104738,2025-06-06 19:29:00,C1301,22.94,grocery,VN,0,9.11,0,0
T104420,2025-06-06 19:30:00,C1096,11.39,pharmacy,VN,1,1.24,0,0
T100735,2025-06-06 19:51:00,C1097,9.24,electronics,VN,1,23.64,0,0
T100042,2025-06-06 19:56:00,C1390,27.2,gaming,VN,0,1.34,0,0
T105152,2025-06-06 19:59:00,C1059,8.11,restaurant,VN,1,10.55,2,0
T105992,2025-06-06 20:16:00,C1156,8.9,electronics,VN,1,98.37,0,0
T102133,2025-06-06 20:24:00,C1013,10.1,clothing,VN,1,8.47,1,0
T104787,2025-06-06 20:28:00,C1056,75.72,electronics,VN,0,17.45,0,0
T103086,2025-06-06 20:29:00,C1044,58.32,clothing,VN,0,3.34,0,0
T105048,2025-06-06 20:29:00,C1259,15.73,restaurant,VN,1,5.57,0,0
T104936,2025-06-06 20:49:00,C1162,42.64,grocery,VN,1,2.84,0,0
T102214,2025-06-06 20:52:00,C1143,27.71,travel,VN,0,4.03,3,0
T103188,2025-06-06 20:54:00,C1018,42.16,clothing,VN,0,1.01,0,0
T100404,2025-06-06 21:42:00,C1168,17.89,pharmacy,VN,1,1.34,0,0
T105201,2025-06-06 21:43:00,C1056,31.53,fuel,VN,0,2.64,0,0
T102739,2025-06-06 21:46:00,C1095,21.19,electronics,VN,1,5.69,0,0
T103286,2025-06-06 22:13:00,C1295,7.05,pharmacy,VN,1,81.61,0,0
T105785,2025-06-06 22:35:00,C1217,26.01,electronics,VN,1,8.93,0,0
T105273,2025-06-06 22:39:00,C1192,88.81,clothing,JP,0,0.36,5,1
T103096,2025-06-06 22:56:00,C1362,42.54,clothing,VN,1,10.42,0,0
T103102,2025-06-06 23:30:00,C1151,17.28,gaming,VN,1,1.26,0,0
T103907,2025-06-07 00:59:00,C1226,12.81,gaming,VN,1,4.62,1,0
T104564,2025-06-07 03:02:00,C1306,7.57,clothing,VN,1,53.38,1,0
T103222,2025-06-07 03:14:00,C1162,31.0,clothing,VN,1,10.82,0,0
T104443,2025-06-07 03:40:00,C1000,46.74,restaurant,VN,1,38.54,1,0
T104398,2025-06-07 03:58:00,C1279,39.56,restaurant,SG,1,6.05,0,0
T101891,2025-06-07 04:51:00,C1113,51.1,gaming,VN,1,8.38,0,0
T101301,2025-06-07 05:27:00,C1361,25.89,grocery,VN,1,15.62,1,0
T101224,2025-06-07 05:31:00,C1171,31.44,travel,VN,0,3.65,0,0
T103004,2025-06-07 06:11:00,C1138,24.59,pharmacy,VN,0,1.47,2,0
T101349,2025-06-07 07:42:00,C1091,9.16,clothing,VN,0,1.19,0,0
T101075,2025-06-07 07:54:00,C1105,79.1,fuel,VN,0,57.56,0,0
T103170,2025-06-07 07:55:00,C1156,18.91,pharmacy,VN,0,8.88,1,0
T103429,2025-06-07 08:05:00,C1362,5.24,fuel,VN,1,14.85,0,0
T100092,2025-06-07 08:08:00,C1034,75.25,restaurant,VN,1,3.4,0,0
T104402,2025-06-07 08:14:00,C1075,46.93,clothing,VN,1,8.53,1,0
T104199,2025-06-07 08:23:00,C1279,50.25,pharmacy,VN,1,22.62,1,0
T103055,2025-06-07 08:29:00,C1297,5.73,clothing,VN,0,7.54,0,0
T103053,2025-06-07 08:36:00,C1253,36.5,electronics,RU,1,47.46,0,0
T102983,2025-06-07 08:41:00,C1281,11.45,grocery,VN,1,28.8,2,0
T104481,2025-06-07 08:56:00,C1247,12.04,restaurant,VN,1,16.78,0,0
T105063,2025-06-07 09:25:00,C1373,12.03,travel,VN,0,6.96,2,0
T105725,2025-06-07 09:33:00,C1176,35.41,grocery,VN,1,6.17,0,0
T103864,2025-06-07 09:41:00,C1086,32.87,restaurant,VN,0,7.57,0,0
T100417,2025-06-07 09:44:00,C1350,15.65,electronics,VN,0,6.69,0,0
T102030,2025-06-07 09:52:00,C1013,152.01,clothing,VN,1,9.03,0,0
T104172,2025-06-07 09:54:00,C1114,13.16,pharmacy,VN,1,4.67,1,0
T101753,2025-06-07 10:17:00,C1149,3.48,fuel,VN,1,12.45,0,0
T100866,2025-06-07 10:44:00,C1121,30.05,pharmacy,VN,1,5.38,3,0
T105434,2025-06-07 11:02:00,C1307,15.96,grocery,VN,0,3.12,0,0
T102274,2025-06-07 11:33:00,C1021,31.81,restaurant,VN,1,5.63,0,0
T100764,2025-06-07 11:45:00,C1211,38.74,grocery,VN,1,11.18,0,0
T103844,2025-06-07 11:46:00,C1328,52.54,grocery,VN,0,28.33,0,0
T100694,2025-06-07 11:47:00,C1128,54.88,grocery,VN,1,1.98,0,0
T103734,2025-06-07 11:51:00,C1305,10.25,pharmacy,VN,0,1.86,0,0
T102159,2025-06-07 12:23:00,C1350,27.65,grocery,NG,0,41.15,0,0
T104113,2025-06-07 12:25:00,C1082,19.13,gaming,VN,0,4.09,1,0
T105531,2025-06-07 12:49:00,C1307,9.47,pharmacy,BR,0,13.85,0,0
T100030,2025-06-07 12:53:00,C1213,15.28,restaurant,VN,1,19.33,2,0
T100469,2025-06-07 13:13:00,C1254,13.72,clothing,VN,1,25.17,2,0
T102582,2025-06-07 13:25:00,C1059,59.7,clothing,JP,1,20.15,0,0
T100129,2025-06-07 13:33:00,C1277,32.2,fuel,VN,1,0.92,0,0
T102668,2025-06-07 13:43:00,C1287,19.83,fuel,VN,0,3.62,1,0
T105353,2025-06-07 13:46:00,C1096,16.13,gaming,VN,0,3.98,0,0
T100439,2025-06-07 13:52:00,C1381,10.31,clothing,VN,0,3.56,0,0
T102641,2025-06-07 13:52:00,C1310,13.21,pharmacy,VN,0,2.36,2,0
T100521,2025-06-07 13:59:00,C1007,19.11,gaming,VN,1,12.65,0,0
T105018,2025-06-07 13:59:00,C1386,48.1,fuel,JP,1,2.59,1,0
T100102,2025-06-07 14:23:00,C1200,5.86,restaurant,VN,1,17.34,0,0
T101867,2025-06-07 14:33:00,C1220,55.04,travel,VN,0,3.33,1,0
T101495,2025-06-07 14:35:00,C1168,17.07,gaming,VN,0,5.55,0,0
T100536,2025-06-07 14:42:00,C1333,25.13,pharmacy,VN,1,13.99,0,0
T104863,2025-06-07 14:52:00,C1079,6.14,travel,VN,1,2.41,0,0
T103544,2025-06-07 15:05:00,C1036,26.51,grocery,VN,0,39.3,2,0
T100234,2025-06-07 15:09:00,C1173,45.4,grocery,VN,1,2.79,0,0
T105393,2025-06-07 15:11:00,C1282,18.78,fuel,VN,1,5.82,2,0
T100553,2025-06-07 15:21:00,C1279,20.41,travel,VN,1,5.01,0,0
T102719,2025-06-07 15:44:00,C1132,14.94,gaming,VN,1,6.54,0,0
T101705,2025-06-07 15:52:00,C1300,158.39,clothing,VN,1,1.75,0,0
T100324,2025-06-07 16:05:00,C1375,11.62,pharmacy,VN,0,6.58,0,0
T101966,2025-06-07 16:25:00,C1185,10.75,electronics,VN,1,6.57,1,0
T104857,2025-06-07 16:33:00,C1303,17.23,grocery,VN,1,2.86,1,0
T103936,2025-06-07 16:35:00,C1099,41.46,clothing,VN,1,1.02,0,0
T101597,2025-06-07 16:41:00,C1215,12.26,grocery,VN,0,8.65,1,0
T102119,2025-06-07 16:49:00,C1295,34.03,pharmacy,VN,1,10.11,0,0
T102685,2025-06-07 16:56:00,C1299,20.05,gaming,VN,1,15.19,1,0
T104487,2025-06-07 16:56:00,C1108,15.95,travel,US,0,1.57,0,0
T104870,2025-06-07 16:56:00,C1166,44.44,gaming,VN,1,10.65,1,0
T100015,2025-06-07 17:00:00,C1119,8.81,electronics,VN,1,1.27,2,0
T100280,2025-06-07 17:30:00,C1084,139.06,travel,VN,1,3.1,0,0
T103028,2025-06-07 17:30:00,C1134,16.08,gaming,VN,0,2.23,0,0
T102420,2025-06-07 17:32:00,C1388,2.84,pharmacy,VN,0,6.44,0,0
T102031,2025-06-07 17:38:00,C1077,150.72,gaming,VN,1,56.47,0,0
T102547,2025-06-07 17:40:00,C1143,98.26,fuel,VN,1,27.01,0,0
T104773,2025-06-07 17:49:00,C1112,35.55,travel,VN,0,7.56,0,0
T100205,2025-06-07 17:53:00,C1082,10.74,gaming,VN,1,4.86,0,0
T100943,2025-06-07 17:55:00,C1060,14.32,gaming,VN,1,5.75,0,0
T102552,2025-06-07 18:17:00,C1351,34.96,restaurant,US,0,8.09,2,0
T103420,2025-06-07 18:22:00,C1317,4.88,restaurant,VN,1,6.7,0,0
T100730,2025-06-07 18:37:00,C1257,21.44,restaurant,VN,1,2.36,2,0
T104824,2025-06-07 18:38:00,C1115,15.42,pharmacy,VN,0,5.96,0,0
T105311,2025-06-07 18:47:00,C1331,194.36,clothing,VN,0,7.26,0,0
T101426,2025-06-07 18:52:00,C1340,6.49,restaurant,VN,1,1.52,2,0
T100540,2025-06-07 19:11:00,C1302,6.05,grocery,VN,1,4.0,0,0
T102115,2025-06-07 19:16:00,C1116,24.79,electronics,VN,1,11.28,1,0
T100200,2025-06-07 19:19:00,C1083,88.14,pharmacy,VN,1,3.88,3,0
T105869,2025-06-07 19:28:00,C1182,5.25,electronics,VN,0,9.13,0,0
T103038,2025-06-07 19:31:00,C1138,27.87,travel,VN,1,8.12,0,0
T105881,2025-06-07 19:42:00,C1112,136.93,travel,VN,1,1.42,0,0
T101049,2025-06-07 19:43:00,C1294,44.97,clothing,VN,1,3.58,0,0
T104017,2025-06-07 19:46:00,C1266,11.56,electronics,BR,0,7.1,0,0
T104635,2025-06-07 20:00:00,C1123,78.42,fuel,VN,1,13.54,2,0
T103698,2025-06-07 20:30:00,C1267,11.84,fuel,VN,1,5.02,2,0
T100562,2025-06-07 20:32:00,C1226,10.16,clothing,VN,1,7.42,3,0
T100284,2025-06-07 20:43:00,C1399,4.72,grocery,VN,1,33.6,0,0
T100158,2025-06-07 21:47:00,C1165,14.59,grocery,VN,0,12.05,0,0
T100629,2025-06-07 21:56:00,C1350,101.65,grocery,VN,0,6.88,1,0
T102913,2025-06-07 22:09:00,C1115,24.61,electronics,VN,1,4.77,1,0
T100313,2025-06-07 22:12:00,C1337,48.83,gaming,VN,1,30.8,2,0
T104449,2025-06-07 22:15:00,C1115,11.04,clothing,US,1,13.98,1,0
T104803,2025-06-07 22:56:00,C1297,24.13,pharmacy,VN,1,29.55,1,0
T101147,2025-06-08 00:06:00,C1335,18.07,electronics,VN,1,15.7,0,0
T102903,2025-06-08 00:39:00,C1277,247.82,gaming,NG,0,0.39,5,1
T105838,2025-06-08 01:16:00,C1254,12.18,fuel,VN,1,1.67,0,0
T103937,2025-06-08 03:11:00,C1284,43.55,pharmacy,VN,0,7.67,1,0
T101532,2025-06-08 05:11:00,C1292,12.09,restaurant,VN,0,3.16,0,0
T104577,2025-06-08 05:13:00,C1395,7.82,fuel,VN,1,0.56,0,0
T102107,2025-06-08 05:39:00,C1350,152.28,restaurant,VN,1,2.22,1,0
T105797,2025-06-08 06:05:00,C1112,7.99,electronics,VN,1,9.99,0,0
T103430,2025-06-08 06:27:00,C1018,24.14,pharmacy,VN,1,1.49,0,0
T101692,2025-06-08 06:50:00,C1074,37.91,pharmacy,VN,1,2.5,0,0
T104573,2025-06-08 06:58:00,C1327,61.21,gaming,VN,0,12.02,1,0
T102970,2025-06-08 07:17:00,C1151,19.24,clothing,VN,1,4.68,0,0
T104536,2025-06-08 07:34:00,C1108,80.45,pharmacy,VN,1,0.7,2,0
T102467,2025-06-08 07:53:00,C1379,10.75,fuel,VN,1,10.95,3,0
T105211,2025-06-08 07:53:00,C1352,13.97,pharmacy,VN,1,2.79,1,0
T102891,2025-06-08 08:19:00,C1199,15.07,pharmacy,JP,0,21.31,1,0
T105693,2025-06-08 08:23:00,C1184,15.32,fuel,VN,1,15.98,1,0
T101745,2025-06-08 08:40:00,C1234,24.21,grocery,VN,1,37.24,0,0
T101543,2025-06-08 08:55:00,C1366,7.66,clothing,VN,0,0.79,0,0
T103771,2025-06-08 09:16:00,C1191,54.18,travel,VN,0,4.28,2,0
T102137,2025-06-08 09:18:00,C1141,91.45,restaurant,VN,0,5.59,0,0
T104664,2025-06-08 09:18:00,C1313,17.16,gaming,VN,0,10.08,1,0
T102987,2025-06-08 09:20:00,C1079,13.84,fuel,VN,1,9.46,0,0
T103456,2025-06-08 09:25:00,C1118,4.16,electronics,VN,1,2.84,0,0
T104799,2025-06-08 09:36:00,C1172,121.52,fuel,VN,1,34.93,1,0
T103988,2025-06-08 09:38:00,C1318,26.92,restaurant,VN,1,22.65,1,0
T104040,2025-06-08 09:40:00,C1208,27.65,fuel,VN,1,9.87,0,0
T101622,2025-06-08 09:45:00,C1015,18.06,pharmacy,VN,1,31.51,0,0
T100564,2025-06-08 09:50:00,C1064,11.2,clothing,VN,1,97.12,0,0
T104232,2025-06-08 09:57:00,C1087,80.4,fuel,VN,1,7.01,1,0
T102276,2025-06-08 10:06:00,C1062,12.33,gaming,VN,1,28.79,0,0
T105710,2025-06-08 10:15:00,C1101,10.74,travel,RU,0,7.24,3,0
T101500,2025-06-08 10:25:00,C1075,19.96,pharmacy,VN,0,1.9,1,0
T100190,2025-06-08 10:35:00,C1113,23.95,electronics,VN,1,3.93,1,0
T100795,2025-06-08 10:49:00,C1234,30.66,travel,VN,1,2.11,0,0
T103917,2025-06-08 11:02:00,C1388,88.93,grocery,VN,1,1.37,0,0
T100902,2025-06-08 11:03:00,C1311,9.81,restaurant,VN,0,4.24,0,0
T102837,2025-06-08 11:19:00,C1080,3.26,travel,VN,0,4.36,2,0
T100677,2025-06-08 11:29:00,C1021,72.51,pharmacy,VN,0,19.17,1,0
T102387,2025-06-08 11:32:00,C1330,8.15,electronics,VN,1,11.65,2,0
T103500,2025-06-08 11:36:00,C1252,21.83,electronics,VN,0,16.27,1,0
T100458,2025-06-08 11:54:00,C1298,16.31,gaming,VN,1,4.18,2,0
T104395,2025-06-08 12:02:00,C1370,12.05,restaurant,VN,1,11.9,1,0
T101178,2025-06-08 12:10:00,C1244,23.45,grocery,VN,0,20.37,0,0
T101386,2025-06-08 12:15:00,C1222,25.08,clothing,NG,0,18.6,0,0
T103744,2025-06-08 12:21:00,C1275,15.58,restaurant,VN,1,6.86,0,0
T104154,2025-06-08 12:21:00,C1332,19.33,grocery,VN,1,1.03,1,0
T101313,2025-06-08 12:34:00,C1018,54.27,gaming,VN,1,13.97,0,0
T100606,2025-06-08 12:35:00,C1037,26.75,restaurant,VN,1,1.81,0,0
T105469,2025-06-08 13:14:00,C1303,6.34,clothing,VN,0,6.46,1,0
T102310,2025-06-08 13:24:00,C1126,14.36,pharmacy,VN,0,96.7,1,0
T102073,2025-06-08 13:31:00,C1026,28.34,clothing,VN,1,18.67,0,0
T105410,2025-06-08 13:40:00,C1323,15.54,grocery,VN,1,21.82,0,0
T104307,2025-06-08 13:44:00,C1025,52.49,restaurant,VN,1,4.58,0,0
T101648,2025-06-08 13:52:00,C1359,2.11,travel,VN,1,9.39,0,0
T100776,2025-06-08 13:55:00,C1327,17.94,travel,VN,1,5.92,0,0
T105324,2025-06-08 14:02:00,C1247,28.78,electronics,VN,1,101.63,0,0
T105657,2025-06-08 14:09:00,C1023,20.87,grocery,VN,1,31.63,0,0
T101514,2025-06-08 14:11:00,C1040,9.98,travel,VN,0,10.41,1,0
T104632,2025-06-08 14:17:00,C1350,15.08,pharmacy,VN,1,2.55,0,0
T104724,2025-06-08 14:34:00,C1057,6.72,gaming,VN,0,20.5,0,0
T100471,2025-06-08 15:12:00,C1161,9.22,restaurant,VN,1,10.87,0,0
T100033,2025-06-08 15:19:00,C1280,28.2,pharmacy,VN,0,8.88,2,0
T100888,2025-06-08 15:21:00,C1380,12.42,electronics,VN,0,4.42,0,0
T105008,2025-06-08 15:27:00,C1034,17.8,gaming,VN,0,4.98,0,0
T100845,2025-06-08 15:31:00,C1319,29.32,restaurant,VN,1,7.72,1,0
T104941,2025-06-08 15:41:00,C1236,26.0,restaurant,VN,1,6.26,0,0
T100045,2025-06-08 15:42:00,C1250,8.74,clothing,VN,0,4.71,2,0
T103493,2025-06-08 16:29:00,C1296,22.59,travel,VN,0,14.24,0,0
T104794,2025-06-08 16:45:00,C1367,30.88,pharmacy,VN,1,6.63,0,0
T100447,2025-06-08 16:47:00,C1098,9.22,restaurant,VN,1,11.04,1,0
T104054,2025-06-08 16:50:00,C1335,29.69,electronics,VN,1,8.27,0,0
T100525,2025-06-08 16:54:00,C1132,19.13,fuel,VN,0,5.95,0,0
T103046,2025-06-08 16:54:00,C1298,13.33,electronics,VN,1,0.88,0,0
T100916,2025-06-08 16:58:00,C1294,34.68,travel,VN,1,10.06,0,0
T101172,2025-06-08 17:04:00,C1174,8.77,gaming,VN,0,3.17,0,0
T102580,2025-06-08 17:17:00,C1071,22.51,electronics,VN,1,4.45,1,0
T104721,2025-06-08 17:17:00,C1294,56.99,clothing,US,1,7.29,1,0
T105120,2025-06-08 17:22:00,C1327,6.32,electronics,VN,0,23.06,1,0
T102877,2025-06-08 17:25:00,C1216,28.74,electronics,VN,1,17.3,0,0
T104352,2025-06-08 17:25:00,C1332,18.35,restaurant,VN,1,10.19,0,0
T103112,2025-06-08 17:30:00,C1081,40.38,travel,VN,1,13.28,1,0
T105543,2025-06-08 17:44:00,C1077,11.99,restaurant,VN,0,6.04,0,0
T102923,2025-06-08 18:01:00,C1160,15.34,fuel,VN,1,11.0,0,0
T102104,2025-06-08 18:03:00,C1212,52.04,grocery,VN,0,13.56,0,0
T101862,2025-06-08 18:06:00,C1022,36.5,grocery,VN,0,2.26,0,0
T103215,2025-06-08 18:24:00,C1157,5.8,grocery,VN,0,24.28,1,0
T102701,2025-06-08 18:30:00,C1332,20.93,restaurant,VN,1,12.21,2,0
T104590,2025-06-08 18:48:00,C1157,40.78,pharmacy,VN,1,1.88,0,0
T103601,2025-06-08 19:28:00,C1077,39.57,electronics,VN,0,3.98,0,0
T102101,2025-06-08 19:47:00,C1254,16.95,travel,VN,0,9.78,0,0
T103173,2025-06-08 19:51:00,C1377,23.06,fuel,VN,0,2.27,2,0
T104038,2025-06-08 20:09:00,C1108,21.23,fuel,VN,1,34.0,0,0
T105854,2025-06-08 20:33:00,C1309,26.14,travel,VN,0,33.91,0,0
T104497,2025-06-08 20:43:00,C1384,25.54,clothing,VN,0,9.32,0,0
T103334,2025-06-08 20:52:00,C1299,82.9,grocery,VN,1,40.6,0,0
T104245,2025-06-08 20:57:00,C1238,28.63,electronics,VN,0,8.7,2,0
T100580,2025-06-08 21:01:00,C1091,8.86,restaurant,VN,1,9.27,0,0
T102506,2025-06-08 21:17:00,C1341,13.14,fuel,VN,1,4.13,2,0
T103657,2025-06-08 21:42:00,C1151,12.65,pharmacy,VN,1,15.22,0,0
T105338,2025-06-08 21:52:00,C1128,11.96,grocery,VN,1,3.93,0,0
T101788,2025-06-08 21:55:00,C1391,29.44,gaming,VN,1,18.87,1,0
T104990,2025-06-08 22:18:00,C1292,102.93,gaming,BR,0,5.38,0,0
T102990,2025-06-08 23:30:00,C1003,3.5,pharmacy,VN,1,93.0,2,0
T102303,2025-06-09 00:00:00,C1294,22.25,pharmacy,VN,1,13.93,0,0
T100154,2025-06-09 01:00:00,C1063,28.11,electronics,NG,1,5.48,0,0
T104116,2025-06-09 01:10:00,C1094,24.74,electronics,VN,1,8.45,0,0
T104370,2025-06-09 04:48:00,C1355,18.97,electronics,VN,1,57.03,0,0
T103624,2025-06-09 06:13:00,C1224,13.6,pharmacy,VN,0,9.58,0,0
T102369,2025-06-09 06:22:00,C1374,16.9,restaurant,VN,1,18.62,1,0
T103011,2025-06-09 06:36:00,C1133,29.31,restaurant,VN,0,3.42,0,0
T104222,2025-06-09 06:54:00,C1260,9.85,grocery,VN,1,15.16,1,0
T105298,2025-06-09 07:03:00,C1132,11.32,fuel,VN,1,9.76,0,0
T102768,2025-06-09 07:05:00,C1214,48.3,fuel,VN,1,0.88,2,0
T105016,2025-06-09 07:05:00,C1273,23.2,gaming,VN,1,5.76,0,0
T103914,2025-06-09 07:16:00,C1199,19.18,pharmacy,VN,1,2.79,0,0
T103749,2025-06-09 07:44:00,C1345,16.98,fuel,VN,1,5.07,1,0
T100935,2025-06-09 08:00:00,C1349,10.2,pharmacy,VN,1,6.46,1,0
T100402,2025-06-09 08:20:00,C1324,6.65,fuel,VN,1,2.75,1,0
T101044,2025-06-09 08:24:00,C1357,49.75,gaming,JP,1,3.98,1,0
T104212,2025-06-09 08:34:00,C1303,36.44,clothing,VN,0,32.74,0,0
T101270,2025-06-09 08:37:00,C1125,29.5,restaurant,VN,1,7.36,1,0
T104574,2025-06-09 08:42:00,C1111,27.29,travel,VN,1,41.17,1,0
T104985,2025-06-09 08:45:00,C1231,35.2,electronics,VN,1,2.74,0,0
T102149,2025-06-09 08:47:00,C1384,69.72,electronics,VN,1,19.6,0,0
T102483,2025-06-09 08:49:00,C1331,16.99,electronics,VN,1,27.03,0,0
T104942,2025-06-09 08:59:00,C1178,7.64,pharmacy,VN,0,8.96,0,0
T102398,2025-06-09 09:30:00,C1013,18.37,fuel,VN,1,11.33,1,0
T105089,2025-06-09 09:30:00,C1164,33.95,travel,VN,1,21.37,0,0
T100316,2025-06-09 09:38:00,C1345,25.5,restaurant,VN,0,13.0,0,0
T100300,2025-06-09 10:07:00,C1045,30.72,electronics,VN,0,0.5,0,0
T104782,2025-06-09 10:13:00,C1307,11.61,travel,VN,0,10.47,0,0
T103090,2025-06-09 10:16:00,C1292,13.54,travel,VN,1,118.35,0,0
T105685,2025-06-09 10:27:00,C1061,20.68,pharmacy,VN,0,8.3,1,0
T102236,2025-06-09 10:36:00,C1214,49.34,electronics,VN,1,16.42,2,0
T104387,2025-06-09 10:44:00,C1033,10.6,grocery,VN,1,75.62,0,0
T104435,2025-06-09 10:44:00,C1277,23.67,electronics,VN,1,2.57,0,0
T104339,2025-06-09 10:48:00,C1183,18.39,restaurant,VN,0,2.47,0,0
T105939,2025-06-09 11:03:00,C1346,4.19,travel,VN,1,6.25,0,0
T100396,2025-06-09 11:04:00,C1104,54.18,gaming,VN,1,21.44,0,0
T102358,2025-06-09 11:04:00,C1226,20.85,restaurant,VN,1,19.23,1,0
T104315,2025-06-09 11:14:00,C1201,18.25,electronics,VN,1,2.64,0,0
T105427,2025-06-09 11:16:00,C1225,9.67,fuel,VN,0,14.76,1,0
T102914,2025-06-09 11:18:00,C1074,32.03,restaurant,VN,1,4.87,3,0
T104163,2025-06-09 11:29:00,C1299,20.36,gaming,VN,0,6.59,0,0
T102306,2025-06-09 11:42:00,C1263,19.4,travel,VN,0,3.78,0,0
T104746,2025-06-09 11:45:00,C1155,85.04,electronics,VN,0,19.79,0,0
T105723,2025-06-09 11:47:00,C1097,15.55,grocery,VN,0,59.15,0,0
T101636,2025-06-09 11:59:00,C1041,19.78,grocery,VN,1,18.54,0,0
T105606,2025-06-09 12:03:00,C1022,59.46,grocery,VN,1,41.41,1,0
T105040,2025-06-09 12:10:00,C1130,63.49,electronics,VN,0,5.81,0,0
T105620,2025-06-09 12:13:00,C1266,56.21,clothing,VN,1,2.8,0,0
T102630,2025-06-09 12:20:00,C1173,32.09,electronics,VN,0,9.25,2,0
T104523,2025-06-09 12:20:00,C1314,8.25,gaming,VN,0,28.53,0,0
T102413,2025-06-09 12:23:00,C1014,7.59,travel,BR,0,43.32,0,0
T102897,2025-06-09 12:25:00,C1081,98.69,fuel,VN,0,8.12,0,0
T102834,2025-06-09 12:32:00,C1279,12.71,electronics,VN,0,1.36,0,0
T102233,2025-06-09 12:40:00,C1024,34.6,pharmacy,VN,1,69.25,2,0
T104262,2025-06-09 12:40:00,C1048,6.78,grocery,VN,0,9.63,0,0
T100868,2025-06-09 12:51:00,C1072,23.51,travel,VN,0,0.35,0,0
T102729,2025-06-09 12:54:00,C1275,6.69,electronics,VN,0,80.77,1,0
T102826,2025-06-09 13:05:00,C1023,80.33,grocery,BR,1,4.76,1,0
T101453,2025-06-09 13:07:00,C1363,9.16,travel,VN,0,0.56,0,0
T102337,2025-06-09 13:21:00,C1100,24.71,fuel,VN,1,14.78,0,0
T104921,2025-06-09 13:27:00,C1289,38.93,gaming,VN,1,1.91,0,0
T103910,2025-06-09 13:42:00,C1327,32.82,travel,VN,1,5.95,0,0
T104454,2025-06-09 13:46:00,C1035,38.63,travel,VN,1,3.91,0,0
T102592,2025-06-09 14:08:00,C1228,19.12,grocery,VN,1,48.47,2,0
T103276,2025-06-09 15:03:00,C1394,42.84,electronics,VN,1,10.45,0,0
T102520,2025-06-09 15:17:00,C1056,13.32,restaurant,VN,1,5.37,2,0
T104155,2025-06-09 15:25:00,C1010,14.39,clothing,VN,0,2.09,0,0
T105312,2025-06-09 15:41:00,C1174,21.61,travel,VN,1,2.16,0,0
T100829,2025-06-09 15:59:00,C1129,49.68,electronics,VN,1,17.2,0,0
T103294,2025-06-09 16:00:00,C1021,40.51,clothing,VN,1,2.5,3,0
T103785,2025-06-09 16:01:00,C1296,8.88,electronics,VN,1,19.91,1,0
T102879,2025-06-09 16:03:00,C1002,263.73,travel,US,0,0.54,5,1
T103506,2025-06-09 16:22:00,C1338,7.21,electronics,VN,0,12.49,2,0
T104597,2025-06-09 16:24:00,C1102,13.36,grocery,VN,0,7.69,1,0
T101549,2025-06-09 16:33:00,C1361,6.45,fuel,VN,1,3.39,0,0
T103562,2025-06-09 16:47:00,C1275,52.83,pharmacy,VN,1,9.07,0,0
T101101,2025-06-09 17:10:00,C1220,94.48,gaming,VN,1,2.35,0,0
T105139,2025-06-09 17:26:00,C1351,14.91,gaming,VN,0,4.73,1,0
T105372,2025-06-09 17:26:00,C1374,31.16,grocery,VN,1,3.86,0,0
T105716,2025-06-09 17:44:00,C1268,22.64,travel,VN,0,1.47,0,0
T101972,2025-06-09 17:52:00,C1172,10.08,gaming,SG,1,22.05,0,0
T105239,2025-06-09 17:57:00,C1285,14.42,travel,VN,1,20.09,0,0
T101931,2025-06-09 17:59:00,C1202,65.15,grocery,VN,1,1.6,2,0
T104538,2025-06-09 19:00:00,C1108,17.46,gaming,VN,1,68.36,2,0
T105563,2025-06-09 19:03:00,C1292,41.36,travel,VN,1,6.82,1,0
T102674,2025-06-09 19:18:00,C1131,82.32,pharmacy,VN,1,2.43,1,0
T104665,2025-06-09 19:24:00,C1009,32.0,travel,VN,1,36.86,0,0
T101085,2025-06-09 19:25:00,C1212,20.88,restaurant,VN,1,3.9,2,0
T104598,2025-06-09 19:37:00,C1126,16.22,pharmacy,VN,1,11.22,0,0
T100754,2025-06-09 19:40:00,C1049,6.03,travel,VN,0,8.79,0,0
T103227,2025-06-09 20:02:00,C1084,8.18,pharmacy,VN,1,14.77,0,0
T104283,2025-06-09 20:25:00,C1237,30.22,restaurant,VN,0,46.88,1,0
T100218,2025-06-09 20:29:00,C1333,26.38,electronics,VN,1,4.22,0,0
T105417,2025-06-09 20:31:00,C1039,38.19,clothing,RU,0,2.15,0,0
T101080,2025-06-09 20:54:00,C1293,81.13,grocery,VN,0,2.12,0,0
T104059,2025-06-09 20:59:00,C1119,9.63,grocery,VN,0,13.07,2,0
T100251,2025-06-09 21:05:00,C1251,33.06,electronics,VN,1,1.53,0,0
T105528,2025-06-09 21:12:00,C1194,8.16,clothing,VN,0,7.43,3,0
T103357,2025-06-09 21:13:00,C1241,5.59,travel,VN,1,1.43,1,0
T102002,2025-06-09 21:20:00,C1231,60.82,grocery,VN,1,46.73,0,0
T100588,2025-06-09 21:29:00,C1313,37.8,clothing,VN,1,6.86,0,0
T102524,2025-06-09 21:29:00,C1375,7.55,pharmacy,VN,0,0.8,1,0
T104369,2025-06-09 22:05:00,C1139,21.69,fuel,VN,0,24.06,0,0
T105245,2025-06-09 22:21:00,C1156,8.93,restaurant,VN,0,9.26,0,0
T100862,2025-06-09 23:32:00,C1245,41.4,grocery,VN,1,8.94,1,0
T103892,2025-06-10 03:36:00,C1096,724.13,travel,BR,0,0.24,3,1
T101477,2025-06-10 03:43:00,C1331,58.97,electronics,VN,0,0.94,5,1
T104388,2025-06-10 04:36:00,C1179,14.55,restaurant,VN,0,10.95,0,0
T104478,2025-06-10 05:32:00,C1164,27.95,fuel,VN,1,1.11,0,0
T102661,2025-06-10 07:09:00,C1061,22.34,restaurant,VN,1,15.93,1,0
T104969,2025-06-10 07:11:00,C1309,29.49,pharmacy,VN,0,6.13,0,0
T102932,2025-06-10 07:14:00,C1295,7.07,gaming,VN,0,5.84,0,0
T103104,2025-06-10 07:30:00,C1177,18.04,travel,VN,1,2.56,0,0
T104509,2025-06-10 08:01:00,C1281,40.47,grocery,VN,1,13.81,3,0
T101619,2025-06-10 08:10:00,C1083,46.55,clothing,VN,0,1.76,2,0
T103399,2025-06-10 08:21:00,C1359,4.49,travel,VN,1,22.74,0,0
T104362,2025-06-10 08:30:00,C1099,16.63,gaming,VN,0,6.27,1,0
T101604,2025-06-10 08:32:00,C1314,166.5,fuel,VN,1,2.89,0,0
T103120,2025-06-10 08:39:00,C1031,12.39,fuel,VN,0,5.69,0,0
T102446,2025-06-10 08:47:00,C1128,36.44,electronics,VN,1,9.83,0,0
T102535,2025-06-10 08:49:00,C1301,58.76,clothing,SG,1,4.76,0,0
T101979,2025-06-10 08:58:00,C1251,33.92,travel,VN,1,4.31,1,0
T105041,2025-06-10 09:02:00,C1220,27.05,restaurant,VN,1,3.19,1,0
T100153,2025-06-10 09:14:00,C1150,130.5,gaming,VN,1,2.5,0,0
T102064,2025-06-10 09:17:00,C1111,18.49,pharmacy,VN,1,6.01,0,0
T103272,2025-06-10 09:18:00,C1045,7.13,gaming,VN,0,25.98,0,0
T101263,2025-06-10 09:22:00,C1385,70.69,travel,VN,0,27.37,0,0
T104103,2025-06-10 09:33:00,C1007,15.96,gaming,VN,1,13.48,0,0
T102408,2025-06-10 09:34:00,C1113,26.72,travel,VN,1,0.94,0,0
T104783,2025-06-10 09:40:00,C1101,19.97,travel,VN,1,12.36,1,0
T104668,2025-06-10 09:53:00,C1181,45.24,travel,VN,1,7.66,0,0
T102835,2025-06-10 10:01:00,C1299,15.48,clothing,VN,1,73.14,0,0
T105061,2025-06-10 10:27:00,C1362,33.72,electronics,VN,1,11.97,0,0
T105274,2025-06-10 10:41:00,C1315,15.48,fuel,VN,1,21.43,1,0
T100093,2025-06-10 10:56:00,C1304,13.65,travel,VN,0,7.55,0,0
T104226,2025-06-10 11:14:00,C1037,2.21,restaurant,VN,0,2.22,0,0
T103531,2025-06-10 11:21:00,C1158,8.08,grocery,VN,1,26.05,1,0
T100638,2025-06-10 11:26:00,C1316,44.68,grocery,VN,1,0.55,0,0
T104379,2025-06-10 11:29:00,C1357,66.71,grocery,VN,1,8.91,2,0
T105910,2025-06-10 11:30:00,C1255,104.67,pharmacy,VN,0,8.87,0,0
T101399,2025-06-10 11:38:00,C1126,20.54,fuel,GB,0,2.21,1,0
T105972,2025-06-10 11:50:00,C1260,25.48,restaurant,VN,1,8.29,0,0
T104933,2025-06-10 12:05:00,C1140,22.01,electronics,VN,1,13.1,0,0
T101183,2025-06-10 12:17:00,C1098,16.35,electronics,VN,0,2.6,2,0
T101256,2025-06-10 12:20:00,C1068,13.65,clothing,VN,1,9.17,1,0
T101287,2025-06-10 12:46:00,C1146,38.83,clothing,VN,1,21.5,0,0
T105999,2025-06-10 12:49:00,C1116,26.41,restaurant,VN,1,3.88,2,0
T104666,2025-06-10 12:53:00,C1033,69.01,electronics,VN,1,12.22,0,0
T103192,2025-06-10 13:13:00,C1353,23.34,travel,VN,1,3.13,0,0
T102488,2025-06-10 13:18:00,C1138,27.16,restaurant,VN,1,4.67,0,0
T101527,2025-06-10 13:24:00,C1112,96.57,pharmacy,VN,0,18.97,1,0
T100498,2025-06-10 13:26:00,C1283,10.77,travel,VN,1,6.29,0,0
T103439,2025-06-10 13:35:00,C1331,76.42,clothing,VN,0,37.33,0,0
T104428,2025-06-10 13:39:00,C1324,12.48,grocery,VN,1,14.71,0,0
T105655,2025-06-10 14:03:00,C1303,15.46,gaming,US,1,10.76,1,0
T105022,2025-06-10 14:05:00,C1128,94.89,gaming,VN,1,4.61,0,0
T105712,2025-06-10 14:06:00,C1161,17.65,clothing,US,0,4.43,2,0
T103208,2025-06-10 14:17:00,C1070,5.73,clothing,VN,1,7.11,0,0
T105586,2025-06-10 14:22:00,C1356,46.32,grocery,VN,0,9.25,0,0
T105726,2025-06-10 14:23:00,C1344,7.55,grocery,VN,0,3.5,0,0
T104164,2025-06-10 14:26:00,C1007,22.72,fuel,VN,1,86.69,0,0
T100518,2025-06-10 14:46:00,C1140,33.86,restaurant,VN,0,19.85,0,0
T102211,2025-06-10 14:54:00,C1190,12.25,gaming,VN,1,9.51,1,0
T100304,2025-06-10 15:56:00,C1279,6.21,grocery,VN,1,3.3,0,0
T104070,2025-06-10 16:00:00,C1015,34.2,clothing,VN,1,3.08,0,0
T104214,2025-06-10 16:22:00,C1379,9.99,electronics,VN,0,6.38,0,0
T104859,2025-06-10 16:44:00,C1285,14.02,restaurant,VN,1,58.57,1,0
T100138,2025-06-10 16:57:00,C1293,7.82,gaming,VN,1,6.11,0,0
T103178,2025-06-10 17:07:00,C1023,58.46,fuel,VN,0,1.53,0,0
T101851,2025-06-10 17:11:00,C1233,19.51,electronics,VN,1,6.32,0,0
T100875,2025-06-10 17:12:00,C1187,6.28,restaurant,VN,1,56.45,3,0
T100582,2025-06-10 17:23:00,C1131,26.69,electronics,VN,1,13.49,1,0
T103400,2025-06-10 17:43:00,C1127,45.04,fuel,VN,0,0.91,0,0
T105853,2025-06-10 18:18:00,C1173,52.18,pharmacy,VN,0,2.08,0,0
T101129,2025-06-10 18:35:00,C1303,15.04,clothing,VN,0,7.76,1,0
T104414,2025-06-10 18:37:00,C1066,39.45,clothing,VN,1,14.9,0,0
T101684,2025-06-10 18:41:00,C1356,24.51,restaurant,VN,0,0.74,0,0
T102556,2025-06-10 18:54:00,C1201,5.76,restaurant,VN,1,20.32,0,0
T101696,2025-06-10 18:56:00,C1278,27.23,pharmacy,VN,1,0.68,1,0
T100273,2025-06-10 19:03:00,C1025,7.17,pharmacy,VN,0,2.91,0,0
T104604,2025-06-10 19:35:00,C1244,10.63,electronics,VN,0,45.55,1,0
T101833,2025-06-10 19:44:00,C1290,83.21,pharmacy,VN,1,0.58,0,0
T101695,2025-06-10 19:45:00,C1376,30.41,travel,VN,0,24.84,0,0
T105083,2025-06-10 19:48:00,C1138,47.35,travel,VN,1,13.74,1,0
T104233,2025-06-10 19:52:00,C1066,39.05,fuel,VN,0,30.73,0,0
T101964,2025-06-10 20:07:00,C1192,178.3,gaming,VN,1,9.56,0,0
T100339,2025-06-10 20:30:00,C1052,37.97,travel,VN,1,0.89,0,0
T104836,2025-06-10 20:52:00,C1396,63.86,restaurant,VN,1,1.72,2,0
T102781,2025-06-10 21:04:00,C1322,16.53,travel,VN,1,30.25,0,0
T102422,2025-06-10 21:46:00,C1228,93.99,clothing,VN,0,5.41,2,0
T103865,2025-06-10 21:46:00,C1061,32.15,travel,US,0,0.28,5,1
T100693,2025-06-10 21:49:00,C1086,20.24,travel,NG,1,1.17,2,0
T104300,2025-06-10 21:58:00,C1024,12.35,travel,VN,0,8.18,0,0
T101410,2025-06-10 22:39:00,C1238,39.72,electronics,NG,0,2.16,3,1
T104603,2025-06-10 22:39:00,C1179,31.26,electronics,VN,0,15.93,1,0
T100624,2025-06-10 22:42:00,C1067,46.52,electronics,VN,1,4.81,0,0
T105395,2025-06-10 22:48:00,C1393,26.65,gaming,VN,1,21.97,1,0
T102106,2025-06-10 23:43:00,C1284,6.04,grocery,VN,1,1.36,0,0
T101279,2025-06-11 01:49:00,C1231,17.43,electronics,VN,0,9.31,0,0
T102861,2025-06-11 06:01:00,C1021,6.55,grocery,VN,0,6.04,0,0
T103982,2025-06-11 06:15:00,C1317,8.1,pharmacy,VN,1,16.01,1,0
T105302,2025-06-11 06:27:00,C1264,29.65,grocery,VN,1,11.65,0,0
T100217,2025-06-11 06:38:00,C1398,37.78,gaming,VN,1,7.22,0,0
T102076,2025-06-11 06:45:00,C1259,17.69,clothing,VN,1,6.75,1,0
T103363,2025-06-11 06:48:00,C1323,28.46,restaurant,VN,1,0.36,0,0
T103875,2025-06-11 07:23:00,C1275,20.24,pharmacy,RU,0,2.12,1,0
T101163,2025-06-11 07:24:00,C1079,35.03,clothing,VN,0,0.75,2,0
T103128,2025-06-11 07:29:00,C1273,12.83,travel,VN,0,7.37,0,0
T105687,2025-06-11 07:56:00,C1059,10.93,clothing,VN,1,33.25,0,0
T101938,2025-06-11 08:05:00,C1349,60.49,restaurant,VN,0,4.88,3,0
T105025,2025-06-11 08:09:00,C1068,23.26,fuel,VN,1,20.73,3,0
T102660,2025-06-11 08:13:00,C1132,3.05,fuel,VN,1,5.49,0,0
T104744,2025-06-11 08:27:00,C1044,19.74,restaurant,VN,1,17.72,2,0
T103067,2025-06-11 08:28:00,C1301,51.47,electronics,VN,0,6.17,0,0
T101221,2025-06-11 08:56:00,C1027,13.93,electronics,BR,0,3.3,1,0
T105552,2025-06-11 09:05:00,C1186,4.6,electronics,NG,0,0.22,2,1
T100961,2025-06-11 09:30:00,C1373,9.22,travel,VN,1,5.31,0,0
T102180,2025-06-11 09:30:00,C1374,69.39,restaurant,VN,0,5.52,2,0
T101750,2025-06-11 09:39:00,C1053,78.82,grocery,VN,1,2.97,0,0
T101877,2025-06-11 09:39:00,C1155,8.08,grocery,VN,1,6.31,2,0
T104287,2025-06-11 09:48:00,C1017,51.54,electronics,VN,1,8.2,0,0
T100877,2025-06-11 10:02:00,C1337,12.76,pharmacy,VN,1,3.72,3,0
T104800,2025-06-11 10:10:00,C1326,30.03,electronics,VN,0,7.05,0,0
T104281,2025-06-11 10:22:00,C1260,13.01,travel,VN,0,11.14,0,0
T102205,2025-06-11 10:31:00,C1239,19.41,fuel,VN,0,2.58,0,0
T101760,2025-06-11 10:32:00,C1393,19.33,fuel,VN,0,5.44,1,0
T104130,2025-06-11 10:37:00,C1307,16.04,gaming,VN,0,2.41,1,0
T105800,2025-06-11 11:02:00,C1066,13.52,pharmacy,VN,1,23.2,1,0
T103210,2025-06-11 11:07:00,C1092,14.31,restaurant,VN,1,15.47,1,0
T102587,2025-06-11 11:11:00,C1093,31.18,restaurant,VN,0,4.83,0,0
T104327,2025-06-11 11:17:00,C1303,6.21,electronics,VN,0,37.41,1,0
T103870,2025-06-11 11:24:00,C1311,112.22,electronics,VN,0,11.0,1,0
T100421,2025-06-11 11:31:00,C1158,22.99,pharmacy,VN,1,18.72,1,0
T101107,2025-06-11 11:46:00,C1074,15.22,clothing,VN,1,34.3,2,0
T104136,2025-06-11 11:49:00,C1075,22.91,restaurant,VN,0,3.47,0,0
T105900,2025-06-11 11:53:00,C1285,16.42,electronics,VN,0,31.77,0,0
T100335,2025-06-11 12:06:00,C1056,82.68,electronics,VN,1,7.94,0,0
T103747,2025-06-11 12:11:00,C1180,12.28,electronics,VN,1,3.08,0,0
T105285,2025-06-11 12:13:00,C1140,15.78,restaurant,VN,0,3.37,1,0
T100654,2025-06-11 12:18:00,C1206,32.03,gaming,VN,0,7.74,1,0
T102945,2025-06-11 12:30:00,C1069,8.99,travel,VN,0,1.21,0,0
T100894,2025-06-11 12:50:00,C1328,113.21,pharmacy,VN,1,13.5,0,0
T102721,2025-06-11 13:56:00,C1385,6.94,pharmacy,VN,0,35.88,0,0
T103549,2025-06-11 14:09:00,C1301,35.78,travel,JP,1,20.27,0,0
T105880,2025-06-11 14:25:00,C1137,5.8,electronics,VN,1,10.83,0,0
T100664,2025-06-11 14:44:00,C1177,35.85,travel,VN,0,7.85,0,0
T103518,2025-06-11 14:59:00,C1325,45.16,pharmacy,VN,1,21.36,2,0
T102695,2025-06-11 15:08:00,C1134,28.71,grocery,VN,1,18.02,1,0
T103507,2025-06-11 15:31:00,C1115,41.92,travel,VN,0,23.71,2,0
T104179,2025-06-11 15:37:00,C1153,86.23,grocery,VN,1,7.59,0,0
T103040,2025-06-11 15:56:00,C1113,22.4,electronics,VN,1,16.44,0,0
T101944,2025-06-11 16:06:00,C1081,32.52,pharmacy,VN,0,26.79,0,0
T103848,2025-06-11 16:13:00,C1130,132.05,restaurant,VN,0,5.85,0,0
T104158,2025-06-11 16:40:00,C1042,22.0,fuel,VN,1,4.92,0,0
T102541,2025-06-11 16:45:00,C1393,24.83,clothing,VN,0,27.26,0,0
T104394,2025-06-11 16:57:00,C1131,56.14,fuel,VN,0,191.14,0,0
T102265,2025-06-11 17:18:00,C1020,158.06,electronics,VN,1,1.44,0,0
T100559,2025-06-11 17:26:00,C1393,78.82,travel,VN,0,6.59,1,0
T105985,2025-06-11 17:41:00,C1324,25.66,pharmacy,VN,0,0.47,3,0
T101033,2025-06-11 17:52:00,C1106,33.61,pharmacy,VN,1,2.02,0,0
T105015,2025-06-11 17:52:00,C1324,16.8,fuel,VN,1,1.3,2,0
T103651,2025-06-11 18:01:00,C1199,52.19,clothing,VN,1,4.58,0,0
T101456,2025-06-11 18:21:00,C1299,15.41,pharmacy,VN,0,6.34,1,0
T105046,2025-06-11 18:29:00,C1223,5.53,gaming,VN,1,23.08,1,0
T104771,2025-06-11 18:30:00,C1190,6.88,grocery,VN,1,3.3,0,0
T102171,2025-06-11 18:39:00,C1093,13.84,travel,VN,1,9.52,0,0
T101589,2025-06-11 18:41:00,C1303,19.65,restaurant,VN,1,1.89,2,0
T105735,2025-06-11 18:47:00,C1344,8.47,pharmacy,VN,0,3.72,2,0
T101298,2025-06-11 18:54:00,C1345,46.57,gaming,VN,0,3.68,0,0
T104737,2025-06-11 19:04:00,C1184,10.94,travel,VN,0,14.66,3,0
T104818,2025-06-11 19:04:00,C1242,31.42,electronics,NG,0,6.01,0,0
T101475,2025-06-11 19:15:00,C1033,13.22,pharmacy,VN,1,1.44,0,0
T100286,2025-06-11 19:24:00,C1324,41.56,fuel,VN,1,8.98,1,0
T103941,2025-06-11 19:27:00,C1391,17.19,travel,VN,1,6.19,0,0
T104001,2025-06-11 19:27:00,C1366,37.52,restaurant,VN,1,9.12,0,0
T101907,2025-06-11 19:29:00,C1210,17.82,pharmacy,VN,0,6.88,1,0
T101885,2025-06-11 19:33:00,C1239,39.39,electronics,VN,0,4.58,0,0
T105279,2025-06-11 19:34:00,C1180,18.69,restaurant,VN,0,2.1,1,0
T105483,2025-06-11 19:54:00,C1328,44.81,restaurant,VN,1,4.06,0,0
T100818,2025-06-11 19:59:00,C1164,34.49,clothing,VN,1,1.52,1,0
T103180,2025-06-11 20:08:00,C1269,11.9,pharmacy,VN,1,72.27,0,0
T104883,2025-06-11 20:13:00,C1241,6.63,restaurant,VN,1,55.3,0,0
T102239,2025-06-11 20:24:00,C1256,7.45,gaming,VN,1,29.48,2,0
T101470,2025-06-11 20:28:00,C1276,58.75,fuel,VN,1,21.3,0,0
T102738,2025-06-11 20:34:00,C1321,32.34,grocery,VN,1,9.64,0,0
T103159,2025-06-11 20:40:00,C1100,12.39,restaurant,NG,0,2.05,3,0
T102212,2025-06-11 20:46:00,C1375,135.79,grocery,BR,1,1.86,0,0
T105808,2025-06-11 21:08:00,C1399,22.6,gaming,VN,1,3.34,1,0
T103901,2025-06-11 21:56:00,C1150,67.35,gaming,VN,0,1.24,0,0
T101986,2025-06-11 22:27:00,C1089,21.49,clothing,VN,1,10.64,0,0
T104638,2025-06-11 23:32:00,C1188,25.82,electronics,VN,1,9.58,1,0
T103565,2025-06-11 23:35:00,C1080,182.44,grocery,VN,0,59.82,0,0
T102396,2025-06-11 23:37:00,C1260,3.31,restaurant,VN,1,3.14,2,0
T104995,2025-06-12 00:40:00,C1017,28.16,travel,VN,0,10.74,1,0
T101858,2025-06-12 02:11:00,C1271,7.16,clothing,VN,1,3.14,0,0
T105467,2025-06-12 03:37:00,C1119,16.63,clothing,VN,1,12.43,0,0
T105908,2025-06-12 04:05:00,C1352,15.32,travel,VN,1,1.72,2,0
T102941,2025-06-12 04:13:00,C1016,130.11,fuel,VN,0,8.77,2,0
T100473,2025-06-12 04:51:00,C1265,9.56,pharmacy,VN,1,12.21,1,0
T101925,2025-06-12 05:31:00,C1050,10.43,travel,VN,1,6.39,0,0
T104920,2025-06-12 05:39:00,C1098,23.25,gaming,US,1,14.75,1,0
T105217,2025-06-12 05:52:00,C1383,30.28,pharmacy,VN,0,9.12,0,0
T102077,2025-06-12 06:21:00,C1066,12.23,travel,VN,1,3.65,0,0
T105791,2025-06-12 06:41:00,C1261,17.18,pharmacy,VN,0,2.49,0,0
T102896,2025-06-12 07:04:00,C1356,46.73,gaming,VN,1,8.32,2,0
T105182,2025-06-12 07:42:00,C1245,20.41,restaurant,VN,0,8.69,0,0
T102558,2025-06-12 07:44:00,C1030,21.7,grocery,VN,1,38.79,0,0
T100246,2025-06-12 07:56:00,C1014,12.89,grocery,VN,1,7.83,0,0
T105720,2025-06-12 08:24:00,C1081,91.3,grocery,VN,0,6.71,0,0
T101002,2025-06-12 08:33:00,C1211,61.98,electronics,VN,1,4.19,0,0
T100686,2025-06-12 09:04:00,C1323,27.47,gaming,VN,0,2.56,1,0
T105887,2025-06-12 09:11:00,C1010,10.02,clothing,VN,0,5.48,0,0
T102810,2025-06-12 09:14:00,C1384,129.56,gaming,VN,0,38.76,1,0
T103201,2025-06-12 09:28:00,C1138,32.48,fuel,VN,0,12.72,0,0
T103391,2025-06-12 09:28:00,C1281,24.84,pharmacy,VN,0,0.82,1,0
T105185,2025-06-12 09:46:00,C1245,19.07,fuel,VN,1,33.76,0,0
T102863,2025-06-12 10:00:00,C1305,24.15,grocery,VN,0,2.24,0,0
T104050,2025-06-12 10:24:00,C1141,37.89,fuel,VN,0,10.48,0,0
T104780,2025-06-12 10:27:00,C1041,32.57,electronics,VN,0,12.93,0,0
T103281,2025-06-12 10:29:00,C1221,29.95,clothing,VN,0,2.66,1,0
T105327,2025-06-12 10:49:00,C1379,7.11,fuel,VN,1,48.01,0,0
T100043,2025-06-12 11:07:00,C1399,15.7,restaurant,VN,1,11.12,3,0
T100395,2025-06-12 11:10:00,C1307,1.47,fuel,VN,0,22.09,2,0
T100351,2025-06-12 11:17:00,C1362,29.71,pharmacy,VN,1,2.94,0,0
T103683,2025-06-12 11:28:00,C1241,225.23,restaurant,RU,0,0.66,5,1
T105736,2025-06-12 11:43:00,C1033,19.12,travel,VN,1,2.24,0,0
T104127,2025-06-12 11:49:00,C1237,25.07,gaming,VN,0,11.33,0,0
T100035,2025-06-12 11:52:00,C1095,29.3,clothing,VN,1,16.62,0,0
T101042,2025-06-12 11:56:00,C1083,77.97,travel,SG,0,0.51,6,1
T102642,2025-06-12 12:05:00,C1298,12.08,fuel,VN,0,9.42,0,0
T103632,2025-06-12 12:12:00,C1159,79.62,grocery,VN,0,11.43,0,0
T101671,2025-06-12 12:21:00,C1090,32.9,pharmacy,VN,1,1.34,0,0
T104683,2025-06-12 12:22:00,C1135,4.33,grocery,VN,0,4.22,2,0
T105085,2025-06-12 12:26:00,C1361,12.46,gaming,VN,1,2.02,1,0
T102208,2025-06-12 12:58:00,C1245,195.0,travel,VN,1,13.89,0,0
T102462,2025-06-12 12:59:00,C1335,23.29,pharmacy,VN,1,23.22,1,0
T103061,2025-06-12 13:09:00,C1292,16.96,fuel,VN,0,7.25,0,0
T103021,2025-06-12 13:24:00,C1163,25.28,pharmacy,VN,0,7.75,1,0
T102489,2025-06-12 13:44:00,C1357,58.61,grocery,VN,0,8.23,0,0
T100806,2025-06-12 13:54:00,C1313,20.96,grocery,VN,0,1.54,3,0
T101229,2025-06-12 13:54:00,C1344,15.6,restaurant,VN,1,1.23,0,0
T103746,2025-06-12 13:59:00,C1014,12.2,travel,VN,1,27.3,2,0
T103986,2025-06-12 14:01:00,C1138,52.47,electronics,VN,1,4.05,1,0
T104868,2025-06-12 14:02:00,C1063,67.96,clothing,VN,0,5.82,0,0
T101529,2025-06-12 14:12:00,C1305,11.51,fuel,VN,1,15.33,1,0
T104473,2025-06-12 14:13:00,C1130,6.32,travel,VN,0,17.95,0,0
T105635,2025-06-12 14:21:00,C1134,20.32,fuel,VN,1,4.26,1,0
T101479,2025-06-12 14:26:00,C1288,48.48,restaurant,VN,1,1.06,0,0
T105077,2025-06-12 14:27:00,C1185,25.93,travel,VN,1,1.98,1,0
T100672,2025-06-12 14:29:00,C1185,26.88,electronics,VN,1,15.2,0,0
T105257,2025-06-12 14:32:00,C1349,7.56,restaurant,VN,0,7.92,0,0
T102491,2025-06-12 14:37:00,C1358,48.11,travel,VN,1,8.21,1,0
T101038,2025-06-12 14:40:00,C1073,24.69,clothing,VN,0,1.66,0,0
T103469,2025-06-12 14:40:00,C1115,51.59,fuel,VN,0,8.6,0,0
T105834,2025-06-12 15:22:00,C1365,51.0,fuel,VN,0,13.99,0,0
T103033,2025-06-12 15:38:00,C1344,30.95,gaming,VN,1,25.87,1,0
T103175,2025-06-12 15:40:00,C1216,175.75,travel,VN,1,3.83,1,0
T104488,2025-06-12 15:43:00,C1394,12.52,restaurant,VN,1,28.28,1,0
T102418,2025-06-12 16:01:00,C1235,37.33,restaurant,VN,0,2.76,2,0
T105103,2025-06-12 16:04:00,C1210,15.2,gaming,RU,0,8.61,0,0
T103247,2025-06-12 16:09:00,C1055,27.83,clothing,VN,1,21.85,0,0
T105451,2025-06-12 16:09:00,C1339,6.38,restaurant,VN,0,9.37,0,0
T104904,2025-06-12 16:10:00,C1217,17.7,travel,VN,1,4.82,0,0
T101852,2025-06-12 16:11:00,C1078,23.45,gaming,BR,1,38.71,0,0
T101805,2025-06-12 16:12:00,C1213,61.13,fuel,VN,1,3.32,0,0
T103269,2025-06-12 16:14:00,C1188,8.22,travel,VN,0,17.13,0,0
T101700,2025-06-12 16:15:00,C1018,4.54,electronics,VN,1,1.39,0,0
T102361,2025-06-12 16:16:00,C1353,20.82,fuel,VN,1,27.67,1,0
T104210,2025-06-12 16:27:00,C1326,33.07,grocery,VN,1,15.7,0,0
T103834,2025-06-12 16:31:00,C1274,18.61,fuel,VN,0,4.96,2,0
T105953,2025-06-12 16:36:00,C1340,69.38,travel,VN,1,5.09,1,0
T105405,2025-06-12 17:20:00,C1327,37.39,fuel,VN,1,4.25,1,0
T101474,2025-06-12 17:23:00,C1296,43.35,fuel,VN,1,8.92,0,0
T102972,2025-06-12 17:24:00,C1209,9.29,gaming,VN,1,24.47,1,0
T102657,2025-06-12 18:00:00,C1223,13.09,restaurant,VN,1,4.63,0,0
T101492,2025-06-12 18:01:00,C1314,18.8,fuel,VN,0,3.82,0,0
T102812,2025-06-12 18:01:00,C1039,11.09,electronics,VN,1,29.77,0,0
T103663,2025-06-12 18:04:00,C1193,18.87,clothing,VN,1,52.67,2,0
T104270,2025-06-12 18:04:00,C1023,33.04,electronics,VN,1,48.49,0,0
T101431,2025-06-12 18:05:00,C1041,20.32,restaurant,VN,0,8.05,0,0
T102522,2025-06-12 18:12:00,C1314,53.1,gaming,US,0,2.14,4,1
T102063,2025-06-12 18:16:00,C1289,34.63,fuel,VN,1,5.58,0,0
T105068,2025-06-12 18:18:00,C1110,56.22,grocery,VN,0,6.47,0,0
T100549,2025-06-12 18:55:00,C1296,35.95,fuel,VN,1,1.15,0,0
T100871,2025-06-12 18:57:00,C1247,22.34,restaurant,VN,0,11.36,0,0
T103961,2025-06-12 18:58:00,C1001,16.1,gaming,VN,0,12.25,0,0
T102870,2025-06-12 19:02:00,C1385,48.44,gaming,VN,1,6.59,0,0
T101391,2025-06-12 19:14:00,C1077,26.29,travel,VN,0,30.37,0,0
T104333,2025-06-12 19:39:00,C1165,46.3,fuel,VN,0,17.03,1,0
T105614,2025-06-12 19:44:00,C1392,18.29,clothing,VN,1,0.56,0,0
T104139,2025-06-12 20:07:00,C1399,41.73,gaming,VN,1,49.98,2,0
T103643,2025-06-12 20:35:00,C1371,6.4,travel,VN,1,37.87,2,0
T105847,2025-06-12 20:58:00,C1319,166.62,grocery,VN,1,6.06,0,0
T103156,2025-06-12 20:59:00,C1183,48.08,grocery,VN,0,9.51,0,0
T102586,2025-06-12 21:01:00,C1240,41.75,electronics,VN,1,5.94,0,0
T102880,2025-06-12 21:24:00,C1367,14.68,clothing,VN,1,2.13,1,0
T101133,2025-06-12 21:30:00,C1300,19.33,electronics,VN,0,27.16,2,0
T100947,2025-06-12 21:56:00,C1177,46.89,fuel,VN,0,31.7,0,0
T104660,2025-06-12 22:26:00,C1169,10.93,fuel,VN,0,7.14,0,0
T104135,2025-06-13 00:57:00,C1378,11.89,grocery,VN,1,39.76,0,0
T103776,2025-06-13 04:23:00,C1086,18.59,fuel,VN,1,2.6,0,0
T103949,2025-06-13 04:59:00,C1086,10.31,travel,VN,0,7.41,0,0
T103360,2025-06-13 06:10:00,C1247,26.8,gaming,VN,0,2.17,0,0
T105807,2025-06-13 06:22:00,C1043,9.8,electronics,VN,0,3.08,1,0
T104962,2025-06-13 06:28:00,C1126,18.07,pharmacy,VN,0,9.29,0,0
T100982,2025-06-13 07:11:00,C1397,40.41,fuel,VN,0,55.67,2,0
T101079,2025-06-13 07:15:00,C1103,13.28,travel,VN,1,47.9,1,0
T103503,2025-06-13 07:19:00,C1112,1.72,fuel,VN,1,6.02,0,0
T103378,2025-06-13 07:22:00,C1324,33.81,gaming,VN,1,13.19,1,0
T101576,2025-06-13 08:07:00,C1044,24.19,restaurant,VN,1,48.15,0,0
T104534,2025-06-13 08:24:00,C1108,77.55,travel,VN,1,10.89,3,0
T104263,2025-06-13 08:28:00,C1360,32.27,clothing,VN,0,7.04,0,0
T103660,2025-06-13 08:39:00,C1247,22.55,gaming,VN,1,20.79,1,0
T103623,2025-06-13 08:51:00,C1116,40.31,pharmacy,VN,1,9.56,0,0
T101355,2025-06-13 09:05:00,C1112,12.38,restaurant,VN,1,33.22,0,0
T101112,2025-06-13 09:06:00,C1219,29.0,grocery,VN,0,8.84,1,0
T103411,2025-06-13 09:14:00,C1157,21.79,travel,VN,1,2.36,0,0
T104741,2025-06-13 09:14:00,C1323,3.1,gaming,VN,0,12.01,0,0
T103403,2025-06-13 09:31:00,C1071,39.57,pharmacy,VN,1,57.84,0,0
T105733,2025-06-13 09:34:00,C1214,170.56,fuel,VN,1,0.4,1,0
T100847,2025-06-13 10:32:00,C1019,36.33,grocery,VN,1,20.27,1,0
T102855,2025-06-13 10:34:00,C1150,19.66,gaming,VN,1,15.94,1,0
T100660,2025-06-13 10:39:00,C1063,38.72,travel,VN,1,20.23,2,0
T103889,2025-06-13 10:39:00,C1396,84.18,clothing,VN,0,11.52,3,0
T104906,2025-06-13 10:40:00,C1134,55.27,restaurant,VN,0,8.67,1,0
T105590,2025-06-13 11:05:00,C1390,33.23,pharmacy,VN,1,3.19,0,0
T100005,2025-06-13 11:10:00,C1191,20.24,restaurant,VN,1,3.77,0,0
T101784,2025-06-13 11:22:00,C1276,42.59,restaurant,VN,0,12.04,0,0
T104944,2025-06-13 11:27:00,C1160,115.06,travel,VN,1,5.06,0,0
T101821,2025-06-13 11:29:00,C1157,29.23,travel,VN,1,10.8,0,0
T102146,2025-06-13 11:35:00,C1242,28.01,travel,BR,1,7.61,0,0
T105952,2025-06-13 11:49:00,C1238,9.36,electronics,JP,1,5.77,0,0
T104835,2025-06-13 12:19:00,C1354,22.83,gaming,VN,1,17.81,0,0
T104569,2025-06-13 12:20:00,C1222,25.85,pharmacy,VN,0,3.94,1,0
T102991,2025-06-13 12:23:00,C1400,18.09,travel,VN,1,1.04,0,0
T102786,2025-06-13 12:24:00,C1052,25.62,grocery,VN,1,25.84,1,0
T105560,2025-06-13 12:28:00,C1245,29.31,fuel,VN,1,13.7,0,0
T100587,2025-06-13 12:31:00,C1083,51.27,restaurant,VN,1,4.45,0,0
T102271,2025-06-13 12:41:00,C1023,13.78,electronics,VN,1,15.0,0,0
T101586,2025-06-13 13:04:00,C1305,36.25,grocery,VN,1,12.03,2,0
T101892,2025-06-13 13:07:00,C1125,13.03,clothing,VN,1,23.21,0,0
T102507,2025-06-13 13:15:00,C1113,69.82,pharmacy,VN,1,1.06,0,0
T102688,2025-06-13 13:17:00,C1338,36.6,grocery,VN,1,3.52,0,0
T105356,2025-06-13 13:21:00,C1028,33.96,restaurant,VN,0,5.93,0,0
T105168,2025-06-13 13:30:00,C1153,34.72,grocery,VN,1,2.18,0,0
T101288,2025-06-13 13:43:00,C1241,18.67,clothing,VN,0,24.0,1,0
T103752,2025-06-13 13:54:00,C1079,100.84,pharmacy,RU,0,13.91,1,0
T102228,2025-06-13 13:56:00,C1005,21.37,fuel,VN,1,47.4,2,0
T102485,2025-06-13 13:56:00,C1288,42.93,travel,VN,0,33.79,2,0
T104323,2025-06-13 13:57:00,C1205,34.85,electronics,VN,1,13.15,1,0
T102606,2025-06-13 14:14:00,C1282,59.44,pharmacy,VN,0,2.27,0,0
T105959,2025-06-13 14:18:00,C1278,13.13,electronics,US,0,7.48,2,0
T102718,2025-06-13 14:24:00,C1313,41.71,electronics,VN,0,1.64,0,0
T101348,2025-06-13 14:56:00,C1170,27.41,pharmacy,VN,1,4.03,2,0
T100544,2025-06-13 15:11:00,C1390,14.68,restaurant,VN,0,5.23,1,0
T105689,2025-06-13 15:38:00,C1303,21.58,electronics,VN,1,30.99,3,0
T102918,2025-06-13 15:44:00,C1034,157.24,travel,VN,0,93.92,0,0
T101513,2025-06-13 15:45:00,C1273,7.03,electronics,VN,1,19.96,1,0
T101250,2025-06-13 15:59:00,C1326,2.61,gaming,VN,0,5.3,0,0
T101720,2025-06-13 16:03:00,C1394,4.97,travel,VN,0,14.3,1,0
T101535,2025-06-13 16:14:00,C1114,23.31,pharmacy,VN,0,1.04,0,0
T104475,2025-06-13 16:24:00,C1285,12.85,grocery,VN,0,6.28,1,0
T105408,2025-06-13 16:26:00,C1251,49.26,restaurant,VN,1,10.64,0,0
T102231,2025-06-13 16:31:00,C1392,8.65,clothing,VN,1,2.06,0,0
T103729,2025-06-13 16:38:00,C1292,84.66,travel,VN,1,1.26,2,0
T101539,2025-06-13 16:43:00,C1313,48.3,fuel,VN,0,17.86,2,0
T103267,2025-06-13 17:12:00,C1324,85.34,fuel,VN,0,4.56,1,0
T100315,2025-06-13 17:15:00,C1270,148.02,electronics,VN,1,2.25,0,0
T101936,2025-06-13 17:28:00,C1232,14.1,gaming,VN,1,34.67,3,0
T104204,2025-06-13 17:42:00,C1098,82.86,grocery,VN,1,19.07,2,0
T100409,2025-06-13 17:48:00,C1092,30.93,grocery,VN,1,4.82,0,0
T103496,2025-06-13 17:57:00,C1098,31.05,restaurant,VN,1,2.69,0,0
T101729,2025-06-13 18:11:00,C1091,15.06,clothing,VN,0,6.53,0,0
T103793,2025-06-13 18:17:00,C1146,38.09,restaurant,VN,0,27.18,0,0
T105595,2025-06-13 18:18:00,C1010,25.92,gaming,VN,0,1.22,5,1
T102638,2025-06-13 18:28:00,C1322,19.33,restaurant,VN,0,94.51,1,0
T103653,2025-06-13 18:31:00,C1162,11.25,grocery,VN,1,39.93,0,0
T101088,2025-06-13 18:34:00,C1133,9.79,travel,VN,1,20.52,0,0
T101715,2025-06-13 18:35:00,C1140,24.67,travel,VN,0,12.64,0,0
T101920,2025-06-13 18:44:00,C1151,17.04,fuel,VN,1,13.36,0,0
T103578,2025-06-13 18:51:00,C1313,37.38,grocery,VN,1,9.83,0,0
T102047,2025-06-13 18:52:00,C1258,31.24,restaurant,VN,1,2.25,0,0
T105026,2025-06-13 19:01:00,C1388,52.59,pharmacy,VN,0,10.27,0,0
T101200,2025-06-13 19:05:00,C1021,5.92,travel,VN,0,1.36,0,0
T105344,2025-06-13 19:09:00,C1197,46.56,pharmacy,VN,0,29.21,0,0
T103983,2025-06-13 19:20:00,C1299,9.98,electronics,VN,1,32.77,0,0
T105969,2025-06-13 19:20:00,C1244,26.63,fuel,VN,1,15.2,1,0
T100457,2025-06-13 19:24:00,C1329,12.79,fuel,VN,0,4.54,0,0
T103644,2025-06-13 19:48:00,C1168,12.66,pharmacy,VN,0,5.64,1,0
T101375,2025-06-13 20:38:00,C1184,40.49,electronics,VN,1,4.82,0,0
T105622,2025-06-13 20:39:00,C1262,3.47,travel,VN,0,1.68,1,0
T105320,2025-06-13 20:53:00,C1063,1268.18,gaming,JP,0,0.11,4,1
T105540,2025-06-13 21:42:00,C1058,6.89,grocery,VN,1,30.07,0,0
T103030,2025-06-13 21:51:00,C1004,18.74,clothing,VN,1,19.94,2,0
T103437,2025-06-13 23:34:00,C1243,15.39,electronics,VN,1,1.23,0,0
T103580,2025-06-14 02:28:00,C1221,22.69,electronics,RU,1,5.44,0,0
T102626,2025-06-14 02:42:00,C1051,24.66,electronics,VN,1,18.99,0,0
T103626,2025-06-14 05:42:00,C1046,16.47,fuel,VN,1,7.64,0,0
T103686,2025-06-14 05:46:00,C1336,50.02,pharmacy,VN,1,10.81,0,0
T104821,2025-06-14 05:58:00,C1022,10.8,fuel,VN,0,18.91,0,0
T105802,2025-06-14 06:13:00,C1175,53.22,grocery,VN,1,10.5,0,0
T100018,2025-06-14 07:42:00,C1041,23.21,grocery,VN,1,6.31,2,0
T103131,2025-06-14 07:48:00,C1289,13.14,clothing,SG,0,3.4,1,0
T103805,2025-06-14 08:01:00,C1253,18.26,travel,VN,0,4.51,0,0
T103132,2025-06-14 08:27:00,C1313,24.91,travel,VN,1,15.36,0,0
T101637,2025-06-14 08:30:00,C1191,265.84,clothing,VN,0,1.91,0,0
T104637,2025-06-14 08:31:00,C1121,18.18,travel,VN,1,2.31,0,0
T105899,2025-06-14 08:34:00,C1090,7.3,fuel,VN,0,3.32,1,0
T100025,2025-06-14 08:42:00,C1145,40.24,gaming,JP,1,12.61,0,0
T101128,2025-06-14 08:45:00,C1322,27.87,electronics,VN,0,8.79,1,0
T102570,2025-06-14 08:47:00,C1376,9.63,pharmacy,VN,1,2.56,0,0
T104719,2025-06-14 08:49:00,C1228,78.69,grocery,VN,0,6.7,0,0
T103807,2025-06-14 08:56:00,C1198,10.37,clothing,VN,0,12.67,0,0
T102887,2025-06-14 09:00:00,C1323,74.07,grocery,VN,1,3.94,0,0
T105227,2025-06-14 09:25:00,C1338,7.99,travel,VN,0,13.71,3,0
T105706,2025-06-14 09:25:00,C1225,40.63,restaurant,VN,1,8.49,0,0
T101865,2025-06-14 09:28:00,C1067,15.51,pharmacy,VN,1,19.85,0,0
T104291,2025-06-14 10:14:00,C1004,8.77,travel,VN,1,45.93,0,0
T102477,2025-06-14 10:33:00,C1091,14.89,fuel,VN,1,0.2,2,0
T103285,2025-06-14 10:53:00,C1304,66.05,fuel,VN,0,12.12,0,0
T105965,2025-06-14 11:18:00,C1246,39.1,fuel,VN,1,2.67,1,0
T100670,2025-06-14 11:27:00,C1062,28.13,electronics,VN,0,6.14,0,0
T102604,2025-06-14 11:35:00,C1272,30.34,fuel,VN,0,8.66,0,0
T102851,2025-06-14 11:35:00,C1088,27.82,fuel,VN,1,31.17,1,0
T104147,2025-06-14 11:51:00,C1084,27.56,fuel,VN,0,70.18,0,0
T102006,2025-06-14 11:56:00,C1293,6.43,travel,VN,1,25.54,1,0
T105857,2025-06-14 11:59:00,C1114,28.37,grocery,VN,1,1.1,0,0
T101206,2025-06-14 12:10:00,C1160,6.13,grocery,VN,0,9.14,1,0
T105649,2025-06-14 13:19:00,C1260,3.75,clothing,VN,1,29.96,0,0
T100127,2025-06-14 13:20:00,C1185,33.15,pharmacy,VN,1,17.51,1,0
T101612,2025-06-14 13:40:00,C1159,9.62,grocery,VN,0,4.61,1,0
T104752,2025-06-14 13:45:00,C1233,3.73,restaurant,VN,1,2.48,2,0
T100714,2025-06-14 14:38:00,C1058,22.2,grocery,VN,0,15.34,0,0
T100808,2025-06-14 15:01:00,C1387,13.38,restaurant,VN,0,2.91,0,0
T104421,2025-06-14 15:08:00,C1297,18.41,fuel,VN,0,3.31,0,0
T100703,2025-06-14 15:12:00,C1149,27.29,fuel,VN,0,11.24,0,0
T105579,2025-06-14 15:20:00,C1276,36.01,pharmacy,VN,0,9.96,1,0
T105387,2025-06-14 15:23:00,C1204,7.3,electronics,VN,1,3.43,0,0
T104669,2025-06-14 15:32:00,C1280,68.29,fuel,VN,1,11.17,0,0
T105955,2025-06-14 15:45:00,C1344,9.83,grocery,VN,1,10.26,1,0
T103900,2025-06-14 15:55:00,C1320,74.75,fuel,VN,1,3.61,0,0
T102871,2025-06-14 16:13:00,C1145,9.44,gaming,VN,0,12.79,2,0
T103348,2025-06-14 16:39:00,C1042,21.69,restaurant,VN,0,17.23,0,0
T104207,2025-06-14 16:44:00,C1089,17.93,gaming,VN,1,8.46,1,0
T102184,2025-06-14 17:03:00,C1169,215.56,clothing,VN,1,4.9,0,0
T102575,2025-06-14 17:22:00,C1016,25.2,restaurant,VN,0,7.61,1,0
T104622,2025-06-14 17:37:00,C1230,15.68,grocery,VN,1,5.95,0,0
T102154,2025-06-14 17:39:00,C1388,23.9,restaurant,VN,1,4.1,0,0
T100252,2025-06-14 17:50:00,C1238,27.84,clothing,VN,0,14.39,2,0
T102037,2025-06-14 17:58:00,C1030,10.05,pharmacy,VN,1,2.95,1,0
T100752,2025-06-14 18:19:00,C1149,58.21,grocery,VN,1,1.85,0,0
T101264,2025-06-14 18:19:00,C1113,20.28,clothing,VN,1,19.59,0,0
T104853,2025-06-14 18:19:00,C1110,64.2,travel,VN,1,12.54,1,0
T104316,2025-06-14 18:25:00,C1327,16.99,pharmacy,VN,1,8.46,0,0
T100625,2025-06-14 18:28:00,C1085,5.37,pharmacy,VN,1,62.88,0,0
T104999,2025-06-14 18:30:00,C1278,22.52,fuel,VN,1,11.27,0,0
T100794,2025-06-14 18:34:00,C1224,30.92,fuel,VN,1,9.54,0,0
T100718,2025-06-14 18:36:00,C1052,35.89,travel,VN,0,18.0,0,0
T105161,2025-06-14 18:48:00,C1067,31.15,restaurant,VN,0,3.24,1,0
T102763,2025-06-14 19:03:00,C1037,17.76,clothing,VN,0,6.56,0,0
T100010,2025-06-14 19:15:00,C1207,17.13,electronics,VN,1,11.46,1,0
T103078,2025-06-14 19:18:00,C1395,31.46,travel,VN,1,2.57,0,0
T103172,2025-06-14 19:18:00,C1060,21.1,clothing,VN,1,11.95,0,0
T105889,2025-06-14 19:18:00,C1022,25.92,gaming,VN,1,3.82,0,0
T104252,2025-06-14 19:32:00,C1252,9.81,clothing,VN,1,2.62,1,0
T102297,2025-06-14 19:34:00,C1051,19.12,restaurant,VN,1,3.02,3,0
T103634,2025-06-14 19:36:00,C1236,30.49,restaurant,VN,0,2.61,0,0
T100020,2025-06-14 19:40:00,C1236,21.39,travel,VN,0,9.51,0,0
T103296,2025-06-14 20:24:00,C1041,22.82,pharmacy,VN,1,2.91,0,0
T100991,2025-06-14 21:26:00,C1358,23.36,restaurant,BR,1,4.44,0,0
T102280,2025-06-14 22:05:00,C1168,10.13,travel,VN,1,15.0,1,0
T102389,2025-06-14 22:05:00,C1088,86.91,clothing,VN,0,5.51,0,0
T104407,2025-06-14 22:14:00,C1244,10.29,gaming,VN,0,14.06,0,0
T101115,2025-06-14 22:28:00,C1188,32.33,gaming,VN,0,9.26,0,0
T105035,2025-06-14 22:41:00,C1299,23.29,clothing,VN,1,4.96,0,0
T101763,2025-06-14 22:57:00,C1160,30.11,travel,VN,1,16.5,0,0
T101293,2025-06-14 23:15:00,C1298,17.05,gaming,VN,1,42.15,2,0
T103899,2025-06-15 01:59:00,C1162,9.68,fuel,VN,1,0.17,2,0
T105556,2025-06-15 02:35:00,C1014,6.99,electronics,VN,0,23.29,2,0
T104816,2025-06-15 03:44:00,C1186,11.35,grocery,VN,1,0.83,0,0
T102367,2025-06-15 04:51:00,C1239,13.57,grocery,VN,1,3.59,1,0
T101473,2025-06-15 04:54:00,C1158,43.87,electronics,VN,0,32.14,0,0
T102882,2025-06-15 05:16:00,C1326,11.7,pharmacy,VN,0,2.15,0,0
T100370,2025-06-15 05:29:00,C1337,7.5,gaming,VN,1,20.92,0,0
T100762,2025-06-15 05:53:00,C1346,9.82,grocery,VN,1,5.05,0,0
T103980,2025-06-15 06:08:00,C1240,17.58,gaming,VN,1,11.5,0,0
T103934,2025-06-15 07:23:00,C1073,44.49,grocery,VN,0,4.4,0,0
T102830,2025-06-15 07:28:00,C1134,18.8,pharmacy,VN,1,0.94,2,0
T101302,2025-06-15 07:42:00,C1241,22.79,travel,VN,0,17.4,0,0
T105817,2025-06-15 07:48:00,C1094,7.02,restaurant,VN,1,9.92,0,0
T102352,2025-06-15 08:02:00,C1356,11.51,clothing,VN,0,0.76,0,0
T101063,2025-06-15 08:24:00,C1181,23.48,travel,VN,1,10.06,0,0
T105271,2025-06-15 08:26:00,C1210,71.98,travel,VN,0,48.19,0,0
T102850,2025-06-15 08:35:00,C1329,12.68,electronics,VN,1,3.24,0,0
T101254,2025-06-15 08:43:00,C1241,101.79,travel,VN,0,4.21,0,0
T105621,2025-06-15 08:56:00,C1362,180.23,pharmacy,VN,0,4.56,0,0
T100636,2025-06-15 08:59:00,C1248,40.0,grocery,VN,1,6.19,0,0
T104208,2025-06-15 09:31:00,C1241,7.41,pharmacy,VN,1,1.73,0,0
T101953,2025-06-15 09:32:00,C1123,8.19,restaurant,VN,0,94.33,1,0
T100431,2025-06-15 09:35:00,C1295,64.22,pharmacy,VN,0,2.88,0,0
T103954,2025-06-15 09:38:00,C1194,22.02,clothing,VN,0,2.22,0,0
T102040,2025-06-15 09:46:00,C1065,139.92,clothing,VN,1,1.1,1,0
T105101,2025-06-15 10:22:00,C1391,31.08,restaurant,VN,0,7.88,0,0
T100879,2025-06-15 10:23:00,C1038,36.81,grocery,VN,1,16.52,0,0
T102838,2025-06-15 10:51:00,C1191,94.35,grocery,VN,0,10.65,0,0
T103072,2025-06-15 10:51:00,C1013,31.09,electronics,VN,0,9.31,0,0
T100726,2025-06-15 10:53:00,C1217,27.0,grocery,VN,1,14.81,3,0
T100510,2025-06-15 11:03:00,C1193,17.74,pharmacy,VN,1,3.17,0,0
T100793,2025-06-15 11:03:00,C1066,11.4,pharmacy,VN,1,46.21,0,0
T104718,2025-06-15 11:03:00,C1012,20.72,gaming,VN,0,24.15,0,0
T104082,2025-06-15 11:11:00,C1023,27.49,grocery,VN,0,7.08,0,0
T100123,2025-06-15 11:15:00,C1192,102.36,gaming,VN,1,5.67,0,0
T105174,2025-06-15 11:40:00,C1184,19.04,grocery,VN,1,4.16,1,0
T101449,2025-06-15 11:53:00,C1292,17.04,travel,VN,1,7.09,1,0
T101954,2025-06-15 12:19:00,C1057,55.32,restaurant,VN,1,7.16,0,0
T104028,2025-06-15 12:50:00,C1354,77.08,restaurant,VN,1,20.42,1,0
T103135,2025-06-15 12:59:00,C1274,79.13,restaurant,VN,0,2.07,0,0
T105750,2025-06-15 12:59:00,C1186,36.51,grocery,VN,1,2.9,0,0
T100954,2025-06-15 13:02:00,C1154,17.96,grocery,VN,1,11.25,0,0
T104586,2025-06-15 13:02:00,C1264,43.19,fuel,VN,1,13.38,0,0
T104673,2025-06-15 13:02:00,C1137,18.7,fuel,VN,1,2.85,0,0
T102799,2025-06-15 13:04:00,C1192,41.73,restaurant,VN,1,2.76,0,0
T102583,2025-06-15 13:05:00,C1128,29.73,gaming,VN,1,1.44,0,0
T100519,2025-06-15 13:15:00,C1177,26.28,travel,VN,0,19.18,2,0
T105883,2025-06-15 13:25:00,C1329,5.69,restaurant,VN,0,0.29,0,0
T100507,2025-06-15 13:28:00,C1133,24.4,pharmacy,VN,0,2.14,1,0
T104390,2025-06-15 13:29:00,C1241,16.77,travel,VN,1,8.47,0,0
T102028,2025-06-15 13:44:00,C1084,15.53,travel,VN,0,16.37,0,0
T101447,2025-06-15 13:50:00,C1397,25.37,gaming,VN,0,4.84,1,0
T101407,2025-06-15 13:51:00,C1299,8.46,restaurant,VN,1,0.68,0,0
T101245,2025-06-15 14:44:00,C1393,13.99,pharmacy,VN,1,3.47,1,0
T104322,2025-06-15 14:54:00,C1011,20.69,restaurant,VN,1,6.31,0,0
T104714,2025-06-15 15:11:00,C1388,15.42,pharmacy,VN,1,130.59,0,0
T105956,2025-06-15 15:18:00,C1103,44.03,restaurant,VN,1,9.04,0,0
T103069,2025-06-15 15:27:00,C1104,13.66,restaurant,VN,0,12.62,0,0
T105326,2025-06-15 15:28:00,C1311,97.09,pharmacy,VN,0,12.31,3,0
T104807,2025-06-15 15:45:00,C1018,63.52,travel,VN,1,27.33,1,0
T105549,2025-06-15 15:51:00,C1193,20.66,restaurant,VN,0,17.78,1,0
T103631,2025-06-15 16:09:00,C1043,11.87,gaming,VN,0,4.58,1,0
T101120,2025-06-15 16:20:00,C1253,17.32,grocery,VN,0,3.35,0,0
T102108,2025-06-15 16:20:00,C1151,33.62,pharmacy,VN,1,9.83,0,0
T103833,2025-06-15 16:38:00,C1385,81.09,electronics,VN,1,1.73,0,0
T103603,2025-06-15 16:43:00,C1369,8.65,restaurant,VN,0,1.04,0,0
T103387,2025-06-15 16:52:00,C1394,42.52,grocery,VN,0,6.94,0,0
T105131,2025-06-15 16:54:00,C1141,33.5,grocery,VN,1,6.77,0,0
T103018,2025-06-15 17:14:00,C1385,25.1,electronics,VN,1,7.6,1,0
T102134,2025-06-15 17:33:00,C1143,16.34,fuel,VN,1,1.08,1,0
T103556,2025-06-15 17:34:00,C1344,33.11,clothing,VN,1,7.84,2,0
T104052,2025-06-15 17:34:00,C1267,23.89,travel,VN,1,9.55,2,0
T105916,2025-06-15 18:01:00,C1028,46.12,restaurant,VN,1,17.82,0,0
T105703,2025-06-15 18:05:00,C1179,5.81,restaurant,VN,0,9.24,0,0
T102356,2025-06-15 18:06:00,C1189,23.92,pharmacy,VN,1,6.57,0,0
T103100,2025-06-15 18:08:00,C1147,5.2,travel,VN,1,6.97,1,0
T101560,2025-06-15 18:27:00,C1370,20.5,grocery,VN,0,4.92,1,0
T102594,2025-06-15 19:06:00,C1244,5.48,fuel,VN,1,18.98,0,0
T105476,2025-06-15 19:08:00,C1081,9.24,fuel,VN,0,20.94,2,0
T105581,2025-06-15 19:11:00,C1144,34.95,gaming,VN,1,13.54,0,0
T102496,2025-06-15 19:22:00,C1088,79.95,travel,VN,1,8.58,0,0
T103369,2025-06-15 19:47:00,C1386,42.01,travel,VN,1,27.06,1,0
T100298,2025-06-15 19:55:00,C1030,16.41,electronics,VN,1,15.79,0,0
T103492,2025-06-15 20:20:00,C1190,77.17,electronics,VN,0,2.64,0,0
T103364,2025-06-15 20:31:00,C1155,27.03,travel,VN,1,134.6,0,0
T100594,2025-06-15 20:51:00,C1221,10.19,pharmacy,VN,1,24.95,0,0
T101409,2025-06-15 21:33:00,C1029,42.34,clothing,VN,0,26.47,3,0
T102754,2025-06-15 21:44:00,C1067,37.31,pharmacy,VN,1,5.9,2,0
T101739,2025-06-15 21:45:00,C1216,46.16,fuel,VN,1,1.17,2,0
T102213,2025-06-15 21:47:00,C1030,113.0,travel,VN,0,3.74,3,0
T102459,2025-06-15 22:30:00,C1186,13.35,electronics,BR,0,24.83,0,0
T103127,2025-06-15 23:05:00,C1030,21.46,pharmacy,VN,0,21.07,2,0
T102326,2025-06-15 23:07:00,C1330,62.92,restaurant,VN,0,14.68,0,0
T103116,2025-06-15 23:34:00,C1236,18.84,pharmacy,VN,1,1.79,0,0
T101103,2025-06-16 00:36:00,C1138,97.03,travel,GB,0,0.35,5,1
T100699,2025-06-16 02:18:00,C1168,49.79,grocery,VN,0,24.75,1,0
T105325,2025-06-16 02:36:00,C1116,21.01,travel,VN,0,13.0,0,0
T105198,2025-06-16 03:43:00,C1173,44.1,restaurant,VN,1,7.29,1,0
T100332,2025-06-16 05:00:00,C1322,19.19,travel,VN,1,3.1,0,0
T105081,2025-06-16 05:37:00,C1323,47.21,fuel,VN,1,13.14,1,0
T101126,2025-06-16 05:42:00,C1204,71.14,gaming,VN,0,5.13,1,0
T101761,2025-06-16 05:43:00,C1139,32.17,electronics,VN,1,10.1,0,0
T100899,2025-06-16 06:40:00,C1039,16.48,gaming,VN,0,32.66,1,0
T102219,2025-06-16 07:08:00,C1167,60.16,gaming,VN,1,10.84,2,0
T105707,2025-06-16 07:30:00,C1295,40.33,grocery,VN,1,5.28,0,0
T104580,2025-06-16 07:34:00,C1175,26.67,clothing,US,1,19.35,0,0
T103187,2025-06-16 08:03:00,C1126,45.27,travel,VN,0,25.75,3,0
T105456,2025-06-16 08:11:00,C1217,36.43,electronics,VN,0,8.58,1,0
T105638,2025-06-16 08:27:00,C1218,28.43,grocery,VN,0,124.17,0,0
T103939,2025-06-16 08:28:00,C1140,102.37,electronics,VN,1,64.61,0,0
T100940,2025-06-16 08:34:00,C1344,32.13,pharmacy,VN,1,2.73,0,0
T101844,2025-06-16 08:39:00,C1381,35.5,grocery,VN,1,20.66,1,0
T102862,2025-06-16 08:43:00,C1365,45.87,electronics,VN,1,5.94,0,0
T101781,2025-06-16 08:44:00,C1063,20.39,pharmacy,VN,1,4.06,1,0
T101748,2025-06-16 08:46:00,C1398,92.12,clothing,VN,0,6.25,0,0
T105105,2025-06-16 08:59:00,C1173,4.87,restaurant,VN,1,5.65,0,0
T102343,2025-06-16 09:05:00,C1378,20.15,restaurant,VN,0,1.45,1,0
T105601,2025-06-16 09:07:00,C1360,32.67,gaming,VN,0,1.3,0,0
T102904,2025-06-16 09:13:00,C1398,39.19,restaurant,VN,1,5.25,0,0
T103223,2025-06-16 09:19:00,C1102,13.28,gaming,VN,1,29.04,0,0
T100293,2025-06-16 09:22:00,C1133,30.36,pharmacy,VN,1,10.52,0,0
T104775,2025-06-16 09:24:00,C1059,25.67,restaurant,VN,1,12.98,1,0
T102758,2025-06-16 09:32:00,C1308,15.79,restaurant,BR,1,9.34,1,0
T100188,2025-06-16 09:43:00,C1146,8.01,fuel,VN,0,6.94,1,0
T105773,2025-06-16 09:57:00,C1360,18.81,pharmacy,VN,1,3.85,2,0
T100496,2025-06-16 10:16:00,C1173,40.27,pharmacy,VN,1,1.42,0,0
T101494,2025-06-16 10:22:00,C1251,58.62,restaurant,NG,0,28.74,1,0
T101054,2025-06-16 10:28:00,C1127,9.76,pharmacy,VN,1,14.74,0,0
T100561,2025-06-16 10:29:00,C1383,44.72,gaming,VN,1,22.39,1,0
T101036,2025-06-16 10:43:00,C1152,44.48,grocery,VN,1,3.18,0,0
T104916,2025-06-16 10:47:00,C1302,65.12,restaurant,VN,1,19.36,0,0
T104956,2025-06-16 11:07:00,C1194,15.22,electronics,VN,1,2.13,1,0
T101702,2025-06-16 11:48:00,C1227,20.01,electronics,VN,1,1.47,0,0
T102978,2025-06-16 11:55:00,C1344,6.46,restaurant,VN,0,4.18,0,0
T101733,2025-06-16 12:06:00,C1096,58.98,grocery,VN,1,84.74,2,0
T101337,2025-06-16 12:09:00,C1218,19.05,gaming,VN,0,3.64,2,0
T100760,2025-06-16 12:39:00,C1274,35.5,travel,VN,1,16.69,1,0
T104572,2025-06-16 12:40:00,C1133,51.83,gaming,VN,1,13.95,1,0
T104838,2025-06-16 12:45:00,C1008,24.69,grocery,VN,1,13.52,1,0
T104444,2025-06-16 12:48:00,C1125,95.14,electronics,VN,0,0.17,0,0
T104826,2025-06-16 12:50:00,C1241,8.89,travel,VN,1,6.08,1,0
T101630,2025-06-16 12:55:00,C1313,44.47,fuel,VN,0,3.76,0,0
T103478,2025-06-16 13:30:00,C1009,19.97,gaming,US,0,22.29,1,0
T102234,2025-06-16 14:00:00,C1133,13.93,fuel,VN,1,6.79,1,0
T102463,2025-06-16 14:03:00,C1386,5.87,gaming,VN,1,6.59,1,0
T104267,2025-06-16 14:28:00,C1213,84.72,electronics,JP,1,2.56,0,0
T100120,2025-06-16 14:49:00,C1228,29.39,electronics,VN,0,7.4,0,0
T100406,2025-06-16 15:17:00,C1397,30.23,gaming,VN,1,2.99,0,0
T102765,2025-06-16 15:33:00,C1382,4.43,pharmacy,VN,1,17.14,0,0
T103652,2025-06-16 15:39:00,C1361,9.23,pharmacy,VN,1,28.64,3,0
T104765,2025-06-16 15:53:00,C1124,61.94,fuel,VN,1,0.94,1,0
T100314,2025-06-16 15:55:00,C1397,13.81,fuel,VN,0,26.11,0,0
T105435,2025-06-16 16:38:00,C1263,13.8,fuel,VN,1,1.53,0,0
T103308,2025-06-16 16:49:00,C1247,69.81,travel,VN,0,14.06,0,0
T101155,2025-06-16 16:54:00,C1240,19.52,restaurant,VN,0,7.89,1,0
T100900,2025-06-16 17:04:00,C1323,47.83,grocery,VN,0,9.27,2,0
T105020,2025-06-16 17:15:00,C1025,12.42,electronics,VN,0,3.35,1,0
T104993,2025-06-16 17:30:00,C1156,12.55,pharmacy,US,0,7.98,0,0
T105445,2025-06-16 17:41:00,C1031,11.87,pharmacy,VN,1,3.56,1,0
T103716,2025-06-16 17:46:00,C1189,21.92,travel,VN,1,35.32,1,0
T102068,2025-06-16 17:54:00,C1225,20.48,restaurant,VN,1,11.9,2,0
T101142,2025-06-16 18:18:00,C1357,14.61,gaming,VN,1,1.29,0,0
T104254,2025-06-16 18:26:00,C1272,15.27,gaming,VN,0,2.26,1,0
T101557,2025-06-16 18:27:00,C1339,9.71,fuel,VN,1,3.84,0,0
T101992,2025-06-16 18:29:00,C1143,51.24,fuel,VN,1,5.56,0,0
T103694,2025-06-16 18:33:00,C1319,3.51,grocery,VN,1,1.1,0,0
T101590,2025-06-16 18:51:00,C1233,85.11,pharmacy,VN,1,11.08,0,0
T102270,2025-06-16 18:55:00,C1318,10.0,fuel,VN,1,3.87,0,0
T102601,2025-06-16 19:00:00,C1315,12.0,gaming,VN,0,8.15,0,0
T105482,2025-06-16 19:11:00,C1356,11.79,travel,VN,0,4.49,0,0
T102053,2025-06-16 19:12:00,C1351,37.52,pharmacy,VN,1,1.3,0,0
T104343,2025-06-16 19:32:00,C1084,14.82,pharmacy,VN,1,4.81,1,0
T103251,2025-06-16 19:52:00,C1056,53.82,grocery,VN,0,22.26,1,0
T105033,2025-06-16 19:52:00,C1225,40.96,clothing,VN,0,13.62,0,0
T102016,2025-06-16 20:19:00,C1020,163.45,gaming,VN,0,4.97,0,0
T105258,2025-06-16 20:20:00,C1001,66.56,grocery,VN,1,3.09,0,0
T102447,2025-06-16 20:22:00,C1183,41.53,clothing,VN,1,9.22,0,0
T105141,2025-06-16 20:29:00,C1380,5.65,grocery,VN,1,3.7,0,0
T103967,2025-06-16 20:31:00,C1266,13.07,clothing,VN,0,11.22,0,0
T104720,2025-06-16 20:36:00,C1198,20.32,gaming,VN,1,23.14,0,0
T100411,2025-06-16 20:59:00,C1133,143.95,electronics,VN,0,13.37,1,0
T105206,2025-06-16 21:33:00,C1110,18.88,pharmacy,VN,1,2.68,1,0
T103583,2025-06-16 21:34:00,C1177,9.0,clothing,VN,1,4.36,1,0
T105691,2025-06-16 21:49:00,C1348,16.04,gaming,VN,0,1.7,0,0
T102817,2025-06-16 21:58:00,C1275,7.7,fuel,VN,1,2.29,0,0
T102248,2025-06-16 22:07:00,C1204,25.25,pharmacy,VN,0,2.79,0,0
T103047,2025-06-16 22:08:00,C1115,11.29,electronics,VN,1,3.7,3,0
T103107,2025-06-16 22:21:00,C1011,6.12,electronics,VN,0,34.44,0,0
T104774,2025-06-16 22:41:00,C1002,41.98,fuel,VN,0,16.52,0,0
T105345,2025-06-16 22:42:00,C1094,181.91,travel,VN,0,0.69,1,1
T100915,2025-06-16 23:45:00,C1226,2.02,electronics,VN,1,2.14,1,0
T101598,2025-06-17 04:47:00,C1088,17.91,gaming,VN,0,18.71,1,0
T101874,2025-06-17 05:07:00,C1389,9.41,electronics,VN,0,4.75,2,0
T101389,2025-06-17 05:24:00,C1233,7.97,clothing,VN,0,20.2,0,0
T100318,2025-06-17 05:25:00,C1238,11.83,travel,VN,0,5.63,1,0
T103802,2025-06-17 06:12:00,C1362,45.88,grocery,VN,1,6.75,0,0
T101591,2025-06-17 06:16:00,C1060,18.26,grocery,VN,1,3.64,1,0
T105861,2025-06-17 06:21:00,C1294,10.01,gaming,VN,1,33.29,0,0
T104894,2025-06-17 06:28:00,C1142,18.02,restaurant,VN,1,1.09,1,0
T104839,2025-06-17 06:44:00,C1041,46.68,fuel,VN,1,53.67,1,0
T103139,2025-06-17 07:00:00,C1328,14.37,pharmacy,VN,1,13.06,2,0
T103450,2025-06-17 07:01:00,C1332,37.54,pharmacy,JP,1,7.96,0,0
T103065,2025-06-17 07:02:00,C1308,29.32,pharmacy,VN,1,1.42,0,0
T105240,2025-06-17 07:13:00,C1309,110.19,electronics,VN,0,135.41,0,0
T101179,2025-06-17 07:24:00,C1385,39.0,clothing,VN,0,48.49,0,0
T102998,2025-06-17 07:37:00,C1190,43.48,clothing,VN,1,15.88,1,0
T103291,2025-06-17 07:46:00,C1335,83.56,restaurant,VN,0,4.46,0,0
T103350,2025-06-17 08:25:00,C1244,51.98,grocery,VN,1,2.11,1,0
T100990,2025-06-17 08:27:00,C1212,5.41,electronics,VN,1,30.01,0,0
T102807,2025-06-17 08:33:00,C1383,23.11,pharmacy,VN,0,4.46,0,0
T101093,2025-06-17 08:44:00,C1222,8.77,travel,VN,1,32.98,1,0
T103730,2025-06-17 08:51:00,C1338,21.36,grocery,VN,1,5.62,0,0
T105411,2025-06-17 08:51:00,C1293,30.7,gaming,VN,1,5.45,1,0
T100880,2025-06-17 08:53:00,C1180,99.67,clothing,VN,1,7.39,0,0
T101864,2025-06-17 09:13:00,C1284,8.12,grocery,VN,0,17.69,0,0
T100924,2025-06-17 09:29:00,C1203,25.71,pharmacy,VN,1,2.89,1,0
T102313,2025-06-17 09:31:00,C1110,6.38,pharmacy,VN,1,10.42,0,0
T104228,2025-06-17 09:50:00,C1051,35.17,grocery,VN,1,9.56,0,0
T102202,2025-06-17 09:51:00,C1217,44.26,restaurant,VN,1,9.03,0,0
T100804,2025-06-17 10:24:00,C1186,10.58,restaurant,VN,0,1.18,0,0
T105852,2025-06-17 10:36:00,C1000,37.31,gaming,VN,0,8.62,0,0
T103751,2025-06-17 10:49:00,C1373,22.16,electronics,VN,0,4.73,0,0
T101439,2025-06-17 10:50:00,C1198,60.33,electronics,VN,1,4.54,0,0
T105814,2025-06-17 10:56:00,C1119,9.42,travel,VN,1,38.7,0,0
T102691,2025-06-17 11:14:00,C1314,21.65,electronics,VN,1,17.83,1,0
T104732,2025-06-17 11:20:00,C1182,24.53,fuel,VN,1,3.87,2,0
T101744,2025-06-17 11:35:00,C1223,20.81,fuel,VN,1,4.8,0,0
T105926,2025-06-17 12:04:00,C1324,9.1,fuel,VN,1,19.61,0,0
T101443,2025-06-17 12:07:00,C1291,32.48,fuel,VN,1,6.24,0,0
T101652,2025-06-17 12:12:00,C1097,6.76,grocery,VN,0,2.39,0,0
T103577,2025-06-17 12:14:00,C1021,11.67,restaurant,VN,0,1.17,0,0
T103784,2025-06-17 12:19:00,C1383,51.18,fuel,VN,1,5.09,1,0
T100066,2025-06-17 12:38:00,C1012,19.54,clothing,VN,1,4.12,0,0
T104588,2025-06-17 12:45:00,C1309,34.61,grocery,VN,1,11.42,0,0
T101153,2025-06-17 13:01:00,C1110,52.66,electronics,VN,1,3.33,2,0
T100394,2025-06-17 13:10:00,C1158,9.86,clothing,VN,1,2.97,0,0
T100945,2025-06-17 13:20:00,C1380,59.27,travel,VN,1,31.0,1,0
T103338,2025-06-17 13:25:00,C1238,15.52,restaurant,US,1,5.06,0,0
T101111,2025-06-17 13:33:00,C1105,5.92,grocery,VN,0,3.49,1,0
T105111,2025-06-17 13:34:00,C1344,16.91,restaurant,VN,1,13.96,0,0
T102148,2025-06-17 13:57:00,C1148,43.14,fuel,VN,1,18.14,0,0
T103835,2025-06-17 13:58:00,C1282,19.14,grocery,VN,0,8.15,0,0
T101297,2025-06-17 14:02:00,C1256,7.2,grocery,VN,1,0.75,0,0
T105993,2025-06-17 14:18:00,C1205,21.87,travel,VN,0,7.14,0,0
T104964,2025-06-17 14:20:00,C1045,46.24,clothing,VN,1,8.35,1,0
T100618,2025-06-17 14:32:00,C1120,2.53,clothing,VN,1,4.26,0,0
T102067,2025-06-17 14:34:00,C1312,19.0,pharmacy,VN,0,55.58,0,0
T103792,2025-06-17 14:44:00,C1304,54.48,pharmacy,VN,0,48.47,0,0
T100720,2025-06-17 14:57:00,C1083,21.04,travel,VN,0,5.92,1,0
T104085,2025-06-17 15:07:00,C1004,8.47,electronics,VN,0,13.87,1,0
T105044,2025-06-17 15:19:00,C1367,21.93,electronics,VN,0,37.19,0,0
T101218,2025-06-17 15:46:00,C1151,17.65,clothing,VN,1,14.03,0,0
T104479,2025-06-17 15:46:00,C1384,41.47,electronics,VN,1,32.81,0,0
T101893,2025-06-17 15:47:00,C1086,18.81,travel,VN,0,22.97,0,0
T105977,2025-06-17 15:51:00,C1324,27.66,electronics,VN,1,10.8,2,0
T102519,2025-06-17 15:56:00,C1349,8.32,restaurant,VN,0,1.11,1,0
T102940,2025-06-17 16:01:00,C1296,5.15,restaurant,VN,0,2.24,2,0
T102808,2025-06-17 16:06:00,C1303,27.94,pharmacy,VN,0,5.89,0,0
T100065,2025-06-17 16:07:00,C1005,62.21,grocery,VN,1,2.67,1,0
T101368,2025-06-17 16:07:00,C1081,8.34,gaming,VN,1,3.89,1,0
T104587,2025-06-17 16:19:00,C1295,12.68,fuel,VN,1,13.16,0,0
T101942,2025-06-17 16:31:00,C1224,31.23,restaurant,VN,1,2.0,0,0
T102169,2025-06-17 16:32:00,C1323,74.7,grocery,VN,0,4.91,0,0
T104256,2025-06-17 16:33:00,C1175,21.69,electronics,VN,0,3.63,0,0
T105313,2025-06-17 16:46:00,C1317,18.96,electronics,VN,0,3.25,0,0
T105761,2025-06-17 16:51:00,C1270,40.64,electronics,VN,0,17.98,0,0
T102449,2025-06-17 17:00:00,C1303,20.41,travel,VN,0,58.69,1,0
T102710,2025-06-17 17:05:00,C1079,92.01,pharmacy,VN,0,1.22,0,0
T105347,2025-06-17 17:20:00,C1113,19.33,fuel,VN,0,1.74,0,0
T101810,2025-06-17 17:23:00,C1313,17.19,electronics,VN,0,45.46,0,0
T102517,2025-06-17 17:24:00,C1274,40.6,clothing,VN,1,7.07,1,0
T105755,2025-06-17 17:44:00,C1283,40.69,fuel,VN,1,21.83,2,0
T105006,2025-06-17 18:02:00,C1172,27.24,pharmacy,VN,0,40.39,0,0
T101227,2025-06-17 18:16:00,C1044,3.73,pharmacy,VN,0,0.65,0,0
T101680,2025-06-17 18:42:00,C1305,11.23,pharmacy,VN,1,3.13,0,0
T103381,2025-06-17 18:52:00,C1033,54.37,electronics,VN,0,12.3,0,0
T105039,2025-06-17 18:54:00,C1085,3.34,restaurant,BR,1,48.13,0,0
T104698,2025-06-17 19:06:00,C1323,32.65,fuel,VN,1,23.69,1,0
T100509,2025-06-17 19:14:00,C1356,47.33,pharmacy,VN,0,14.38,1,0
T101138,2025-06-17 19:20:00,C1294,14.03,electronics,VN,0,4.12,0,0
T104750,2025-06-17 19:27:00,C1063,9.83,pharmacy,VN,1,17.53,1,0
T100124,2025-06-17 19:36:00,C1118,32.03,grocery,VN,0,5.83,1,0
T104451,2025-06-17 19:46:00,C1163,26.31,travel,VN,1,25.87,1,0
T104088,2025-06-17 19:48:00,C1041,54.06,fuel,VN,0,40.55,0,0
T103799,2025-06-17 20:09:00,C1290,69.63,fuel,VN,1,10.01,1,0
T101840,2025-06-17 20:19:00,C1171,2.58,electronics,VN,0,26.68,0,0
T104642,2025-06-17 21:02:00,C1038,54.04,electronics,VN,1,3.36,0,0
T103435,2025-06-17 21:10:00,C1233,54.65,electronics,VN,1,12.88,0,0
T101184,2025-06-17 21:20:00,C1229,9.98,electronics,VN,1,7.76,3,0
T102857,2025-06-17 21:25:00,C1065,17.69,clothing,VN,0,8.43,0,0
T103825,2025-06-17 21:29:00,C1026,8.27,grocery,VN,0,0.77,1,0
T105877,2025-06-17 21:41:00,C1049,11.33,grocery,VN,0,22.24,0,0
T104515,2025-06-17 21:52:00,C1060,37.05,fuel,VN,0,3.96,1,0
T101888,2025-06-17 21:58:00,C1088,5.75,restaurant,VN,1,6.09,1,0
T103031,2025-06-17 22:04:00,C1369,95.1,pharmacy,VN,1,2.4,0,0
T103487,2025-06-17 22:33:00,C1053,13.35,travel,VN,0,10.75,0,0
T100729,2025-06-17 22:50:00,C1265,34.03,fuel,VN,1,28.48,1,0
T103741,2025-06-18 00:03:00,C1209,12.97,clothing,US,1,29.22,0,0
T103883,2025-06-18 04:47:00,C1240,86.97,pharmacy,VN,0,2.51,2,0
T105510,2025-06-18 05:46:00,C1043,16.5,gaming,VN,1,15.64,1,0
T102435,2025-06-18 06:03:00,C1219,17.7,pharmacy,VN,1,6.92,0,0
T100333,2025-06-18 06:40:00,C1030,95.81,pharmacy,VN,1,3.11,1,0
T101521,2025-06-18 07:02:00,C1256,75.25,electronics,VN,0,1.66,0,0
T100957,2025-06-18 07:03:00,C1103,130.47,electronics,VN,1,5.43,2,0
T100821,2025-06-18 07:37:00,C1150,9.58,pharmacy,VN,0,110.1,0,0
T101131,2025-06-18 07:37:00,C1283,20.85,grocery,VN,0,0.91,0,0
T104932,2025-06-18 07:41:00,C1275,60.99,fuel,US,0,2.94,3,0
T102095,2025-06-18 07:52:00,C1043,69.37,pharmacy,VN,0,10.0,1,0
T101588,2025-06-18 08:12:00,C1177,36.23,electronics,VN,1,14.81,0,0
T104202,2025-06-18 08:18:00,C1206,29.59,travel,VN,0,5.14,0,0
T105526,2025-06-18 08:25:00,C1170,10.59,restaurant,VN,1,25.6,2,0
T100851,2025-06-18 08:30:00,C1008,23.84,clothing,VN,0,5.59,0,0
T102770,2025-06-18 08:36:00,C1239,177.01,pharmacy,VN,1,9.8,3,0
T104682,2025-06-18 08:42:00,C1299,14.72,travel,SG,0,8.86,1,0
T105763,2025-06-18 08:52:00,C1341,57.37,electronics,VN,1,4.2,0,0
T103466,2025-06-18 09:04:00,C1275,21.31,gaming,VN,0,0.49,0,0
T103727,2025-06-18 09:06:00,C1201,60.86,clothing,VN,1,25.6,0,0
T105151,2025-06-18 09:33:00,C1331,19.93,grocery,VN,0,6.65,2,0
T100474,2025-06-18 09:40:00,C1108,14.38,clothing,VN,0,5.72,1,0
T103999,2025-06-18 10:32:00,C1381,2.69,clothing,VN,1,38.25,1,0
T100571,2025-06-18 10:33:00,C1022,5.03,restaurant,VN,0,6.59,0,0
T102252,2025-06-18 10:36:00,C1062,39.42,fuel,VN,1,7.23,0,0
T101429,2025-06-18 10:43:00,C1047,10.2,restaurant,VN,0,42.74,0,0
T100511,2025-06-18 10:55:00,C1079,23.9,restaurant,VN,0,4.52,0,0
T100557,2025-06-18 11:04:00,C1212,4.03,gaming,VN,1,26.13,0,0
T105382,2025-06-18 11:20:00,C1038,51.14,gaming,BR,1,26.48,2,0
T102564,2025-06-18 11:23:00,C1131,9.87,fuel,VN,1,13.68,0,0
T100737,2025-06-18 11:35:00,C1051,24.82,restaurant,VN,1,38.75,0,0
T104334,2025-06-18 11:42:00,C1071,28.38,grocery,VN,1,9.31,0,0
T105678,2025-06-18 11:51:00,C1188,21.83,travel,VN,1,7.89,1,0
T105776,2025-06-18 11:55:00,C1019,36.1,pharmacy,VN,0,3.52,0,0
T100640,2025-06-18 12:27:00,C1280,66.63,gaming,VN,0,6.07,0,0
T103546,2025-06-18 12:28:00,C1003,38.89,gaming,VN,1,5.71,1,0
T105686,2025-06-18 12:34:00,C1379,17.44,clothing,VN,1,5.96,0,0
T104970,2025-06-18 13:09:00,C1075,41.25,gaming,VN,0,9.82,1,0
T100612,2025-06-18 13:39:00,C1375,20.64,gaming,VN,0,0.93,1,0
T102481,2025-06-18 13:41:00,C1214,18.77,grocery,US,0,5.24,1,0
T105440,2025-06-18 13:43:00,C1105,27.78,electronics,VN,0,27.58,0,0
T103940,2025-06-18 13:46:00,C1295,14.08,travel,VN,0,10.92,0,0
T104681,2025-06-18 14:10:00,C1293,29.25,clothing,VN,1,4.1,0,0
T101647,2025-06-18 14:11:00,C1042,46.38,electronics,VN,1,0.81,0,0
T102080,2025-06-18 14:27:00,C1381,11.22,restaurant,VN,1,3.05,1,0
T100350,2025-06-18 15:10:00,C1140,13.43,restaurant,VN,1,12.81,0,0
T102156,2025-06-18 15:22:00,C1024,22.66,pharmacy,VN,1,8.89,0,0
T100852,2025-06-18 15:32:00,C1162,59.53,travel,VN,1,18.9,2,0
T102242,2025-06-18 15:39:00,C1047,15.91,travel,VN,0,5.49,1,0
T104427,2025-06-18 15:39:00,C1292,12.79,grocery,VN,0,5.8,0,0
T101487,2025-06-18 16:09:00,C1046,18.91,restaurant,RU,1,32.19,0,0
T105667,2025-06-18 16:10:00,C1073,3.13,travel,VN,1,3.52,1,0
T100109,2025-06-18 16:13:00,C1331,7.22,clothing,VN,1,18.15,0,0
T105171,2025-06-18 16:43:00,C1164,12.15,restaurant,VN,1,6.62,0,0
T101239,2025-06-18 16:44:00,C1229,12.27,electronics,VN,1,2.25,1,0
T100383,2025-06-18 16:45:00,C1025,66.33,gaming,VN,1,3.36,1,0
T104359,2025-06-18 16:49:00,C1152,25.67,travel,VN,1,26.5,0,0
T101019,2025-06-18 16:55:00,C1232,53.46,fuel,VN,1,22.51,2,0
T100024,2025-06-18 16:57:00,C1009,64.75,gaming,VN,1,16.53,1,0
T101587,2025-06-18 16:57:00,C1134,106.63,electronics,VN,0,16.92,0,0
T102325,2025-06-18 16:57:00,C1185,16.73,travel,VN,1,13.17,2,0
T100240,2025-06-18 17:00:00,C1385,18.59,clothing,VN,1,5.05,0,0
T102411,2025-06-18 17:01:00,C1355,47.77,grocery,VN,1,0.69,0,0
T101896,2025-06-18 17:21:00,C1107,41.25,travel,VN,0,3.83,0,0
T104692,2025-06-18 17:44:00,C1326,141.18,gaming,VN,1,4.54,1,0
T102061,2025-06-18 17:56:00,C1126,12.28,grocery,VN,0,24.23,1,0
T103260,2025-06-18 17:56:00,C1015,20.27,clothing,VN,1,96.19,0,0
T100622,2025-06-18 18:00:00,C1178,7.24,restaurant,VN,1,1.47,2,0
T100621,2025-06-18 18:06:00,C1026,5.46,travel,VN,0,33.29,0,0
T100942,2025-06-18 18:06:00,C1255,35.04,travel,VN,1,42.81,0,0
T100512,2025-06-18 18:07:00,C1065,36.1,gaming,GB,1,8.95,0,0
T105589,2025-06-18 18:13:00,C1169,15.54,pharmacy,VN,1,5.1,1,0
T103520,2025-06-18 18:18:00,C1111,12.17,electronics,VN,1,29.53,2,0
T100021,2025-06-18 18:22:00,C1374,37.82,travel,GB,1,170.9,0,0
T102178,2025-06-18 18:43:00,C1126,12.18,restaurant,VN,1,3.29,0,0
T102385,2025-06-18 18:48:00,C1165,41.33,clothing,VN,0,6.94,1,0
T103890,2025-06-18 19:02:00,C1277,9.74,gaming,VN,1,2.37,0,0
T101649,2025-06-18 19:03:00,C1335,18.96,gaming,VN,0,3.71,0,0
T102714,2025-06-18 19:07:00,C1104,19.76,gaming,VN,1,25.17,1,0
T103582,2025-06-18 19:14:00,C1213,11.34,fuel,VN,1,1.71,1,0
T105214,2025-06-18 19:19:00,C1391,27.02,travel,VN,1,2.05,0,0
T105439,2025-06-18 19:23:00,C1035,35.28,travel,VN,1,6.62,0,0
T105521,2025-06-18 19:26:00,C1344,42.35,fuel,VN,1,2.22,0,0
T100869,2025-06-18 19:34:00,C1388,195.1,pharmacy,VN,1,3.48,0,0
T100270,2025-06-18 19:38:00,C1221,17.13,clothing,VN,1,54.08,0,0
T101793,2025-06-18 20:01:00,C1043,21.01,pharmacy,VN,1,5.86,0,0
T103419,2025-06-18 20:40:00,C1224,20.18,gaming,VN,1,19.78,0,0
T100925,2025-06-18 20:44:00,C1117,26.21,travel,VN,1,10.65,2,0
T104888,2025-06-18 20:45:00,C1159,15.27,electronics,VN,0,10.28,0,0
T101640,2025-06-18 21:26:00,C1087,6.64,grocery,VN,0,10.6,0,0
T103540,2025-06-18 21:45:00,C1367,15.92,fuel,VN,1,3.45,1,0
T105628,2025-06-18 22:23:00,C1215,5.89,electronics,VN,1,2.37,0,0
T100857,2025-06-18 22:32:00,C1372,33.37,electronics,VN,0,5.19,1,0
T105576,2025-06-18 22:58:00,C1201,21.56,fuel,VN,0,2.69,0,0
T101374,2025-06-18 23:40:00,C1041,13.15,clothing,VN,1,140.96,0,0
T103739,2025-06-18 23:52:00,C1031,7.46,fuel,VN,1,12.81,2,0
T103641,2025-06-19 00:30:00,C1038,71.61,gaming,VN,1,13.65,0,0
T103410,2025-06-19 00:32:00,C1399,17.73,restaurant,VN,1,39.31,0,0
T102920,2025-06-19 00:34:00,C1045,22.49,grocery,VN,1,5.59,1,0
T103244,2025-06-19 01:14:00,C1271,220.06,gaming,VN,1,7.53,0,0
T103976,2025-06-19 01:15:00,C1223,3.07,travel,VN,0,29.12,0,0
T102752,2025-06-19 04:35:00,C1295,48.69,electronics,VN,1,8.25,0,0
T103837,2025-06-19 06:18:00,C1352,25.41,fuel,VN,0,10.94,0,0
T101059,2025-06-19 06:26:00,C1334,39.49,restaurant,VN,0,153.19,0,0
T101402,2025-06-19 07:03:00,C1106,17.62,grocery,VN,1,30.82,1,0
T103640,2025-06-19 07:03:00,C1271,6.57,restaurant,VN,1,2.91,0,0
T101478,2025-06-19 07:40:00,C1115,8.06,pharmacy,VN,0,5.61,2,0
T103152,2025-06-19 07:48:00,C1154,19.78,gaming,VN,1,1.34,0,0
T104893,2025-06-19 07:50:00,C1090,14.01,clothing,VN,1,2.25,0,0
T102892,2025-06-19 07:53:00,C1295,5.76,clothing,VN,0,6.85,1,0
T105148,2025-06-19 07:59:00,C1088,10.7,grocery,VN,1,18.13,0,0
T105309,2025-06-19 08:03:00,C1145,10.78,clothing,VN,1,3.71,0,0
T102454,2025-06-19 08:13:00,C1271,131.32,restaurant,VN,1,2.12,0,0
T101932,2025-06-19 08:21:00,C1282,4.87,fuel,VN,1,11.66,0,0
T101144,2025-06-19 08:50:00,C1349,16.82,fuel,VN,1,5.43,3,0
T102792,2025-06-19 08:50:00,C1370,2.13,restaurant,VN,0,4.13,0,0
T102785,2025-06-19 08:53:00,C1121,18.0,gaming,VN,0,3.86,0,0
T100926,2025-06-19 09:00:00,C1305,14.97,grocery,VN,1,12.36,0,0
T101345,2025-06-19 09:46:00,C1128,69.48,restaurant,VN,1,2.4,0,0
T103302,2025-06-19 09:48:00,C1398,9.41,gaming,VN,0,6.79,0,0
T105059,2025-06-19 10:11:00,C1085,35.9,clothing,VN,1,4.44,0,0
T102035,2025-06-19 10:33:00,C1269,21.0,electronics,VN,0,3.64,1,0
T104506,2025-06-19 10:53:00,C1298,19.77,pharmacy,VN,1,20.61,0,0
T104013,2025-06-19 10:54:00,C1006,41.82,gaming,BR,0,6.38,0,0
T105158,2025-06-19 11:10:00,C1345,51.24,restaurant,VN,0,4.03,3,0
T101601,2025-06-19 11:11:00,C1209,59.47,fuel,VN,1,29.77,1,0
T102022,2025-06-19 11:37:00,C1249,33.73,grocery,VN,1,12.71,0,0
T105484,2025-06-19 11:37:00,C1204,39.46,gaming,VN,0,41.31,1,0
T100179,2025-06-19 11:54:00,C1307,90.6,pharmacy,VN,1,12.69,1,0
T105165,2025-06-19 12:37:00,C1195,5.09,electronics,VN,0,2.66,3,0
T101914,2025-06-19 12:46:00,C1328,7.58,fuel,VN,1,5.4,0,0
T105348,2025-06-19 13:00:00,C1216,23.15,travel,VN,1,6.52,1,0
T100832,2025-06-19 13:35:00,C1120,16.53,fuel,GB,1,32.43,0,0
T100530,2025-06-19 13:48:00,C1177,5.76,fuel,RU,1,16.77,0,0
T104655,2025-06-19 13:58:00,C1090,21.31,clothing,VN,1,8.44,0,0
T101940,2025-06-19 13:59:00,C1221,25.32,pharmacy,VN,0,4.07,0,0
T103489,2025-06-19 14:12:00,C1252,46.6,electronics,VN,1,180.58,1,0
T103331,2025-06-19 14:17:00,C1369,8.93,clothing,VN,1,92.16,0,0
T103886,2025-06-19 14:20:00,C1073,29.8,electronics,US,1,21.18,1,0
T105100,2025-06-19 14:25:00,C1060,32.7,electronics,VN,1,9.04,1,0
T101899,2025-06-19 14:34:00,C1344,46.35,grocery,VN,0,4.1,0,0
T103475,2025-06-19 14:35:00,C1370,87.12,clothing,VN,0,20.77,0,0
T103885,2025-06-19 14:58:00,C1137,8.81,travel,VN,1,3.4,0,0
T103498,2025-06-19 15:15:00,C1081,18.8,pharmacy,VN,0,20.44,1,0
T100684,2025-06-19 15:21:00,C1128,14.92,electronics,VN,1,20.14,0,0
T103916,2025-06-19 15:31:00,C1237,14.51,electronics,VN,1,5.13,0,0
T103968,2025-06-19 15:43:00,C1081,7.91,restaurant,NG,0,8.53,1,0
T103703,2025-06-19 15:53:00,C1191,29.29,pharmacy,VN,1,7.28,0,0
T100189,2025-06-19 15:55:00,C1233,3.58,fuel,VN,0,28.21,0,0
T105449,2025-06-19 16:02:00,C1004,21.81,gaming,VN,1,3.96,1,0
T103306,2025-06-19 16:15:00,C1024,5.57,restaurant,VN,0,2.2,0,0
T104593,2025-06-19 16:31:00,C1339,11.1,pharmacy,VN,1,20.05,0,0
T103587,2025-06-19 16:42:00,C1081,19.13,electronics,VN,0,0.34,3,1
T103333,2025-06-19 16:45:00,C1324,11.58,restaurant,VN,1,4.81,0,0
T100722,2025-06-19 17:00:00,C1057,38.72,pharmacy,VN,0,4.56,0,0
T102442,2025-06-19 17:22:00,C1358,16.59,pharmacy,VN,1,43.81,0,0
T101471,2025-06-19 17:41:00,C1209,36.38,travel,VN,0,30.52,3,0
T100548,2025-06-19 17:45:00,C1201,37.56,grocery,VN,0,2.56,1,0
T105690,2025-06-19 18:14:00,C1068,35.21,fuel,VN,1,15.98,1,0
T104098,2025-06-19 18:19:00,C1389,38.93,clothing,VN,0,2.38,0,0
T105104,2025-06-19 18:26:00,C1209,41.3,travel,VN,1,1.48,2,0
T104855,2025-06-19 18:31:00,C1218,20.31,gaming,JP,0,45.6,1,0
T105179,2025-06-19 18:36:00,C1076,11.47,gaming,VN,0,15.96,0,0
T104124,2025-06-19 18:43:00,C1104,10.89,restaurant,VN,0,1.33,1,0
T101726,2025-06-19 18:48:00,C1129,6.4,clothing,VN,1,4.25,0,0
T102856,2025-06-19 19:18:00,C1301,7.36,travel,VN,1,4.58,2,0
T103821,2025-06-19 19:31:00,C1231,190.0,grocery,VN,0,15.26,0,0
T100185,2025-06-19 19:45:00,C1294,10.65,gaming,VN,0,0.99,1,0
T102044,2025-06-19 20:04:00,C1238,8.3,restaurant,VN,1,9.57,0,0
T100438,2025-06-19 20:10:00,C1182,32.15,travel,VN,1,45.77,0,0
T104589,2025-06-19 20:32:00,C1357,30.46,travel,VN,0,5.44,1,0
T101094,2025-06-19 20:34:00,C1104,27.65,restaurant,VN,0,22.34,1,0
T101509,2025-06-19 20:49:00,C1065,24.82,pharmacy,VN,0,37.56,1,0
T103452,2025-06-19 20:50:00,C1184,36.68,electronics,VN,1,103.59,0,0
T105519,2025-06-19 21:16:00,C1317,71.2,electronics,VN,0,0.6,0,0
T105371,2025-06-19 21:26:00,C1262,9.81,electronics,VN,0,21.16,0,0
T105688,2025-06-19 21:37:00,C1313,7.43,clothing,VN,1,9.76,2,0
T105743,2025-06-19 22:04:00,C1309,18.62,clothing,VN,1,2.82,0,0
T103422,2025-06-19 22:15:00,C1057,78.13,grocery,VN,1,5.42,0,0
T102013,2025-06-19 22:28:00,C1133,12.52,grocery,VN,1,15.47,2,0
T100145,2025-06-19 23:04:00,C1000,29.29,grocery,VN,1,21.46,1,0
T104023,2025-06-20 00:10:00,C1337,39.53,pharmacy,VN,0,3.17,0,0
T100175,2025-06-20 01:28:00,C1398,48.56,pharmacy,VN,0,10.09,0,0
T100224,2025-06-20 01:37:00,C1068,14.87,gaming,VN,1,7.22,1,0
T105822,2025-06-20 03:42:00,C1336,46.74,travel,VN,1,14.45,0,0
T103230,2025-06-20 04:43:00,C1313,3.69,clothing,VN,1,2.65,0,0
T101325,2025-06-20 05:38:00,C1371,36.82,restaurant,VN,1,28.6,0,0
T103871,2025-06-20 05:55:00,C1084,10.26,restaurant,VN,1,11.03,2,0
T101766,2025-06-20 06:10:00,C1366,18.61,travel,VN,1,4.44,2,0
T104968,2025-06-20 06:16:00,C1260,21.94,grocery,VN,0,3.6,0,0
T104777,2025-06-20 06:30:00,C1249,15.05,travel,VN,0,15.18,0,0
T104227,2025-06-20 06:33:00,C1152,42.42,restaurant,VN,1,2.67,0,0
T101592,2025-06-20 06:35:00,C1035,17.16,travel,VN,1,1.9,2,0
T101025,2025-06-20 08:18:00,C1043,21.57,grocery,VN,1,5.22,0,0
T105798,2025-06-20 08:25:00,C1335,10.37,clothing,VN,1,0.4,0,0
T105856,2025-06-20 08:41:00,C1113,12.0,electronics,VN,1,9.79,2,0
T105575,2025-06-20 09:02:00,C1233,15.69,clothing,VN,0,17.9,0,0
T104149,2025-06-20 09:08:00,C1294,37.93,clothing,VN,1,7.87,0,0
T104201,2025-06-20 09:09:00,C1347,26.06,travel,VN,1,14.46,3,0
T105758,2025-06-20 09:16:00,C1035,6.27,gaming,VN,0,91.88,0,0
T100831,2025-06-20 09:23:00,C1148,15.73,travel,VN,0,8.69,0,0
T105644,2025-06-20 09:49:00,C1381,16.84,electronics,VN,1,8.25,0,0
T103548,2025-06-20 09:52:00,C1303,25.54,gaming,VN,1,6.6,0,0
T101605,2025-06-20 10:06:00,C1091,20.92,clothing,VN,0,6.87,0,0
T102247,2025-06-20 10:19:00,C1058,32.16,grocery,VN,1,24.08,0,0
T101347,2025-06-20 10:49:00,C1282,6.68,pharmacy,GB,1,4.58,2,0
T100371,2025-06-20 10:57:00,C1102,5.22,clothing,VN,1,60.43,0,0
T100168,2025-06-20 11:53:00,C1287,9.72,restaurant,VN,1,4.84,1,0
T101799,2025-06-20 12:03:00,C1149,17.51,restaurant,VN,0,40.94,0,0
T100213,2025-06-20 12:04:00,C1370,13.51,grocery,VN,1,22.01,0,0
T102608,2025-06-20 12:08:00,C1397,74.33,restaurant,VN,1,11.64,0,0
T103517,2025-06-20 12:10:00,C1190,11.91,gaming,VN,0,0.77,0,0
T100013,2025-06-20 12:15:00,C1183,302.84,fuel,VN,0,36.47,0,0
T101797,2025-06-20 12:46:00,C1192,24.55,fuel,BR,1,19.89,2,0
T104418,2025-06-20 12:58:00,C1134,99.64,pharmacy,VN,1,4.13,1,0
T102946,2025-06-20 12:59:00,C1226,18.69,restaurant,VN,0,6.0,2,0
T101372,2025-06-20 13:00:00,C1047,11.08,restaurant,VN,1,11.19,0,0
T102282,2025-06-20 13:03:00,C1017,46.09,grocery,VN,0,20.85,0,0
T104695,2025-06-20 13:08:00,C1365,36.22,pharmacy,VN,0,2.89,0,0
T101498,2025-06-20 13:27:00,C1204,14.09,grocery,VN,1,17.78,0,0
T100545,2025-06-20 13:53:00,C1385,38.61,fuel,VN,1,10.39,1,0
T103678,2025-06-20 13:54:00,C1260,24.44,fuel,RU,0,4.91,0,0
T101171,2025-06-20 14:01:00,C1007,54.65,pharmacy,VN,1,35.52,1,0
T104640,2025-06-20 14:05:00,C1079,29.16,restaurant,VN,1,12.98,2,0
T101330,2025-06-20 14:09:00,C1102,9.74,travel,VN,1,5.77,0,0
T100909,2025-06-20 14:15:00,C1397,6.51,grocery,VN,1,3.29,0,0
T100149,2025-06-20 14:17:00,C1184,20.54,grocery,VN,1,25.18,1,0
T102349,2025-06-20 14:17:00,C1180,52.04,grocery,VN,0,3.91,0,0
T104881,2025-06-20 14:33:00,C1334,45.44,fuel,VN,0,122.29,2,0
T104223,2025-06-20 14:35:00,C1169,19.5,travel,VN,0,5.7,0,0
T105481,2025-06-20 15:08:00,C1199,8.79,grocery,VN,1,4.91,0,0
T102066,2025-06-20 15:30:00,C1006,15.12,travel,VN,1,15.12,0,0
T100379,2025-06-20 15:33:00,C1280,38.61,fuel,VN,0,14.03,0,0
T103762,2025-06-20 15:57:00,C1360,25.35,electronics,VN,0,2.55,0,0
T103992,2025-06-20 16:11:00,C1282,16.64,electronics,VN,0,1.16,6,1
T103570,2025-06-20 16:12:00,C1241,37.45,gaming,VN,0,8.02,2,0
T102130,2025-06-20 16:18:00,C1251,5.39,electronics,VN,0,13.4,1,0
T102832,2025-06-20 16:22:00,C1016,53.73,gaming,VN,0,2.21,0,0
T105904,2025-06-20 16:29:00,C1146,80.31,travel,VN,0,2.01,0,0
T103438,2025-06-20 16:54:00,C1319,21.87,restaurant,VN,1,10.6,1,0
T101125,2025-06-20 16:56:00,C1347,5.08,gaming,VN,1,15.59,1,0
T103253,2025-06-20 16:59:00,C1114,6.08,travel,VN,1,11.01,2,0
T100007,2025-06-20 17:04:00,C1371,37.52,gaming,VN,1,5.45,1,0
T101436,2025-06-20 17:07:00,C1080,67.24,grocery,VN,1,17.48,0,0
T103755,2025-06-20 17:38:00,C1067,15.43,grocery,VN,1,2.41,3,0
T105184,2025-06-20 17:53:00,C1061,74.92,fuel,VN,0,6.65,0,0
T101901,2025-06-20 17:54:00,C1083,23.91,pharmacy,VN,0,6.4,2,0
T105821,2025-06-20 18:02:00,C1247,34.37,fuel,VN,0,7.34,0,0
T103049,2025-06-20 18:04:00,C1384,14.09,travel,VN,1,1.71,0,0
T101043,2025-06-20 18:05:00,C1176,24.07,pharmacy,VN,0,33.96,1,0
T104347,2025-06-20 18:15:00,C1168,6.66,pharmacy,VN,0,13.35,0,0
T100401,2025-06-20 18:21:00,C1126,30.45,pharmacy,VN,0,1.66,2,0
T104599,2025-06-20 18:27:00,C1068,21.83,grocery,RU,1,4.16,1,0
T102246,2025-06-20 19:09:00,C1224,62.26,fuel,VN,1,1.9,0,0
T100220,2025-06-20 19:22:00,C1011,10.8,gaming,VN,0,11.9,0,0
T102693,2025-06-20 19:29:00,C1227,22.54,gaming,VN,1,40.61,1,0
T102933,2025-06-20 19:37:00,C1194,16.37,grocery,VN,0,2.59,0,0
T100420,2025-06-20 19:38:00,C1005,22.44,travel,VN,1,20.1,0,0
T104196,2025-06-20 19:47:00,C1039,29.67,fuel,VN,1,37.84,0,0
T101895,2025-06-20 19:51:00,C1332,18.38,gaming,VN,0,70.49,1,0
T104457,2025-06-20 19:52:00,C1060,13.16,restaurant,VN,1,4.29,0,0
T100430,2025-06-20 20:26:00,C1117,10.89,clothing,VN,0,9.1,0,0
T102915,2025-06-20 20:36:00,C1386,15.55,restaurant,VN,1,6.57,0,0
T100098,2025-06-20 20:42:00,C1154,64.36,pharmacy,VN,1,18.81,0,0
T105149,2025-06-20 20:52:00,C1396,8.9,restaurant,VN,1,3.37,0,0
T101271,2025-06-20 20:57:00,C1308,18.13,restaurant,BR,0,4.09,0,0
T101170,2025-06-20 20:58:00,C1201,20.5,electronics,VN,0,6.78,1,0
T101017,2025-06-20 20:59:00,C1061,22.45,fuel,VN,0,4.12,1,0
T105612,2025-06-20 21:41:00,C1169,22.12,clothing,RU,1,8.9,1,0
T104114,2025-06-20 22:21:00,C1043,21.26,clothing,VN,0,42.35,1,0
T100897,2025-06-20 22:27:00,C1330,294.53,fuel,JP,0,0.2,2,1
T100833,2025-06-20 23:03:00,C1224,22.68,restaurant,VN,1,1.88,1,0
T103781,2025-06-20 23:17:00,C1242,37.25,grocery,VN,1,8.44,0,0
T105675,2025-06-20 23:26:00,C1070,4.92,travel,VN,1,2.45,0,0
T100890,2025-06-20 23:29:00,C1043,48.83,pharmacy,US,0,10.36,0,0
T104019,2025-06-20 23:29:00,C1359,31.08,restaurant,VN,0,2.94,0,0
T102378,2025-06-20 23:37:00,C1013,46.7,travel,VN,1,9.52,2,0
T103998,2025-06-20 23:44:00,C1317,23.47,restaurant,VN,1,1.39,0,0
T103324,2025-06-21 00:07:00,C1140,182.29,travel,VN,0,0.61,3,1
T103511,2025-06-21 00:19:00,C1206,85.31,electronics,SG,0,9.85,0,0
T103019,2025-06-21 00:24:00,C1169,21.66,electronics,VN,1,24.38,1,0
T100826,2025-06-21 01:06:00,C1020,63.32,gaming,VN,0,3.37,4,1
T102444,2025-06-21 02:16:00,C1147,4.21,electronics,VN,0,33.18,1,0
T104366,2025-06-21 03:09:00,C1348,58.83,restaurant,VN,0,2.31,0,0
T103133,2025-06-21 05:42:00,C1138,27.86,fuel,VN,1,13.34,1,0
T100403,2025-06-21 05:43:00,C1158,11.19,grocery,VN,0,1.14,0,0
T101045,2025-06-21 06:10:00,C1225,22.76,gaming,VN,0,8.29,1,0
T101868,2025-06-21 06:14:00,C1323,9.93,fuel,VN,1,19.02,1,0
T105293,2025-06-21 07:01:00,C1315,232.03,grocery,VN,0,0.16,1,1
T102185,2025-06-21 07:08:00,C1357,37.08,clothing,JP,0,11.25,0,0
T100700,2025-06-21 07:15:00,C1320,18.81,electronics,VN,1,8.51,1,0
T104474,2025-06-21 07:44:00,C1160,84.66,restaurant,VN,0,9.79,0,0
T101432,2025-06-21 08:03:00,C1072,20.31,restaurant,VN,0,1.87,0,0
T104958,2025-06-21 08:11:00,C1355,55.21,fuel,VN,0,27.64,1,0
T103421,2025-06-21 08:23:00,C1360,11.36,pharmacy,VN,1,2.58,1,0
T105732,2025-06-21 08:51:00,C1377,32.81,restaurant,VN,1,12.08,0,0
T100644,2025-06-21 08:52:00,C1030,32.46,gaming,VN,0,47.12,1,0
T100528,2025-06-21 08:53:00,C1386,8.95,restaurant,BR,0,23.41,0,0
T103679,2025-06-21 09:06:00,C1241,8.41,pharmacy,VN,1,10.28,3,0
T103066,2025-06-21 09:10:00,C1260,9.18,restaurant,JP,0,2.12,1,0
T104982,2025-06-21 09:13:00,C1084,18.83,pharmacy,VN,0,23.56,0,0
T103151,2025-06-21 09:22:00,C1155,6.23,pharmacy,VN,1,9.6,0,0
T103388,2025-06-21 09:26:00,C1199,20.92,restaurant,VN,1,5.7,0,0
T103787,2025-06-21 09:43:00,C1144,3.4,fuel,VN,1,29.13,0,0
T105913,2025-06-21 09:48:00,C1098,18.84,travel,VN,0,18.39,1,0
T100346,2025-06-21 09:57:00,C1384,29.35,pharmacy,NG,0,3.91,0,0
T100632,2025-06-21 10:12:00,C1117,15.48,electronics,VN,1,35.84,0,0
T102579,2025-06-21 10:16:00,C1396,22.67,pharmacy,GB,0,5.18,0,0
T105300,2025-06-21 10:30:00,C1057,26.62,grocery,VN,1,23.23,0,0
T101742,2025-06-21 10:42:00,C1277,151.69,pharmacy,VN,1,29.38,0,0
T101554,2025-06-21 10:49:00,C1123,65.93,electronics,VN,1,2.76,1,0
T102229,2025-06-21 11:08:00,C1051,5.98,restaurant,VN,1,4.72,2,0
T103010,2025-06-21 11:30:00,C1227,104.83,restaurant,VN,0,11.83,0,0
T103044,2025-06-21 11:32:00,C1105,35.74,restaurant,VN,1,0.84,1,0
T103412,2025-06-21 11:33:00,C1083,18.59,travel,VN,1,3.18,0,0
T103462,2025-06-21 11:47:00,C1053,44.21,pharmacy,VN,1,3.62,2,0
T101469,2025-06-21 11:52:00,C1240,140.51,electronics,VN,0,34.39,1,0
T102931,2025-06-21 11:53:00,C1303,16.86,gaming,VN,0,1.0,0,0
T101823,2025-06-21 11:59:00,C1155,14.98,restaurant,JP,1,2.04,0,0
T103001,2025-06-21 12:00:00,C1128,21.44,gaming,VN,1,0.97,0,0
T105574,2025-06-21 12:02:00,C1388,20.87,grocery,VN,1,16.17,0,0
T102967,2025-06-21 12:09:00,C1122,32.64,pharmacy,VN,1,21.17,0,0
T104296,2025-06-21 12:17:00,C1273,11.6,fuel,VN,1,12.94,1,0
T105654,2025-06-21 12:34:00,C1136,10.17,electronics,VN,1,3.04,1,0
T105705,2025-06-21 12:39:00,C1331,24.14,gaming,VN,1,2.93,2,0
T100978,2025-06-21 12:54:00,C1106,191.7,pharmacy,VN,1,19.11,0,0
T105919,2025-06-21 13:02:00,C1005,40.05,travel,VN,1,16.42,0,0
T101686,2025-06-21 13:16:00,C1396,71.72,restaurant,VN,1,0.96,1,0
T105172,2025-06-21 13:23:00,C1263,41.07,grocery,VN,0,3.89,0,0
T100277,2025-06-21 13:25:00,C1284,57.74,fuel,VN,0,25.46,0,0
T100753,2025-06-21 13:54:00,C1293,25.4,grocery,VN,0,8.42,1,0
T104556,2025-06-21 14:05:00,C1045,67.12,restaurant,VN,1,13.17,3,0
T105334,2025-06-21 14:14:00,C1107,105.93,pharmacy,VN,0,4.93,1,0
T102456,2025-06-21 14:25:00,C1394,12.18,clothing,VN,0,23.94,0,0
T103877,2025-06-21 14:26:00,C1077,77.93,restaurant,VN,0,12.41,1,0
T102029,2025-06-21 14:42:00,C1073,7.04,gaming,VN,0,3.0,0,0
T101228,2025-06-21 14:59:00,C1057,3.39,clothing,VN,0,1.03,0,0
T105625,2025-06-21 15:05:00,C1218,13.36,fuel,VN,0,0.3,0,0
T101872,2025-06-21 15:29:00,C1329,70.27,grocery,VN,1,10.0,0,0
T105409,2025-06-21 15:38:00,C1161,25.05,restaurant,VN,1,9.78,2,0
T103461,2025-06-21 15:47:00,C1082,8.53,clothing,VN,1,28.46,0,0
T102681,2025-06-21 15:56:00,C1033,28.79,clothing,VN,0,2.99,0,0
T102087,2025-06-21 16:02:00,C1269,24.7,restaurant,VN,0,2.67,0,0
T104292,2025-06-21 16:07:00,C1132,11.83,clothing,VN,1,23.91,3,0
T101472,2025-06-21 16:15:00,C1369,51.1,clothing,VN,1,3.54,0,0
T101242,2025-06-21 16:57:00,C1015,7.41,electronics,VN,0,11.59,0,0
T105823,2025-06-21 17:16:00,C1338,20.72,gaming,VN,0,6.25,0,0
T105717,2025-06-21 17:17:00,C1192,344.49,gaming,NG,0,0.45,4,1
T105738,2025-06-21 17:24:00,C1290,45.98,clothing,VN,1,3.64,2,0
T102238,2025-06-21 17:49:00,C1219,37.41,gaming,VN,1,1.97,1,0
T105585,2025-06-21 17:51:00,C1129,26.38,gaming,VN,0,5.28,0,0
T105559,2025-06-21 17:57:00,C1352,60.28,restaurant,VN,1,2.05,0,0
T102286,2025-06-21 18:08:00,C1023,14.21,grocery,VN,1,10.42,0,0
T103186,2025-06-21 18:09:00,C1074,15.26,clothing,VN,1,0.84,1,0
T105906,2025-06-21 18:11:00,C1360,10.72,pharmacy,VN,1,1.71,0,0
T103872,2025-06-21 18:28:00,C1288,19.64,electronics,VN,1,0.62,1,0
T102050,2025-06-21 18:30:00,C1092,53.92,restaurant,VN,1,19.87,0,0
T103473,2025-06-21 18:38:00,C1141,5.34,restaurant,VN,1,24.41,1,0
T100865,2025-06-21 18:43:00,C1241,16.63,grocery,VN,1,3.85,0,0
T104502,2025-06-21 18:48:00,C1350,14.4,travel,VN,1,4.55,0,0
T105377,2025-06-21 18:56:00,C1005,7.45,clothing,VN,0,11.18,0,0
T102629,2025-06-21 19:10:00,C1311,41.79,clothing,VN,1,17.29,1,0
T105012,2025-06-21 19:51:00,C1188,33.05,grocery,VN,1,16.03,0,0
T103561,2025-06-21 19:58:00,C1328,133.21,gaming,VN,0,53.28,3,0
T100460,2025-06-21 20:08:00,C1146,21.74,electronics,SG,1,56.63,3,0
T101912,2025-06-21 20:11:00,C1256,11.64,electronics,VN,0,36.91,0,0
T102207,2025-06-21 20:14:00,C1143,41.98,restaurant,VN,0,28.71,0,0
T105532,2025-06-21 20:29:00,C1048,8.91,restaurant,VN,1,4.46,1,0
T102722,2025-06-21 20:30:00,C1123,41.76,travel,VN,0,9.71,0,0
T105582,2025-06-21 20:46:00,C1093,29.5,restaurant,VN,1,16.42,2,0
T105661,2025-06-21 20:46:00,C1074,48.67,restaurant,VN,0,10.51,1,0
T105487,2025-06-21 20:58:00,C1008,4.25,grocery,VN,1,41.55,0,0
T103977,2025-06-21 21:07:00,C1161,16.65,clothing,VN,1,9.88,0,0
T101530,2025-06-22 00:26:00,C1162,9.09,clothing,VN,1,2.18,2,0
T100090,2025-06-22 02:11:00,C1175,7.97,pharmacy,VN,1,3.38,0,0
T103590,2025-06-22 03:52:00,C1147,66.61,gaming,SG,0,1.68,3,1
T102612,2025-06-22 04:57:00,C1166,15.17,travel,VN,1,25.77,0,0
T104044,2025-06-22 05:04:00,C1321,6.38,electronics,VN,1,21.58,2,0
T102075,2025-06-22 05:30:00,C1013,70.35,pharmacy,VN,1,4.24,0,0
T101201,2025-06-22 05:49:00,C1091,20.45,pharmacy,VN,1,10.11,0,0
T100936,2025-06-22 06:17:00,C1292,56.74,restaurant,NG,1,2.41,0,0
T105805,2025-06-22 06:33:00,C1267,30.15,pharmacy,VN,1,2.63,0,0
T103311,2025-06-22 07:15:00,C1001,54.2,fuel,VN,0,75.41,1,0
T105493,2025-06-22 07:20:00,C1179,14.22,clothing,VN,1,25.12,0,0
T104884,2025-06-22 07:42:00,C1348,22.63,grocery,VN,0,46.36,0,0
T104250,2025-06-22 07:46:00,C1020,50.88,pharmacy,VN,0,74.32,0,0
T100554,2025-06-22 08:09:00,C1346,33.05,clothing,VN,1,5.85,0,0
T102129,2025-06-22 08:31:00,C1135,35.59,gaming,VN,0,1.48,0,0
T102534,2025-06-22 08:37:00,C1304,17.82,electronics,VN,1,7.71,0,0
T103444,2025-06-22 08:58:00,C1044,45.64,pharmacy,VN,0,12.5,0,0
T105181,2025-06-22 09:06:00,C1343,6.44,grocery,VN,0,17.25,0,0
T101829,2025-06-22 09:08:00,C1207,13.52,restaurant,VN,1,2.63,0,0
T100839,2025-06-22 09:11:00,C1019,5.52,travel,VN,0,6.65,0,0
T105200,2025-06-22 09:14:00,C1321,12.81,restaurant,VN,1,2.84,0,0
T100898,2025-06-22 09:19:00,C1124,32.01,travel,VN,0,1.68,1,0
T102916,2025-06-22 09:20:00,C1171,7.48,restaurant,BR,1,9.1,0,0
T104255,2025-06-22 09:21:00,C1148,11.68,gaming,VN,0,17.4,0,0
T101569,2025-06-22 09:23:00,C1002,33.91,gaming,VN,1,7.65,0,0
T105604,2025-06-22 09:31:00,C1136,43.07,clothing,VN,1,35.01,1,0
T102869,2025-06-22 09:38:00,C1057,21.67,electronics,VN,0,5.01,3,0
T103566,2025-06-22 09:40:00,C1115,53.29,electronics,BR,0,16.5,1,0
T100317,2025-06-22 09:41:00,C1246,34.19,fuel,VN,1,8.59,2,0
T101005,2025-06-22 09:53:00,C1051,51.82,travel,VN,0,9.17,0,0
T100467,2025-06-22 09:56:00,C1357,125.15,electronics,VN,1,27.1,1,0
T101157,2025-06-22 10:00:00,C1231,14.69,restaurant,VN,0,12.64,0,0
T100312,2025-06-22 10:02:00,C1224,78.74,pharmacy,VN,0,28.11,0,0
T103574,2025-06-22 10:13:00,C1229,10.42,pharmacy,VN,1,5.13,0,0
T105113,2025-06-22 10:17:00,C1258,8.66,clothing,VN,0,5.71,0,0
T102712,2025-06-22 10:57:00,C1334,10.68,pharmacy,SG,1,1.96,0,0
T100535,2025-06-22 11:15:00,C1129,9.91,gaming,VN,1,39.1,0,0
T102731,2025-06-22 11:17:00,C1046,3.42,pharmacy,VN,0,39.78,2,0
T101536,2025-06-22 11:33:00,C1063,129.46,gaming,VN,1,75.9,0,0
T100996,2025-06-22 11:39:00,C1000,22.56,restaurant,VN,0,3.65,0,0
T105650,2025-06-22 11:52:00,C1205,27.82,restaurant,VN,0,1.38,0,0
T104730,2025-06-22 12:21:00,C1030,36.37,restaurant,VN,1,133.59,0,0
T103300,2025-06-22 12:31:00,C1377,14.63,fuel,VN,1,18.39,0,0
T104361,2025-06-22 12:33:00,C1286,26.03,grocery,VN,1,5.83,0,0
T103042,2025-06-22 12:48:00,C1270,50.74,electronics,VN,0,2.8,1,0
T105696,2025-06-22 12:57:00,C1382,9.45,clothing,VN,1,88.44,1,0
T104073,2025-06-22 12:58:00,C1126,33.77,pharmacy,VN,1,36.04,0,0
T105275,2025-06-22 13:01:00,C1069,10.64,restaurant,VN,1,2.33,0,0
T101738,2025-06-22 13:07:00,C1330,5.34,clothing,VN,1,1.24,0,0
T104297,2025-06-22 13:19:00,C1374,14.22,restaurant,VN,1,7.24,1,0
T104000,2025-06-22 13:23:00,C1245,45.32,travel,VN,0,11.87,0,0
T102561,2025-06-22 13:25:00,C1010,101.9,gaming,VN,0,23.27,0,0
T104357,2025-06-22 13:47:00,C1057,19.17,clothing,VN,0,8.08,2,0
T104979,2025-06-22 13:54:00,C1246,31.29,restaurant,SG,1,26.67,0,0
T101219,2025-06-22 13:56:00,C1054,11.23,restaurant,VN,1,55.75,0,0
T104520,2025-06-22 14:03:00,C1261,109.68,restaurant,VN,1,3.46,0,0
T103630,2025-06-22 14:30:00,C1193,49.48,clothing,VN,1,1.06,0,0
T103198,2025-06-22 14:49:00,C1229,47.48,electronics,VN,1,11.66,1,0
T100792,2025-06-22 14:52:00,C1308,3.35,gaming,VN,0,4.76,0,0
T103849,2025-06-22 15:09:00,C1301,11.18,travel,VN,0,9.4,0,0
T105995,2025-06-22 15:21:00,C1137,46.56,electronics,SG,1,11.45,3,0
T100596,2025-06-22 15:24:00,C1200,13.09,pharmacy,VN,0,35.56,0,0
T105986,2025-06-22 15:26:00,C1100,18.28,travel,VN,0,33.02,1,0
T102480,2025-06-22 15:47:00,C1288,16.96,clothing,VN,0,1.44,2,0
T105772,2025-06-22 15:50:00,C1201,18.36,restaurant,VN,0,3.54,0,0
T100199,2025-06-22 15:52:00,C1089,2.63,grocery,VN,1,4.05,2,0
T105295,2025-06-22 16:01:00,C1131,36.29,clothing,VN,1,22.38,0,0
T100470,2025-06-22 16:53:00,C1204,9.07,grocery,VN,0,3.23,1,0
T100678,2025-06-22 16:59:00,C1268,37.36,electronics,VN,0,11.68,0,0
T102301,2025-06-22 17:24:00,C1018,15.64,travel,VN,1,1.07,0,0
T104183,2025-06-22 17:26:00,C1293,188.39,gaming,VN,0,16.17,0,0
T101397,2025-06-22 17:28:00,C1044,89.57,grocery,VN,0,19.28,0,0
T104068,2025-06-22 17:38:00,C1374,34.34,fuel,VN,1,48.53,0,0
T104994,2025-06-22 17:38:00,C1133,45.59,electronics,VN,1,8.68,0,0
T101951,2025-06-22 17:42:00,C1132,2.76,grocery,VN,1,3.51,0,0
T102997,2025-06-22 17:42:00,C1176,48.47,grocery,NG,1,12.5,1,0
T104614,2025-06-22 17:44:00,C1208,9.3,fuel,VN,1,3.49,2,0
T102811,2025-06-22 17:49:00,C1198,50.24,fuel,SG,0,4.1,1,0
T101978,2025-06-22 17:59:00,C1210,19.4,restaurant,NG,1,1.02,1,0
T100159,2025-06-22 18:05:00,C1281,32.87,electronics,VN,0,10.1,0,0
T102684,2025-06-22 18:13:00,C1332,21.15,gaming,VN,0,20.29,2,0
T100623,2025-06-22 18:21:00,C1306,1.83,electronics,VN,1,5.03,3,0
T104075,2025-06-22 18:32:00,C1085,23.48,electronics,VN,1,0.56,0,0
T100671,2025-06-22 18:57:00,C1350,54.26,grocery,VN,1,4.3,0,0
T103955,2025-06-22 19:13:00,C1212,37.88,fuel,VN,1,6.98,1,0
T102099,2025-06-22 19:19:00,C1341,9.79,restaurant,US,1,6.7,2,0
T105752,2025-06-22 19:20:00,C1302,22.43,gaming,VN,0,9.08,0,0
T101195,2025-06-22 19:33:00,C1196,27.2,gaming,VN,0,8.95,1,0
T101609,2025-06-22 19:35:00,C1090,20.39,travel,VN,0,7.85,0,0
T101483,2025-06-22 19:43:00,C1005,6.93,electronics,VN,1,2.58,0,0
T104353,2025-06-22 19:46:00,C1165,43.6,gaming,VN,1,5.92,0,0
T104480,2025-06-22 19:54:00,C1178,3.45,gaming,VN,1,4.65,0,0
T105742,2025-06-22 19:54:00,C1341,21.22,pharmacy,VN,1,5.77,1,0
T101233,2025-06-22 20:38:00,C1059,11.89,restaurant,VN,0,30.15,0,0
T101519,2025-06-22 20:38:00,C1337,21.09,fuel,VN,1,4.06,0,0
T105128,2025-06-22 20:48:00,C1091,19.64,restaurant,VN,0,12.62,0,0
T100363,2025-06-22 21:17:00,C1082,63.22,fuel,VN,1,8.65,1,0
T103226,2025-06-22 21:20:00,C1358,9.11,electronics,VN,0,7.59,0,0
T104187,2025-06-22 21:41:00,C1378,46.3,restaurant,VN,1,28.06,0,0
T101572,2025-06-22 22:06:00,C1322,23.89,clothing,VN,0,2.13,1,0
T102245,2025-06-22 23:12:00,C1239,41.58,restaurant,US,0,0.57,5,1
T104743,2025-06-22 23:13:00,C1220,6.55,fuel,VN,1,11.22,3,0
T105896,2025-06-23 00:52:00,C1111,7.44,electronics,VN,0,1.77,1,0
T100592,2025-06-23 02:55:00,C1269,424.16,gaming,SG,0,0.09,5,1
T104216,2025-06-23 04:12:00,C1232,16.35,grocery,VN,0,0.98,0,0
T102345,2025-06-23 05:15:00,C1033,12.06,grocery,VN,0,13.3,1,0
T104612,2025-06-23 05:33:00,C1018,89.28,electronics,RU,0,0.85,3,1
T104348,2025-06-23 05:45:00,C1209,122.99,travel,VN,0,4.3,0,0
T103738,2025-06-23 06:00:00,C1216,10.13,clothing,VN,0,3.37,1,0
T104708,2025-06-23 06:08:00,C1371,22.89,travel,VN,1,2.73,0,0
T103839,2025-06-23 06:15:00,C1304,50.54,restaurant,VN,1,1.99,0,0
T104246,2025-06-23 06:54:00,C1099,16.35,pharmacy,VN,0,3.27,2,0
T103530,2025-06-23 07:05:00,C1227,10.22,gaming,VN,0,26.72,0,0
T101310,2025-06-23 07:38:00,C1338,59.62,grocery,VN,0,6.26,0,0
T101370,2025-06-23 07:50:00,C1211,51.32,gaming,VN,1,62.56,0,0
T102300,2025-06-23 08:05:00,C1007,8.33,restaurant,VN,1,4.06,0,0
T102889,2025-06-23 08:12:00,C1179,35.18,fuel,VN,1,1.99,1,0
T105921,2025-06-23 08:20:00,C1034,16.17,clothing,VN,1,13.29,0,0
T101363,2025-06-23 08:37:00,C1134,3.59,fuel,VN,1,3.12,0,0
T101265,2025-06-23 08:38:00,C1283,25.7,restaurant,VN,0,20.88,0,0
T104770,2025-06-23 09:03:00,C1128,8.0,restaurant,VN,1,18.25,1,0
T101798,2025-06-23 09:16:00,C1128,9.92,gaming,VN,1,3.92,0,0
T100713,2025-06-23 09:21:00,C1348,19.47,fuel,VN,1,6.17,2,0
T100372,2025-06-23 09:23:00,C1159,47.13,travel,VN,1,14.08,0,0
T102395,2025-06-23 09:23:00,C1058,30.41,clothing,VN,0,18.63,0,0
T102264,2025-06-23 09:38:00,C1174,21.27,fuel,VN,1,3.12,0,0
T102737,2025-06-23 09:49:00,C1015,12.99,electronics,VN,1,8.08,1,0
T104205,2025-06-23 09:58:00,C1182,33.45,travel,VN,0,5.58,0,0
T101169,2025-06-23 10:51:00,C1311,22.92,travel,VN,1,6.46,0,0
T105871,2025-06-23 10:56:00,C1037,15.03,electronics,VN,0,22.89,0,0
T104011,2025-06-23 11:13:00,C1213,15.8,fuel,VN,1,6.44,1,0
T101196,2025-06-23 11:14:00,C1057,43.39,clothing,VN,1,4.52,1,0
T100787,2025-06-23 11:43:00,C1069,85.71,gaming,VN,1,8.95,0,0
T104825,2025-06-23 11:49:00,C1007,15.92,pharmacy,VN,0,2.05,1,0
T104192,2025-06-23 11:53:00,C1171,37.88,clothing,VN,0,2.99,0,0
T105944,2025-06-23 12:17:00,C1169,26.55,electronics,VN,1,10.87,3,0
T101268,2025-06-23 12:30:00,C1176,8.25,pharmacy,VN,1,9.23,0,0
T100011,2025-06-23 12:35:00,C1053,16.73,restaurant,VN,0,18.33,0,0
T101674,2025-06-23 12:44:00,C1118,14.23,fuel,VN,1,2.29,1,0
T103830,2025-06-23 13:07:00,C1136,66.63,grocery,VN,0,1.92,0,0
T100513,2025-06-23 13:29:00,C1095,12.02,clothing,VN,1,4.58,0,0
T104804,2025-06-23 13:42:00,C1339,5.98,clothing,VN,0,3.89,0,0
T102939,2025-06-23 13:43:00,C1012,28.23,pharmacy,VN,1,9.49,1,0
T103740,2025-06-23 13:45:00,C1109,9.57,gaming,VN,0,8.9,0,0
T105352,2025-06-23 13:50:00,C1399,6.64,restaurant,VN,1,15.57,0,0
T105803,2025-06-23 14:08:00,C1109,33.01,restaurant,VN,1,10.13,2,0
T101878,2025-06-23 14:13:00,C1033,25.86,clothing,VN,0,11.04,0,0
T101272,2025-06-23 14:19:00,C1053,12.45,restaurant,VN,1,5.43,1,0
T100178,2025-06-23 14:47:00,C1147,12.01,gaming,VN,1,4.01,0,0
T105888,2025-06-23 15:00:00,C1233,6.79,gaming,VN,1,14.3,0,0
T104450,2025-06-23 15:11:00,C1257,22.95,restaurant,VN,1,39.95,0,0
T101511,2025-06-23 15:30:00,C1003,6.78,pharmacy,NG,1,4.32,1,0
T100774,2025-06-23 15:58:00,C1230,31.18,grocery,VN,0,1.15,1,0
T101538,2025-06-23 16:01:00,C1376,67.76,pharmacy,VN,1,3.03,1,0
T105028,2025-06-23 16:08:00,C1096,74.11,restaurant,VN,0,12.84,0,0
T100054,2025-06-23 16:13:00,C1197,8.35,pharmacy,VN,0,3.89,0,0
T104442,2025-06-23 16:14:00,C1122,52.09,electronics,JP,1,3.58,1,0
T101651,2025-06-23 16:22:00,C1264,13.86,restaurant,VN,1,1.12,0,0
T100407,2025-06-23 16:32:00,C1144,57.99,travel,VN,0,11.26,0,0
T104389,2025-06-23 16:38:00,C1212,18.75,grocery,VN,1,4.46,1,0
T101366,2025-06-23 16:39:00,C1215,84.76,grocery,VN,1,5.8,0,0
T104471,2025-06-23 16:47:00,C1153,16.05,pharmacy,VN,1,23.74,3,0
T104083,2025-06-23 16:57:00,C1054,21.32,grocery,VN,1,0.54,0,0
T101398,2025-06-23 17:10:00,C1125,15.54,restaurant,VN,1,3.45,0,0
T103390,2025-06-23 17:13:00,C1209,85.16,gaming,VN,0,0.77,0,0
T104820,2025-06-23 17:22:00,C1051,12.91,gaming,VN,1,21.9,2,0
T105596,2025-06-23 17:42:00,C1310,82.93,clothing,VN,1,9.32,0,0
T101491,2025-06-23 17:44:00,C1358,23.49,clothing,VN,1,6.04,0,0
T102822,2025-06-23 18:06:00,C1282,14.37,restaurant,VN,1,44.52,0,0
T104341,2025-06-23 18:13:00,C1013,32.28,restaurant,VN,1,3.51,0,0
T103146,2025-06-23 18:30:00,C1053,73.51,clothing,VN,0,16.79,0,0
T103089,2025-06-23 18:36:00,C1211,6.09,gaming,VN,1,25.27,0,0
T105199,2025-06-23 18:43:00,C1230,13.49,gaming,VN,1,7.52,1,0
T102894,2025-06-23 18:56:00,C1010,63.09,pharmacy,VN,1,36.54,0,0
T103542,2025-06-23 18:56:00,C1308,52.78,gaming,NG,0,8.0,0,0
T101547,2025-06-23 18:59:00,C1226,7.34,pharmacy,VN,0,8.11,0,0
T100779,2025-06-23 19:02:00,C1176,22.29,gaming,VN,0,9.87,1,0
T105599,2025-06-23 19:05:00,C1388,3.47,fuel,VN,1,2.06,0,0
T101015,2025-06-23 19:10:00,C1122,8.13,travel,VN,1,16.05,0,0
T102809,2025-06-23 19:11:00,C1010,35.21,electronics,VN,1,11.2,1,0
T100719,2025-06-23 19:16:00,C1038,22.22,clothing,VN,0,33.24,0,0
T100027,2025-06-23 19:17:00,C1181,4.9,fuel,VN,0,3.86,3,0
T100531,2025-06-23 19:24:00,C1152,15.16,gaming,US,1,4.93,0,0
T102309,2025-06-23 19:26:00,C1075,31.77,electronics,VN,1,23.0,3,0
T102357,2025-06-23 19:27:00,C1108,12.71,travel,VN,1,5.42,0,0
T104991,2025-06-23 19:39:00,C1176,28.72,travel,VN,1,21.47,1,0
T103840,2025-06-23 19:40:00,C1175,36.23,pharmacy,VN,0,24.07,0,0
T101050,2025-06-23 19:51:00,C1081,13.99,grocery,VN,1,24.99,1,0
T103786,2025-06-23 19:55:00,C1149,32.18,electronics,VN,1,7.72,1,0
T100242,2025-06-23 20:33:00,C1222,9.39,restaurant,VN,1,7.94,0,0
T100028,2025-06-23 20:35:00,C1216,19.11,electronics,VN,1,1.58,0,0
T102094,2025-06-23 20:39:00,C1026,30.4,travel,VN,0,4.33,0,0
T101458,2025-06-23 21:01:00,C1360,13.24,restaurant,VN,0,14.87,1,0
T100297,2025-06-23 21:22:00,C1288,10.29,pharmacy,VN,0,7.42,0,0
T105222,2025-06-23 21:24:00,C1378,18.06,gaming,VN,1,2.01,0,0
T104871,2025-06-23 22:16:00,C1079,11.76,electronics,VN,0,29.1,0,0
T103713,2025-06-23 22:30:00,C1079,43.33,restaurant,VN,1,2.34,0,0
T100539,2025-06-23 22:32:00,C1086,46.4,grocery,VN,0,4.33,0,0
T105756,2025-06-23 22:49:00,C1000,18.47,grocery,VN,1,8.48,2,0
T101339,2025-06-24 00:10:00,C1370,12.76,gaming,VN,1,10.72,0,0
T105337,2025-06-24 06:11:00,C1356,18.29,restaurant,VN,1,10.89,0,0
T104689,2025-06-24 06:16:00,C1112,13.61,restaurant,VN,0,0.43,0,0
T103780,2025-06-24 06:17:00,C1107,75.79,electronics,VN,0,5.62,0,0
T100681,2025-06-24 07:25:00,C1096,22.42,restaurant,VN,0,4.46,0,0
T104319,2025-06-24 08:02:00,C1253,40.44,electronics,VN,1,2.4,1,0
T102397,2025-06-24 08:12:00,C1297,8.26,electronics,VN,1,5.7,0,0
T100301,2025-06-24 08:32:00,C1321,60.72,pharmacy,VN,1,18.24,1,0
T101309,2025-06-24 08:37:00,C1076,43.8,travel,VN,1,13.14,1,0
T104717,2025-06-24 08:37:00,C1043,24.76,travel,VN,0,12.41,0,0
T104259,2025-06-24 08:43:00,C1282,14.65,fuel,VN,0,14.1,0,0
T105124,2025-06-24 08:43:00,C1390,29.93,clothing,VN,1,2.36,0,0
T102528,2025-06-24 08:53:00,C1362,67.94,clothing,VN,1,9.93,0,0
T102966,2025-06-24 08:58:00,C1108,7.26,travel,VN,1,21.81,0,0
T103242,2025-06-24 09:05:00,C1046,28.97,pharmacy,VN,0,3.69,0,0
T100908,2025-06-24 09:18:00,C1207,57.69,pharmacy,VN,1,0.77,1,0
T102910,2025-06-24 09:30:00,C1080,4.97,restaurant,VN,0,6.64,0,0
T101440,2025-06-24 09:41:00,C1340,11.05,pharmacy,VN,0,3.05,1,0
T103372,2025-06-24 09:58:00,C1114,86.82,fuel,VN,0,0.66,0,0
T101583,2025-06-24 10:01:00,C1365,21.77,travel,VN,1,1.8,0,0
T101997,2025-06-24 10:06:00,C1321,2.84,travel,VN,0,43.7,0,0
T105682,2025-06-24 10:07:00,C1182,16.02,electronics,VN,1,3.99,0,0
T103109,2025-06-24 10:29:00,C1048,32.63,gaming,VN,0,0.54,0,0
T101209,2025-06-24 10:31:00,C1345,43.31,electronics,VN,0,9.08,0,0
T103645,2025-06-24 10:42:00,C1039,34.1,gaming,VN,0,67.29,1,0
T104501,2025-06-24 10:43:00,C1221,11.94,electronics,VN,0,9.6,0,0
T105503,2025-06-24 10:43:00,C1141,21.39,fuel,VN,0,6.76,2,0
T104141,2025-06-24 10:46:00,C1265,13.1,gaming,VN,1,87.04,0,0
T102266,2025-06-24 10:59:00,C1257,25.28,clothing,VN,0,2.73,1,0
T101694,2025-06-24 11:04:00,C1118,9.75,pharmacy,VN,1,1.63,0,0
T100619,2025-06-24 11:12:00,C1179,43.68,restaurant,VN,1,17.59,0,0
T105863,2025-06-24 11:15:00,C1161,9.19,pharmacy,VN,1,2.9,0,0
T100533,2025-06-24 11:24:00,C1137,82.98,clothing,VN,0,1.2,0,0
T100112,2025-06-24 11:26:00,C1299,13.05,gaming,VN,1,7.95,0,0
T100499,2025-06-24 11:36:00,C1305,33.66,grocery,VN,1,4.06,2,0
T100578,2025-06-24 11:46:00,C1109,8.33,electronics,VN,0,11.67,2,0
T104371,2025-06-24 12:17:00,C1325,9.85,electronics,VN,1,3.1,0,0
T105960,2025-06-24 12:30:00,C1112,9.82,travel,US,0,5.5,0,0
T103671,2025-06-24 12:34:00,C1246,17.8,gaming,VN,1,6.29,1,0
T103448,2025-06-24 12:36:00,C1013,32.53,travel,VN,0,3.85,1,0
T103813,2025-06-24 12:58:00,C1269,14.85,travel,VN,1,3.08,3,0
T104025,2025-06-24 13:09:00,C1290,21.8,pharmacy,RU,1,6.02,1,0
T100769,2025-06-24 13:28:00,C1184,38.86,restaurant,VN,1,9.35,1,0
T105975,2025-06-24 13:37:00,C1205,30.28,grocery,VN,0,16.36,0,0
T104483,2025-06-24 13:41:00,C1248,4.64,travel,VN,1,27.41,2,0
T105842,2025-06-24 13:52:00,C1320,19.47,fuel,VN,1,6.89,1,0
T103880,2025-06-24 13:56:00,C1358,15.03,grocery,VN,1,4.9,0,0
T100058,2025-06-24 13:58:00,C1259,31.15,fuel,VN,0,12.27,1,0
T103365,2025-06-24 14:04:00,C1389,84.4,restaurant,VN,1,1.21,3,0
T104725,2025-06-24 15:03:00,C1347,13.28,clothing,VN,1,11.6,0,0
T103809,2025-06-24 15:09:00,C1113,31.57,restaurant,VN,0,1.83,1,0
T103059,2025-06-24 15:20:00,C1031,15.33,electronics,VN,0,70.22,0,0
T105422,2025-06-24 15:29:00,C1217,54.76,pharmacy,VN,1,3.64,0,0
T105795,2025-06-24 15:57:00,C1186,8.76,travel,VN,1,11.66,1,0
T104177,2025-06-24 16:50:00,C1030,90.47,pharmacy,VN,1,45.75,0,0
T104436,2025-06-24 16:55:00,C1222,137.32,gaming,VN,1,12.2,2,0
T102323,2025-06-24 17:09:00,C1194,213.4,grocery,VN,1,0.98,2,0
T101714,2025-06-24 17:20:00,C1309,18.54,restaurant,VN,1,5.2,0,0
T103664,2025-06-24 17:43:00,C1078,30.43,clothing,VN,0,7.07,2,0
T105296,2025-06-24 17:47:00,C1268,15.14,travel,VN,0,8.0,0,0
T102476,2025-06-24 18:04:00,C1006,10.4,clothing,VN,1,33.85,0,0
T101177,2025-06-24 18:07:00,C1182,15.75,travel,VN,1,27.06,0,0
T105031,2025-06-24 18:17:00,C1068,42.83,travel,VN,0,4.29,1,0
T103217,2025-06-24 18:33:00,C1261,59.44,travel,VN,0,13.61,1,0
T103436,2025-06-24 18:42:00,C1150,13.6,pharmacy,VN,0,8.68,0,0
T104851,2025-06-24 18:45:00,C1165,29.75,fuel,VN,1,11.92,0,0
T100953,2025-06-24 18:48:00,C1350,10.85,electronics,VN,1,5.05,0,0
T100598,2025-06-24 18:58:00,C1247,20.65,clothing,VN,1,7.41,1,0
T101141,2025-06-24 19:01:00,C1282,12.45,pharmacy,VN,1,6.49,1,0
T101603,2025-06-24 19:10:00,C1207,8.23,pharmacy,VN,1,1.25,1,0
T105094,2025-06-24 19:14:00,C1260,8.05,electronics,VN,1,2.16,1,0
T103927,2025-06-24 19:15:00,C1392,45.68,gaming,VN,1,1.83,0,0
T103551,2025-06-24 19:24:00,C1322,11.09,gaming,NG,0,0.16,4,1
T103957,2025-06-24 19:34:00,C1194,125.57,pharmacy,VN,0,10.1,0,0
T101032,2025-06-24 19:35:00,C1051,16.98,pharmacy,VN,1,25.98,1,0
T100751,2025-06-24 19:45:00,C1148,26.15,gaming,VN,0,3.84,0,0
T101859,2025-06-24 19:50:00,C1279,80.36,travel,VN,0,2.05,2,0
T105918,2025-06-24 19:53:00,C1257,4.99,electronics,VN,1,6.83,0,0
T101235,2025-06-24 19:59:00,C1370,55.91,gaming,VN,0,176.24,0,0
T105486,2025-06-24 20:15:00,C1205,23.92,gaming,VN,0,0.95,1,0
T105991,2025-06-24 20:16:00,C1347,26.13,travel,VN,1,14.89,1,0
T102145,2025-06-24 20:49:00,C1325,4.65,grocery,VN,0,19.41,1,0
T103219,2025-06-24 20:58:00,C1208,10.27,pharmacy,VN,1,0.63,0,0
T104117,2025-06-24 21:12:00,C1221,4.54,clothing,VN,1,16.57,1,0
T105771,2025-06-24 21:17:00,C1199,13.98,restaurant,VN,0,20.3,0,0
T103933,2025-06-24 21:30:00,C1344,48.79,fuel,VN,1,6.96,0,0
T101305,2025-06-24 21:35:00,C1337,18.15,travel,VN,0,6.13,2,0
T100939,2025-06-24 21:50:00,C1298,4.39,electronics,VN,1,23.55,0,0
T103476,2025-06-24 21:57:00,C1387,27.02,electronics,VN,1,14.1,1,0
T101580,2025-06-24 22:16:00,C1128,26.34,travel,VN,1,2.44,0,0
T104447,2025-06-24 23:03:00,C1056,21.31,travel,VN,1,8.23,0,0
T100311,2025-06-24 23:25:00,C1103,112.79,restaurant,VN,1,4.82,0,0
T105787,2025-06-25 01:53:00,C1110,51.59,travel,VN,1,3.26,0,0
T102457,2025-06-25 02:02:00,C1383,295.65,gaming,JP,0,1.61,6,1
T105730,2025-06-25 03:02:00,C1130,13.41,pharmacy,VN,0,2.84,2,0
T104785,2025-06-25 04:15:00,C1171,39.72,grocery,VN,0,0.13,2,1
T105067,2025-06-25 06:07:00,C1238,70.59,grocery,VN,1,9.79,2,0
T104706,2025-06-25 06:30:00,C1079,38.54,grocery,VN,1,5.28,0,0
T102327,2025-06-25 06:39:00,C1172,26.1,restaurant,VN,1,5.5,1,0
T103164,2025-06-25 06:54:00,C1201,23.05,clothing,VN,1,2.15,0,0
T100676,2025-06-25 07:19:00,C1051,8.14,pharmacy,JP,1,3.36,0,0
T104757,2025-06-25 07:33:00,C1155,134.19,grocery,VN,1,3.59,1,0
T103994,2025-06-25 08:17:00,C1036,31.06,fuel,VN,1,43.1,2,0
T104074,2025-06-25 08:22:00,C1203,30.94,grocery,VN,0,1.16,0,0
T104143,2025-06-25 08:25:00,C1116,18.64,restaurant,VN,0,7.63,0,0
T100669,2025-06-25 08:29:00,C1246,63.47,fuel,VN,1,7.21,0,0
T103971,2025-06-25 08:32:00,C1184,25.66,grocery,VN,1,25.63,0,0
T102493,2025-06-25 08:38:00,C1282,1.4,restaurant,VN,1,8.6,0,0
T103140,2025-06-25 08:50:00,C1046,37.57,clothing,VN,0,27.75,0,0
T100782,2025-06-25 09:12:00,C1114,21.0,restaurant,VN,0,3.19,0,0
T101506,2025-06-25 09:17:00,C1258,13.31,electronics,VN,1,5.1,0,0
T105598,2025-06-25 09:24:00,C1320,70.62,grocery,VN,1,4.56,0,0
T105037,2025-06-25 09:40:00,C1248,46.67,electronics,VN,0,15.23,3,0
T101661,2025-06-25 09:42:00,C1202,5.5,electronics,NG,1,5.39,1,0
T100171,2025-06-25 09:50:00,C1294,20.05,electronics,BR,1,2.41,0,0
T103879,2025-06-25 09:55:00,C1320,37.5,grocery,VN,1,6.13,0,0
T100343,2025-06-25 09:58:00,C1067,24.53,grocery,VN,1,5.15,0,0
T100574,2025-06-25 09:59:00,C1381,11.81,gaming,VN,1,12.41,0,0
T103054,2025-06-25 10:01:00,C1051,33.2,fuel,VN,0,16.36,1,0
T102603,2025-06-25 10:06:00,C1389,6.26,electronics,VN,1,1.67,0,0
T102342,2025-06-25 10:25:00,C1143,25.29,travel,VN,0,8.83,3,0
T102662,2025-06-25 10:36:00,C1344,15.61,pharmacy,VN,1,14.43,0,0
T101248,2025-06-25 10:37:00,C1054,63.82,electronics,VN,0,8.91,0,0
T103105,2025-06-25 10:41:00,C1268,18.29,restaurant,VN,1,2.27,1,0
T100429,2025-06-25 10:42:00,C1071,17.17,travel,VN,1,7.91,1,0
T104363,2025-06-25 10:51:00,C1194,7.57,gaming,VN,0,16.15,0,0
T101876,2025-06-25 11:00:00,C1361,16.49,clothing,VN,0,47.27,1,0
T100930,2025-06-25 11:08:00,C1352,33.24,travel,VN,1,8.2,0,0
T103654,2025-06-25 11:22:00,C1276,39.74,gaming,VN,0,20.29,0,0
T105114,2025-06-25 11:25:00,C1172,48.89,grocery,VN,1,3.78,0,0
T105648,2025-06-25 11:25:00,C1177,14.19,gaming,VN,0,3.38,1,0
T100036,2025-06-25 11:43:00,C1190,60.61,grocery,VN,1,0.47,1,0
T103194,2025-06-25 11:50:00,C1212,7.52,clothing,VN,1,7.33,0,0
T104185,2025-06-25 12:12:00,C1140,16.32,electronics,VN,1,123.13,0,0
T101176,2025-06-25 12:28:00,C1040,3.08,travel,VN,0,1.28,1,0
T102332,2025-06-25 12:40:00,C1240,9.17,pharmacy,VN,1,35.68,0,0
T101565,2025-06-25 12:52:00,C1154,13.93,grocery,VN,1,3.77,0,0
T104561,2025-06-25 12:52:00,C1187,72.3,restaurant,BR,0,0.17,4,1
T100329,2025-06-25 12:56:00,C1165,10.62,fuel,VN,0,27.96,0,0
T105331,2025-06-25 13:07:00,C1032,13.51,travel,VN,0,0.62,0,0
T101741,2025-06-25 13:22:00,C1127,3.52,clothing,VN,1,7.31,0,0
T103077,2025-06-25 13:25:00,C1317,25.0,fuel,VN,1,5.64,0,0
T104125,2025-06-25 13:31:00,C1050,26.91,clothing,VN,1,14.47,1,0
T101156,2025-06-25 13:43:00,C1124,141.22,fuel,VN,1,22.57,0,0
T104190,2025-06-25 13:45:00,C1287,7.91,grocery,VN,1,14.64,0,0
T100044,2025-06-25 14:03:00,C1270,10.3,gaming,VN,0,33.59,0,0
T101724,2025-06-25 14:05:00,C1072,669.29,electronics,US,1,0.12,5,1
T103402,2025-06-25 14:07:00,C1089,96.17,restaurant,VN,1,4.98,0,0
T101578,2025-06-25 14:24:00,C1137,67.67,gaming,VN,0,5.73,0,0
T100674,2025-06-25 14:31:00,C1123,150.66,electronics,VN,0,2.29,0,0
T103857,2025-06-25 14:40:00,C1042,18.49,clothing,VN,1,10.84,0,0
T105485,2025-06-25 15:28:00,C1026,10.17,clothing,VN,0,43.08,0,0
T104166,2025-06-25 16:07:00,C1001,33.37,restaurant,VN,1,6.39,1,0
T105290,2025-06-25 16:07:00,C1252,16.81,grocery,VN,1,21.93,0,0
T105605,2025-06-25 16:21:00,C1183,29.32,fuel,VN,0,16.97,0,0
T100970,2025-06-25 16:24:00,C1199,19.04,travel,VN,1,24.92,0,0
T105401,2025-06-25 16:33:00,C1215,61.05,pharmacy,VN,1,7.14,0,0
T100047,2025-06-25 16:42:00,C1194,75.6,electronics,VN,1,7.56,0,0
T105627,2025-06-25 16:45:00,C1160,14.21,grocery,VN,0,46.7,3,0
T104606,2025-06-25 16:56:00,C1387,29.61,electronics,VN,1,9.13,0,0
T100157,2025-06-25 17:09:00,C1352,18.95,grocery,VN,1,43.67,0,0
T101610,2025-06-25 17:15:00,C1214,30.37,gaming,VN,0,7.96,0,0
T105489,2025-06-25 17:18:00,C1070,5.76,grocery,VN,1,5.57,0,0
T100863,2025-06-25 17:27:00,C1033,34.22,grocery,VN,0,39.44,0,0
T103963,2025-06-25 17:34:00,C1214,39.94,electronics,VN,1,4.38,2,0
T101827,2025-06-25 17:36:00,C1364,20.08,restaurant,VN,1,28.12,1,0
T101916,2025-06-25 17:47:00,C1296,9.78,fuel,VN,0,2.25,1,0
T100100,2025-06-25 18:01:00,C1290,34.0,grocery,VN,1,8.47,1,0
T105848,2025-06-25 18:16:00,C1041,41.58,clothing,VN,1,37.37,0,0
T102474,2025-06-25 18:17:00,C1012,15.56,travel,VN,1,17.97,3,0
T101779,2025-06-25 18:24:00,C1138,40.13,pharmacy,VN,0,3.1,1,0
T102299,2025-06-25 18:59:00,C1358,85.76,grocery,VN,1,45.57,0,0
T105386,2025-06-25 19:04:00,C1056,32.45,travel,RU,1,8.04,1,0
T101999,2025-06-25 19:18:00,C1156,9.2,pharmacy,VN,0,26.14,0,0
T100841,2025-06-25 19:34:00,C1091,12.66,gaming,VN,1,7.86,1,0
T105974,2025-06-25 19:36:00,C1199,473.98,travel,SG,0,6.1,0,0
T103801,2025-06-25 19:59:00,C1111,22.04,gaming,VN,0,20.75,0,0
T104652,2025-06-25 20:04:00,C1101,23.4,pharmacy,VN,1,38.23,0,0
T105110,2025-06-25 20:04:00,C1020,20.25,electronics,VN,1,14.23,2,0
T103440,2025-06-25 20:06:00,C1397,24.12,electronics,VN,1,2.92,0,0
T105237,2025-06-25 20:11:00,C1089,7.75,pharmacy,VN,1,17.62,1,0
T100002,2025-06-25 20:28:00,C1038,29.68,restaurant,VN,1,5.78,0,0
T105173,2025-06-25 20:37:00,C1349,13.91,travel,VN,1,5.98,0,0
T101830,2025-06-25 20:57:00,C1189,21.77,grocery,VN,1,12.5,0,0
T104466,2025-06-25 21:30:00,C1190,42.44,grocery,VN,1,0.88,0,0
T101164,2025-06-25 21:39:00,C1340,17.81,restaurant,VN,1,9.63,0,0
T102798,2025-06-25 21:52:00,C1313,20.96,fuel,VN,1,2.38,0,0
T105314,2025-06-25 22:23:00,C1325,17.21,pharmacy,VN,1,50.15,1,0
T104880,2025-06-25 23:31:00,C1017,9.81,restaurant,VN,1,4.53,0,0
T100584,2025-06-26 00:18:00,C1072,17.94,grocery,VN,1,12.15,1,0
T104458,2025-06-26 01:16:00,C1040,66.25,clothing,GB,0,1.72,2,1
T105224,2025-06-26 02:08:00,C1127,2.23,pharmacy,VN,1,22.76,1,0
T103777,2025-06-26 02:28:00,C1223,21.42,clothing,VN,1,7.42,3,0
T102305,2025-06-26 02:38:00,C1225,8.55,restaurant,VN,1,13.58,2,0
T101057,2025-06-26 04:38:00,C1229,55.62,restaurant,VN,0,16.08,0,0
T100586,2025-06-26 04:54:00,C1339,27.75,gaming,VN,0,8.69,0,0
T103396,2025-06-26 04:58:00,C1233,19.25,clothing,VN,1,17.37,0,0
T102348,2025-06-26 05:44:00,C1319,25.03,grocery,VN,1,14.94,0,0
T100520,2025-06-26 06:18:00,C1134,6.08,electronics,VN,0,17.15,0,0
T102320,2025-06-26 06:25:00,C1328,61.62,grocery,VN,0,8.14,0,0
T104661,2025-06-26 07:06:00,C1314,35.04,grocery,VN,1,20.95,1,0
T104288,2025-06-26 07:20:00,C1260,7.18,grocery,VN,0,6.75,1,0
T103073,2025-06-26 07:37:00,C1216,68.59,electronics,VN,1,26.72,0,0
T104504,2025-06-26 07:39:00,C1155,37.35,gaming,VN,1,8.93,0,0
T104167,2025-06-26 07:43:00,C1145,485.8,electronics,VN,1,2.96,1,0
T103325,2025-06-26 07:47:00,C1395,13.62,pharmacy,VN,1,26.92,0,0
T104613,2025-06-26 07:57:00,C1318,21.29,clothing,US,0,1.87,5,1
T101251,2025-06-26 08:02:00,C1017,7.39,grocery,VN,1,25.97,0,0
T105075,2025-06-26 08:05:00,C1237,26.47,clothing,VN,0,7.04,3,0
T101312,2025-06-26 08:13:00,C1399,2.99,gaming,US,1,1.87,0,0
T100116,2025-06-26 08:16:00,C1392,8.28,restaurant,VN,0,0.54,0,0
T102787,2025-06-26 08:39:00,C1384,14.19,restaurant,VN,0,5.07,0,0
T101765,2025-06-26 08:40:00,C1290,17.46,pharmacy,VN,1,22.5,0,0
T103612,2025-06-26 08:53:00,C1088,16.15,electronics,VN,1,7.21,0,0
T102292,2025-06-26 08:56:00,C1211,5.95,grocery,VN,0,2.53,1,0
T105177,2025-06-26 08:58:00,C1202,9.64,fuel,VN,1,3.07,1,0
T101688,2025-06-26 09:05:00,C1074,22.89,grocery,VN,0,15.39,0,0
T102173,2025-06-26 09:49:00,C1398,29.41,grocery,VN,0,6.27,1,0
T101898,2025-06-26 09:50:00,C1098,13.45,travel,VN,1,0.55,0,0
T100765,2025-06-26 09:54:00,C1370,38.5,electronics,VN,0,6.15,0,0
T105130,2025-06-26 09:59:00,C1210,14.5,gaming,VN,1,4.04,0,0
T105697,2025-06-26 10:00:00,C1219,35.35,gaming,VN,1,13.18,0,0
T104850,2025-06-26 10:02:00,C1015,48.25,clothing,VN,1,16.67,0,0
T104027,2025-06-26 10:05:00,C1345,23.34,electronics,VN,0,72.71,1,0
T105230,2025-06-26 10:05:00,C1099,28.58,electronics,VN,0,2.41,1,0
T102227,2025-06-26 10:31:00,C1170,30.59,grocery,VN,1,21.63,0,0
T102394,2025-06-26 10:32:00,C1356,29.6,electronics,VN,0,3.29,0,0
T102663,2025-06-26 10:37:00,C1015,19.29,grocery,VN,1,5.94,1,0
T103103,2025-06-26 10:42:00,C1141,61.11,gaming,VN,1,4.59,3,0
T101185,2025-06-26 10:46:00,C1351,37.51,pharmacy,VN,0,3.73,2,0
T100048,2025-06-26 11:06:00,C1020,14.36,grocery,VN,1,1.64,0,0
T101244,2025-06-26 11:08:00,C1190,36.0,travel,VN,0,0.49,1,0
T100987,2025-06-26 11:09:00,C1288,49.31,clothing,VN,1,4.11,1,0
T105192,2025-06-26 11:19:00,C1364,17.01,fuel,VN,1,4.61,0,0
T104349,2025-06-26 11:23:00,C1198,60.31,restaurant,VN,0,12.9,2,0
T104372,2025-06-26 11:51:00,C1170,24.0,restaurant,VN,1,234.15,2,0
T103352,2025-06-26 11:58:00,C1226,20.36,travel,VN,1,79.63,0,0
T101803,2025-06-26 12:00:00,C1291,8.9,fuel,VN,0,3.0,0,0
T102613,2025-06-26 12:04:00,C1162,12.13,pharmacy,VN,0,3.02,0,0
T100468,2025-06-26 12:15:00,C1104,114.56,travel,VN,1,1.82,0,0
T105308,2025-06-26 12:24:00,C1036,51.94,clothing,VN,0,6.02,0,0
T101507,2025-06-26 12:38:00,C1362,17.58,fuel,VN,0,41.81,1,0
T104764,2025-06-26 12:39:00,C1271,9.0,clothing,VN,1,9.09,0,0
T102922,2025-06-26 12:42:00,C1035,36.94,pharmacy,VN,0,38.4,0,0
T105673,2025-06-26 12:43:00,C1181,32.76,clothing,VN,0,21.9,0,0
T103043,2025-06-26 12:47:00,C1286,58.08,fuel,VN,1,10.54,0,0
T105076,2025-06-26 12:57:00,C1346,23.1,clothing,VN,0,1.91,0,0
T100456,2025-06-26 12:58:00,C1276,4.7,fuel,VN,1,11.64,0,0
T101596,2025-06-26 13:00:00,C1264,43.3,restaurant,VN,1,2.89,1,0
T101935,2025-06-26 13:06:00,C1002,30.9,grocery,VN,0,4.66,0,0
T100744,2025-06-26 13:10:00,C1078,5.54,grocery,VN,0,10.84,0,0
T104062,2025-06-26 13:12:00,C1313,12.92,clothing,VN,1,9.05,2,0
T104549,2025-06-26 13:13:00,C1077,5.74,clothing,VN,1,0.15,0,0
T104553,2025-06-26 13:16:00,C1380,5.25,clothing,VN,1,5.54,0,0
T101949,2025-06-26 13:21:00,C1220,18.37,restaurant,VN,1,7.8,0,0
T102495,2025-06-26 13:23:00,C1399,245.46,gaming,BR,0,0.69,1,1
T101673,2025-06-26 13:39:00,C1303,9.87,restaurant,VN,1,78.98,0,0
T101736,2025-06-26 14:05:00,C1317,56.27,pharmacy,VN,1,10.87,0,0
T100797,2025-06-26 14:13:00,C1319,57.82,travel,VN,0,0.86,0,0
T103259,2025-06-26 14:16:00,C1324,21.81,clothing,SG,0,9.73,0,0
T104403,2025-06-26 15:19:00,C1065,75.61,gaming,VN,1,27.67,1,0
T105764,2025-06-26 15:32:00,C1247,69.07,restaurant,VN,0,45.7,0,0
T105645,2025-06-26 15:40:00,C1301,52.26,electronics,VN,0,9.52,0,0
T101915,2025-06-26 15:43:00,C1031,142.21,restaurant,VN,0,8.7,1,0
T103757,2025-06-26 15:55:00,C1168,9.36,gaming,VN,1,9.17,0,0
T103057,2025-06-26 16:01:00,C1323,38.87,electronics,NG,0,0.23,2,1
T102680,2025-06-26 16:11:00,C1371,52.25,gaming,VN,1,19.21,0,0
T100956,2025-06-26 16:15:00,C1156,45.81,electronics,SG,1,22.84,1,0
T103606,2025-06-26 16:29:00,C1356,25.41,electronics,VN,1,1.82,2,0
T103370,2025-06-26 16:33:00,C1009,13.76,grocery,VN,1,46.6,1,0
T102039,2025-06-26 17:07:00,C1396,44.18,fuel,VN,1,13.97,0,0
T101755,2025-06-26 17:22:00,C1119,3.31,clothing,VN,1,7.49,0,0
T103648,2025-06-26 17:29:00,C1235,19.25,pharmacy,VN,0,5.98,0,0
T100408,2025-06-26 17:38:00,C1263,22.79,gaming,VN,1,8.3,0,0
T102673,2025-06-26 17:38:00,C1054,7.68,clothing,NG,1,4.72,1,0
T104544,2025-06-26 17:54:00,C1236,50.03,travel,VN,0,0.97,2,1
T103319,2025-06-26 18:04:00,C1321,36.12,restaurant,SG,1,27.01,0,0
T103997,2025-06-26 18:06:00,C1082,9.51,pharmacy,VN,1,1.32,0,0
T101854,2025-06-26 18:13:00,C1201,6.49,fuel,VN,0,2.15,0,0
T103537,2025-06-26 18:13:00,C1164,24.4,pharmacy,VN,1,39.37,0,0
T100944,2025-06-26 18:22:00,C1299,60.56,gaming,VN,1,12.02,0,0
T101786,2025-06-26 18:22:00,C1058,31.38,gaming,VN,1,3.15,1,0
T100732,2025-06-26 18:45:00,C1311,6.83,grocery,VN,1,3.87,2,0
T102777,2025-06-26 18:51:00,C1355,51.3,gaming,VN,1,3.19,0,0
T103229,2025-06-26 19:08:00,C1352,20.54,gaming,VN,1,10.25,1,0
T100294,2025-06-26 19:19:00,C1256,95.65,electronics,VN,1,5.85,0,0
T104650,2025-06-26 19:20:00,C1302,132.13,grocery,VN,1,13.29,2,0
T100107,2025-06-26 19:45:00,C1352,21.04,clothing,VN,0,4.25,0,0
T102244,2025-06-26 20:16:00,C1223,7.0,restaurant,VN,1,6.91,0,0
T103815,2025-06-26 20:41:00,C1254,39.51,restaurant,VN,0,20.73,1,0
T104674,2025-06-26 20:45:00,C1267,40.93,fuel,VN,1,15.33,0,0
T101189,2025-06-26 20:46:00,C1153,87.59,electronics,VN,1,10.09,0,0
T105580,2025-06-26 20:54:00,C1235,34.87,electronics,VN,1,16.95,1,0
T101956,2025-06-26 20:58:00,C1309,31.16,restaurant,VN,0,25.67,1,0
T105315,2025-06-26 21:14:00,C1292,6.26,travel,VN,1,5.16,0,0
T101457,2025-06-26 21:21:00,C1278,39.76,fuel,US,0,4.3,1,0
T102453,2025-06-26 21:25:00,C1280,21.67,restaurant,JP,1,3.67,0,0
T102675,2025-06-26 21:31:00,C1150,45.86,travel,VN,0,23.58,0,0
T101665,2025-06-26 21:40:00,C1272,39.98,fuel,VN,1,2.01,1,0
T101427,2025-06-26 22:09:00,C1082,3.7,electronics,VN,1,12.73,0,0
T105545,2025-06-26 23:21:00,C1309,56.71,grocery,VN,1,11.84,1,0
T105553,2025-06-27 01:08:00,C1192,60.31,travel,GB,0,0.21,4,1
T103598,2025-06-27 01:31:00,C1155,5.69,pharmacy,VN,0,0.86,0,0
T102338,2025-06-27 02:17:00,C1381,12.36,electronics,VN,0,33.48,2,0
T101192,2025-06-27 05:07:00,C1104,21.04,grocery,VN,1,1.76,0,0
T103906,2025-06-27 05:49:00,C1300,59.28,gaming,VN,0,2.13,1,0
T100050,2025-06-27 05:55:00,C1343,102.53,restaurant,VN,0,39.0,0,0
T102671,2025-06-27 06:15:00,C1180,9.75,travel,VN,1,18.93,0,0
T102873,2025-06-27 06:31:00,C1189,50.95,grocery,NG,0,1.2,0,0
T101813,2025-06-27 06:37:00,C1166,17.95,pharmacy,VN,0,29.34,0,0
T100139,2025-06-27 06:58:00,C1152,41.15,travel,VN,1,3.08,0,0
T103796,2025-06-27 07:27:00,C1375,9.94,grocery,VN,0,1.57,0,0
T103017,2025-06-27 07:42:00,C1286,31.67,fuel,VN,0,15.86,0,0
T103700,2025-06-27 07:59:00,C1030,19.89,restaurant,VN,1,6.09,0,0
T104472,2025-06-27 08:03:00,C1015,182.58,fuel,VN,1,3.04,0,0
T105244,2025-06-27 08:06:00,C1057,60.44,electronics,VN,1,8.23,1,0
T100084,2025-06-27 08:10:00,C1021,34.95,clothing,VN,1,7.86,1,0
T101818,2025-06-27 08:11:00,C1086,24.09,pharmacy,VN,0,47.84,1,0
T100688,2025-06-27 08:16:00,C1399,9.89,restaurant,VN,1,9.38,0,0
T101594,2025-06-27 08:17:00,C1236,12.17,fuel,VN,0,1.89,0,0
T105775,2025-06-27 08:24:00,C1178,14.11,pharmacy,VN,1,15.32,0,0
T103754,2025-06-27 08:25:00,C1258,22.67,restaurant,VN,1,71.32,0,0
T102968,2025-06-27 08:31:00,C1048,35.26,clothing,VN,0,7.95,0,0
T100057,2025-06-27 08:34:00,C1115,16.03,fuel,VN,1,14.67,0,0
T105099,2025-06-27 08:40:00,C1388,7.4,fuel,VN,1,2.73,0,0
T105632,2025-06-27 08:41:00,C1081,18.78,electronics,VN,1,15.57,0,0
T100137,2025-06-27 09:09:00,C1333,26.77,grocery,VN,0,0.65,0,0
T103256,2025-06-27 09:18:00,C1334,19.89,grocery,VN,0,17.61,0,0
T100615,2025-06-27 09:25:00,C1164,41.2,gaming,VN,1,24.55,3,0
T105572,2025-06-27 09:26:00,C1123,15.58,restaurant,VN,1,5.67,1,0
T101194,2025-06-27 09:40:00,C1111,133.11,electronics,VN,0,5.02,1,0
T104286,2025-06-27 09:43:00,C1043,43.65,travel,VN,0,14.44,0,0
T101335,2025-06-27 10:00:00,C1125,130.31,clothing,VN,1,6.33,1,0
T100755,2025-06-27 10:03:00,C1046,74.53,fuel,VN,0,32.83,1,0
T100405,2025-06-27 10:15:00,C1375,17.4,electronics,VN,1,0.88,0,0
T100475,2025-06-27 10:22:00,C1379,27.64,restaurant,JP,1,8.64,0,0
T100255,2025-06-27 10:31:00,C1093,6.08,gaming,VN,1,6.86,1,0
T103711,2025-06-27 10:35:00,C1272,55.08,gaming,VN,0,23.31,0,0
T103079,2025-06-27 10:36:00,C1215,54.71,gaming,VN,1,2.91,2,0
T103804,2025-06-27 10:37:00,C1233,28.41,pharmacy,VN,1,8.35,0,0
T105593,2025-06-27 10:41:00,C1372,16.72,pharmacy,BR,1,1.68,1,0
T102751,2025-06-27 10:42:00,C1263,12.34,grocery,VN,1,5.35,0,0
T103165,2025-06-27 10:42:00,C1105,8.76,restaurant,VN,1,1.61,0,0
T104832,2025-06-27 10:54:00,C1048,23.93,fuel,VN,0,1.54,0,0
T101180,2025-06-27 11:12:00,C1138,21.47,gaming,VN,0,42.95,0,0
T103926,2025-06-27 11:12:00,C1331,12.35,gaming,VN,1,4.23,0,0
T102876,2025-06-27 11:13:00,C1369,9.83,clothing,VN,1,5.32,0,0
T105653,2025-06-27 11:39:00,C1345,11.47,gaming,VN,0,28.07,2,0
T103800,2025-06-27 11:50:00,C1092,28.87,clothing,VN,1,15.66,0,0
T102407,2025-06-27 12:02:00,C1025,32.25,electronics,VN,0,3.16,0,0
T105813,2025-06-27 12:03:00,C1111,6.99,gaming,VN,0,6.57,0,0
T103185,2025-06-27 12:08:00,C1318,18.26,clothing,VN,1,2.64,1,0
T105639,2025-06-27 12:19:00,C1111,22.88,fuel,US,1,3.62,1,0
T104500,2025-06-27 12:21:00,C1338,16.86,clothing,VN,1,16.1,0,0
T104815,2025-06-27 12:25:00,C1148,87.0,gaming,VN,0,26.21,0,0
T104578,2025-06-27 12:28:00,C1257,40.1,grocery,VN,1,5.11,2,0
T101413,2025-06-27 12:46:00,C1263,18.31,electronics,VN,1,0.67,0,0
T101322,2025-06-27 12:48:00,C1344,17.9,restaurant,VN,0,36.87,0,0
T105524,2025-06-27 12:54:00,C1386,77.39,fuel,VN,1,2.77,0,0
T103709,2025-06-27 12:55:00,C1332,60.79,clothing,VN,1,14.81,0,0
T101614,2025-06-27 13:19:00,C1267,19.89,gaming,VN,1,3.11,1,0
T105610,2025-06-27 13:30:00,C1019,14.65,electronics,VN,0,13.09,0,0
T101861,2025-06-27 13:49:00,C1045,5.97,grocery,VN,1,21.11,0,0
T104364,2025-06-27 13:52:00,C1370,74.05,clothing,VN,1,0.65,0,0
T103822,2025-06-27 13:59:00,C1071,17.32,fuel,VN,1,8.91,1,0
T101921,2025-06-27 14:05:00,C1326,19.76,electronics,VN,0,3.97,0,0
T103237,2025-06-27 14:07:00,C1291,11.88,grocery,VN,1,3.95,0,0
T104174,2025-06-27 14:09:00,C1346,5.94,fuel,VN,0,269.85,1,0
T102201,2025-06-27 14:14:00,C1033,33.63,travel,VN,0,3.34,0,0
T103526,2025-06-27 14:21:00,C1344,4.99,clothing,VN,1,9.94,1,0
T105868,2025-06-27 14:56:00,C1322,3.24,electronics,VN,1,0.63,0,0
T104966,2025-06-27 15:06:00,C1249,14.01,pharmacy,VN,0,47.29,0,0
T103457,2025-06-27 15:12:00,C1140,40.84,gaming,VN,0,5.36,0,0
T101825,2025-06-27 15:19:00,C1099,16.63,travel,VN,1,0.73,0,0
T104298,2025-06-27 15:22:00,C1155,13.16,grocery,VN,1,5.23,2,0
T102291,2025-06-27 15:23:00,C1153,19.96,restaurant,VN,1,2.27,0,0
T101035,2025-06-27 15:40:00,C1211,24.54,travel,VN,0,38.94,0,0
T101338,2025-06-27 16:00:00,C1203,26.1,restaurant,VN,0,2.18,0,0
T103573,2025-06-27 16:00:00,C1038,30.44,clothing,VN,0,27.47,0,0
T100937,2025-06-27 16:10:00,C1048,21.0,fuel,VN,0,1.29,0,0
T100161,2025-06-27 16:26:00,C1138,30.59,clothing,VN,1,27.34,0,0
T103758,2025-06-27 16:28:00,C1195,94.57,fuel,VN,0,1.68,0,0
T104437,2025-06-27 16:32:00,C1169,15.01,restaurant,VN,1,0.84,1,0
T102708,2025-06-27 16:56:00,C1385,31.79,fuel,VN,1,44.43,1,0
T105286,2025-06-27 17:10:00,C1109,43.14,restaurant,VN,0,12.72,1,0
T104220,2025-06-27 17:28:00,C1249,12.64,pharmacy,VN,0,8.87,0,0
T105796,2025-06-27 17:30:00,C1334,17.28,grocery,VN,1,29.27,0,0
T104499,2025-06-27 17:32:00,C1129,16.98,electronics,VN,1,5.2,1,0
T104260,2025-06-27 17:48:00,C1319,28.37,grocery,VN,0,4.15,0,0
T104400,2025-06-27 17:56:00,C1009,15.78,fuel,BR,1,2.1,0,0
T101776,2025-06-27 18:04:00,C1371,7.25,fuel,VN,0,4.69,0,0
T100275,2025-06-27 18:10:00,C1328,73.04,gaming,VN,1,2.79,0,0
T101697,2025-06-27 18:30:00,C1014,15.15,pharmacy,VN,1,5.81,0,0
T105637,2025-06-27 18:30:00,C1108,23.48,fuel,VN,1,34.76,0,0
T103119,2025-06-27 18:31:00,C1255,8.09,electronics,VN,0,5.43,0,0
T101769,2025-06-27 18:32:00,C1084,21.27,pharmacy,VN,1,4.89,1,0
T102445,2025-06-27 18:37:00,C1112,38.29,fuel,VN,1,24.01,0,0
T104105,2025-06-27 18:39:00,C1060,17.53,restaurant,VN,1,22.65,0,0
T100434,2025-06-27 18:52:00,C1375,23.19,clothing,VN,1,5.64,1,0
T100620,2025-06-27 19:00:00,C1303,51.08,gaming,VN,0,42.94,0,0
T104952,2025-06-27 19:05:00,C1137,22.88,electronics,VN,0,20.35,1,0
T104257,2025-06-27 19:24:00,C1104,31.46,travel,VN,0,9.93,1,0
T105679,2025-06-27 19:25:00,C1227,23.56,electronics,VN,0,1.82,0,0
T105930,2025-06-27 19:27:00,C1234,17.86,pharmacy,VN,1,27.88,2,0
T100907,2025-06-27 19:30:00,C1217,26.62,gaming,VN,0,19.24,1,0
T100715,2025-06-27 19:39:00,C1183,61.36,restaurant,VN,1,46.71,1,0
T103062,2025-06-27 20:20:00,C1367,25.89,grocery,VN,1,3.15,1,0
T103950,2025-06-27 20:33:00,C1244,29.32,clothing,SG,0,0.69,6,1
T103836,2025-06-27 21:20:00,C1135,57.13,clothing,VN,1,2.59,1,0
T104856,2025-06-27 21:21:00,C1335,20.98,gaming,VN,1,17.18,0,0
T103948,2025-06-27 21:25:00,C1149,54.24,pharmacy,VN,0,14.1,0,0
T105860,2025-06-27 22:52:00,C1111,17.88,clothing,VN,1,6.23,1,0
T100563,2025-06-28 02:56:00,C1231,37.37,electronics,VN,0,1.44,0,0
T105195,2025-06-28 03:27:00,C1258,14.46,gaming,VN,1,23.7,0,0
T101996,2025-06-28 03:31:00,C1393,21.03,fuel,JP,1,16.6,3,0
T104809,2025-06-28 04:31:00,C1364,16.29,gaming,VN,0,1.71,1,0
T104955,2025-06-28 05:44:00,C1396,2.43,gaming,VN,1,11.84,1,0
T105942,2025-06-28 06:27:00,C1167,87.19,travel,VN,0,7.19,2,0
T100303,2025-06-28 06:53:00,C1396,18.84,grocery,VN,1,1.03,0,0
T100652,2025-06-28 07:59:00,C1000,16.82,fuel,VN,1,2.64,0,0
T104181,2025-06-28 08:14:00,C1157,8.74,restaurant,VN,1,35.87,1,0
T100486,2025-06-28 08:25:00,C1115,44.33,gaming,VN,0,19.15,2,0
T103318,2025-06-28 08:31:00,C1211,24.64,electronics,VN,0,7.07,2,0
T102994,2025-06-28 08:35:00,C1083,31.65,fuel,NG,0,9.35,0,0
T103231,2025-06-28 09:10:00,C1363,17.72,travel,VN,1,7.11,0,0
T104462,2025-06-28 09:37:00,C1191,36.19,gaming,VN,1,3.47,1,0
T105443,2025-06-28 09:50:00,C1310,34.96,electronics,VN,1,5.28,1,0
T102937,2025-06-28 09:58:00,C1300,96.48,fuel,VN,1,37.74,3,0
T100517,2025-06-28 10:04:00,C1019,54.37,clothing,VN,1,18.07,0,0
T102253,2025-06-28 10:06:00,C1209,16.92,restaurant,VN,0,4.75,1,0
T104902,2025-06-28 10:23:00,C1331,24.18,fuel,VN,0,4.4,0,0
T103407,2025-06-28 10:39:00,C1279,10.1,travel,VN,1,91.59,0,0
T102161,2025-06-28 11:06:00,C1173,19.35,electronics,VN,0,2.64,0,0
T100130,2025-06-28 11:17:00,C1310,7.39,travel,VN,1,7.8,0,0
T104171,2025-06-28 11:17:00,C1010,20.31,restaurant,VN,1,2.14,1,0
T104594,2025-06-28 11:30:00,C1299,11.68,grocery,VN,1,3.74,0,0
T105416,2025-06-28 11:44:00,C1165,9.9,travel,VN,0,79.9,0,0
T103650,2025-06-28 11:45:00,C1067,6.06,pharmacy,VN,0,28.58,1,0
T100543,2025-06-28 12:10:00,C1199,12.22,grocery,VN,1,0.76,0,0
T100731,2025-06-28 12:11:00,C1294,12.33,grocery,VN,0,3.62,0,0
T102251,2025-06-28 12:11:00,C1153,17.36,electronics,VN,1,5.54,1,0
T102188,2025-06-28 12:15:00,C1248,149.75,travel,VN,1,50.66,0,0
T103759,2025-06-28 12:19:00,C1133,34.66,electronics,VN,1,10.0,0,0
T105511,2025-06-28 12:21:00,C1319,9.66,restaurant,VN,1,2.79,0,0
T102537,2025-06-28 12:25:00,C1378,1.91,gaming,VN,0,0.32,2,0
T103736,2025-06-28 12:32:00,C1045,3.49,gaming,VN,1,4.04,0,0
T101816,2025-06-28 12:34:00,C1018,23.49,electronics,VN,1,9.92,0,0
T103969,2025-06-28 12:36:00,C1300,31.76,electronics,VN,1,4.08,2,0
T103627,2025-06-28 13:08:00,C1347,58.24,restaurant,NG,1,1.25,1,0
T104917,2025-06-28 13:10:00,C1225,25.25,fuel,VN,0,1.94,0,0
T104696,2025-06-28 13:13:00,C1046,7.24,gaming,VN,1,1.5,0,0
T102230,2025-06-28 13:16:00,C1109,10.37,pharmacy,VN,1,5.94,2,0
T102890,2025-06-28 13:20:00,C1231,21.55,fuel,VN,1,58.87,0,0
T104119,2025-06-28 13:24:00,C1395,4.53,fuel,VN,1,14.58,0,0
T101919,2025-06-28 13:45:00,C1268,46.65,fuel,VN,1,29.4,0,0
T101252,2025-06-28 13:49:00,C1229,19.91,clothing,VN,0,8.92,1,0
T101007,2025-06-28 14:05:00,C1206,2.61,travel,VN,0,27.65,1,0
T103087,2025-06-28 14:12:00,C1261,67.09,travel,VN,0,6.18,0,0
T102690,2025-06-28 14:23:00,C1291,36.99,electronics,VN,1,10.1,0,0
T105652,2025-06-28 14:47:00,C1224,41.16,travel,VN,1,1.24,0,0
T103945,2025-06-28 15:19:00,C1210,32.54,grocery,VN,1,3.29,0,0
T104736,2025-06-28 15:24:00,C1297,57.19,travel,JP,1,0.23,2,1
T104405,2025-06-28 15:45:00,C1391,7.48,pharmacy,VN,0,1.81,1,0
T103320,2025-06-28 15:53:00,C1051,34.18,gaming,VN,1,9.56,0,0
T100495,2025-06-28 16:03:00,C1366,44.16,grocery,VN,0,7.45,0,0
T104237,2025-06-28 16:04:00,C1174,20.02,pharmacy,VN,1,10.89,1,0
T104485,2025-06-28 16:06:00,C1094,76.96,pharmacy,VN,1,4.54,0,0
T105071,2025-06-28 16:21:00,C1020,83.93,pharmacy,VN,1,2.02,1,0
T103361,2025-06-28 16:22:00,C1006,18.35,travel,VN,0,0.94,0,0
T101508,2025-06-28 16:23:00,C1400,19.56,clothing,VN,0,2.15,0,0
T101962,2025-06-28 16:46:00,C1400,65.87,clothing,VN,0,2.23,0,0
T101392,2025-06-28 17:07:00,C1062,23.11,grocery,VN,0,9.78,0,0
T105670,2025-06-28 17:08:00,C1318,72.23,electronics,VN,1,7.57,0,0
T102842,2025-06-28 17:23:00,C1043,5.94,pharmacy,VN,1,3.16,1,0
T100705,2025-06-28 18:02:00,C1210,10.72,fuel,BR,0,7.12,3,0
T102694,2025-06-28 18:04:00,C1066,42.09,clothing,VN,0,3.68,0,0
T102469,2025-06-28 18:09:00,C1246,12.68,pharmacy,VN,1,5.29,0,0
T100292,2025-06-28 18:18:00,C1053,26.68,pharmacy,VN,1,0.87,0,0
T100122,2025-06-28 18:31:00,C1117,818.21,travel,VN,0,0.29,4,1
T100472,2025-06-28 18:31:00,C1036,32.32,clothing,VN,1,10.43,1,0
T100805,2025-06-28 18:39:00,C1295,16.26,restaurant,VN,1,2.89,2,0
T101976,2025-06-28 19:04:00,C1160,9.31,travel,VN,1,26.3,0,0
T103816,2025-06-28 19:06:00,C1079,5.76,gaming,VN,0,1.78,0,0
T101632,2025-06-28 19:10:00,C1332,22.69,electronics,VN,1,13.84,0,0
T102648,2025-06-28 19:25:00,C1066,31.71,travel,VN,1,25.99,0,0
T104729,2025-06-28 19:58:00,C1049,16.19,pharmacy,VN,0,7.28,0,0
T105178,2025-06-28 20:05:00,C1217,23.16,travel,VN,1,24.45,3,0
T105634,2025-06-28 20:06:00,C1115,9.05,fuel,VN,1,8.3,0,0
T104915,2025-06-28 21:58:00,C1237,6.0,electronics,VN,1,2.19,0,0
T100500,2025-06-28 21:59:00,C1252,52.44,clothing,VN,1,0.76,0,0
T104091,2025-06-28 22:01:00,C1399,34.54,fuel,VN,1,3.84,2,0
T104645,2025-06-29 00:07:00,C1163,34.39,travel,VN,0,1.08,4,1
T100148,2025-06-29 01:05:00,C1089,32.56,electronics,VN,0,18.99,0,0
T103684,2025-06-29 02:12:00,C1095,17.0,electronics,VN,1,1.76,0,0
T101965,2025-06-29 05:15:00,C1069,15.59,pharmacy,VN,1,7.22,0,0
T104324,2025-06-29 05:45:00,C1207,31.17,clothing,GB,0,10.61,2,0
T104852,2025-06-29 06:06:00,C1186,64.63,grocery,VN,1,3.35,2,0
T101417,2025-06-29 06:16:00,C1061,49.37,clothing,VN,1,5.18,0,0
T105004,2025-06-29 06:46:00,C1376,13.63,gaming,VN,1,2.72,0,0
T102924,2025-06-29 06:59:00,C1061,4.91,gaming,VN,1,2.14,2,0
T100815,2025-06-29 07:06:00,C1219,18.53,fuel,VN,1,3.75,0,0
T104728,2025-06-29 07:06:00,C1307,11.41,pharmacy,VN,1,12.35,0,0
T102767,2025-06-29 07:10:00,C1291,11.29,pharmacy,VN,0,27.06,0,0
T102241,2025-06-29 07:13:00,C1172,13.1,fuel,VN,1,2.22,2,0
T100872,2025-06-29 07:24:00,C1038,26.03,restaurant,VN,1,14.62,0,0
T104898,2025-06-29 07:37:00,C1357,35.68,grocery,NG,0,19.54,0,0
T104980,2025-06-29 07:39:00,C1267,56.88,grocery,VN,1,2.77,1,0
T102766,2025-06-29 08:04:00,C1026,30.37,fuel,VN,0,15.97,1,0
T101911,2025-06-29 08:08:00,C1337,27.37,restaurant,VN,1,22.28,0,0
T100331,2025-06-29 08:14:00,C1053,86.45,fuel,VN,0,8.68,0,0
T105734,2025-06-29 08:23:00,C1327,18.03,clothing,VN,1,2.39,0,0
T102953,2025-06-29 08:33:00,C1015,11.76,restaurant,VN,1,5.57,1,0
T102120,2025-06-29 08:34:00,C1053,7.01,electronics,VN,1,4.03,0,0
T100721,2025-06-29 08:42:00,C1063,32.07,clothing,VN,1,20.49,0,0
T101149,2025-06-29 08:58:00,C1294,7.3,travel,VN,1,36.8,3,0
T100876,2025-06-29 09:16:00,C1264,19.42,electronics,VN,1,2.17,1,0
T105436,2025-06-29 09:17:00,C1026,12.23,travel,VN,1,3.35,0,0
T102773,2025-06-29 09:18:00,C1174,35.97,electronics,VN,0,2.17,0,0
T101853,2025-06-29 09:32:00,C1006,28.2,pharmacy,VN,0,1.84,1,0
T104895,2025-06-29 09:36:00,C1349,57.84,electronics,VN,1,4.66,1,0
T100274,2025-06-29 09:51:00,C1302,30.6,pharmacy,VN,0,1.45,0,0
T102372,2025-06-29 09:59:00,C1286,11.48,fuel,VN,0,7.17,1,0
T105137,2025-06-29 10:10:00,C1226,17.45,grocery,VN,0,39.46,2,0
T102001,2025-06-29 10:34:00,C1198,60.29,pharmacy,VN,0,2.99,0,0
T105458,2025-06-29 10:37:00,C1126,6.29,gaming,VN,1,20.01,0,0
T103952,2025-06-29 10:44:00,C1015,197.83,electronics,VN,0,1.01,2,0
T102150,2025-06-29 11:04:00,C1047,9.68,fuel,VN,0,4.68,3,0
T100032,2025-06-29 11:10:00,C1318,38.86,pharmacy,VN,0,21.83,0,0
T104648,2025-06-29 11:10:00,C1350,46.58,grocery,VN,0,8.64,0,0
T103097,2025-06-29 11:12:00,C1326,47.85,gaming,VN,1,2.73,0,0
T100931,2025-06-29 11:16:00,C1281,23.46,pharmacy,VN,1,105.4,0,0
T102844,2025-06-29 11:29:00,C1208,113.84,fuel,VN,1,16.33,1,0
T101092,2025-06-29 11:30:00,C1350,55.65,clothing,VN,1,17.88,1,0
T103602,2025-06-29 11:30:00,C1245,14.32,fuel,VN,1,38.44,0,0
T105591,2025-06-29 11:56:00,C1283,15.27,clothing,VN,1,39.32,1,0
T104282,2025-06-29 12:15:00,C1400,31.28,pharmacy,VN,0,9.94,2,0
T100194,2025-06-29 12:16:00,C1253,13.3,restaurant,VN,1,29.07,0,0
T101422,2025-06-29 12:24:00,C1045,8.12,electronics,VN,0,59.43,0,0
T103564,2025-06-29 12:26:00,C1328,26.84,grocery,VN,0,10.49,1,0
T105492,2025-06-29 12:27:00,C1328,54.32,clothing,RU,0,12.58,1,0
T100347,2025-06-29 12:54:00,C1256,129.44,gaming,BR,0,6.69,0,0
T101546,2025-06-29 13:02:00,C1136,30.99,clothing,VN,1,76.35,0,0
T102907,2025-06-29 13:14:00,C1301,30.67,pharmacy,SG,0,5.05,1,0
T102621,2025-06-29 13:26:00,C1013,34.5,grocery,VN,0,2.55,1,0
T101243,2025-06-29 13:46:00,C1045,13.25,grocery,VN,1,20.41,0,0
T101534,2025-06-29 14:09:00,C1262,10.67,electronics,VN,1,17.01,0,0
T104778,2025-06-29 14:19:00,C1032,84.29,restaurant,VN,0,97.94,0,0
T103642,2025-06-29 14:24:00,C1232,24.41,clothing,VN,0,5.73,0,0
T102585,2025-06-29 14:25:00,C1108,21.51,clothing,VN,1,31.71,2,0
T101563,2025-06-29 14:35:00,C1116,5.24,restaurant,VN,0,82.36,0,0
T101403,2025-06-29 14:53:00,C1254,137.72,pharmacy,VN,1,2.29,0,0
T100609,2025-06-29 14:54:00,C1381,31.87,gaming,VN,0,1.93,1,0
T102191,2025-06-29 15:00:00,C1305,7.17,pharmacy,VN,1,20.81,0,0
T103920,2025-06-29 15:13:00,C1373,36.33,pharmacy,VN,1,32.83,0,0
T100465,2025-06-29 15:25:00,C1254,70.12,pharmacy,VN,1,3.93,0,0
T101465,2025-06-29 15:47:00,C1325,28.57,restaurant,VN,1,1.9,0,0
T100835,2025-06-29 15:57:00,C1085,31.41,restaurant,VN,0,5.23,0,0
T102339,2025-06-29 15:57:00,C1074,21.51,gaming,VN,1,39.76,0,0
T102566,2025-06-29 16:27:00,C1348,10.96,grocery,VN,0,10.12,0,0
T104340,2025-06-29 16:42:00,C1340,52.18,pharmacy,VN,1,5.51,0,0
T102911,2025-06-29 17:00:00,C1209,11.02,gaming,VN,0,5.43,0,0
T104106,2025-06-29 17:06:00,C1032,4.7,fuel,VN,1,3.9,2,0
T100452,2025-06-29 17:09:00,C1379,10.64,fuel,VN,1,4.15,0,0
T104410,2025-06-29 17:12:00,C1157,11.49,electronics,VN,0,7.45,1,0
T104575,2025-06-29 17:15:00,C1207,63.83,restaurant,VN,1,6.93,1,0
T101789,2025-06-29 17:22:00,C1175,12.73,clothing,NG,0,3.74,2,0
T102824,2025-06-29 17:22:00,C1170,30.91,electronics,VN,1,2.22,3,0
T100450,2025-06-29 17:24:00,C1143,12.67,grocery,VN,1,0.96,0,0
T103016,2025-06-29 17:29:00,C1066,58.11,restaurant,VN,0,3.1,0,0
T103625,2025-06-29 17:32:00,C1085,6.2,grocery,VN,1,6.29,1,0
T100091,2025-06-29 17:51:00,C1217,23.05,restaurant,VN,1,0.73,0,0
T104178,2025-06-29 17:58:00,C1357,18.44,restaurant,VN,1,1.65,0,0
T104670,2025-06-29 18:11:00,C1096,94.42,grocery,VN,1,1.92,0,0
T102051,2025-06-29 18:22:00,C1219,2.71,clothing,NG,1,7.39,0,0
T101150,2025-06-29 18:34:00,C1364,51.08,clothing,VN,0,0.56,2,0
T104605,2025-06-29 18:35:00,C1041,4.07,gaming,VN,0,15.95,1,0
T104843,2025-06-29 18:45:00,C1007,23.05,restaurant,VN,0,2.29,0,0
T101635,2025-06-29 18:56:00,C1099,37.66,travel,VN,1,30.06,1,0
T104146,2025-06-29 19:16:00,C1392,10.68,restaurant,VN,1,5.94,0,0
T101352,2025-06-29 19:22:00,C1057,12.76,restaurant,GB,0,4.89,0,0
T105676,2025-06-29 19:26:00,C1231,20.97,gaming,VN,1,21.62,0,0
T101875,2025-06-29 20:02:00,C1125,9.06,electronics,VN,0,15.35,1,0
T100733,2025-06-29 20:21:00,C1363,13.75,restaurant,VN,0,3.55,0,0
T102118,2025-06-29 20:27:00,C1264,37.51,restaurant,VN,1,9.23,2,0
T104823,2025-06-29 20:33:00,C1020,72.48,gaming,VN,1,8.33,3,0
T100616,2025-06-29 20:39:00,C1236,5.34,restaurant,JP,1,5.31,0,0
T104007,2025-06-29 20:46:00,C1328,110.54,pharmacy,VN,0,4.42,0,0
T104887,2025-06-29 20:55:00,C1089,18.3,travel,NG,0,8.84,1,0
T102823,2025-06-29 20:57:00,C1178,7.28,clothing,VN,0,15.47,0,0
T100883,2025-06-29 21:03:00,C1175,6.4,fuel,VN,0,51.79,0,0
T100607,2025-06-29 21:23:00,C1046,68.85,travel,VN,0,2.29,0,0
T104937,2025-06-29 21:37:00,C1344,48.48,pharmacy,VN,1,2.89,0,0
T101704,2025-06-29 22:13:00,C1329,5.59,electronics,VN,0,1.88,0,0
T102578,2025-06-29 22:37:00,C1371,47.99,grocery,VN,0,50.08,0,0
T105862,2025-06-29 23:20:00,C1311,4.77,pharmacy,VN,1,18.25,1,0
T105196,2025-06-29 23:33:00,C1031,26.07,grocery,VN,1,10.87,0,0
T105830,2025-06-29 23:49:00,C1369,25.64,gaming,VN,0,105.32,1,0
T100282,2025-06-29 23:59:00,C1347,67.79,gaming,NG,1,1.81,0,0
T103154,2025-06-30 00:31:00,C1236,35.2,travel,VN,1,1.45,0,0
T102455,2025-06-30 00:34:00,C1358,28.35,travel,VN,0,105.37,0,0
T101230,2025-06-30 04:41:00,C1325,166.55,electronics,VN,0,0.76,0,0
T101358,2025-06-30 05:11:00,C1399,48.07,fuel,BR,1,32.68,0,0
T104845,2025-06-30 05:31:00,C1176,2.54,grocery,VN,1,16.82,0,0
T101909,2025-06-30 05:53:00,C1255,8.8,fuel,VN,1,2.49,1,0
T104468,2025-06-30 07:06:00,C1016,17.54,gaming,VN,1,3.16,0,0
T105984,2025-06-30 07:12:00,C1017,17.73,restaurant,VN,0,82.62,0,0
T105007,2025-06-30 07:16:00,C1262,18.46,grocery,VN,0,3.95,0,0
T103923,2025-06-30 07:25:00,C1376,123.82,gaming,VN,1,29.73,2,0
T102287,2025-06-30 07:41:00,C1096,21.43,pharmacy,VN,1,3.98,0,0
T102927,2025-06-30 07:43:00,C1146,55.4,grocery,VN,1,5.93,0,0
T101259,2025-06-30 07:45:00,C1037,38.2,grocery,VN,1,1.42,0,0
T105971,2025-06-30 08:00:00,C1166,18.13,restaurant,VN,0,16.04,0,0
T101314,2025-06-30 08:10:00,C1256,12.41,grocery,RU,1,28.14,3,0
T100912,2025-06-30 08:11:00,C1374,46.95,grocery,VN,1,22.52,0,0
T105306,2025-06-30 08:26:00,C1385,35.14,grocery,VN,0,2.82,0,0
T104184,2025-06-30 08:29:00,C1309,12.32,fuel,VN,1,4.35,0,0
T102686,2025-06-30 08:41:00,C1306,78.15,travel,VN,1,4.2,0,0
T104358,2025-06-30 09:03:00,C1244,40.35,clothing,VN,0,0.19,2,1
T101247,2025-06-30 09:58:00,C1089,88.16,restaurant,VN,0,12.3,1,0
T101404,2025-06-30 10:00:00,C1184,25.32,gaming,VN,1,2.24,0,0
T104505,2025-06-30 10:09:00,C1177,12.67,grocery,VN,1,4.81,0,0
T100736,2025-06-30 10:33:00,C1171,28.5,travel,VN,0,60.45,0,0
T104024,2025-06-30 10:35:00,C1216,20.3,grocery,VN,1,4.48,0,0
T102813,2025-06-30 10:47:00,C1158,23.19,electronics,VN,0,10.92,0,0
T101629,2025-06-30 10:49:00,C1309,8.2,pharmacy,VN,0,13.68,1,0
T104828,2025-06-30 10:52:00,C1301,48.38,gaming,VN,0,8.32,0,0
T101924,2025-06-30 10:56:00,C1377,30.53,clothing,VN,1,5.8,1,0
T105731,2025-06-30 11:01:00,C1299,7.71,restaurant,VN,1,7.95,0,0
T104831,2025-06-30 11:12:00,C1333,49.4,clothing,VN,1,10.69,0,0
T105607,2025-06-30 11:13:00,C1141,9.9,electronics,VN,1,12.31,1,0
T103852,2025-06-30 11:23:00,C1393,49.27,restaurant,VN,1,4.75,0,0
T101820,2025-06-30 11:25:00,C1360,21.5,electronics,VN,1,3.52,1,0
T103425,2025-06-30 11:40:00,C1200,22.64,travel,VN,0,8.77,1,0
T100110,2025-06-30 11:48:00,C1226,5.2,restaurant,VN,0,4.04,0,0
T100387,2025-06-30 11:54:00,C1342,27.81,pharmacy,VN,0,18.33,0,0
T105967,2025-06-30 12:06:00,C1297,5.28,gaming,VN,0,4.4,0,0
T101231,2025-06-30 12:10:00,C1176,65.65,gaming,VN,1,7.49,2,0
T101202,2025-06-30 12:14:00,C1242,23.76,restaurant,VN,0,32.06,1,0
T105208,2025-06-30 12:22:00,C1098,10.7,clothing,VN,1,14.01,1,0
T105499,2025-06-30 12:35:00,C1157,5.31,pharmacy,VN,0,3.19,1,0
T105396,2025-06-30 12:37:00,C1350,23.19,electronics,VN,1,5.74,1,0
T103614,2025-06-30 12:53:00,C1092,14.56,gaming,VN,0,3.74,1,0
T103965,2025-06-30 13:18:00,C1106,16.54,pharmacy,VN,1,4.43,0,0
T105886,2025-06-30 13:20:00,C1019,10.89,travel,VN,1,93.35,2,0
T100001,2025-06-30 13:31:00,C1020,20.48,pharmacy,VN,0,26.2,0,0
T101804,2025-06-30 13:53:00,C1322,18.59,electronics,VN,0,6.37,0,0
T102165,2025-06-30 13:53:00,C1169,12.0,grocery,VN,0,15.39,0,0
T101762,2025-06-30 14:24:00,C1052,17.78,clothing,VN,1,11.73,0,0
T102471,2025-06-30 14:31:00,C1299,24.85,pharmacy,VN,1,3.52,2,0
T102590,2025-06-30 14:47:00,C1072,84.07,pharmacy,VN,1,6.95,0,0
T104200,2025-06-30 14:49:00,C1288,17.38,clothing,VN,1,7.97,0,0
T105166,2025-06-30 15:11:00,C1198,11.94,gaming,BR,1,3.27,1,0
T101497,2025-06-30 15:12:00,C1181,18.85,electronics,VN,0,16.44,0,0
T103023,2025-06-30 15:22:00,C1128,14.91,fuel,VN,0,10.79,2,0
T104960,2025-06-30 15:46:00,C1210,64.41,pharmacy,VN,1,1.98,0,0
T105506,2025-06-30 15:51:00,C1192,32.33,travel,VN,1,5.22,1,0
T102273,2025-06-30 15:56:00,C1387,13.26,grocery,VN,1,97.98,0,0
T100376,2025-06-30 16:00:00,C1077,12.19,pharmacy,VN,1,6.96,1,0
T103854,2025-06-30 16:31:00,C1191,28.82,restaurant,VN,1,17.83,0,0
T102221,2025-06-30 16:39:00,C1067,21.51,gaming,VN,1,6.91,1,0
T101419,2025-06-30 16:43:00,C1390,17.55,gaming,VN,1,2.67,3,0
T102995,2025-06-30 16:43:00,C1203,24.21,restaurant,VN,1,4.54,1,0
T100781,2025-06-30 16:53:00,C1184,13.79,electronics,VN,0,12.34,2,0
T103622,2025-06-30 17:06:00,C1151,9.74,grocery,US,0,3.26,0,0
T100391,2025-06-30 17:27:00,C1308,33.12,pharmacy,VN,1,1.28,2,0
T101998,2025-06-30 17:27:00,C1396,25.08,grocery,VN,1,7.83,0,0
T105218,2025-06-30 17:35:00,C1271,36.7,travel,VN,1,9.95,1,0
T105894,2025-06-30 17:40:00,C1044,15.66,electronics,VN,0,0.59,2,0
T105117,2025-06-30 17:47:00,C1144,11.71,travel,VN,1,42.55,1,0
T102136,2025-06-30 17:53:00,C1310,59.64,pharmacy,VN,1,11.71,0,0
T105398,2025-06-30 17:53:00,C1153,17.9,fuel,VN,1,14.2,0,0
T105010,2025-06-30 17:59:00,C1057,9.76,grocery,VN,1,2.36,0,0
T103615,2025-06-30 18:03:00,C1125,7.76,travel,VN,1,2.81,0,0
T101710,2025-06-30 18:06:00,C1216,4.1,grocery,GB,1,4.89,0,0
T100838,2025-06-30 19:01:00,C1131,38.5,fuel,JP,1,6.16,0,0
T105108,2025-06-30 19:28:00,C1143,7.52,electronics,VN,0,17.36,1,0
T104784,2025-06-30 19:30:00,C1203,15.58,fuel,RU,0,3.04,1,0
T101285,2025-06-30 19:34:00,C1122,21.01,travel,VN,0,4.37,0,0
T105269,2025-06-30 19:34:00,C1152,12.41,grocery,VN,0,9.59,0,0
T101906,2025-06-30 19:37:00,C1306,21.37,grocery,VN,0,10.06,0,0
T101110,2025-06-30 19:48:00,C1361,103.72,gaming,VN,0,79.62,0,0
T105517,2025-06-30 19:50:00,C1346,38.77,travel,VN,1,11.9,0,0
T102045,2025-06-30 20:10:00,C1388,35.79,grocery,VN,1,7.24,1,0
T103958,2025-06-30 20:23:00,C1056,2.71,grocery,VN,1,2.38,1,0
T105811,2025-06-30 20:45:00,C1251,28.74,fuel,VN,0,9.71,2,0
T101971,2025-06-30 21:00:00,C1283,17.71,pharmacy,VN,1,5.14,0,0
T104524,2025-06-30 21:00:00,C1157,46.73,pharmacy,VN,0,3.5,1,0
T104277,2025-06-30 21:12:00,C1393,116.11,restaurant,VN,1,3.81,0,0
T103722,2025-06-30 21:14:00,C1083,35.48,pharmacy,VN,1,14.46,1,0
T102043,2025-06-30 21:35:00,C1276,12.16,grocery,VN,0,2.75,0,0
T101379,2025-06-30 21:40:00,C1087,12.15,travel,VN,0,21.21,0,0
T104409,2025-06-30 22:19:00,C1131,70.96,fuel,VN,0,13.27,1,0
T104242,2025-06-30 22:22:00,C1354,64.39,electronics,VN,0,0.65,1,0
T102589,2025-06-30 22:44:00,C1355,15.21,travel,VN,1,9.15,0,0
T101662,2025-06-30 23:41:00,C1139,53.73,gaming,VN,1,8.68,0,0
T103665,2025-06-30 23:52:00,C1207,36.64,pharmacy,VN,1,3.73,0,0
T105082,2025-07-01 02:51:00,C1393,6.51,restaurant,VN,1,3.83,2,0
T101880,2025-07-01 02:55:00,C1113,19.98,grocery,VN,1,3.8,2,0
T102521,2025-07-01 03:14:00,C1029,19.7,pharmacy,VN,1,10.87,0,0
T101367,2025-07-01 03:27:00,C1323,63.64,gaming,VN,1,6.01,0,0
T100362,2025-07-01 03:59:00,C1021,22.62,fuel,VN,0,55.67,0,0
T101756,2025-07-01 04:38:00,C1214,49.45,clothing,VN,1,10.71,0,0
T104971,2025-07-01 05:00:00,C1073,13.74,clothing,VN,0,1.89,0,0
T101024,2025-07-01 05:33:00,C1301,20.35,electronics,VN,1,12.0,0,0
T102720,2025-07-01 05:40:00,C1010,23.81,gaming,VN,1,10.91,0,0
T102359,2025-07-01 05:51:00,C1141,32.61,travel,VN,1,1.91,0,0
T103847,2025-07-01 06:19:00,C1206,9.22,pharmacy,VN,0,4.11,0,0
T105284,2025-07-01 06:26:00,C1012,48.85,electronics,VN,1,4.3,0,0
T102756,2025-07-01 06:30:00,C1327,12.82,grocery,VN,1,4.67,1,0
T105236,2025-07-01 07:00:00,C1246,3.07,electronics,VN,1,5.58,2,0
T105065,2025-07-01 07:25:00,C1249,4.93,restaurant,VN,1,12.6,0,0
T101638,2025-07-01 07:35:00,C1336,20.68,travel,VN,0,16.38,1,0
T102390,2025-07-01 07:58:00,C1355,35.81,electronics,VN,1,9.44,0,0
T102665,2025-07-01 08:00:00,C1164,17.52,gaming,VN,0,2.19,0,0
T100873,2025-07-01 08:08:00,C1121,6.84,fuel,VN,1,25.18,0,0
T104949,2025-07-01 08:08:00,C1127,48.59,pharmacy,VN,1,2.28,0,0
T101796,2025-07-01 08:22:00,C1349,38.63,grocery,VN,1,3.11,0,0
T103406,2025-07-01 08:36:00,C1263,41.94,gaming,VN,1,7.74,0,0
T105167,2025-07-01 08:56:00,C1203,4.14,electronics,VN,0,15.99,0,0
T102110,2025-07-01 08:57:00,C1236,8.79,fuel,VN,1,11.29,0,0
T105190,2025-07-01 09:02:00,C1121,15.3,restaurant,VN,1,6.5,1,0
T105843,2025-07-01 09:14:00,C1179,15.09,restaurant,VN,1,3.41,0,0
T101214,2025-07-01 09:25:00,C1397,88.13,clothing,VN,1,3.78,0,0
T102046,2025-07-01 09:58:00,C1091,93.62,pharmacy,VN,0,5.68,0,0
T101232,2025-07-01 10:28:00,C1385,15.73,gaming,VN,1,2.58,1,0
T105212,2025-07-01 10:36:00,C1014,43.07,electronics,VN,1,9.72,1,0
T103737,2025-07-01 10:42:00,C1174,42.81,electronics,VN,1,11.95,0,0
T105336,2025-07-01 10:47:00,C1146,28.28,grocery,VN,1,1.84,0,0
T105873,2025-07-01 10:54:00,C1206,105.43,clothing,VN,1,4.19,0,0
T100160,2025-07-01 10:57:00,C1014,44.74,restaurant,VN,1,9.0,0,0
T105301,2025-07-01 11:11:00,C1218,11.95,travel,VN,0,2.4,0,0
T102650,2025-07-01 11:13:00,C1192,69.83,electronics,VN,1,2.75,3,0
T103182,2025-07-01 11:20:00,C1088,43.77,travel,VN,0,21.57,0,0
T101937,2025-07-01 11:30:00,C1380,5.23,gaming,VN,1,2.99,0,0
T101444,2025-07-01 11:52:00,C1262,33.53,electronics,VN,1,1.06,0,0
T102599,2025-07-01 11:52:00,C1301,17.82,electronics,VN,0,4.77,1,0
T101246,2025-07-01 12:04:00,C1256,19.3,fuel,VN,1,5.29,0,0
T103413,2025-07-01 12:05:00,C1005,31.06,restaurant,VN,0,1.62,0,0
T103358,2025-07-01 12:06:00,C1057,26.07,electronics,VN,0,1.49,0,0
T105123,2025-07-01 12:07:00,C1240,9.2,electronics,VN,1,8.63,1,0
T104700,2025-07-01 12:10:00,C1352,84.31,grocery,VN,1,4.45,2,0
T105203,2025-07-01 12:22:00,C1022,14.55,travel,VN,1,3.99,0,0
T102634,2025-07-01 12:23:00,C1313,55.98,fuel,VN,1,3.96,2,0
T102304,2025-07-01 12:48:00,C1287,14.54,clothing,VN,0,33.75,1,0
T102086,2025-07-01 13:03:00,C1306,3.04,clothing,VN,1,6.78,0,0
T100069,2025-07-01 13:08:00,C1056,27.11,restaurant,BR,0,5.96,1,0
T105534,2025-07-01 13:13:00,C1165,9.38,electronics,VN,1,24.66,1,0
T102610,2025-07-01 13:51:00,C1387,30.6,clothing,VN,1,2.13,0,0
T105898,2025-07-01 14:00:00,C1306,22.64,clothing,VN,0,1.37,1,0
T100453,2025-07-01 14:07:00,C1113,18.66,gaming,VN,1,0.9,2,0
T103913,2025-07-01 14:08:00,C1351,26.27,travel,VN,0,9.83,0,0
T103483,2025-07-01 14:10:00,C1090,14.18,electronics,VN,0,1.97,0,0
T104679,2025-07-01 14:24:00,C1211,32.01,fuel,VN,0,4.15,0,0
T102267,2025-07-01 14:31:00,C1258,14.07,travel,VN,1,3.5,0,0
T105874,2025-07-01 14:42:00,C1187,25.74,pharmacy,VN,1,11.67,0,0
T102901,2025-07-01 14:56:00,C1144,25.62,grocery,VN,0,1.23,1,0
T104795,2025-07-01 15:15:00,C1301,38.58,restaurant,VN,1,7.45,0,0
T104280,2025-07-01 15:28:00,C1361,31.54,restaurant,VN,0,2.85,0,0
T104337,2025-07-01 15:46:00,C1058,30.06,clothing,VN,0,13.55,0,0
T104758,2025-07-01 15:48:00,C1149,17.33,gaming,VN,1,11.83,0,0
T102649,2025-07-01 15:53:00,C1033,13.24,electronics,VN,0,35.66,0,0
T103035,2025-07-01 15:54:00,C1207,20.53,restaurant,US,1,6.3,1,0
T100320,2025-07-01 15:58:00,C1103,14.66,travel,VN,1,52.28,2,0
T105557,2025-07-01 15:59:00,C1287,40.89,travel,VN,1,13.01,2,0
T101383,2025-07-01 16:33:00,C1382,31.84,clothing,VN,1,29.75,0,0
T101226,2025-07-01 17:05:00,C1190,8.67,travel,VN,0,10.05,0,0
T100812,2025-07-01 17:17:00,C1121,68.34,grocery,VN,1,10.87,1,0
T101650,2025-07-01 17:25:00,C1196,18.05,travel,VN,1,21.94,0,0
T102734,2025-07-01 17:43:00,C1139,18.93,clothing,VN,0,28.57,0,0
T104438,2025-07-01 17:50:00,C1041,58.33,clothing,VN,0,12.43,1,0
T102059,2025-07-01 18:04:00,C1104,37.99,fuel,VN,1,29.09,0,0
T105558,2025-07-01 18:07:00,C1065,29.2,pharmacy,VN,1,2.8,1,0
T101555,2025-07-01 18:18:00,C1340,9.97,clothing,VN,0,10.47,0,0
T101072,2025-07-01 18:23:00,C1326,51.39,electronics,VN,1,13.14,0,0
T101846,2025-07-01 18:28:00,C1219,173.69,travel,VN,1,3.03,0,0
T104304,2025-07-01 18:28:00,C1381,65.48,grocery,VN,1,0.67,0,0
T103283,2025-07-01 18:34:00,C1017,19.1,clothing,VN,1,31.02,0,0
T100155,2025-07-01 18:48:00,C1251,33.88,pharmacy,VN,0,22.59,1,0
T102210,2025-07-01 19:03:00,C1172,42.19,grocery,VN,0,1.93,0,0
T103845,2025-07-01 19:03:00,C1020,72.42,electronics,VN,1,1.79,0,0
T105948,2025-07-01 19:15:00,C1223,45.25,grocery,VN,1,3.78,0,0
T102867,2025-07-01 19:29:00,C1369,9.47,clothing,VN,1,3.39,1,0
T105748,2025-07-01 19:35:00,C1358,66.33,grocery,VN,1,8.41,1,0
T102572,2025-07-01 19:49:00,C1369,11.18,pharmacy,VN,1,26.19,0,0
T104173,2025-07-01 19:51:00,C1241,17.6,pharmacy,VN,1,7.5,0,0
T104909,2025-07-01 19:56:00,C1329,17.78,restaurant,VN,0,4.52,1,0
T105527,2025-07-01 20:04:00,C1039,48.07,fuel,VN,0,0.77,2,0
T105421,2025-07-01 20:05:00,C1186,74.57,fuel,VN,1,3.87,0,0
T100247,2025-07-01 20:34:00,C1340,12.04,electronics,VN,0,5.53,0,0
T102948,2025-07-01 20:45:00,C1301,11.92,clothing,VN,0,8.8,0,0
T101533,2025-07-01 21:00:00,C1061,15.6,pharmacy,VN,1,13.83,3,0
T102646,2025-07-01 21:09:00,C1040,23.85,clothing,VN,1,5.17,0,0
T103806,2025-07-01 21:15:00,C1230,282.29,travel,VN,0,0.07,3,1
T101382,2025-07-01 21:20:00,C1373,4.76,gaming,VN,1,4.43,3,0
T103163,2025-07-01 21:40:00,C1107,7.37,travel,VN,0,11.35,0,0
T105394,2025-07-01 22:30:00,C1229,403.73,travel,VN,0,0.66,5,1
T100479,2025-07-01 23:14:00,C1157,52.99,clothing,VN,1,2.05,2,0
T100079,2025-07-01 23:24:00,C1358,20.33,grocery,VN,1,34.12,0,0
T100454,2025-07-01 23:31:00,C1147,23.47,pharmacy,VN,1,19.21,0,0
T105418,2025-07-02 00:04:00,C1279,31.45,gaming,VN,0,74.04,0,0
T103141,2025-07-02 00:12:00,C1127,80.28,grocery,VN,1,7.12,0,0
T101553,2025-07-02 00:26:00,C1053,36.82,travel,VN,0,12.89,0,0
T105202,2025-07-02 02:30:00,C1138,36.76,electronics,VN,1,17.91,0,0
T101493,2025-07-02 03:18:00,C1344,19.4,electronics,VN,0,7.16,0,0
T104953,2025-07-02 05:26:00,C1363,6.24,restaurant,VN,0,16.92,0,0
T104264,2025-07-02 05:46:00,C1346,37.07,fuel,VN,1,3.51,2,0
T101097,2025-07-02 05:54:00,C1373,19.05,gaming,NG,0,0.67,4,1
T101081,2025-07-02 06:07:00,C1257,26.33,grocery,VN,0,7.13,0,0
T104530,2025-07-02 06:21:00,C1088,3.47,restaurant,VN,1,24.03,2,0
T103599,2025-07-02 07:22:00,C1196,11.81,restaurant,VN,1,10.24,1,0
T101602,2025-07-02 07:51:00,C1169,27.03,restaurant,VN,0,14.03,1,0
T103764,2025-07-02 08:24:00,C1070,26.73,fuel,VN,1,2.16,1,0
T105849,2025-07-02 08:37:00,C1363,6.01,travel,VN,1,7.03,1,0
T103743,2025-07-02 08:46:00,C1086,16.53,grocery,VN,1,30.59,0,0
T105721,2025-07-02 08:48:00,C1164,15.16,travel,RU,1,5.3,1,0
T104014,2025-07-02 08:53:00,C1217,36.0,fuel,VN,1,1.85,2,0
T103960,2025-07-02 08:58:00,C1018,13.37,travel,VN,1,0.96,0,0
T102027,2025-07-02 09:15:00,C1169,15.13,restaurant,VN,1,2.16,0,0
T103735,2025-07-02 09:35:00,C1186,11.54,restaurant,VN,0,1.0,1,0
T104930,2025-07-02 09:37:00,C1357,20.63,travel,BR,0,10.44,1,0
T100419,2025-07-02 09:39:00,C1128,20.75,grocery,VN,1,17.11,0,0
T102079,2025-07-02 09:46:00,C1075,16.67,grocery,JP,0,41.28,0,0
T102278,2025-07-02 10:27:00,C1024,2.92,pharmacy,VN,1,10.82,0,0
T103789,2025-07-02 10:29:00,C1220,22.12,clothing,VN,1,5.12,2,0
T103974,2025-07-02 10:57:00,C1270,2.85,pharmacy,VN,1,8.47,0,0
T105891,2025-07-02 11:28:00,C1053,2.22,electronics,VN,1,11.04,0,0
T105060,2025-07-02 11:33:00,C1108,14.28,travel,VN,1,8.44,1,0
T105446,2025-07-02 11:44:00,C1014,4.77,fuel,VN,1,5.34,1,0
T103203,2025-07-02 11:46:00,C1123,68.6,pharmacy,VN,0,6.83,2,0
T105156,2025-07-02 11:58:00,C1395,32.37,fuel,VN,1,2.46,0,0
T104338,2025-07-02 11:59:00,C1390,29.15,restaurant,VN,1,4.42,0,0
T103979,2025-07-02 12:34:00,C1152,32.24,electronics,VN,0,36.18,0,0
T105662,2025-07-02 12:37:00,C1272,12.5,pharmacy,VN,0,5.73,1,0
T103882,2025-07-02 12:38:00,C1185,5.74,clothing,VN,1,12.11,0,0
T105204,2025-07-02 12:41:00,C1089,81.27,travel,VN,1,26.71,0,0
T104672,2025-07-02 12:56:00,C1356,4.17,travel,VN,1,0.85,1,0
T102938,2025-07-02 13:10:00,C1396,40.87,clothing,VN,1,8.91,0,0
T104731,2025-07-02 13:13:00,C1238,124.79,grocery,VN,1,36.04,1,0
T100195,2025-07-02 13:38:00,C1157,3.49,gaming,VN,0,21.61,0,0
T100537,2025-07-02 13:42:00,C1196,31.27,fuel,VN,1,54.62,0,0
T105529,2025-07-02 13:45:00,C1180,10.39,clothing,VN,1,5.29,1,0
T105923,2025-07-02 13:45:00,C1361,14.49,electronics,VN,1,0.88,1,0
T102593,2025-07-02 14:03:00,C1037,52.47,clothing,VN,0,28.13,0,0
T104203,2025-07-02 14:27:00,C1163,20.47,restaurant,VN,1,1.59,1,0
T102957,2025-07-02 14:29:00,C1301,28.85,travel,VN,1,3.51,3,0
T100131,2025-07-02 14:37:00,C1179,12.72,grocery,VN,0,18.85,0,0
T103728,2025-07-02 14:52:00,C1000,8.12,fuel,VN,1,7.11,1,0
T105243,2025-07-02 15:02:00,C1309,3.52,restaurant,VN,0,2.04,1,0
T100305,2025-07-02 15:06:00,C1079,29.72,electronics,VN,0,27.23,2,0
T103516,2025-07-02 15:09:00,C1127,27.06,clothing,VN,0,19.93,1,0
T104954,2025-07-02 15:20:00,C1033,14.83,grocery,VN,0,15.01,1,0
T104293,2025-07-02 15:28:00,C1366,20.92,restaurant,VN,0,8.96,1,0
T103693,2025-07-02 15:38:00,C1322,29.75,electronics,VN,1,1.57,0,0
T101143,2025-07-02 15:40:00,C1352,40.4,restaurant,VN,0,32.07,0,0
T104576,2025-07-02 15:44:00,C1042,16.96,electronics,VN,0,8.23,0,0
T101934,2025-07-02 15:54:00,C1205,43.17,electronics,VN,1,20.44,1,0
T103605,2025-07-02 15:54:00,C1054,9.92,fuel,VN,0,16.76,0,0
T100928,2025-07-02 15:55:00,C1388,25.1,pharmacy,VN,1,28.36,1,0
T102854,2025-07-02 15:57:00,C1094,39.35,travel,VN,1,16.91,0,0
T105577,2025-07-02 15:58:00,C1176,174.05,electronics,NG,0,1.28,1,1
T103376,2025-07-02 16:22:00,C1203,80.9,travel,BR,0,0.94,5,1
T104609,2025-07-02 16:27:00,C1022,4.11,fuel,VN,1,13.36,0,0
T102898,2025-07-02 16:38:00,C1280,27.14,restaurant,VN,0,8.03,1,0
T105238,2025-07-02 16:39:00,C1031,11.93,electronics,VN,1,116.23,0,0
T102981,2025-07-02 16:55:00,C1066,75.23,pharmacy,VN,0,17.59,0,0
T102176,2025-07-02 16:58:00,C1060,33.28,restaurant,VN,0,3.51,2,0
T102192,2025-07-02 17:03:00,C1005,16.96,gaming,VN,0,4.82,1,0
T104813,2025-07-02 17:03:00,C1151,199.9,travel,VN,1,4.32,0,0
T104335,2025-07-02 17:07:00,C1206,5.81,grocery,VN,0,8.57,1,0
T103167,2025-07-02 17:09:00,C1252,35.3,electronics,US,0,22.81,0,0
T104781,2025-07-02 17:10:00,C1373,28.64,fuel,BR,0,4.57,0,0
T100377,2025-07-02 17:11:00,C1192,12.37,restaurant,VN,1,8.75,1,0
T104396,2025-07-02 17:12:00,C1254,51.69,restaurant,VN,0,20.53,0,0
T104833,2025-07-02 17:22:00,C1286,88.69,pharmacy,VN,1,9.01,0,0
T101847,2025-07-02 17:27:00,C1162,10.77,electronics,VN,0,1.31,1,0
T102791,2025-07-02 17:35:00,C1295,9.24,travel,VN,0,10.61,1,0
T104169,2025-07-02 17:38:00,C1381,32.29,pharmacy,VN,1,8.03,0,0
T105505,2025-07-02 17:55:00,C1023,20.13,travel,VN,0,6.89,1,0
T101324,2025-07-02 17:56:00,C1340,8.26,travel,VN,1,2.53,0,0
T100702,2025-07-02 17:58:00,C1284,54.01,electronics,VN,1,104.68,3,0
T105019,2025-07-02 18:02:00,C1093,65.61,fuel,VN,1,9.94,0,0
T105535,2025-07-02 18:17:00,C1247,56.96,grocery,VN,1,5.46,3,0
T103995,2025-07-02 18:23:00,C1132,10.55,grocery,VN,0,6.58,1,0
T101261,2025-07-02 18:37:00,C1341,44.25,clothing,VN,1,24.4,0,0
T102631,2025-07-02 18:39:00,C1087,5.74,gaming,VN,1,1.02,1,0
T101641,2025-07-02 18:47:00,C1395,18.11,fuel,VN,1,9.6,0,0
T101304,2025-07-02 18:50:00,C1372,18.83,restaurant,VN,0,9.3,0,0
T103085,2025-07-02 18:50:00,C1022,13.95,fuel,VN,1,2.17,1,0
T101812,2025-07-02 18:54:00,C1218,12.73,grocery,VN,1,126.84,0,0
T103197,2025-07-02 18:58:00,C1141,11.45,restaurant,VN,1,5.6,0,0
T100679,2025-07-02 19:00:00,C1119,76.02,pharmacy,VN,0,82.11,0,0
T100560,2025-07-02 19:10:00,C1007,136.84,travel,VN,1,0.48,0,0
T104537,2025-07-02 19:25:00,C1010,47.85,clothing,VN,0,6.12,0,0
T100682,2025-07-02 19:33:00,C1117,10.82,restaurant,VN,0,7.28,0,0
T103416,2025-07-02 19:41:00,C1226,8.94,electronics,VN,0,55.32,1,0
T103851,2025-07-02 19:48:00,C1129,23.85,travel,VN,0,6.64,0,0
T104913,2025-07-02 19:53:00,C1239,26.02,clothing,VN,1,23.07,1,0
T103533,2025-07-02 20:11:00,C1396,23.82,fuel,RU,1,4.51,2,0
T101047,2025-07-02 20:13:00,C1016,39.05,travel,VN,1,17.1,3,0
T101660,2025-07-02 20:17:00,C1101,26.37,grocery,VN,1,7.42,1,0
T105949,2025-07-02 20:30:00,C1352,19.75,electronics,VN,1,3.59,0,0
T103327,2025-07-02 20:36:00,C1277,18.05,travel,VN,0,1.83,1,0
T102977,2025-07-02 20:37:00,C1205,32.83,restaurant,VN,0,19.27,1,0
T105850,2025-07-02 20:45:00,C1368,16.57,fuel,VN,1,3.19,0,0
T105509,2025-07-02 20:52:00,C1114,17.14,travel,US,0,51.3,0,0
T101808,2025-07-02 20:56:00,C1027,63.34,pharmacy,VN,0,26.61,1,0
T103504,2025-07-02 21:09:00,C1271,7.32,fuel,VN,1,2.13,0,0
T101884,2025-07-02 21:17:00,C1010,10.13,electronics,VN,1,4.18,1,0
T101735,2025-07-02 23:20:00,C1097,8.34,pharmacy,VN,1,11.17,1,0
T102437,2025-07-03 00:50:00,C1313,38.02,restaurant,VN,1,26.54,0,0
T105135,2025-07-03 02:09:00,C1166,17.35,clothing,VN,1,22.1,0,0
T102196,2025-07-03 04:40:00,C1147,14.21,pharmacy,VN,1,27.46,1,0
T102999,2025-07-03 05:09:00,C1207,32.71,restaurant,VN,1,8.35,0,0
T101824,2025-07-03 05:11:00,C1088,30.58,restaurant,VN,1,17.26,1,0
T105248,2025-07-03 05:22:00,C1374,21.52,clothing,VN,1,9.18,0,0
T103377,2025-07-03 06:37:00,C1133,16.86,fuel,VN,1,4.17,1,0
T101645,2025-07-03 06:48:00,C1077,66.97,restaurant,VN,1,1.79,1,0
T103673,2025-07-03 07:20:00,C1246,94.83,gaming,VN,1,74.95,0,0
T103209,2025-07-03 07:27:00,C1399,20.06,pharmacy,VN,1,9.73,1,0
T105160,2025-07-03 07:36:00,C1046,15.26,grocery,VN,1,22.94,1,0
T101168,2025-07-03 07:37:00,C1364,41.44,pharmacy,VN,1,9.34,0,0
T101428,2025-07-03 07:39:00,C1295,50.39,grocery,VN,0,1.66,1,0
T100215,2025-07-03 07:45:00,C1353,10.6,travel,VN,0,6.65,1,0
T100209,2025-07-03 07:50:00,C1015,10.06,pharmacy,VN,1,2.45,1,0
T104950,2025-07-03 07:57:00,C1043,25.43,pharmacy,VN,1,1.37,0,0
T104456,2025-07-03 08:01:00,C1171,55.99,clothing,VN,0,3.21,1,0
T101010,2025-07-03 08:13:00,C1292,16.24,fuel,VN,0,0.59,0,0
T102036,2025-07-03 08:13:00,C1055,54.32,pharmacy,VN,1,38.22,1,0
T105753,2025-07-03 08:16:00,C1336,4.94,clothing,VN,1,18.85,0,0
T100680,2025-07-03 08:19:00,C1258,89.63,clothing,VN,1,51.69,1,0
T101607,2025-07-03 08:19:00,C1033,43.32,fuel,VN,1,7.3,0,0
T105138,2025-07-03 08:22:00,C1036,47.13,gaming,VN,0,0.09,4,1
T101886,2025-07-03 08:33:00,C1071,15.0,clothing,VN,1,6.56,0,0
T104133,2025-07-03 08:33:00,C1248,24.04,gaming,VN,0,1.67,0,0
T100867,2025-07-03 08:42:00,C1234,30.0,gaming,VN,1,4.64,0,0
T101767,2025-07-03 09:37:00,C1104,20.01,grocery,VN,1,33.55,2,0
T105642,2025-07-03 09:37:00,C1023,5.12,travel,VN,1,2.21,0,0
T104961,2025-07-03 09:50:00,C1041,14.26,fuel,VN,1,52.56,2,0
T101135,2025-07-03 10:11:00,C1277,62.85,grocery,BR,1,34.95,0,0
T101146,2025-07-03 10:41:00,C1307,13.67,grocery,VN,1,9.0,0,0
T103515,2025-07-03 10:43:00,C1105,4.93,electronics,BR,1,24.31,0,0
T100221,2025-07-03 10:44:00,C1166,10.11,travel,VN,0,5.34,2,0
T102818,2025-07-03 10:50:00,C1216,57.08,travel,VN,1,6.2,0,0
T105175,2025-07-03 11:13:00,C1237,22.34,electronics,VN,0,3.0,0,0
T103534,2025-07-03 11:15:00,C1206,11.89,restaurant,VN,0,98.42,0,0
T102249,2025-07-03 11:55:00,C1172,54.55,gaming,VN,0,12.62,0,0
T100094,2025-07-03 12:01:00,C1202,14.28,pharmacy,VN,0,0.65,1,0
T100203,2025-07-03 12:07:00,C1174,157.84,clothing,VN,1,13.21,0,0
T103091,2025-07-03 12:17:00,C1360,7.84,clothing,GB,1,4.71,0,0
T103189,2025-07-03 12:17:00,C1102,66.91,gaming,VN,0,1.62,1,0
T105259,2025-07-03 12:36:00,C1272,62.25,gaming,VN,0,5.81,1,0
T102346,2025-07-03 12:45:00,C1112,54.75,fuel,VN,0,2.0,0,0
T105674,2025-07-03 12:58:00,C1196,15.92,clothing,VN,0,19.49,0,0
T101139,2025-07-03 12:59:00,C1221,7.5,fuel,VN,1,8.75,0,0
T100204,2025-07-03 13:01:00,C1308,107.75,grocery,VN,0,2.3,2,0
T102973,2025-07-03 13:01:00,C1290,50.5,pharmacy,VN,1,44.36,0,0
T102340,2025-07-03 13:07:00,C1357,12.34,travel,VN,1,0.99,0,0
T100979,2025-07-03 13:20:00,C1191,20.25,pharmacy,VN,0,8.69,0,0
T104217,2025-07-03 13:20:00,C1249,7.48,fuel,VN,0,3.15,0,0
T101166,2025-07-03 13:29:00,C1166,38.71,clothing,VN,1,10.7,1,0
T104878,2025-07-03 13:39:00,C1193,21.69,pharmacy,VN,1,1.49,2,0
T100361,2025-07-03 13:40:00,C1357,6.1,restaurant,VN,1,24.5,2,0
T105118,2025-07-03 14:39:00,C1133,19.81,clothing,VN,0,2.39,1,0
T101939,2025-07-03 14:53:00,C1021,11.47,gaming,VN,1,3.49,0,0
T101672,2025-07-03 14:59:00,C1065,12.71,gaming,VN,0,1.78,2,0
T103110,2025-07-03 15:04:00,C1373,25.05,gaming,NG,1,133.75,0,0
T104494,2025-07-03 15:16:00,C1150,13.66,gaming,VN,0,7.12,0,0
T105998,2025-07-03 15:36:00,C1263,19.38,restaurant,VN,0,7.93,1,0
T102167,2025-07-03 15:55:00,C1315,155.91,gaming,VN,1,20.12,1,0
T101746,2025-07-03 15:59:00,C1230,39.17,fuel,VN,0,7.58,0,0
T100707,2025-07-03 16:05:00,C1058,28.68,gaming,VN,0,4.57,1,0
T105619,2025-07-03 16:06:00,C1264,9.45,grocery,VN,0,1.67,0,0
T102546,2025-07-03 16:10:00,C1113,26.49,gaming,VN,1,79.9,0,0
T102128,2025-07-03 16:27:00,C1314,120.37,electronics,VN,0,0.72,1,0
T105058,2025-07-03 16:27:00,C1219,25.52,pharmacy,VN,1,48.46,0,0
T101117,2025-07-03 16:40:00,C1111,7.17,clothing,VN,1,18.58,2,0
T104817,2025-07-03 16:40:00,C1288,9.55,electronics,VN,1,8.02,0,0
T101863,2025-07-03 16:45:00,C1101,12.17,electronics,VN,1,7.07,0,0
T100117,2025-07-03 16:46:00,C1198,18.39,pharmacy,VN,1,4.0,2,0
T100767,2025-07-03 16:52:00,C1286,5.27,clothing,VN,1,8.81,0,0
T104012,2025-07-03 17:20:00,C1057,18.91,clothing,VN,1,42.96,0,0
T103502,2025-07-03 17:28:00,C1126,6.75,gaming,VN,1,9.15,0,0
T105718,2025-07-03 17:39:00,C1022,96.19,electronics,VN,1,9.59,0,0
T100816,2025-07-03 18:02:00,C1193,108.02,fuel,VN,1,29.2,0,0
T104434,2025-07-03 18:10:00,C1354,17.53,travel,VN,0,12.66,1,0
T101118,2025-07-03 18:14:00,C1062,5.88,electronics,VN,0,0.47,0,0
T101624,2025-07-03 18:28:00,C1395,5.79,gaming,VN,1,5.93,1,0
T104465,2025-07-03 18:35:00,C1151,11.6,fuel,VN,1,2.43,1,0
T100494,2025-07-03 18:36:00,C1212,28.66,electronics,VN,1,9.04,1,0
T105915,2025-07-03 18:37:00,C1361,26.19,fuel,VN,0,10.5,1,0
T105373,2025-07-03 18:43:00,C1220,34.26,gaming,VN,0,6.56,1,0
T102640,2025-07-03 18:45:00,C1155,24.87,electronics,VN,1,3.09,0,0
T103970,2025-07-03 18:46:00,C1290,38.43,travel,VN,1,26.4,0,0
T101676,2025-07-03 19:01:00,C1104,57.16,travel,VN,1,0.84,0,0
T102055,2025-07-03 19:14:00,C1186,13.02,pharmacy,VN,1,10.04,0,0
T100115,2025-07-03 19:15:00,C1006,12.07,grocery,VN,1,60.69,1,0
T100657,2025-07-03 19:16:00,C1278,3.96,pharmacy,VN,0,38.47,0,0
T103947,2025-07-03 19:21:00,C1080,54.84,gaming,VN,0,18.77,0,0
T104579,2025-07-03 19:25:00,C1025,22.14,electronics,VN,0,30.16,0,0
T105187,2025-07-03 19:26:00,C1319,40.9,clothing,VN,0,9.42,0,0
T100639,2025-07-03 20:28:00,C1322,2.43,fuel,VN,0,13.53,0,0
T102542,2025-07-03 20:30:00,C1326,44.85,electronics,VN,0,3.5,0,0
T100254,2025-07-03 20:46:00,C1307,11.06,pharmacy,BR,1,6.43,0,0
T103682,2025-07-03 20:47:00,C1145,20.75,grocery,US,1,3.02,0,0
T102258,2025-07-03 20:58:00,C1379,33.49,restaurant,VN,1,3.42,0,0
T103964,2025-07-03 21:02:00,C1241,40.78,clothing,VN,1,5.52,1,0
T101405,2025-07-03 21:11:00,C1267,20.89,pharmacy,VN,1,4.46,0,0
T104374,2025-07-03 21:14:00,C1143,10.42,pharmacy,VN,1,13.48,2,0
T105884,2025-07-03 21:18:00,C1290,78.41,restaurant,VN,1,12.92,0,0
T104429,2025-07-03 21:20:00,C1354,12.39,fuel,VN,0,16.59,1,0
T102704,2025-07-03 21:32:00,C1163,36.22,clothing,VN,0,7.42,1,0
T100570,2025-07-03 21:34:00,C1202,5.82,restaurant,VN,0,11.98,0,0
T102700,2025-07-03 21:41:00,C1054,23.42,electronics,VN,0,15.86,1,0
T102962,2025-07-03 21:45:00,C1341,40.07,pharmacy,US,0,5.07,0,0
T101955,2025-07-03 22:55:00,C1204,134.82,travel,JP,0,0.23,2,1
T102443,2025-07-03 23:25:00,C1374,4.66,travel,VN,1,10.08,1,0
T104998,2025-07-04 00:29:00,C1178,15.4,gaming,VN,0,2.71,0,0
T105380,2025-07-04 00:51:00,C1022,9.6,clothing,VN,1,2.48,0,0
T102510,2025-07-04 01:05:00,C1075,10.57,gaming,VN,1,8.44,0,0
T100532,2025-07-04 01:07:00,C1122,77.71,electronics,BR,0,0.09,6,1
T104092,2025-07-04 01:31:00,C1394,28.47,clothing,VN,1,2.49,0,0
T102748,2025-07-04 03:15:00,C1358,21.43,fuel,VN,1,3.85,1,0
T104518,2025-07-04 03:40:00,C1121,55.5,gaming,VN,0,2.21,1,0
T103859,2025-07-04 04:14:00,C1054,25.02,grocery,VN,0,1.88,1,0
T100964,2025-07-04 05:06:00,C1180,5.71,grocery,VN,1,7.86,0,0
T104065,2025-07-04 05:39:00,C1117,3.66,grocery,VN,1,43.75,0,0
T104346,2025-07-04 06:02:00,C1062,16.33,grocery,VN,1,15.06,0,0
T103790,2025-07-04 06:15:00,C1015,3.26,pharmacy,VN,1,2.11,0,0
T102181,2025-07-04 06:21:00,C1239,52.24,travel,VN,0,8.64,0,0
T101751,2025-07-04 06:24:00,C1220,16.61,restaurant,JP,1,4.71,1,0
T104510,2025-07-04 06:29:00,C1334,18.67,electronics,VN,1,5.67,0,0
T104896,2025-07-04 06:42:00,C1170,12.97,pharmacy,VN,1,5.19,1,0
T105962,2025-07-04 06:53:00,C1145,27.63,restaurant,VN,0,32.71,2,0
T102355,2025-07-04 07:06:00,C1188,84.85,fuel,VN,1,15.8,2,0
T103547,2025-07-04 07:18:00,C1222,24.35,electronics,VN,0,6.99,0,0
T102019,2025-07-04 07:21:00,C1373,28.23,gaming,VN,1,2.89,0,0
T100604,2025-07-04 07:23:00,C1387,31.34,gaming,VN,1,3.59,1,0
T103860,2025-07-04 07:43:00,C1289,56.67,pharmacy,VN,1,2.99,0,0
T104152,2025-07-04 07:46:00,C1094,16.54,gaming,VN,1,10.77,2,0
T102560,2025-07-04 08:11:00,C1101,16.98,gaming,VN,1,3.39,0,0
T102591,2025-07-04 08:22:00,C1217,32.1,gaming,VN,0,1.83,0,0
T100425,2025-07-04 08:25:00,C1319,7.91,restaurant,VN,0,6.2,0,0
T100949,2025-07-04 08:33:00,C1039,13.74,pharmacy,VN,1,12.0,0,0
T101331,2025-07-04 08:47:00,C1308,11.28,grocery,VN,0,40.26,0,0
T101303,2025-07-04 08:52:00,C1347,20.44,electronics,VN,1,3.94,0,0
T101567,2025-07-04 08:58:00,C1277,31.99,travel,VN,1,1.34,0,0
T105804,2025-07-04 09:22:00,C1159,13.84,electronics,VN,1,2.08,0,0
T105571,2025-07-04 09:43:00,C1023,45.46,gaming,VN,0,9.35,1,0
T101123,2025-07-04 09:49:00,C1231,46.72,grocery,VN,0,1.37,0,0
T104191,2025-07-04 09:57:00,C1357,16.26,clothing,VN,1,7.58,2,0
T103930,2025-07-04 10:14:00,C1249,16.18,restaurant,VN,0,16.55,2,0
T101626,2025-07-04 10:44:00,C1041,6.54,fuel,VN,1,4.43,0,0
T103289,2025-07-04 10:51:00,C1335,43.88,electronics,VN,0,35.26,0,0
T101482,2025-07-04 10:56:00,C1067,12.57,electronics,VN,0,14.88,1,0
T102852,2025-07-04 10:56:00,C1256,12.61,gaming,VN,1,4.0,0,0
T105783,2025-07-04 11:03:00,C1254,23.01,clothing,VN,0,5.85,0,0
T101675,2025-07-04 11:15:00,C1349,14.63,travel,VN,0,5.15,0,0
T104791,2025-07-04 11:15:00,C1242,125.59,travel,NG,0,0.08,4,1
T103335,2025-07-04 11:24:00,C1323,31.32,electronics,VN,0,21.14,0,0
T104209,2025-07-04 11:27:00,C1293,34.21,restaurant,VN,1,14.01,1,0
T103522,2025-07-04 11:31:00,C1211,6.7,fuel,VN,1,7.34,0,0
T105053,2025-07-04 11:38:00,C1314,42.2,electronics,VN,1,2.1,0,0
T100248,2025-07-04 11:39:00,C1091,46.33,pharmacy,VN,0,2.12,0,0
T101393,2025-07-04 11:53:00,C1393,48.34,travel,VN,1,34.24,0,0
T101510,2025-07-04 12:17:00,C1366,19.86,fuel,VN,0,3.56,1,0
T103881,2025-07-04 12:37:00,C1107,28.89,clothing,VN,0,6.87,2,0
T101502,2025-07-04 12:47:00,C1251,43.44,restaurant,VN,0,11.51,0,0
T105399,2025-07-04 12:58:00,C1396,46.72,electronics,VN,1,1.38,0,0
T100668,2025-07-04 13:00:00,C1091,37.34,gaming,VN,0,36.27,1,0
T104459,2025-07-04 13:01:00,C1322,35.31,fuel,VN,0,4.66,0,0
T105385,2025-07-04 13:27:00,C1078,105.07,gaming,VN,1,50.45,0,0
T105784,2025-07-04 13:33:00,C1386,61.19,fuel,VN,1,8.78,0,0
T105474,2025-07-04 13:54:00,C1234,31.36,fuel,VN,1,2.57,2,0
T100360,2025-07-04 14:00:00,C1290,13.39,electronics,VN,1,8.21,0,0
T104239,2025-07-04 14:05:00,C1398,10.29,electronics,VN,0,7.76,1,0
T104532,2025-07-04 14:06:00,C1335,2.65,gaming,VN,0,11.17,1,0
T104206,2025-07-04 14:29:00,C1055,50.34,electronics,VN,1,4.58,0,0
T100799,2025-07-04 14:31:00,C1317,40.93,electronics,VN,1,7.56,0,0
T102424,2025-07-04 14:31:00,C1366,7.1,gaming,VN,1,22.59,2,0
T103397,2025-07-04 14:55:00,C1179,46.48,grocery,VN,1,15.34,2,0
T103956,2025-07-04 15:02:00,C1177,24.71,clothing,VN,0,9.33,0,0
T100967,2025-07-04 15:07:00,C1262,3.46,fuel,VN,1,2.37,1,0
T100617,2025-07-04 15:38:00,C1335,18.42,restaurant,VN,0,8.38,1,0
T105681,2025-07-04 15:49:00,C1046,25.1,travel,VN,1,5.68,0,0
T104754,2025-07-04 16:00:00,C1150,13.57,electronics,VN,1,3.18,0,0
T102697,2025-07-04 16:13:00,C1367,19.11,travel,VN,0,5.35,1,0
T102376,2025-07-04 16:35:00,C1160,14.33,restaurant,VN,0,19.45,0,0
T100328,2025-07-04 16:37:00,C1197,146.7,electronics,VN,0,11.32,1,0
T101723,2025-07-04 17:09:00,C1210,2.09,gaming,VN,1,5.77,1,0
T100855,2025-07-04 17:11:00,C1377,11.84,pharmacy,VN,1,6.36,0,0
T104792,2025-07-04 17:20:00,C1058,59.06,gaming,VN,1,40.03,0,0
T102596,2025-07-04 17:31:00,C1367,10.67,grocery,VN,1,6.08,2,0
T104446,2025-07-04 17:36:00,C1067,49.4,clothing,VN,0,37.96,0,0
T105530,2025-07-04 17:36:00,C1197,7.93,fuel,VN,1,0.87,0,0
T102539,2025-07-04 17:47:00,C1207,36.84,pharmacy,VN,1,15.22,0,0
T104519,2025-07-04 17:53:00,C1202,7.87,grocery,VN,0,23.21,0,0
T102607,2025-07-04 17:56:00,C1313,8.39,grocery,VN,1,5.05,0,0
T101727,2025-07-04 17:58:00,C1266,28.14,fuel,VN,0,1.86,0,0
T104854,2025-07-04 18:10:00,C1263,30.44,pharmacy,VN,1,25.46,0,0
T105631,2025-07-04 18:12:00,C1287,12.02,pharmacy,VN,1,20.11,1,0
T101548,2025-07-04 18:31:00,C1251,30.52,pharmacy,VN,0,25.42,0,0
T103826,2025-07-04 18:41:00,C1191,40.09,restaurant,VN,1,6.46,3,0
T100966,2025-07-04 18:44:00,C1231,47.32,gaming,VN,1,5.37,0,0
T102559,2025-07-04 18:44:00,C1125,8.01,fuel,VN,1,40.96,3,0
T101119,2025-07-04 19:07:00,C1382,26.53,grocery,VN,0,32.78,0,0
T104132,2025-07-04 19:08:00,C1358,5.62,pharmacy,VN,0,16.17,0,0
T102157,2025-07-04 19:09:00,C1400,225.41,grocery,VN,1,9.17,0,0
T101512,2025-07-04 19:32:00,C1118,10.78,travel,US,1,10.94,0,0
T101073,2025-07-04 19:38:00,C1191,11.08,fuel,VN,1,0.73,0,0
T100309,2025-07-04 19:39:00,C1152,43.54,clothing,VN,0,7.07,1,0
T104162,2025-07-04 19:59:00,C1018,84.36,travel,VN,1,4.07,0,0
T101945,2025-07-04 20:05:00,C1232,10.39,restaurant,VN,0,15.58,0,0
T102318,2025-07-04 20:19:00,C1295,403.55,travel,BR,0,0.72,6,1
T101292,2025-07-04 20:32:00,C1030,9.65,restaurant,VN,1,3.65,0,0
T104309,2025-07-04 20:36:00,C1142,61.71,electronics,VN,0,1.3,0,0
T100958,2025-07-04 21:14:00,C1020,88.18,restaurant,VN,1,12.25,2,0
T102805,2025-07-04 21:20:00,C1396,89.77,pharmacy,VN,1,7.04,0,0
T104145,2025-07-04 21:29:00,C1020,27.32,grocery,VN,1,5.26,1,0
T101441,2025-07-04 21:32:00,C1087,31.44,pharmacy,VN,0,1.47,1,0
T101076,2025-07-04 21:44:00,C1076,11.48,fuel,VN,0,3.48,0,0
T100579,2025-07-04 21:54:00,C1386,29.17,gaming,VN,1,5.37,0,0
T105107,2025-07-04 22:29:00,C1277,35.13,clothing,VN,1,71.71,0,0
T105463,2025-07-04 22:33:00,C1211,48.77,gaming,VN,1,0.6,0,0
T101414,2025-07-04 22:52:00,C1196,11.51,restaurant,VN,1,1.94,0,0
T103005,2025-07-04 22:56:00,C1017,9.41,gaming,VN,0,4.57,0,0
T105541,2025-07-04 23:14:00,C1179,18.71,gaming,VN,0,16.87,0,0
T101731,2025-07-05 01:45:00,C1193,37.93,gaming,VN,0,3.69,0,0
T100919,2025-07-05 02:54:00,C1015,6.55,pharmacy,VN,1,25.9,2,0
T105931,2025-07-05 03:34:00,C1313,13.35,pharmacy,VN,0,8.67,0,0
T100233,2025-07-05 04:36:00,C1157,21.02,pharmacy,VN,1,1.8,3,0
T102038,2025-07-05 05:20:00,C1221,32.27,clothing,VN,1,2.43,0,0
T105027,2025-07-05 05:50:00,C1366,19.82,gaming,VN,0,4.82,1,0
T101734,2025-07-05 06:19:00,C1305,10.59,travel,VN,0,4.52,0,0
T105147,2025-07-05 06:30:00,C1378,78.81,travel,VN,0,33.53,0,0
T100807,2025-07-05 06:40:00,C1139,7.67,fuel,VN,1,4.54,1,0
T105400,2025-07-05 06:47:00,C1022,11.57,electronics,VN,1,1.92,0,0
T104591,2025-07-05 07:39:00,C1224,13.22,electronics,VN,1,38.17,0,0
T100891,2025-07-05 07:47:00,C1241,75.83,gaming,VN,0,3.57,0,0
T100113,2025-07-05 07:52:00,C1400,7.36,pharmacy,VN,1,25.54,1,0
T101679,2025-07-05 08:02:00,C1034,19.52,travel,VN,1,35.88,0,0
T104560,2025-07-05 08:06:00,C1138,13.11,grocery,VN,1,12.74,1,0
T103922,2025-07-05 08:07:00,C1111,74.67,restaurant,VN,0,1.85,1,0
T105937,2025-07-05 08:23:00,C1259,7.21,electronics,VN,0,10.8,2,0
T100882,2025-07-05 08:57:00,C1106,54.62,restaurant,VN,1,39.43,0,0
T103221,2025-07-05 09:10:00,C1310,14.46,gaming,BR,0,18.26,0,0
T103025,2025-07-05 09:17:00,C1219,8.22,pharmacy,VN,1,3.23,1,0
T101236,2025-07-05 09:33:00,C1167,3.72,gaming,RU,1,15.68,0,0
T104967,2025-07-05 09:36:00,C1002,32.84,travel,VN,0,1.79,1,0
T100272,2025-07-05 09:37:00,C1006,26.14,gaming,VN,1,2.86,0,0
T103600,2025-07-05 09:59:00,C1224,29.79,pharmacy,VN,1,4.9,0,0
T104186,2025-07-05 10:05:00,C1369,70.64,pharmacy,VN,1,1.52,0,0
T104121,2025-07-05 10:15:00,C1221,56.76,pharmacy,VN,0,25.27,2,0
T101743,2025-07-05 10:33:00,C1143,6.05,restaurant,VN,0,3.93,0,0
T104693,2025-07-05 10:46:00,C1366,8.73,fuel,VN,1,91.67,2,0
T102071,2025-07-05 10:49:00,C1267,21.0,pharmacy,VN,0,2.18,1,0
T105355,2025-07-05 11:09:00,C1287,79.04,electronics,VN,0,1.36,0,0
T104819,2025-07-05 11:10:00,C1270,14.19,fuel,VN,1,25.54,0,0
T102644,2025-07-05 11:17:00,C1014,26.55,electronics,RU,1,1.98,0,0
T105350,2025-07-05 11:25:00,C1092,48.33,electronics,VN,0,35.53,0,0
T105711,2025-07-05 11:30:00,C1255,26.11,grocery,VN,1,9.6,2,0
T103536,2025-07-05 11:50:00,C1167,23.61,fuel,VN,0,12.02,0,0
T103726,2025-07-05 11:50:00,C1078,79.27,gaming,VN,1,1.78,0,0
T105189,2025-07-05 11:53:00,C1107,38.24,grocery,VN,1,3.55,1,0
T104911,2025-07-05 11:57:00,C1017,41.61,electronics,VN,0,23.12,1,0
T101216,2025-07-05 11:58:00,C1184,20.86,travel,VN,0,4.99,0,0
T104653,2025-07-05 12:06:00,C1014,10.16,fuel,VN,1,18.07,3,0
T104094,2025-07-05 12:23:00,C1394,2.65,restaurant,VN,0,9.51,2,0
T101020,2025-07-05 12:30:00,C1030,8.64,electronics,VN,1,4.97,1,0
T100685,2025-07-05 12:33:00,C1279,19.35,electronics,VN,0,1.46,1,0
T102018,2025-07-05 12:51:00,C1309,60.41,electronics,VN,1,21.17,0,0
T101982,2025-07-05 13:03:00,C1354,25.79,gaming,VN,1,41.06,1,0
T102135,2025-07-05 13:13:00,C1084,8.84,gaming,VN,1,2.37,2,0
T105127,2025-07-05 13:44:00,C1251,17.46,gaming,VN,0,6.75,2,0
T103773,2025-07-05 13:58:00,C1180,26.99,grocery,VN,0,21.98,3,0
T102100,2025-07-05 14:02:00,C1296,273.79,fuel,VN,0,10.37,0,0
T105562,2025-07-05 14:04:00,C1157,5.75,grocery,VN,0,1.41,0,0
T101096,2025-07-05 14:06:00,C1386,35.44,clothing,VN,0,5.46,1,0
T100614,2025-07-05 14:24:00,C1103,19.91,restaurant,VN,0,13.47,0,0
T101585,2025-07-05 14:38:00,C1362,11.51,travel,VN,1,1.78,1,0
T105954,2025-07-05 14:40:00,C1264,55.29,pharmacy,VN,0,11.5,0,0
T105365,2025-07-05 14:41:00,C1248,18.89,restaurant,VN,1,8.29,0,0
T103824,2025-07-05 14:53:00,C1121,10.16,restaurant,VN,0,2.35,0,0
T104643,2025-07-05 14:56:00,C1160,24.35,restaurant,VN,1,0.95,1,0
T105709,2025-07-05 15:18:00,C1127,16.89,travel,VN,1,27.07,0,0
T102516,2025-07-05 15:31:00,C1193,14.39,travel,VN,0,11.2,0,0
T104463,2025-07-05 15:31:00,C1193,24.77,gaming,VN,0,16.3,0,0
T103863,2025-07-05 15:42:00,C1246,98.5,electronics,VN,1,20.34,2,0
T100135,2025-07-05 15:53:00,C1074,15.4,gaming,SG,0,4.3,0,0
T101725,2025-07-05 16:04:00,C1057,8.2,grocery,VN,0,4.26,0,0
T100162,2025-07-05 16:10:00,C1248,8.82,gaming,VN,1,7.41,0,0
T103814,2025-07-05 16:12:00,C1131,10.07,grocery,VN,0,1.84,3,0
T103895,2025-07-05 16:29:00,C1300,59.12,gaming,VN,1,7.95,1,0
T100763,2025-07-05 16:43:00,C1247,19.15,travel,VN,1,2.05,0,0
T101286,2025-07-05 16:58:00,C1057,7.16,fuel,VN,1,2.52,0,0
T103183,2025-07-05 17:22:00,C1358,85.73,gaming,VN,1,33.83,0,0
T103584,2025-07-05 17:26:00,C1040,27.57,travel,VN,1,2.92,0,0
T103339,2025-07-05 17:27:00,C1177,49.97,travel,VN,1,44.63,0,0
T103459,2025-07-05 17:36:00,C1012,47.81,pharmacy,VN,0,19.85,1,0
T101390,2025-07-05 17:49:00,C1115,21.37,clothing,BR,1,5.45,0,0
T105636,2025-07-05 17:51:00,C1078,40.84,grocery,VN,0,0.83,0,0
T100264,2025-07-05 17:58:00,C1337,10.33,travel,VN,1,4.65,1,0
T102794,2025-07-05 17:59:00,C1014,16.82,travel,VN,1,1.68,0,0
T101276,2025-07-05 18:04:00,C1090,21.05,fuel,VN,1,8.91,0,0
T100262,2025-07-05 18:07:00,C1384,29.55,clothing,VN,1,126.41,0,0
T102943,2025-07-05 18:08:00,C1022,53.32,pharmacy,VN,1,3.24,0,0
T103020,2025-07-05 18:08:00,C1164,19.02,clothing,VN,1,0.93,0,0
T101653,2025-07-05 18:24:00,C1174,20.13,pharmacy,VN,1,9.64,0,0
T102743,2025-07-05 18:29:00,C1212,9.54,clothing,VN,0,2.91,0,0
T103707,2025-07-05 18:35:00,C1196,45.99,electronics,VN,1,2.85,0,0
T105282,2025-07-05 18:35:00,C1384,25.17,grocery,VN,1,4.32,0,0
T103829,2025-07-05 18:36:00,C1320,64.29,gaming,VN,1,18.08,0,0
T104101,2025-07-05 18:44:00,C1025,52.73,electronics,VN,1,7.39,0,0
T103190,2025-07-05 19:03:00,C1373,10.06,pharmacy,VN,1,7.3,0,0
T104608,2025-07-05 19:03:00,C1056,8.85,electronics,VN,1,24.66,1,0
T104241,2025-07-05 19:22:00,C1146,35.66,restaurant,VN,1,19.8,0,0
T103572,2025-07-05 19:42:00,C1008,24.69,clothing,VN,0,13.66,0,0
T104663,2025-07-05 19:45:00,C1191,60.97,restaurant,VN,1,4.34,1,0
T101540,2025-07-05 20:28:00,C1056,9.52,grocery,VN,1,8.39,1,0
T102431,2025-07-05 20:28:00,C1399,21.43,travel,VN,0,8.73,0,0
T104412,2025-07-05 20:43:00,C1312,10.13,gaming,VN,1,17.16,0,0
T102993,2025-07-05 20:45:00,C1222,29.66,restaurant,VN,0,1.37,0,0
T102402,2025-07-05 20:46:00,C1108,12.24,grocery,VN,1,16.86,0,0
T103143,2025-07-05 20:47:00,C1382,9.97,fuel,VN,1,24.69,1,0
T103449,2025-07-05 21:07:00,C1101,17.33,fuel,VN,0,25.68,1,0
T104615,2025-07-05 21:12:00,C1295,85.28,grocery,VN,0,4.41,1,0
T102899,2025-07-05 21:38:00,C1285,21.61,fuel,BR,1,2.73,1,0
T104180,2025-07-05 21:59:00,C1110,25.81,gaming,VN,1,6.07,1,0
T105840,2025-07-05 22:39:00,C1276,25.23,travel,VN,1,2.08,0,0
T104918,2025-07-05 22:44:00,C1122,5.29,pharmacy,VN,1,20.32,0,0
T104837,2025-07-05 23:31:00,C1195,56.76,electronics,VN,1,8.38,1,0
T105287,2025-07-05 23:56:00,C1108,21.11,grocery,VN,1,14.95,0,0
T102334,2025-07-06 00:21:00,C1358,32.0,clothing,VN,0,4.07,0,0
T102153,2025-07-06 01:19:00,C1130,73.55,grocery,VN,0,0.38,1,1
T100193,2025-07-06 02:00:00,C1000,21.53,travel,VN,1,3.77,0,0
T104376,2025-07-06 06:15:00,C1194,18.85,gaming,VN,0,4.85,0,0
T102105,2025-07-06 06:18:00,C1167,26.44,fuel,VN,0,6.35,0,0
T105551,2025-07-06 06:38:00,C1093,40.56,gaming,VN,0,7.1,2,0
T104240,2025-07-06 07:12:00,C1100,13.48,grocery,VN,1,3.62,2,0
T105220,2025-07-06 07:22:00,C1084,10.25,electronics,VN,1,7.75,0,0
T105479,2025-07-06 07:30:00,C1377,22.61,fuel,VN,1,4.75,1,0
T105665,2025-07-06 08:12:00,C1331,6.18,clothing,VN,0,0.61,1,0
T102224,2025-07-06 09:07:00,C1279,8.34,fuel,VN,0,8.38,1,0
T104243,2025-07-06 09:13:00,C1259,7.15,fuel,VN,1,3.32,0,0
T102182,2025-07-06 09:26:00,C1340,38.54,gaming,GB,0,13.67,1,0
T105497,2025-07-06 09:36:00,C1374,15.49,pharmacy,VN,1,18.86,0,0
T104827,2025-07-06 09:37:00,C1216,25.32,travel,VN,1,23.64,0,0
T101631,2025-07-06 09:45:00,C1219,44.52,restaurant,VN,1,19.14,1,0
T100971,2025-07-06 09:50:00,C1243,25.22,gaming,VN,0,47.96,0,0
T102436,2025-07-06 09:54:00,C1265,15.08,grocery,VN,0,21.99,0,0
T105945,2025-07-06 10:07:00,C1381,28.09,electronics,VN,0,13.93,0,0
T100963,2025-07-06 10:33:00,C1031,16.26,gaming,VN,1,9.0,0,0
T104581,2025-07-06 10:38:00,C1381,39.65,restaurant,VN,1,5.35,0,0
T103497,2025-07-06 10:46:00,C1392,60.23,grocery,VN,0,11.77,0,0
T105698,2025-07-06 10:59:00,C1011,15.9,pharmacy,VN,1,15.17,1,0
T104080,2025-07-06 11:12:00,C1219,67.31,grocery,VN,0,2.15,2,0
T100825,2025-07-06 11:51:00,C1214,332.1,grocery,VN,0,24.11,0,0
T103012,2025-07-06 11:51:00,C1262,38.38,clothing,VN,1,7.74,0,0
T104160,2025-07-06 12:16:00,C1395,12.87,restaurant,VN,1,2.33,0,0
T102147,2025-07-06 12:21:00,C1106,55.97,fuel,VN,1,39.22,0,0
T105920,2025-07-06 12:34:00,C1374,10.73,clothing,VN,1,16.14,2,0
T103620,2025-07-06 12:39:00,C1060,22.38,fuel,VN,1,2.76,0,0
T104890,2025-07-06 12:47:00,C1213,17.47,travel,VN,1,6.41,0,0
T100484,2025-07-06 12:53:00,C1350,8.04,fuel,VN,1,30.44,2,0
T103575,2025-07-06 12:59:00,C1242,7.2,restaurant,VN,1,4.92,1,0
T100319,2025-07-06 13:05:00,C1213,14.91,restaurant,VN,0,3.19,0,0
T100613,2025-07-06 13:10:00,C1002,9.93,clothing,VN,1,80.03,0,0
T104935,2025-07-06 13:12:00,C1224,19.45,electronics,VN,0,7.46,0,0
T102573,2025-07-06 13:15:00,C1233,6.33,travel,VN,0,7.63,0,0
T101423,2025-07-06 13:16:00,C1046,15.64,fuel,VN,1,6.26,0,0
T102885,2025-07-06 13:20:00,C1042,47.9,gaming,VN,1,1.32,0,0
T103169,2025-07-06 13:36:00,C1215,8.45,fuel,VN,1,9.27,0,0
T101071,2025-07-06 13:49:00,C1383,14.44,fuel,VN,1,5.08,0,0
T100573,2025-07-06 14:20:00,C1042,105.21,gaming,VN,1,19.54,0,0
T102620,2025-07-06 14:57:00,C1302,28.0,restaurant,VN,1,4.0,0,0
T102963,2025-07-06 15:05:00,C1134,39.32,travel,VN,1,4.02,0,0
T102833,2025-07-06 15:24:00,C1366,14.37,restaurant,VN,1,111.58,1,0
T104548,2025-07-06 15:34:00,C1061,14.95,travel,VN,1,4.85,0,0
T103525,2025-07-06 15:36:00,C1208,8.89,gaming,VN,1,21.74,0,0
T104301,2025-07-06 15:52:00,C1176,6.21,fuel,VN,1,48.17,0,0
T102508,2025-07-06 16:16:00,C1138,69.68,clothing,VN,0,14.1,0,0
T101759,2025-07-06 16:22:00,C1044,23.91,grocery,VN,0,6.55,0,0
T102138,2025-07-06 16:26:00,C1184,33.52,grocery,VN,0,0.3,3,0
T101191,2025-07-06 16:27:00,C1087,13.65,electronics,VN,1,8.35,0,0
T104687,2025-07-06 16:39:00,C1241,13.46,fuel,VN,0,2.81,1,0
T103233,2025-07-06 16:46:00,C1194,11.37,electronics,VN,1,12.47,1,0
T103938,2025-07-06 17:20:00,C1173,142.65,pharmacy,VN,1,6.0,0,0
T104153,2025-07-06 17:28:00,C1318,12.32,gaming,VN,1,15.0,0,0
T101774,2025-07-06 17:38:00,C1077,65.18,grocery,VN,1,14.64,2,0
T102090,2025-07-06 17:48:00,C1107,27.55,grocery,VN,0,7.67,0,0
T103850,2025-07-06 17:59:00,C1056,19.39,electronics,VN,1,42.07,0,0
T102109,2025-07-06 18:10:00,C1275,153.72,electronics,VN,1,18.27,1,0
T104312,2025-07-06 18:11:00,C1230,50.32,clothing,VN,1,1.85,0,0
T102093,2025-07-06 18:14:00,C1017,42.26,restaurant,VN,0,3.96,0,0
T100969,2025-07-06 18:17:00,C1189,32.09,grocery,VN,1,28.32,0,0
T105512,2025-07-06 18:17:00,C1307,18.61,electronics,VN,1,0.96,0,0
T104351,2025-07-06 18:22:00,C1340,37.63,electronics,SG,0,0.13,4,1
T102584,2025-07-06 18:32:00,C1209,31.27,travel,VN,0,17.42,1,0
T101380,2025-07-06 18:40:00,C1102,78.41,pharmacy,VN,0,5.66,2,0
T104634,2025-07-06 18:40:00,C1282,24.88,gaming,VN,1,0.77,1,0
T102175,2025-07-06 18:47:00,C1128,15.16,pharmacy,VN,0,6.8,0,0
T100842,2025-07-06 19:22:00,C1118,65.38,travel,VN,1,41.15,0,0
T104247,2025-07-06 19:25:00,C1330,27.31,grocery,VN,1,5.98,0,0
T105947,2025-07-06 19:29:00,C1060,51.67,pharmacy,VN,1,26.93,0,0
T103312,2025-07-06 19:32:00,C1243,35.67,fuel,VN,1,38.41,3,0
T100412,2025-07-06 20:21:00,C1094,25.23,travel,VN,0,9.29,0,0
T100516,2025-07-06 20:38:00,C1269,20.99,restaurant,VN,1,12.04,1,0
T102260,2025-07-06 20:43:00,C1140,7.5,pharmacy,VN,1,35.79,1,0
T100850,2025-07-06 20:53:00,C1268,11.17,travel,BR,1,3.28,1,0
T105646,2025-07-06 21:22:00,C1267,46.82,electronics,GB,0,3.56,0,0
T104617,2025-07-06 21:33:00,C1300,23.1,grocery,VN,0,2.7,0,0
T100289,2025-07-06 23:37:00,C1201,38.54,travel,JP,0,0.07,2,1
T101174,2025-07-07 00:11:00,C1216,8.85,gaming,VN,0,18.84,0,0
T100487,2025-07-07 00:19:00,C1377,26.8,grocery,VN,1,4.05,1,0
T102113,2025-07-07 00:59:00,C1026,20.07,restaurant,VN,1,2.62,0,0
T100415,2025-07-07 01:29:00,C1146,21.95,gaming,VN,1,14.16,0,0
T102783,2025-07-07 03:09:00,C1197,6.63,grocery,VN,1,16.69,0,0
T104486,2025-07-07 04:27:00,C1178,49.59,travel,VN,0,1.23,0,1
T102240,2025-07-07 05:35:00,C1160,20.9,gaming,VN,1,15.76,0,0
T102500,2025-07-07 06:35:00,C1264,27.49,clothing,VN,1,10.83,0,0
T104104,2025-07-07 07:10:00,C1040,13.78,clothing,JP,0,8.19,0,0
T101772,2025-07-07 07:18:00,C1189,23.18,fuel,VN,1,5.63,0,0
T105392,2025-07-07 07:21:00,C1118,26.18,gaming,VN,1,0.74,1,0
T105774,2025-07-07 07:28:00,C1076,46.3,gaming,VN,1,19.1,0,0
T100327,2025-07-07 07:54:00,C1391,25.14,gaming,VN,1,1.47,2,0
T102371,2025-07-07 07:58:00,C1195,35.93,fuel,VN,0,6.36,1,0
T105498,2025-07-07 08:05:00,C1226,14.77,pharmacy,VN,1,43.64,0,0
T102732,2025-07-07 08:15:00,C1017,14.38,fuel,VN,1,20.39,0,0
T100534,2025-07-07 08:25:00,C1036,40.26,pharmacy,VN,0,8.56,0,0
T103101,2025-07-07 08:26:00,C1391,18.47,fuel,JP,1,47.03,3,0
T102172,2025-07-07 08:52:00,C1277,21.64,grocery,VN,0,7.14,0,0
T102538,2025-07-07 09:02:00,C1375,31.6,electronics,US,1,5.33,0,0
T104649,2025-07-07 09:29:00,C1235,29.31,grocery,VN,0,6.74,0,0
T104568,2025-07-07 09:31:00,C1363,19.95,pharmacy,VN,1,31.26,0,0
T101515,2025-07-07 09:43:00,C1014,49.57,gaming,VN,1,9.92,0,0
T103052,2025-07-07 09:48:00,C1314,26.7,gaming,VN,0,11.13,0,0
T101122,2025-07-07 09:57:00,C1086,14.93,fuel,JP,0,14.53,0,0
T103099,2025-07-07 10:04:00,C1026,6.6,gaming,VN,1,6.34,3,0
T100610,2025-07-07 10:06:00,C1036,20.25,grocery,VN,0,2.72,1,0
T100063,2025-07-07 10:20:00,C1075,15.75,grocery,VN,1,11.72,0,0
T105250,2025-07-07 10:25:00,C1395,45.08,fuel,VN,0,11.54,0,0
T104713,2025-07-07 10:26:00,C1237,17.65,grocery,VN,1,33.32,1,0
T101809,2025-07-07 10:46:00,C1123,34.31,fuel,VN,1,1.76,1,0
T102131,2025-07-07 10:49:00,C1222,21.63,clothing,VN,0,1.86,0,0
T103323,2025-07-07 11:03:00,C1303,17.7,gaming,VN,1,60.75,0,0
T103978,2025-07-07 12:02:00,C1395,19.33,fuel,VN,1,9.1,1,0
T105170,2025-07-07 12:06:00,C1395,6.77,pharmacy,VN,1,11.2,1,0
T104753,2025-07-07 12:24:00,C1357,14.78,gaming,VN,1,3.56,2,0
T101078,2025-07-07 12:37:00,C1307,34.03,grocery,VN,0,6.24,0,0
T101517,2025-07-07 12:37:00,C1198,6.63,travel,VN,1,4.86,0,0
T103560,2025-07-07 12:40:00,C1219,28.19,electronics,VN,1,29.93,0,0
T101963,2025-07-07 12:42:00,C1026,15.22,grocery,VN,1,27.08,0,0
T101787,2025-07-07 12:43:00,C1140,13.09,fuel,VN,1,12.13,1,0
T103355,2025-07-07 13:06:00,C1338,45.28,electronics,VN,1,12.93,1,0
T102415,2025-07-07 13:21:00,C1328,22.13,gaming,VN,0,3.8,1,0
T105988,2025-07-07 13:24:00,C1147,39.67,grocery,US,1,107.29,2,0
T105901,2025-07-07 13:27:00,C1168,15.38,gaming,VN,1,42.45,3,0
T102655,2025-07-07 13:31:00,C1375,16.27,grocery,VN,1,0.57,0,0
T102567,2025-07-07 14:02:00,C1303,26.65,pharmacy,VN,0,11.04,1,0
T105660,2025-07-07 14:05:00,C1094,111.26,grocery,VN,1,10.63,0,0
T102647,2025-07-07 14:13:00,C1293,12.86,pharmacy,VN,1,50.8,0,0
T100358,2025-07-07 14:36:00,C1322,16.67,fuel,VN,1,4.68,0,0
T105828,2025-07-07 14:49:00,C1265,32.5,fuel,VN,1,396.76,0,0
T103594,2025-07-07 14:58:00,C1001,24.87,grocery,VN,0,34.59,0,0
T104710,2025-07-07 15:17:00,C1174,14.78,restaurant,SG,1,32.9,0,0
T104540,2025-07-07 15:36:00,C1049,17.13,travel,VN,1,3.35,1,0
T104393,2025-07-07 15:50:00,C1330,25.56,restaurant,VN,1,33.88,1,0
T105835,2025-07-07 15:53:00,C1011,9.66,pharmacy,VN,1,1.95,0,0
T101666,2025-07-07 15:55:00,C1002,87.16,pharmacy,VN,0,11.84,1,0
T105548,2025-07-07 17:04:00,C1086,13.27,pharmacy,VN,0,9.46,1,0
T101159,2025-07-07 17:18:00,C1044,38.71,clothing,VN,0,6.95,1,0
T104675,2025-07-07 17:18:00,C1093,36.88,travel,VN,0,3.83,1,0
T103238,2025-07-07 17:19:00,C1022,2.16,grocery,VN,0,1.39,0,0
T102116,2025-07-07 17:28:00,C1379,70.29,pharmacy,VN,1,23.62,0,0
T105897,2025-07-07 17:43:00,C1328,19.17,fuel,VN,1,1.11,0,0
T105242,2025-07-07 17:45:00,C1161,36.61,travel,RU,1,17.63,1,0
T101361,2025-07-07 18:05:00,C1368,25.95,pharmacy,VN,0,45.29,0,0
T102814,2025-07-07 18:12:00,C1167,40.32,clothing,VN,0,32.26,0,0
T101764,2025-07-07 18:21:00,C1142,38.33,grocery,SG,0,53.15,0,0
T105442,2025-07-07 18:28:00,C1319,22.06,restaurant,VN,1,7.23,0,0
T104525,2025-07-07 18:32:00,C1002,27.84,fuel,VN,0,10.98,1,0
T102237,2025-07-07 19:58:00,C1070,11.09,pharmacy,VN,0,4.01,0,0
T104562,2025-07-07 20:27:00,C1075,42.04,clothing,SG,1,60.48,0,0
T105468,2025-07-07 20:40:00,C1077,37.89,restaurant,VN,1,12.31,0,0
T104542,2025-07-07 20:51:00,C1328,13.25,travel,VN,1,46.67,0,0
T103783,2025-07-07 20:53:00,C1222,13.21,restaurant,VN,1,7.7,0,0
T102944,2025-07-07 21:02:00,C1216,70.7,grocery,VN,0,0.38,0,0
T103265,2025-07-07 21:22:00,C1198,36.27,pharmacy,VN,1,19.72,0,0
T104938,2025-07-07 21:22:00,C1074,68.39,restaurant,VN,1,25.19,0,0
T100968,2025-07-07 21:39:00,C1078,24.38,fuel,VN,1,1.79,0,0
T100267,2025-07-07 22:01:00,C1254,100.38,travel,VN,0,7.19,2,0
T100464,2025-07-07 22:08:00,C1362,34.87,gaming,VN,1,1.45,0,0
T103984,2025-07-07 22:13:00,C1209,38.35,pharmacy,VN,1,54.23,0,0
T101082,2025-07-07 23:08:00,C1063,93.33,travel,BR,0,0.16,3,1
T101930,2025-07-07 23:58:00,C1270,27.5,gaming,VN,1,1.3,1,0
T105658,2025-07-08 00:03:00,C1170,39.72,pharmacy,VN,1,6.5,1,0
T103810,2025-07-08 00:32:00,C1267,19.67,grocery,VN,1,23.94,0,0
T104020,2025-07-08 01:42:00,C1084,41.52,gaming,US,0,0.65,6,1
T104908,2025-07-08 03:05:00,C1304,8.82,travel,VN,1,4.66,0,0
T100946,2025-07-08 03:32:00,C1346,15.74,clothing,VN,0,0.54,4,1
T100994,2025-07-08 03:36:00,C1205,19.4,clothing,VN,1,29.01,1,0
T102187,2025-07-08 04:48:00,C1261,16.02,electronics,VN,0,29.56,1,0
T103656,2025-07-08 06:04:00,C1023,20.42,electronics,VN,1,8.94,0,0
T105432,2025-07-08 06:25:00,C1079,19.13,restaurant,VN,1,6.79,0,0
T105767,2025-07-08 06:44:00,C1325,13.8,electronics,VN,0,17.81,1,0
T104440,2025-07-08 07:22:00,C1376,270.59,travel,JP,1,0.36,5,1
T105815,2025-07-08 07:24:00,C1263,17.54,travel,VN,1,16.62,0,0
T101902,2025-07-08 07:33:00,C1228,36.31,restaurant,VN,1,7.19,0,0
T104739,2025-07-08 07:52:00,C1187,7.98,travel,VN,1,10.71,1,0
T105739,2025-07-08 08:02:00,C1293,8.76,fuel,VN,1,4.08,1,0
T100380,2025-07-08 08:43:00,C1296,15.97,restaurant,VN,0,3.28,0,0
T102365,2025-07-08 08:48:00,C1151,52.23,clothing,VN,1,2.34,0,0
T102232,2025-07-08 08:49:00,C1132,125.39,pharmacy,VN,1,5.76,3,0
T102103,2025-07-08 09:00:00,C1335,22.22,travel,VN,0,7.54,1,0
T101837,2025-07-08 09:22:00,C1120,7.81,gaming,VN,1,1.15,2,0
T103316,2025-07-08 09:31:00,C1358,14.76,fuel,VN,0,17.96,0,0
T103861,2025-07-08 09:34:00,C1202,67.35,gaming,VN,1,28.15,0,0
T100716,2025-07-08 09:52:00,C1376,16.97,electronics,VN,1,2.55,0,0
T105728,2025-07-08 09:57:00,C1023,17.68,pharmacy,VN,1,15.79,0,0
T102254,2025-07-08 09:59:00,C1162,23.38,grocery,VN,0,7.28,0,0
T100489,2025-07-08 10:17:00,C1151,15.63,grocery,VN,1,4.62,1,0
T104303,2025-07-08 10:48:00,C1336,34.35,electronics,VN,1,49.49,1,0
T100665,2025-07-08 10:51:00,C1391,84.27,gaming,VN,0,1.91,2,0
T102096,2025-07-08 10:53:00,C1255,10.44,grocery,VN,1,57.12,2,0
T102909,2025-07-08 11:00:00,C1304,5.98,restaurant,VN,1,30.82,0,0
T101012,2025-07-08 11:06:00,C1387,14.22,pharmacy,VN,1,19.56,0,0
T105478,2025-07-08 11:13:00,C1350,27.0,travel,VN,1,24.75,0,0
T103433,2025-07-08 11:19:00,C1256,35.01,gaming,VN,1,3.96,1,0
T103050,2025-07-08 11:20:00,C1113,19.56,travel,BR,0,3.93,0,0
T104413,2025-07-08 11:33:00,C1063,6.75,electronics,VN,0,9.28,0,0
T100493,2025-07-08 11:38:00,C1033,35.22,restaurant,VN,0,5.14,0,0
T104194,2025-07-08 11:38:00,C1188,155.99,gaming,VN,0,7.56,1,0
T102341,2025-07-08 11:41:00,C1251,10.3,travel,VN,1,1.2,1,0
T103772,2025-07-08 11:41:00,C1352,22.01,electronics,VN,1,6.23,0,0
T102088,2025-07-08 12:03:00,C1395,25.16,fuel,VN,1,32.51,1,0
T104344,2025-07-08 12:05:00,C1296,30.75,clothing,VN,0,8.97,0,0
T103714,2025-07-08 12:07:00,C1270,57.19,clothing,VN,0,18.48,0,0
T105126,2025-07-08 12:17:00,C1328,26.72,gaming,VN,1,1.87,2,0
T102284,2025-07-08 12:21:00,C1122,5.84,clothing,SG,1,6.51,0,0
T105052,2025-07-08 12:32:00,C1151,8.37,fuel,VN,1,2.92,0,0
T105618,2025-07-08 12:32:00,C1305,51.84,restaurant,VN,1,24.76,0,0
T100126,2025-07-08 13:02:00,C1072,11.12,travel,VN,0,22.2,1,0
T105383,2025-07-08 13:07:00,C1172,18.07,clothing,VN,0,5.01,2,0
T105966,2025-07-08 13:09:00,C1132,120.02,restaurant,VN,1,7.15,0,0
T105247,2025-07-08 13:17:00,C1203,23.66,restaurant,VN,1,7.62,0,0
T100078,2025-07-08 13:41:00,C1338,89.59,electronics,VN,1,10.53,0,0
T104747,2025-07-08 14:00:00,C1080,21.74,gaming,VN,1,1.07,0,0
T104326,2025-07-08 14:11:00,C1386,13.82,gaming,VN,1,16.02,0,0
T105917,2025-07-08 14:13:00,C1082,50.09,gaming,VN,1,8.98,0,0
T103523,2025-07-08 14:26:00,C1126,25.15,clothing,VN,0,12.29,1,0
T101486,2025-07-08 14:27:00,C1116,10.13,travel,BR,0,31.39,2,0
T105069,2025-07-08 14:29:00,C1213,20.43,restaurant,VN,1,1.96,0,0
T100323,2025-07-08 14:48:00,C1162,38.39,restaurant,VN,0,31.05,0,0
T103368,2025-07-08 14:48:00,C1032,63.74,gaming,VN,1,0.98,1,0
T103552,2025-07-08 14:58:00,C1025,11.87,pharmacy,VN,0,3.77,0,0
T101280,2025-07-08 15:01:00,C1307,103.35,travel,VN,1,7.36,0,0
T102492,2025-07-08 15:11:00,C1202,19.12,gaming,VN,1,6.03,0,0
T101531,2025-07-08 15:12:00,C1358,23.56,fuel,VN,0,6.54,0,0
T103051,2025-07-08 15:12:00,C1145,55.52,travel,VN,1,7.67,0,0
T102008,2025-07-08 15:27:00,C1141,21.48,fuel,BR,1,4.07,0,0
T100985,2025-07-08 15:33:00,C1178,66.49,clothing,VN,0,13.09,1,0
T105454,2025-07-08 15:35:00,C1184,10.0,grocery,VN,0,1.7,0,0
T103122,2025-07-08 15:38:00,C1387,14.78,travel,VN,1,4.17,0,0
T102448,2025-07-08 15:41:00,C1223,22.96,fuel,VN,1,16.92,0,0
T105304,2025-07-08 15:48:00,C1385,19.52,electronics,VN,0,2.22,0,0
T100003,2025-07-08 16:17:00,C1272,4.08,clothing,VN,1,16.66,0,0
T103661,2025-07-08 16:17:00,C1100,14.83,restaurant,VN,1,5.15,0,0
T101061,2025-07-08 16:28:00,C1115,15.17,electronics,VN,1,6.13,2,0
T101381,2025-07-08 16:33:00,C1334,10.85,restaurant,VN,0,18.77,2,0
T104460,2025-07-08 16:33:00,C1379,46.91,fuel,VN,1,5.26,1,0
T101642,2025-07-08 16:42:00,C1205,17.02,travel,VN,0,6.23,1,0
T105741,2025-07-08 16:43:00,C1056,91.02,travel,VN,1,4.69,0,0
T102125,2025-07-08 17:03:00,C1383,40.67,grocery,VN,0,6.3,2,0
T105358,2025-07-08 17:12:00,C1258,128.11,restaurant,VN,1,24.35,1,0
T101452,2025-07-08 17:23:00,C1084,104.58,restaurant,VN,0,3.6,0,0
T102426,2025-07-08 17:58:00,C1342,29.73,pharmacy,VN,1,76.57,1,0
T102438,2025-07-08 18:02:00,C1172,23.91,fuel,VN,1,1.79,0,0
T105765,2025-07-08 18:08:00,C1277,17.18,travel,VN,1,1.14,0,0
T102123,2025-07-08 18:11:00,C1304,18.01,gaming,VN,1,30.86,0,0
T103070,2025-07-08 18:14:00,C1143,15.11,travel,VN,0,18.29,0,0
T104284,2025-07-08 18:17:00,C1169,10.91,electronics,VN,0,40.93,1,0
T102482,2025-07-08 18:25:00,C1367,23.89,grocery,VN,1,14.02,1,0
T102033,2025-07-08 18:28:00,C1249,24.71,pharmacy,VN,0,2.97,0,0
T103928,2025-07-08 18:30:00,C1272,117.1,electronics,RU,1,2.89,1,0
T103118,2025-07-08 18:44:00,C1345,5.35,gaming,VN,0,9.27,0,0
T101946,2025-07-08 18:48:00,C1136,12.59,restaurant,VN,0,7.72,1,0
T101468,2025-07-08 18:59:00,C1395,3.96,electronics,VN,0,45.8,1,0
T103006,2025-07-08 19:02:00,C1355,10.01,gaming,VN,1,3.8,0,0
T105978,2025-07-08 19:13:00,C1051,69.25,travel,VN,1,14.6,0,0
T104148,2025-07-08 19:26:00,C1296,11.31,travel,VN,0,30.46,0,0
T102419,2025-07-08 19:33:00,C1132,34.58,electronics,VN,0,15.91,0,0
T103858,2025-07-08 19:36:00,C1369,42.89,pharmacy,VN,1,2.86,0,0
T104550,2025-07-08 19:51:00,C1321,5.97,grocery,VN,0,11.71,0,0
T100756,2025-07-08 20:00:00,C1242,17.86,travel,VN,1,13.37,0,0
T103659,2025-07-08 20:01:00,C1358,19.74,clothing,VN,0,12.64,0,0
T100083,2025-07-08 20:15:00,C1350,36.95,grocery,VN,1,0.9,1,0
T101516,2025-07-08 20:15:00,C1176,28.02,fuel,VN,0,44.34,1,0
T104317,2025-07-08 20:15:00,C1221,32.34,fuel,VN,1,9.83,0,0
T103058,2025-07-08 20:16:00,C1363,36.28,clothing,VN,1,12.69,0,0
T101552,2025-07-08 20:19:00,C1248,8.81,clothing,SG,1,15.17,0,0
T100542,2025-07-08 20:30:00,C1115,19.1,grocery,VN,1,5.46,1,0
T104945,2025-07-08 20:45:00,C1223,7.5,gaming,NG,0,3.23,0,0
T101400,2025-07-08 20:55:00,C1275,30.69,clothing,VN,1,81.47,0,0
T100183,2025-07-08 21:05:00,C1001,60.42,grocery,VN,0,11.38,0,0
T103084,2025-07-08 21:30:00,C1264,7.08,electronics,VN,0,4.45,2,0
T100356,2025-07-08 21:32:00,C1113,64.51,restaurant,VN,1,8.49,1,0
T104512,2025-07-08 21:41:00,C1256,5.95,pharmacy,US,0,5.6,1,0
T101814,2025-07-08 21:46:00,C1349,6.66,fuel,VN,1,14.6,0,0
T100951,2025-07-08 21:47:00,C1151,25.92,grocery,JP,0,0.51,3,1
T101975,2025-07-08 22:40:00,C1269,116.05,gaming,VN,1,2.95,1,0
T103692,2025-07-08 23:01:00,C1291,3.19,electronics,VN,0,7.96,0,0
T100004,2025-07-08 23:41:00,C1311,5.63,pharmacy,VN,1,1.51,1,0
T103241,2025-07-09 01:17:00,C1259,10.75,pharmacy,VN,1,3.1,1,0
T103464,2025-07-09 01:28:00,C1113,11.4,electronics,VN,0,28.75,1,0
T100230,2025-07-09 01:30:00,C1214,37.67,electronics,VN,0,3.67,2,0
T102144,2025-07-09 02:24:00,C1193,20.6,electronics,VN,0,6.91,0,0
T103676,2025-07-09 05:17:00,C1366,47.23,grocery,VN,1,16.96,0,0
T102950,2025-07-09 05:33:00,C1276,14.11,fuel,VN,1,7.63,0,0
T105790,2025-07-09 05:35:00,C1086,60.94,electronics,VN,1,7.81,1,0
T100962,2025-07-09 05:47:00,C1079,21.51,fuel,VN,1,1.7,0,0
T102550,2025-07-09 06:17:00,C1183,47.36,grocery,VN,1,27.26,0,0
T101685,2025-07-09 06:18:00,C1327,17.1,pharmacy,VN,1,34.93,0,0
T102377,2025-07-09 06:27:00,C1357,22.6,gaming,VN,1,1.83,0,0
T105264,2025-07-09 06:34:00,C1040,377.69,electronics,VN,1,1.59,0,0
T100663,2025-07-09 06:52:00,C1169,21.38,grocery,VN,0,29.56,0,0
T100241,2025-07-09 06:58:00,C1334,19.23,gaming,VN,0,0.72,1,0
T100504,2025-07-09 06:59:00,C1260,28.97,electronics,VN,0,12.84,2,0
T104111,2025-07-09 07:08:00,C1271,51.53,electronics,VN,1,54.42,0,0
T104735,2025-07-09 07:08:00,C1248,23.51,pharmacy,VN,0,9.65,0,0
T101241,2025-07-09 07:33:00,C1018,20.53,electronics,VN,0,4.16,1,0
T102164,2025-07-09 07:34:00,C1287,54.08,pharmacy,VN,1,6.64,1,0
T102551,2025-07-09 07:52:00,C1356,39.45,fuel,VN,1,4.74,0,0
T105501,2025-07-09 08:10:00,C1058,4.27,travel,VN,1,3.9,1,0
T103427,2025-07-09 08:37:00,C1318,62.25,clothing,US,0,0.64,1,0
T104763,2025-07-09 08:38:00,C1358,41.04,fuel,VN,0,13.84,0,0
T104100,2025-07-09 08:44:00,C1063,20.21,pharmacy,VN,1,14.57,1,0
T100349,2025-07-09 08:47:00,C1237,45.63,grocery,VN,0,0.63,0,0
T102954,2025-07-09 09:03:00,C1036,11.04,fuel,RU,1,3.29,1,0
T105426,2025-07-09 09:11:00,C1238,60.89,travel,BR,0,0.39,1,1
T100631,2025-07-09 09:12:00,C1149,9.8,pharmacy,VN,1,11.96,0,0
T100523,2025-07-09 09:24:00,C1052,9.4,clothing,VN,1,16.28,1,0
T102004,2025-07-09 09:25:00,C1318,17.98,electronics,US,0,19.0,1,0
T103039,2025-07-09 09:27:00,C1231,13.93,fuel,VN,1,8.61,0,0
T105092,2025-07-09 09:29:00,C1313,15.34,fuel,VN,1,2.98,0,0
T104924,2025-07-09 09:32:00,C1397,158.11,gaming,VN,1,11.66,1,0
T100435,2025-07-09 09:59:00,C1390,23.56,travel,VN,0,12.6,0,0
T101275,2025-07-09 10:11:00,C1382,4.06,clothing,VN,0,6.33,0,0
T104535,2025-07-09 10:11:00,C1393,5.8,gaming,VN,1,1.01,2,0
T105448,2025-07-09 10:33:00,C1080,151.79,electronics,VN,1,33.8,0,0
T102776,2025-07-09 10:52:00,C1394,27.52,gaming,VN,1,1.93,0,0
T103160,2025-07-09 10:54:00,C1286,11.26,fuel,VN,1,3.53,2,0
T100981,2025-07-09 11:04:00,C1317,4.77,travel,VN,1,14.25,1,0
T101278,2025-07-09 11:23:00,C1000,36.25,restaurant,VN,1,7.26,1,0
T102930,2025-07-09 11:30:00,C1061,30.55,restaurant,VN,1,1.72,1,0
T102996,2025-07-09 11:33:00,C1252,36.65,fuel,VN,0,37.03,0,0
T103124,2025-07-09 11:37:00,C1379,40.25,gaming,VN,0,1.4,1,0
T103490,2025-07-09 11:49:00,C1043,52.6,fuel,VN,1,3.39,2,0
T105933,2025-07-09 12:01:00,C1000,35.49,travel,VN,1,8.16,1,0
T105664,2025-07-09 12:04:00,C1385,14.51,grocery,VN,0,34.05,0,0
T105280,2025-07-09 12:13:00,C1366,18.26,clothing,VN,0,1.89,0,0
T100426,2025-07-09 12:18:00,C1176,18.17,grocery,VN,1,3.01,0,0
T104701,2025-07-09 12:23:00,C1225,40.19,fuel,VN,0,23.84,1,0
T104628,2025-07-09 12:25:00,C1302,76.18,gaming,VN,1,1.32,0,0
T101282,2025-07-09 12:26:00,C1059,48.67,clothing,VN,1,8.95,2,0
T102717,2025-07-09 12:26:00,C1290,8.71,gaming,VN,1,3.07,0,0
T104625,2025-07-09 12:26:00,C1105,133.47,restaurant,VN,0,1.2,0,0
T102617,2025-07-09 12:32:00,C1168,3.09,fuel,VN,0,1.59,1,0
T100433,2025-07-09 12:35:00,C1101,23.74,travel,VN,0,17.78,1,0
T102853,2025-07-09 12:40:00,C1171,39.44,travel,VN,1,2.35,0,0
T101197,2025-07-09 12:48:00,C1257,11.06,pharmacy,VN,0,14.35,0,0
T103855,2025-07-09 12:56:00,C1362,62.58,grocery,VN,0,81.15,0,0
T105722,2025-07-09 13:08:00,C1340,77.24,electronics,VN,1,27.54,1,0
T102302,2025-07-09 13:10:00,C1328,5.17,pharmacy,GB,1,11.76,0,0
T101613,2025-07-09 13:39:00,C1257,12.22,gaming,VN,1,21.93,0,0
T100075,2025-07-09 13:46:00,C1333,9.38,fuel,VN,1,53.91,0,0
T101160,2025-07-09 13:50:00,C1345,29.19,clothing,VN,0,6.53,2,0
T102288,2025-07-09 13:50:00,C1370,31.31,grocery,VN,0,17.02,1,0
T105640,2025-07-09 13:54:00,C1209,13.11,fuel,VN,0,2.01,1,0
T104055,2025-07-09 14:02:00,C1280,11.31,grocery,VN,1,7.43,1,0
T102820,2025-07-09 14:15:00,C1354,8.07,electronics,VN,1,1.02,0,0
T105561,2025-07-09 14:17:00,C1137,32.02,electronics,VN,1,5.6,2,0
T101526,2025-07-09 14:21:00,C1335,5.2,gaming,VN,1,11.01,0,0
T100739,2025-07-09 14:24:00,C1266,38.07,grocery,RU,1,20.98,0,0
T101083,2025-07-09 14:44:00,C1213,50.95,gaming,VN,1,6.43,0,0
T101658,2025-07-09 14:45:00,C1146,11.06,grocery,VN,1,5.28,0,0
T105154,2025-07-09 14:47:00,C1037,43.25,restaurant,VN,0,9.2,0,0
T103292,2025-07-09 14:51:00,C1360,15.61,gaming,VN,1,14.39,0,0
T105073,2025-07-09 14:57:00,C1297,33.15,clothing,VN,0,1.77,0,0
T100012,2025-07-09 15:05:00,C1387,2.88,clothing,VN,0,2.08,0,0
T100463,2025-07-09 15:35:00,C1211,9.78,grocery,VN,1,1.15,0,0
T101832,2025-07-09 15:47:00,C1382,6.19,restaurant,VN,0,1.85,0,0
T104704,2025-07-09 16:22:00,C1379,39.96,clothing,VN,1,15.43,0,0
T105870,2025-07-09 16:22:00,C1174,20.77,restaurant,VN,1,75.21,0,0
T102370,2025-07-09 16:26:00,C1053,12.02,grocery,VN,0,24.33,0,0
T100814,2025-07-09 16:30:00,C1110,19.25,pharmacy,VN,1,2.84,0,0
T101434,2025-07-09 16:41:00,C1084,10.4,electronics,VN,0,4.78,1,0
T103896,2025-07-09 16:48:00,C1177,12.24,fuel,VN,0,4.67,1,0
T104107,2025-07-09 17:11:00,C1155,16.19,clothing,VN,1,9.86,1,0
T101451,2025-07-09 17:25:00,C1365,17.64,electronics,VN,0,2.9,3,0
T105641,2025-07-09 17:34:00,C1005,7.01,pharmacy,VN,0,2.83,2,0
T100428,2025-07-09 17:57:00,C1096,6.81,pharmacy,GB,1,33.62,0,0
T105191,2025-07-09 17:58:00,C1341,15.36,clothing,VN,0,8.41,0,0
T102430,2025-07-09 18:05:00,C1050,68.58,travel,VN,1,6.3,0,0
T101669,2025-07-09 18:15:00,C1316,10.48,gaming,VN,1,8.84,0,0
T105565,2025-07-09 18:20:00,C1131,37.51,electronics,VN,1,6.24,1,0
T100780,2025-07-09 18:22:00,C1375,25.16,electronics,VN,1,5.17,1,0
T104973,2025-07-09 18:33:00,C1391,47.9,electronics,VN,1,4.96,0,0
T104847,2025-07-09 18:43:00,C1167,52.43,clothing,VN,1,47.84,0,0
T100800,2025-07-09 18:52:00,C1279,12.81,restaurant,VN,1,6.69,2,0
T100295,2025-07-09 19:28:00,C1143,6.13,travel,VN,1,2.01,0,0
T102845,2025-07-09 19:45:00,C1361,15.53,restaurant,VN,1,8.37,0,0
T105495,2025-07-09 19:50:00,C1141,30.7,travel,VN,0,11.17,1,0
T101340,2025-07-09 20:28:00,C1376,40.68,pharmacy,VN,1,0.97,0,0
T101913,2025-07-09 20:35:00,C1065,21.51,travel,VN,1,8.97,0,0
T102771,2025-07-09 20:49:00,C1227,8.42,travel,VN,1,12.43,1,0
T101190,2025-07-09 20:53:00,C1195,38.87,electronics,VN,1,9.52,0,0
T101791,2025-07-09 21:06:00,C1007,19.98,travel,VN,1,20.3,1,0
T104265,2025-07-09 21:42:00,C1290,56.48,restaurant,VN,1,9.35,1,0
T101928,2025-07-09 21:43:00,C1005,5.31,electronics,VN,1,18.46,0,0
T102928,2025-07-09 21:45:00,C1057,19.3,pharmacy,VN,0,25.79,0,0
T105702,2025-07-09 21:57:00,C1340,24.33,grocery,VN,0,4.28,1,0
T105163,2025-07-09 22:05:00,C1036,31.7,gaming,VN,1,15.44,0,0
T101373,2025-07-09 22:46:00,C1070,23.09,gaming,VN,1,17.15,1,0
T101927,2025-07-09 22:53:00,C1191,8.24,fuel,VN,0,3.43,0,0
T103621,2025-07-09 23:03:00,C1224,30.99,travel,VN,0,0.18,3,1
T100413,2025-07-09 23:40:00,C1389,16.19,pharmacy,VN,1,3.5,0,0
T101566,2025-07-09 23:47:00,C1216,98.37,restaurant,VN,0,0.6,0,1
T103482,2025-07-09 23:56:00,C1399,22.79,electronics,VN,1,5.94,2,0
T100082,2025-07-10 00:27:00,C1398,67.64,gaming,SG,0,3.16,2,1
T100101,2025-07-10 01:09:00,C1225,20.94,restaurant,VN,0,3.62,1,0
T105629,2025-07-10 04:08:00,C1098,5.51,clothing,VN,0,3.14,0,0
T103056,2025-07-10 04:15:00,C1140,24.12,travel,BR,0,1.63,3,1
T100049,2025-07-10 04:21:00,C1051,54.58,electronics,VN,1,39.31,0,0
T101442,2025-07-10 06:01:00,C1291,37.87,pharmacy,VN,1,21.59,0,0
T101841,2025-07-10 06:06:00,C1199,17.99,travel,VN,1,8.48,0,0
T104056,2025-07-10 07:04:00,C1336,26.26,travel,JP,1,0.72,1,0
T101873,2025-07-10 07:09:00,C1272,12.69,clothing,VN,1,6.05,0,0
T102825,2025-07-10 07:40:00,C1105,78.09,fuel,VN,1,31.8,0,0
T105176,2025-07-10 08:14:00,C1126,145.27,gaming,VN,1,2.86,3,0
T104848,2025-07-10 08:25:00,C1058,21.75,gaming,VN,1,1.33,0,0
T105651,2025-07-10 09:37:00,C1381,18.43,grocery,VN,1,21.61,0,0
T105903,2025-07-10 09:45:00,C1224,166.82,grocery,VN,0,5.01,0,0
T104120,2025-07-10 09:48:00,C1112,61.65,travel,VN,0,3.44,1,0
T100368,2025-07-10 09:50:00,C1257,3.9,gaming,VN,0,1.24,1,0
T105009,2025-07-10 10:08:00,C1117,33.11,fuel,VN,1,17.37,1,0
T100593,2025-07-10 10:29:00,C1193,14.21,electronics,VN,1,4.06,0,0
T103179,2025-07-10 10:36:00,C1243,9.98,fuel,VN,0,23.17,0,0
T100105,2025-07-10 11:02:00,C1332,35.63,fuel,VN,0,1.01,2,0
T100661,2025-07-10 11:08:00,C1226,16.59,travel,VN,1,10.08,3,0
T105455,2025-07-10 11:10:00,C1258,4.11,travel,VN,1,93.21,1,0
T105216,2025-07-10 11:13:00,C1138,6.16,clothing,VN,1,12.82,1,0
T100344,2025-07-10 11:32:00,C1179,35.52,restaurant,VN,1,1.63,0,0
T102347,2025-07-10 11:53:00,C1025,50.61,travel,VN,0,6.13,0,0
T100104,2025-07-10 12:06:00,C1302,13.34,electronics,VN,1,30.42,0,0
T103326,2025-07-10 12:18:00,C1134,49.6,clothing,VN,1,0.37,0,0
T103897,2025-07-10 12:31:00,C1155,40.32,restaurant,US,1,17.62,0,0
T104814,2025-07-10 12:49:00,C1340,70.81,clothing,GB,0,14.75,0,0
T101887,2025-07-10 12:53:00,C1263,45.25,clothing,VN,1,6.07,0,0
T103401,2025-07-10 12:54:00,C1071,27.83,travel,VN,0,30.84,0,0
T100711,2025-07-10 13:14:00,C1386,3.29,restaurant,VN,0,5.83,0,0
T103138,2025-07-10 13:19:00,C1124,18.04,gaming,VN,0,40.34,0,0
T100192,2025-07-10 13:55:00,C1110,16.21,gaming,VN,0,1.6,3,0
T100265,2025-07-10 13:55:00,C1310,13.18,fuel,VN,1,2.35,1,0
T100478,2025-07-10 14:07:00,C1354,38.42,fuel,VN,1,23.24,2,0
T100527,2025-07-10 14:08:00,C1356,112.73,pharmacy,VN,0,8.09,1,0
T102472,2025-07-10 14:13:00,C1369,26.27,grocery,VN,1,7.97,0,0
T105232,2025-07-10 14:14:00,C1198,64.53,grocery,VN,0,7.42,1,0
T102672,2025-07-10 14:15:00,C1046,40.02,restaurant,VN,0,3.35,0,0
T100216,2025-07-10 14:21:00,C1336,15.05,gaming,VN,1,19.76,0,0
T102331,2025-07-10 14:23:00,C1254,13.57,restaurant,VN,1,9.83,1,0
T104378,2025-07-10 14:28:00,C1128,42.78,pharmacy,VN,1,4.28,0,0
T100119,2025-07-10 14:34:00,C1215,23.78,travel,VN,0,2.33,0,0
T102199,2025-07-10 15:35:00,C1146,25.07,travel,VN,1,0.63,0,0
T101021,2025-07-10 15:41:00,C1039,8.83,fuel,VN,0,2.05,1,0
T100529,2025-07-10 15:43:00,C1083,19.26,pharmacy,VN,1,16.75,1,0
T103297,2025-07-10 15:55:00,C1314,5.5,grocery,VN,0,24.86,1,0
T103373,2025-07-10 16:00:00,C1352,10.96,pharmacy,VN,0,12.15,0,0
T104600,2025-07-10 16:03:00,C1355,20.52,pharmacy,VN,0,3.04,0,0
T100790,2025-07-10 16:10:00,C1220,18.56,restaurant,VN,0,4.22,1,0
T101384,2025-07-10 16:19:00,C1005,17.94,fuel,VN,1,8.69,0,0
T103869,2025-07-10 16:21:00,C1134,25.59,pharmacy,VN,0,4.77,0,0
T103150,2025-07-10 16:37:00,C1178,4.34,electronics,VN,1,6.13,0,0
T100134,2025-07-10 16:38:00,C1211,14.89,grocery,VN,0,0.73,1,0
T103831,2025-07-10 16:43:00,C1076,6.94,travel,VN,1,1.77,0,0
T103750,2025-07-10 16:46:00,C1175,4.87,clothing,VN,1,1.18,2,0
T102816,2025-07-10 17:01:00,C1174,3.92,pharmacy,VN,1,0.79,1,0
T104629,2025-07-10 17:04:00,C1019,6.93,pharmacy,VN,1,12.15,1,0
T101193,2025-07-10 17:20:00,C1382,9.35,restaurant,VN,1,33.93,1,0
T102466,2025-07-10 17:29:00,C1010,31.48,fuel,VN,1,3.01,0,0
T101037,2025-07-10 17:59:00,C1389,31.44,pharmacy,VN,0,1.9,2,0
T101556,2025-07-10 18:02:00,C1124,62.52,gaming,VN,0,2.58,0,0
T103415,2025-07-10 18:16:00,C1257,8.57,clothing,VN,1,2.12,0,0
T102536,2025-07-10 18:26:00,C1285,22.32,travel,VN,1,0.65,0,0
T103249,2025-07-10 18:26:00,C1142,9.27,travel,VN,0,9.33,0,0
T101336,2025-07-10 18:30:00,C1390,7.48,travel,VN,0,31.35,0,0
T102527,2025-07-10 18:37:00,C1147,25.82,gaming,VN,0,4.07,0,0
T100597,2025-07-10 18:47:00,C1384,13.66,travel,VN,1,8.06,0,0
T100827,2025-07-10 18:50:00,C1046,72.2,grocery,VN,1,55.63,1,0
T101721,2025-07-10 18:53:00,C1359,26.85,pharmacy,VN,1,4.18,2,0
T104786,2025-07-10 19:31:00,C1204,14.5,restaurant,VN,1,34.12,2,0
T103022,2025-07-10 19:39:00,C1195,32.19,electronics,US,1,3.8,0,0
T100076,2025-07-10 19:51:00,C1382,33.66,restaurant,VN,1,16.35,0,0
T102525,2025-07-10 19:53:00,C1255,6.31,electronics,VN,1,1.23,1,0
T100278,2025-07-10 19:56:00,C1278,25.16,gaming,VN,0,11.52,0,0
T100658,2025-07-10 20:02:00,C1029,38.01,restaurant,VN,1,3.64,0,0
T101667,2025-07-10 20:13:00,C1342,17.77,clothing,VN,1,17.6,0,0
T104144,2025-07-10 20:13:00,C1100,11.25,restaurant,VN,0,6.81,0,0
T102670,2025-07-10 20:19:00,C1396,13.28,gaming,VN,0,24.99,2,0
T103576,2025-07-10 20:33:00,C1187,3.73,grocery,VN,1,41.7,1,0
T100354,2025-07-10 20:43:00,C1371,104.72,restaurant,VN,1,5.74,0,0
T103280,2025-07-10 20:46:00,C1033,12.67,clothing,VN,1,14.36,1,0
T104879,2025-07-10 20:50:00,C1146,48.81,travel,VN,0,16.76,0,0
T101987,2025-07-10 21:05:00,C1090,36.56,travel,VN,0,14.6,0,0
T104131,2025-07-10 21:22:00,C1043,21.01,fuel,VN,0,63.39,2,0
T103329,2025-07-10 21:27:00,C1223,47.47,pharmacy,VN,1,24.53,0,0
T103524,2025-07-10 22:13:00,C1357,22.06,grocery,VN,0,3.87,2,0
T103832,2025-07-10 22:53:00,C1217,12.78,travel,JP,0,0.14,5,1
T105150,2025-07-10 23:08:00,C1115,45.75,gaming,NG,1,0.79,1,0
T105475,2025-07-10 23:08:00,C1363,35.4,travel,VN,1,3.1,1,0
T101973,2025-07-10 23:49:00,C1275,101.98,gaming,VN,1,18.88,0,0
T105112,2025-07-11 00:21:00,C1074,25.7,clothing,VN,1,12.16,0,0
T102336,2025-07-11 01:14:00,C1197,25.34,fuel,JP,0,16.12,0,0
T102702,2025-07-11 02:07:00,C1017,90.63,electronics,JP,0,0.04,5,1
T103669,2025-07-11 04:21:00,C1117,18.01,restaurant,VN,0,4.69,0,0
T105958,2025-07-11 04:51:00,C1066,15.85,electronics,BR,0,1.4,4,1
T100892,2025-07-11 04:52:00,C1210,1.77,clothing,VN,1,13.16,1,0
T103480,2025-07-11 05:59:00,C1198,25.94,pharmacy,VN,1,18.55,1,0
T102888,2025-07-11 06:25:00,C1084,18.62,pharmacy,VN,0,4.77,1,0
T104867,2025-07-11 06:37:00,C1233,53.81,grocery,VN,1,13.37,0,0
T100576,2025-07-11 07:27:00,C1081,11.69,restaurant,VN,0,4.33,0,0
T104230,2025-07-11 07:41:00,C1062,31.38,restaurant,VN,0,2.42,2,0
T102881,2025-07-11 07:54:00,C1248,9.8,grocery,VN,0,7.15,1,0
T105379,2025-07-11 07:55:00,C1209,17.93,clothing,NG,1,48.33,3,0
T102727,2025-07-11 08:17:00,C1130,27.41,electronics,VN,0,5.12,0,0
T103827,2025-07-11 08:24:00,C1231,42.47,electronics,VN,1,0.72,0,0
T104423,2025-07-11 08:55:00,C1092,35.98,electronics,VN,1,7.49,1,0
T102170,2025-07-11 09:05:00,C1209,37.87,electronics,VN,1,10.2,1,0
T104386,2025-07-11 09:09:00,C1073,11.49,clothing,VN,1,25.92,2,0
T105616,2025-07-11 09:19:00,C1100,18.73,restaurant,VN,1,10.57,0,0
T104036,2025-07-11 09:24:00,C1002,20.46,fuel,VN,0,9.43,0,0
T104957,2025-07-11 09:36:00,C1200,49.08,pharmacy,VN,0,1.13,0,0
T105694,2025-07-11 09:46:00,C1400,26.42,grocery,VN,0,4.3,0,0
T104009,2025-07-11 10:00:00,C1109,17.61,fuel,VN,1,2.58,0,0
T102015,2025-07-11 10:08:00,C1187,128.43,clothing,JP,0,6.69,0,0
T104367,2025-07-11 10:19:00,C1374,20.5,fuel,VN,0,10.27,0,0
T103717,2025-07-11 10:22:00,C1203,8.05,fuel,SG,1,11.96,1,0
T103214,2025-07-11 10:35:00,C1160,22.45,pharmacy,VN,1,1.04,0,0
T105976,2025-07-11 10:37:00,C1008,66.65,grocery,VN,1,14.47,0,0
T103898,2025-07-11 10:51:00,C1013,19.88,grocery,VN,0,4.73,0,0
T101394,2025-07-11 10:59:00,C1134,55.66,restaurant,VN,0,2.39,0,0
T101011,2025-07-11 11:00:00,C1366,171.29,electronics,NG,0,6.83,0,0
T101568,2025-07-11 11:03:00,C1175,62.83,grocery,VN,0,10.78,1,0
T100502,2025-07-11 11:05:00,C1061,30.21,gaming,VN,1,43.35,1,0
T100352,2025-07-11 11:23:00,C1099,5.9,electronics,VN,0,6.78,1,0
T104582,2025-07-11 11:39:00,C1395,17.23,clothing,VN,0,5.01,1,0
T105055,2025-07-11 11:43:00,C1118,17.18,electronics,VN,1,3.32,0,0
T103048,2025-07-11 11:56:00,C1318,19.54,electronics,VN,0,0.62,0,0
T101957,2025-07-11 11:58:00,C1362,10.19,clothing,VN,0,1.47,2,0
T104844,2025-07-11 12:25:00,C1169,23.55,fuel,VN,1,4.0,0,0
T102744,2025-07-11 12:35:00,C1191,8.69,gaming,VN,0,1.53,0,0
T100830,2025-07-11 12:36:00,C1280,5.19,clothing,VN,1,7.63,0,0
T105938,2025-07-11 12:59:00,C1312,61.96,fuel,VN,0,1.28,1,0
T101344,2025-07-11 13:17:00,C1063,14.47,pharmacy,SG,1,10.24,0,0
T100820,2025-07-11 13:20:00,C1381,19.78,gaming,VN,1,1.93,0,0
T102322,2025-07-11 13:24:00,C1352,110.62,travel,VN,1,12.45,0,0
T103026,2025-07-11 14:17:00,C1312,129.38,clothing,BR,0,1.14,2,0
T105005,2025-07-11 14:27:00,C1031,3.63,pharmacy,VN,1,49.81,0,0
T100633,2025-07-11 14:38:00,C1038,25.49,restaurant,VN,1,9.03,0,0
T103911,2025-07-11 14:47:00,C1346,26.8,electronics,VN,1,9.45,1,0
T104686,2025-07-11 14:49:00,C1354,60.82,restaurant,VN,0,8.19,0,0
T102007,2025-07-11 14:59:00,C1217,7.58,pharmacy,RU,1,14.26,1,0
T100444,2025-07-11 15:00:00,C1247,41.49,travel,VN,1,6.06,2,0
T103161,2025-07-11 15:11:00,C1143,6.76,clothing,VN,1,16.82,0,0
T103687,2025-07-11 15:22:00,C1075,9.81,pharmacy,VN,1,19.68,2,0
T101215,2025-07-11 15:41:00,C1040,63.53,fuel,VN,1,16.58,3,0
T101463,2025-07-11 15:42:00,C1292,94.82,electronics,VN,0,75.64,2,0
T104592,2025-07-11 15:49:00,C1116,54.23,restaurant,VN,0,12.24,1,0
T103263,2025-07-11 16:01:00,C1300,9.28,travel,VN,1,11.94,2,0
T102505,2025-07-11 16:23:00,C1121,31.42,gaming,VN,0,6.2,0,0
T100031,2025-07-11 16:50:00,C1222,5.28,restaurant,SG,0,9.68,0,0
T104872,2025-07-11 16:59:00,C1329,15.4,restaurant,VN,0,1.71,0,0
T102434,2025-07-11 17:08:00,C1236,28.48,clothing,VN,0,5.47,0,0
T104984,2025-07-11 17:16:00,C1187,38.25,restaurant,VN,0,7.59,0,0
T100184,2025-07-11 17:32:00,C1172,9.66,fuel,VN,1,6.33,2,0
T103697,2025-07-11 17:34:00,C1311,30.74,electronics,VN,1,3.78,0,0
T105294,2025-07-11 17:37:00,C1349,17.44,clothing,VN,1,16.88,0,0
T103637,2025-07-11 17:47:00,C1298,88.03,gaming,VN,0,3.29,0,0
T100381,2025-07-11 17:57:00,C1275,10.16,gaming,VN,1,35.69,0,0
T102316,2025-07-11 18:00:00,C1191,33.81,fuel,VN,1,5.21,0,0
T105781,2025-07-11 18:04:00,C1049,44.25,fuel,VN,1,9.34,1,0
T103288,2025-07-11 18:07:00,C1246,25.94,travel,VN,1,18.92,0,0
T104231,2025-07-11 18:08:00,C1268,15.24,grocery,VN,1,17.79,2,0
T101323,2025-07-11 18:40:00,C1116,8.96,grocery,VN,1,22.7,0,0
T105023,2025-07-11 19:05:00,C1052,31.82,restaurant,VN,1,8.29,0,0
T101995,2025-07-11 19:19:00,C1250,30.1,gaming,VN,0,1.47,0,0
T103130,2025-07-11 19:20:00,C1197,73.27,pharmacy,VN,1,5.41,0,0
T105291,2025-07-11 19:25:00,C1206,18.0,electronics,VN,1,4.15,1,0
T102543,2025-07-11 19:26:00,C1277,7.91,restaurant,VN,1,0.97,1,0
T102651,2025-07-11 19:30:00,C1122,42.65,restaurant,VN,1,82.27,2,0
T103724,2025-07-11 19:37:00,C1139,18.29,gaming,VN,0,14.7,0,0
T102725,2025-07-11 19:51:00,C1058,11.26,gaming,VN,0,14.33,0,0
T105964,2025-07-11 19:58:00,C1231,17.37,clothing,VN,1,17.9,2,0
T101683,2025-07-11 19:59:00,C1265,34.99,travel,VN,0,3.02,0,0
T101575,2025-07-11 20:08:00,C1295,21.6,travel,VN,1,11.9,1,0
T100443,2025-07-11 20:24:00,C1119,20.81,clothing,VN,1,1.93,1,0
T100734,2025-07-11 20:56:00,C1370,3.97,clothing,VN,1,4.26,0,0
T101894,2025-07-11 21:41:00,C1282,33.69,pharmacy,VN,0,6.88,0,0
T105819,2025-07-11 21:48:00,C1236,19.89,clothing,VN,0,3.28,0,0
T102317,2025-07-11 21:54:00,C1142,43.77,grocery,VN,1,7.56,0,0
T100727,2025-07-11 21:55:00,C1163,14.22,clothing,VN,1,6.96,3,0
T105437,2025-07-11 22:09:00,C1003,18.6,grocery,VN,1,1.26,1,0
T101980,2025-07-11 22:31:00,C1372,31.89,travel,VN,1,1.63,0,0
T100481,2025-07-11 22:32:00,C1284,7.28,grocery,VN,1,36.35,0,0
T100870,2025-07-11 22:59:00,C1237,23.34,gaming,VN,0,17.19,0,0
T104165,2025-07-11 23:09:00,C1167,3.32,fuel,VN,1,1.4,0,0
T102926,2025-07-11 23:21:00,C1299,27.95,grocery,VN,0,6.83,0,0
T105980,2025-07-11 23:35:00,C1258,104.97,fuel,VN,0,7.47,0,0
T103337,2025-07-11 23:44:00,C1263,32.09,fuel,VN,0,7.27,2,0
T101691,2025-07-12 00:21:00,C1065,27.57,grocery,VN,1,18.46,1,0
T103205,2025-07-12 01:47:00,C1093,35.18,fuel,VN,0,2.64,0,0
T101768,2025-07-12 04:50:00,C1220,13.51,restaurant,VN,0,3.28,0,0
T102625,2025-07-12 06:13:00,C1320,60.48,gaming,VN,0,5.05,3,0
T104469,2025-07-12 06:33:00,C1087,9.21,grocery,VN,1,11.81,0,0
T100490,2025-07-12 06:35:00,C1038,25.17,gaming,VN,1,3.19,1,0
T100141,2025-07-12 06:59:00,C1130,17.29,fuel,BR,1,29.43,1,0
T104490,2025-07-12 07:10:00,C1220,20.84,electronics,VN,1,14.07,0,0
T100374,2025-07-12 08:00:00,C1388,120.27,pharmacy,VN,1,36.44,1,0
T100208,2025-07-12 08:06:00,C1355,36.3,electronics,VN,0,0.76,0,0
T100887,2025-07-12 08:12:00,C1084,13.3,gaming,VN,0,12.83,0,0
T104626,2025-07-12 08:12:00,C1345,65.57,electronics,VN,0,33.14,1,0
T100641,2025-07-12 08:16:00,C1188,14.27,restaurant,VN,1,4.67,2,0
T105215,2025-07-12 08:27:00,C1373,21.82,electronics,VN,1,7.77,0,0
T104356,2025-07-12 08:31:00,C1061,13.87,clothing,VN,1,8.46,0,0
T105234,2025-07-12 08:39:00,C1118,13.47,fuel,VN,1,26.22,3,0
T100167,2025-07-12 08:41:00,C1272,10.17,gaming,VN,1,72.86,2,0
T105608,2025-07-12 08:47:00,C1023,6.3,travel,VN,1,11.89,0,0
T103639,2025-07-12 09:01:00,C1086,48.68,fuel,VN,1,19.67,0,0
T102965,2025-07-12 09:17:00,C1260,6.17,clothing,VN,1,6.28,0,0
T100738,2025-07-12 09:21:00,C1249,37.94,gaming,NG,1,11.53,0,0
T101343,2025-07-12 09:21:00,C1141,57.61,gaming,VN,0,2.71,0,0
T103374,2025-07-12 09:25:00,C1383,6.62,travel,VN,1,14.74,2,0
T101365,2025-07-12 09:30:00,C1096,49.4,gaming,VN,0,11.97,1,0
T104498,2025-07-12 09:41:00,C1078,12.85,travel,VN,0,13.44,2,0
T103228,2025-07-12 09:45:00,C1095,24.31,grocery,VN,0,24.5,1,0
T102569,2025-07-12 09:51:00,C1374,19.02,electronics,VN,1,17.58,0,0
T105801,2025-07-12 09:57:00,C1117,25.03,travel,VN,1,5.94,1,0
T105354,2025-07-12 10:00:00,C1270,9.98,gaming,VN,1,29.3,2,0
T101775,2025-07-12 10:06:00,C1297,36.9,gaming,VN,0,6.57,2,0
T103701,2025-07-12 10:11:00,C1061,23.94,electronics,VN,1,5.31,0,0
T103317,2025-07-12 10:13:00,C1032,10.68,restaurant,VN,1,5.27,1,0
T102388,2025-07-12 10:20:00,C1296,24.58,travel,VN,1,2.96,0,0
T100920,2025-07-12 10:22:00,C1190,26.5,electronics,VN,0,16.41,0,0
T103975,2025-07-12 10:31:00,C1034,30.61,travel,VN,1,6.96,0,0
T101040,2025-07-12 10:37:00,C1283,20.7,clothing,VN,1,31.97,0,0
T102782,2025-07-12 10:37:00,C1267,11.79,clothing,VN,0,4.12,0,0
T104087,2025-07-12 10:57:00,C1116,144.85,travel,VN,0,5.41,1,0
T104066,2025-07-12 11:05:00,C1026,32.72,restaurant,VN,1,14.29,0,0
T105550,2025-07-12 11:11:00,C1017,18.31,electronics,VN,0,1.88,0,0
T102893,2025-07-12 11:41:00,C1211,21.54,pharmacy,BR,1,1.56,0,0
T100172,2025-07-12 11:48:00,C1045,221.75,restaurant,VN,0,6.97,0,0
T102366,2025-07-12 12:02:00,C1315,49.04,pharmacy,VN,1,4.12,0,0
T104295,2025-07-12 12:02:00,C1050,33.67,grocery,VN,1,17.03,0,0
T102042,2025-07-12 12:07:00,C1223,15.31,travel,VN,1,14.33,1,0
T105231,2025-07-12 12:07:00,C1013,24.31,electronics,VN,1,11.94,0,0
T103646,2025-07-12 12:14:00,C1250,7.54,fuel,VN,1,13.68,0,0
T101848,2025-07-12 12:29:00,C1000,5.87,travel,VN,1,3.75,0,0
T101165,2025-07-12 12:35:00,C1317,36.33,travel,VN,0,3.18,0,0
T103688,2025-07-12 12:36:00,C1097,9.59,electronics,VN,1,43.61,1,0
T103389,2025-07-12 12:43:00,C1133,5.98,pharmacy,VN,1,4.96,0,0
T103545,2025-07-12 12:55:00,C1242,36.26,electronics,VN,0,9.57,1,0
T100067,2025-07-12 12:56:00,C1124,93.4,restaurant,GB,1,24.99,0,0
T103460,2025-07-12 13:00:00,C1287,53.96,travel,VN,1,12.86,1,0
T101249,2025-07-12 13:06:00,C1080,21.68,fuel,VN,0,15.98,1,0
T103579,2025-07-12 13:07:00,C1104,43.49,restaurant,VN,0,2.14,1,0
T103690,2025-07-12 13:17:00,C1044,52.38,travel,VN,1,18.07,0,0
T102379,2025-07-12 13:20:00,C1127,4.46,pharmacy,SG,0,1.43,0,0
T105254,2025-07-12 13:23:00,C1202,44.85,pharmacy,VN,1,1.78,2,0
T100695,2025-07-12 13:36:00,C1028,8.16,clothing,VN,1,3.31,0,0
T105146,2025-07-12 13:37:00,C1162,68.01,gaming,VN,1,4.3,1,0
T102611,2025-07-12 14:17:00,C1323,80.72,electronics,VN,1,3.25,2,0
T101273,2025-07-12 14:21:00,C1099,68.92,grocery,VN,0,16.87,0,0
T104864,2025-07-12 14:26:00,C1256,11.52,grocery,US,1,4.56,0,0
T103521,2025-07-12 14:39:00,C1134,38.59,fuel,VN,1,16.61,1,0
T101006,2025-07-12 14:40:00,C1394,14.57,fuel,VN,0,2.67,2,0
T102919,2025-07-12 14:43:00,C1085,67.31,pharmacy,VN,0,9.31,0,0
T102764,2025-07-12 14:48:00,C1238,6.61,grocery,JP,1,3.48,1,0
T104703,2025-07-12 15:06:00,C1298,14.29,clothing,VN,0,0.88,1,0
T101161,2025-07-12 15:12:00,C1367,7.31,fuel,VN,0,2.77,0,0
T103264,2025-07-12 15:12:00,C1247,27.56,fuel,VN,0,16.1,2,0
T105267,2025-07-12 15:14:00,C1241,29.09,electronics,VN,1,5.42,1,0
T102664,2025-07-12 15:24:00,C1284,9.03,travel,VN,1,12.17,2,0
T103162,2025-07-12 15:24:00,C1051,15.77,travel,VN,1,6.09,0,0
T102595,2025-07-12 15:28:00,C1234,22.55,gaming,VN,0,4.42,0,0
T103232,2025-07-12 15:30:00,C1098,10.98,restaurant,VN,0,7.54,0,0
T104951,2025-07-12 15:40:00,C1125,67.43,pharmacy,VN,0,12.67,0,0
T100656,2025-07-12 15:45:00,C1031,42.38,grocery,VN,0,28.12,1,0
T102121,2025-07-12 16:01:00,C1094,103.53,fuel,VN,0,2.32,1,0
T104810,2025-07-12 16:02:00,C1244,71.86,electronics,VN,1,1.59,1,0
T100577,2025-07-12 16:04:00,C1109,13.02,restaurant,US,1,13.03,1,0
T102189,2025-07-12 16:07:00,C1054,31.15,clothing,VN,1,2.31,0,0
T100023,2025-07-12 16:10:00,C1258,17.24,gaming,VN,1,1.72,1,0
T105659,2025-07-12 16:13:00,C1376,31.03,clothing,VN,1,1.51,1,0
T100222,2025-07-12 16:33:00,C1382,52.64,fuel,VN,0,0.83,3,0
T101754,2025-07-12 16:40:00,C1239,33.19,gaming,VN,0,5.11,0,0
T100650,2025-07-12 16:56:00,C1155,24.95,travel,VN,0,2.26,0,0
T100848,2025-07-12 16:59:00,C1367,34.99,grocery,VN,0,2.55,2,0
T105310,2025-07-12 17:08:00,C1318,46.18,restaurant,VN,1,1.14,2,0
T102518,2025-07-12 17:11:00,C1238,8.1,clothing,VN,1,11.09,0,0
T105490,2025-07-12 17:13:00,C1201,0.98,pharmacy,VN,1,77.66,1,0
T103240,2025-07-12 17:16:00,C1005,10.34,grocery,VN,0,3.51,0,0
T104571,2025-07-12 17:36:00,C1039,7.44,fuel,VN,1,22.99,1,0
T101608,2025-07-12 17:40:00,C1091,7.41,electronics,VN,1,4.63,1,0
T104849,2025-07-12 17:41:00,C1220,32.58,fuel,VN,1,3.86,0,0
T104646,2025-07-12 17:52:00,C1088,14.79,pharmacy,VN,1,2.14,2,0
T100983,2025-07-12 17:59:00,C1368,36.91,grocery,VN,1,1.98,0,0
T101105,2025-07-12 18:03:00,C1297,26.74,travel,VN,0,5.14,1,0
T101281,2025-07-12 18:26:00,C1386,7.62,restaurant,VN,1,3.64,0,0
T104861,2025-07-12 18:27:00,C1030,36.05,restaurant,VN,1,11.25,0,0
T103224,2025-07-12 18:28:00,C1149,19.65,fuel,VN,0,2.57,0,0
T102058,2025-07-12 18:33:00,C1283,23.68,electronics,VN,1,3.64,1,0
T104251,2025-07-12 18:33:00,C1079,7.66,restaurant,VN,0,3.92,1,0
T103472,2025-07-12 18:39:00,C1089,32.45,pharmacy,VN,0,3.03,0,0
T103083,2025-07-12 18:41:00,C1186,20.17,clothing,VN,1,7.72,0,0
T103168,2025-07-12 18:43:00,C1310,13.21,grocery,VN,0,38.78,0,0
T105389,2025-07-12 19:07:00,C1075,51.97,pharmacy,VN,1,0.28,0,0
T100357,2025-07-12 19:23:00,C1273,11.71,gaming,VN,0,13.83,1,0
T100941,2025-07-12 19:23:00,C1204,46.21,grocery,JP,1,1.71,0,0
T101446,2025-07-12 19:30:00,C1031,24.02,fuel,VN,1,0.88,1,0
T104528,2025-07-12 19:36:00,C1103,37.61,grocery,VN,0,2.77,0,0
T101341,2025-07-12 19:38:00,C1370,36.01,restaurant,VN,1,2.48,1,0
T103328,2025-07-12 19:41:00,C1287,49.94,travel,BR,1,6.44,1,0
T102980,2025-07-12 19:46:00,C1116,27.26,restaurant,VN,1,14.7,0,0
T101991,2025-07-12 19:53:00,C1305,22.05,pharmacy,VN,1,5.06,0,0
T102846,2025-07-12 20:31:00,C1342,31.23,pharmacy,VN,0,2.63,0,0
T103528,2025-07-12 20:32:00,C1004,48.43,restaurant,VN,0,4.65,2,0
T101317,2025-07-12 20:38:00,C1310,7.9,gaming,VN,0,14.75,1,0
T100041,2025-07-12 20:42:00,C1005,14.05,grocery,VN,1,10.11,0,0
T100441,2025-07-12 20:58:00,C1278,16.5,travel,VN,1,4.17,1,0
T103477,2025-07-12 20:58:00,C1099,33.82,electronics,VN,1,42.48,0,0
T100526,2025-07-12 20:59:00,C1048,8.32,fuel,VN,1,11.82,0,0
T103014,2025-07-12 21:06:00,C1048,13.47,clothing,VN,1,11.66,1,0
T100103,2025-07-12 21:11:00,C1288,26.94,restaurant,VN,1,2.13,1,0
T100984,2025-07-12 21:18:00,C1115,74.57,clothing,VN,1,6.27,1,0
T104989,2025-07-12 22:25:00,C1386,44.52,grocery,VN,0,58.66,0,0
T101090,2025-07-12 22:50:00,C1220,37.8,restaurant,VN,1,105.24,0,0
T105014,2025-07-12 23:09:00,C1092,12.71,grocery,VN,0,16.61,0,0
T104275,2025-07-13 01:52:00,C1104,38.22,fuel,VN,0,1.58,0,0
T100552,2025-07-13 02:05:00,C1330,177.48,clothing,VN,1,6.61,0,0
T100822,2025-07-13 02:28:00,C1073,63.83,travel,VN,1,27.41,0,0
T104373,2025-07-13 02:48:00,C1015,19.07,clothing,VN,0,7.48,0,0
T101406,2025-07-13 02:59:00,C1253,26.97,travel,VN,0,4.05,2,0
T101961,2025-07-13 05:57:00,C1224,64.95,restaurant,VN,0,5.87,0,0
T103843,2025-07-13 06:27:00,C1328,16.93,clothing,VN,0,13.54,2,0
T102723,2025-07-13 06:31:00,C1398,7.77,fuel,VN,1,1.51,1,0
T102761,2025-07-13 06:32:00,C1047,40.07,restaurant,VN,0,7.67,0,0
T101260,2025-07-13 06:42:00,C1252,12.85,travel,VN,0,7.48,0,0
T103341,2025-07-13 06:46:00,C1352,42.89,pharmacy,VN,0,16.35,2,0
T101210,2025-07-13 06:47:00,C1376,41.1,pharmacy,VN,0,4.91,2,0
T100476,2025-07-13 06:48:00,C1083,65.87,restaurant,VN,1,11.51,1,0
T101121,2025-07-13 06:51:00,C1289,43.14,restaurant,VN,1,12.96,1,0
T100211,2025-07-13 06:54:00,C1399,1.63,restaurant,VN,1,23.86,2,0
T102085,2025-07-13 07:10:00,C1240,75.51,clothing,VN,0,5.52,1,0
T102848,2025-07-13 07:25:00,C1159,46.14,restaurant,VN,0,14.63,0,0
T101579,2025-07-13 08:31:00,C1313,34.02,travel,VN,0,9.06,1,0
T100308,2025-07-13 08:43:00,C1329,31.38,pharmacy,VN,1,4.33,0,0
T104733,2025-07-13 08:47:00,C1110,3.61,fuel,VN,1,2.79,0,0
T103902,2025-07-13 08:51:00,C1060,22.39,clothing,VN,0,46.47,0,0
T105429,2025-07-13 09:01:00,C1077,12.57,restaurant,VN,1,6.75,0,0
T101175,2025-07-13 09:12:00,C1137,16.43,grocery,VN,1,14.25,1,0
T100236,2025-07-13 09:17:00,C1054,105.02,gaming,VN,1,1.21,0,0
T103731,2025-07-13 09:47:00,C1334,32.82,grocery,VN,0,3.11,0,0
T105536,2025-07-13 09:48:00,C1195,76.01,grocery,VN,1,4.95,0,0
T105875,2025-07-13 09:57:00,C1033,11.1,fuel,VN,0,0.57,1,0
T105038,2025-07-13 09:58:00,C1214,8.66,fuel,VN,1,8.27,0,0
T105584,2025-07-13 10:03:00,C1316,6.97,restaurant,VN,1,9.68,1,0
T104806,2025-07-13 10:12:00,C1222,8.02,electronics,VN,1,11.13,0,0
T101140,2025-07-13 10:14:00,C1093,21.38,fuel,VN,1,6.78,0,0
T100080,2025-07-13 10:19:00,C1054,27.94,pharmacy,VN,0,7.66,0,0
T101378,2025-07-13 10:20:00,C1227,48.79,fuel,VN,0,12.38,0,0
T104108,2025-07-13 10:40:00,C1155,29.06,travel,VN,0,21.62,0,0
T102637,2025-07-13 10:42:00,C1340,30.61,restaurant,VN,1,19.08,0,0
T103774,2025-07-13 10:52:00,C1177,16.09,grocery,VN,1,8.46,3,0
T105539,2025-07-13 11:22:00,C1074,24.22,grocery,VN,1,128.11,1,0
T103443,2025-07-13 11:34:00,C1094,30.68,grocery,VN,0,10.88,0,0
T104018,2025-07-13 11:42:00,C1321,12.71,grocery,VN,1,8.45,1,0
T102484,2025-07-13 11:51:00,C1024,12.46,gaming,BR,0,6.87,2,0
T103092,2025-07-13 12:03:00,C1025,12.45,fuel,VN,1,0.79,1,0
T103398,2025-07-13 12:06:00,C1028,24.85,pharmacy,VN,1,25.19,0,0
T104914,2025-07-13 12:13:00,C1310,8.77,travel,VN,1,23.13,2,0
T102616,2025-07-13 12:16:00,C1253,15.31,grocery,VN,0,52.27,0,0
T104086,2025-07-13 12:57:00,C1282,10.12,grocery,VN,1,10.07,3,0
T100285,2025-07-13 13:11:00,C1356,36.25,electronics,VN,1,13.13,0,0
T104903,2025-07-13 13:23:00,C1211,19.77,clothing,VN,0,9.24,0,0
T102960,2025-07-13 13:32:00,C1088,22.58,fuel,VN,1,4.09,0,0
T105013,2025-07-13 13:37:00,C1393,14.95,gaming,VN,0,0.56,1,0
T100980,2025-07-13 13:45:00,C1203,27.37,electronics,VN,1,12.39,2,0
T100142,2025-07-13 13:55:00,C1141,11.22,restaurant,VN,1,9.68,1,0
T103246,2025-07-13 14:05:00,C1071,31.25,clothing,VN,1,31.3,1,0
T104517,2025-07-13 14:14:00,C1385,22.54,restaurant,VN,1,24.18,1,0
T101732,2025-07-13 14:16:00,C1065,31.81,grocery,VN,1,7.23,1,0
T103271,2025-07-13 14:16:00,C1353,18.4,grocery,VN,1,0.97,0,0
T105093,2025-07-13 14:31:00,C1008,16.74,grocery,BR,0,3.29,1,0
T100271,2025-07-13 14:36:00,C1204,7.13,pharmacy,VN,1,14.64,0,0
T101910,2025-07-13 15:03:00,C1077,52.43,gaming,VN,1,9.76,0,0
T104865,2025-07-13 15:06:00,C1253,10.89,gaming,VN,0,3.25,2,0
T104368,2025-07-13 15:30:00,C1384,30.7,restaurant,VN,1,2.82,1,0
T101333,2025-07-13 15:34:00,C1131,25.5,restaurant,VN,0,3.08,1,0
T102859,2025-07-13 15:35:00,C1289,23.02,clothing,VN,1,1.69,2,0
T103742,2025-07-13 15:52:00,C1232,6.29,fuel,BR,1,18.67,3,0
T104496,2025-07-13 15:52:00,C1338,9.26,grocery,VN,0,4.34,1,0
T104077,2025-07-13 15:57:00,C1176,9.8,clothing,VN,1,17.1,0,0
T101421,2025-07-13 16:08:00,C1058,16.64,pharmacy,VN,1,12.76,1,0
T103699,2025-07-13 16:08:00,C1010,18.5,gaming,VN,1,2.68,0,0
T104812,2025-07-13 16:18:00,C1107,14.69,grocery,VN,0,1.31,1,0
T104198,2025-07-13 16:23:00,C1077,24.79,travel,VN,1,11.49,0,0
T101030,2025-07-13 16:33:00,C1276,52.68,restaurant,VN,0,6.64,3,0
T105603,2025-07-13 16:34:00,C1000,12.54,pharmacy,VN,1,3.05,1,0
T105363,2025-07-13 16:36:00,C1229,13.03,pharmacy,VN,1,20.02,0,0
T102152,2025-07-13 16:47:00,C1332,46.95,travel,VN,1,24.58,2,0
T105360,2025-07-13 16:48:00,C1134,13.4,travel,VN,1,9.76,2,0
T103532,2025-07-13 16:49:00,C1077,63.85,pharmacy,VN,1,9.64,0,0
T105129,2025-07-13 16:50:00,C1262,29.37,clothing,RU,1,2.62,0,0
T103212,2025-07-13 16:53:00,C1341,47.16,travel,VN,0,12.05,1,0
T101066,2025-07-13 17:11:00,C1350,83.87,electronics,VN,1,3.32,2,0
T102225,2025-07-13 17:18:00,C1372,7.76,grocery,VN,1,6.53,0,0
T101102,2025-07-13 17:20:00,C1267,32.75,fuel,SG,0,16.14,0,0
T105832,2025-07-13 17:21:00,C1284,5.12,restaurant,VN,1,6.86,1,0
T100706,2025-07-13 17:23:00,C1114,24.7,electronics,VN,1,15.05,2,0
T100547,2025-07-13 17:39:00,C1042,18.98,restaurant,VN,1,48.48,2,0
T102000,2025-07-13 17:45:00,C1216,97.82,electronics,VN,0,12.37,0,0
T104430,2025-07-13 17:57:00,C1228,14.33,fuel,VN,1,3.78,1,0
T105859,2025-07-13 18:06:00,C1342,91.23,travel,VN,0,5.41,1,0
T100896,2025-07-13 18:08:00,C1136,44.22,grocery,VN,1,12.09,1,0
T100059,2025-07-13 18:18:00,C1088,23.92,electronics,VN,1,16.38,1,0
T103257,2025-07-13 18:22:00,C1327,86.13,clothing,VN,1,6.43,0,0
T100197,2025-07-13 18:30:00,C1206,15.82,pharmacy,VN,1,8.24,0,0
T100704,2025-07-13 18:49:00,C1254,7.96,travel,VN,1,15.74,1,0
T105890,2025-07-13 18:59:00,C1060,4.44,fuel,VN,1,2.59,0,0
T101994,2025-07-13 19:21:00,C1110,16.21,clothing,VN,0,11.49,0,0
T105788,2025-07-13 19:59:00,C1304,26.01,electronics,US,0,6.23,2,0
T102458,2025-07-13 20:06:00,C1230,4.38,pharmacy,VN,1,23.76,2,0
T103636,2025-07-13 20:29:00,C1380,12.39,pharmacy,VN,1,3.2,0,0
T105145,2025-07-13 20:43:00,C1002,30.93,electronics,VN,1,7.94,0,0
T103384,2025-07-13 20:50:00,C1152,44.59,restaurant,VN,0,1.55,1,0
T105973,2025-07-13 21:08:00,C1079,10.62,travel,VN,1,5.61,1,0
T104219,2025-07-13 21:10:00,C1037,14.5,electronics,VN,1,30.25,0,0
T102083,2025-07-13 21:19:00,C1114,37.13,clothing,VN,1,5.31,0,0
T104886,2025-07-13 21:30:00,C1160,45.16,restaurant,VN,1,32.28,0,0
T104043,2025-07-13 21:39:00,C1362,25.46,gaming,VN,1,6.94,1,0
T102736,2025-07-13 21:41:00,C1062,7.46,pharmacy,VN,1,5.95,0,0
T104329,2025-07-13 21:51:00,C1058,10.96,electronics,VN,0,1.8,2,0
T105671,2025-07-13 22:32:00,C1177,16.43,travel,VN,0,13.86,0,0
T103299,2025-07-13 22:47:00,C1024,229.62,fuel,VN,0,17.93,0,0
T101950,2025-07-13 22:49:00,C1094,26.09,grocery,VN,0,70.79,1,0
T100336,2025-07-14 01:34:00,C1113,19.71,fuel,VN,0,14.64,0,0
T103718,2025-07-14 01:53:00,C1287,108.14,clothing,NG,0,1.01,5,1
T105197,2025-07-14 03:21:00,C1137,10.06,travel,VN,1,0.77,1,0
T101503,2025-07-14 04:31:00,C1189,34.68,gaming,VN,0,3.01,0,0
T104734,2025-07-14 05:07:00,C1094,22.58,grocery,NG,0,20.56,0,0
T103340,2025-07-14 05:12:00,C1272,24.24,gaming,VN,1,3.64,0,0
T103177,2025-07-14 05:34:00,C1131,10.27,electronics,VN,1,2.37,0,0
T103243,2025-07-14 05:55:00,C1261,129.13,gaming,VN,0,3.68,5,1
T103045,2025-07-14 06:08:00,C1023,8.14,grocery,VN,1,24.32,0,0
T102627,2025-07-14 06:11:00,C1041,194.47,gaming,VN,1,11.52,0,0
T101701,2025-07-14 06:33:00,C1400,16.64,clothing,VN,0,3.27,0,0
T101577,2025-07-14 07:35:00,C1046,2.56,travel,VN,0,7.15,1,0
T102461,2025-07-14 07:36:00,C1026,24.73,electronics,VN,0,2.03,0,0
T103315,2025-07-14 07:41:00,C1052,15.76,grocery,VN,1,12.31,0,0
T100809,2025-07-14 08:04:00,C1101,25.29,grocery,VN,1,8.0,0,0
T101923,2025-07-14 08:07:00,C1039,40.89,clothing,VN,0,5.3,0,0
T101866,2025-07-14 08:10:00,C1125,5.32,gaming,VN,0,1.57,1,0
T105364,2025-07-14 08:13:00,C1369,38.07,pharmacy,VN,0,2.81,0,0
T105056,2025-07-14 08:19:00,C1196,7.53,clothing,VN,1,7.03,0,0
T105624,2025-07-14 08:22:00,C1174,16.28,clothing,SG,1,6.01,0,0
T103206,2025-07-14 08:27:00,C1119,20.86,clothing,VN,0,14.67,0,0
T101031,2025-07-14 08:29:00,C1347,108.26,restaurant,GB,1,4.85,2,0
T103628,2025-07-14 08:40:00,C1387,29.5,fuel,GB,1,56.48,0,0
T105544,2025-07-14 08:40:00,C1116,22.71,electronics,VN,0,1.28,0,0
T100099,2025-07-14 09:26:00,C1052,56.22,grocery,VN,1,1.21,0,0
T101960,2025-07-14 09:43:00,C1197,270.86,restaurant,VN,0,5.64,0,0
T105825,2025-07-14 09:43:00,C1334,56.66,restaurant,VN,1,0.86,0,0
T101064,2025-07-14 09:50:00,C1294,31.69,pharmacy,VN,0,11.31,0,0
T103367,2025-07-14 10:00:00,C1246,14.33,grocery,VN,0,2.41,0,0
T102078,2025-07-14 10:23:00,C1283,17.23,pharmacy,VN,1,3.62,3,0
T103695,2025-07-14 10:24:00,C1360,10.51,restaurant,VN,0,1.14,0,0
T102216,2025-07-14 10:37:00,C1329,1.99,restaurant,GB,0,3.9,0,0
T101800,2025-07-14 10:52:00,C1162,27.43,grocery,VN,0,3.06,0,0
T100279,2025-07-14 11:08:00,C1078,20.97,electronics,VN,1,6.46,0,0
T105249,2025-07-14 11:08:00,C1211,57.82,fuel,VN,1,11.34,1,0
T101544,2025-07-14 11:27:00,C1296,97.21,travel,VN,1,2.85,2,0
T102195,2025-07-14 11:48:00,C1302,8.39,travel,VN,0,18.5,0,0
T102275,2025-07-14 11:59:00,C1090,66.51,travel,BR,1,10.24,1,0
T104464,2025-07-14 12:01:00,C1189,13.17,pharmacy,VN,1,37.9,3,0
T105457,2025-07-14 12:04:00,C1095,23.97,travel,VN,1,15.05,0,0
T103862,2025-07-14 12:26:00,C1084,29.98,fuel,VN,0,5.33,0,0
T105391,2025-07-14 12:26:00,C1364,12.49,pharmacy,VN,1,7.01,0,0
T101257,2025-07-14 12:29:00,C1149,14.79,gaming,VN,0,21.49,0,0
T103633,2025-07-14 12:31:00,C1383,5.61,gaming,VN,1,1.48,2,0
T105672,2025-07-14 12:34:00,C1121,6.46,restaurant,VN,1,8.25,0,0
T105054,2025-07-14 12:37:00,C1128,18.17,restaurant,VN,1,1.15,0,0
T102654,2025-07-14 12:49:00,C1263,39.3,gaming,VN,0,58.22,0,0
T105633,2025-07-14 13:03:00,C1054,10.19,fuel,VN,1,54.5,0,0
T105155,2025-07-14 13:12:00,C1387,29.19,gaming,VN,1,4.76,0,0
T102803,2025-07-14 13:20:00,C1184,29.42,gaming,VN,1,0.89,2,0
T105444,2025-07-14 13:20:00,C1175,13.93,gaming,VN,0,1.82,0,0
T103753,2025-07-14 13:22:00,C1258,7.6,restaurant,VN,0,7.55,0,0
T101289,2025-07-14 13:26:00,C1027,13.4,grocery,VN,0,0.71,1,0
T103071,2025-07-14 13:26:00,C1033,11.2,pharmacy,VN,0,0.41,0,0
T105074,2025-07-14 13:30:00,C1237,14.21,electronics,VN,0,11.68,0,0
T105777,2025-07-14 13:57:00,C1383,31.72,clothing,VN,1,6.51,2,0
T104830,2025-07-14 14:00:00,C1241,39.66,gaming,VN,0,0.97,0,0
T105568,2025-07-14 14:02:00,C1043,23.14,gaming,VN,1,19.61,2,0
T105826,2025-07-14 14:02:00,C1283,13.84,grocery,VN,1,10.19,0,0
T100846,2025-07-14 14:12:00,C1033,95.24,grocery,VN,1,11.38,0,0
T102605,2025-07-14 14:28:00,C1063,26.05,clothing,VN,0,9.33,0,0
T103310,2025-07-14 14:33:00,C1002,17.24,fuel,VN,1,24.05,3,0
T103032,2025-07-14 14:39:00,C1269,9.68,travel,VN,0,3.12,0,0
T101929,2025-07-14 14:59:00,C1296,45.61,electronics,VN,1,11.43,0,0
T104946,2025-07-14 15:01:00,C1312,36.42,grocery,VN,0,2.65,3,0
T102860,2025-07-14 15:07:00,C1128,50.01,clothing,VN,1,1.14,1,0
T102728,2025-07-14 15:14:00,C1092,19.37,gaming,VN,1,6.08,2,0
T103972,2025-07-14 15:17:00,C1374,16.55,fuel,VN,0,45.17,0,0
T101356,2025-07-14 15:21:00,C1326,14.86,clothing,VN,0,17.96,0,0
T100998,2025-07-14 15:48:00,C1193,19.4,grocery,VN,0,33.84,0,0
T101606,2025-07-14 16:01:00,C1311,20.07,fuel,VN,1,9.37,1,0
T104010,2025-07-14 16:15:00,C1075,38.29,restaurant,VN,0,3.01,0,0
T101124,2025-07-14 16:29:00,C1230,14.56,fuel,VN,0,13.85,2,0
T103710,2025-07-14 16:29:00,C1117,15.68,grocery,VN,1,4.48,0,0
T103314,2025-07-14 16:43:00,C1168,80.62,fuel,VN,1,3.3,0,0
T104551,2025-07-14 16:44:00,C1312,21.3,restaurant,VN,0,16.35,0,0
T101476,2025-07-14 16:49:00,C1358,13.66,pharmacy,VN,1,5.97,1,0
T101237,2025-07-14 17:19:00,C1173,34.06,grocery,VN,1,9.66,0,0
T104939,2025-07-14 17:25:00,C1104,15.29,electronics,VN,0,6.42,0,0
T103924,2025-07-14 17:32:00,C1093,21.25,fuel,VN,1,8.9,0,0
T101000,2025-07-14 17:45:00,C1277,11.01,fuel,VN,0,17.83,1,0
T101730,2025-07-14 17:51:00,C1220,37.4,pharmacy,VN,0,19.1,0,0
T102412,2025-07-14 17:56:00,C1017,10.65,travel,VN,1,10.13,1,0
T105751,2025-07-14 18:02:00,C1355,13.92,clothing,VN,1,68.85,0,0
T101918,2025-07-14 18:51:00,C1225,6.24,electronics,VN,1,6.96,1,0
T101499,2025-07-14 18:58:00,C1106,14.44,gaming,VN,1,19.48,0,0
T104511,2025-07-14 19:04:00,C1176,30.54,grocery,VN,1,6.03,1,0
T102979,2025-07-14 19:09:00,C1369,9.5,restaurant,VN,1,2.23,0,0
T103912,2025-07-14 19:45:00,C1026,3.25,fuel,VN,0,35.92,0,0
T101807,2025-07-14 20:06:00,C1069,68.62,grocery,BR,1,151.58,0,0
T100488,2025-07-14 20:10:00,C1108,9.18,clothing,VN,1,54.85,1,0
T105583,2025-07-14 20:14:00,C1229,27.26,gaming,VN,1,8.21,0,0
T102142,2025-07-14 20:16:00,C1046,31.17,restaurant,VN,0,11.35,0,0
T104047,2025-07-14 20:19:00,C1311,8.28,travel,VN,1,1.38,0,0
T101277,2025-07-14 20:32:00,C1281,46.77,electronics,VN,0,26.24,1,0
T102947,2025-07-14 20:37:00,C1172,33.14,fuel,VN,1,1.07,1,0
T101328,2025-07-14 20:50:00,C1311,101.42,grocery,VN,0,44.04,0,0
T103106,2025-07-14 21:21:00,C1096,38.03,gaming,VN,1,6.17,0,0
T105159,2025-07-14 21:42:00,C1161,55.5,gaming,VN,1,1.89,1,0
T103063,2025-07-14 21:51:00,C1253,17.84,travel,VN,1,66.27,2,0
T102839,2025-07-14 23:23:00,C1076,11.42,electronics,VN,1,3.68,2,0
T103788,2025-07-14 23:51:00,C1178,3.87,fuel,VN,1,53.81,1,0
T105630,2025-07-15 01:30:00,C1350,47.03,pharmacy,VN,1,20.27,0,0
T101970,2025-07-15 05:56:00,C1265,51.45,fuel,VN,0,15.45,0,0
T105453,2025-07-15 06:08:00,C1318,112.12,grocery,VN,0,13.29,1,0
T103944,2025-07-15 07:13:00,C1299,35.51,fuel,VN,1,1.54,1,0
T101053,2025-07-15 07:42:00,C1013,11.25,grocery,VN,1,4.61,0,0
T105102,2025-07-15 07:47:00,C1144,17.43,electronics,VN,1,36.54,1,0
T102364,2025-07-15 07:49:00,C1271,12.46,restaurant,VN,1,29.55,2,0
T105470,2025-07-15 08:20:00,C1186,4.43,electronics,VN,1,5.51,0,0
T103277,2025-07-15 08:24:00,C1056,48.72,restaurant,VN,1,9.87,0,0
T100585,2025-07-15 08:26:00,C1072,36.88,travel,VN,1,13.14,2,0
T102735,2025-07-15 08:37:00,C1068,57.3,fuel,VN,0,4.75,1,0
T103866,2025-07-15 08:37:00,C1185,15.91,restaurant,JP,1,2.16,0,0
T102676,2025-07-15 08:56:00,C1080,34.73,grocery,VN,0,1.9,0,0
T102935,2025-07-15 09:11:00,C1095,27.74,restaurant,VN,1,0.33,0,0
T100051,2025-07-15 09:30:00,C1152,47.64,pharmacy,NG,0,3.66,0,0
T104221,2025-07-15 09:33:00,C1090,41.47,clothing,VN,1,6.28,0,0
T104651,2025-07-15 09:33:00,C1355,15.25,restaurant,VN,1,5.61,3,0
T104566,2025-07-15 09:37:00,C1137,33.9,pharmacy,VN,1,4.67,0,0
T102624,2025-07-15 09:38:00,C1092,10.57,pharmacy,VN,1,2.72,1,0
T105143,2025-07-15 10:16:00,C1201,13.77,pharmacy,VN,1,3.66,0,0
T102160,2025-07-15 10:17:00,C1246,173.55,pharmacy,VN,1,17.95,1,0
T102012,2025-07-15 10:20:00,C1267,21.02,pharmacy,RU,1,5.19,1,0
T102951,2025-07-15 10:59:00,C1123,27.28,fuel,VN,1,6.96,0,0
T102487,2025-07-15 11:13:00,C1088,21.08,clothing,VN,1,21.67,0,0
T104772,2025-07-15 11:18:00,C1015,24.96,electronics,VN,0,9.64,0,0
T100766,2025-07-15 11:22:00,C1084,123.98,pharmacy,VN,1,1.98,1,0
T104811,2025-07-15 11:45:00,C1090,20.99,pharmacy,VN,1,3.42,0,0
T100505,2025-07-15 11:48:00,C1250,97.68,fuel,VN,0,22.94,0,0
T105136,2025-07-15 11:52:00,C1343,104.83,travel,VN,0,1.11,0,0
T102262,2025-07-15 11:53:00,C1179,9.95,pharmacy,VN,0,2.15,1,0
T103595,2025-07-15 12:08:00,C1067,3.76,fuel,VN,1,17.97,0,0
T102549,2025-07-15 12:12:00,C1351,64.49,travel,VN,0,5.88,0,0
T101593,2025-07-15 12:20:00,C1366,44.72,clothing,GB,1,4.02,0,0
T105746,2025-07-15 12:20:00,C1117,37.22,gaming,VN,0,13.15,0,0
T101687,2025-07-15 12:26:00,C1154,14.55,electronics,VN,1,9.39,1,0
T105307,2025-07-15 12:31:00,C1337,54.33,travel,US,0,0.26,4,1
T100424,2025-07-15 12:43:00,C1298,11.03,fuel,VN,0,8.04,3,0
T103782,2025-07-15 12:45:00,C1288,8.59,pharmacy,VN,1,17.82,1,0
T100910,2025-07-15 12:47:00,C1361,43.16,pharmacy,VN,0,3.52,0,0
T102269,2025-07-15 12:56:00,C1283,44.62,travel,VN,1,79.89,0,0
T100014,2025-07-15 12:57:00,C1206,3.61,travel,VN,1,18.85,0,0
T104616,2025-07-15 13:08:00,C1267,12.27,travel,VN,1,1.44,0,0
T100989,2025-07-15 13:15:00,C1143,21.79,grocery,VN,0,23.48,0,0
T103145,2025-07-15 13:20:00,C1065,9.26,fuel,VN,1,122.25,0,0
T100878,2025-07-15 13:26:00,C1172,30.56,grocery,VN,0,8.99,0,0
T101562,2025-07-15 13:28:00,C1022,136.73,fuel,VN,0,399.81,0,0
T103013,2025-07-15 13:28:00,C1036,70.0,grocery,VN,1,2.93,0,0
T105810,2025-07-15 13:38:00,C1313,32.31,clothing,VN,1,3.78,1,0
T104365,2025-07-15 13:42:00,C1230,18.29,grocery,VN,0,8.57,0,0
T101321,2025-07-15 13:49:00,C1239,28.72,pharmacy,VN,0,11.71,2,0
T100634,2025-07-15 14:03:00,C1071,12.6,electronics,VN,1,4.78,0,0
T104168,2025-07-15 14:06:00,C1199,16.42,pharmacy,VN,1,13.45,0,0
T104715,2025-07-15 14:08:00,C1185,16.79,travel,VN,0,13.51,1,0
T104892,2025-07-15 14:12:00,C1198,8.82,grocery,VN,1,6.06,1,0
T105070,2025-07-15 14:15:00,C1164,32.35,gaming,VN,1,11.96,0,0
T104808,2025-07-15 14:28:00,C1015,17.2,electronics,VN,1,3.61,1,0
T100423,2025-07-15 15:00:00,C1158,247.73,pharmacy,VN,1,0.99,1,0
T105496,2025-07-15 15:40:00,C1128,15.92,gaming,VN,0,285.86,1,0
T100749,2025-07-15 15:47:00,C1280,50.49,fuel,VN,1,5.54,0,0
T102925,2025-07-15 15:48:00,C1232,11.58,gaming,VN,1,9.85,0,0
T100132,2025-07-15 16:10:00,C1116,31.38,pharmacy,VN,0,24.88,0,0
T101794,2025-07-15 16:19:00,C1230,5.0,grocery,VN,0,2.56,0,0
T104875,2025-07-15 16:22:00,C1111,88.66,electronics,VN,0,0.93,0,0
T104834,2025-07-15 16:33:00,C1222,146.81,fuel,VN,0,7.72,2,0
T100965,2025-07-15 16:34:00,C1337,409.48,pharmacy,RU,1,4.72,0,0
T103303,2025-07-15 16:40:00,C1204,92.8,pharmacy,VN,1,42.68,0,0
T104907,2025-07-15 16:40:00,C1023,13.95,grocery,VN,1,5.79,0,0
T100796,2025-07-15 16:48:00,C1240,24.13,restaurant,VN,1,9.49,0,0
T100952,2025-07-15 16:48:00,C1008,50.8,gaming,VN,0,41.8,0,0
T101573,2025-07-15 16:49:00,C1104,51.77,pharmacy,VN,0,7.5,0,0
T101842,2025-07-15 16:51:00,C1199,87.07,travel,VN,1,4.1,0,0
T102753,2025-07-15 16:53:00,C1186,13.22,clothing,VN,1,23.38,0,0
T102707,2025-07-15 16:55:00,C1193,16.88,clothing,VN,0,20.96,0,0
T102645,2025-07-15 17:00:00,C1106,13.33,gaming,VN,1,10.01,0,0
T105268,2025-07-15 17:00:00,C1132,39.9,grocery,VN,1,26.73,0,0
T103666,2025-07-15 17:12:00,C1005,18.47,travel,VN,1,5.36,0,0
T103905,2025-07-15 17:20:00,C1170,12.99,electronics,VN,1,23.14,3,0
T101062,2025-07-15 17:29:00,C1107,29.3,electronics,VN,1,3.73,0,0
T100885,2025-07-15 17:31:00,C1001,5.69,fuel,VN,0,3.72,0,0
T102726,2025-07-15 17:55:00,C1375,16.15,electronics,VN,1,3.79,0,0
T105578,2025-07-15 18:03:00,C1387,16.24,travel,VN,1,22.24,1,0
T102293,2025-07-15 18:06:00,C1382,32.8,grocery,VN,1,7.64,0,0
T100798,2025-07-15 18:08:00,C1023,31.21,restaurant,VN,0,4.35,2,0
T102023,2025-07-15 18:16:00,C1284,11.86,travel,VN,1,0.89,0,0
T100384,2025-07-15 18:35:00,C1271,70.39,travel,VN,1,1.52,0,0
T100330,2025-07-15 18:37:00,C1356,29.58,travel,VN,1,8.83,1,0
T105613,2025-07-15 18:40:00,C1072,9.35,restaurant,VN,0,14.91,0,0
T102762,2025-07-15 18:48:00,C1370,58.79,pharmacy,VN,1,1.52,0,0
T104910,2025-07-15 18:51:00,C1007,55.52,restaurant,VN,1,58.32,0,0
T100740,2025-07-15 18:54:00,C1113,10.4,travel,VN,1,10.1,1,0
T100603,2025-07-15 18:55:00,C1133,52.06,grocery,VN,1,27.85,0,0
T105374,2025-07-15 18:56:00,C1057,42.11,fuel,VN,0,9.66,2,0
T100689,2025-07-15 19:04:00,C1064,22.94,electronics,VN,1,11.81,2,0
T103258,2025-07-15 19:15:00,C1269,16.0,clothing,VN,0,6.72,0,0
T101952,2025-07-15 19:22:00,C1023,28.1,grocery,VN,0,11.58,1,0
T100196,2025-07-15 19:34:00,C1371,18.3,fuel,VN,1,44.86,2,0
T104889,2025-07-15 19:40:00,C1038,21.88,gaming,VN,0,17.42,1,0
T103081,2025-07-15 19:48:00,C1118,54.22,electronics,VN,1,8.05,0,0
T105537,2025-07-15 19:58:00,C1065,16.36,gaming,VN,0,4.42,1,0
T101460,2025-07-15 20:26:00,C1196,22.01,electronics,VN,0,9.4,0,0
T101959,2025-07-15 20:29:00,C1125,3.14,restaurant,VN,0,12.36,0,0
T104559,2025-07-15 20:33:00,C1003,106.91,clothing,VN,0,0.28,6,1
T105573,2025-07-15 20:46:00,C1193,16.45,clothing,VN,0,28.59,2,0
T103812,2025-07-15 20:51:00,C1212,26.92,gaming,RU,1,57.25,1,0
T100386,2025-07-15 20:57:00,C1249,29.88,pharmacy,VN,1,0.69,1,0
T104567,2025-07-15 20:59:00,C1161,9.26,fuel,VN,1,3.26,3,0
T105473,2025-07-15 21:15:00,C1101,22.79,grocery,VN,1,0.95,0,0
T104093,2025-07-15 21:25:00,C1101,40.36,electronics,VN,0,16.61,0,0
T100400,2025-07-15 21:37:00,C1060,12.44,restaurant,VN,1,56.05,1,0
T102117,2025-07-15 22:57:00,C1147,97.01,fuel,VN,1,3.15,0,0
T105223,2025-07-15 23:33:00,C1367,34.59,electronics,VN,1,3.85,0,0
T100666,2025-07-16 00:49:00,C1014,40.96,grocery,VN,0,2.34,0,0
T104489,2025-07-16 01:12:00,C1376,24.28,electronics,VN,1,24.51,0,0
T103819,2025-07-16 01:25:00,C1043,31.07,clothing,VN,0,3.71,3,1
T105504,2025-07-16 01:33:00,C1298,36.3,gaming,NG,0,0.64,5,1
T102421,2025-07-16 02:13:00,C1185,23.38,fuel,VN,0,7.27,0,0
T104508,2025-07-16 04:53:00,C1128,13.78,pharmacy,VN,0,0.97,0,0
T105588,2025-07-16 04:56:00,C1247,12.93,pharmacy,VN,0,19.42,0,0
T105617,2025-07-16 05:00:00,C1400,19.02,gaming,VN,1,4.85,0,0
T102097,2025-07-16 05:13:00,C1250,34.6,grocery,VN,0,1.29,1,0
T101485,2025-07-16 06:35:00,C1247,32.37,clothing,VN,0,25.3,0,0
T102354,2025-07-16 06:42:00,C1316,52.02,pharmacy,VN,0,6.07,0,0
T105367,2025-07-16 07:23:00,C1316,40.86,gaming,VN,1,3.41,2,0
T100589,2025-07-16 07:34:00,C1312,30.36,clothing,VN,1,21.84,1,0
T101013,2025-07-16 08:04:00,C1107,7.74,gaming,VN,1,3.69,0,0
T103767,2025-07-16 08:14:00,C1250,16.18,grocery,VN,0,3.37,0,0
T100492,2025-07-16 08:54:00,C1075,44.0,pharmacy,VN,1,37.48,3,0
T103745,2025-07-16 09:07:00,C1149,5.99,travel,RU,1,191.68,0,0
T102658,2025-07-16 09:12:00,C1009,19.14,electronics,BR,1,3.21,1,0
T100006,2025-07-16 09:17:00,C1382,5.21,pharmacy,VN,1,16.38,0,0
T105157,2025-07-16 09:33:00,C1282,24.12,gaming,VN,0,1.35,0,0
T102235,2025-07-16 09:45:00,C1119,4.63,fuel,VN,1,4.01,0,0
T102643,2025-07-16 09:55:00,C1114,21.81,clothing,VN,0,11.38,0,0
T101550,2025-07-16 10:06:00,C1094,5.9,electronics,VN,0,11.75,0,0
T104061,2025-07-16 10:10:00,C1388,19.45,grocery,VN,1,7.34,0,0
T104058,2025-07-16 10:14:00,C1146,46.95,gaming,VN,1,1.76,0,0
T104793,2025-07-16 10:19:00,C1079,51.89,electronics,VN,0,1.8,0,0
T104129,2025-07-16 10:38:00,C1322,151.67,grocery,VN,1,2.0,1,0
T103485,2025-07-16 11:22:00,C1353,22.99,clothing,VN,1,30.01,0,0
T100389,2025-07-16 11:23:00,C1336,7.62,electronics,VN,0,4.51,2,0
T102049,2025-07-16 11:37:00,C1261,44.13,grocery,NG,0,34.86,0,0
T101106,2025-07-16 11:44:00,C1314,136.73,gaming,RU,0,2.1,1,0
T102615,2025-07-16 11:51:00,C1248,27.25,pharmacy,VN,1,6.71,0,0
T103094,2025-07-16 11:53:00,C1147,15.66,fuel,VN,1,10.95,0,0
T103290,2025-07-16 11:58:00,C1166,25.87,travel,VN,0,11.81,0,0
T102796,2025-07-16 12:11:00,C1163,19.7,gaming,VN,0,11.84,1,0
T104090,2025-07-16 12:21:00,C1358,8.8,clothing,VN,1,18.15,2,0
T104705,2025-07-16 12:31:00,C1134,5.72,fuel,SG,0,6.63,2,0
T105378,2025-07-16 12:41:00,C1316,5.23,clothing,VN,0,2.56,0,0
T102381,2025-07-16 12:51:00,C1087,58.71,fuel,VN,1,3.64,1,0
T101148,2025-07-16 13:13:00,C1337,4.8,pharmacy,VN,1,6.29,3,0
T105047,2025-07-16 13:13:00,C1225,34.73,fuel,VN,0,5.08,2,0
T102929,2025-07-16 13:19:00,C1255,11.29,pharmacy,VN,1,18.02,1,0
T104248,2025-07-16 13:26:00,C1006,9.76,grocery,VN,1,20.04,1,0
T105989,2025-07-16 13:38:00,C1311,38.72,restaurant,VN,1,5.11,3,0
T102849,2025-07-16 14:13:00,C1223,21.0,electronics,VN,1,0.71,0,0
T104711,2025-07-16 14:14:00,C1376,15.83,clothing,VN,0,4.22,2,0
T104272,2025-07-16 14:52:00,C1238,13.25,electronics,VN,1,14.54,1,0
T105940,2025-07-16 15:06:00,C1291,25.47,restaurant,VN,0,9.09,0,0
T105876,2025-07-16 16:03:00,C1154,29.57,fuel,VN,0,12.57,0,0
T100802,2025-07-16 16:09:00,C1282,31.97,electronics,VN,1,6.75,1,0
T103685,2025-07-16 16:40:00,C1158,103.45,clothing,VN,1,23.98,2,0
T101703,2025-07-16 16:44:00,C1003,38.28,fuel,BR,0,6.64,2,0
T105180,2025-07-16 16:44:00,C1305,11.36,clothing,VN,1,25.68,0,0
T102223,2025-07-16 16:48:00,C1366,19.42,travel,VN,1,56.6,0,0
T102319,2025-07-16 16:54:00,C1073,20.51,clothing,VN,1,1.57,2,0
T101488,2025-07-16 17:09:00,C1169,9.91,fuel,VN,0,2.25,0,0
T101490,2025-07-16 17:10:00,C1292,24.18,electronics,VN,0,120.78,2,0
T101318,2025-07-16 17:12:00,C1163,19.73,restaurant,VN,1,1.52,1,0
T100986,2025-07-16 17:18:00,C1097,11.59,gaming,VN,1,19.24,1,0
T100375,2025-07-16 17:20:00,C1337,20.96,grocery,VN,0,4.03,0,0
T100801,2025-07-16 17:21:00,C1236,65.12,grocery,VN,1,2.55,0,0
T104118,2025-07-16 17:25:00,C1036,30.37,electronics,VN,1,78.52,0,0
T105072,2025-07-16 17:27:00,C1311,59.77,electronics,VN,1,8.89,0,0
T103558,2025-07-16 17:30:00,C1221,12.63,gaming,VN,1,7.57,3,0
T103250,2025-07-16 17:37:00,C1374,7.9,clothing,VN,0,5.39,1,0
T103235,2025-07-16 17:58:00,C1102,174.87,grocery,VN,1,16.68,1,0
T103959,2025-07-16 17:59:00,C1255,16.65,pharmacy,VN,1,3.29,1,0
T103706,2025-07-16 18:07:00,C1182,34.93,gaming,VN,1,4.59,0,0
T101889,2025-07-16 18:30:00,C1340,30.0,travel,VN,0,7.91,1,0
T104097,2025-07-16 18:31:00,C1371,17.07,fuel,VN,1,5.58,0,0
T103681,2025-07-16 18:55:00,C1145,31.63,grocery,VN,0,9.86,1,0
T104188,2025-07-16 19:05:00,C1356,11.65,grocery,VN,1,23.33,1,0
T105169,2025-07-16 19:24:00,C1263,42.57,pharmacy,VN,0,5.91,0,0
T104126,2025-07-16 19:27:00,C1182,17.5,fuel,VN,1,32.02,0,0
T105207,2025-07-16 19:37:00,C1213,58.77,pharmacy,VN,0,3.51,0,0
T102878,2025-07-16 19:48:00,C1131,7.5,electronics,VN,1,3.58,1,0
T100074,2025-07-16 19:57:00,C1011,30.36,restaurant,VN,1,11.05,0,0
T103125,2025-07-16 20:05:00,C1188,12.82,gaming,VN,0,6.18,1,0
T100843,2025-07-16 20:24:00,C1289,26.94,electronics,VN,1,11.82,0,0
T103557,2025-07-16 20:24:00,C1346,7.12,gaming,VN,1,6.21,0,0
T102749,2025-07-16 20:40:00,C1000,39.51,pharmacy,VN,1,21.23,0,0
T103371,2025-07-16 20:53:00,C1160,65.44,gaming,VN,1,13.96,1,0
T102141,2025-07-16 21:16:00,C1225,19.46,gaming,VN,1,4.33,0,0
T104332,2025-07-16 21:18:00,C1011,15.96,fuel,US,0,11.65,1,0
T102713,2025-07-16 21:23:00,C1359,9.44,pharmacy,VN,1,26.98,1,0
T101307,2025-07-16 21:38:00,C1335,8.23,pharmacy,VN,1,16.9,3,0
T102555,2025-07-16 22:30:00,C1274,5.19,travel,VN,1,4.04,2,0
T103113,2025-07-16 22:44:00,C1091,36.56,grocery,VN,1,49.99,1,0
T105045,2025-07-16 23:46:00,C1262,17.05,grocery,VN,1,8.39,0,0
T105369,2025-07-16 23:46:00,C1046,5.72,restaurant,VN,1,9.93,2,0
T103029,2025-07-17 01:19:00,C1082,118.17,travel,VN,1,3.74,2,0
T101843,2025-07-17 02:19:00,C1074,19.9,pharmacy,VN,0,11.7,0,0
T100016,2025-07-17 04:36:00,C1269,24.23,electronics,VN,0,2.1,0,0
T104067,2025-07-17 05:20:00,C1117,10.61,pharmacy,VN,0,11.44,0,0
T103216,2025-07-17 05:56:00,C1150,26.05,travel,VN,0,63.82,0,0
T104685,2025-07-17 07:13:00,C1093,11.69,grocery,GB,0,45.14,0,0
T105729,2025-07-17 07:26:00,C1376,15.47,fuel,VN,0,21.57,0,0
T104096,2025-07-17 07:42:00,C1262,11.28,pharmacy,VN,0,22.98,1,0
T103853,2025-07-17 08:07:00,C1171,90.55,travel,VN,1,5.52,0,0
T101782,2025-07-17 08:14:00,C1336,116.5,travel,VN,1,13.13,1,0
T103846,2025-07-17 08:48:00,C1079,2.71,electronics,VN,0,4.12,0,0
T101154,2025-07-17 08:58:00,C1309,8.85,clothing,VN,1,12.08,2,0
T102795,2025-07-17 09:03:00,C1022,17.76,pharmacy,VN,0,4.01,1,0
T102819,2025-07-17 09:15:00,C1006,17.5,pharmacy,VN,0,6.65,2,0
T100884,2025-07-17 09:35:00,C1353,125.81,restaurant,VN,0,2.68,2,0
T105253,2025-07-17 09:36:00,C1099,34.39,fuel,VN,1,0.71,0,0
T103609,2025-07-17 09:49:00,C1115,24.92,electronics,VN,1,1.84,0,0
T104063,2025-07-17 09:53:00,C1244,41.54,pharmacy,VN,1,42.37,2,0
T103888,2025-07-17 10:05:00,C1105,63.26,fuel,VN,0,1.18,1,0
T101041,2025-07-17 10:06:00,C1100,21.49,gaming,NG,1,5.72,0,0
T104397,2025-07-17 10:24:00,C1209,34.84,clothing,VN,1,6.93,0,0
T100143,2025-07-17 10:25:00,C1188,33.52,fuel,VN,1,31.05,1,0
T101870,2025-07-17 10:34:00,C1302,35.22,travel,VN,0,105.01,0,0
T105749,2025-07-17 10:57:00,C1011,34.44,fuel,VN,0,12.31,1,0
T103409,2025-07-17 11:19:00,C1130,16.45,travel,VN,1,21.2,0,0
T104514,2025-07-17 11:23:00,C1106,326.36,travel,GB,0,0.11,6,1
T101904,2025-07-17 11:36:00,C1303,20.3,restaurant,VN,1,1.28,0,0
T104633,2025-07-17 11:36:00,C1365,13.96,electronics,VN,1,20.73,0,0
T105600,2025-07-17 11:46:00,C1198,29.58,fuel,VN,0,10.12,1,0
T102425,2025-07-17 11:53:00,C1381,23.49,restaurant,VN,1,12.97,0,0
T104866,2025-07-17 11:54:00,C1282,27.22,travel,GB,0,16.4,0,0
T102565,2025-07-17 12:05:00,C1127,19.55,pharmacy,VN,0,5.63,0,0
T101016,2025-07-17 12:33:00,C1380,26.35,electronics,VN,1,13.17,1,0
T102114,2025-07-17 12:34:00,C1080,32.93,fuel,JP,0,56.34,0,0
T101018,2025-07-17 12:49:00,C1368,42.91,travel,VN,0,9.91,0,0
T105928,2025-07-17 12:56:00,C1325,29.92,gaming,VN,1,7.02,1,0
T103893,2025-07-17 13:00:00,C1329,8.2,clothing,VN,1,8.61,0,0
T101362,2025-07-17 13:04:00,C1256,6.24,restaurant,VN,0,3.1,2,0
T105209,2025-07-17 13:07:00,C1236,24.53,restaurant,NG,1,4.5,1,0
T105472,2025-07-17 13:13:00,C1188,8.23,electronics,BR,1,35.08,1,0
T103721,2025-07-17 13:19:00,C1111,21.4,fuel,VN,0,9.29,0,0
T104716,2025-07-17 13:23:00,C1324,24.24,electronics,VN,1,7.41,3,0
T102400,2025-07-17 13:47:00,C1178,79.6,gaming,VN,1,7.59,1,0
T101065,2025-07-17 13:49:00,C1103,8.5,pharmacy,VN,1,21.52,2,0
T104046,2025-07-17 13:58:00,C1105,5.17,electronics,VN,0,14.8,2,0
T101711,2025-07-17 13:59:00,C1359,38.44,pharmacy,VN,1,1.46,0,0
T100266,2025-07-17 14:06:00,C1233,85.26,clothing,VN,0,4.93,0,0
T103581,2025-07-17 14:10:00,C1209,22.68,travel,VN,1,5.19,1,0
T103541,2025-07-17 14:17:00,C1270,24.41,clothing,VN,1,9.87,0,0
T100121,2025-07-17 14:26:00,C1178,54.86,clothing,VN,0,3.68,0,0
T105968,2025-07-17 14:29:00,C1104,15.48,clothing,VN,1,1.48,0,0
T104325,2025-07-17 14:30:00,C1239,85.31,electronics,VN,1,4.67,0,0
T101718,2025-07-17 14:37:00,C1290,27.77,fuel,VN,1,11.78,2,0
T103638,2025-07-17 14:40:00,C1310,168.74,clothing,VN,0,6.17,0,0
T100558,2025-07-17 14:41:00,C1303,44.27,electronics,VN,0,2.12,0,0
T101981,2025-07-17 14:41:00,C1089,5.37,clothing,VN,1,8.01,0,0
T104570,2025-07-17 15:00:00,C1023,7.96,fuel,VN,1,31.91,0,0
T104225,2025-07-17 15:12:00,C1091,12.45,pharmacy,VN,0,18.18,0,0
T104618,2025-07-17 15:29:00,C1253,45.64,fuel,VN,1,3.26,0,0
T105809,2025-07-17 15:30:00,C1256,7.83,gaming,VN,1,4.22,0,0
T102829,2025-07-17 15:42:00,C1243,69.29,pharmacy,VN,0,0.48,1,0
T100187,2025-07-17 16:08:00,C1136,9.07,electronics,VN,0,0.43,0,0
T101505,2025-07-17 16:11:00,C1255,8.83,gaming,VN,0,10.19,3,0
T102557,2025-07-17 16:16:00,C1036,37.78,clothing,VN,1,56.13,1,0
T102815,2025-07-17 16:47:00,C1332,46.27,gaming,VN,0,2.16,1,0
T105786,2025-07-17 16:49:00,C1219,12.37,travel,VN,0,33.7,1,0
T103770,2025-07-17 17:00:00,C1188,9.28,fuel,VN,1,6.69,0,0
T103884,2025-07-17 17:17:00,C1298,3.19,fuel,VN,0,1.38,2,0
T102498,2025-07-17 17:18:00,C1081,13.27,electronics,VN,0,11.74,0,0
T100369,2025-07-17 17:28:00,C1216,12.7,travel,VN,1,2.73,0,0
T101027,2025-07-17 17:40:00,C1209,10.29,pharmacy,BR,0,3.82,2,0
T105996,2025-07-17 17:41:00,C1199,22.57,clothing,VN,0,3.47,0,0
T103596,2025-07-17 17:44:00,C1353,27.19,travel,VN,0,2.17,2,0
T105892,2025-07-17 17:54:00,C1363,24.77,restaurant,VN,0,20.67,0,0
T105602,2025-07-17 17:58:00,C1256,64.74,gaming,VN,1,5.44,0,0
T104138,2025-07-17 18:05:00,C1319,88.66,pharmacy,VN,1,94.12,1,0
T105480,2025-07-17 18:14:00,C1156,7.19,electronics,VN,1,2.95,1,0
T104684,2025-07-17 18:17:00,C1122,65.75,clothing,VN,0,24.0,3,0
T104891,2025-07-17 18:21:00,C1220,40.41,clothing,VN,0,13.17,1,0
T102074,2025-07-17 18:49:00,C1231,20.14,fuel,VN,0,5.8,0,0
T101067,2025-07-17 18:51:00,C1059,24.06,travel,VN,1,11.95,0,0
T103428,2025-07-17 18:52:00,C1218,17.77,clothing,VN,0,2.29,0,0
T105615,2025-07-17 18:55:00,C1256,40.71,fuel,VN,1,1.59,0,0
T104161,2025-07-17 19:05:00,C1359,21.96,fuel,VN,1,4.64,0,0
T101819,2025-07-17 19:13:00,C1167,3.48,travel,VN,0,12.92,1,0
T100918,2025-07-17 19:26:00,C1364,40.5,gaming,VN,0,7.76,0,0
T100085,2025-07-17 19:30:00,C1046,16.81,grocery,VN,1,18.96,0,0
T105597,2025-07-17 19:42:00,C1274,12.04,gaming,VN,1,47.63,2,0
T102014,2025-07-17 19:48:00,C1128,24.24,clothing,VN,0,18.24,0,0
T103649,2025-07-17 20:19:00,C1089,3.76,travel,VN,1,5.11,1,0
T100551,2025-07-17 20:24:00,C1026,29.35,electronics,VN,0,13.86,0,0
T100642,2025-07-17 20:25:00,C1021,13.61,grocery,GB,1,9.63,1,0
T104112,2025-07-17 20:29:00,C1258,27.58,clothing,JP,1,15.35,0,0
T105724,2025-07-17 20:37:00,C1379,95.86,fuel,VN,0,27.26,0,0
T102705,2025-07-17 20:53:00,C1113,12.01,restaurant,VN,1,6.54,0,0
T104385,2025-07-17 20:55:00,C1374,6.5,restaurant,VN,1,9.47,0,0
T100921,2025-07-17 20:58:00,C1058,5.57,gaming,VN,0,6.37,0,0
T104546,2025-07-17 21:13:00,C1008,67.38,clothing,VN,0,6.64,3,0
T100382,2025-07-17 21:16:00,C1103,28.22,gaming,VN,0,11.57,0,0
T103393,2025-07-17 21:36:00,C1304,31.84,pharmacy,VN,1,19.22,0,0
T103115,2025-07-17 21:49:00,C1060,5.01,gaming,VN,1,33.49,2,0
T105623,2025-07-17 22:16:00,C1184,18.85,pharmacy,VN,1,3.98,0,0
T101145,2025-07-17 23:40:00,C1287,71.87,electronics,VN,1,29.32,0,0
T102328,2025-07-17 23:45:00,C1320,26.24,grocery,VN,1,8.59,0,0
T104897,2025-07-18 00:19:00,C1375,16.94,grocery,RU,1,4.26,1,0
T105566,2025-07-18 01:59:00,C1337,8.5,fuel,VN,1,1.88,0,0
T105213,2025-07-18 02:52:00,C1251,30.16,restaurant,VN,0,3.62,1,0
T105932,2025-07-18 05:02:00,C1124,10.56,restaurant,VN,1,13.62,1,0
T102363,2025-07-18 05:09:00,C1243,15.18,restaurant,VN,0,14.0,0,0
T100353,2025-07-18 05:42:00,C1176,17.88,grocery,VN,1,29.25,0,0
T105766,2025-07-18 06:36:00,C1309,15.15,fuel,VN,1,17.82,0,0
T101167,2025-07-18 07:22:00,C1107,6.06,pharmacy,VN,1,2.26,2,0
T103559,2025-07-18 07:25:00,C1128,15.79,gaming,VN,0,4.33,1,0
T103220,2025-07-18 07:33:00,C1304,25.54,electronics,VN,0,4.52,0,0
T104503,2025-07-18 07:41:00,C1043,52.28,electronics,VN,1,9.27,2,0
T102429,2025-07-18 07:56:00,C1177,15.1,grocery,VN,1,0.72,0,0
T100541,2025-07-18 08:08:00,C1386,190.61,fuel,VN,0,12.0,0,0
T104033,2025-07-18 08:09:00,C1052,31.31,restaurant,VN,1,11.37,0,0
T104123,2025-07-18 08:13:00,C1034,49.92,gaming,GB,0,3.28,1,0
T103616,2025-07-18 08:22:00,C1028,39.13,travel,VN,1,2.09,2,0
T100691,2025-07-18 08:25:00,C1056,34.56,travel,VN,1,4.79,1,0
T103611,2025-07-18 08:25:00,C1024,22.34,fuel,VN,1,0.86,0,0
T105513,2025-07-18 08:38:00,C1399,27.34,clothing,VN,0,3.05,1,0
T101204,2025-07-18 08:49:00,C1325,72.31,restaurant,VN,1,10.78,1,0
T102296,2025-07-18 09:09:00,C1350,25.75,gaming,US,0,10.65,0,0
T101668,2025-07-18 09:12:00,C1364,12.45,travel,VN,0,4.44,0,0
T101757,2025-07-18 09:24:00,C1025,27.13,restaurant,VN,0,11.31,1,0
T102908,2025-07-18 09:26:00,C1365,38.8,fuel,VN,1,2.17,1,0
T105321,2025-07-18 09:44:00,C1107,21.75,travel,VN,0,0.99,0,0
T104659,2025-07-18 09:55:00,C1265,81.07,gaming,VN,0,8.86,0,0
T101551,2025-07-18 09:56:00,C1210,14.26,gaming,VN,1,23.59,0,0
T103499,2025-07-18 09:58:00,C1063,38.62,gaming,VN,1,10.37,1,0
T100046,2025-07-18 10:07:00,C1269,59.53,clothing,VN,1,6.51,0,0
T103856,2025-07-18 10:14:00,C1229,10.2,pharmacy,VN,1,4.84,3,0
T103760,2025-07-18 10:52:00,C1101,37.74,clothing,VN,1,4.48,0,0
T103060,2025-07-18 11:11:00,C1318,14.97,electronics,VN,1,12.67,2,0
T102404,2025-07-18 11:27:00,C1323,13.97,electronics,VN,0,8.26,0,0
T100710,2025-07-18 11:38:00,C1392,17.78,gaming,VN,1,3.75,1,0
T105522,2025-07-18 11:44:00,C1308,4.72,clothing,VN,0,1.83,2,0
T104377,2025-07-18 11:45:00,C1130,22.73,grocery,VN,1,40.29,1,0
T104988,2025-07-18 11:46:00,C1397,10.21,gaming,VN,1,17.32,0,0
T102677,2025-07-18 11:57:00,C1332,13.83,clothing,VN,1,5.62,0,0
T101708,2025-07-18 11:58:00,C1004,6.84,fuel,VN,1,7.46,0,0
T101633,2025-07-18 12:13:00,C1303,83.89,travel,VN,0,1.74,0,0
T102602,2025-07-18 12:14:00,C1116,5.9,pharmacy,VN,0,3.08,1,0
T101052,2025-07-18 12:33:00,C1264,13.82,restaurant,VN,1,50.76,0,0
T101132,2025-07-18 12:36:00,C1195,98.39,pharmacy,VN,1,29.96,0,0
T100366,2025-07-18 13:11:00,C1176,53.14,electronics,VN,0,6.35,1,0
T101203,2025-07-18 13:16:00,C1296,12.68,gaming,VN,1,8.36,0,0
T103199,2025-07-18 13:21:00,C1018,3.66,clothing,VN,1,15.64,0,0
T103088,2025-07-18 13:33:00,C1282,35.25,restaurant,VN,1,0.92,2,0
T100245,2025-07-18 13:36:00,C1136,51.04,electronics,VN,1,6.09,1,0
T105376,2025-07-18 13:36:00,C1006,41.84,fuel,VN,0,16.72,0,0
T100993,2025-07-18 13:46:00,C1165,36.59,electronics,VN,0,4.68,2,0
T105542,2025-07-18 14:06:00,C1136,59.34,pharmacy,VN,1,2.31,0,0
T102259,2025-07-18 14:11:00,C1297,39.85,pharmacy,VN,1,4.06,0,0
T104384,2025-07-18 14:25:00,C1195,55.94,grocery,VN,0,1.87,1,0
T101806,2025-07-18 14:29:00,C1148,62.16,restaurant,VN,1,2.03,1,0
T104748,2025-07-18 14:31:00,C1374,11.76,electronics,VN,1,0.53,0,0
T100281,2025-07-18 14:43:00,C1030,20.03,travel,VN,1,10.61,0,0
T103375,2025-07-18 15:03:00,C1316,6.54,travel,US,1,12.42,0,0
T101396,2025-07-18 15:06:00,C1090,33.58,travel,VN,1,12.2,0,0
T105864,2025-07-18 15:34:00,C1373,35.73,grocery,VN,0,2.97,0,0
T102330,2025-07-18 15:39:00,C1081,38.39,gaming,VN,1,3.97,0,0
T104678,2025-07-18 15:52:00,C1290,86.95,grocery,VN,1,3.25,0,0
T105262,2025-07-18 16:06:00,C1017,47.74,pharmacy,VN,1,4.08,0,0
T104975,2025-07-18 16:22:00,C1310,21.77,pharmacy,VN,0,9.02,1,0
T101267,2025-07-18 16:26:00,C1020,238.99,electronics,VN,1,26.74,0,0
T102186,2025-07-18 16:51:00,C1105,15.01,gaming,VN,1,1.32,0,0
T105297,2025-07-18 17:08:00,C1354,14.69,restaurant,VN,1,2.2,2,0
T100788,2025-07-18 17:17:00,C1223,11.28,gaming,VN,1,5.08,0,0
T103114,2025-07-18 17:29:00,C1329,26.39,pharmacy,VN,1,3.86,0,0
T105836,2025-07-18 17:29:00,C1382,22.48,gaming,VN,1,17.48,0,0
T102174,2025-07-18 18:17:00,C1090,20.39,electronics,VN,0,18.87,0,0
T100605,2025-07-18 18:26:00,C1079,21.12,clothing,VN,1,31.88,1,0
T105144,2025-07-18 18:29:00,C1015,42.5,travel,VN,0,33.32,0,0
T100901,2025-07-18 18:30:00,C1188,10.54,fuel,VN,1,29.3,1,0
T103680,2025-07-18 18:31:00,C1393,11.24,gaming,VN,0,13.64,1,0
T101839,2025-07-18 18:46:00,C1206,27.23,restaurant,VN,0,10.88,0,0
T105032,2025-07-18 18:57:00,C1210,49.89,travel,VN,1,15.34,1,0
T105609,2025-07-18 18:57:00,C1346,29.79,fuel,VN,1,1.41,3,0
T105188,2025-07-18 19:51:00,C1060,29.16,clothing,VN,0,21.51,0,0
T103191,2025-07-18 19:57:00,C1183,3.49,electronics,VN,1,16.57,0,0
T104041,2025-07-18 20:06:00,C1238,34.38,travel,VN,1,8.02,0,0
T102577,2025-07-18 20:22:00,C1396,6.17,fuel,VN,0,12.18,0,0
T103828,2025-07-18 21:17:00,C1009,10.47,pharmacy,VN,1,81.07,0,0
T105987,2025-07-18 21:31:00,C1297,43.36,pharmacy,VN,1,12.88,1,0
T101681,2025-07-18 22:52:00,C1229,20.88,gaming,VN,0,1.07,0,0
T105782,2025-07-18 22:52:00,C1033,104.58,clothing,VN,1,13.04,1,0
T104049,2025-07-18 23:35:00,C1060,18.9,restaurant,VN,0,24.96,1,0
T105611,2025-07-18 23:43:00,C1144,4.26,travel,VN,1,14.55,1,0
T105186,2025-07-19 01:09:00,C1174,58.46,travel,VN,1,13.36,0,0
T101258,2025-07-19 01:40:00,C1358,30.81,electronics,VN,1,18.38,0,0
T105794,2025-07-19 01:49:00,C1319,29.89,clothing,VN,1,0.8,0,0
T104723,2025-07-19 02:00:00,C1266,10.89,pharmacy,VN,0,9.68,1,0
T101028,2025-07-19 02:33:00,C1204,39.59,grocery,VN,1,1.03,0,0
T105770,2025-07-19 06:09:00,C1205,45.4,pharmacy,VN,1,11.83,3,0
T100288,2025-07-19 06:48:00,C1060,11.86,travel,VN,0,7.93,0,0
T102759,2025-07-19 07:36:00,C1089,7.98,grocery,VN,1,2.14,2,0
T102285,2025-07-19 07:54:00,C1226,51.65,clothing,US,0,2.47,0,0
T103720,2025-07-19 07:54:00,C1084,26.04,electronics,VN,0,10.35,2,0
T105066,2025-07-19 07:54:00,C1006,6.9,gaming,VN,1,2.65,1,0
T101835,2025-07-19 08:01:00,C1329,35.89,gaming,VN,1,2.08,1,0
T102333,2025-07-19 08:19:00,C1319,7.59,grocery,VN,1,3.07,1,0
T102747,2025-07-19 08:31:00,C1036,62.2,gaming,VN,1,6.79,2,0
T100889,2025-07-19 08:55:00,C1065,22.78,grocery,VN,1,4.58,0,0
T103147,2025-07-19 08:55:00,C1280,31.5,fuel,VN,0,7.25,1,0
T101454,2025-07-19 09:04:00,C1179,17.47,fuel,VN,1,7.35,1,0
T105831,2025-07-19 09:10:00,C1100,80.11,clothing,VN,1,15.87,1,0
T105668,2025-07-19 09:18:00,C1161,52.71,fuel,VN,1,6.07,0,0
T105837,2025-07-19 09:27:00,C1005,21.16,electronics,VN,0,3.34,1,0
T102804,2025-07-19 09:32:00,C1131,5.17,pharmacy,VN,1,5.43,0,0
T100725,2025-07-19 09:41:00,C1188,28.55,restaurant,VN,1,37.04,0,0
T100125,2025-07-19 09:50:00,C1017,7.59,pharmacy,VN,0,5.06,1,0
T100783,2025-07-19 10:00:00,C1175,30.54,travel,VN,1,4.55,0,0
T103514,2025-07-19 10:06:00,C1035,8.04,clothing,VN,1,4.41,0,0
T105911,2025-07-19 10:13:00,C1155,409.29,restaurant,VN,1,2.85,0,0
T103803,2025-07-19 10:28:00,C1379,11.1,electronics,VN,1,6.23,1,0
T103126,2025-07-19 10:29:00,C1246,3.91,clothing,VN,1,84.13,0,0
T104507,2025-07-19 10:34:00,C1227,62.43,pharmacy,VN,0,3.66,1,0
T101315,2025-07-19 10:52:00,C1156,35.94,clothing,VN,1,29.66,0,0
T104667,2025-07-19 11:17:00,C1216,7.83,electronics,NG,1,5.18,0,0
T102866,2025-07-19 11:38:00,C1220,4.55,clothing,VN,1,23.1,0,0
T100169,2025-07-19 11:50:00,C1330,7.82,electronics,VN,1,57.84,0,0
T101922,2025-07-19 11:53:00,C1344,7.63,grocery,VN,0,10.38,0,0
T100022,2025-07-19 12:10:00,C1024,446.12,clothing,JP,0,0.53,3,1
T104798,2025-07-19 12:13:00,C1069,4.69,fuel,VN,0,10.52,2,0
T100791,2025-07-19 12:26:00,C1059,82.56,gaming,VN,1,21.08,2,0
T105226,2025-07-19 12:38:00,C1106,38.22,electronics,VN,1,24.71,0,0
T102423,2025-07-19 12:53:00,C1014,26.78,fuel,VN,1,7.33,1,0
T100385,2025-07-19 13:10:00,C1339,18.81,pharmacy,VN,1,2.65,0,0
T100087,2025-07-19 13:11:00,C1303,8.5,restaurant,VN,1,11.29,0,0
T100206,2025-07-19 13:20:00,C1319,68.72,grocery,VN,1,3.73,0,0
T105288,2025-07-19 13:23:00,C1234,101.8,gaming,VN,0,0.34,1,0
T103484,2025-07-19 13:41:00,C1007,28.15,fuel,VN,1,5.67,0,0
T101802,2025-07-19 13:46:00,C1395,13.48,gaming,VN,1,3.68,1,0
T101663,2025-07-19 14:19:00,C1147,41.6,restaurant,VN,1,52.09,0,0
T104565,2025-07-19 14:46:00,C1077,2.77,grocery,US,1,1.74,0,0
T103909,2025-07-19 14:50:00,C1138,46.67,restaurant,VN,1,17.85,0,0
T104253,2025-07-19 15:04:00,C1102,11.9,gaming,VN,1,30.16,1,0
T101411,2025-07-19 15:10:00,C1283,60.27,clothing,VN,1,6.06,0,0
T105879,2025-07-19 15:27:00,C1098,22.82,fuel,VN,1,6.88,0,0
T105030,2025-07-19 15:30:00,C1027,25.33,pharmacy,JP,1,17.01,0,0
T103252,2025-07-19 15:36:00,C1168,43.7,fuel,VN,1,12.97,0,0
T103193,2025-07-19 15:43:00,C1357,67.01,gaming,VN,0,20.79,2,0
T103919,2025-07-19 15:53:00,C1154,36.89,fuel,VN,1,9.28,0,0
T103202,2025-07-19 15:54:00,C1361,13.62,gaming,VN,0,17.03,0,0
T103068,2025-07-19 15:58:00,C1386,19.63,gaming,VN,1,8.73,0,0
T103563,2025-07-19 16:02:00,C1173,14.91,fuel,VN,0,6.09,1,0
T101528,2025-07-19 16:23:00,C1127,9.43,gaming,VN,1,24.12,0,0
T102082,2025-07-19 16:27:00,C1276,82.74,clothing,VN,1,2.79,2,0
T101113,2025-07-19 16:30:00,C1368,8.56,restaurant,VN,1,39.36,0,0
T101655,2025-07-19 16:55:00,C1224,18.54,travel,VN,1,1.94,0,0
T102515,2025-07-19 17:07:00,C1343,3.39,fuel,VN,0,17.38,0,0
T100290,2025-07-19 17:08:00,C1295,19.06,clothing,VN,1,5.47,0,0
T101136,2025-07-19 17:17:00,C1040,122.86,grocery,VN,0,6.49,0,0
T105669,2025-07-19 17:20:00,C1375,31.2,electronics,VN,1,13.7,3,0
T104035,2025-07-19 17:25:00,C1341,25.71,clothing,VN,1,9.56,2,0
T103458,2025-07-19 17:26:00,C1118,66.28,gaming,VN,1,21.33,2,0
T105778,2025-07-19 17:44:00,C1354,17.18,grocery,VN,0,5.46,0,0
T105555,2025-07-19 18:07:00,C1123,185.7,fuel,VN,1,7.11,0,0
T102226,2025-07-19 18:08:00,C1027,48.95,grocery,VN,0,4.48,0,0
T102069,2025-07-19 18:15:00,C1221,60.91,fuel,VN,1,3.01,0,0
T100973,2025-07-19 18:16:00,C1163,37.2,clothing,VN,1,26.84,0,0
T103218,2025-07-19 18:26:00,C1253,43.83,gaming,VN,1,1.66,1,0
T100258,2025-07-19 18:27:00,C1365,94.63,travel,VN,1,5.26,1,0
T102375,2025-07-19 19:01:00,C1009,25.28,travel,VN,1,8.5,0,0
T101621,2025-07-19 19:12:00,C1261,12.75,electronics,VN,1,26.09,0,0
T100914,2025-07-19 19:18:00,C1246,59.89,pharmacy,VN,1,4.13,1,0
T101327,2025-07-19 19:19:00,C1331,5.45,restaurant,RU,0,5.51,0,0
T104375,2025-07-19 19:24:00,C1090,19.26,electronics,VN,1,24.64,1,0
T103379,2025-07-19 19:47:00,C1137,13.13,travel,VN,0,3.26,1,0
T101459,2025-07-19 19:50:00,C1045,27.0,fuel,VN,1,66.43,0,0
T102934,2025-07-19 19:59:00,C1036,114.96,restaurant,VN,1,8.01,0,0
T100263,2025-07-19 20:02:00,C1319,7.11,pharmacy,VN,0,62.92,1,0
T103095,2025-07-19 20:15:00,C1170,128.98,electronics,VN,0,18.61,0,0
T101357,2025-07-19 20:17:00,C1396,5.67,restaurant,RU,0,58.08,0,0
T103351,2025-07-19 21:22:00,C1146,47.74,grocery,VN,1,38.91,0,0
T102757,2025-07-19 21:23:00,C1039,72.53,restaurant,VN,0,2.99,1,0
T104235,2025-07-19 21:35:00,C1104,82.47,travel,VN,1,1.86,0,0
T101850,2025-07-19 22:01:00,C1270,18.13,pharmacy,VN,0,52.76,2,0
T100515,2025-07-19 23:14:00,C1044,10.85,fuel,GB,1,6.19,1,0
T101181,2025-07-20 00:18:00,C1293,11.36,pharmacy,VN,0,1.53,1,0
T100741,2025-07-20 01:36:00,C1109,203.08,clothing,NG,0,0.11,3,1
T102711,2025-07-20 01:58:00,C1142,62.51,restaurant,VN,1,2.48,0,0
T102193,2025-07-20 04:47:00,C1136,9.6,gaming,VN,1,19.95,0,0
T100724,2025-07-20 06:20:00,C1032,25.07,fuel,VN,1,2.46,1,0
T105001,2025-07-20 06:43:00,C1151,30.29,travel,VN,0,12.21,0,0
T101127,2025-07-20 06:52:00,C1145,31.21,clothing,VN,1,11.26,1,0
T105464,2025-07-20 07:04:00,C1060,11.94,fuel,VN,0,4.09,0,0
T100743,2025-07-20 07:08:00,C1126,35.06,fuel,NG,1,4.25,1,0
T100165,2025-07-20 07:10:00,C1047,21.89,fuel,VN,1,7.51,1,0
T104492,2025-07-20 07:21:00,C1221,35.11,restaurant,VN,1,48.15,0,0
T103925,2025-07-20 07:47:00,C1043,26.94,clothing,VN,0,4.71,0,0
T100569,2025-07-20 08:00:00,C1361,193.0,gaming,VN,0,20.5,2,0
T100072,2025-07-20 08:15:00,C1230,35.11,fuel,VN,1,8.72,2,0
T102746,2025-07-20 08:17:00,C1272,32.9,electronics,VN,1,6.57,1,0
T100977,2025-07-20 08:36:00,C1184,14.18,electronics,VN,1,10.86,0,0
T104330,2025-07-20 08:57:00,C1050,13.76,grocery,VN,0,8.79,2,0
T104526,2025-07-20 09:09:00,C1181,22.34,grocery,VN,1,22.02,0,0
T104060,2025-07-20 09:12:00,C1097,50.42,travel,NG,1,2.97,3,0
T103797,2025-07-20 09:17:00,C1180,17.35,electronics,VN,1,21.76,2,0
T100777,2025-07-20 09:19:00,C1377,21.3,electronics,VN,1,51.16,0,0
T100690,2025-07-20 09:21:00,C1377,22.66,restaurant,VN,0,6.26,0,0
T100326,2025-07-20 09:25:00,C1292,55.13,gaming,VN,0,10.64,1,0
T104801,2025-07-20 09:36:00,C1300,19.94,clothing,VN,1,12.07,0,0
T102294,2025-07-20 09:38:00,C1024,41.72,gaming,US,1,3.93,1,0
T103261,2025-07-20 09:46:00,C1131,21.0,clothing,VN,1,11.88,2,0
T102540,2025-07-20 09:52:00,C1063,56.38,travel,VN,0,6.23,0,0
T105316,2025-07-20 10:01:00,C1136,11.65,electronics,VN,1,4.2,1,0
T100771,2025-07-20 10:16:00,C1254,16.26,gaming,VN,0,10.82,2,0
T104986,2025-07-20 10:17:00,C1148,5.96,pharmacy,VN,0,7.28,0,0
T101917,2025-07-20 10:30:00,C1275,5.12,travel,VN,1,2.06,1,0
T103144,2025-07-20 10:36:00,C1085,11.25,electronics,VN,1,1.4,0,0
T102806,2025-07-20 10:44:00,C1044,23.41,grocery,VN,1,13.42,1,0
T105414,2025-07-20 11:02:00,C1146,9.3,electronics,SG,1,93.9,0,0
T105737,2025-07-20 11:15:00,C1328,15.76,pharmacy,VN,1,3.95,0,0
T105339,2025-07-20 11:33:00,C1310,3.3,fuel,VN,0,22.67,3,0
T105084,2025-07-20 11:49:00,C1035,6.89,pharmacy,VN,1,7.67,0,0
T103535,2025-07-20 11:54:00,C1003,109.27,electronics,VN,1,12.99,1,0
T105064,2025-07-20 12:06:00,C1050,25.15,gaming,VN,0,6.85,1,0
T103404,2025-07-20 12:07:00,C1366,6.93,gaming,VN,0,15.01,1,0
T102716,2025-07-20 12:13:00,C1262,68.37,electronics,VN,1,7.53,0,0
T105375,2025-07-20 12:17:00,C1089,13.63,clothing,VN,1,3.02,0,0
T102414,2025-07-20 12:23:00,C1157,16.2,clothing,VN,0,0.67,0,0
T105564,2025-07-20 12:33:00,C1348,53.35,pharmacy,VN,1,9.1,0,0
T101879,2025-07-20 12:39:00,C1073,40.73,restaurant,SG,0,3.36,1,0
T100026,2025-07-20 13:00:00,C1340,164.06,pharmacy,VN,1,14.49,0,0
T105428,2025-07-20 13:03:00,C1131,37.21,fuel,VN,0,16.46,1,0
T104355,2025-07-20 13:07:00,C1212,4.16,clothing,VN,1,7.21,2,0
T105164,2025-07-20 13:31:00,C1287,2.94,restaurant,VN,0,0.97,2,0
T102709,2025-07-20 13:39:00,C1136,8.89,fuel,VN,0,8.34,0,0
T100927,2025-07-20 13:43:00,C1049,33.04,clothing,VN,1,11.03,0,0
T102056,2025-07-20 14:26:00,C1119,46.12,travel,VN,0,4.96,0,0
T101849,2025-07-20 14:28:00,C1049,23.64,pharmacy,VN,1,72.46,1,0
T104234,2025-07-20 14:37:00,C1390,5.43,pharmacy,VN,1,14.2,3,0
T105626,2025-07-20 14:46:00,C1341,80.3,pharmacy,VN,1,2.53,0,0
T102464,2025-07-20 14:48:00,C1368,5.02,restaurant,SG,1,4.21,2,0
T105219,2025-07-20 15:01:00,C1320,28.38,grocery,VN,1,133.63,2,0
T103655,2025-07-20 15:02:00,C1315,16.54,clothing,VN,0,6.21,0,0
T103733,2025-07-20 15:11:00,C1114,68.71,restaurant,VN,1,23.93,2,0
T100974,2025-07-20 15:24:00,C1185,27.58,fuel,VN,1,4.04,1,0
T100948,2025-07-20 15:38:00,C1369,40.15,clothing,VN,0,11.73,1,0
T100034,2025-07-20 15:49:00,C1286,124.49,restaurant,VN,1,6.54,2,0
T104779,2025-07-20 15:54:00,C1326,12.55,gaming,VN,0,15.18,0,0
T100365,2025-07-20 15:55:00,C1069,15.12,travel,VN,1,1.37,1,0
T105460,2025-07-20 16:14:00,C1391,4.67,restaurant,VN,1,20.81,1,0
T100322,2025-07-20 16:18:00,C1115,20.32,pharmacy,VN,0,23.25,2,0
T100201,2025-07-20 16:25:00,C1249,59.93,grocery,VN,1,13.51,0,0
T100257,2025-07-20 16:28:00,C1156,48.09,travel,VN,1,6.45,0,0
T101364,2025-07-20 16:34:00,C1147,23.19,restaurant,VN,1,11.99,2,0
T104417,2025-07-20 16:36:00,C1171,18.77,gaming,VN,0,5.18,1,0
T100602,2025-07-20 16:39:00,C1135,67.12,restaurant,US,0,26.15,1,0
T102041,2025-07-20 16:48:00,C1081,20.32,fuel,VN,1,6.05,0,0
T101993,2025-07-20 16:50:00,C1306,19.58,grocery,VN,0,4.8,0,0
T104788,2025-07-20 16:57:00,C1239,16.14,fuel,VN,1,47.08,2,0
T103691,2025-07-20 17:13:00,C1097,17.9,grocery,VN,1,21.71,0,0
T101114,2025-07-20 17:15:00,C1238,23.48,grocery,VN,0,20.7,0,0
T100864,2025-07-20 17:22:00,C1319,11.8,clothing,VN,1,17.1,1,0
T102656,2025-07-20 17:38:00,C1120,77.19,fuel,VN,0,1.22,1,0
T104299,2025-07-20 17:50:00,C1056,24.86,travel,VN,1,20.13,0,0
T102315,2025-07-20 17:51:00,C1014,7.81,pharmacy,VN,1,5.33,2,0
T104003,2025-07-20 17:57:00,C1272,57.61,restaurant,VN,0,47.61,1,0
T104959,2025-07-20 18:12:00,C1318,10.5,pharmacy,VN,1,36.39,0,0
T101316,2025-07-20 18:20:00,C1015,34.6,travel,VN,1,8.02,0,0
T102639,2025-07-20 18:22:00,C1314,6.59,fuel,VN,1,3.5,1,0
T104934,2025-07-20 18:31:00,C1266,32.71,travel,VN,1,7.65,1,0
T105855,2025-07-20 18:40:00,C1205,43.44,travel,VN,1,8.28,0,0
T103768,2025-07-20 18:56:00,C1328,26.12,restaurant,VN,1,8.54,0,0
T100088,2025-07-20 18:57:00,C1119,6.16,travel,VN,1,1.91,0,0
T102985,2025-07-20 19:08:00,C1045,10.04,grocery,VN,0,7.19,0,0
T100191,2025-07-20 19:32:00,C1267,354.29,pharmacy,BR,0,1.4,6,1
T103795,2025-07-20 19:40:00,C1157,15.48,electronics,VN,1,19.67,2,0
T102127,2025-07-20 19:41:00,C1076,10.12,grocery,VN,1,11.23,0,0
T105342,2025-07-20 19:46:00,C1198,45.12,pharmacy,VN,1,31.66,3,0
T100717,2025-07-20 20:10:00,C1180,7.72,travel,VN,1,19.2,0,0
T100256,2025-07-20 20:21:00,C1181,66.6,fuel,VN,1,5.32,0,0
T103519,2025-07-20 20:38:00,C1347,4.76,gaming,VN,0,20.11,1,0
T101822,2025-07-20 21:09:00,C1311,101.37,electronics,VN,1,1.31,0,0
T104680,2025-07-20 22:01:00,C1318,31.55,electronics,VN,0,13.95,2,0
T105680,2025-07-20 23:05:00,C1126,11.72,clothing,VN,1,21.56,0,0
T101706,2025-07-21 00:04:00,C1090,11.42,pharmacy,VN,1,1.06,3,0
T101524,2025-07-21 00:35:00,C1000,29.64,grocery,VN,1,5.76,0,0
T102793,2025-07-21 01:55:00,C1103,47.74,fuel,VN,1,8.31,0,0
T100340,2025-07-21 02:47:00,C1131,43.06,travel,VN,0,4.68,1,0
T103171,2025-07-21 05:25:00,C1381,21.33,grocery,VN,1,2.55,0,0
T102532,2025-07-21 05:42:00,C1132,16.25,pharmacy,VN,0,1.63,1,0
T103915,2025-07-21 06:16:00,C1284,13.07,electronics,VN,1,16.11,3,0
T100163,2025-07-21 06:26:00,C1243,82.03,restaurant,VN,0,30.63,0,0
T104610,2025-07-21 07:04:00,C1332,8.76,gaming,VN,0,23.71,0,0
T103811,2025-07-21 07:06:00,C1083,18.78,grocery,VN,1,2.22,0,0
T101188,2025-07-21 07:22:00,C1157,6.46,clothing,VN,1,7.35,0,0
T104425,2025-07-21 07:25:00,C1014,44.23,pharmacy,VN,1,1.77,2,0
T101074,2025-07-21 07:45:00,C1088,53.37,electronics,VN,0,13.13,0,0
T101773,2025-07-21 08:04:00,C1250,51.9,gaming,VN,1,7.89,0,0
T103470,2025-07-21 08:05:00,C1243,6.71,grocery,VN,0,5.84,0,0
T105277,2025-07-21 08:10:00,C1027,18.01,travel,RU,1,1.45,0,0
T103607,2025-07-21 08:15:00,C1117,6.94,pharmacy,VN,1,7.77,0,0
T103273,2025-07-21 08:20:00,C1398,26.9,pharmacy,VN,1,30.53,1,0
T102788,2025-07-21 08:25:00,C1371,14.22,clothing,VN,0,3.15,1,0
T103041,2025-07-21 08:28:00,C1070,13.32,fuel,VN,0,43.55,0,0
T104482,2025-07-21 08:30:00,C1205,30.36,restaurant,VN,1,11.2,1,0
T105700,2025-07-21 08:37:00,C1074,30.76,gaming,VN,1,5.58,0,0
T101116,2025-07-21 08:53:00,C1321,79.09,grocery,VN,1,29.41,0,0
T102126,2025-07-21 08:59:00,C1075,5.43,clothing,VN,0,4.33,0,0
T101466,2025-07-21 09:03:00,C1067,18.57,fuel,VN,1,3.07,0,0
T102081,2025-07-21 09:05:00,C1129,32.82,gaming,VN,1,6.04,1,0
T101455,2025-07-21 09:19:00,C1272,20.55,grocery,VN,1,2.47,0,0
T103987,2025-07-21 09:20:00,C1039,30.71,fuel,VN,0,11.67,0,0
T101437,2025-07-21 09:34:00,C1055,52.54,gaming,VN,0,14.26,0,0
T104350,2025-07-21 09:41:00,C1189,21.28,travel,VN,0,4.76,0,0
T101004,2025-07-21 09:56:00,C1379,64.46,electronics,VN,0,2.71,1,0
T100960,2025-07-21 10:01:00,C1001,6.36,travel,VN,0,75.93,1,0
T102632,2025-07-21 10:10:00,C1252,10.6,pharmacy,VN,0,11.52,0,0
T102847,2025-07-21 10:16:00,C1252,7.78,fuel,VN,1,9.88,0,0
T101425,2025-07-21 10:24:00,C1234,49.65,pharmacy,VN,1,7.71,0,0
T101584,2025-07-21 10:43:00,C1332,4.73,electronics,VN,1,10.05,1,0
T103009,2025-07-21 10:58:00,C1333,16.89,travel,VN,1,2.96,0,0
T104408,2025-07-21 11:00:00,C1152,13.11,travel,VN,0,4.21,2,0
T104841,2025-07-21 11:14:00,C1008,56.92,electronics,VN,1,7.21,0,0
T103471,2025-07-21 11:23:00,C1320,13.36,travel,VN,0,1.52,0,0
T101574,2025-07-21 11:24:00,C1216,14.06,clothing,VN,1,5.64,2,0
T104031,2025-07-21 11:32:00,C1273,37.44,gaming,VN,0,27.77,1,0
T102775,2025-07-21 11:35:00,C1117,8.46,grocery,VN,0,8.08,1,0
T100823,2025-07-21 11:41:00,C1074,8.76,grocery,VN,1,5.41,0,0
T101306,2025-07-21 11:54:00,C1030,32.3,grocery,VN,1,0.41,0,0
T100239,2025-07-21 12:10:00,C1255,12.36,clothing,VN,1,13.29,0,0
T105935,2025-07-21 12:10:00,C1311,11.72,gaming,VN,1,4.1,1,0
T103481,2025-07-21 12:19:00,C1168,10.63,restaurant,VN,0,20.35,0,0
T100803,2025-07-21 12:27:00,C1071,69.07,grocery,VN,1,6.89,0,0
T103153,2025-07-21 12:31:00,C1003,17.8,grocery,VN,0,20.33,0,0
T102821,2025-07-21 12:36:00,C1353,27.88,clothing,VN,1,4.47,1,0
T101943,2025-07-21 12:40:00,C1295,9.05,restaurant,VN,0,49.32,0,0
T100697,2025-07-21 12:42:00,C1153,7.45,pharmacy,VN,1,9.7,0,0
T102730,2025-07-21 13:02:00,C1271,45.53,clothing,VN,1,7.36,1,0
T100393,2025-07-21 13:03:00,C1058,17.94,travel,VN,0,16.38,2,0
T100758,2025-07-21 13:12:00,C1060,50.78,electronics,VN,1,2.23,0,0
T102703,2025-07-21 13:20:00,C1176,94.38,gaming,VN,0,10.23,0,0
T103036,2025-07-21 13:24:00,C1339,23.21,grocery,VN,1,9.09,0,0
T102026,2025-07-21 13:25:00,C1370,7.77,gaming,VN,0,1.87,1,0
T105292,2025-07-21 13:25:00,C1328,24.31,restaurant,VN,1,1.46,1,0
T100750,2025-07-21 13:32:00,C1262,14.92,clothing,VN,1,8.21,0,0
T104048,2025-07-21 13:44:00,C1309,18.49,clothing,VN,1,20.59,1,0
T101039,2025-07-21 14:00:00,C1357,10.5,electronics,VN,0,5.7,0,0
T104099,2025-07-21 14:05:00,C1122,54.25,electronics,VN,1,8.08,0,0
T104996,2025-07-21 14:07:00,C1145,29.52,restaurant,VN,0,68.1,0,0
T100345,2025-07-21 14:20:00,C1241,17.63,clothing,VN,1,6.72,0,0
T100152,2025-07-21 14:54:00,C1304,65.8,clothing,VN,1,7.22,0,0
T101974,2025-07-21 15:50:00,C1383,25.03,electronics,VN,1,3.63,0,0
T103266,2025-07-21 16:12:00,C1385,43.68,pharmacy,VN,0,5.21,0,0
T102678,2025-07-21 16:21:00,C1398,62.39,gaming,RU,0,0.17,4,1
T101625,2025-07-21 16:30:00,C1207,22.79,fuel,VN,1,16.99,3,0
T103441,2025-07-21 17:01:00,C1389,27.44,restaurant,VN,0,6.88,0,0
T100992,2025-07-21 17:44:00,C1017,159.43,travel,VN,1,8.21,0,0
T103108,2025-07-21 17:45:00,C1305,17.8,gaming,VN,0,16.2,0,0
T102562,2025-07-21 17:54:00,C1066,19.83,grocery,VN,1,1.5,0,0
T104354,2025-07-21 17:55:00,C1151,76.34,electronics,VN,1,9.25,0,0
T104140,2025-07-21 18:01:00,C1339,9.26,clothing,VN,0,1.47,0,0
T105283,2025-07-21 18:04:00,C1059,4.86,pharmacy,VN,1,2.61,0,0
T105592,2025-07-21 18:04:00,C1173,33.77,gaming,VN,1,3.26,2,0
T102218,2025-07-21 18:07:00,C1309,42.77,clothing,VN,1,4.08,1,0
T102295,2025-07-21 18:25:00,C1085,68.67,travel,VN,1,8.43,0,0
T105769,2025-07-21 18:29:00,C1088,1.6,restaurant,VN,1,9.67,0,0
T100575,2025-07-21 18:43:00,C1146,95.14,fuel,VN,0,8.43,0,0
T104554,2025-07-21 18:51:00,C1229,19.38,gaming,VN,1,1.99,1,0
T104840,2025-07-21 18:56:00,C1255,9.8,electronics,VN,1,6.39,2,0
T103279,2025-07-21 19:10:00,C1054,15.45,fuel,VN,1,2.99,0,0
T104899,2025-07-21 19:19:00,C1371,36.04,gaming,VN,0,7.12,0,0
T102868,2025-07-21 19:21:00,C1139,84.46,fuel,VN,0,2.57,0,0
T102576,2025-07-21 19:26:00,C1348,19.4,pharmacy,VN,1,19.08,1,0
T103479,2025-07-21 19:30:00,C1003,79.09,gaming,VN,1,10.24,0,0
T104584,2025-07-21 19:36:00,C1115,47.39,clothing,BR,0,7.12,0,0
T103946,2025-07-21 19:40:00,C1167,14.37,grocery,VN,1,16.41,0,0
T102084,2025-07-21 19:58:00,C1105,22.03,grocery,VN,0,1.24,0,0
T102683,2025-07-21 19:59:00,C1150,20.42,restaurant,VN,0,9.7,2,0
T105452,2025-07-21 20:05:00,C1013,38.31,grocery,VN,0,93.19,0,0
T102289,2025-07-21 20:06:00,C1305,37.68,clothing,VN,1,8.3,0,0
T100778,2025-07-21 20:08:00,C1242,34.92,gaming,VN,1,4.2,2,0
T101657,2025-07-21 20:21:00,C1077,10.29,gaming,VN,0,2.43,1,0
T104268,2025-07-21 20:58:00,C1209,24.07,grocery,VN,1,7.37,0,0
T104874,2025-07-21 21:02:00,C1025,11.64,restaurant,VN,1,0.98,2,0
T102666,2025-07-21 21:04:00,C1098,24.35,restaurant,VN,1,1.24,0,0
T101438,2025-07-21 21:09:00,C1186,33.46,clothing,VN,1,6.11,0,0
T102198,2025-07-21 21:31:00,C1020,69.19,clothing,NG,1,0.39,1,1
T100253,2025-07-21 21:32:00,C1190,6.79,gaming,VN,1,2.32,1,0
T101561,2025-07-21 21:37:00,C1378,10.13,fuel,VN,0,10.16,0,0
T101108,2025-07-21 21:38:00,C1178,4.66,restaurant,VN,0,24.91,0,0
T101300,2025-07-21 21:49:00,C1091,31.58,grocery,VN,1,5.52,0,0
T105744,2025-07-21 22:24:00,C1005,22.43,travel,VN,1,2.99,0,0
T105846,2025-07-21 22:37:00,C1306,30.27,gaming,VN,0,0.27,2,1
T102122,2025-07-21 22:47:00,C1292,48.44,clothing,VN,0,5.84,0,0
T102220,2025-07-21 23:10:00,C1243,13.91,restaurant,VN,1,0.24,0,0
T101795,2025-07-21 23:16:00,C1355,21.16,fuel,VN,0,1.57,0,0
T102256,2025-07-21 23:59:00,C1245,14.1,restaurant,VN,0,2.61,0,0
T104596,2025-07-22 00:20:00,C1364,6.9,fuel,VN,1,1.82,0,0
T100648,2025-07-22 01:05:00,C1351,44.48,fuel,VN,1,7.05,1,0
T105116,2025-07-22 01:20:00,C1343,21.55,grocery,VN,1,10.79,2,0
T104997,2025-07-22 02:11:00,C1175,20.35,electronics,VN,0,0.5,4,1
T103184,2025-07-22 02:45:00,C1321,14.6,pharmacy,VN,0,38.07,0,0
T102526,2025-07-22 05:26:00,C1342,32.95,travel,VN,1,89.65,2,0
T104925,2025-07-22 05:39:00,C1377,8.09,pharmacy,VN,1,13.56,1,0
T102452,2025-07-22 06:49:00,C1102,38.02,gaming,VN,1,13.05,0,0
T105397,2025-07-22 07:10:00,C1078,27.6,restaurant,VN,1,76.69,0,0
T103719,2025-07-22 07:13:00,C1311,10.8,fuel,VN,1,13.47,2,0
T102692,2025-07-22 07:25:00,C1363,14.39,electronics,VN,0,6.73,2,0
T103794,2025-07-22 07:35:00,C1187,38.53,fuel,VN,0,18.81,1,0
T101069,2025-07-22 08:01:00,C1095,43.46,clothing,VN,0,0.75,0,0
T104522,2025-07-22 08:19:00,C1349,65.57,clothing,VN,1,3.68,1,0
T104697,2025-07-22 08:22:00,C1079,10.14,clothing,VN,0,5.48,0,0
T104636,2025-07-22 08:35:00,C1234,23.42,electronics,VN,1,5.8,0,0
T102769,2025-07-22 08:46:00,C1389,10.15,gaming,VN,1,0.87,1,0
T105878,2025-07-22 09:08:00,C1100,35.22,restaurant,VN,1,4.33,1,0
T104278,2025-07-22 09:11:00,C1113,14.8,clothing,VN,1,3.29,1,0
T104802,2025-07-22 09:35:00,C1326,46.78,travel,VN,0,3.22,1,0
T103007,2025-07-22 09:48:00,C1135,14.24,travel,VN,1,2.82,0,0
T101664,2025-07-22 10:08:00,C1302,126.46,gaming,VN,1,5.74,0,0
T104311,2025-07-22 10:14:00,C1163,22.91,travel,JP,0,9.36,1,0
T104539,2025-07-22 10:14:00,C1028,55.11,gaming,JP,0,0.29,6,1
T102432,2025-07-22 10:22:00,C1339,25.83,electronics,VN,1,14.56,0,0
T105011,2025-07-22 10:28:00,C1256,9.6,fuel,VN,1,4.43,0,0
T101284,2025-07-22 10:32:00,C1059,10.33,pharmacy,VN,0,7.89,0,0
T103345,2025-07-22 10:41:00,C1113,96.17,pharmacy,VN,0,0.64,2,0
T104927,2025-07-22 10:52:00,C1220,7.6,travel,GB,1,6.02,2,0
T104057,2025-07-22 11:17:00,C1383,10.54,clothing,VN,1,6.25,3,0
T104929,2025-07-22 11:41:00,C1104,15.08,electronics,VN,1,6.71,0,0
T100860,2025-07-22 11:44:00,C1173,43.98,clothing,VN,1,4.23,0,0
T105981,2025-07-22 12:07:00,C1146,16.72,grocery,VN,1,27.84,0,0
T103527,2025-07-22 12:24:00,C1340,16.65,gaming,VN,0,69.13,2,0
T101424,2025-07-22 12:32:00,C1152,34.97,grocery,VN,0,23.6,0,0
T105507,2025-07-22 12:34:00,C1205,11.1,travel,VN,1,6.96,1,0
T102961,2025-07-22 12:37:00,C1332,91.97,electronics,VN,0,2.44,0,0
T103129,2025-07-22 12:43:00,C1155,21.88,electronics,VN,0,1.55,2,0
T103465,2025-07-22 12:45:00,C1201,64.65,restaurant,VN,0,23.56,0,0
T102955,2025-07-22 12:51:00,C1367,32.39,fuel,VN,0,3.93,0,0
T105934,2025-07-22 13:04:00,C1025,1.91,fuel,VN,1,8.34,0,0
T101558,2025-07-22 13:09:00,C1311,11.12,restaurant,VN,0,8.24,1,0
T105087,2025-07-22 13:10:00,C1094,54.84,restaurant,VN,1,54.14,1,0
T103586,2025-07-22 13:18:00,C1029,17.97,restaurant,VN,1,1.74,0,0
T103255,2025-07-22 13:38:00,C1271,19.62,clothing,VN,1,14.83,0,0
T105872,2025-07-22 13:46:00,C1329,9.29,gaming,VN,0,30.54,0,0
T100392,2025-07-22 14:02:00,C1260,21.89,electronics,VN,0,4.75,0,0
T103076,2025-07-22 14:03:00,C1023,9.3,fuel,VN,1,5.96,2,0
T103732,2025-07-22 14:14:00,C1353,13.03,travel,VN,0,10.18,1,0
T103891,2025-07-22 14:19:00,C1031,20.41,clothing,VN,1,7.88,0,0
T105051,2025-07-22 14:44:00,C1373,76.7,fuel,RU,0,10.71,0,0
T105708,2025-07-22 14:44:00,C1286,19.76,gaming,VN,1,1.13,2,0
T100651,2025-07-22 15:13:00,C1362,11.11,fuel,VN,0,19.06,0,0
T102222,2025-07-22 15:20:00,C1233,73.94,grocery,VN,0,9.71,0,0
T104084,2025-07-22 15:25:00,C1126,104.42,pharmacy,VN,1,3.24,0,0
T102840,2025-07-22 15:28:00,C1311,8.15,restaurant,VN,0,3.72,0,0
T101308,2025-07-22 15:42:00,C1024,15.01,travel,VN,1,4.07,1,0
T103270,2025-07-22 16:38:00,C1346,4.79,travel,VN,0,9.37,0,0
T103204,2025-07-22 17:07:00,C1044,22.71,gaming,VN,1,1.69,0,0
T104972,2025-07-22 17:17:00,C1222,16.88,travel,VN,1,5.49,0,0
T105078,2025-07-22 17:26:00,C1315,3.85,grocery,VN,0,2.07,1,0
T100388,2025-07-22 17:28:00,C1152,71.95,travel,VN,1,15.45,0,0
T102052,2025-07-22 17:30:00,C1119,32.13,grocery,VN,0,6.68,1,0
T100073,2025-07-22 17:34:00,C1300,9.32,pharmacy,VN,1,2.5,0,0
T104406,2025-07-22 17:46:00,C1007,9.63,gaming,VN,0,2.34,0,0
T101620,2025-07-22 17:49:00,C1324,11.84,grocery,VN,1,9.61,0,0
T103495,2025-07-22 17:52:00,C1045,55.16,fuel,VN,1,3.87,0,0
T102441,2025-07-22 18:02:00,C1271,71.36,grocery,VN,1,24.74,1,0
T104276,2025-07-22 18:54:00,C1347,6.64,gaming,VN,1,6.03,1,0
T102166,2025-07-22 18:59:00,C1309,40.49,grocery,VN,1,23.42,0,0
T105997,2025-07-22 18:59:00,C1388,9.91,travel,VN,1,8.41,1,0
T100922,2025-07-22 19:02:00,C1336,3.02,travel,VN,0,7.92,0,0
T103571,2025-07-22 19:08:00,C1091,11.6,fuel,VN,1,22.18,0,0
T101595,2025-07-22 19:19:00,C1389,43.02,travel,VN,0,3.24,2,0
T105818,2025-07-22 19:49:00,C1359,17.96,travel,VN,1,2.24,1,0
T100231,2025-07-22 19:51:00,C1252,17.05,fuel,VN,1,5.96,0,0
T105929,2025-07-22 20:01:00,C1082,33.2,electronics,VN,0,24.35,1,0
T105547,2025-07-22 20:25:00,C1301,75.59,fuel,VN,0,8.23,1,0
T102416,2025-07-22 20:34:00,C1183,24.12,pharmacy,VN,1,2.61,0,0
T100416,2025-07-22 20:46:00,C1380,52.3,pharmacy,VN,0,15.99,0,0
T101205,2025-07-22 21:03:00,C1196,38.29,electronics,VN,1,1.39,0,0
T100728,2025-07-22 22:28:00,C1277,30.29,restaurant,VN,1,11.58,0,0
T100283,2025-07-22 22:35:00,C1010,4.46,clothing,US,1,6.84,0,0
T105514,2025-07-22 22:54:00,C1141,5.53,electronics,VN,1,28.89,0,0
T102609,2025-07-22 22:59:00,C1089,7.01,restaurant,VN,1,4.42,1,0
T104314,2025-07-22 23:13:00,C1382,4.85,pharmacy,VN,0,10.88,0,0
T104318,2025-07-22 23:51:00,C1227,14.86,fuel,VN,0,1.93,1,0
T100237,2025-07-23 02:04:00,C1078,16.87,travel,VN,1,3.15,0,0
T104320,2025-07-23 03:08:00,C1018,19.7,clothing,VN,1,5.2,1,0
T104555,2025-07-23 05:33:00,C1256,11.53,restaurant,VN,1,25.69,1,0
T100567,2025-07-23 05:40:00,C1159,110.64,fuel,VN,0,4.01,0,0
T104644,2025-07-23 06:03:00,C1080,7.16,travel,VN,0,22.56,1,0
T103791,2025-07-23 06:22:00,C1123,111.56,electronics,VN,0,9.28,0,0
T103383,2025-07-23 06:39:00,C1012,15.27,electronics,VN,0,6.18,0,0
T105420,2025-07-23 07:15:00,C1187,28.41,electronics,VN,0,6.63,1,0
T105867,2025-07-23 07:53:00,C1394,36.0,pharmacy,VN,1,40.09,0,0
T100932,2025-07-23 08:01:00,C1342,78.35,electronics,VN,0,15.71,0,0
T103555,2025-07-23 08:05:00,C1231,6.23,gaming,VN,1,7.32,0,0
T103248,2025-07-23 08:10:00,C1064,8.71,pharmacy,VN,1,2.27,0,0
T105425,2025-07-23 08:12:00,C1128,10.69,restaurant,VN,1,25.04,0,0
T104426,2025-07-23 08:31:00,C1025,16.93,pharmacy,VN,1,2.63,0,0
T104022,2025-07-23 08:32:00,C1057,54.59,restaurant,VN,0,38.95,2,0
T100757,2025-07-23 08:36:00,C1195,82.4,gaming,VN,0,12.69,3,0
T103908,2025-07-23 08:53:00,C1181,12.47,gaming,VN,1,7.16,0,0
T102964,2025-07-23 09:16:00,C1141,8.55,travel,VN,0,3.57,3,0
T101707,2025-07-23 09:43:00,C1168,12.84,gaming,VN,1,5.26,0,0
T103672,2025-07-23 09:58:00,C1041,35.94,fuel,VN,1,7.44,1,0
T102971,2025-07-23 10:26:00,C1179,154.57,pharmacy,VN,1,45.62,1,0
T103543,2025-07-23 10:30:00,C1024,10.73,fuel,VN,0,10.16,0,0
T100904,2025-07-23 10:31:00,C1167,15.49,restaurant,VN,1,2.42,0,0
T100683,2025-07-23 10:32:00,C1295,21.39,gaming,VN,0,5.38,1,0
T101003,2025-07-23 10:37:00,C1335,50.6,grocery,VN,0,4.01,1,0
T104484,2025-07-23 10:50:00,C1332,14.67,pharmacy,VN,1,9.76,0,0
T104467,2025-07-23 11:04:00,C1236,11.01,restaurant,VN,0,10.7,0,0
T100164,2025-07-23 11:14:00,C1245,4.25,gaming,VN,0,1.6,1,0
T100608,2025-07-23 11:18:00,C1357,154.36,pharmacy,VN,1,21.98,1,0
T103501,2025-07-23 11:42:00,C1310,100.21,gaming,VN,1,7.48,0,0
T102451,2025-07-23 11:57:00,C1376,5.75,pharmacy,VN,1,34.37,0,0
T105754,2025-07-23 12:08:00,C1083,16.25,travel,VN,0,10.89,0,0
T102439,2025-07-23 12:17:00,C1274,76.32,clothing,VN,1,3.04,0,0
T105153,2025-07-23 12:23:00,C1137,23.65,pharmacy,VN,1,21.77,0,0
T103538,2025-07-23 12:31:00,C1056,16.86,grocery,VN,1,21.33,0,0
T103508,2025-07-23 12:34:00,C1325,112.86,electronics,JP,1,2.39,0,0
T104238,2025-07-23 13:14:00,C1303,22.97,restaurant,VN,1,5.34,1,0
T104321,2025-07-23 13:16:00,C1380,15.47,pharmacy,VN,1,1.73,0,0
T101828,2025-07-23 13:25:00,C1179,9.9,pharmacy,VN,0,8.66,0,0
T104380,2025-07-23 13:42:00,C1124,14.83,pharmacy,VN,1,34.58,2,0
T103629,2025-07-23 13:44:00,C1355,15.08,pharmacy,VN,1,10.35,0,0
T104751,2025-07-23 13:53:00,C1122,41.11,grocery,VN,0,4.64,1,0
T100555,2025-07-23 14:06:00,C1372,9.96,clothing,VN,0,11.64,0,0
T102563,2025-07-23 14:52:00,C1007,16.64,gaming,VN,1,1.07,0,0
T105317,2025-07-23 15:02:00,C1208,25.12,gaming,VN,0,3.49,0,0
T103034,2025-07-23 15:13:00,C1213,6.21,fuel,VN,1,8.06,0,0
T103003,2025-07-23 15:16:00,C1042,12.24,travel,VN,1,25.12,1,0
T105979,2025-07-23 15:24:00,C1183,32.17,clothing,VN,1,19.66,0,0
T105827,2025-07-23 15:50:00,C1313,14.54,grocery,VN,1,15.6,0,0
T105909,2025-07-23 15:54:00,C1002,24.92,gaming,GB,0,12.74,2,0
T104619,2025-07-23 15:55:00,C1279,100.34,electronics,VN,1,16.05,1,0
T104189,2025-07-23 15:58:00,C1095,62.03,clothing,VN,1,2.77,0,0
T102836,2025-07-23 16:04:00,C1125,20.45,clothing,VN,1,11.51,0,0
T102790,2025-07-23 16:09:00,C1050,31.8,clothing,VN,0,5.87,0,0
T101643,2025-07-23 16:12:00,C1265,4.6,pharmacy,VN,1,25.03,1,0
T105683,2025-07-23 16:14:00,C1173,1.76,grocery,VN,0,2.02,0,0
T102514,2025-07-23 16:28:00,C1098,35.68,pharmacy,VN,1,3.31,0,0
T103715,2025-07-23 16:42:00,C1250,28.73,electronics,VN,0,4.6,0,0
T102689,2025-07-23 16:56:00,C1061,5.72,travel,VN,1,2.14,2,0
T100095,2025-07-23 17:00:00,C1072,48.14,pharmacy,VN,1,5.21,0,0
T100244,2025-07-23 17:14:00,C1273,13.24,restaurant,VN,1,12.34,1,0
T100600,2025-07-23 17:19:00,C1169,175.99,grocery,VN,1,5.61,1,0
T104621,2025-07-23 17:19:00,C1034,7.13,pharmacy,VN,1,26.94,0,0
T104336,2025-07-23 17:30:00,C1149,29.82,fuel,VN,0,6.34,0,0
T103554,2025-07-23 17:38:00,C1203,10.63,clothing,VN,1,9.07,0,0
T104411,2025-07-23 18:06:00,C1131,17.15,clothing,VN,0,3.85,0,0
T100306,2025-07-23 18:07:00,C1092,49.72,pharmacy,VN,0,0.71,6,1
T102132,2025-07-23 18:08:00,C1146,88.96,fuel,VN,0,9.82,0,0
T100997,2025-07-23 18:12:00,C1317,26.03,electronics,VN,1,5.0,1,0
T102544,2025-07-23 18:33:00,C1019,13.31,electronics,VN,0,2.26,0,0
T102633,2025-07-23 18:49:00,C1041,18.76,pharmacy,VN,1,1.36,0,0
T100565,2025-07-23 19:07:00,C1221,16.41,fuel,VN,1,4.42,1,0
T103166,2025-07-23 19:07:00,C1153,64.8,clothing,VN,0,6.19,0,0
T105263,2025-07-23 19:10:00,C1280,16.43,electronics,VN,0,14.44,0,0
T102597,2025-07-23 19:16:00,C1373,23.58,fuel,VN,1,21.52,0,0
T100675,2025-07-23 19:23:00,C1368,40.7,pharmacy,VN,0,6.57,0,0
T101908,2025-07-23 19:29:00,C1377,28.47,pharmacy,VN,1,9.37,0,0
T101758,2025-07-23 19:32:00,C1139,69.2,travel,BR,0,0.09,4,1
T100840,2025-07-23 19:35:00,C1241,13.81,restaurant,VN,0,6.4,0,0
T100837,2025-07-23 20:15:00,C1308,33.8,gaming,VN,1,4.57,0,0
T102257,2025-07-23 20:18:00,C1349,54.2,restaurant,VN,1,11.84,0,0
T102490,2025-07-23 20:25:00,C1276,30.92,clothing,VN,0,1.27,0,0
T105133,2025-07-23 20:32:00,C1339,39.59,clothing,VN,1,3.56,0,0
T105281,2025-07-23 20:32:00,C1119,6.94,grocery,VN,1,3.54,0,0
T103705,2025-07-23 21:56:00,C1388,25.66,gaming,VN,0,0.84,0,0
T105820,2025-07-23 22:12:00,C1237,9.09,electronics,VN,1,2.49,2,0
T104740,2025-07-23 22:51:00,C1106,26.83,clothing,VN,0,0.14,5,1
T103929,2025-07-24 01:04:00,C1099,11.71,gaming,VN,0,40.56,0,0
T103550,2025-07-24 02:05:00,C1140,56.92,grocery,GB,1,10.0,0,0
T101086,2025-07-24 02:10:00,C1331,25.48,clothing,VN,1,15.56,0,0
T104928,2025-07-24 05:05:00,C1207,54.55,gaming,VN,1,4.32,0,0
T102530,2025-07-24 05:58:00,C1306,54.09,pharmacy,VN,1,0.7,0,0
T101771,2025-07-24 06:04:00,C1133,2.96,pharmacy,VN,1,0.56,1,0
T104931,2025-07-24 06:07:00,C1168,2.39,fuel,US,0,33.1,1,0
T105404,2025-07-24 06:28:00,C1237,70.84,fuel,VN,1,8.94,2,0
T104690,2025-07-24 07:16:00,C1061,23.38,clothing,VN,0,7.59,0,0
T103887,2025-07-24 07:39:00,C1150,14.83,restaurant,VN,1,21.07,0,0
T105235,2025-07-24 07:54:00,C1232,5.04,electronics,VN,1,5.28,0,0
T100174,2025-07-24 08:00:00,C1135,31.54,pharmacy,VN,0,15.59,2,0
T103385,2025-07-24 08:03:00,C1116,19.35,travel,VN,1,28.89,0,0
T101430,2025-07-24 08:25:00,C1010,81.66,grocery,US,1,15.25,1,0
T105088,2025-07-24 08:26:00,C1060,4.51,gaming,VN,0,4.8,0,0
T100397,2025-07-24 08:36:00,C1024,17.82,travel,VN,1,42.91,0,0
T104289,2025-07-24 08:38:00,C1214,42.24,restaurant,VN,1,11.45,2,0
T100212,2025-07-24 08:39:00,C1375,118.47,electronics,VN,0,14.86,0,0
T102102,2025-07-24 08:51:00,C1267,24.06,clothing,VN,1,4.93,0,0
T103712,2025-07-24 08:59:00,C1105,14.31,travel,VN,0,11.32,1,0
T105477,2025-07-24 09:09:00,C1014,12.09,electronics,US,0,7.79,1,0
T104829,2025-07-24 09:39:00,C1385,104.64,clothing,VN,1,11.34,0,0
T105333,2025-07-24 09:39:00,C1356,95.03,clothing,VN,0,8.65,0,0
T104759,2025-07-24 09:48:00,C1280,26.13,travel,VN,0,6.33,2,0
T100581,2025-07-24 11:05:00,C1062,38.04,fuel,VN,1,4.88,0,0
T103818,2025-07-24 11:07:00,C1227,94.39,gaming,VN,0,15.84,0,0
T100321,2025-07-24 11:13:00,C1139,3.77,grocery,VN,0,58.96,2,0
T104258,2025-07-24 11:19:00,C1194,46.08,electronics,VN,1,8.95,1,0
T104448,2025-07-24 11:32:00,C1317,12.06,travel,VN,1,11.63,0,0
T103951,2025-07-24 11:39:00,C1087,11.5,travel,VN,0,8.49,0,0
T101354,2025-07-24 11:52:00,C1199,7.28,gaming,VN,1,1.52,0,0
T101831,2025-07-24 11:55:00,C1001,7.8,electronics,VN,1,8.15,0,0
T102905,2025-07-24 11:56:00,C1072,19.88,clothing,VN,1,13.49,0,0
T105925,2025-07-24 12:01:00,C1257,55.16,grocery,VN,1,11.74,0,0
T101360,2025-07-24 12:05:00,C1000,17.63,clothing,VN,1,5.63,0,0
T100601,2025-07-24 12:10:00,C1335,16.6,grocery,VN,0,4.45,0,0
T105246,2025-07-24 12:12:00,C1025,77.53,clothing,VN,0,5.62,1,0
T100060,2025-07-24 12:14:00,C1207,6.42,gaming,VN,1,9.53,1,0
T105109,2025-07-24 12:22:00,C1337,3.23,restaurant,VN,1,41.97,0,0
T104452,2025-07-24 12:34:00,C1201,6.92,clothing,VN,1,14.77,1,0
T100572,2025-07-24 12:43:00,C1362,8.38,gaming,VN,1,9.71,0,0
T105695,2025-07-24 12:44:00,C1131,7.07,clothing,VN,1,10.95,0,0
T105927,2025-07-24 13:03:00,C1166,52.67,fuel,VN,0,3.92,0,0
T105134,2025-07-24 13:07:00,C1306,43.02,restaurant,VN,1,1.56,0,0
T104533,2025-07-24 13:29:00,C1392,10.96,travel,VN,1,5.51,3,0
T103539,2025-07-24 13:36:00,C1028,86.06,electronics,VN,1,11.66,0,0
T104712,2025-07-24 13:39:00,C1288,32.12,electronics,VN,0,11.68,0,0
T101091,2025-07-24 13:42:00,C1177,18.66,restaurant,VN,1,15.34,0,0
T103366,2025-07-24 13:50:00,C1234,18.49,grocery,VN,1,6.29,1,0
T103868,2025-07-24 13:58:00,C1391,11.6,restaurant,JP,0,13.8,2,0
T101023,2025-07-24 14:07:00,C1383,45.97,gaming,VN,0,2.85,3,0
T102679,2025-07-24 14:21:00,C1298,32.74,fuel,VN,1,0.56,0,0
T102969,2025-07-24 14:48:00,C1322,63.63,gaming,VN,0,5.85,1,0
T103635,2025-07-24 15:05:00,C1062,166.9,electronics,GB,0,2.76,1,1
T103295,2025-07-24 15:15:00,C1219,41.69,pharmacy,VN,1,72.75,1,0
T101571,2025-07-24 15:22:00,C1246,36.88,restaurant,VN,0,6.99,1,0
T101646,2025-07-24 15:23:00,C1332,54.46,restaurant,VN,1,2.36,0,0
T103647,2025-07-24 15:24:00,C1018,13.57,travel,VN,0,5.45,0,0
T105407,2025-07-24 15:49:00,C1392,10.11,clothing,VN,1,18.77,0,0
T103798,2025-07-24 15:53:00,C1181,45.17,grocery,VN,1,7.38,0,0
T105567,2025-07-24 15:54:00,C1125,21.68,pharmacy,VN,0,6.33,1,0
T100269,2025-07-24 16:08:00,C1356,13.44,electronics,VN,0,6.46,0,0
T100813,2025-07-24 16:14:00,C1267,23.03,pharmacy,BR,1,7.13,2,0
T102733,2025-07-24 16:27:00,C1293,16.3,travel,VN,1,6.14,0,0
T103431,2025-07-24 16:52:00,C1287,5.84,clothing,VN,0,5.27,0,0
T101740,2025-07-24 16:54:00,C1088,19.0,fuel,VN,0,84.0,1,0
T102250,2025-07-24 17:02:00,C1259,46.87,gaming,VN,0,3.7,1,0
T104630,2025-07-24 17:04:00,C1265,33.4,clothing,VN,0,2.21,1,0
T101520,2025-07-24 17:08:00,C1352,15.3,restaurant,VN,1,13.63,1,0
T101416,2025-07-24 17:10:00,C1177,28.46,restaurant,VN,1,6.7,0,0
T101984,2025-07-24 17:10:00,C1234,21.21,gaming,VN,0,4.42,0,0
T104745,2025-07-24 17:22:00,C1051,59.73,restaurant,VN,1,1.34,2,0
T100156,2025-07-24 17:25:00,C1266,26.86,restaurant,VN,0,2.5,0,0
T103873,2025-07-24 17:32:00,C1071,18.24,fuel,VN,0,12.56,0,0
T102283,2025-07-24 17:36:00,C1299,15.37,electronics,VN,0,33.45,0,0
T103996,2025-07-24 17:46:00,C1368,34.79,pharmacy,VN,0,46.98,3,0
T101522,2025-07-24 17:48:00,C1248,43.1,pharmacy,VN,1,11.32,1,0
T104071,2025-07-24 17:52:00,C1394,23.17,travel,VN,1,1.56,1,0
T104919,2025-07-24 17:56:00,C1098,99.41,restaurant,VN,0,2.77,0,0
T103287,2025-07-24 18:10:00,C1313,14.23,pharmacy,VN,0,138.12,1,0
T102263,2025-07-24 18:11:00,C1393,28.35,restaurant,VN,1,4.26,0,0
T104079,2025-07-24 18:17:00,C1180,6.27,fuel,VN,1,7.32,0,0
T104776,2025-07-24 18:18:00,C1134,32.48,electronics,VN,1,0.67,0,0
T103015,2025-07-24 18:29:00,C1391,52.4,gaming,VN,1,4.89,2,0
T105322,2025-07-24 18:29:00,C1383,43.51,pharmacy,VN,1,15.02,2,0
T101217,2025-07-24 18:49:00,C1079,552.18,grocery,VN,0,0.11,2,1
T102290,2025-07-24 18:49:00,C1106,28.46,clothing,VN,0,5.35,1,0
T104688,2025-07-24 18:49:00,C1009,71.08,grocery,VN,1,4.99,0,0
T105036,2025-07-24 19:06:00,C1320,45.9,grocery,VN,0,10.69,0,0
T102410,2025-07-24 19:11:00,C1092,49.96,electronics,NG,1,5.43,0,0
T101801,2025-07-24 19:18:00,C1224,20.37,gaming,VN,1,22.52,0,0
T101689,2025-07-24 19:34:00,C1341,38.65,clothing,BR,1,18.02,1,0
T103305,2025-07-24 19:37:00,C1088,81.25,clothing,RU,1,1.07,0,0
T103591,2025-07-24 19:41:00,C1275,20.13,travel,VN,1,12.36,3,0
T102635,2025-07-24 19:49:00,C1244,23.03,pharmacy,VN,1,7.57,0,0
T104963,2025-07-24 19:49:00,C1295,15.96,grocery,VN,0,8.13,2,0
T100342,2025-07-24 19:57:00,C1245,163.36,pharmacy,VN,1,1.76,3,0
T101464,2025-07-24 20:02:00,C1317,23.3,electronics,VN,1,8.21,1,0
T100118,2025-07-24 20:09:00,C1311,12.79,gaming,VN,1,23.56,0,0
T100906,2025-07-24 20:24:00,C1177,23.24,grocery,VN,1,59.68,0,0
T104039,2025-07-24 20:29:00,C1246,15.17,grocery,VN,0,2.69,0,0
T102742,2025-07-24 21:36:00,C1360,17.13,electronics,VN,1,7.56,0,0
T100260,2025-07-24 21:57:00,C1099,52.28,travel,VN,1,4.64,2,0
T103136,2025-07-24 22:13:00,C1046,69.34,travel,SG,0,2.07,3,1
T100249,2025-07-24 22:20:00,C1333,40.83,grocery,VN,1,3.38,1,0
T103763,2025-07-24 23:51:00,C1228,5.27,electronics,VN,1,4.75,1,0
T102054,2025-07-25 01:07:00,C1085,25.0,travel,VN,1,6.36,0,0
T104521,2025-07-25 02:07:00,C1137,57.79,pharmacy,VN,1,4.25,0,0
T103134,2025-07-25 02:44:00,C1328,70.57,restaurant,VN,1,5.37,0,0
T101418,2025-07-25 02:47:00,C1082,9.14,travel,VN,1,46.51,0,0
T101211,2025-07-25 03:20:00,C1337,30.15,clothing,VN,0,13.72,0,0
T100824,2025-07-25 03:40:00,C1320,6.18,clothing,VN,0,28.41,1,0
T103362,2025-07-25 05:22:00,C1187,17.11,electronics,VN,1,8.16,0,0
T101448,2025-07-25 05:34:00,C1324,20.55,travel,VN,0,6.63,2,0
T100210,2025-07-25 05:42:00,C1175,10.33,pharmacy,VN,0,3.1,0,0
T105162,2025-07-25 05:48:00,C1365,26.33,grocery,VN,1,1.48,0,0
T105351,2025-07-25 06:07:00,C1153,8.13,electronics,VN,1,2.31,0,0
T101545,2025-07-25 06:58:00,C1397,46.37,pharmacy,VN,1,2.78,0,0
T104707,2025-07-25 07:07:00,C1283,7.87,gaming,VN,1,4.64,0,0
T100432,2025-07-25 07:36:00,C1311,44.86,clothing,VN,1,8.31,0,0
T104290,2025-07-25 08:14:00,C1034,10.8,fuel,VN,1,10.5,0,0
T100302,2025-07-25 08:23:00,C1159,39.58,pharmacy,VN,0,0.41,0,0
T104331,2025-07-25 08:27:00,C1037,29.69,gaming,VN,0,3.67,0,0
T102478,2025-07-25 08:32:00,C1209,7.72,restaurant,VN,1,37.5,0,0
T105516,2025-07-25 08:48:00,C1126,9.41,travel,VN,1,19.22,1,0
T104762,2025-07-25 08:50:00,C1224,21.33,travel,VN,0,29.94,1,0
T103008,2025-07-25 09:20:00,C1164,45.58,pharmacy,VN,1,1.04,0,0
T100128,2025-07-25 09:23:00,C1230,37.46,clothing,VN,1,40.96,0,0
T105902,2025-07-25 09:49:00,C1275,27.12,clothing,VN,0,5.83,0,0
T100000,2025-07-25 09:50:00,C1276,8.57,pharmacy,VN,0,3.21,1,0
T105760,2025-07-25 10:05:00,C1368,10.74,restaurant,VN,1,15.5,0,0
T105812,2025-07-25 10:08:00,C1394,71.83,fuel,VN,1,3.19,0,0
T101871,2025-07-25 10:15:00,C1221,13.56,gaming,VN,0,24.27,0,0
T105270,2025-07-25 10:19:00,C1213,56.0,fuel,VN,1,8.65,0,0
T105050,2025-07-25 10:30:00,C1058,9.1,travel,VN,0,19.09,1,0
T101346,2025-07-25 10:36:00,C1061,13.64,restaurant,VN,0,3.92,0,0
T105303,2025-07-25 10:54:00,C1009,63.82,gaming,VN,0,7.68,0,0
T103513,2025-07-25 10:56:00,C1168,39.66,pharmacy,VN,1,2.82,2,0
T100859,2025-07-25 10:59:00,C1251,35.44,grocery,VN,0,12.18,0,0
T103505,2025-07-25 11:17:00,C1090,35.58,electronics,VN,1,14.4,0,0
T101860,2025-07-25 11:36:00,C1068,9.66,fuel,VN,0,14.82,0,0
T103278,2025-07-25 11:45:00,C1249,46.45,electronics,VN,0,27.17,0,0
T105500,2025-07-25 11:54:00,C1064,18.99,travel,VN,1,16.72,1,0
T103817,2025-07-25 12:52:00,C1241,39.03,pharmacy,VN,0,8.98,0,0
T104527,2025-07-25 13:17:00,C1229,25.55,clothing,VN,0,2.71,0,0
T101401,2025-07-25 13:19:00,C1393,18.47,restaurant,VN,0,10.65,1,0
T105865,2025-07-25 13:27:00,C1139,26.89,restaurant,VN,0,7.74,0,0
T102070,2025-07-25 13:40:00,C1083,35.1,electronics,VN,0,24.94,0,0
T105643,2025-07-25 13:47:00,C1318,33.04,pharmacy,VN,1,8.54,0,0
T101077,2025-07-25 13:48:00,C1260,8.33,restaurant,VN,1,2.99,1,0
T102409,2025-07-25 13:54:00,C1215,44.43,restaurant,VN,1,7.41,2,0
T100225,2025-07-25 13:57:00,C1053,48.45,clothing,VN,1,30.94,0,0
T102048,2025-07-25 14:15:00,C1036,19.78,travel,VN,0,38.63,2,0
T104760,2025-07-25 14:36:00,C1100,4.47,pharmacy,VN,1,7.79,2,0
T103426,2025-07-25 14:48:00,C1365,21.22,restaurant,VN,0,0.18,1,0
T101008,2025-07-25 15:03:00,C1082,58.78,pharmacy,VN,0,9.76,1,0
T104455,2025-07-25 15:33:00,C1372,10.41,fuel,VN,0,6.48,1,0
T105079,2025-07-25 15:38:00,C1188,11.78,electronics,VN,1,1.77,0,0
T103356,2025-07-25 15:47:00,C1148,25.62,clothing,VN,1,55.61,0,0
T102956,2025-07-25 16:04:00,C1235,19.57,grocery,VN,1,1.23,0,0
T103608,2025-07-25 16:24:00,C1137,323.52,gaming,VN,1,0.94,0,0
T102865,2025-07-25 16:32:00,C1233,4.83,gaming,VN,1,1.38,1,0
T105983,2025-07-25 16:36:00,C1346,26.72,fuel,VN,1,5.27,0,0
T101811,2025-07-25 16:40:00,C1379,8.1,pharmacy,VN,1,17.21,1,0
T100238,2025-07-25 16:41:00,C1089,27.09,clothing,VN,0,5.52,1,0
T102875,2025-07-25 16:46:00,C1382,10.22,pharmacy,VN,0,0.78,0,0
T103993,2025-07-25 16:49:00,C1286,17.01,travel,VN,1,0.9,2,0
T101501,2025-07-25 16:56:00,C1115,25.08,gaming,VN,1,0.6,3,0
T103943,2025-07-25 16:56:00,C1142,7.97,fuel,VN,1,43.82,0,0
T103174,2025-07-25 17:29:00,C1175,77.36,clothing,VN,1,1.29,2,0
T105278,2025-07-25 17:34:00,C1041,15.98,travel,VN,1,42.36,1,0
T102143,2025-07-25 17:35:00,C1326,119.33,pharmacy,VN,1,1.21,0,0
T100789,2025-07-25 17:53:00,C1199,109.59,restaurant,VN,1,14.36,3,0
T102368,2025-07-25 17:55:00,C1181,13.62,gaming,JP,0,2.71,0,0
T100061,2025-07-25 18:01:00,C1099,28.5,clothing,VN,0,48.99,1,0
T102060,2025-07-25 18:08:00,C1322,25.13,gaming,VN,1,17.43,0,0
T101656,2025-07-25 18:09:00,C1346,49.19,clothing,VN,0,41.0,0,0
T103336,2025-07-25 18:18:00,C1244,12.61,gaming,VN,1,3.56,1,0
T103494,2025-07-25 18:30:00,C1208,39.54,grocery,VN,1,9.09,0,0
T103313,2025-07-25 18:33:00,C1068,32.8,gaming,VN,0,27.65,0,0
T102511,2025-07-25 18:40:00,C1110,50.68,electronics,VN,0,16.35,0,0
T103353,2025-07-25 18:57:00,C1323,30.04,electronics,VN,1,9.5,1,0
T101395,2025-07-25 18:58:00,C1336,22.66,fuel,VN,1,0.79,1,0
T100483,2025-07-25 19:23:00,C1320,99.8,grocery,VN,1,8.35,0,0
T103359,2025-07-25 19:33:00,C1395,26.04,grocery,VN,1,0.8,0,0
T105265,2025-07-25 19:41:00,C1100,39.48,travel,VN,1,5.74,3,0
T101737,2025-07-25 19:46:00,C1227,5.66,electronics,VN,1,28.04,1,0
T102989,2025-07-25 19:56:00,C1209,58.8,gaming,VN,1,10.26,0,0
T102797,2025-07-25 19:57:00,C1005,15.95,clothing,VN,1,1.37,0,0
T102140,2025-07-25 20:11:00,C1313,18.08,electronics,VN,1,1.85,0,0
T103293,2025-07-25 20:30:00,C1228,5.39,grocery,VN,1,38.52,1,0
T104064,2025-07-25 20:32:00,C1176,20.61,restaurant,VN,1,1.34,1,0
T103878,2025-07-25 20:35:00,C1321,9.58,fuel,VN,1,5.02,0,0
T104053,2025-07-25 20:41:00,C1257,24.06,gaming,VN,1,21.2,1,0
T101173,2025-07-25 21:08:00,C1062,11.35,clothing,VN,1,14.59,0,0
T101770,2025-07-25 21:34:00,C1147,40.4,grocery,VN,1,11.31,0,0
T105789,2025-07-25 21:36:00,C1383,56.36,grocery,VN,1,11.58,0,0
T101481,2025-07-25 22:10:00,C1089,39.08,gaming,VN,1,8.24,0,0
T105205,2025-07-25 22:12:00,C1165,8.56,fuel,VN,1,2.22,1,0
T104109,2025-07-25 22:14:00,C1036,10.65,grocery,VN,0,5.46,0,0
T100653,2025-07-25 22:16:00,C1117,45.96,clothing,VN,1,4.55,0,0
T101359,2025-07-25 22:17:00,C1094,11.41,electronics,VN,1,17.92,0,0
T102687,2025-07-25 22:21:00,C1282,59.17,electronics,GB,0,0.11,6,1
T103510,2025-07-25 23:12:00,C1391,28.43,fuel,VN,0,0.96,0,0
T105684,2025-07-25 23:56:00,C1169,188.67,clothing,VN,1,5.49,1,0
T101525,2025-07-26 01:06:00,C1125,246.79,gaming,VN,0,1.43,0,0
T105043,2025-07-26 01:51:00,C1400,25.18,travel,VN,1,5.56,1,0
T101350,2025-07-26 02:27:00,C1016,65.79,travel,VN,1,1.99,1,0
T104547,2025-07-26 02:31:00,C1273,13.23,gaming,VN,1,4.53,0,0
T101253,2025-07-26 02:35:00,C1302,8.43,grocery,VN,0,1.92,0,0
T104709,2025-07-26 04:22:00,C1339,31.8,electronics,SG,0,0.33,6,1
T105433,2025-07-26 05:04:00,C1300,72.13,gaming,VN,1,2.95,0,0
T100037,2025-07-26 06:00:00,C1203,37.24,fuel,VN,1,3.01,0,0
T100550,2025-07-26 07:17:00,C1074,12.41,grocery,VN,0,3.97,2,0
T105951,2025-07-26 07:51:00,C1038,42.25,gaming,VN,0,4.94,1,0
T102460,2025-07-26 07:54:00,C1197,37.21,restaurant,VN,0,0.43,0,0
T103027,2025-07-26 07:58:00,C1149,91.89,pharmacy,VN,1,1.88,2,0
T101484,2025-07-26 08:09:00,C1263,15.38,pharmacy,VN,1,21.67,2,0
T101104,2025-07-26 08:51:00,C1276,22.24,pharmacy,VN,0,5.4,0,0
T104404,2025-07-26 09:04:00,C1335,29.07,gaming,VN,0,2.32,1,0
T101377,2025-07-26 09:12:00,C1193,34.13,fuel,VN,0,12.87,0,0
T103074,2025-07-26 09:41:00,C1132,17.61,electronics,VN,0,3.53,1,0
T100019,2025-07-26 09:56:00,C1044,27.13,restaurant,VN,1,12.98,0,0
T100485,2025-07-26 10:06:00,C1240,14.35,electronics,VN,0,9.72,1,0
T100784,2025-07-26 10:07:00,C1123,64.1,electronics,VN,1,26.98,0,0
T104215,2025-07-26 10:14:00,C1054,19.3,restaurant,VN,1,7.45,0,0
T104419,2025-07-26 10:21:00,C1199,27.28,clothing,VN,1,14.14,0,0
T103148,2025-07-26 10:23:00,C1309,10.27,gaming,VN,1,7.79,0,0
T105140,2025-07-26 10:25:00,C1381,24.74,gaming,VN,0,2.82,0,0
T103610,2025-07-26 10:33:00,C1018,15.92,pharmacy,VN,0,1.18,0,0
T104002,2025-07-26 10:47:00,C1026,16.29,electronics,GB,1,7.1,1,0
T100590,2025-07-26 10:52:00,C1105,20.87,clothing,VN,1,1.66,1,0
T101941,2025-07-26 11:02:00,C1058,5.77,pharmacy,VN,0,28.8,1,0
T105390,2025-07-26 11:06:00,C1038,12.33,grocery,VN,1,7.77,0,0
T103322,2025-07-26 11:30:00,C1194,60.01,electronics,VN,0,3.26,0,0
T100770,2025-07-26 11:32:00,C1029,20.65,gaming,VN,0,12.86,0,0
T102465,2025-07-26 11:47:00,C1010,24.82,clothing,VN,1,6.6,1,0
T100071,2025-07-26 11:50:00,C1041,30.06,grocery,SG,0,6.41,2,0
T100501,2025-07-26 11:50:00,C1193,14.72,pharmacy,VN,0,5.1,0,0
T105276,2025-07-26 11:56:00,C1093,53.56,pharmacy,VN,0,18.27,1,0
T105465,2025-07-26 12:11:00,C1036,3.72,clothing,VN,1,0.3,0,0
T104531,2025-07-26 12:22:00,C1177,22.12,fuel,VN,1,1.78,1,0
T102479,2025-07-26 12:26:00,C1069,6.22,pharmacy,VN,1,3.57,1,0
T101627,2025-07-26 12:39:00,C1136,23.45,fuel,VN,1,14.71,1,0
T103117,2025-07-26 12:51:00,C1096,49.37,grocery,VN,1,1.76,0,0
T102504,2025-07-26 12:53:00,C1059,70.3,restaurant,VN,1,53.61,2,0
T100508,2025-07-26 12:54:00,C1125,33.95,clothing,VN,1,3.4,0,0
T102382,2025-07-26 13:09:00,C1207,12.55,grocery,VN,1,19.02,1,0
T100810,2025-07-26 13:25:00,C1202,13.53,gaming,VN,0,7.1,0,0
T101034,2025-07-26 13:47:00,C1336,27.18,clothing,VN,1,1.16,0,0
T105663,2025-07-26 13:50:00,C1217,27.88,gaming,VN,1,10.09,3,0
T100988,2025-07-26 13:56:00,C1157,6.28,restaurant,BR,1,13.8,0,0
T101699,2025-07-26 13:57:00,C1204,9.36,fuel,VN,0,2.62,0,0
T103454,2025-07-26 13:58:00,C1354,20.87,fuel,VN,0,4.52,0,0
T103867,2025-07-26 14:18:00,C1285,82.97,travel,VN,0,5.44,0,0
T102281,2025-07-26 14:19:00,C1082,11.17,restaurant,VN,1,18.55,0,0
T100647,2025-07-26 14:26:00,C1150,27.7,travel,VN,1,10.78,0,0
T100524,2025-07-26 14:46:00,C1039,35.82,pharmacy,VN,1,6.15,0,0
T100881,2025-07-26 14:49:00,C1030,173.96,grocery,VN,1,8.13,0,0
T105323,2025-07-26 14:50:00,C1233,20.59,electronics,VN,1,1.55,0,0
T105982,2025-07-26 15:03:00,C1126,7.04,electronics,VN,1,0.92,1,0
T104308,2025-07-26 15:09:00,C1347,20.12,grocery,VN,0,1.86,1,0
T100114,2025-07-26 15:26:00,C1098,19.19,travel,VN,0,6.86,0,0
T103304,2025-07-26 15:37:00,C1123,13.07,travel,VN,1,11.29,0,0
T103989,2025-07-26 15:56:00,C1258,7.2,electronics,VN,1,1.87,1,0
T104151,2025-07-26 16:01:00,C1237,10.66,fuel,VN,1,9.8,0,0
T103613,2025-07-26 16:10:00,C1113,11.16,gaming,VN,0,7.02,0,0
T100038,2025-07-26 16:17:00,C1147,52.92,travel,VN,1,6.35,0,0
T104244,2025-07-26 16:25:00,C1077,14.16,gaming,VN,1,4.48,0,0
T103137,2025-07-26 16:27:00,C1262,53.03,grocery,VN,1,7.91,0,0
T102778,2025-07-26 16:34:00,C1163,5.73,electronics,VN,0,1.34,0,0
T102618,2025-07-26 16:52:00,C1300,11.36,travel,VN,1,3.63,0,0
T102523,2025-07-26 16:56:00,C1308,50.16,fuel,VN,0,11.18,0,0
T103761,2025-07-26 16:57:00,C1336,48.88,clothing,VN,0,1.6,0,0
T105816,2025-07-26 17:07:00,C1323,55.14,clothing,VN,1,4.81,0,0
T100325,2025-07-26 17:08:00,C1232,18.45,travel,VN,1,1.25,2,0
T103463,2025-07-26 17:34:00,C1199,5.82,travel,VN,1,14.9,0,0
T101618,2025-07-26 17:46:00,C1323,27.19,grocery,VN,1,4.05,1,0
T100052,2025-07-26 17:51:00,C1088,32.69,fuel,JP,1,24.25,1,0
T100477,2025-07-26 17:51:00,C1077,13.12,grocery,VN,1,3.14,0,0
T100017,2025-07-26 18:11:00,C1318,20.4,pharmacy,VN,1,1.83,0,0
T104877,2025-07-26 18:23:00,C1396,27.87,pharmacy,VN,1,4.74,0,0
T103677,2025-07-26 18:28:00,C1207,14.63,travel,VN,1,10.95,0,0
T105961,2025-07-26 18:28:00,C1132,6.93,clothing,VN,1,29.34,0,0
T105225,2025-07-26 18:31:00,C1059,39.97,travel,VN,1,12.09,1,0
T101698,2025-07-26 18:33:00,C1302,29.26,electronics,VN,0,7.0,2,0
T103200,2025-07-26 19:19:00,C1334,36.42,restaurant,VN,1,17.21,0,0
T101496,2025-07-26 19:23:00,C1302,124.04,clothing,VN,1,4.44,2,0
T103405,2025-07-26 19:25:00,C1314,26.13,electronics,VN,0,2.44,0,0
T102314,2025-07-26 19:31:00,C1347,16.19,grocery,VN,0,10.18,1,0
T101326,2025-07-26 19:34:00,C1221,26.92,electronics,VN,0,1.91,0,0
T100202,2025-07-26 19:35:00,C1067,20.29,grocery,VN,1,6.5,0,0
T104285,2025-07-26 19:41:00,C1295,3.79,grocery,VN,1,0.87,2,0
T103093,2025-07-26 19:57:00,C1335,31.83,restaurant,VN,0,6.15,3,0
T102548,2025-07-26 20:05:00,C1307,61.29,travel,VN,1,29.73,0,0
T100151,2025-07-26 20:06:00,C1097,15.23,travel,VN,0,4.12,1,0
T104422,2025-07-26 20:12:00,C1131,36.69,clothing,VN,1,2.73,0,0
T104128,2025-07-26 20:13:00,C1102,16.01,pharmacy,VN,0,8.81,1,0
T100480,2025-07-26 20:29:00,C1014,14.2,restaurant,VN,1,0.87,1,0
T100097,2025-07-26 20:39:00,C1265,11.19,electronics,VN,1,5.18,1,0
T100140,2025-07-26 21:02:00,C1378,5.48,restaurant,GB,1,5.49,3,0
T101055,2025-07-26 21:04:00,C1118,19.52,grocery,VN,0,2.13,0,0
T100198,2025-07-26 21:31:00,C1018,14.16,gaming,VN,1,8.02,0,0
T102912,2025-07-26 21:31:00,C1097,46.28,electronics,VN,1,1.4,0,0
T103931,2025-07-26 21:35:00,C1195,40.14,travel,VN,0,11.25,0,0
T100768,2025-07-26 22:02:00,C1281,93.09,electronics,VN,0,0.85,2,0
T105713,2025-07-26 22:18:00,C1251,9.29,fuel,VN,1,3.4,0,0
T100378,2025-07-26 22:31:00,C1242,37.57,gaming,VN,1,2.03,0,0
T101467,2025-07-26 22:58:00,C1341,39.74,gaming,VN,1,3.09,0,0
T104176,2025-07-27 00:17:00,C1378,55.89,grocery,VN,1,9.61,0,0
T101717,2025-07-27 02:40:00,C1114,53.61,travel,NG,1,11.12,0,0
T100630,2025-07-27 03:12:00,C1383,12.05,pharmacy,VN,1,2.2,2,0
T103121,2025-07-27 05:02:00,C1071,9.21,clothing,VN,1,10.14,3,0
T105941,2025-07-27 05:38:00,C1283,24.32,grocery,VN,0,21.4,3,0
T104882,2025-07-27 05:42:00,C1159,70.43,travel,VN,1,4.84,1,0
T105221,2025-07-27 05:46:00,C1264,24.66,gaming,VN,0,15.84,0,0
T101693,2025-07-27 06:15:00,C1298,17.23,electronics,VN,1,2.88,0,0
T104261,2025-07-27 06:32:00,C1062,60.65,clothing,VN,1,13.13,2,0
T100886,2025-07-27 06:50:00,C1353,4.7,travel,VN,1,9.88,2,0
T104229,2025-07-27 07:04:00,C1073,11.27,gaming,VN,1,9.09,3,0
T101599,2025-07-27 07:20:00,C1049,9.84,clothing,VN,1,3.16,0,0
T105520,2025-07-27 07:23:00,C1118,11.42,travel,VN,1,6.73,1,0
T102009,2025-07-27 07:28:00,C1310,45.32,gaming,VN,1,8.4,0,0
T104381,2025-07-27 07:39:00,C1083,8.55,restaurant,VN,1,33.53,0,0
T100655,2025-07-27 07:55:00,C1143,54.65,restaurant,VN,0,1.18,0,0
T103512,2025-07-27 08:06:00,C1396,9.23,restaurant,VN,1,6.8,1,0
T100207,2025-07-27 08:12:00,C1343,19.13,restaurant,VN,0,9.02,2,0
T102268,2025-07-27 08:12:00,C1324,17.33,travel,VN,0,18.03,0,0
T103966,2025-07-27 08:17:00,C1133,28.89,travel,VN,1,1.46,1,0
T105494,2025-07-27 08:17:00,C1237,39.49,grocery,VN,1,52.21,0,0
T102194,2025-07-27 08:28:00,C1365,53.39,clothing,VN,1,19.96,0,0
T104115,2025-07-27 08:54:00,C1308,11.57,travel,VN,1,6.65,1,0
T100933,2025-07-27 09:02:00,C1181,3.01,fuel,VN,1,6.14,1,0
T102503,2025-07-27 09:07:00,C1151,39.42,pharmacy,VN,0,18.62,3,0
T103455,2025-07-27 09:11:00,C1199,55.54,travel,VN,1,4.56,1,0
T102800,2025-07-27 09:43:00,C1058,12.3,gaming,VN,1,16.52,0,0
T103765,2025-07-27 09:47:00,C1198,32.67,grocery,VN,1,1.35,0,0
T101690,2025-07-27 09:50:00,C1326,18.78,grocery,VN,0,13.7,2,0
T102619,2025-07-27 09:57:00,C1124,6.23,travel,VN,0,30.95,1,0
T104134,2025-07-27 10:01:00,C1138,37.98,restaurant,VN,0,59.58,0,0
T105895,2025-07-27 10:29:00,C1336,12.93,grocery,VN,1,9.97,1,0
T105430,2025-07-27 10:30:00,C1008,14.32,electronics,VN,1,15.87,1,0
T100338,2025-07-27 10:51:00,C1394,9.99,clothing,VN,1,132.78,0,0
T103588,2025-07-27 10:53:00,C1025,15.47,electronics,VN,0,6.41,0,0
T103149,2025-07-27 11:00:00,C1128,19.34,clothing,VN,1,3.44,0,0
T103838,2025-07-27 11:11:00,C1341,24.95,gaming,VN,1,10.18,0,0
T104516,2025-07-27 11:27:00,C1249,9.45,pharmacy,VN,1,5.04,1,0
T103568,2025-07-27 11:31:00,C1065,22.57,grocery,US,1,4.2,0,0
T102906,2025-07-27 11:35:00,C1081,9.2,gaming,VN,1,1.51,2,0
T105121,2025-07-27 11:39:00,C1209,35.2,grocery,SG,0,2.52,2,0
T103445,2025-07-27 12:05:00,C1384,22.31,fuel,VN,0,28.9,0,0
T100645,2025-07-27 12:09:00,C1061,37.86,travel,VN,0,9.15,0,0
T104122,2025-07-27 12:23:00,C1024,38.82,gaming,VN,1,24.06,1,0
T101462,2025-07-27 12:39:00,C1046,27.1,fuel,SG,1,10.38,2,0
T102600,2025-07-27 12:44:00,C1043,14.16,pharmacy,VN,1,4.26,1,0
T102393,2025-07-27 12:46:00,C1292,5.11,travel,VN,0,6.92,0,0
T103075,2025-07-27 12:51:00,C1297,11.65,restaurant,VN,0,2.26,0,0
T105415,2025-07-27 12:56:00,C1147,70.01,pharmacy,VN,1,0.67,1,0
T103658,2025-07-27 13:02:00,C1174,39.64,restaurant,VN,1,6.67,0,0
T103349,2025-07-27 13:09:00,C1045,14.21,restaurant,NG,0,1.13,0,0
T103617,2025-07-27 13:23:00,C1398,24.41,electronics,VN,0,44.67,1,0
T104611,2025-07-27 13:30:00,C1064,20.65,restaurant,VN,1,8.58,0,0
T100235,2025-07-27 13:43:00,C1375,47.74,electronics,VN,1,4.82,1,0
T104602,2025-07-27 13:44:00,C1081,144.01,restaurant,VN,1,7.61,0,0
T104032,2025-07-27 13:49:00,C1114,20.36,pharmacy,VN,0,4.61,1,0
T100748,2025-07-27 13:52:00,C1139,6.49,gaming,VN,1,12.97,0,0
T104211,2025-07-27 13:52:00,C1131,11.7,electronics,VN,0,10.96,0,0
T104305,2025-07-27 13:52:00,C1173,2.61,gaming,VN,1,6.39,1,0
T102623,2025-07-27 13:55:00,C1356,6.1,grocery,VN,0,11.83,0,0
T101489,2025-07-27 14:00:00,C1097,23.99,travel,VN,0,6.9,0,0
T101712,2025-07-27 14:06:00,C1219,6.27,pharmacy,VN,0,16.71,0,0
T100147,2025-07-27 14:18:00,C1359,46.63,electronics,VN,1,3.24,0,0
T105403,2025-07-27 14:29:00,C1185,28.95,fuel,VN,0,3.89,0,0
T102494,2025-07-27 14:34:00,C1347,57.44,clothing,VN,1,17.2,0,0
T104150,2025-07-27 14:35:00,C1167,21.74,travel,VN,0,12.64,1,0
T100635,2025-07-27 14:36:00,C1093,3.54,restaurant,VN,1,11.77,1,0
T101504,2025-07-27 14:49:00,C1011,19.87,fuel,VN,0,37.37,0,0
T100811,2025-07-27 14:50:00,C1391,8.49,fuel,VN,1,22.1,0,0
T100427,2025-07-27 14:57:00,C1080,17.06,restaurant,VN,0,0.99,1,0
T105106,2025-07-27 15:00:00,C1146,41.85,clothing,VN,1,2.81,2,0
T104037,2025-07-27 15:03:00,C1210,32.95,fuel,US,1,33.93,0,0
T101266,2025-07-27 15:06:00,C1360,27.85,clothing,VN,1,12.33,0,0
T102864,2025-07-27 15:16:00,C1086,14.09,clothing,VN,1,3.61,2,0
T103236,2025-07-27 15:31:00,C1235,19.71,grocery,VN,1,9.52,2,0
T100440,2025-07-27 15:49:00,C1379,7.24,clothing,VN,1,4.56,0,0
T100819,2025-07-27 16:03:00,C1207,52.27,travel,VN,1,4.74,0,0
T102509,2025-07-27 16:07:00,C1158,4.37,grocery,VN,1,6.49,0,0
T100008,2025-07-27 16:12:00,C1098,10.86,clothing,VN,1,9.44,0,0
T102531,2025-07-27 16:15:00,C1224,8.23,clothing,VN,0,2.44,0,0
T104266,2025-07-27 16:18:00,C1252,29.13,pharmacy,VN,0,9.99,0,0
T101983,2025-07-27 16:36:00,C1077,4.39,travel,VN,1,5.67,0,0
T102279,2025-07-27 16:39:00,C1070,27.13,travel,VN,1,79.89,0,0
T102272,2025-07-27 17:01:00,C1132,58.43,restaurant,VN,0,0.19,0,0
T102988,2025-07-27 17:05:00,C1343,11.02,clothing,VN,0,13.12,0,0
T100410,2025-07-27 17:06:00,C1263,11.41,clothing,VN,1,7.68,0,0
T103553,2025-07-27 17:14:00,C1184,10.53,fuel,VN,1,3.04,0,0
T102162,2025-07-27 17:26:00,C1256,54.36,travel,VN,1,0.28,1,0
T104391,2025-07-27 17:28:00,C1167,19.54,fuel,VN,1,7.08,1,0
T104416,2025-07-27 17:39:00,C1175,24.98,fuel,GB,0,20.44,2,0
T103207,2025-07-27 17:41:00,C1271,24.14,pharmacy,VN,0,3.71,0,0
T104858,2025-07-27 17:41:00,C1204,102.62,gaming,VN,0,50.3,0,0
T103158,2025-07-27 17:48:00,C1076,35.45,electronics,VN,0,1.29,1,0
T104790,2025-07-27 17:57:00,C1150,50.9,travel,VN,1,3.37,0,0
T101351,2025-07-27 17:58:00,C1297,18.5,restaurant,VN,0,15.75,1,0
T100649,2025-07-27 18:09:00,C1059,96.63,electronics,VN,1,3.88,0,0
T100133,2025-07-27 18:21:00,C1267,13.23,clothing,BR,1,4.91,0,0
T103275,2025-07-27 18:29:00,C1285,19.35,gaming,VN,0,5.46,0,0
T102011,2025-07-27 18:33:00,C1087,14.4,fuel,VN,0,7.13,0,0
T105241,2025-07-27 18:37:00,C1321,10.43,grocery,VN,1,5.28,1,0
T105569,2025-07-27 19:09:00,C1160,73.47,travel,GB,0,13.12,0,0
T100595,2025-07-27 19:16:00,C1370,20.86,travel,VN,0,25.56,0,0
T104796,2025-07-27 19:17:00,C1252,73.28,gaming,VN,1,5.32,2,0
T104453,2025-07-27 19:18:00,C1218,23.42,pharmacy,VN,1,42.15,0,0
T100459,2025-07-27 19:22:00,C1390,95.06,grocery,VN,0,153.98,1,0
T100261,2025-07-27 19:24:00,C1133,18.7,grocery,VN,1,6.0,0,0
T100176,2025-07-27 19:30:00,C1180,15.18,restaurant,VN,1,7.76,0,0
T101100,2025-07-27 19:43:00,C1368,3.52,clothing,VN,0,3.18,1,0
T103414,2025-07-27 20:08:00,C1092,7.57,restaurant,VN,0,4.59,1,0
T103808,2025-07-27 20:08:00,C1360,12.68,travel,VN,1,41.9,1,0
T103213,2025-07-27 20:10:00,C1179,34.59,restaurant,VN,1,4.11,1,0
T102780,2025-07-27 20:18:00,C1095,22.36,restaurant,VN,1,3.36,2,0
T102335,2025-07-27 20:20:00,C1013,7.73,fuel,VN,1,11.85,0,0
T103985,2025-07-27 20:26:00,C1323,42.25,restaurant,VN,0,4.76,0,0
T102428,2025-07-27 20:55:00,C1226,17.66,pharmacy,VN,0,3.31,1,0
T101869,2025-07-27 21:00:00,C1021,45.77,electronics,VN,1,2.85,0,0
T100611,2025-07-27 21:02:00,C1221,18.39,electronics,VN,1,19.32,0,0
T103589,2025-07-27 21:24:00,C1279,7.69,travel,VN,0,2.28,0,0
T101387,2025-07-27 21:31:00,C1259,38.82,gaming,VN,1,35.67,0,0
T104860,2025-07-27 22:24:00,C1108,44.31,clothing,VN,1,12.98,0,0
T101778,2025-07-27 23:01:00,C1055,2724.03,electronics,RU,0,0.84,4,1
T101582,2025-07-28 01:24:00,C1195,25.16,pharmacy,VN,0,10.59,0,0
T104726,2025-07-28 02:03:00,C1223,32.85,pharmacy,VN,1,2.39,0,0
T102324,2025-07-28 02:04:00,C1345,49.5,travel,VN,0,0.51,0,0
T100144,2025-07-28 03:18:00,C1117,30.54,grocery,SG,0,139.69,0,0
T101537,2025-07-28 03:40:00,C1144,3.78,gaming,VN,1,30.1,2,0
T104981,2025-07-28 03:40:00,C1132,15.71,pharmacy,VN,0,5.36,0,0
T105533,2025-07-28 05:05:00,C1286,6.81,grocery,SG,1,104.18,0,0
T105255,2025-07-28 05:54:00,C1062,8.55,electronics,VN,1,59.64,0,0
T105656,2025-07-28 06:00:00,C1397,22.01,restaurant,VN,1,18.98,0,0
T101098,2025-07-28 07:01:00,C1264,36.49,clothing,VN,0,7.01,0,0
T105260,2025-07-28 07:02:00,C1050,16.49,pharmacy,VN,1,16.79,0,0
T105091,2025-07-28 07:13:00,C1280,37.44,clothing,VN,0,4.26,2,0
T104076,2025-07-28 07:17:00,C1099,8.54,fuel,VN,0,0.95,1,0
T101291,2025-07-28 07:29:00,C1196,102.6,pharmacy,VN,1,4.17,0,0
T105471,2025-07-28 07:43:00,C1056,22.35,grocery,VN,0,1.61,2,0
T102089,2025-07-28 07:53:00,C1391,18.83,electronics,VN,1,1.3,0,0
T105461,2025-07-28 08:10:00,C1124,22.94,pharmacy,VN,1,6.13,0,0
T100437,2025-07-28 08:11:00,C1044,63.16,pharmacy,VN,1,4.41,0,0
T104328,2025-07-28 08:13:00,C1115,14.71,grocery,VN,1,2.35,1,0
T100975,2025-07-28 08:14:00,C1232,11.73,fuel,VN,0,11.86,2,0
T103841,2025-07-28 08:56:00,C1179,5.3,travel,VN,1,15.27,1,0
T102976,2025-07-28 08:58:00,C1185,27.47,restaurant,VN,0,8.03,0,0
T100591,2025-07-28 09:01:00,C1342,12.6,restaurant,VN,1,17.24,0,0
T103282,2025-07-28 09:15:00,C1120,14.85,clothing,VN,1,111.25,0,0
T104441,2025-07-28 09:19:00,C1260,18.58,gaming,VN,1,0.9,3,0
T102321,2025-07-28 09:35:00,C1060,30.72,gaming,VN,1,102.03,1,0
T102401,2025-07-28 09:36:00,C1260,9.78,gaming,VN,0,17.68,0,0
T103330,2025-07-28 09:42:00,C1060,13.93,pharmacy,VN,1,30.91,0,0
T101542,2025-07-28 09:45:00,C1387,39.78,pharmacy,VN,1,5.59,0,0
T101541,2025-07-28 10:01:00,C1126,58.85,fuel,VN,0,19.54,0,0
T105518,2025-07-28 10:02:00,C1375,12.78,grocery,VN,0,10.92,0,0
T102091,2025-07-28 10:05:00,C1058,10.63,gaming,NG,1,1.96,0,0
T101857,2025-07-28 10:11:00,C1049,26.36,restaurant,VN,1,21.08,0,0
T100482,2025-07-28 10:13:00,C1222,31.57,restaurant,VN,0,15.3,0,0
T105330,2025-07-28 10:14:00,C1164,36.05,electronics,VN,1,3.5,3,0
T105388,2025-07-28 10:41:00,C1136,8.74,restaurant,VN,1,2.19,0,0
T101990,2025-07-28 10:58:00,C1252,77.83,gaming,VN,0,12.61,0,0
T102217,2025-07-28 11:10:00,C1078,3.7,pharmacy,VN,0,17.11,0,0
T103176,2025-07-28 11:12:00,C1106,16.07,travel,VN,1,79.23,0,0
T100785,2025-07-28 11:15:00,C1241,16.17,travel,BR,1,7.57,0,0
T103418,2025-07-28 11:18:00,C1031,15.83,electronics,VN,1,2.84,1,0
T100742,2025-07-28 11:34:00,C1269,97.78,electronics,JP,1,1.24,0,0
T101722,2025-07-28 11:38:00,C1117,30.73,pharmacy,VN,1,8.18,0,0
T101523,2025-07-28 11:50:00,C1143,36.1,clothing,VN,1,22.51,0,0
T102311,2025-07-28 11:50:00,C1276,31.33,electronics,VN,1,5.71,2,0
T104439,2025-07-28 12:01:00,C1136,4.0,fuel,VN,1,1.13,1,0
T105692,2025-07-28 12:10:00,C1011,32.48,fuel,VN,1,2.6,1,0
T101311,2025-07-28 12:14:00,C1267,58.75,clothing,VN,0,143.7,1,0
T103234,2025-07-28 12:42:00,C1092,8.81,pharmacy,VN,1,14.73,0,0
T102497,2025-07-28 13:02:00,C1278,107.16,pharmacy,VN,1,3.46,0,0
T104461,2025-07-28 13:10:00,C1377,24.87,travel,NG,0,0.5,0,0
T102715,2025-07-28 13:21:00,C1306,20.33,pharmacy,VN,0,2.71,0,0
T101834,2025-07-28 13:26:00,C1388,30.41,fuel,VN,1,2.29,1,0
T104294,2025-07-28 13:32:00,C1033,4.01,restaurant,VN,1,4.89,0,0
T100108,2025-07-28 13:55:00,C1251,48.44,gaming,RU,1,18.6,0,0
T100214,2025-07-28 14:20:00,C1187,10.07,grocery,VN,0,4.19,0,0
T100170,2025-07-28 14:24:00,C1177,24.57,grocery,VN,0,43.1,0,0
T104042,2025-07-28 14:29:00,C1388,59.73,travel,VN,1,10.64,0,0
T104702,2025-07-28 14:40:00,C1238,18.96,pharmacy,VN,1,2.68,2,0
T102351,2025-07-28 14:41:00,C1288,68.1,fuel,VN,1,6.32,0,0
T104662,2025-07-28 14:45:00,C1338,23.87,fuel,VN,0,2.79,0,0
T105090,2025-07-28 15:00:00,C1179,49.68,gaming,VN,0,3.02,0,0
T100950,2025-07-28 15:04:00,C1275,22.56,restaurant,VN,0,24.28,0,0
T100219,2025-07-28 15:11:00,C1329,12.14,gaming,VN,1,4.94,0,0
T104987,2025-07-28 15:21:00,C1131,26.12,gaming,VN,0,35.54,0,0
T103991,2025-07-28 15:24:00,C1142,10.14,fuel,VN,0,28.09,0,0
T102417,2025-07-28 15:28:00,C1030,13.7,restaurant,VN,1,3.83,0,0
T101223,2025-07-28 15:30:00,C1025,7.03,grocery,VN,0,18.73,0,0
T102450,2025-07-28 15:30:00,C1001,24.35,fuel,JP,1,8.89,1,0
T101719,2025-07-28 15:39:00,C1131,30.46,travel,VN,1,4.5,0,0
T101046,2025-07-28 15:44:00,C1244,41.49,fuel,VN,1,6.44,2,0
T101087,2025-07-28 15:45:00,C1227,3.66,electronics,VN,0,1.86,0,0
T103953,2025-07-28 15:50:00,C1395,2.3,gaming,VN,1,10.32,0,0
T104900,2025-07-28 15:54:00,C1269,35.05,clothing,VN,1,2.66,1,0
T105057,2025-07-28 16:06:00,C1259,93.69,restaurant,VN,1,4.02,0,0
T105450,2025-07-28 16:28:00,C1167,44.81,pharmacy,VN,0,2.49,0,0
T104901,2025-07-28 16:36:00,C1104,4.85,clothing,VN,1,39.69,0,0
T102755,2025-07-28 16:41:00,C1131,82.7,clothing,VN,1,1.54,0,0
T101611,2025-07-28 16:51:00,C1124,37.71,travel,VN,1,44.22,0,0
T103211,2025-07-28 17:00:00,C1014,39.23,clothing,VN,1,2.15,0,0
T103876,2025-07-28 17:06:00,C1011,22.86,restaurant,VN,1,15.42,0,0
T105357,2025-07-28 17:11:00,C1069,5.33,grocery,NG,1,3.17,3,0
T104274,2025-07-28 17:29:00,C1048,22.75,gaming,VN,1,21.31,0,0
T101342,2025-07-28 17:44:00,C1165,33.91,grocery,VN,0,16.66,0,0
T102206,2025-07-28 17:51:00,C1211,16.26,grocery,VN,1,5.05,0,0
T100422,2025-07-28 17:54:00,C1195,2.26,travel,VN,1,8.14,0,0
T105893,2025-07-28 17:54:00,C1093,19.03,fuel,VN,1,8.13,1,0
T100296,2025-07-28 18:09:00,C1278,34.32,travel,VN,1,8.33,1,0
T104842,2025-07-28 18:18:00,C1168,29.11,electronics,VN,0,7.1,1,0
T105002,2025-07-28 18:18:00,C1018,17.67,gaming,VN,1,8.64,0,0
T101559,2025-07-28 18:19:00,C1062,17.87,pharmacy,VN,1,18.97,0,0
T102203,2025-07-28 18:21:00,C1257,14.41,electronics,VN,0,10.08,1,0
T104983,2025-07-28 18:31:00,C1235,56.87,travel,US,1,9.29,2,0
T105768,2025-07-28 18:36:00,C1176,35.47,gaming,VN,0,16.58,0,0
T100491,2025-07-28 18:45:00,C1122,15.7,gaming,VN,1,2.88,1,0
T104016,2025-07-28 18:55:00,C1090,11.72,travel,VN,1,22.83,0,0
T101353,2025-07-28 19:23:00,C1139,4.18,pharmacy,VN,1,5.45,0,0
T102373,2025-07-28 19:54:00,C1073,63.96,grocery,VN,0,16.08,0,0
T101334,2025-07-28 20:06:00,C1003,8.81,restaurant,VN,1,16.52,0,0
T105266,2025-07-28 20:34:00,C1107,29.5,clothing,VN,1,21.96,0,0
T104156,2025-07-28 20:57:00,C1036,6.9,travel,VN,1,24.05,1,0
T103432,2025-07-28 21:55:00,C1247,20.92,grocery,VN,1,20.4,1,0
T105424,2025-07-28 23:27:00,C1360,4.39,fuel,VN,0,12.11,0,0
T103823,2025-07-28 23:30:00,C1350,154.34,gaming,US,0,0.34,1,1
T105343,2025-07-28 23:33:00,C1210,8.1,grocery,VN,1,8.69,1,0
T105423,2025-07-28 23:56:00,C1209,16.77,grocery,VN,0,18.14,1,0
T100712,2025-07-28 23:58:00,C1214,8.51,pharmacy,VN,1,4.35,0,0
T100701,2025-07-29 03:04:00,C1143,34.81,grocery,VN,0,4.66,1,0
T103342,2025-07-29 03:29:00,C1129,22.49,fuel,VN,1,16.28,1,0
T100055,2025-07-29 05:19:00,C1269,3.94,gaming,VN,1,0.96,1,0
T102021,2025-07-29 05:35:00,C1135,22.0,fuel,VN,0,4.15,0,0
T101199,2025-07-29 05:46:00,C1308,22.29,electronics,VN,1,87.97,1,0
T105318,2025-07-29 06:04:00,C1391,5.93,travel,VN,1,27.28,0,0
T101329,2025-07-29 06:09:00,C1260,45.85,grocery,VN,1,21.17,2,0
T105946,2025-07-29 06:47:00,C1364,6.62,grocery,VN,1,10.27,2,0
T104005,2025-07-29 07:31:00,C1312,38.05,gaming,VN,1,2.5,2,0
T102200,2025-07-29 08:08:00,C1071,7.9,restaurant,VN,1,21.1,1,0
T105095,2025-07-29 08:17:00,C1163,37.07,gaming,VN,1,10.03,0,0
T103935,2025-07-29 08:40:00,C1381,112.15,pharmacy,VN,1,3.91,0,0
T103874,2025-07-29 08:43:00,C1034,54.3,fuel,VN,0,2.92,0,0
T105096,2025-07-29 08:47:00,C1383,4.03,pharmacy,RU,0,17.58,1,0
T102243,2025-07-29 08:50:00,C1368,9.01,gaming,VN,0,6.72,0,0
T102622,2025-07-29 08:50:00,C1118,22.11,fuel,VN,1,2.47,1,0
T103779,2025-07-29 09:08:00,C1371,35.91,gaming,VN,0,3.78,0,0
T104656,2025-07-29 09:19:00,C1002,9.6,travel,VN,1,33.59,0,0
T102111,2025-07-29 09:26:00,C1014,32.29,travel,VN,0,5.02,1,0
T101420,2025-07-29 09:29:00,C1311,24.41,clothing,VN,1,16.75,2,0
T100746,2025-07-29 09:32:00,C1346,46.69,grocery,VN,0,6.85,0,0
T101296,2025-07-29 09:34:00,C1063,19.78,electronics,VN,0,4.53,1,0
T104157,2025-07-29 09:34:00,C1109,204.72,travel,VN,1,16.19,0,0
T103408,2025-07-29 09:42:00,C1208,26.08,grocery,VN,1,17.54,0,0
T104654,2025-07-29 09:48:00,C1270,82.28,fuel,VN,0,23.35,1,0
T102745,2025-07-29 09:59:00,C1145,30.83,grocery,VN,1,3.62,1,0
T103756,2025-07-29 10:06:00,C1206,41.15,clothing,VN,1,0.36,1,0
T100449,2025-07-29 10:58:00,C1224,25.94,electronics,VN,0,4.37,0,0
T105740,2025-07-29 11:03:00,C1008,14.69,electronics,VN,1,4.9,1,0
T104641,2025-07-29 11:09:00,C1013,19.69,travel,VN,1,1.71,0,0
T105406,2025-07-29 11:26:00,C1228,26.78,electronics,VN,1,3.68,1,0
T104110,2025-07-29 11:29:00,C1365,6.41,electronics,VN,1,8.89,1,0
T105021,2025-07-29 11:31:00,C1012,107.86,fuel,VN,1,3.77,0,0
T105912,2025-07-29 11:31:00,C1146,41.55,clothing,VN,0,1.27,0,0
T102872,2025-07-29 12:07:00,C1186,11.01,restaurant,VN,1,4.76,2,0
T101332,2025-07-29 12:12:00,C1070,18.96,fuel,VN,1,11.43,2,0
T104271,2025-07-29 12:15:00,C1070,42.8,restaurant,VN,1,4.19,0,0
T105914,2025-07-29 12:16:00,C1120,3.77,fuel,VN,0,1.1,0,0
T100995,2025-07-29 12:23:00,C1167,29.62,fuel,VN,0,6.71,0,0
T100759,2025-07-29 12:26:00,C1143,10.96,pharmacy,VN,1,7.85,1,0
T101299,2025-07-29 12:41:00,C1220,136.58,restaurant,VN,0,3.85,0,0
T103585,2025-07-29 12:43:00,C1052,26.19,gaming,VN,0,2.87,0,0
T104193,2025-07-29 12:58:00,C1069,18.85,clothing,VN,0,0.61,1,0
T100976,2025-07-29 13:00:00,C1086,25.59,electronics,VN,1,11.17,0,0
T101385,2025-07-29 13:15:00,C1038,28.92,electronics,RU,1,8.39,0,0
T102403,2025-07-29 13:40:00,C1352,15.36,fuel,VN,1,11.94,0,0
T103386,2025-07-29 13:47:00,C1204,26.86,electronics,VN,1,16.06,1,0
T105328,2025-07-29 14:13:00,C1279,37.94,grocery,VN,1,27.14,1,0
T105228,2025-07-29 14:31:00,C1049,52.65,travel,VN,1,12.1,0,0
T103725,2025-07-29 14:33:00,C1310,102.11,travel,VN,0,14.3,1,0
T102204,2025-07-29 15:07:00,C1136,43.03,electronics,VN,0,22.41,0,0
T102741,2025-07-29 15:19:00,C1271,114.96,restaurant,VN,1,15.85,0,0
T101234,2025-07-29 15:26:00,C1054,30.87,fuel,VN,1,6.06,0,0
T101749,2025-07-29 15:27:00,C1360,18.08,restaurant,VN,1,8.28,1,0
T101634,2025-07-29 15:28:00,C1331,19.71,clothing,VN,1,57.47,0,0
T105829,2025-07-29 15:28:00,C1240,37.52,fuel,VN,0,6.35,0,0
T104491,2025-07-29 15:32:00,C1220,10.59,gaming,VN,1,2.09,0,0
T103453,2025-07-29 16:01:00,C1035,29.0,electronics,RU,0,1.08,5,1
T100227,2025-07-29 16:09:00,C1050,48.09,fuel,VN,0,26.17,0,0
T103298,2025-07-29 16:12:00,C1278,14.44,pharmacy,VN,0,13.15,0,0
T105882,2025-07-29 16:19:00,C1027,38.84,clothing,VN,1,7.47,0,0
T105905,2025-07-29 16:21:00,C1265,67.99,fuel,JP,0,14.24,0,0
T100039,2025-07-29 16:25:00,C1157,12.13,clothing,VN,0,18.47,0,0
T102568,2025-07-29 16:26:00,C1228,41.91,pharmacy,VN,1,10.27,0,0
T102942,2025-07-29 16:36:00,C1023,9.51,grocery,VN,0,3.01,1,0
T100828,2025-07-29 17:03:00,C1258,19.88,restaurant,VN,1,92.62,0,0
T101677,2025-07-29 17:07:00,C1385,93.82,grocery,VN,1,7.32,1,0
T101948,2025-07-29 17:17:00,C1034,85.03,restaurant,VN,1,8.59,0,0
T105792,2025-07-29 17:32:00,C1340,56.75,clothing,VN,1,8.92,0,0
T104558,2025-07-29 17:34:00,C1069,45.9,travel,VN,1,12.25,1,0
T101060,2025-07-29 17:54:00,C1308,48.37,travel,VN,0,1.69,1,0
T101836,2025-07-29 17:57:00,C1116,19.7,electronics,VN,1,194.42,2,0
T104923,2025-07-29 17:57:00,C1213,5.33,fuel,VN,0,16.79,0,0
T105727,2025-07-29 18:18:00,C1380,31.91,clothing,VN,0,6.17,1,0
T101320,2025-07-29 18:21:00,C1060,17.08,clothing,VN,0,16.26,1,0
T100173,2025-07-29 18:38:00,C1162,11.71,clothing,VN,1,2.2,1,0
T101958,2025-07-29 18:38:00,C1076,39.62,electronics,VN,1,2.37,0,0
T100081,2025-07-29 19:01:00,C1086,11.15,electronics,VN,1,6.17,0,0
T101709,2025-07-29 19:06:00,C1189,36.0,grocery,VN,1,1.81,0,0
T102163,2025-07-29 19:10:00,C1335,24.7,travel,VN,1,4.88,2,0
T101048,2025-07-29 19:13:00,C1223,21.18,gaming,VN,1,19.09,1,0
T105361,2025-07-29 19:17:00,C1020,9.57,electronics,VN,0,5.95,0,0
T104081,2025-07-29 19:28:00,C1273,20.83,travel,VN,1,3.69,0,0
T104030,2025-07-29 19:38:00,C1279,37.39,travel,VN,0,2.88,0,0
T105349,2025-07-29 19:38:00,C1187,12.87,pharmacy,VN,0,4.76,2,0
T104279,2025-07-29 19:40:00,C1196,32.34,restaurant,VN,1,3.97,1,0
T100462,2025-07-29 19:43:00,C1061,22.46,gaming,VN,1,2.07,1,0
T104926,2025-07-29 19:46:00,C1259,108.2,fuel,VN,0,4.29,0,0
T105346,2025-07-29 19:57:00,C1367,12.88,pharmacy,VN,0,6.65,0,0
T105024,2025-07-29 20:01:00,C1296,105.62,electronics,GB,0,0.34,2,1
T101628,2025-07-29 20:09:00,C1306,43.19,grocery,VN,0,12.21,0,0
T101376,2025-07-29 20:18:00,C1212,13.89,grocery,VN,1,2.76,0,0
T100136,2025-07-29 20:22:00,C1116,14.22,travel,VN,1,23.12,1,0
T100761,2025-07-29 20:24:00,C1013,36.95,grocery,VN,0,10.65,0,0
T103842,2025-07-29 20:27:00,C1206,26.15,pharmacy,VN,1,25.57,2,0
T100062,2025-07-29 20:42:00,C1180,9.38,electronics,VN,1,15.56,0,0
T101001,2025-07-29 21:02:00,C1331,19.01,grocery,VN,0,6.28,1,0
T104142,2025-07-29 21:10:00,C1100,5.28,travel,VN,1,4.16,1,0
T104541,2025-07-29 21:10:00,C1257,53.47,restaurant,VN,1,11.81,0,0
T101855,2025-07-29 21:15:00,C1079,30.85,pharmacy,VN,1,1.55,0,0
T101905,2025-07-29 21:54:00,C1013,49.81,grocery,VN,0,6.89,1,0
T100972,2025-07-29 22:07:00,C1276,24.88,gaming,VN,1,22.38,3,0
T105256,2025-07-29 22:33:00,C1207,32.93,clothing,VN,0,23.14,1,0
T104306,2025-07-30 02:15:00,C1020,25.93,restaurant,JP,1,19.76,1,0
T100029,2025-07-30 04:11:00,C1118,25.01,grocery,VN,0,9.1,0,0
T104912,2025-07-30 04:41:00,C1154,34.47,fuel,VN,0,14.33,0,0
T105885,2025-07-30 05:24:00,C1153,83.63,clothing,VN,1,15.41,0,0
T100568,2025-07-30 06:36:00,C1331,10.08,fuel,VN,1,0.4,0,0
T104846,2025-07-30 06:36:00,C1374,53.8,travel,VN,1,78.12,0,0
T105570,2025-07-30 06:46:00,C1233,18.23,restaurant,VN,1,8.63,1,0
T101009,2025-07-30 07:32:00,C1191,17.32,gaming,VN,1,5.67,1,0
T101207,2025-07-30 07:34:00,C1008,8.38,travel,VN,1,1.81,0,0
T101186,2025-07-30 08:05:00,C1185,25.38,pharmacy,VN,1,0.78,0,0
T104529,2025-07-30 08:27:00,C1349,54.7,restaurant,VN,1,3.22,1,0
T105970,2025-07-30 08:45:00,C1400,33.8,grocery,VN,0,3.73,1,0
T101856,2025-07-30 08:47:00,C1329,44.49,gaming,VN,1,11.78,1,0
T100259,2025-07-30 08:53:00,C1286,8.69,grocery,VN,1,6.89,0,0
T100503,2025-07-30 08:58:00,C1203,8.63,electronics,SG,0,7.27,1,0
T103451,2025-07-30 09:00:00,C1101,16.3,electronics,VN,1,12.77,0,0
T104755,2025-07-30 09:04:00,C1123,52.03,gaming,VN,0,3.03,1,0
T101213,2025-07-30 09:08:00,C1147,25.94,restaurant,VN,1,1.82,2,0
T102003,2025-07-30 09:19:00,C1209,32.88,electronics,RU,1,5.77,0,0
T101792,2025-07-30 09:25:00,C1076,62.75,travel,RU,1,1.79,0,0
T101058,2025-07-30 09:34:00,C1129,28.27,electronics,VN,0,11.71,2,0
T101371,2025-07-30 09:58:00,C1305,22.49,electronics,VN,1,3.47,0,0
T100745,2025-07-30 10:05:00,C1196,16.52,gaming,VN,1,6.55,0,0
T100646,2025-07-30 10:11:00,C1174,23.09,grocery,JP,1,0.4,0,0
T102874,2025-07-30 10:23:00,C1307,36.13,pharmacy,GB,0,19.88,0,0
T105858,2025-07-30 10:30:00,C1295,14.23,gaming,VN,1,5.23,1,0
T105447,2025-07-30 10:40:00,C1105,9.55,fuel,VN,1,2.39,2,0
T103674,2025-07-30 10:50:00,C1043,38.41,electronics,BR,1,5.51,0,0
T102696,2025-07-30 11:11:00,C1394,48.92,restaurant,VN,1,2.36,0,0
T100228,2025-07-30 11:16:00,C1165,307.56,gaming,VN,0,0.22,4,1
T104992,2025-07-30 11:26:00,C1045,28.29,electronics,VN,0,8.62,0,0
T102598,2025-07-30 11:35:00,C1211,24.03,fuel,VN,0,12.69,0,0
T101056,2025-07-30 11:46:00,C1199,3.28,grocery,VN,1,1.05,0,0
T101225,2025-07-30 12:11:00,C1323,2.59,fuel,VN,1,7.56,1,0
T100461,2025-07-30 12:12:00,C1243,15.58,pharmacy,VN,1,11.3,0,0
T100836,2025-07-30 12:14:00,C1240,5.5,clothing,VN,1,12.91,1,0
T102468,2025-07-30 12:21:00,C1263,54.89,gaming,VN,0,9.6,0,0
T101412,2025-07-30 12:25:00,C1097,296.9,travel,VN,0,8.38,1,0
T104657,2025-07-30 12:45:00,C1382,54.18,gaming,VN,0,5.36,1,0
T105844,2025-07-30 13:09:00,C1376,16.81,travel,RU,0,13.59,0,0
T105366,2025-07-30 13:18:00,C1376,19.89,fuel,VN,1,16.05,0,0
T105289,2025-07-30 13:30:00,C1322,21.16,electronics,VN,1,17.07,0,0
T100064,2025-07-30 13:31:00,C1126,33.28,pharmacy,VN,0,7.38,0,0
T100166,2025-07-30 13:31:00,C1158,26.93,gaming,VN,0,4.68,1,0
T101713,2025-07-30 13:38:00,C1182,62.29,fuel,VN,0,2.69,0,0
T101838,2025-07-30 13:47:00,C1001,23.35,travel,VN,1,7.45,1,0
T102884,2025-07-30 13:50:00,C1119,14.49,gaming,VN,0,7.41,0,0
T101137,2025-07-30 14:35:00,C1342,10.32,fuel,VN,0,2.43,2,0
T103239,2025-07-30 14:40:00,C1218,43.1,travel,VN,0,9.48,0,0
T102057,2025-07-30 14:56:00,C1193,4.91,clothing,NG,0,1.49,1,0
T100854,2025-07-30 14:57:00,C1360,37.28,travel,VN,1,12.21,0,0
T102065,2025-07-30 15:31:00,C1132,17.7,travel,VN,0,1.47,0,0
T105466,2025-07-30 16:25:00,C1057,65.66,clothing,VN,1,13.14,1,0
T102502,2025-07-30 16:38:00,C1111,17.66,travel,VN,1,1.0,1,0
T101283,2025-07-30 16:40:00,C1071,4.4,restaurant,NG,1,8.86,0,0
T102499,2025-07-30 16:41:00,C1316,11.76,travel,VN,0,9.94,0,0
T105003,2025-07-30 16:41:00,C1358,14.58,pharmacy,VN,1,12.0,1,0
T103262,2025-07-30 16:43:00,C1217,40.58,fuel,VN,0,16.02,0,0
T100662,2025-07-30 16:44:00,C1295,10.32,clothing,VN,1,17.2,0,0
T105924,2025-07-30 16:55:00,C1290,25.28,grocery,VN,1,95.0,0,0
T102682,2025-07-30 17:13:00,C1291,59.63,clothing,VN,0,6.5,3,0
T104766,2025-07-30 17:28:00,C1081,14.75,pharmacy,VN,1,16.15,2,0
T104624,2025-07-30 17:31:00,C1398,22.9,fuel,VN,0,5.03,0,0
T101985,2025-07-30 17:45:00,C1174,40.13,clothing,VN,1,5.75,0,0
T102005,2025-07-30 17:52:00,C1246,4.23,fuel,VN,0,2.52,0,0
T101617,2025-07-30 18:08:00,C1078,16.68,travel,VN,1,2.67,2,0
T100959,2025-07-30 18:15:00,C1144,25.62,gaming,VN,1,7.9,0,0
T104445,2025-07-30 18:31:00,C1147,23.29,electronics,VN,0,2.66,0,0
T102350,2025-07-30 18:35:00,C1331,15.98,travel,VN,1,8.08,0,0
T104601,2025-07-30 18:37:00,C1046,23.17,gaming,VN,0,2.86,0,0
T101089,2025-07-30 18:38:00,C1012,19.74,travel,VN,0,21.64,3,0
T100637,2025-07-30 18:44:00,C1342,17.84,electronics,VN,0,4.65,0,0
T105546,2025-07-30 18:46:00,C1275,62.37,grocery,VN,1,0.48,0,0
T104513,2025-07-30 18:49:00,C1139,76.11,electronics,VN,1,8.21,1,0
T102177,2025-07-30 18:50:00,C1173,15.51,fuel,VN,0,12.68,1,0
T102958,2025-07-30 18:52:00,C1188,5.83,fuel,GB,1,0.88,0,0
T105762,2025-07-30 19:16:00,C1329,58.43,pharmacy,VN,0,4.58,2,0
T102353,2025-07-30 19:28:00,C1339,23.72,travel,RU,1,2.93,1,0
T105745,2025-07-30 19:54:00,C1058,10.98,grocery,SG,0,2.32,0,0
T100913,2025-07-30 20:10:00,C1149,7.3,fuel,VN,0,15.86,2,0
T100773,2025-07-30 20:11:00,C1293,18.78,clothing,VN,1,2.13,2,0
T105080,2025-07-30 20:24:00,C1191,24.1,fuel,VN,1,14.11,2,0
T104078,2025-07-30 20:43:00,C1029,9.72,fuel,VN,0,114.46,0,0
T101881,2025-07-30 20:57:00,C1036,87.55,clothing,VN,1,11.92,0,0
T103111,2025-07-30 21:59:00,C1254,18.23,fuel,VN,0,11.23,0,0
T104302,2025-07-30 22:27:00,C1137,14.44,restaurant,VN,0,7.56,1,0
T103417,2025-07-30 22:57:00,C1125,15.8,clothing,VN,1,3.61,0,0
T104495,2025-07-30 23:04:00,C1336,22.13,electronics,VN,0,3.88,2,0
T101780,2025-07-30 23:25:00,C1373,15.79,electronics,VN,1,1.12,1,0
T104392,2025-07-30 23:30:00,C1294,7.01,restaurant,VN,1,4.02,1,0
